time,Gap_leftedge,Gap_rightedge,Gap_gap,LT_x,LT_y,LT_z
0.000000000000000000e+00,2.996999999999999886e+00,7.915000000000000036e+00,4.918000000000000149e+00,-7.850616604699999357e+01,4.996571812111999975e+02,2.299876702819999963e+01
8.999999999999999320e-03,3.009999999999999787e+00,7.966000000000000192e+00,4.956000000000000405e+00,-7.850526731059991903e+01,4.996572293350999985e+02,2.299786705250000196e+01
1.000000000000000021e-02,3.014222222222222136e+00,7.972999999999999865e+00,4.958777777777777729e+00,-7.850516745099990601e+01,4.996572346821999986e+02,2.299776705520000064e+01
1.799999999999999864e-02,3.048000000000000043e+00,8.028999999999999915e+00,4.980999999999999872e+00,-7.850596632779998174e+01,4.996571919053999977e+02,2.299856703360000054e+01
2.000000000000000042e-02,3.051111111111111107e+00,8.034333333333332661e+00,4.983222222222222442e+00,-7.850616604699999357e+01,4.996571812111999975e+02,2.299876702819999963e+01
2.699999999999999969e-02,3.061999999999999833e+00,8.053000000000000824e+00,4.990999999999999659e+00,-7.850546702979993086e+01,4.996572186408999983e+02,2.299806704710000105e+01
2.999999999999999889e-02,3.061333333333333240e+00,8.062000000000001165e+00,5.000666666666666593e+00,-7.850516745099990601e+01,4.996572346821999986e+02,2.299776705520000064e+01
3.599999999999999728e-02,3.060000000000000053e+00,8.080000000000000071e+00,5.019999999999999574e+00,-7.850456842659995971e+01,4.996572688815999754e+02,2.299776706779999813e+01
4.000000000000000083e-02,3.086000000000000298e+00,8.111500000000001265e+00,5.025500000000000078e+00,-7.850416907700000024e+01,4.996572916811999789e+02,2.299776707619999883e+01
4.399999999999999745e-02,3.112000000000000099e+00,8.143000000000000682e+00,5.030999999999999694e+00,-7.850456842659995971e+01,4.996572688815999754e+02,2.299776706779999813e+01
5.000000000000000278e-02,3.146666666666666945e+00,8.185000000000000497e+00,5.038333333333333108e+00,-7.850516745099990601e+01,4.996572346821999986e+02,2.299776705520000064e+01
5.299999999999999850e-02,3.164000000000000146e+00,8.205999999999999517e+00,5.041999999999999815e+00,-7.850516745099990601e+01,4.996572346821999986e+02,2.299776705520000064e+01
5.999999999999999778e-02,3.153111111111110976e+00,8.205999999999999517e+00,5.052888888888888985e+00,-7.850516745099990601e+01,4.996572346821999986e+02,2.299776705520000064e+01
6.199999999999999956e-02,3.149999999999999911e+00,8.205999999999999517e+00,5.056000000000000050e+00,-7.850516745099990601e+01,4.996572346821999986e+02,2.299776705520000064e+01
7.000000000000000666e-02,3.149999999999999911e+00,8.208999999999999631e+00,5.059000000000000163e+00,-7.850516745099990601e+01,4.996572346821999986e+02,2.299776705520000064e+01
7.900000000000000078e-02,3.150999999999999801e+00,8.236000000000000654e+00,5.084999999999999964e+00,-7.850426891439998656e+01,4.996572859812999923e+02,2.299776707410000043e+01
8.000000000000000167e-02,3.150999999999999801e+00,8.238444444444445125e+00,5.087444444444444436e+00,-7.850416907700000024e+01,4.996572916811999789e+02,2.299776707619999883e+01
8.799999999999999489e-02,3.150999999999999801e+00,8.257999999999999119e+00,5.107000000000000206e+00,-7.850416889939999976e+01,4.996572888587999728e+02,2.299696708100000109e+01
8.999999999999999667e-02,3.157249999999999890e+00,8.270749999999999602e+00,5.113500000000000156e+00,-7.850416885500000319e+01,4.996572881531999997e+02,2.299676708220000165e+01
9.600000000000000200e-02,3.176000000000000156e+00,8.308999999999999275e+00,5.133000000000000007e+00,-7.850476801259993920e+01,4.996572560705999990e+02,2.299736706600000247e+01
1.000000000000000056e-01,3.187555555555555475e+00,8.330777777777777615e+00,5.143222222222221696e+00,-7.850516745099990601e+01,4.996572346821999986e+02,2.299776705520000064e+01
1.049999999999999961e-01,3.201999999999999957e+00,8.358000000000000540e+00,5.155999999999999694e+00,-7.850516733999995722e+01,4.996572329182000090e+02,2.299726705820000205e+01
1.100000000000000006e-01,3.201999999999999957e+00,8.372999999999999332e+00,5.170999999999999375e+00,-7.850516722899999422e+01,4.996572311542000193e+02,2.299676706119999992e+01
1.140000000000000041e-01,3.201999999999999957e+00,8.384999999999999787e+00,5.182999999999999829e+00,-7.850556666739998946e+01,4.996572097658000189e+02,2.299716705039999809e+01
1.199999999999999956e-01,3.218666666666666565e+00,8.426333333333332121e+00,5.207666666666666444e+00,-7.850616582499999652e+01,4.996571776832000182e+02,2.299776703419999890e+01
1.229999999999999982e-01,3.226999999999999869e+00,8.446999999999999176e+00,5.219999999999999751e+00,-7.850586631279996652e+01,4.996571947829000351e+02,2.299776704050000120e+01
1.300000000000000044e-01,3.282999999999999918e+00,8.524874999999999758e+00,5.241875000000000284e+00,-7.850516745099990601e+01,4.996572346821999986e+02,2.299776705520000064e+01
1.310000000000000053e-01,3.290999999999999925e+00,8.535999999999999588e+00,5.245000000000000107e+00,-7.850516742879992194e+01,4.996572343294000120e+02,2.299766705580000092e+01
1.400000000000000133e-01,3.302999999999999936e+00,8.560999999999999943e+00,5.258000000000000007e+00,-7.850516722899999422e+01,4.996572311542000193e+02,2.299676706119999992e+01
1.489999999999999936e-01,3.302999999999999936e+00,8.570999999999999730e+00,5.267999999999999794e+00,-7.850516722899999422e+01,4.996572311542000193e+02,2.299676706119999992e+01
1.499999999999999944e-01,3.305777777777777704e+00,8.576777777777778056e+00,5.270999999999999908e+00,-7.850516722899999422e+01,4.996572311542000193e+02,2.299676706119999992e+01
1.580000000000000016e-01,3.327999999999999847e+00,8.622999999999999332e+00,5.294999999999999929e+00,-7.850436852980000424e+01,4.996572767534000263e+02,2.299676707800000131e+01
1.600000000000000033e-01,3.334249999999999936e+00,8.632249999999999091e+00,5.298000000000000043e+00,-7.850416885500000319e+01,4.996572881531999997e+02,2.299676708220000165e+01
1.660000000000000087e-01,3.353000000000000203e+00,8.660000000000000142e+00,5.307000000000000384e+00,-7.850476787939999213e+01,4.996572539538000228e+02,2.299676706960000061e+01
1.700000000000000122e-01,3.359666666666666579e+00,8.671555555555555017e+00,5.311888888888889326e+00,-7.850516722899999422e+01,4.996572311542000193e+02,2.299676706119999992e+01
1.749999999999999889e-01,3.367999999999999883e+00,8.685999999999999943e+00,5.317999999999999616e+00,-7.850466793100000018e+01,4.996572578897000199e+02,2.299626707470000042e+01
1.799999999999999933e-01,3.375499999999999723e+00,8.702874999999998806e+00,5.327374999999999972e+00,-7.850416863300000614e+01,4.996572846252000204e+02,2.299576708820000093e+01
1.829999999999999960e-01,3.379999999999999893e+00,8.712999999999999190e+00,5.333000000000000185e+00,-7.850416869960000099e+01,4.996572856836000369e+02,2.299606708640000008e+01
1.900000000000000022e-01,3.369888888888888712e+00,8.732444444444443121e+00,5.362555555555555742e+00,-7.850416885500000319e+01,4.996572881531999997e+02,2.299676708220000165e+01
1.920000000000000040e-01,3.366999999999999993e+00,8.737999999999999545e+00,5.371000000000000441e+00,-7.850436852980000424e+01,4.996572767534000263e+02,2.299676707800000131e+01
2.000000000000000111e-01,3.390111111111111075e+00,8.761111111111111072e+00,5.371000000000000441e+00,-7.850516722899999422e+01,4.996572311542000193e+02,2.299676706119999992e+01
2.010000000000000120e-01,3.392999999999999794e+00,8.763999999999999346e+00,5.371000000000000441e+00,-7.850506739159999370e+01,4.996572368541000060e+02,2.299676706330000187e+01
2.089999999999999913e-01,3.392999999999999794e+00,8.750999999999999446e+00,5.357999999999999652e+00,-7.850426869240000372e+01,4.996572824533000130e+02,2.299676708009999970e+01
2.099999999999999922e-01,3.391555555555555213e+00,8.755222222222220907e+00,5.363666666666666138e+00,-7.850416885500000319e+01,4.996572881531999997e+02,2.299676708220000165e+01
2.179999999999999993e-01,3.379999999999999893e+00,8.788999999999999702e+00,5.408999999999999808e+00,-7.850496755419999317e+01,4.996572425539999927e+02,2.299676706540000026e+01
2.200000000000000011e-01,3.374444444444444358e+00,8.785888888888889525e+00,5.411444444444444279e+00,-7.850516722899999422e+01,4.996572311542000193e+02,2.299676706119999992e+01
2.270000000000000073e-01,3.354999999999999982e+00,8.775000000000000355e+00,5.419999999999999929e+00,-7.850586624620000009e+01,4.996571937245000186e+02,2.299746704229999850e+01
2.300000000000000100e-01,3.344875000000000043e+00,8.779500000000000526e+00,5.434624999999999595e+00,-7.850616582499999652e+01,4.996571776832000182e+02,2.299776703419999890e+01
2.349999999999999867e-01,3.327999999999999847e+00,8.787000000000000810e+00,5.458999999999999631e+00,-7.850566652700000247e+01,4.996572044187000188e+02,2.299726704769999941e+01
2.399999999999999911e-01,3.342444444444444329e+00,8.794222222222222385e+00,5.451777777777777168e+00,-7.850516722899999422e+01,4.996572311542000193e+02,2.299676706119999992e+01
2.439999999999999947e-01,3.354000000000000092e+00,8.800000000000000711e+00,5.445999999999999730e+00,-7.850516722899999422e+01,4.996572311542000193e+02,2.299676706119999992e+01
2.500000000000000000e-01,3.353333333333333499e+00,8.816000000000000725e+00,5.462666666666666337e+00,-7.850516722899999422e+01,4.996572311542000193e+02,2.299676706119999992e+01
2.530000000000000027e-01,3.353000000000000203e+00,8.823999999999999844e+00,5.471000000000000085e+00,-7.850546674119999579e+01,4.996572140545000025e+02,2.299676705490000117e+01
2.600000000000000089e-01,3.363888888888888928e+00,8.853555555555555401e+00,5.489666666666666472e+00,-7.850616560299999946e+01,4.996571741551999821e+02,2.299676704020000173e+01
2.620000000000000107e-01,3.366999999999999993e+00,8.862000000000000099e+00,5.495000000000000107e+00,-7.850576625339999737e+01,4.996571969547999856e+02,2.299676704860000243e+01
2.700000000000000178e-01,3.435444444444444301e+00,8.918888888888888644e+00,5.483444444444444343e+00,-7.850416885500000319e+01,4.996572881531999997e+02,2.299676708220000165e+01
2.710000000000000187e-01,3.443999999999999950e+00,8.926000000000000156e+00,5.482000000000000206e+00,-7.850426869240000372e+01,4.996572824533000130e+02,2.299676708009999970e+01
2.790000000000000258e-01,3.467999999999999972e+00,8.976000000000000867e+00,5.508000000000000007e+00,-7.850506739159999370e+01,4.996572368541000060e+02,2.299676706329999831e+01
2.800000000000000266e-01,3.470888888888888690e+00,8.978666666666667240e+00,5.507777777777778105e+00,-7.850516722899999422e+01,4.996572311542000193e+02,2.299676706119999992e+01
2.879999999999999782e-01,3.494000000000000217e+00,9.000000000000000000e+00,5.506000000000000227e+00,-7.850516722899999422e+01,4.996572311542000193e+02,2.299676706119999992e+01
2.899999999999999800e-01,3.496999999999999886e+00,9.009999999999999787e+00,5.512999999999999901e+00,-7.850516722899999422e+01,4.996572311542000193e+02,2.299676706119999992e+01
2.959999999999999853e-01,3.505999999999999783e+00,9.039999999999999147e+00,5.533999999999999808e+00,-7.850516722899999422e+01,4.996572311542000193e+02,2.299676706119999992e+01
2.999999999999999889e-01,3.512222222222221912e+00,9.051111111111110219e+00,5.538888888888888751e+00,-7.850516722899999422e+01,4.996572311542000193e+02,2.299676706119999992e+01
3.049999999999999933e-01,3.520000000000000018e+00,9.064999999999999503e+00,5.544999999999999929e+00,-7.850516733999995722e+01,4.996572329182000090e+02,2.299726705820000205e+01
3.099999999999999978e-01,3.512222222222221912e+00,9.077777777777777501e+00,5.565555555555555145e+00,-7.850516745099990601e+01,4.996572346821999986e+02,2.299776705520000064e+01
3.140000000000000013e-01,3.505999999999999783e+00,9.087999999999999190e+00,5.581999999999999851e+00,-7.850516736219994129e+01,4.996572332709999955e+02,2.299736705760000177e+01
3.200000000000000067e-01,3.532000000000000028e+00,9.121999999999999886e+00,5.589999999999999858e+00,-7.850516722899999422e+01,4.996572311542000193e+02,2.299676706119999992e+01
3.230000000000000093e-01,3.544999999999999929e+00,9.138999999999999346e+00,5.594000000000000306e+00,-7.850516722899999422e+01,4.996572311542000193e+02,2.299676706119999992e+01
3.300000000000000155e-01,3.555499999999999883e+00,9.172250000000000014e+00,5.616749999999999687e+00,-7.850516722899999422e+01,4.996572311542000193e+02,2.299676706119999992e+01
3.310000000000000164e-01,3.556999999999999940e+00,9.176999999999999602e+00,5.620000000000000107e+00,-7.850516722899999422e+01,4.996572311542000193e+02,2.299676706119999992e+01
3.400000000000000244e-01,3.545999999999999819e+00,9.201999999999999957e+00,5.655999999999999694e+00,-7.850516722899999422e+01,4.996572311542000193e+02,2.299676706119999992e+01
3.489999999999999769e-01,3.532000000000000028e+00,9.214000000000000412e+00,5.682000000000000384e+00,-7.850426869240000372e+01,4.996572824533000130e+02,2.299676708009999970e+01
3.499999999999999778e-01,3.529111111111111310e+00,9.212777777777777288e+00,5.683666666666667311e+00,-7.850416885500000319e+01,4.996572881531999997e+02,2.299676708220000165e+01
3.579999999999999849e-01,3.505999999999999783e+00,9.202999999999999403e+00,5.697000000000000064e+00,-7.850496755419999317e+01,4.996572425539999927e+02,2.299676706540000026e+01
3.599999999999999867e-01,3.496499999999999719e+00,9.193500000000000227e+00,5.697000000000000064e+00,-7.850516722899999422e+01,4.996572311542000193e+02,2.299676706119999992e+01
3.659999999999999920e-01,3.467999999999999972e+00,9.164999999999999147e+00,5.697000000000000064e+00,-7.850516722899999422e+01,4.996572311542000193e+02,2.299676706119999992e+01
3.699999999999999956e-01,3.455499999999999794e+00,9.157499999999998863e+00,5.701999999999999957e+00,-7.850516722899999422e+01,4.996572311542000193e+02,2.299676706119999992e+01
3.739999999999999991e-01,3.443000000000000060e+00,9.150000000000000355e+00,5.706999999999999851e+00,-7.850476787939999213e+01,4.996572539538000228e+02,2.299676706960000061e+01
3.800000000000000044e-01,3.442333333333333467e+00,9.158000000000001251e+00,5.715666666666666451e+00,-7.850416885500000319e+01,4.996572881531999997e+02,2.299676708220000165e+01
3.830000000000000071e-01,3.442000000000000171e+00,9.162000000000000810e+00,5.719999999999999751e+00,-7.850416878840000834e+01,4.996572870947999832e+02,2.299646708400000250e+01
3.900000000000000133e-01,3.463000000000000078e+00,9.181444444444444741e+00,5.718444444444444663e+00,-7.850416863300000614e+01,4.996572846252000204e+02,2.299576708820000093e+01
3.920000000000000151e-01,3.468999999999999861e+00,9.186999999999999389e+00,5.717999999999999972e+00,-7.850416867740000271e+01,4.996572853307999935e+02,2.299596708700000036e+01
4.000000000000000222e-01,3.478777777777777747e+00,9.208333333333333925e+00,5.729555555555555735e+00,-7.850416885500000319e+01,4.996572881531999997e+02,2.299676708220000165e+01
4.010000000000000231e-01,3.479999999999999982e+00,9.211000000000000298e+00,5.730999999999999872e+00,-7.850416885500000319e+01,4.996572881531999997e+02,2.299676708220000165e+01
4.099999999999999756e-01,3.504999999999999893e+00,9.237999999999999545e+00,5.732999999999999652e+00,-7.850416885500000319e+01,4.996572881531999997e+02,2.299676708220000165e+01
4.179999999999999827e-01,3.505999999999999783e+00,9.237000000000000099e+00,5.730999999999999872e+00,-7.850496773179992260e+01,4.996572453763999988e+02,2.299756706060000155e+01
4.199999999999999845e-01,3.500222222222221902e+00,9.234333333333333727e+00,5.734111111111110937e+00,-7.850516745099990601e+01,4.996572346821999986e+02,2.299776705520000064e+01
4.269999999999999907e-01,3.479999999999999982e+00,9.224999999999999645e+00,5.745000000000000107e+00,-7.850516729559996065e+01,4.996572322126000358e+02,2.299706705939999907e+01
4.299999999999999933e-01,3.479999999999999982e+00,9.230000000000000426e+00,5.750000000000000000e+00,-7.850516722899999422e+01,4.996572311542000193e+02,2.299676706119999992e+01
4.359999999999999987e-01,3.479999999999999982e+00,9.240000000000000213e+00,5.759999999999999787e+00,-7.850516722899999422e+01,4.996572311542000193e+02,2.299676706119999992e+01
4.400000000000000022e-01,3.492999999999999883e+00,9.251999999999998892e+00,5.759000000000000341e+00,-7.850516722899999422e+01,4.996572311542000193e+02,2.299676706119999992e+01
4.440000000000000058e-01,3.505999999999999783e+00,9.263999999999999346e+00,5.758000000000000007e+00,-7.850516731779995894e+01,4.996572325654000224e+02,2.299716705879999878e+01
4.500000000000000111e-01,3.497333333333333183e+00,9.280666666666666842e+00,5.783333333333333215e+00,-7.850516745099990601e+01,4.996572346821999986e+02,2.299776705520000064e+01
4.530000000000000138e-01,3.492999999999999883e+00,9.288999999999999702e+00,5.796000000000000263e+00,-7.850516738439992537e+01,4.996572336237999821e+02,2.299746705700000149e+01
4.600000000000000200e-01,3.522555555555555440e+00,9.317777777777777715e+00,5.795222222222221831e+00,-7.850516722899999422e+01,4.996572311542000193e+02,2.299676706119999992e+01
4.620000000000000218e-01,3.531000000000000139e+00,9.326000000000000512e+00,5.794999999999999929e+00,-7.850516722899999422e+01,4.996572311542000193e+02,2.299676706119999992e+01
4.699999999999999734e-01,3.556000000000000050e+00,9.387999999999999901e+00,5.831999999999999851e+00,-7.850516722899999422e+01,4.996572311542000193e+02,2.299676706119999992e+01
4.789999999999999813e-01,3.595000000000000195e+00,9.425000000000000711e+00,5.830000000000000071e+00,-7.850426849260000495e+01,4.996572792781000203e+02,2.299586708550000225e+01
4.799999999999999822e-01,3.596222222222222431e+00,9.425111111111112550e+00,5.828888888888888786e+00,-7.850416863300000614e+01,4.996572846252000204e+02,2.299576708820000093e+01
4.879999999999999893e-01,3.605999999999999872e+00,9.426000000000000156e+00,5.820000000000000284e+00,-7.850416898820000711e+01,4.996572902699999759e+02,2.299736707859999996e+01
4.899999999999999911e-01,3.596750000000000114e+00,9.425750000000000739e+00,5.829000000000000625e+00,-7.850416907700000024e+01,4.996572916811999789e+02,2.299776707619999883e+01
4.959999999999999964e-01,3.568999999999999950e+00,9.425000000000000711e+00,5.855999999999999872e+00,-7.850416894379999633e+01,4.996572895644000027e+02,2.299716707980000052e+01
5.000000000000000000e-01,3.557888888888888879e+00,9.419666666666667965e+00,5.861777777777777310e+00,-7.850416885500000319e+01,4.996572881531999997e+02,2.299676708220000165e+01
5.050000000000000044e-01,3.544000000000000039e+00,9.413000000000000256e+00,5.868999999999999773e+00,-7.850416885500000319e+01,4.996572881531999997e+02,2.299676708220000165e+01
5.100000000000000089e-01,3.529555555555555557e+00,9.397999999999999687e+00,5.868444444444444130e+00,-7.850416885500000319e+01,4.996572881531999997e+02,2.299676708220000165e+01
5.140000000000000124e-01,3.517999999999999794e+00,9.385999999999999233e+00,5.868000000000000327e+00,-7.850416885500000319e+01,4.996572881531999997e+02,2.299676708220000165e+01
5.200000000000000178e-01,3.517249999999999766e+00,9.397249999999999659e+00,5.880000000000000782e+00,-7.850416885500000319e+01,4.996572881531999997e+02,2.299676708220000165e+01
5.220000000000000195e-01,3.516999999999999904e+00,9.400999999999999801e+00,5.884000000000000341e+00,-7.850416881060000662e+01,4.996572874476000266e+02,2.299656708340000222e+01
5.300000000000000266e-01,3.507400000000000073e+00,9.400999999999999801e+00,5.893600000000000172e+00,-7.850416863300000614e+01,4.996572846252000204e+02,2.299576708820000093e+01
5.320000000000000284e-01,3.504999999999999893e+00,9.400999999999999801e+00,5.895999999999999908e+00,-7.850416867740000271e+01,4.996572853307999935e+02,2.299596708700000036e+01
5.390000000000000346e-01,3.504999999999999893e+00,9.412000000000000810e+00,5.907000000000000028e+00,-7.850416883280000491e+01,4.996572878004000131e+02,2.299666708280000194e+01
5.400000000000000355e-01,3.504999999999999893e+00,9.412222222222222712e+00,5.907222222222221930e+00,-7.850416885500000319e+01,4.996572881531999997e+02,2.299676708220000165e+01
5.480000000000000426e-01,3.504999999999999893e+00,9.413999999999999702e+00,5.908999999999999808e+00,-7.850496737659992164e+01,4.996572397315999865e+02,2.299596707019999897e+01
5.500000000000000444e-01,3.510777777777777775e+00,9.422444444444444400e+00,5.911666666666666181e+00,-7.850516700699989769e+01,4.996572276261999832e+02,2.299576706719999919e+01
5.570000000000000506e-01,3.531000000000000139e+00,9.451999999999999957e+00,5.921000000000000263e+00,-7.850516716239997095e+01,4.996572300958000028e+02,2.299646706300000076e+01
5.600000000000000533e-01,3.535666666666666735e+00,9.460000000000000853e+00,5.924333333333333229e+00,-7.850516722899999422e+01,4.996572311542000193e+02,2.299676706119999992e+01
5.659999999999999476e-01,3.544999999999999929e+00,9.476000000000000867e+00,5.931000000000000050e+00,-7.850516722899999422e+01,4.996572311542000193e+02,2.299676706119999992e+01
5.699999999999999512e-01,3.531499999999999861e+00,9.470000000000000639e+00,5.938500000000000334e+00,-7.850516722899999422e+01,4.996572311542000193e+02,2.299676706119999992e+01
5.739999999999999547e-01,3.517999999999999794e+00,9.464000000000000412e+00,5.945999999999999730e+00,-7.850476796819999947e+01,4.996572553650000259e+02,2.299716706719999948e+01
5.799999999999999600e-01,3.518600000000000172e+00,9.471799999999999997e+00,5.953199999999999825e+00,-7.850416907700000024e+01,4.996572916811999789e+02,2.299776707619999883e+01
5.839999999999999636e-01,3.519000000000000128e+00,9.477000000000000313e+00,5.958000000000000185e+00,-7.850416907700000024e+01,4.996572916811999789e+02,2.299776707619999883e+01
5.899999999999999689e-01,3.528000000000000025e+00,9.494999999999999218e+00,5.966999999999999638e+00,-7.850416907700000024e+01,4.996572916811999789e+02,2.299776707619999883e+01
5.919999999999999707e-01,3.531000000000000139e+00,9.500999999999999446e+00,5.969999999999999751e+00,-7.850415763300000549e+01,4.996570913019999693e+02,2.299756778439999749e+01
5.999999999999999778e-01,3.542555555555555458e+00,9.510777777777777331e+00,5.968222222222221873e+00,-7.850411185699999805e+01,4.996562897851999878e+02,2.299677061719999926e+01
6.009999999999999787e-01,3.544000000000000039e+00,9.512000000000000455e+00,5.967999999999999972e+00,-7.850411755679999715e+01,4.996563896220000061e+02,2.299677026370000021e+01
6.099999999999999867e-01,3.568999999999999950e+00,9.550000000000000711e+00,5.980999999999999872e+00,-7.850416885500000319e+01,4.996572881531999997e+02,2.299676708220000165e+01
6.179999999999999938e-01,3.580999999999999961e+00,9.548999999999999488e+00,5.967999999999999972e+00,-7.850416867740000271e+01,4.996572853307999935e+02,2.299596708700000036e+01
6.199999999999999956e-01,3.581222222222222307e+00,9.545666666666665634e+00,5.964444444444444215e+00,-7.850416863300000614e+01,4.996572846252000204e+02,2.299576708820000093e+01
6.270000000000000018e-01,3.581999999999999851e+00,9.534000000000000696e+00,5.951999999999999957e+00,-7.850346992660000467e+01,4.996573269941000035e+02,2.299646709870000194e+01
6.300000000000000044e-01,3.578769230769230703e+00,9.533538461538462627e+00,5.954769230769231037e+00,-7.850317048099999795e+01,4.996573451521999800e+02,2.299676710319999984e+01
6.400000000000000133e-01,3.568000000000000060e+00,9.532000000000000028e+00,5.964000000000000412e+00,-7.850416907700000024e+01,4.996572916811999789e+02,2.299776707619999883e+01
6.480000000000000204e-01,3.580999999999999961e+00,9.557999999999999829e+00,5.977000000000000313e+00,-7.850416889939999976e+01,4.996572888587999728e+02,2.299696708100000109e+01
6.500000000000000222e-01,3.572777777777777608e+00,9.552444444444443405e+00,5.979666666666666686e+00,-7.850416885500000319e+01,4.996572881531999997e+02,2.299676708220000165e+01
6.570000000000000284e-01,3.544000000000000039e+00,9.532999999999999474e+00,5.988999999999999879e+00,-7.850486771679999265e+01,4.996572482539000362e+02,2.299676706749999866e+01
6.600000000000000311e-01,3.548000000000000043e+00,9.526333333333333542e+00,5.978333333333333499e+00,-7.850516722899999422e+01,4.996572311542000193e+02,2.299676706119999992e+01
6.660000000000000364e-01,3.556000000000000050e+00,9.512999999999999901e+00,5.956999999999999851e+00,-7.850456820460000529e+01,4.996572653535999962e+02,2.299676707380000096e+01
6.700000000000000400e-01,3.562666666666666870e+00,9.525000000000000355e+00,5.962333333333333485e+00,-7.850416885500000319e+01,4.996572881531999997e+02,2.299676708220000165e+01
6.750000000000000444e-01,3.571000000000000174e+00,9.539999999999999147e+00,5.969000000000000306e+00,-7.850416874399999756e+01,4.996572863892000100e+02,2.299626708520000307e+01
6.800000000000000488e-01,3.586625000000000174e+00,9.555624999999999147e+00,5.969000000000000306e+00,-7.850416863300000614e+01,4.996572846252000204e+02,2.299576708820000093e+01
6.830000000000000515e-01,3.596000000000000085e+00,9.564999999999999503e+00,5.969000000000000306e+00,-7.850416863300000614e+01,4.996572846252000204e+02,2.299576708820000093e+01
6.899999999999999467e-01,3.624777777777777654e+00,9.593777777777777516e+00,5.969000000000000306e+00,-7.850416863300000614e+01,4.996572846252000204e+02,2.299576708820000093e+01
6.919999999999999485e-01,3.633000000000000007e+00,9.602000000000000313e+00,5.969000000000000306e+00,-7.850396895820000509e+01,4.996572960249999937e+02,2.299576709240000127e+01
6.999999999999999556e-01,3.622333333333333183e+00,9.603777777777777303e+00,5.981444444444444564e+00,-7.850317025900000090e+01,4.996573416242000008e+02,2.299576710919999911e+01
7.009999999999999565e-01,3.620999999999999996e+00,9.603999999999999204e+00,5.982999999999999652e+00,-7.850327014079999799e+01,4.996573366298999872e+02,2.299596710590000015e+01
7.099999999999999645e-01,3.596000000000000085e+00,9.592000000000000526e+00,5.996000000000000441e+00,-7.850416907700000024e+01,4.996572916811999789e+02,2.299776707619999883e+01
7.179999999999999716e-01,3.607000000000000206e+00,9.603999999999999204e+00,5.996999999999999886e+00,-7.850416907700000024e+01,4.996572916811999789e+02,2.299776707619999883e+01
7.199999999999999734e-01,3.607000000000000206e+00,9.603999999999999204e+00,5.996999999999999886e+00,-7.850416907700000024e+01,4.996572916811999789e+02,2.299776707619999883e+01
7.269999999999999796e-01,3.607000000000000206e+00,9.603999999999999204e+00,5.996999999999999886e+00,-7.850416892159999804e+01,4.996572892116000162e+02,2.299706708040000080e+01
7.299999999999999822e-01,3.611333333333333506e+00,9.611333333333332618e+00,6.000000000000000000e+00,-7.850416885500000319e+01,4.996572881531999997e+02,2.299676708220000165e+01
7.359999999999999876e-01,3.620000000000000107e+00,9.625999999999999446e+00,6.006000000000000227e+00,-7.850356969739999613e+01,4.996573202358000003e+02,2.299616709840000084e+01
7.399999999999999911e-01,3.607000000000000206e+00,9.607499999999999929e+00,6.000500000000000611e+00,-7.850317025900000090e+01,4.996573416242000008e+02,2.299576710919999911e+01
7.439999999999999947e-01,3.593999999999999861e+00,9.589000000000000412e+00,5.995000000000000107e+00,-7.850317034779999403e+01,4.996573430354000038e+02,2.299616710679999798e+01
7.500000000000000000e-01,3.610666666666666913e+00,9.606333333333333613e+00,5.995666666666666700e+00,-7.850317048099999795e+01,4.996573451521999800e+02,2.299676710319999984e+01
7.530000000000000027e-01,3.619000000000000217e+00,9.615000000000000213e+00,5.996000000000000441e+00,-7.850346999319999952e+01,4.996573280524999632e+02,2.299676709690000109e+01
7.600000000000000089e-01,3.641750000000000043e+00,9.647375000000000256e+00,6.005625000000000213e+00,-7.850416885500000319e+01,4.996572881531999997e+02,2.299676708220000165e+01
7.610000000000000098e-01,3.645000000000000018e+00,9.651999999999999247e+00,6.006999999999999673e+00,-7.850406899540000438e+01,4.996572935002999998e+02,2.299666708490000033e+01
7.700000000000000178e-01,3.645000000000000018e+00,9.664999999999999147e+00,6.019999999999999574e+00,-7.850317025900000090e+01,4.996573416242000008e+02,2.299576710919999911e+01
7.790000000000000258e-01,3.644000000000000128e+00,9.663999999999999702e+00,6.019999999999999574e+00,-7.850406879560000561e+01,4.996572903251000071e+02,2.299576709029999932e+01
7.800000000000000266e-01,3.642666666666666941e+00,9.660111111111110205e+00,6.017444444444444152e+00,-7.850416863300000614e+01,4.996572846252000204e+02,2.299576708820000093e+01
7.880000000000000338e-01,3.632000000000000117e+00,9.628999999999999559e+00,5.996999999999999886e+00,-7.850416881060000662e+01,4.996572874476000266e+02,2.299656708340000222e+01
7.900000000000000355e-01,3.625750000000000028e+00,9.622499999999998721e+00,5.996750000000000469e+00,-7.850416885500000319e+01,4.996572881531999997e+02,2.299676708220000165e+01
7.960000000000000409e-01,3.607000000000000206e+00,9.602999999999999758e+00,5.996000000000000441e+00,-7.850416872179999928e+01,4.996572860364000235e+02,2.299616708579999980e+01
8.000000000000000444e-01,3.601222222222222324e+00,9.596777777777777629e+00,5.995555555555555749e+00,-7.850416863300000614e+01,4.996572846252000204e+02,2.299576708820000093e+01
8.050000000000000488e-01,3.593999999999999861e+00,9.589000000000000412e+00,5.995000000000000107e+00,-7.850416863300000614e+01,4.996572846252000204e+02,2.299576708820000093e+01
8.100000000000000533e-01,3.587333333333333041e+00,9.589555555555556055e+00,6.002222222222222570e+00,-7.850416863300000614e+01,4.996572846252000204e+02,2.299576708820000093e+01
8.139999999999999458e-01,3.581999999999999851e+00,9.589999999999999858e+00,6.008000000000000007e+00,-7.850416872179999928e+01,4.996572860364000235e+02,2.299616708579999980e+01
8.199999999999999512e-01,3.608000000000000096e+00,9.615999999999999659e+00,6.008000000000000007e+00,-7.850416885500000319e+01,4.996572881531999997e+02,2.299676708220000165e+01
8.229999999999999538e-01,3.620999999999999996e+00,9.628999999999999559e+00,6.008000000000000007e+00,-7.850386934280000162e+01,4.996573052529000165e+02,2.299676708850000040e+01
8.299999999999999600e-01,3.620222222222222452e+00,9.646111111111110858e+00,6.025888888888888850e+00,-7.850317048099999795e+01,4.996573451521999800e+02,2.299676710319999984e+01
8.319999999999999618e-01,3.620000000000000107e+00,9.650999999999999801e+00,6.030999999999999694e+00,-7.850337015579999900e+01,4.996573337524000067e+02,2.299676709899999949e+01
8.399999999999999689e-01,3.645000000000000018e+00,9.664999999999999147e+00,6.019999999999999574e+00,-7.850416885500000319e+01,4.996572881531999997e+02,2.299676708220000165e+01
8.479999999999999760e-01,3.657000000000000028e+00,9.678000000000000824e+00,6.020999999999999908e+00,-7.850416885500000319e+01,4.996572881531999997e+02,2.299676708220000165e+01
8.499999999999999778e-01,3.659600000000000186e+00,9.677599999999999980e+00,6.017999999999999794e+00,-7.850416885500000319e+01,4.996572881531999997e+02,2.299676708220000165e+01
8.579999999999999849e-01,3.669999999999999929e+00,9.676000000000000156e+00,6.006000000000000227e+00,-7.850416867740000271e+01,4.996572853307999935e+02,2.299596708700000036e+01
8.599999999999999867e-01,3.666749999999999954e+00,9.676000000000000156e+00,6.009250000000000647e+00,-7.850416863300000614e+01,4.996572846252000204e+02,2.299576708820000093e+01
8.659999999999999920e-01,3.657000000000000028e+00,9.676000000000000156e+00,6.019000000000000128e+00,-7.850356947539999908e+01,4.996573167078000210e+02,2.299516710440000011e+01
8.699999999999999956e-01,3.645888888888888957e+00,9.669333333333332448e+00,6.023444444444444379e+00,-7.850317003700000384e+01,4.996573380962000215e+02,2.299476711519999839e+01
8.750000000000000000e-01,3.632000000000000117e+00,9.660999999999999588e+00,6.028999999999999915e+00,-7.850317014800000948e+01,4.996573398602000111e+02,2.299526711219999697e+01
8.800000000000000044e-01,3.624500000000000277e+00,9.653499999999999304e+00,6.028999999999999915e+00,-7.850317025900000090e+01,4.996573416242000008e+02,2.299576710919999911e+01
8.830000000000000071e-01,3.620000000000000107e+00,9.648999999999999133e+00,6.028999999999999915e+00,-7.850346983779999732e+01,4.996573255829000004e+02,2.299606710109999952e+01
8.900000000000000133e-01,3.619299999999999962e+00,9.666499999999999204e+00,6.047200000000000131e+00,-7.850416885500000319e+01,4.996572881531999997e+02,2.299676708220000165e+01
8.930000000000000160e-01,3.619000000000000217e+00,9.673999999999999488e+00,6.054999999999999716e+00,-7.850416878840000834e+01,4.996572870947999832e+02,2.299646708400000250e+01
9.000000000000000222e-01,3.652249999999999996e+00,9.708124999999999005e+00,6.055875000000000341e+00,-7.850416863300000614e+01,4.996572846252000204e+02,2.299576708820000093e+01
9.010000000000000231e-01,3.657000000000000028e+00,9.712999999999999190e+00,6.056000000000000050e+00,-7.850416863300000614e+01,4.996572846252000204e+02,2.299576708820000093e+01
9.100000000000000311e-01,3.694999999999999840e+00,9.750999999999999446e+00,6.056000000000000050e+00,-7.850416863300000614e+01,4.996572846252000204e+02,2.299576708820000093e+01
9.180000000000000382e-01,3.669999999999999929e+00,9.737999999999999545e+00,6.067999999999999616e+00,-7.850412303459999919e+01,4.996564859307999882e+02,2.299576991620000044e+01
9.200000000000000400e-01,3.669999999999999929e+00,9.738444444444443349e+00,6.068444444444444308e+00,-7.850411163500000100e+01,4.996562862572000085e+02,2.299577062319999854e+01
9.270000000000000462e-01,3.669999999999999929e+00,9.740000000000000213e+00,6.070000000000000284e+00,-7.850481049679993362e+01,4.996562463579000450e+02,2.299577060849999910e+01
9.300000000000000488e-01,3.665333333333333332e+00,9.748333333333333073e+00,6.083000000000000185e+00,-7.850511000899990677e+01,4.996562292582000282e+02,2.299577060220000035e+01
9.360000000000000542e-01,3.656000000000000139e+00,9.765000000000000568e+00,6.108999999999999986e+00,-7.850451098459996047e+01,4.996562634576000050e+02,2.299577061479999784e+01
9.399999999999999467e-01,3.644000000000000128e+00,9.751500000000000057e+00,6.107499999999999929e+00,-7.850411163500000100e+01,4.996562862572000085e+02,2.299577062319999854e+01
9.439999999999999503e-01,3.632000000000000117e+00,9.737999999999999545e+00,6.105999999999999872e+00,-7.850411163500000100e+01,4.996562862572000085e+02,2.299577062319999854e+01
9.499999999999999556e-01,3.597333333333333272e+00,9.720666666666666345e+00,6.123333333333333073e+00,-7.850411163500000100e+01,4.996562862572000085e+02,2.299577062319999854e+01
9.529999999999999583e-01,3.580000000000000071e+00,9.711999999999999744e+00,6.131999999999999673e+00,-7.850441114719997415e+01,4.996562691574999917e+02,2.299577061689999979e+01
9.599999999999999645e-01,3.560555555555555696e+00,9.691777777777778269e+00,6.131222222222222129e+00,-7.850511000899990677e+01,4.996562292582000282e+02,2.299577060220000035e+01
9.619999999999999662e-01,3.555000000000000160e+00,9.685999999999999943e+00,6.131000000000000227e+00,-7.850491024539992679e+01,4.996562392467999985e+02,2.299537060880000183e+01
9.699999999999999734e-01,3.568000000000000060e+00,9.710000000000000853e+00,6.142000000000000348e+00,-7.850411119100000690e+01,4.996562792011999932e+02,2.299377063520000064e+01
9.789999999999999813e-01,3.579000000000000181e+00,9.723000000000000753e+00,6.144000000000000128e+00,-7.850326435220000576e+01,4.996572353819000227e+02,2.299556746180000033e+01
9.799999999999999822e-01,3.581888888888888900e+00,9.727000000000000313e+00,6.145111111111111413e+00,-7.850317025900000090e+01,4.996573416242000008e+02,2.299576710919999911e+01
9.879999999999999893e-01,3.604999999999999982e+00,9.759000000000000341e+00,6.153999999999999915e+00,-7.850396878059999040e+01,4.996572932025999876e+02,2.299496709719999998e+01
9.899999999999999911e-01,3.611250000000000071e+00,9.762499999999999289e+00,6.151250000000000107e+00,-7.850416841099999488e+01,4.996572810971999843e+02,2.299476709420000020e+01
9.959999999999999964e-01,3.629999999999999893e+00,9.772999999999999687e+00,6.142999999999999794e+00,-7.850416867740000271e+01,4.996572853307999935e+02,2.299596708700000036e+01
1.000000000000000000e+00,3.624666666666666703e+00,9.776999999999999247e+00,6.152333333333332988e+00,-7.850416885500000319e+01,4.996572881531999997e+02,2.299676708220000165e+01
1.004999999999999893e+00,3.617999999999999883e+00,9.782000000000000028e+00,6.163999999999999702e+00,-7.850416874400001177e+01,4.996572863892000100e+02,2.299626708520000307e+01
1.010000000000000009e+00,3.617999999999999883e+00,9.782555555555555671e+00,6.164555555555555344e+00,-7.850416863300000614e+01,4.996572846252000204e+02,2.299576708820000093e+01
1.014000000000000012e+00,3.617999999999999883e+00,9.782999999999999474e+00,6.165000000000000036e+00,-7.850416863300000614e+01,4.996572846252000204e+02,2.299576708820000093e+01
1.020000000000000018e+00,3.634666666666666490e+00,9.791666666666666075e+00,6.157000000000000028e+00,-7.850416863300000614e+01,4.996572846252000204e+02,2.299576708820000093e+01
1.022999999999999909e+00,3.642999999999999794e+00,9.795999999999999375e+00,6.152999999999999581e+00,-7.850385195479999823e+01,4.996570011561000229e+02,2.299546815680000122e+01
1.030000000000000027e+00,3.621124999999999705e+00,9.796875000000000000e+00,6.175750000000000739e+00,-7.850311303899999871e+01,4.996563397282000096e+02,2.299477065019999955e+01
1.030999999999999917e+00,3.617999999999999883e+00,9.797000000000000597e+00,6.179000000000000270e+00,-7.850331273599998383e+01,4.996563286812000229e+02,2.299487064539999892e+01
1.040000000000000036e+00,3.616999999999999993e+00,9.810000000000000497e+00,6.192999999999999616e+00,-7.850511000899990677e+01,4.996562292582000282e+02,2.299577060220000035e+01
1.048000000000000043e+00,3.644000000000000128e+00,9.833999999999999631e+00,6.190000000000000391e+00,-7.850511000899990677e+01,4.996562292582000282e+02,2.299577060220000035e+01
1.050000000000000044e+00,3.646444444444444599e+00,9.834666666666667112e+00,6.188222222222222513e+00,-7.850511000899990677e+01,4.996562292582000282e+02,2.299577060220000035e+01
1.056999999999999940e+00,3.654999999999999805e+00,9.836999999999999744e+00,6.182000000000000384e+00,-7.850510985359990457e+01,4.996562267886000086e+02,2.299507060639999878e+01
1.060000000000000053e+00,3.659666666666666845e+00,9.845000000000000639e+00,6.185333333333333350e+00,-7.850510978699989550e+01,4.996562257301999921e+02,2.299477060819999963e+01
1.066000000000000059e+00,3.669000000000000039e+00,9.861000000000000654e+00,6.192000000000000171e+00,-7.850627350379996017e+01,4.996555561938000096e+02,2.299417270760000065e+01
1.070000000000000062e+00,3.646333333333333204e+00,9.849000000000000199e+00,6.202666666666666551e+00,-7.850704931500000328e+01,4.996551098361999834e+02,2.299377410720000015e+01
1.074999999999999956e+00,3.617999999999999883e+00,9.833999999999999631e+00,6.216000000000000192e+00,-7.850505267799999842e+01,4.996552255981999906e+02,2.299427414619999865e+01
1.080000000000000071e+00,3.617999999999999883e+00,9.826777777777778056e+00,6.208777777777777729e+00,-7.850305604099999357e+01,4.996553413601999978e+02,2.299477418520000072e+01
1.084000000000000075e+00,3.617999999999999883e+00,9.820999999999999730e+00,6.203000000000000291e+00,-7.850310155059999317e+01,4.996561386433999701e+02,2.299437135960000234e+01
1.090000000000000080e+00,3.598500000000000032e+00,9.811999999999999389e+00,6.213499999999999801e+00,-7.850316981500000679e+01,4.996573345681999854e+02,2.299376712120000121e+01
1.092000000000000082e+00,3.592000000000000082e+00,9.808999999999999275e+00,6.216999999999999638e+00,-7.850338088940000603e+01,4.996575228419999917e+02,2.299376640999999921e+01
1.100000000000000089e+00,3.568888888888888555e+00,9.772555555555555884e+00,6.203666666666665996e+00,-7.850422518700000296e+01,4.996582759372000169e+02,2.299376356519999831e+01
1.100999999999999979e+00,3.565999999999999837e+00,9.768000000000000682e+00,6.201999999999999957e+00,-7.850412532740000415e+01,4.996582812843000170e+02,2.299366356789999699e+01
1.108999999999999986e+00,3.565999999999999837e+00,9.781000000000000583e+00,6.214999999999999858e+00,-7.850332645059999948e+01,4.996583240611000178e+02,2.299286358950000064e+01
1.110000000000000098e+00,3.562099999999999600e+00,9.777400000000000091e+00,6.215300000000000047e+00,-7.850322659100000067e+01,4.996583294082000180e+02,2.299276359219999932e+01
1.118999999999999995e+00,3.527000000000000135e+00,9.744999999999999218e+00,6.217999999999999972e+00,-7.850402273100000627e+01,4.996564842218999729e+02,2.299366993090000122e+01
1.120000000000000107e+00,3.527000000000000135e+00,9.747875000000000512e+00,6.220875000000000377e+00,-7.850411119100000690e+01,4.996562792011999932e+02,2.299377063520000064e+01
1.127000000000000002e+00,3.527000000000000135e+00,9.768000000000000682e+00,6.240999999999999659e+00,-7.850407144780000124e+01,4.996555828131999988e+02,2.299447310549999912e+01
1.129999999999999893e+00,3.539999999999999591e+00,9.785000000000000142e+00,6.245000000000000107e+00,-7.850405441499999881e+01,4.996552843612000174e+02,2.299477416419999898e+01
1.135999999999999899e+00,3.565999999999999837e+00,9.819000000000000838e+00,6.253000000000000114e+00,-7.850352378819999899e+01,4.996565166022000426e+02,2.299476993479999720e+01
1.139999999999999902e+00,3.591000000000000192e+00,9.843500000000000583e+00,6.252499999999999503e+00,-7.850317003700000384e+01,4.996573380962000215e+02,2.299476711519999839e+01
1.143999999999999906e+00,3.616000000000000103e+00,9.868000000000000327e+00,6.251999999999999780e+00,-7.850396864739995806e+01,4.996572910858000114e+02,2.299436710079999813e+01
1.149999999999999911e+00,3.607333333333333503e+00,9.869333333333333513e+00,6.262000000000000455e+00,-7.850516656299990359e+01,4.996572205702000247e+02,2.299376707920000129e+01
1.153000000000000025e+00,3.603000000000000203e+00,9.869999999999999218e+00,6.267000000000000348e+00,-7.850514953019990116e+01,4.996569221181999865e+02,2.299406813790000115e+01
1.159999999999999920e+00,3.603777777777777747e+00,9.869999999999999218e+00,6.266222222222221916e+00,-7.850510978699989550e+01,4.996562257301999921e+02,2.299477060819999963e+01
1.161999999999999922e+00,3.604000000000000092e+00,9.869999999999999218e+00,6.266000000000000014e+00,-7.850529810659992336e+01,4.996560153624000122e+02,2.299497130980000037e+01
1.169999999999999929e+00,3.617999999999999883e+00,9.872999999999999332e+00,6.254999999999999893e+00,-7.850605138500000635e+01,4.996551738911999792e+02,2.299577411619999978e+01
1.179000000000000048e+00,3.629000000000000004e+00,9.910000000000000142e+00,6.280999999999999694e+00,-7.850515244880000409e+01,4.996552188398999874e+02,2.299397414590000110e+01
1.179999999999999938e+00,3.629000000000000004e+00,9.908374999999999488e+00,6.279374999999999929e+00,-7.850505256700000700e+01,4.996552238342000010e+02,2.299377414920000007e+01
1.187000000000000055e+00,3.629000000000000004e+00,9.897000000000000242e+00,6.267999999999999794e+00,-7.850439360380001119e+01,4.996559625910999785e+02,2.299377168939999905e+01
1.189999999999999947e+00,3.629000000000000004e+00,9.893399999999999750e+00,6.264400000000000190e+00,-7.850411119100000690e+01,4.996562792011999932e+02,2.299377063520000064e+01
1.197000000000000064e+00,3.629000000000000004e+00,9.884999999999999787e+00,6.256000000000000227e+00,-7.850411119100000690e+01,4.996562792011999932e+02,2.299377063520000064e+01
1.199999999999999956e+00,3.629000000000000004e+00,9.888749999999999929e+00,6.259750000000000369e+00,-7.850411119100000690e+01,4.996562792011999932e+02,2.299377063520000064e+01
1.205000000000000071e+00,3.629000000000000004e+00,9.894999999999999574e+00,6.266000000000000014e+00,-7.850463887699996235e+01,4.996567498857000373e+02,2.299376885719999919e+01
1.209999999999999964e+00,3.642888888888888843e+00,9.902222222222221149e+00,6.259333333333333194e+00,-7.850516656299990359e+01,4.996572205702000247e+02,2.299376707920000129e+01
1.213999999999999968e+00,3.653999999999999915e+00,9.907999999999999474e+00,6.253999999999999559e+00,-7.850476712459993678e+01,4.996572419586000251e+02,2.299336708999999956e+01
1.219999999999999973e+00,3.672749999999999737e+00,9.926000000000000156e+00,6.253249999999999531e+00,-7.850416796700000077e+01,4.996572740412000257e+02,2.299276710619999875e+01
1.221999999999999975e+00,3.678999999999999826e+00,9.932000000000000384e+00,6.253000000000000114e+00,-7.850416801139999734e+01,4.996572747467999989e+02,2.299296710499999818e+01
1.229999999999999982e+00,3.668600000000000083e+00,9.912000000000000810e+00,6.243399999999999395e+00,-7.850416818899999782e+01,4.996572775692000050e+02,2.299376710019999948e+01
1.231999999999999984e+00,3.665999999999999925e+00,9.907000000000000028e+00,6.240999999999999659e+00,-7.850435650859998304e+01,4.996570672014000252e+02,2.299396780180000022e+01
1.239999999999999991e+00,3.616000000000000103e+00,9.868000000000000327e+00,6.251999999999999780e+00,-7.850510978699989550e+01,4.996562257301999921e+02,2.299477060819999963e+01
1.247999999999999998e+00,3.603000000000000203e+00,9.867000000000000881e+00,6.264000000000000234e+00,-7.850431091019999030e+01,4.996562685069999930e+02,2.299397062979999973e+01
1.250000000000000000e+00,3.605600000000000360e+00,9.871600000000000819e+00,6.266000000000000014e+00,-7.850411119100000690e+01,4.996562792011999932e+02,2.299377063520000064e+01
1.258000000000000007e+00,3.616000000000000103e+00,9.890000000000000568e+00,6.274000000000000021e+00,-7.850575436540000851e+01,4.996569895196000175e+02,2.299456776879999964e+01
1.260000000000000009e+00,3.616000000000000103e+00,9.895500000000000185e+00,6.279499999999999638e+00,-7.850616515900000536e+01,4.996571670992000236e+02,2.299476705220000028e+01
1.266000000000000014e+00,3.616000000000000103e+00,9.912000000000000810e+00,6.296000000000000263e+00,-7.850556600139994146e+01,4.996571991818000242e+02,2.299416706839999947e+01
1.270000000000000018e+00,3.610666666666666913e+00,9.909333333333334437e+00,6.298666666666666636e+00,-7.850516656299990359e+01,4.996572205702000247e+02,2.299376707920000129e+01
1.274999999999999911e+00,3.604000000000000092e+00,9.906000000000000583e+00,6.301999999999999602e+00,-7.850560886299994934e+01,4.996561954667000123e+02,2.299427060069999840e+01
1.280000000000000027e+00,3.603375000000000217e+00,9.918499999999999872e+00,6.315125000000000099e+00,-7.850605116299999509e+01,4.996551703631999999e+02,2.299477412219999906e+01
1.282999999999999918e+00,3.603000000000000203e+00,9.926000000000000156e+00,6.323000000000000398e+00,-7.850573448479997296e+01,4.996548868941000023e+02,2.299447519079999935e+01
1.290000000000000036e+00,3.638700000000000490e+00,9.978500000000000369e+00,6.339800000000000324e+00,-7.850499556899990239e+01,4.996542254661999891e+02,2.299377768420000123e+01
1.292999999999999927e+00,3.653999999999999915e+00,1.000099999999999945e+01,6.347000000000000419e+00,-7.850561175939992609e+01,4.996544918355999698e+02,2.299407660930000219e+01
1.300000000000000044e+00,3.688125000000000764e+00,1.002987500000000054e+01,6.341750000000000220e+00,-7.850704953700000033e+01,4.996551133642000195e+02,2.299477410120000087e+01
1.300999999999999934e+00,3.693000000000000060e+00,1.003400000000000070e+01,6.341000000000000192e+00,-7.850705521460000114e+01,4.996552128481999944e+02,2.299467374830000210e+01
1.310000000000000053e+00,3.680000000000000160e+00,1.004299999999999926e+01,6.363000000000000433e+00,-7.850710631299999420e+01,4.996561082041999953e+02,2.299377057219999898e+01
1.318000000000000060e+00,3.680000000000000160e+00,1.003400000000000070e+01,6.354000000000000092e+00,-7.850630743620000374e+01,4.996561509809999961e+02,2.299297059379999908e+01
1.320000000000000062e+00,3.677111111111110997e+00,1.003377777777777879e+01,6.356666666666666465e+00,-7.850610771700000612e+01,4.996561616751999964e+02,2.299277059919999999e+01
1.326999999999999957e+00,3.666999999999999815e+00,1.003299999999999947e+01,6.365999999999999659e+00,-7.850540901059993359e+01,4.996562040440999795e+02,2.299347060969999745e+01
1.330000000000000071e+00,3.675666666666666860e+00,1.003266666666666573e+01,6.356999999999999318e+00,-7.850510956499989845e+01,4.996562222022000128e+02,2.299377061419999890e+01
1.336000000000000076e+00,3.693000000000000060e+00,1.003200000000000003e+01,6.339000000000000412e+00,-7.850570872259996236e+01,4.996561901196000122e+02,2.299437059799999972e+01
1.340000000000000080e+00,3.681000000000000050e+00,1.002088888888888896e+01,6.339888888888888907e+00,-7.850610816100000022e+01,4.996561687312000117e+02,2.299477058720000144e+01
1.344999999999999973e+00,3.665999999999999925e+00,1.000699999999999967e+01,6.341000000000000192e+00,-7.850560897399995497e+01,4.996561972307000019e+02,2.299477059770000054e+01
1.350000000000000089e+00,3.674750000000000405e+00,1.001449999999999996e+01,6.339750000000000441e+00,-7.850510978699989550e+01,4.996562257301999921e+02,2.299477060819999963e+01
1.352999999999999980e+00,3.680000000000000160e+00,1.001900000000000013e+01,6.339000000000000412e+00,-7.850540923259993065e+01,4.996562075721000156e+02,2.299447060370000173e+01
1.360000000000000098e+00,3.679222222222222172e+00,1.002755555555555489e+01,6.348333333333333606e+00,-7.850610793900000317e+01,4.996561652031999756e+02,2.299377059320000072e+01
1.362000000000000099e+00,3.678999999999999826e+00,1.002999999999999936e+01,6.350999999999999979e+00,-7.850610798339999974e+01,4.996561659088000056e+02,2.299397059200000015e+01
1.370000000000000107e+00,3.666999999999999815e+00,1.001900000000000013e+01,6.352000000000000313e+00,-7.850610816100000022e+01,4.996561687312000117e+02,2.299477058720000144e+01
1.379000000000000004e+00,3.678999999999999826e+00,1.004499999999999993e+01,6.365999999999999659e+00,-7.850610796120000145e+01,4.996561655559999622e+02,2.299387059260000044e+01
1.379999999999999893e+00,3.677666666666666639e+00,1.004466666666666619e+01,6.366999999999999993e+00,-7.850610793900000317e+01,4.996561652031999756e+02,2.299377059320000072e+01
1.387999999999999901e+00,3.666999999999999815e+00,1.004199999999999982e+01,6.375000000000000000e+00,-7.850610776140000269e+01,4.996561623807999695e+02,2.299297059799999943e+01
1.389999999999999902e+00,3.657499999999999751e+00,1.003374999999999950e+01,6.376249999999999751e+00,-7.850610771700000612e+01,4.996561616751999964e+02,2.299277059919999999e+01
1.395999999999999908e+00,3.629000000000000004e+00,1.000900000000000034e+01,6.379999999999999893e+00,-7.850667267580000441e+01,4.996555305718000000e+02,2.299337270399999866e+01
1.399999999999999911e+00,3.629000000000000004e+00,1.000855555555555476e+01,6.379555555555555202e+00,-7.850704931500000328e+01,4.996551098361999834e+02,2.299377410720000015e+01
1.405000000000000027e+00,3.629000000000000004e+00,1.000799999999999912e+01,6.378999999999999559e+00,-7.850702081599999360e+01,4.996546106522000059e+02,2.299377587470000250e+01
1.409999999999999920e+00,3.615111111111111164e+00,1.000077777777777754e+01,6.385666666666666380e+00,-7.850699231699999814e+01,4.996541114682000284e+02,2.299377764220000131e+01
1.413999999999999924e+00,3.604000000000000092e+00,9.994999999999999218e+00,6.391000000000000014e+00,-7.850701511619999451e+01,4.996545108153999877e+02,2.299377622820000155e+01
1.419999999999999929e+00,3.612000000000000099e+00,1.001233333333333420e+01,6.400333333333333208e+00,-7.850704931500000328e+01,4.996551098361999834e+02,2.299377410720000015e+01
1.423000000000000043e+00,3.616000000000000103e+00,1.002100000000000080e+01,6.405000000000000249e+00,-7.850676690219999898e+01,4.996554264462999981e+02,2.299377305300000174e+01
1.429999999999999938e+00,3.627374999999999794e+00,1.004199999999999982e+01,6.414625000000000021e+00,-7.850610793900000317e+01,4.996561652031999756e+02,2.299377059320000072e+01
1.431000000000000050e+00,3.629000000000000004e+00,1.004499999999999993e+01,6.416000000000000369e+00,-7.850620777640000370e+01,4.996561595032999890e+02,2.299377059109999877e+01
1.439999999999999947e+00,3.668000000000000149e+00,1.008399999999999963e+01,6.416000000000000369e+00,-7.850710631299999420e+01,4.996561082041999953e+02,2.299377057219999898e+01
1.449000000000000066e+00,3.717999999999999972e+00,1.012199999999999989e+01,6.403999999999999915e+00,-7.850620797620000246e+01,4.996561626785000385e+02,2.299467058569999978e+01
1.449999999999999956e+00,3.715222222222222648e+00,1.012033333333333296e+01,6.405111111111111200e+00,-7.850610816100000022e+01,4.996561687312000117e+02,2.299477058720000144e+01
1.457999999999999963e+00,3.693000000000000060e+00,1.010699999999999932e+01,6.413999999999999702e+00,-7.850610798339999974e+01,4.996561659088000056e+02,2.299397059200000015e+01
1.459999999999999964e+00,3.689750000000000085e+00,1.010074999999999967e+01,6.410999999999999588e+00,-7.850610793900000317e+01,4.996561652031999756e+02,2.299377059320000072e+01
1.465999999999999970e+00,3.680000000000000160e+00,1.008200000000000074e+01,6.402000000000000135e+00,-7.850550864819994956e+01,4.996561951690000001e+02,2.299257061300000160e+01
1.469999999999999973e+00,3.673777777777778031e+00,1.008155555555555516e+01,6.407777777777777573e+00,-7.850510912099990435e+01,4.996562151461999974e+02,2.299177062620000100e+01
1.475000000000000089e+00,3.665999999999999925e+00,1.008099999999999952e+01,6.415000000000000036e+00,-7.850305493099989462e+01,4.996553237201999877e+02,2.298977421520000064e+01
1.479999999999999982e+00,3.652111111111111086e+00,1.006433333333333380e+01,6.412222222222222712e+00,-7.850100074099989911e+01,4.996544322941999781e+02,2.298777780420000028e+01
1.483999999999999986e+00,3.641000000000000014e+00,1.005100000000000016e+01,6.410000000000000142e+00,-7.849520341059994166e+01,4.996511376070000097e+02,2.298219068139999877e+01
1.489999999999999991e+00,3.631250000000000089e+00,1.003224999999999945e+01,6.400999999999999801e+00,-7.848650741500000549e+01,4.996461955762000002e+02,2.297380999720000005e+01
1.491999999999999993e+00,3.628000000000000114e+00,1.002599999999999980e+01,6.397999999999999687e+00,-7.848142929739999829e+01,4.996414625137999792e+02,2.296962779820000122e+01
1.500000000000000000e+00,3.628000000000000114e+00,1.004822222222222194e+01,6.420222222222222719e+00,-7.846111682699999790e+01,4.996225302642000088e+02,2.295289900219999879e+01
1.500999999999999890e+00,3.628000000000000114e+00,1.005100000000000016e+01,6.423000000000000043e+00,-7.845726539039999636e+01,4.996182301037999878e+02,2.294931500690000092e+01
1.510000000000000009e+00,3.653999999999999915e+00,1.008399999999999963e+01,6.429999999999999716e+00,-7.842260246099999677e+01,4.995795286602000260e+02,2.291705904919999881e+01
1.520000000000000018e+00,3.653999999999999915e+00,1.010092307692307756e+01,6.446923076923076756e+00,-7.836146552499999984e+01,4.995087113871999804e+02,2.286432215419999991e+01
1.522999999999999909e+00,3.653999999999999915e+00,1.010599999999999987e+01,6.451999999999999957e+00,-7.833725344239999799e+01,4.994793718326999965e+02,2.284403092009999980e+01
1.530000000000000027e+00,3.620749999999999691e+00,1.009024999999999928e+01,6.469500000000000917e+00,-7.828075858299999368e+01,4.994109128722000150e+02,2.279668470720000073e+01
1.530999999999999917e+00,3.616000000000000103e+00,1.008799999999999919e+01,6.472000000000000419e+00,-7.827130439459999423e+01,4.993997078034000197e+02,2.278942629530000019e+01
1.540000000000000036e+00,3.603000000000000203e+00,1.009699999999999953e+01,6.493999999999999773e+00,-7.818621669899999915e+01,4.992988621842000043e+02,2.272410058819999890e+01
1.548000000000000043e+00,3.577999999999999847e+00,1.008000000000000007e+01,6.501999999999999780e+00,-7.812555255659999887e+01,4.992187838753999927e+02,2.266599622660000080e+01
1.550000000000000044e+00,3.581999999999999851e+00,1.007984615384615346e+01,6.497846153846153605e+00,-7.811038652099999524e+01,4.991987642981999898e+02,2.265147013620000038e+01
1.560000000000000053e+00,3.602000000000000313e+00,1.007907692307692393e+01,6.477076923076922732e+00,-7.804915718499999855e+01,4.991438826561999917e+02,2.257167686420000052e+01
1.560999999999999943e+00,3.604000000000000092e+00,1.007900000000000063e+01,6.474999999999999645e+00,-7.804058665159999464e+01,4.991411380934000022e+02,2.256358840120000053e+01
1.570000000000000062e+00,3.615700000000000358e+00,1.010149999999999970e+01,6.485800000000000232e+00,-7.796345185100000208e+01,4.991164370281999823e+02,2.249079223420000062e+01
1.570999999999999952e+00,3.616999999999999993e+00,1.010399999999999920e+01,6.487000000000000099e+00,-7.795252280360000441e+01,4.991127324143000124e+02,2.248470769600000096e+01
1.580000000000000071e+00,3.634307692307692239e+00,1.012338461538461587e+01,6.489076923076923187e+00,-7.785416137699999695e+01,4.990793908891999990e+02,2.242994685220000051e+01
1.584000000000000075e+00,3.641999999999999904e+00,1.013199999999999967e+01,6.490000000000000213e+00,-7.780349815939996461e+01,4.990621885868000049e+02,2.241241869939999987e+01
1.590000000000000080e+00,3.669000000000000039e+00,1.016349999999999909e+01,6.494500000000000384e+00,-7.772750333299990189e+01,4.990363851331999854e+02,2.238612647020000068e+01
1.592000000000000082e+00,3.677999999999999936e+00,1.017399999999999949e+01,6.496000000000000441e+00,-7.769504563659991447e+01,4.990327933282000004e+02,2.237594629660000223e+01
1.600000000000000089e+00,3.666444444444444173e+00,1.016511111111111099e+01,6.498666666666666814e+00,-7.756521485099999325e+01,4.990184261082000035e+02,2.233522560220000130e+01
1.600999999999999979e+00,3.665000000000000036e+00,1.016399999999999970e+01,6.498999999999999666e+00,-7.754593376759999046e+01,4.990193095809000283e+02,2.233042674330000210e+01
1.608999999999999986e+00,3.641000000000000014e+00,1.013000000000000078e+01,6.488999999999999879e+00,-7.739168510039999660e+01,4.990263773624999999e+02,2.229203587209999782e+01
1.610000000000000098e+00,3.636999999999999567e+00,1.012379999999999924e+01,6.486799999999999677e+00,-7.737240401699999381e+01,4.990272608352000248e+02,2.228723701319999861e+01
1.618999999999999995e+00,3.600999999999999979e+00,1.006799999999999962e+01,6.466999999999999638e+00,-7.717179010379999227e+01,4.990502962056000342e+02,2.224850011950000095e+01
1.620000000000000107e+00,3.604250000000000398e+00,1.007162499999999916e+01,6.467374999999999652e+00,-7.714949966899999367e+01,4.990528556912000226e+02,2.224419602020000042e+01
1.627000000000000002e+00,3.626999999999999780e+00,1.009699999999999953e+01,6.469999999999999751e+00,-7.696914469419999705e+01,4.990868721268000172e+02,2.221051591080000165e+01
1.629999999999999893e+00,3.626999999999999780e+00,1.010112499999999969e+01,6.474124999999999908e+00,-7.689184970499999849e+01,4.991014505992000068e+02,2.219608157820000116e+01
1.635000000000000009e+00,3.626999999999999780e+00,1.010800000000000054e+01,6.480999999999999872e+00,-7.674547981099993876e+01,4.991342353352000032e+02,2.216449826770000087e+01
1.639999999999999902e+00,3.592000000000000082e+00,1.007800000000000118e+01,6.485999999999999766e+00,-7.659910991699989324e+01,4.991670200711999996e+02,2.213291495720000057e+01
1.643999999999999906e+00,3.564000000000000057e+00,1.005400000000000027e+01,6.490000000000000213e+00,-7.647104739299993525e+01,4.991906404476000034e+02,2.209965989559999855e+01
1.649999999999999911e+00,3.563333333333333464e+00,1.005866666666666731e+01,6.495333333333333847e+00,-7.627895360700000538e+01,4.992260710122000091e+02,2.204977730319999907e+01
1.653000000000000025e+00,3.563000000000000167e+00,1.006099999999999994e+01,6.498000000000000220e+00,-7.617633469080000452e+01,4.992339385844999811e+02,2.202307220079999794e+01
1.659999999999999920e+00,3.574374999999999858e+00,1.007412500000000044e+01,6.499749999999999694e+00,-7.593689055299999779e+01,4.992522962531999724e+02,2.196076029520000006e+01
1.661000000000000032e+00,3.576000000000000068e+00,1.007600000000000051e+01,6.500000000000000000e+00,-7.590070751759998302e+01,4.992536290073999794e+02,2.195176358390000004e+01
1.669999999999999929e+00,3.576000000000000068e+00,1.008600000000000030e+01,6.509999999999999787e+00,-7.557506019899990690e+01,4.992656237951999856e+02,2.187079318219999990e+01
1.679000000000000048e+00,3.588999999999999968e+00,1.010200000000000031e+01,6.512999999999999901e+00,-7.525638874979989623e+01,4.993050763499999789e+02,2.176452419179999964e+01
1.679999999999999938e+00,3.587500000000000355e+00,1.009887500000000138e+01,6.511375000000000135e+00,-7.522098081099990452e+01,4.993094599671999845e+02,2.175271652620000040e+01
1.687000000000000055e+00,3.576999999999999957e+00,1.007699999999999996e+01,6.500000000000000000e+00,-7.496215806079996469e+01,4.993568306212999914e+02,2.165110631679999642e+01
1.689999999999999947e+00,3.569200000000000372e+00,1.007339999999999947e+01,6.504199999999999982e+00,-7.485123402499999656e+01,4.993771323302000269e+02,2.160755908419999827e+01
1.697000000000000064e+00,3.551000000000000156e+00,1.006499999999999950e+01,6.514000000000000234e+00,-7.457901556519999531e+01,4.993986419707999858e+02,2.151094312629999905e+01
1.699999999999999956e+00,3.546666666666666856e+00,1.006033333333333246e+01,6.513666666666666494e+00,-7.446235051099999680e+01,4.994078603881999925e+02,2.146953628720000040e+01
1.705999999999999961e+00,3.537999999999999812e+00,1.005100000000000016e+01,6.512999999999999901e+00,-7.422108189260005418e+01,4.993925119657999971e+02,2.139164360319999858e+01
1.709999999999999964e+00,3.544499999999999762e+00,1.006299999999999883e+01,6.518499999999999517e+00,-7.406023614700009716e+01,4.993822796842000002e+02,2.133971514719999973e+01
1.713999999999999968e+00,3.551000000000000156e+00,1.007499999999999929e+01,6.524000000000000021e+00,-7.389311606380002218e+01,4.993603946481999856e+02,2.129022921440000005e+01
1.719999999999999973e+00,3.578749999999999876e+00,1.010275000000000034e+01,6.524000000000000021e+00,-7.364243593899989548e+01,4.993275670941999920e+02,2.121600031519999874e+01
1.721999999999999975e+00,3.588000000000000078e+00,1.011200000000000010e+01,6.524000000000000021e+00,-7.356417475739991119e+01,4.993217180675999884e+02,2.118763817640000013e+01
1.729999999999999982e+00,3.554222222222222616e+00,1.007822222222222308e+01,6.524000000000000021e+00,-7.325113003100000242e+01,4.992983219611999743e+02,2.107418962119999861e+01
1.731000000000000094e+00,3.549999999999999822e+00,1.007399999999999984e+01,6.524000000000000021e+00,-7.321016215339999178e+01,4.992983047594999562e+02,2.105939869939999554e+01
1.739999999999999991e+00,3.548999999999999932e+00,1.007300000000000040e+01,6.524000000000000021e+00,-7.284145125499999551e+01,4.992981499442000199e+02,2.092628040319999982e+01
1.749000000000000110e+00,3.588000000000000078e+00,1.012199999999999989e+01,6.533999999999999808e+00,-7.246290875120000408e+01,4.992994738261999714e+02,2.079765910640000115e+01
1.750000000000000000e+00,3.587874999999999925e+00,1.012187499999999929e+01,6.533999999999999808e+00,-7.242084847300000661e+01,4.992996209241999850e+02,2.078336785120000130e+01
1.756999999999999895e+00,3.587000000000000188e+00,1.012100000000000044e+01,6.533999999999999808e+00,-7.209841284200000189e+01,4.992889283884999827e+02,2.068337665360000344e+01
1.760000000000000009e+00,3.587333333333333485e+00,1.012466666666666626e+01,6.537333333333332774e+00,-7.196022614299999987e+01,4.992843458731999817e+02,2.064052328320000029e+01
1.766000000000000014e+00,3.588000000000000078e+00,1.013199999999999967e+01,6.543999999999999595e+00,-7.169076771379999968e+01,4.992699825170000167e+02,2.055603335200000004e+01
1.770000000000000018e+00,3.575000000000000178e+00,1.012000000000000099e+01,6.544999999999999929e+00,-7.151112876099999482e+01,4.992604069462000211e+02,2.049970673119999987e+01
1.774000000000000021e+00,3.561999999999999833e+00,1.010800000000000054e+01,6.546000000000000263e+00,-7.132584030900000016e+01,4.992571438205999925e+02,2.043775906000000120e+01
1.780000000000000027e+00,3.554799999999999738e+00,1.010200000000000031e+01,6.547200000000000131e+00,-7.104790763100000106e+01,4.992522491322000064e+02,2.034483755320000142e+01
1.784000000000000030e+00,3.549999999999999822e+00,1.009800000000000075e+01,6.548000000000000043e+00,-7.084592486379996501e+01,4.992583357461999753e+02,2.027806057800000161e+01
1.790000000000000036e+00,3.540999999999999925e+00,1.009724999999999895e+01,6.556250000000000355e+00,-7.054295071299989672e+01,4.992674656671999855e+02,2.017789511519999834e+01
1.792000000000000037e+00,3.537999999999999812e+00,1.009699999999999953e+01,6.559000000000000163e+00,-7.043918677019991037e+01,4.992710693298000137e+02,2.014490526999999886e+01
1.800000000000000044e+00,3.513999999999999790e+00,1.008722222222222165e+01,6.573222222222222300e+00,-7.002413099899999338e+01,4.992854839802000129e+02,2.001294588920000095e+01
1.800999999999999934e+00,3.511000000000000121e+00,1.008600000000000030e+01,6.575000000000000178e+00,-6.997228342619999353e+01,4.992878880074999870e+02,1.999734884020000081e+01
1.810000000000000053e+00,3.563000000000000167e+00,1.014799999999999969e+01,6.584999999999999964e+00,-6.950565527099999485e+01,4.993095242531999816e+02,1.985697539919999954e+01
1.818000000000000060e+00,3.588999999999999968e+00,1.016200000000000081e+01,6.573000000000000398e+00,-6.910510822940000253e+01,4.993535089004000156e+02,1.971050837199999961e+01
1.820000000000000062e+00,3.583222222222222086e+00,1.015866666666666696e+01,6.575444444444444869e+00,-6.900497146899999734e+01,4.993645050622000099e+02,1.967389161519999874e+01
1.826999999999999957e+00,3.563000000000000167e+00,1.014700000000000024e+01,6.583999999999999631e+00,-6.863805989880000880e+01,4.993976195939999911e+02,1.954575557500000116e+01
1.830000000000000071e+00,3.572375000000000522e+00,1.014775000000000027e+01,6.575374999999999304e+00,-6.848081208300000355e+01,4.994118115361999912e+02,1.949084012919999864e+01
1.834999999999999964e+00,3.588000000000000078e+00,1.014899999999999913e+01,6.560999999999999943e+00,-6.821922102199999927e+01,4.994089310672000011e+02,1.940990795870000341e+01
1.840000000000000080e+00,3.594500000000000028e+00,1.015450000000000053e+01,6.559999999999999609e+00,-6.795762996099999498e+01,4.994060505982000109e+02,1.932897578820000106e+01
1.844999999999999973e+00,3.600999999999999979e+00,1.016000000000000014e+01,6.559000000000000163e+00,-6.770148910599999681e+01,4.993933665712000334e+02,1.925457703520000052e+01
1.850000000000000089e+00,3.592249999999999943e+00,1.016000000000000014e+01,6.567750000000000199e+00,-6.744534825099999864e+01,4.993806825441999990e+02,1.918017828219999998e+01
1.852999999999999980e+00,3.587000000000000188e+00,1.016000000000000014e+01,6.573000000000000398e+00,-6.729873840159997656e+01,4.993864640526999779e+02,1.912799016010000130e+01
1.860000000000000098e+00,3.588555555555555721e+00,1.015766666666666751e+01,6.569111111111110901e+00,-6.695664875299989660e+01,4.993999542391999853e+02,1.900621787520000083e+01
1.862000000000000099e+00,3.588999999999999968e+00,1.015700000000000003e+01,6.567999999999999616e+00,-6.686130998059991271e+01,4.994072695435999663e+02,1.896921303479999921e+01
1.870000000000000107e+00,3.554333333333332678e+00,1.012500000000000000e+01,6.570666666666665989e+00,-6.647995489100000555e+01,4.994365307612000038e+02,1.882119367319999981e+01
1.870999999999999996e+00,3.549999999999999822e+00,1.012100000000000044e+01,6.570999999999999730e+00,-6.643233792140000560e+01,4.994340875642000128e+02,1.880611278770000183e+01
1.879000000000000004e+00,3.548999999999999932e+00,1.013199999999999967e+01,6.583000000000000185e+00,-6.605140216460000602e+01,4.994145419881999715e+02,1.868546570369999671e+01
1.879999999999999893e+00,3.548999999999999932e+00,1.013362500000000033e+01,6.584624999999999950e+00,-6.600378519500000607e+01,4.994120987911999805e+02,1.867038481819999873e+01
1.887000000000000011e+00,3.548999999999999932e+00,1.014499999999999957e+01,6.596000000000000085e+00,-6.568596497759999409e+01,4.993717173689999527e+02,1.857679737949999677e+01
1.889999999999999902e+00,3.544666666666666632e+00,1.014933333333333287e+01,6.604666666666666686e+00,-6.554975631300000316e+01,4.993544110451999813e+02,1.853668847719999846e+01
1.895999999999999908e+00,3.536000000000000032e+00,1.015799999999999947e+01,6.621999999999999886e+00,-6.528465951780000864e+01,4.993427631779999842e+02,1.844078792119999832e+01
1.899999999999999911e+00,3.561599999999999877e+00,1.017880000000000074e+01,6.617200000000000415e+00,-6.510792832100000282e+01,4.993349979331999862e+02,1.837685421719999823e+01
1.905999999999999917e+00,3.600000000000000089e+00,1.021000000000000085e+01,6.610000000000000320e+00,-6.483593191219999596e+01,4.993393459142000097e+02,1.827429871860000077e+01
1.909999999999999920e+00,3.594000000000000306e+00,1.021550000000000047e+01,6.621500000000000163e+00,-6.465460097300000086e+01,4.993422445681999875e+02,1.820592838620000009e+01
1.913999999999999924e+00,3.588000000000000078e+00,1.022100000000000009e+01,6.633000000000000007e+00,-6.446688267700000097e+01,4.993315092550000145e+02,1.814440762059999912e+01
1.919999999999999929e+00,3.562000000000000277e+00,1.018966666666666754e+01,6.627666666666666373e+00,-6.418530523299999402e+01,4.993154062852000266e+02,1.805212647220000122e+01
1.923000000000000043e+00,3.548999999999999932e+00,1.017399999999999949e+01,6.625000000000000000e+00,-6.404815514379995989e+01,4.993026631330000100e+02,1.801260168399999984e+01
1.929999999999999938e+00,3.571749999999999758e+00,1.019587499999999913e+01,6.624124999999999375e+00,-6.372813826899989920e+01,4.992729291112000283e+02,1.792037717819999898e+01
1.931000000000000050e+00,3.575000000000000178e+00,1.019899999999999984e+01,6.623999999999999666e+00,-6.368171335559990354e+01,4.992738216024000053e+02,1.790478425569999743e+01
1.939999999999999947e+00,3.549999999999999822e+00,1.018599999999999994e+01,6.636000000000000121e+00,-6.326388913499999944e+01,4.992818540232000259e+02,1.776444795320000125e+01
1.949000000000000066e+00,3.524000000000000021e+00,1.017300000000000004e+01,6.649000000000000021e+00,-6.283863872999999245e+01,4.993335072021000087e+02,1.760325927079999886e+01
1.949999999999999956e+00,3.524000000000000021e+00,1.017166666666666686e+01,6.647666666666666835e+00,-6.279138868500000115e+01,4.993392464442000005e+02,1.758534941719999978e+01
1.957999999999999963e+00,3.524000000000000021e+00,1.016099999999999959e+01,6.636999999999999567e+00,-6.240353570580000309e+01,4.993529319953999561e+02,1.745978659880000095e+01
1.959999999999999964e+00,3.520000000000000018e+00,1.015899999999999892e+01,6.638999999999999346e+00,-6.230657246100000179e+01,4.993563533831999735e+02,1.742839589420000124e+01
1.969999999999999973e+00,3.500000000000000444e+00,1.014899999999999913e+01,6.649000000000000021e+00,-6.180667355499989668e+01,4.993373428372000262e+02,1.729457330119999980e+01
1.971000000000000085e+00,3.498000000000000220e+00,1.014799999999999969e+01,6.650000000000000355e+00,-6.175733888339990330e+01,4.993399017606000143e+02,1.727837514279999809e+01
1.979000000000000092e+00,3.536000000000000032e+00,1.019699999999999918e+01,6.660999999999999588e+00,-6.136266151059998464e+01,4.993603731478000327e+02,1.714878987559999857e+01
1.979999999999999982e+00,3.540222222222221937e+00,1.019966666666666555e+01,6.659444444444444500e+00,-6.131332683899999836e+01,4.993629320712000208e+02,1.713259171720000040e+01
1.987999999999999989e+00,3.573999999999999844e+00,1.022100000000000009e+01,6.647000000000000242e+00,-6.092108651099999861e+01,4.994120600544000013e+02,1.698850471160000097e+01
1.989999999999999991e+00,3.582666666666666444e+00,1.022899999999999920e+01,6.646333333333333648e+00,-6.082302642900000222e+01,4.994243420501999822e+02,1.695248296020000112e+01
1.997000000000000108e+00,3.612999999999999989e+00,1.025699999999999967e+01,6.644000000000000128e+00,-6.048501227559999194e+01,4.994355283729000234e+02,1.683981795599999742e+01
2.000000000000000000e+00,3.608333333333333393e+00,1.024833333333333307e+01,6.639999999999999680e+00,-6.034014906699999869e+01,4.994403225112000086e+02,1.679153295420000092e+01
2.005999999999999783e+00,3.599000000000000199e+00,1.023099999999999987e+01,6.631999999999999673e+00,-6.004123637860000429e+01,4.994258463304000202e+02,1.670944998900000300e+01
2.009999999999999787e+00,3.579500000000000348e+00,1.021199999999999974e+01,6.632500000000000284e+00,-5.984196125300000091e+01,4.994161955431999900e+02,1.665472801219999965e+01
2.013999999999999790e+00,3.560000000000000053e+00,1.019299999999999962e+01,6.633000000000000007e+00,-5.965436816659996566e+01,4.994146708375999992e+02,1.659397472819999919e+01
2.020000000000000018e+00,3.572000000000000064e+00,1.019346153846153946e+01,6.621461538461538510e+00,-5.937297853699990213e+01,4.994123837792000131e+02,1.650284480219999850e+01
2.027000000000000135e+00,3.585999999999999854e+00,1.019400000000000084e+01,6.607999999999999652e+00,-5.905450959739989258e+01,4.994343363560000171e+02,1.637963739759999271e+01
2.029999999999999805e+00,3.571750000000001535e+00,1.017075000000000351e+01,6.599000000000000199e+00,-5.891802290899990169e+01,4.994437446032000025e+02,1.632683422419999886e+01
2.035000000000000142e+00,3.548000000000000043e+00,1.013199999999999967e+01,6.583999999999999631e+00,-5.869374183999994443e+01,4.994452392712000233e+02,1.624437830819999462e+01
2.040000000000000036e+00,3.555777777777777704e+00,1.014588888888888896e+01,6.590111111111110809e+00,-5.846946077100000139e+01,4.994467339391999872e+02,1.616192239220000104e+01
2.044000000000000039e+00,3.561999999999999833e+00,1.015700000000000003e+01,6.594999999999999751e+00,-5.828525896379999693e+01,4.994274125627999865e+02,1.610843118859999734e+01
2.049999999999999822e+00,3.562666666666666870e+00,1.015033333333333410e+01,6.587666666666666337e+00,-5.800895625300000091e+01,4.993984304982000140e+02,1.602819438319999890e+01
2.052999999999999936e+00,3.563000000000000167e+00,1.014700000000000024e+01,6.583999999999999631e+00,-5.787508303260000275e+01,4.993851891548999902e+02,1.598567060419999919e+01
2.060000000000000053e+00,3.582444444444444986e+00,1.016644444444444595e+01,6.583999999999999631e+00,-5.756271218500000231e+01,4.993542926871999725e+02,1.588644845319999988e+01
2.061999999999999833e+00,3.588000000000000078e+00,1.017200000000000060e+01,6.583999999999999631e+00,-5.747297673620001035e+01,4.993544876791999627e+02,1.585246750680000360e+01
2.069999999999999840e+00,3.613333333333333286e+00,1.018866666666666632e+01,6.575333333333333030e+00,-5.711403494099999989e+01,4.993552676471999803e+02,1.571654372120000076e+01
2.073999999999999844e+00,3.625999999999999890e+00,1.019699999999999918e+01,6.570999999999999730e+00,-5.693318422260000489e+01,4.993525411307999775e+02,1.565139314880000221e+01
2.080000000000000071e+00,3.591333333333333044e+00,1.015433333333333188e+01,6.562999999999999723e+00,-5.666190814499999817e+01,4.993484513561999734e+02,1.555366729019999994e+01
2.083000000000000185e+00,3.573999999999999844e+00,1.013299999999999912e+01,6.559000000000000163e+00,-5.651989739639999044e+01,4.993347826991999909e+02,1.551384684659999813e+01
2.089999999999999858e+00,3.594222222222221763e+00,1.014388888888888829e+01,6.549666666666666970e+00,-5.618853898300000083e+01,4.993028891661999751e+02,1.542093247819999924e+01
2.092000000000000082e+00,3.600000000000000089e+00,1.014700000000000024e+01,6.546999999999999709e+00,-5.609618024379999213e+01,4.992992401845999666e+02,1.539056570059999629e+01
2.100000000000000089e+00,3.611555555555555852e+00,1.014522222222222148e+01,6.533666666666666067e+00,-5.572674528699999996e+01,4.992846442581999895e+02,1.526909859020000049e+01
2.100999999999999979e+00,3.612999999999999989e+00,1.014499999999999957e+01,6.532000000000000028e+00,-5.567929844140000739e+01,4.992886909161999824e+02,1.525089475000000228e+01
2.109999999999999876e+00,3.572999999999999954e+00,1.010800000000000054e+01,6.535000000000000142e+00,-5.525227683100000320e+01,4.993251108381999757e+02,1.508706018820000061e+01
2.117999999999999883e+00,3.572999999999999954e+00,1.011999999999999922e+01,6.546999999999999709e+00,-5.487026090300000902e+01,4.993568306725999832e+02,1.494383233060000293e+01
2.120000000000000107e+00,3.572999999999999954e+00,1.012244444444444369e+01,6.549444444444444180e+00,-5.477475692099999804e+01,4.993647606311999994e+02,1.490802536620000041e+01
2.126999999999999780e+00,3.572999999999999954e+00,1.013100000000000023e+01,6.557999999999999829e+00,-5.442476456080000702e+01,4.993626328866999984e+02,1.480241004520000203e+01
2.129999999999999893e+00,3.587769230769231044e+00,1.014023076923076871e+01,6.552461538461538559e+00,-5.427476783499999868e+01,4.993617209962000061e+02,1.475714633619999994e+01
2.140000000000000124e+00,3.637000000000000011e+00,1.017099999999999937e+01,6.533999999999999808e+00,-5.377965684499989862e+01,4.993564031582000098e+02,1.460727426519999916e+01
2.149000000000000021e+00,3.649000000000000021e+00,1.022100000000000009e+01,6.572000000000000064e+00,-5.334349757239989742e+01,4.993906658792000144e+02,1.445064939369999735e+01
2.149999999999999911e+00,3.649222222222222367e+00,1.022122222222222199e+01,6.572000000000000064e+00,-5.329503543099990281e+01,4.993944728481999960e+02,1.443324663019999932e+01
2.157999999999999918e+00,3.650999999999999801e+00,1.022300000000000075e+01,6.572000000000000064e+00,-5.290304555579999146e+01,4.994339539650000006e+02,1.428439357260000442e+01
2.160000000000000142e+00,3.646999999999999353e+00,1.022253846153846268e+01,6.575538461538461554e+00,-5.280504808700000297e+01,4.994438242442000160e+02,1.424718030820000081e+01
2.169999999999999929e+00,3.626999999999999780e+00,1.022023076923077056e+01,6.593230769230769006e+00,-5.230754025299999910e+01,4.994316141882000011e+02,1.409233305419999915e+01
2.170999999999999819e+00,3.625000000000000000e+00,1.022000000000000064e+01,6.594999999999999751e+00,-5.225887686279999400e+01,4.994266314727000236e+02,1.407866137020000075e+01
2.178999999999999826e+00,3.587000000000000188e+00,1.019599999999999973e+01,6.608999999999999986e+00,-5.186956974119992481e+01,4.993867697486999759e+02,1.396928789820000461e+01
2.180000000000000160e+00,3.587222222222222534e+00,1.019733333333333292e+01,6.610111111111111271e+00,-5.182090635099989839e+01,4.993817870331999984e+02,1.395561621420000087e+01
2.188000000000000167e+00,3.588999999999999968e+00,1.020800000000000018e+01,6.618999999999999773e+00,-5.145379499259996692e+01,4.993798253932000080e+02,1.381890391339999624e+01
2.189999999999999947e+00,3.577222222222223191e+00,1.020244444444444554e+01,6.625222222222221902e+00,-5.136201715299999648e+01,4.993793349832000104e+02,1.378472583819999997e+01
2.197000000000000064e+00,3.536000000000000032e+00,1.018299999999999983e+01,6.647000000000000242e+00,-5.103833559339999937e+01,4.993959537678999823e+02,1.365523837030000109e+01
2.200000000000000178e+00,3.521749999999999492e+00,1.017437499999999950e+01,6.652625000000000455e+00,-5.089961492500000162e+01,4.994030761042000108e+02,1.359974374119999929e+01
2.205000000000000071e+00,3.498000000000000220e+00,1.016000000000000014e+01,6.661999999999999922e+00,-5.067279607100000050e+01,4.993952073302000372e+02,1.351932143769999861e+01
2.209999999999999964e+00,3.505777777777777882e+00,1.015888888888888886e+01,6.653111111111111420e+00,-5.044597721699999937e+01,4.993873385562000067e+02,1.343889913419999971e+01
2.213999999999999968e+00,3.512000000000000011e+00,1.015799999999999947e+01,6.645999999999999908e+00,-5.025886578899996238e+01,4.993661772186000007e+02,1.338461506420000013e+01
2.220000000000000195e+00,3.520250000000000323e+00,1.018500000000000227e+01,6.664750000000000618e+00,-4.997819864699989978e+01,4.993344352121999918e+02,1.330318895919999989e+01
2.221999999999999975e+00,3.523000000000000131e+00,1.019400000000000084e+01,6.671000000000000263e+00,-4.988840628899993135e+01,4.993336332473999732e+02,1.326961154540000187e+01
2.229999999999999982e+00,3.563799999999999191e+00,1.020439999999999969e+01,6.640600000000000946e+00,-4.952923685700000078e+01,4.993304253882000125e+02,1.313530189019999916e+01
2.232000000000000206e+00,3.573999999999999844e+00,1.020700000000000074e+01,6.633000000000000007e+00,-4.943858759459999419e+01,4.993356686238000179e+02,1.309790331439999633e+01
2.240000000000000213e+00,3.573333333333333250e+00,1.021366666666666667e+01,6.640333333333333421e+00,-4.907599054500000335e+01,4.993566415661999827e+02,1.294830901119999922e+01
2.244000000000000217e+00,3.572999999999999954e+00,1.021700000000000053e+01,6.644000000000000128e+00,-4.888854477379995700e+01,4.993506814849999955e+02,1.288197130639999877e+01
2.250000000000000000e+00,3.573599999999999888e+00,1.022480000000000011e+01,6.651199999999999335e+00,-4.860737611699990168e+01,4.993417413632000148e+02,1.278246474920000075e+01
2.254000000000000004e+00,3.573999999999999844e+00,1.023000000000000043e+01,6.655999999999999694e+00,-4.840948189459989948e+01,4.993211899700000345e+02,1.272658091559999960e+01
2.259999999999999787e+00,3.603249999999998732e+00,1.022175000000000011e+01,6.618500000000000938e+00,-4.811264056099989972e+01,4.992903628802000071e+02,1.264275516520000053e+01
2.262000000000000011e+00,3.612999999999999989e+00,1.021899999999999942e+01,6.605999999999999872e+00,-4.801698950259991250e+01,4.992886977016000287e+02,1.261038210799999781e+01
2.270000000000000018e+00,3.611000000000000210e+00,1.021700000000000053e+01,6.605999999999999872e+00,-4.763438526899999914e+01,4.992820369872000015e+02,1.248088987919999937e+01
2.279999999999999805e+00,3.612000000000000099e+00,1.018200000000000038e+01,6.570000000000000284e+00,-4.715366739299999921e+01,4.993358531201999995e+02,1.229080571719999959e+01
2.287999999999999812e+00,3.624000000000000110e+00,1.019400000000000084e+01,6.570000000000000284e+00,-4.677085294340000843e+01,4.993676213761999634e+02,1.214837787160000282e+01
2.290000000000000036e+00,3.621333333333333293e+00,1.019133333333333447e+01,6.570000000000000284e+00,-4.667514933100000007e+01,4.993755634401999828e+02,1.211277091020000007e+01
2.297000000000000153e+00,3.612000000000000099e+00,1.018200000000000038e+01,6.570000000000000284e+00,-4.632761593639998665e+01,4.993550980063999987e+02,1.201631979809999606e+01
2.299999999999999822e+00,3.626624999999998433e+00,1.019099999999999895e+01,6.564375000000000959e+00,-4.617867305299999714e+01,4.993463271062000217e+02,1.197498360720000044e+01
2.305000000000000160e+00,3.650999999999999801e+00,1.020599999999999952e+01,6.554999999999999716e+00,-4.593843425799993696e+01,4.993402438266999752e+02,1.189955802219999725e+01
2.310000000000000053e+00,3.650999999999999801e+00,1.021544444444444544e+01,6.564444444444443860e+00,-4.569819546299989810e+01,4.993341605471999856e+02,1.182413243719999940e+01
2.314000000000000057e+00,3.650999999999999801e+00,1.022300000000000075e+01,6.572000000000000064e+00,-4.550572627419993665e+01,4.993524978675999932e+02,1.174971007479999763e+01
2.319999999999999840e+00,3.633666666666667044e+00,1.019766666666666843e+01,6.564000000000000057e+00,-4.521702249100000159e+01,4.993800038481999763e+02,1.163807653119999941e+01
2.322999999999999954e+00,3.625000000000000000e+00,1.018500000000000050e+01,6.559999999999999609e+00,-4.507602555399999744e+01,4.993893616716999873e+02,1.158317452539999870e+01
2.330000000000000071e+00,3.603124999999999911e+00,1.018412499999999987e+01,6.580999999999999517e+00,-4.474703270100000196e+01,4.994111965931999748e+02,1.145506984520000060e+01
2.330999999999999961e+00,3.600000000000000089e+00,1.018399999999999928e+01,6.583999999999999631e+00,-4.469908507220000615e+01,4.994064703135999821e+02,1.144049709140000104e+01
2.339999999999999858e+00,3.600000000000000089e+00,1.019599999999999973e+01,6.596000000000000085e+00,-4.426755641300000121e+01,4.993639337971999907e+02,1.130934230719999967e+01
2.349000000000000199e+00,3.588000000000000078e+00,1.018500000000000050e+01,6.597000000000000419e+00,-4.384411398379999270e+01,4.993209260633000213e+02,1.117548736909999896e+01
2.350000000000000089e+00,3.586000000000000298e+00,1.018392307692307774e+01,6.597923076923077446e+00,-4.379706482499999964e+01,4.993161474262000183e+02,1.116061459820000046e+01
2.359999999999999876e+00,3.566000000000000281e+00,1.017315384615384666e+01,6.607153846153845933e+00,-4.334156729299999711e+01,4.993204741472000023e+02,1.097869948019999953e+01
2.362000000000000099e+00,3.561999999999999833e+00,1.017099999999999937e+01,6.608999999999999986e+00,-4.325144879059996583e+01,4.993244872586000156e+02,1.094190513019999678e+01
2.370000000000000107e+00,3.548999999999999932e+00,1.015700000000000003e+01,6.607999999999999652e+00,-4.289097478099989758e+01,4.993405397042000118e+02,1.079472773019999998e+01
2.379999999999999893e+00,3.557571428571428385e+00,1.016628571428571348e+01,6.608714285714285985e+00,-4.243100528499999768e+01,4.993191609982000045e+02,1.063590444719999972e+01
2.383999999999999897e+00,3.560999999999999943e+00,1.016999999999999993e+01,6.608999999999999986e+00,-4.223540402260000093e+01,4.993036842981999825e+02,1.057920219440000231e+01
2.390000000000000124e+00,3.551249999999999574e+00,1.015874999999999950e+01,6.607499999999999929e+00,-4.194200212900000224e+01,4.992804692482000064e+02,1.049414881520000087e+01
2.391999999999999904e+00,3.548000000000000043e+00,1.015499999999999936e+01,6.607000000000000206e+00,-4.185022460020000779e+01,4.992799837773999911e+02,1.046137073160000419e+01
2.399999999999999911e+00,3.556615384615384734e+00,1.015623076923076873e+01,6.599615384615384883e+00,-4.148311448500000154e+01,4.992780418941999869e+02,1.033025839719999972e+01
2.404999999999999805e+00,3.561999999999999833e+00,1.015700000000000003e+01,6.594999999999999751e+00,-4.125211319699995727e+01,4.992934120346999975e+02,1.023925496720000439e+01
2.410000000000000142e+00,3.568666666666666654e+00,1.016422222222222160e+01,6.595555555555555394e+00,-4.102111190899989879e+01,4.993087821752000082e+02,1.014825153720000017e+01
2.414000000000000146e+00,3.573999999999999844e+00,1.016999999999999993e+01,6.596000000000000085e+00,-4.082919357539993399e+01,4.993086936060000198e+02,1.008389412520000228e+01
2.419999999999999929e+00,3.612249999999998629e+00,1.020749999999999957e+01,6.595250000000000057e+00,-4.054131607499999745e+01,4.993085607521999805e+02,9.987358007200009880e+00
2.422000000000000153e+00,3.625000000000000000e+00,1.022000000000000064e+01,6.594999999999999751e+00,-4.044323026779998997e+01,4.993028447602000028e+02,9.959799814400010831e+00
2.430000000000000160e+00,3.634600000000000275e+00,1.021199999999999974e+01,6.577399999999999913e+00,-4.005088703900000269e+01,4.992799807921999786e+02,9.849567043200030625e+00
2.431999999999999940e+00,3.637000000000000011e+00,1.021000000000000085e+01,6.573000000000000398e+00,-3.995816853380001277e+01,4.992805570387999978e+02,9.818585434800027656e+00
2.439999999999999947e+00,3.620999999999999996e+00,1.019333333333333336e+01,6.572333333333333805e+00,-3.958729451300000335e+01,4.992828620252000178e+02,9.694659001199999793e+00
2.443999999999999950e+00,3.612999999999999989e+00,1.018500000000000050e+01,6.572000000000000064e+00,-3.939930954420000830e+01,4.993025487612000006e+02,9.621030885600013960e+00
2.450000000000000178e+00,3.587666666666665449e+00,1.016899999999999871e+01,6.581333333333334146e+00,-3.911733209100000153e+01,4.993320788652000033e+02,9.510588712200030770e+00
2.452999999999999847e+00,3.575000000000000178e+00,1.016099999999999959e+01,6.586000000000000298e+00,-3.897489877920001078e+01,4.993373288762999778e+02,9.460501549800026666e+00
2.459999999999999964e+00,3.585111111111110915e+00,1.016099999999999959e+01,6.575888888888889561e+00,-3.864255438499999684e+01,4.993495789021999940e+02,9.343631504199999327e+00
2.462000000000000188e+00,3.588000000000000078e+00,1.016099999999999959e+01,6.573000000000000398e+00,-3.854292270379998797e+01,4.993413476576000107e+02,9.316282530599997003e+00
2.470000000000000195e+00,3.665000000000000036e+00,1.022499999999999964e+01,6.559999999999999609e+00,-3.814439597900000223e+01,4.993084226792000209e+02,9.206886636200000140e+00
2.479999999999999982e+00,3.676000000000000156e+00,1.023600000000000065e+01,6.559999999999999609e+00,-3.766235092299989873e+01,4.992863435511999910e+02,9.060070813200010065e+00
2.487999999999999989e+00,3.664000000000000146e+00,1.022400000000000020e+01,6.559999999999999609e+00,-3.729973105739998829e+01,4.993209511872000235e+02,8.913628431600020718e+00
2.490000000000000213e+00,3.664000000000000146e+00,1.022384615384615358e+01,6.559846153846153882e+00,-3.720907609100000002e+01,4.993296030962000032e+02,8.877017836200019829e+00
2.500000000000000000e+00,3.664000000000000146e+00,1.022307692307692406e+01,6.559076923076923471e+00,-3.675052684100000278e+01,4.993681946042000277e+02,8.704982573199989915e+00
2.500999999999999890e+00,3.664000000000000146e+00,1.022300000000000075e+01,6.559000000000000163e+00,-3.670282150020000955e+01,4.993659578391000196e+02,8.690200980999994940e+00
2.508999999999999897e+00,3.664000000000000146e+00,1.024499999999999922e+01,6.581000000000000405e+00,-3.632117877379999271e+01,4.993480637183000113e+02,8.571948243400015599e+00
2.509999999999999787e+00,3.662923076923076948e+00,1.024399999999999977e+01,6.581076923076923713e+00,-3.627347343299999949e+01,4.993458269532000031e+02,8.557166651200020624e+00
2.520000000000000018e+00,3.652153846153845862e+00,1.023399999999999821e+01,6.581846153846154124e+00,-3.579439746300000280e+01,4.993055739011999776e+02,8.417414332200040761e+00
2.521999999999999797e+00,3.649999999999999911e+00,1.023199999999999932e+01,6.581999999999999851e+00,-3.570217480859999171e+01,4.993043097131999843e+02,8.383839089800041222e+00
2.529999999999999805e+00,3.593111111111113143e+00,1.017688888888889132e+01,6.583777777777777729e+00,-3.533328419099989759e+01,4.992992529612000112e+02,8.249538120200030633e+00
2.531000000000000139e+00,3.585999999999999854e+00,1.016999999999999993e+01,6.583999999999999631e+00,-3.528659917559988202e+01,4.993008536481000306e+02,8.231742742700026483e+00
2.540000000000000036e+00,3.599000000000000199e+00,1.018200000000000038e+01,6.583000000000000185e+00,-3.486643403699989818e+01,4.993152598301999774e+02,8.071584345200040644e+00
2.548999999999999932e+00,3.625000000000000000e+00,1.022000000000000064e+01,6.594999999999999751e+00,-3.444003647219998498e+01,4.992994423014000063e+02,7.931334094400029677e+00
2.549999999999999822e+00,3.626076923076922753e+00,1.022023076923077056e+01,6.594153846153846033e+00,-3.439265896500000252e+01,4.992976847982000095e+02,7.915750733200029643e+00
2.560000000000000053e+00,3.636846153846153840e+00,1.022253846153846268e+01,6.585692307692307068e+00,-3.391093052699999788e+01,4.992636035351999908e+02,7.778977249200029753e+00
2.561999999999999833e+00,3.638999999999999790e+00,1.022300000000000075e+01,6.583999999999999631e+00,-3.381958075379998974e+01,4.992671015477999958e+02,7.746585019000024275e+00
2.569999999999999840e+00,3.638999999999999790e+00,1.023633333333333262e+01,6.597333333333333272e+00,-3.345418166099990032e+01,4.992810935982000160e+02,7.617016098199989926e+00
2.571000000000000174e+00,3.638999999999999790e+00,1.023799999999999955e+01,6.599000000000000199e+00,-3.340798966239989909e+01,4.992860670502000175e+02,7.597908703199987457e+00
2.579000000000000181e+00,3.613999999999999879e+00,1.022400000000000020e+01,6.610000000000000320e+00,-3.303845367359998875e+01,4.993258546661999731e+02,7.445049543200014774e+00
2.580000000000000071e+00,3.613888888888888928e+00,1.022422222222222210e+01,6.610333333333334060e+00,-3.299226167500000173e+01,4.993308281181999746e+02,7.425942148200020299e+00
2.588000000000000078e+00,3.612999999999999989e+00,1.022600000000000087e+01,6.613000000000000433e+00,-3.260796831339990831e+01,4.993226527461999922e+02,7.294055623400001132e+00
2.589999999999999858e+00,3.610000000000000320e+00,1.022625000000000028e+01,6.616249999999999964e+00,-3.251189497299989739e+01,4.993206089032000250e+02,7.261083992199999670e+00
2.596000000000000085e+00,3.600999999999999979e+00,1.022700000000000031e+01,6.626000000000000334e+00,-3.221038248459995401e+01,4.992816476187999797e+02,7.180888002400022785e+00
2.600000000000000089e+00,3.585399999999999476e+00,1.021139999999999937e+01,6.626000000000000334e+00,-3.200937415899999650e+01,4.992556734291999874e+02,7.127424009200040267e+00
2.605999999999999872e+00,3.561999999999999833e+00,1.018800000000000061e+01,6.626000000000000334e+00,-3.172074561700000217e+01,4.992423832857999741e+02,7.036934517200035266e+00
2.609999999999999876e+00,3.566333333333333133e+00,1.019633333333333347e+01,6.629999999999999893e+00,-3.152832658899999885e+01,4.992335231902000032e+02,6.976608189200029564e+00
2.617999999999999883e+00,3.575000000000000178e+00,1.021299999999999919e+01,6.637999999999999901e+00,-3.116260294580000689e+01,4.992699077894000084e+02,6.829360223600017932e+00
2.620000000000000107e+00,3.589000000000001744e+00,1.022322222222222265e+01,6.634222222222221355e+00,-3.107117203500000002e+01,4.992790039391999812e+02,6.792548232200010361e+00
2.626999999999999780e+00,3.637999999999999901e+00,1.025900000000000034e+01,6.621000000000000441e+00,-3.074238053980000984e+01,4.993043627838999896e+02,6.672831129100012859e+00
2.629999999999999893e+00,3.646333333333333204e+00,1.026299999999999990e+01,6.616666666666667140e+00,-3.060146989900000136e+01,4.993152308602000176e+02,6.621523799200009996e+00
2.636000000000000121e+00,3.662999999999999812e+00,1.027100000000000080e+01,6.607999999999999652e+00,-3.031537571499999473e+01,4.993042232871999886e+02,6.537625733200020939e+00
2.640000000000000124e+00,3.666999999999999815e+00,1.027500000000000036e+01,6.607999999999999652e+00,-3.012464625899999859e+01,4.992968849051999882e+02,6.481693689200030306e+00
2.649000000000000021e+00,3.676000000000000156e+00,1.028400000000000070e+01,6.607999999999999652e+00,-2.969134795499999768e+01,4.992707171252999956e+02,6.362181624499992694e+00
2.649999999999999911e+00,3.671666666666667300e+00,1.028088888888889052e+01,6.609222222222221887e+00,-2.964320369900000074e+01,4.992678095942000027e+02,6.348902506199990192e+00
2.657999999999999918e+00,3.637000000000000011e+00,1.025600000000000023e+01,6.618999999999999773e+00,-2.928325746220000525e+01,4.992790666102000046e+02,6.213741985400009327e+00
2.660000000000000142e+00,3.640250000000000430e+00,1.025924999999999976e+01,6.618999999999999773e+00,-2.919327090299999838e+01,4.992818808641999908e+02,6.179951855200010336e+00
2.665999999999999925e+00,3.649999999999999911e+00,1.026900000000000013e+01,6.618999999999999773e+00,-2.891333220419994277e+01,4.992944864400000142e+02,6.074968974399999944e+00
2.669999999999999929e+00,3.638444444444444148e+00,1.026322222222222180e+01,6.624777777777777210e+00,-2.872670640499989858e+01,4.993028901572000109e+02,6.004980387199990055e+00
2.674999999999999822e+00,3.624000000000000110e+00,1.025600000000000023e+01,6.631999999999999673e+00,-2.848648286899996052e+01,4.992883010702000206e+02,5.932084824200018147e+00
2.680000000000000160e+00,3.616499999999999382e+00,1.024912499999999937e+01,6.632624999999999993e+00,-2.824625933300000113e+01,4.992737119831999735e+02,5.859189261200040022e+00
2.682999999999999829e+00,3.612000000000000099e+00,1.024499999999999922e+01,6.633000000000000007e+00,-2.809949018840001500e+01,4.992609095917999866e+02,5.817566808200037798e+00
2.689999999999999947e+00,3.618500000000000050e+00,1.024499999999999922e+01,6.626500000000000057e+00,-2.775702885100000117e+01,4.992310373451999794e+02,5.720447751200019582e+00
2.697000000000000064e+00,3.625000000000000000e+00,1.024499999999999922e+01,6.620000000000000107e+00,-2.743776302720000260e+01,4.992390300571999546e+02,5.602189807200034899e+00
2.700000000000000178e+00,3.625000000000000000e+00,1.024987499999999940e+01,6.624875000000000291e+00,-2.730093481700000169e+01,4.992424555051999846e+02,5.551507831200040322e+00
2.705000000000000071e+00,3.625000000000000000e+00,1.025799999999999912e+01,6.633000000000000007e+00,-2.706810755300000082e+01,4.992609312196999554e+02,5.459493844200030033e+00
2.709999999999999964e+00,3.639444444444444038e+00,1.027299999999999969e+01,6.633555555555555650e+00,-2.683528028899999995e+01,4.992794069341999830e+02,5.367479857200019744e+00
2.713999999999999968e+00,3.650999999999999801e+00,1.028500000000000014e+01,6.634000000000000341e+00,-2.664733309619996504e+01,4.992786980777999588e+02,5.305123763200016995e+00
2.720000000000000195e+00,3.650249999999999773e+00,1.029625000000000057e+01,6.646000000000000796e+00,-2.636541230699990024e+01,4.992776347931999794e+02,5.211589622200009764e+00
2.721999999999999975e+00,3.649999999999999911e+00,1.030000000000000071e+01,6.650000000000000355e+00,-2.626806815659992722e+01,4.992708741284000098e+02,5.183834948800010167e+00
2.729999999999999982e+00,3.657999999999999918e+00,1.029314285714285759e+01,6.635142857142857231e+00,-2.587869155499999962e+01,4.992438314692000176e+02,5.072816255200000235e+00
2.736000000000000210e+00,3.664000000000000146e+00,1.028800000000000026e+01,6.623999999999999666e+00,-2.558852055339999509e+01,4.992456324753999866e+02,4.976273824599998896e+00
2.740000000000000213e+00,3.664000000000000146e+00,1.028800000000000026e+01,6.623999999999999666e+00,-2.539507321900000036e+01,4.992468331462000037e+02,4.911912204200000076e+00
2.744000000000000217e+00,3.664000000000000146e+00,1.028800000000000026e+01,6.623999999999999666e+00,-2.521291943259999613e+01,4.992633909250000102e+02,4.840693846199997985e+00
2.750000000000000000e+00,3.664000000000000146e+00,1.028599999999999959e+01,6.621999999999999886e+00,-2.493968875299999866e+01,4.992882275932000198e+02,4.733866309199999733e+00
2.753000000000000114e+00,3.664000000000000146e+00,1.028500000000000014e+01,6.621000000000000441e+00,-2.479665694959999200e+01,4.992935202708999896e+02,4.686179145000000545e+00
2.759999999999999787e+00,3.684461538461537788e+00,1.028500000000000014e+01,6.600538461538462798e+00,-2.446291607499999898e+01,4.993058698521999759e+02,4.574909095200010434e+00
2.766000000000000014e+00,3.701999999999999957e+00,1.028500000000000014e+01,6.583000000000000185e+00,-2.417295402099999535e+01,4.992902731923999795e+02,4.490428076399997082e+00
2.770000000000000018e+00,3.684666666666666313e+00,1.026677777777777756e+01,6.582111111111111690e+00,-2.397964598500000122e+01,4.992798754191999819e+02,4.434107397199990253e+00
2.774999999999999911e+00,3.662999999999999812e+00,1.024399999999999977e+01,6.581000000000000405e+00,-2.373063690900000111e+01,4.992692989031999673e+02,4.362699641700005238e+00
2.779999999999999805e+00,3.662444444444444169e+00,1.023677777777777820e+01,6.574333333333333584e+00,-2.348162783300000100e+01,4.992587223872000095e+02,4.291291886200020222e+00
2.783999999999999808e+00,3.661999999999999922e+00,1.023099999999999987e+01,6.568999999999999950e+00,-2.329808336739996477e+01,4.992649554388000297e+02,4.223710287400029628e+00
2.790000000000000036e+00,3.653333333333333321e+00,1.022166666666666757e+01,6.568333333333333357e+00,-2.302276666899989976e+01,4.992743050162000031e+02,4.122337889200039740e+00
2.793000000000000149e+00,3.649000000000000021e+00,1.021700000000000053e+01,6.567999999999999616e+00,-2.288269552239992066e+01,4.992788234425000269e+02,4.073452790200031259e+00
2.799999999999999822e+00,3.642538461538461725e+00,1.021807692307692328e+01,6.575538461538460666e+00,-2.255586284700000022e+01,4.992893664371999876e+02,3.959387559200020057e+00
2.806000000000000050e+00,3.637000000000000011e+00,1.021899999999999942e+01,6.581999999999999851e+00,-2.227173619739999566e+01,4.992812429027999883e+02,3.873078864800018728e+00
2.810000000000000053e+00,3.655999999999999694e+00,1.026950000000000074e+01,6.613500000000000156e+00,-2.208231843100000091e+01,4.992758272131999888e+02,3.815539735200020210e+00
2.814000000000000057e+00,3.674999999999999822e+00,1.032000000000000028e+01,6.644999999999999574e+00,-2.189076703259999590e+01,4.992681280272000208e+02,3.757609134000027051e+00
2.819999999999999840e+00,3.674999999999999822e+00,1.034699999999999953e+01,6.671999999999998820e+00,-2.160343993500000082e+01,4.992565792482000120e+02,3.670713232200040199e+00
2.822000000000000064e+00,3.674999999999999822e+00,1.035599999999999987e+01,6.681000000000000050e+00,-2.150974558859997288e+01,4.992576076074000184e+02,3.638530238000037276e+00
2.830000000000000071e+00,3.665399999999999547e+00,1.033919999999999995e+01,6.673799999999999955e+00,-2.113496820299990020e+01,4.992617210441999873e+02,3.509798261200039793e+00
2.831999999999999851e+00,3.662999999999999812e+00,1.033500000000000085e+01,6.671999999999999709e+00,-2.104325274619992925e+01,4.992658324099999732e+02,3.475003932800035056e+00
2.839999999999999858e+00,3.655615384615384489e+00,1.032699999999999996e+01,6.671384615384615024e+00,-2.067639091899999926e+01,4.992822778731999733e+02,3.335826619200000120e+00
2.845000000000000195e+00,3.650999999999999801e+00,1.032199999999999918e+01,6.671000000000000263e+00,-2.043726416099999099e+01,4.992781290386999444e+02,3.258893952199996669e+00
2.850000000000000089e+00,3.637111111111110962e+00,1.030255555555555524e+01,6.665444444444444727e+00,-2.019813740300000049e+01,4.992739802041999724e+02,3.181961285199999878e+00
2.854000000000000092e+00,3.625999999999999890e+00,1.028700000000000081e+01,6.660999999999999588e+00,-2.000922203499999696e+01,4.992633288129999869e+02,3.124840518400010758e+00
2.859999999999999876e+00,3.644749999999999268e+00,1.030424999999999969e+01,6.659499999999999531e+00,-1.972584898299999878e+01,4.992473517262000087e+02,3.039159368200030187e+00
2.862000000000000099e+00,3.650999999999999801e+00,1.031000000000000050e+01,6.658999999999999808e+00,-1.963070009259999082e+01,4.992474643383999933e+02,3.007779933600019273e+00
2.870000000000000107e+00,3.628777777777777214e+00,1.032066666666666599e+01,6.691888888888889220e+00,-1.925010453100000163e+01,4.992479147871999885e+02,2.882262195199989829e+00
2.870999999999999996e+00,3.625999999999999890e+00,1.032199999999999918e+01,6.695999999999999730e+00,-1.920423553620000590e+01,4.992497729132999780e+02,2.865465734399991415e+00
2.879999999999999893e+00,3.634999999999999787e+00,1.033099999999999952e+01,6.695999999999999730e+00,-1.879141458300000167e+01,4.992664960481999969e+02,2.714297587199990147e+00
2.883999999999999897e+00,3.638999999999999790e+00,1.033500000000000085e+01,6.695999999999999730e+00,-1.859911978780000652e+01,4.992668310369999745e+02,2.650338767200003609e+00
2.890000000000000124e+00,3.646333333333333648e+00,1.037500000000000178e+01,6.728666666666668128e+00,-1.831067759500000136e+01,4.992673335201999976e+02,2.554400537200019805e+00
2.892999999999999794e+00,3.649999999999999911e+00,1.039499999999999957e+01,6.745000000000000107e+00,-1.816634675739998528e+01,4.992603974053000115e+02,2.511556837300014777e+00
2.899999999999999911e+00,3.658166666666666789e+00,1.040258333333333240e+01,6.744416666666666949e+00,-1.782957480299990038e+01,4.992442131372000063e+02,2.411588204199989871e+00
2.904999999999999805e+00,3.664000000000000146e+00,1.040799999999999947e+01,6.743999999999999773e+00,-1.758387378299991255e+01,4.992389478282000255e+02,2.337660958200008299e+00
2.910000000000000142e+00,3.670666666666666966e+00,1.041522222222222105e+01,6.744555555555555415e+00,-1.733817276299989985e+01,4.992336825191999878e+02,2.263733712200020065e+00
2.914000000000000146e+00,3.676000000000000156e+00,1.042099999999999937e+01,6.745000000000000107e+00,-1.715758413819993677e+01,4.992425641048000102e+02,2.199742135000010812e+00
2.919999999999999929e+00,3.666666666666666963e+00,1.042033333333333367e+01,6.753666666666666707e+00,-1.688670120100000105e+01,4.992558864832000154e+02,2.103754769200000041e+00
2.923000000000000043e+00,3.661999999999999922e+00,1.041999999999999993e+01,6.758000000000000007e+00,-1.675018104639999805e+01,4.992647073520000163e+02,2.054253697000008483e+00
2.930000000000000160e+00,3.669583333333333197e+00,1.043400000000000105e+01,6.764416666666666522e+00,-1.643163401900000054e+01,4.992852893791999804e+02,1.938751195200030031e+00
2.935000000000000053e+00,3.674999999999999822e+00,1.044400000000000084e+01,6.769000000000000128e+00,-1.619443286199999932e+01,4.992885516261999896e+02,1.864291969200030152e+00
2.939999999999999947e+00,3.655999999999999694e+00,1.042650000000000077e+01,6.770500000000000185e+00,-1.595723170499999988e+01,4.992918138731999989e+02,1.789832743200030052e+00
2.944999999999999840e+00,3.637000000000000011e+00,1.040900000000000070e+01,6.772000000000000242e+00,-1.572237097000001071e+01,4.992834362392000003e+02,1.718914085700038230e+00
2.950000000000000178e+00,3.642000000000000348e+00,1.041361538461538494e+01,6.771615384615384592e+00,-1.548751023500000024e+01,4.992750586052000017e+02,1.647995428200039969e+00
2.958000000000000185e+00,3.649999999999999911e+00,1.042099999999999937e+01,6.770999999999999908e+00,-1.511330568779999162e+01,4.992751668395999900e+02,1.528877517000029274e+00
2.959999999999999964e+00,3.666249999999998010e+00,1.043424999999999869e+01,6.768000000000000682e+00,-1.501975455100000012e+01,4.992751938981999729e+02,1.499098039200029930e+00
2.966000000000000192e+00,3.714999999999999858e+00,1.047400000000000020e+01,6.759000000000000341e+00,-1.474120520379999633e+01,4.992805509621999818e+02,1.406140500600016718e+00
2.970000000000000195e+00,3.722692307692307523e+00,1.047000000000000064e+01,6.747307692307692228e+00,-1.455550563899999972e+01,4.992841223382000067e+02,1.344168808200010057e+00
2.979000000000000092e+00,3.740000000000000213e+00,1.046100000000000030e+01,6.721000000000000085e+00,-1.411365578699999546e+01,4.992818584332000000e+02,1.218274270200017773e+00
2.979999999999999982e+00,3.738375000000000448e+00,1.046124999999999972e+01,6.722875000000000156e+00,-1.406456135900000071e+01,4.992816068881999740e+02,1.204285988200020086e+00
2.987000000000000099e+00,3.726999999999999869e+00,1.046299999999999919e+01,6.735999999999999766e+00,-1.371886628200000224e+01,4.992687762549999775e+02,1.115507581000013460e+00
2.990000000000000213e+00,3.721642857142856808e+00,1.046021428571428480e+01,6.738571428571428434e+00,-1.357071124900000036e+01,4.992632774122000114e+02,1.077459692200009922e+00
3.000000000000000000e+00,3.703785714285714015e+00,1.045092857142857135e+01,6.747142857142857331e+00,-1.307942831099989967e+01,4.992548246741999947e+02,9.525979922000109568e-01
3.000999999999999890e+00,3.701999999999999957e+00,1.044999999999999929e+01,6.748000000000000220e+00,-1.303217682099991315e+01,4.992552734589999659e+02,9.398068372000133452e-01
3.008999999999999897e+00,3.701000000000000068e+00,1.044899999999999984e+01,6.748000000000000220e+00,-1.265416490099998725e+01,4.992588637374000200e+02,8.374775972000215729e-01
3.009999999999999787e+00,3.698500000000000565e+00,1.044890000000000008e+01,6.750399999999999956e+00,-1.260691341100000074e+01,4.992593125221999912e+02,8.246864422000239614e-01
3.019000000000000128e+00,3.676000000000000156e+00,1.044800000000000040e+01,6.772000000000000242e+00,-1.218783756039999311e+01,4.992612017797000021e+02,7.113722670999925723e-01
3.020000000000000018e+00,3.676076923076923020e+00,1.044607692307692304e+01,6.770000000000000462e+00,-1.214127357699999976e+01,4.992614116972000033e+02,6.987818031999909474e-01
3.029999999999999805e+00,3.676846153846153875e+00,1.042684615384615476e+01,6.750000000000000888e+00,-1.165087834700000080e+01,4.992509581442000126e+02,5.889270622000339905e-01
3.032000000000000028e+00,3.677000000000000046e+00,1.042300000000000004e+01,6.746000000000000441e+00,-1.155390040459999135e+01,4.992506096138000089e+02,5.675497264000264330e-01
3.040000000000000036e+00,3.661999999999999922e+00,1.039700000000000024e+01,6.735000000000000320e+00,-1.116598863499999972e+01,4.992492154921999941e+02,4.820403832000059730e-01
3.049999999999999822e+00,3.663538461538461632e+00,1.037700000000000067e+01,6.713461538461539035e+00,-1.068204251899999946e+01,4.992464527532000034e+02,3.851571582000249960e-01
3.052999999999999936e+00,3.664000000000000146e+00,1.037100000000000044e+01,6.706999999999999851e+00,-1.053914356279999787e+01,4.992488020232000281e+02,3.569804757000266671e-01
3.060000000000000053e+00,3.692777777777778603e+00,1.039122222222222369e+01,6.698444444444444201e+00,-1.020571266500000007e+01,4.992542836531999910e+02,2.912348832000319909e-01
3.061999999999999833e+00,3.701000000000000068e+00,1.039700000000000024e+01,6.695999999999999730e+00,-1.010697291380000884e+01,4.992546536762000073e+02,2.746554354000280695e-01
3.069999999999999840e+00,3.716384615384614953e+00,1.041053846153846152e+01,6.694153846153845677e+00,-9.712013908999999501e+00,4.992561337682000158e+02,2.083376442000050011e-01
3.075000000000000178e+00,3.725999999999999979e+00,1.041900000000000048e+01,6.692999999999999616e+00,-9.467190998999969409e+00,4.992574634157000446e+02,1.723871822000024034e-01
3.080000000000000071e+00,3.733777777777777640e+00,1.042122222222222305e+01,6.687444444444444080e+00,-9.222368088999960634e+00,4.992587930632000166e+02,1.364367202000029977e-01
3.084000000000000075e+00,3.740000000000000213e+00,1.042300000000000004e+01,6.682999999999999829e+00,-9.023954956999972410e+00,4.992572122604000242e+02,1.116862749999978088e-01
3.089999999999999858e+00,3.748999999999999666e+00,1.042375000000000007e+01,6.674750000000000405e+00,-8.726335259000000732e+00,4.992548410562000072e+02,7.456060719999139941e-02
3.092000000000000082e+00,3.751999999999999780e+00,1.042399999999999949e+01,6.671999999999999709e+00,-8.628104534199989573e+00,4.992535985421999953e+02,6.338677039999381091e-02
3.100000000000000089e+00,3.760000000000000231e+00,1.043261538461538507e+01,6.672615384615384393e+00,-8.235181634999989342e+00,4.992486284862000048e+02,1.869142320000839741e-02
3.104999999999999982e+00,3.765000000000000124e+00,1.043800000000000061e+01,6.673000000000000043e+00,-7.986496259999969816e+00,4.992437052822000396e+02,-6.736050799985401211e-03
3.109999999999999876e+00,3.757777777777777661e+00,1.043688888888888933e+01,6.679111111111111221e+00,-7.737810884999950289e+00,4.992387820782000176e+02,-3.216352479997920677e-02
3.113999999999999879e+00,3.751999999999999780e+00,1.043599999999999994e+01,6.684000000000000163e+00,-7.539353930599959064e+00,4.992364308049999977e+02,-4.891118999999138905e-02
3.120000000000000107e+00,3.746923076923076579e+00,1.041984615384615331e+01,6.672923076923076735e+00,-7.241668498999960235e+00,4.992329038952000246e+02,-7.403268780001059923e-02
3.126999999999999780e+00,3.741000000000000103e+00,1.040099999999999980e+01,6.660000000000000142e+00,-6.903193278000003374e+00,4.992359854610999719e+02,-1.068684767999876495e-01
3.129999999999999893e+00,3.741375000000000117e+00,1.040099999999999980e+01,6.659625000000000128e+00,-6.758132469000010190e+00,4.992373061321999899e+02,-1.209409577999789875e-01
3.134999999999999787e+00,3.741999999999999993e+00,1.040099999999999980e+01,6.658999999999999808e+00,-6.508678265999990664e+00,4.992364580952000210e+02,-1.393825927999951808e-01
3.140000000000000124e+00,3.740499999999999936e+00,1.041249999999999964e+01,6.672000000000000597e+00,-6.259224062999949822e+00,4.992356100581999954e+02,-1.578242278000130117e-01
3.145000000000000018e+00,3.738999999999999879e+00,1.042399999999999949e+01,6.684999999999999609e+00,-6.011340232999975441e+00,4.992271779031999586e+02,-1.712394223000070215e-01
3.149999999999999911e+00,3.748999999999999666e+00,1.043284615384615321e+01,6.683846153846153548e+00,-5.763456403000000172e+00,4.992187457481999786e+02,-1.846546168000010035e-01
3.157999999999999918e+00,3.765000000000000124e+00,1.044699999999999918e+01,6.682000000000000384e+00,-5.366225969400001183e+00,4.992084946769999760e+02,-2.061302231999893320e-01
3.160000000000000142e+00,3.755249999999998867e+00,1.044049999999999834e+01,6.685250000000000803e+00,-5.266918360999990334e+00,4.992059319091999896e+02,-2.114991247999870039e-01
3.165999999999999925e+00,3.725999999999999979e+00,1.042099999999999937e+01,6.695000000000000284e+00,-4.980461950999964138e+00,4.992096084326000209e+02,-2.276484763999783723e-01
3.169999999999999929e+00,3.714444444444444215e+00,1.040899999999999892e+01,6.694555555555555593e+00,-4.789491010999939569e+00,4.992120594482000229e+02,-2.384147107999730064e-01
3.174999999999999822e+00,3.700000000000000178e+00,1.039400000000000013e+01,6.693999999999999950e+00,-4.545656543999955446e+00,4.992219225761999724e+02,-2.528953597999708536e-01
3.180000000000000160e+00,3.700416666666666909e+00,1.039441666666666642e+01,6.693999999999999950e+00,-4.301822076999950006e+00,4.992317857041999787e+02,-2.673760087999699775e-01
3.186999999999999833e+00,3.701000000000000068e+00,1.039499999999999957e+01,6.693999999999999950e+00,-3.956602602399972746e+00,4.992395384358999877e+02,-2.778266322000005339e-01
3.189999999999999947e+00,3.693200000000000038e+00,1.038689999999999891e+01,6.693699999999999761e+00,-3.808651398999970183e+00,4.992428610352000078e+02,-2.823054708000140023e-01
3.197000000000000064e+00,3.674999999999999822e+00,1.036800000000000033e+01,6.692999999999999616e+00,-3.455227005999986556e+00,4.992419872671999883e+02,-2.871237975999775816e-01
3.200000000000000178e+00,3.675230769230769301e+00,1.036546153846153828e+01,6.690230769230768537e+00,-3.303759408999990210e+00,4.992416127952000124e+02,-2.891887947999620123e-01
3.209999999999999964e+00,3.676000000000000156e+00,1.035699999999999932e+01,6.681000000000000050e+00,-2.796214728999999899e+00,4.992465328161999878e+02,-2.940932778000139858e-01
3.217999999999999972e+00,3.689000000000000057e+00,1.035899999999999999e+01,6.669999999999999929e+00,-2.405628037800000563e+00,4.992543974369999660e+02,-2.972341561999835569e-01
3.220000000000000195e+00,3.691888888888889220e+00,1.036677777777777898e+01,6.674888888888889760e+00,-2.307981364999990070e+00,4.992563635921999889e+02,-2.980193757999760051e-01
3.226999999999999869e+00,3.701999999999999957e+00,1.039400000000000013e+01,6.692000000000000171e+00,-1.956894969199984846e+00,4.992595953767000196e+02,-2.937526482999964217e-01
3.229999999999999982e+00,3.716538461538461569e+00,1.040323076923076862e+01,6.686692307692307935e+00,-1.806429370999969919e+00,4.992609804272000247e+02,-2.919240508000049972e-01
3.240000000000000213e+00,3.765000000000000124e+00,1.043399999999999928e+01,6.668999999999999595e+00,-1.295833902999969922e+00,4.992650942451999754e+02,-2.908249717999710215e-01
3.249000000000000110e+00,3.726999999999999869e+00,1.041000000000000014e+01,6.682999999999999829e+00,-8.233593819999581731e-01,4.992632251503999896e+02,-2.898132655999925977e-01
3.250000000000000000e+00,3.726999999999999869e+00,1.041000000000000014e+01,6.682999999999999829e+00,-7.708622129999620487e-01,4.992630174732000228e+02,-2.897008537999949951e-01
3.259999999999999787e+00,3.726999999999999869e+00,1.041000000000000014e+01,6.682999999999999829e+00,-2.696798389999710555e-01,4.992565670372000000e+02,-2.915666168000040082e-01
3.262000000000000011e+00,3.726999999999999869e+00,1.041000000000000014e+01,6.682999999999999829e+00,-1.714057357999600462e-01,4.992545611087999760e+02,-2.927376855999985206e-01
3.270000000000000018e+00,3.703888888888888786e+00,1.039666666666666650e+01,6.692777777777777715e+00,2.216906770000400817e-01,4.992465373951999936e+02,-2.974219607999760151e-01
3.270999999999999908e+00,3.701000000000000068e+00,1.039499999999999957e+01,6.693999999999999950e+00,2.714096758000328902e-01,4.992458677879999982e+02,-2.981085424999765365e-01
3.279999999999999805e+00,3.683692307692307821e+00,1.037769230769230688e+01,6.693999999999999950e+00,7.188806650000130194e-01,4.992398413231999825e+02,-3.042877777999820066e-01
3.283999999999999808e+00,3.676000000000000156e+00,1.036999999999999922e+01,6.693999999999999950e+00,9.197528754000072748e-01,4.992372853595999800e+02,-3.046340769999947851e-01
3.290000000000000036e+00,3.650666666666666504e+00,1.035399999999999920e+01,6.703333333333333144e+00,1.221061191000009982e+00,4.992334514141999762e+02,-3.051535258000139805e-01
3.293000000000000149e+00,3.637999999999999901e+00,1.034600000000000009e+01,6.708000000000000185e+00,1.370166223200021793e+00,4.992323517077999782e+02,-3.042164704000013264e-01
3.299999999999999822e+00,3.637461538461538524e+00,1.035192307692307701e+01,6.714461538461538481e+00,1.718077965000019969e+00,4.992297857262000207e+02,-3.020300077999720223e-01
3.306000000000000050e+00,3.637000000000000011e+00,1.035699999999999932e+01,6.719999999999999751e+00,2.006464380600006425e+00,4.992312301517999913e+02,-3.007709419999660128e-01
3.310000000000000053e+00,3.674999999999999822e+00,1.039999999999999858e+01,6.724999999999999645e+00,2.198721990999989995e+00,4.992321931021999717e+02,-2.999315647999620249e-01
3.314000000000000057e+00,3.713000000000000078e+00,1.044299999999999962e+01,6.730000000000000426e+00,2.395395246200018313e+00,4.992330075009999746e+02,-2.990906811999807791e-01
3.319999999999999840e+00,3.713000000000000078e+00,1.043653846153846132e+01,6.723538461538462130e+00,2.690405129000049911e+00,4.992342290991999789e+02,-2.978293558000090213e-01
3.326999999999999957e+00,3.713000000000000078e+00,1.042900000000000027e+01,6.716000000000000192e+00,3.031628750200026978e+00,4.992382827215000134e+02,-2.984677536999921776e-01
3.330000000000000071e+00,3.703624999999999723e+00,1.042487500000000011e+01,6.721250000000000391e+00,3.177867445000019941e+00,4.992400199882000038e+02,-2.987413527999849827e-01
3.334999999999999964e+00,3.688000000000000167e+00,1.041799999999999926e+01,6.730000000000000426e+00,3.430555248000004998e+00,4.992439311356999951e+02,-2.981989357999974555e-01
3.339999999999999858e+00,3.692285714285714171e+00,1.041764285714285698e+01,6.725357142857142811e+00,3.683243050999990054e+00,4.992478422831999865e+02,-2.976565188000099837e-01
3.349000000000000199e+00,3.700000000000000178e+00,1.041699999999999982e+01,6.716999999999999638e+00,4.137977700800005820e+00,4.992566921119000085e+02,-2.930865528000126119e-01
3.350000000000000089e+00,3.703125000000000000e+00,1.041562500000000036e+01,6.712500000000000355e+00,4.188503772999999875e+00,4.992576754262000236e+02,-2.925787788000129841e-01
3.357000000000000206e+00,3.725000000000000089e+00,1.040600000000000058e+01,6.681000000000000050e+00,4.542346649800020231e+00,4.992617508479000321e+02,-2.925144418000130142e-01
3.359999999999999876e+00,3.709700000000001552e+00,1.039820000000000100e+01,6.688499999999999446e+00,4.693993597000010176e+00,4.992634974572000033e+02,-2.924868688000130112e-01
3.366999999999999993e+00,3.673999999999999932e+00,1.038000000000000078e+01,6.706000000000000405e+00,5.053127337000000274e+00,4.992608660675999772e+02,-2.916976880999899158e-01
3.370000000000000107e+00,3.674249999999999794e+00,1.037424999999999997e+01,6.700000000000000178e+00,5.207041796999999583e+00,4.992597383291999904e+02,-2.913594677999800098e-01
3.379000000000000004e+00,3.674999999999999822e+00,1.035699999999999932e+01,6.682000000000000384e+00,5.661700679400013314e+00,4.992541286076000233e+02,-2.957385626999764483e-01
3.379999999999999893e+00,3.673666666666666636e+00,1.035822222222222067e+01,6.684555555555555806e+00,5.712218333000009807e+00,4.992535053052000080e+02,-2.962251287999759786e-01
3.387999999999999901e+00,3.662999999999999812e+00,1.036800000000000033e+01,6.705000000000000071e+00,6.127086077000032383e+00,4.992571329291999973e+02,-3.033456831999870040e-01
3.390000000000000124e+00,3.659888888888888303e+00,1.036511111111111028e+01,6.705222222222221973e+00,6.230803013000049795e+00,4.992580398352000088e+02,-3.051258217999899824e-01
3.396999999999999797e+00,3.649000000000000021e+00,1.035500000000000043e+01,6.706000000000000405e+00,6.583129869000027057e+00,4.992641098047000128e+02,-3.113688999000003288e-01
3.399999999999999911e+00,3.646249999999999769e+00,1.035250000000000092e+01,6.706250000000000711e+00,6.734127093000029873e+00,4.992667112202000226e+02,-3.140445048000050088e-01
3.408999999999999808e+00,3.637999999999999901e+00,1.034500000000000064e+01,6.706999999999999851e+00,7.192328424000005604e+00,4.992622115766000093e+02,-3.166267163999923473e-01
3.410000000000000142e+00,3.633999999999998565e+00,1.034220000000000006e+01,6.708200000000000607e+00,7.243239683000020079e+00,4.992617116161999888e+02,-3.169136287999910206e-01
3.419000000000000039e+00,3.597999999999999865e+00,1.031700000000000017e+01,6.719000000000000306e+00,7.699205689399997610e+00,4.992489935209000009e+02,-3.131673013999747845e-01
3.419999999999999929e+00,3.599076923076923062e+00,1.031784615384615300e+01,6.718769230769231271e+00,7.749868578999990376e+00,4.992475803991999896e+02,-3.127510427999730114e-01
3.430000000000000160e+00,3.609846153846154149e+00,1.032630769230769197e+01,6.716461538461538261e+00,8.247455777000050503e+00,4.992339239752000140e+02,-3.115921627999950205e-01
3.431999999999999940e+00,3.612000000000000099e+00,1.032799999999999940e+01,6.716000000000000192e+00,8.346425761000038079e+00,4.992337642364000203e+02,-3.117695837999902020e-01
3.439999999999999947e+00,3.611000000000000210e+00,1.032799999999999940e+01,6.716999999999999638e+00,8.742305697000029241e+00,4.992331252811999889e+02,-3.124792677999709833e-01
3.450000000000000178e+00,3.592538461538461014e+00,1.030876923076923113e+01,6.716230769230769226e+00,9.224320381000030267e+00,4.992466145912000002e+02,-3.144196437999819960e-01
3.452999999999999847e+00,3.587000000000000188e+00,1.030300000000000082e+01,6.716000000000000192e+00,9.376497688600021974e+00,4.992495976751000057e+02,-3.131963073999761149e-01
3.459999999999999964e+00,3.605666666666666575e+00,1.031311111111111245e+01,6.707444444444444542e+00,9.731578073000049400e+00,4.992565582042000187e+02,-3.103418557999619853e-01
3.462000000000000188e+00,3.611000000000000210e+00,1.031600000000000072e+01,6.705000000000000071e+00,9.830878964600048064e+00,4.992576200121999932e+02,-3.103235115999619653e-01
3.470000000000000195e+00,3.626384615384615540e+00,1.033815384615384758e+01,6.711769230769230710e+00,1.022808253100000009e+01,4.992618672442000047e+02,-3.102501347999619963e-01
3.475000000000000089e+00,3.636000000000000121e+00,1.035200000000000031e+01,6.716000000000000192e+00,1.047858744400000042e+01,4.992601519262000238e+02,-3.076883397999644609e-01
3.479999999999999982e+00,3.642666666666666941e+00,1.035311111111111160e+01,6.710444444444444656e+00,1.072909235700000075e+01,4.992584366081999860e+02,-3.051265447999669811e-01
3.483999999999999986e+00,3.648000000000000131e+00,1.035399999999999920e+01,6.706000000000000405e+00,1.092783075779999713e+01,4.992581669633999581e+02,-3.042813771999858252e-01
3.490000000000000213e+00,3.641999999999999904e+00,1.034749999999999837e+01,6.705499999999999794e+00,1.122593835900000059e+01,4.992577624961999732e+02,-3.030136258000140081e-01
3.495999999999999996e+00,3.636000000000000121e+00,1.034099999999999930e+01,6.705000000000000071e+00,1.152873595859999512e+01,4.992594223361999752e+02,-3.035521257999996281e-01
3.500000000000000000e+00,3.630666666666666931e+00,1.032988888888888823e+01,6.699222222222222634e+00,1.173060102500000035e+01,4.992605288962000145e+02,-3.039111257999900229e-01
3.504999999999999893e+00,3.624000000000000110e+00,1.031600000000000072e+01,6.692000000000000171e+00,1.198701079599999986e+01,4.992606513601999723e+02,-3.018545042999805084e-01
3.509999999999999787e+00,3.624000000000000110e+00,1.032064285714285745e+01,6.696642857142856897e+00,1.224342056699999937e+01,4.992607738241999868e+02,-2.997978827999709939e-01
3.519000000000000128e+00,3.624000000000000110e+00,1.032900000000000063e+01,6.705000000000000071e+00,1.269112221720000555e+01,4.992664954401000159e+02,-3.015184856999800211e-01
3.520000000000000018e+00,3.620750000000000579e+00,1.032600000000000051e+01,6.705250000000000377e+00,1.274086684499999933e+01,4.992671311752000065e+02,-3.017096637999809872e-01
3.527000000000000135e+00,3.597999999999999865e+00,1.030499999999999972e+01,6.706999999999999851e+00,1.309610806700001362e+01,4.992712765170999774e+02,-3.044452805999950940e-01
3.529999999999999805e+00,3.595000000000000195e+00,1.030176923076923146e+01,6.706769230769230816e+00,1.324835430499999944e+01,4.992730530921999730e+02,-3.056176878000009811e-01
3.540000000000000036e+00,3.584999999999999964e+00,1.029100000000000037e+01,6.706000000000000405e+00,1.374731238300010006e+01,4.992704750742000215e+02,-3.094976207999620144e-01
3.548999999999999932e+00,3.572000000000000064e+00,1.030300000000000082e+01,6.730999999999999872e+00,1.420697513220001440e+01,4.992561651128999642e+02,-3.057448547999970789e-01
3.549999999999999822e+00,3.574999999999999734e+00,1.030492307692307818e+01,6.729923076923077119e+00,1.425804877100000034e+01,4.992545751171999768e+02,-3.053278808000010058e-01
3.560000000000000053e+00,3.605000000000000870e+00,1.032415384615384646e+01,6.719153846153846033e+00,1.474779282499999944e+01,4.992554881642000169e+02,-3.062221607999769946e-01
3.561999999999999833e+00,3.611000000000000210e+00,1.032799999999999940e+01,6.716999999999999638e+00,1.484717997259999045e+01,4.992585489351999968e+02,-3.088108667999835411e-01
3.569999999999999840e+00,3.621666666666666590e+00,1.034755555555555517e+01,6.725888888888889028e+00,1.524472856300000068e+01,4.992707920191999733e+02,-3.191656908000110038e-01
3.571000000000000174e+00,3.623000000000000220e+00,1.034999999999999964e+01,6.727000000000000313e+00,1.529488961760001686e+01,4.992711513962999561e+02,-3.192558006000086324e-01
3.580000000000000071e+00,3.615384615384615419e+00,1.033269230769230695e+01,6.717307692307692868e+00,1.574633910899999911e+01,4.992743857901999718e+02,-3.200667887999870120e-01
3.584000000000000075e+00,3.612000000000000099e+00,1.032499999999999929e+01,6.713000000000000078e+00,1.594517938740000496e+01,4.992653133521999962e+02,-3.175905311999753788e-01
3.589999999999999858e+00,3.611333333333333506e+00,1.033366666666666589e+01,6.722333333333333272e+00,1.624343980500000129e+01,4.992517046951999760e+02,-3.138761447999580123e-01
3.592999999999999972e+00,3.611000000000000210e+00,1.033799999999999919e+01,6.727000000000000313e+00,1.639512909480000147e+01,4.992474461135999491e+02,-3.132273716999721125e-01
3.600000000000000089e+00,3.611000000000000210e+00,1.033907692307692194e+01,6.728076923076923066e+00,1.674907077099999952e+01,4.992375094231999810e+02,-3.117135678000049759e-01
3.605999999999999872e+00,3.611000000000000210e+00,1.033999999999999986e+01,6.729000000000000092e+00,1.704714443979999672e+01,4.992376997431999825e+02,-3.116479302000043639e-01
3.609999999999999876e+00,3.623499999999999943e+00,1.034600000000000009e+01,6.722500000000000142e+00,1.724586021900000077e+01,4.992378266232000215e+02,-3.116041718000039928e-01
3.613999999999999879e+00,3.636000000000000121e+00,1.035200000000000031e+01,6.716000000000000192e+00,1.744472455659999710e+01,4.992423691220000137e+02,-3.115759590000043988e-01
3.620000000000000107e+00,3.623999999999999666e+00,1.033446153846153770e+01,6.710461538461538034e+00,1.774302106300000048e+01,4.992491828702000021e+02,-3.115336398000049800e-01
3.626999999999999780e+00,3.609999999999999876e+00,1.031400000000000006e+01,6.703999999999999737e+00,1.808556198899999146e+01,4.992547238847000131e+02,-3.093769740999749440e-01
3.629999999999999893e+00,3.610333333333333172e+00,1.031400000000000006e+01,6.703666666666666885e+00,1.823236524300000028e+01,4.992570986051999853e+02,-3.084526887999620159e-01
3.636000000000000121e+00,3.611000000000000210e+00,1.031400000000000006e+01,6.703000000000000291e+00,1.853555707380000328e+01,4.992623804190000101e+02,-3.108038913999734421e-01
3.640000000000000124e+00,3.622692307692307878e+00,1.031799999999999962e+01,6.695307692307692626e+00,1.873768496099999936e+01,4.992659016282000266e+02,-3.123713597999809854e-01
3.649000000000000021e+00,3.649000000000000021e+00,1.032699999999999996e+01,6.677999999999999936e+00,1.919817171600000449e+01,4.992687409563000074e+02,-3.158789612999990393e-01
3.649999999999999911e+00,3.650500000000000078e+00,1.033174999999999955e+01,6.681249999999999467e+00,1.924933691100000033e+01,4.992690564371999926e+02,-3.162686948000010267e-01
3.657000000000000028e+00,3.661000000000000032e+00,1.036500000000000021e+01,6.703999999999999737e+00,1.959962546079999868e+01,4.992617033326999945e+02,-3.182648413999904502e-01
3.660000000000000142e+00,3.666571428571428815e+00,1.036757142857142888e+01,6.700999999999999623e+00,1.974974912500000102e+01,4.992585520022000196e+02,-3.191203327999859729e-01
3.669999999999999929e+00,3.685142857142857054e+00,1.037614285714285778e+01,6.690999999999999837e+00,2.025814833100000101e+01,4.992485035592000031e+02,-3.219718027999730059e-01
3.670999999999999819e+00,3.686999999999999833e+00,1.037700000000000067e+01,6.690000000000000391e+00,2.030765910739999569e+01,4.992497265624999727e+02,-3.222651054999715603e-01
3.680000000000000160e+00,3.686999999999999833e+00,1.037899999999999956e+01,6.692000000000000171e+00,2.075325609500000112e+01,4.992607335921999834e+02,-3.249048297999589940e-01
3.689999999999999947e+00,3.697000000000000064e+00,1.037823076923077004e+01,6.681230769230769084e+00,2.125931993700000078e+01,4.992915935411999726e+02,-3.349011928000060201e-01
3.693000000000000060e+00,3.700000000000000178e+00,1.037800000000000011e+01,6.677999999999999936e+00,2.140989742020000364e+01,4.992962828969999691e+02,-3.351842418999991247e-01
3.700000000000000178e+00,3.669666666666666188e+00,1.037216666666666676e+01,6.702500000000000568e+00,2.176124488099999965e+01,4.993072247271999800e+02,-3.358446897999829983e-01
3.705000000000000071e+00,3.648000000000000131e+00,1.036800000000000033e+01,6.719999999999999751e+00,2.201297560500000117e+01,4.993015817561999938e+02,-3.307687487999875220e-01
3.709999999999999964e+00,3.634111111111111292e+00,1.034022222222222176e+01,6.706111111111111356e+00,2.226470632899999913e+01,4.992959387852000077e+02,-3.256928077999919902e-01
3.713999999999999968e+00,3.623000000000000220e+00,1.031799999999999962e+01,6.695000000000000284e+00,2.246801916979999447e+01,4.992927378592000309e+02,-3.212362573999820725e-01
3.720000000000000195e+00,3.635000000000000675e+00,1.032169230769230772e+01,6.686692307692307047e+00,2.277298843100000170e+01,4.992879364702000089e+02,-3.145514317999669740e-01
3.726999999999999869e+00,3.649000000000000021e+00,1.032600000000000051e+01,6.676999999999999602e+00,2.312443438039998966e+01,4.992848711275000255e+02,-3.123624211999768696e-01
3.729999999999999982e+00,3.657333333333333325e+00,1.032633333333333425e+01,6.668999999999999595e+00,2.327505407299999973e+01,4.992835574092000002e+02,-3.114242737999809996e-01
3.736000000000000210e+00,3.673999999999999932e+00,1.032699999999999996e+01,6.652999999999999581e+00,2.357958021500000356e+01,4.992865200058000141e+02,-3.113669815999816071e-01
3.740000000000000213e+00,3.681692307692307597e+00,1.032761538461538464e+01,6.645923076923076600e+00,2.378259764299999901e+01,4.992884950701999855e+02,-3.113287867999819936e-01
3.749000000000000110e+00,3.698999999999999844e+00,1.032900000000000063e+01,6.629999999999999893e+00,2.422056748700000384e+01,4.992909853791999808e+02,-3.049401016999774283e-01
3.750000000000000000e+00,3.698999999999999844e+00,1.033037500000000009e+01,6.631374999999999353e+00,2.426923080299999924e+01,4.992912620801999992e+02,-3.042302477999769827e-01
3.757000000000000117e+00,3.698999999999999844e+00,1.033999999999999986e+01,6.641000000000000014e+00,2.461686372080008312e+01,4.992935806930000240e+02,-3.041610940999762702e-01
3.759999999999999787e+00,3.701999999999999513e+00,1.034299999999999997e+01,6.641000000000000014e+00,2.476584925700009876e+01,4.992945743842000184e+02,-3.041314567999759966e-01
3.770000000000000018e+00,3.712000000000000188e+00,1.035299999999999976e+01,6.641000000000000014e+00,2.525858932099999876e+01,4.992956443162000255e+02,-3.090256497999719909e-01
3.778999999999999915e+00,3.698999999999999844e+00,1.035299999999999976e+01,6.653999999999999915e+00,2.570007814340000607e+01,4.992838707457000282e+02,-3.142859337999981961e-01
3.779999999999999805e+00,3.698076923076922817e+00,1.035284615384615314e+01,6.654769230769230326e+00,2.574913245700000175e+01,4.992825625712000033e+02,-3.148704098000010276e-01
3.790000000000000036e+00,3.688846153846153442e+00,1.035130769230769232e+01,6.662461538461537991e+00,2.624677754100000016e+01,4.992678936671999850e+02,-3.177079707999870273e-01
3.791999999999999815e+00,3.686999999999999833e+00,1.035100000000000087e+01,6.663999999999999702e+00,2.634626113699999195e+01,4.992657557583999619e+02,-3.190783061999877268e-01
3.799999999999999822e+00,3.664777777777778578e+00,1.031900000000000084e+01,6.654222222222221816e+00,2.674419552100000175e+01,4.992572041231999833e+02,-3.245596477999910245e-01
3.801000000000000156e+00,3.661999999999999922e+00,1.031499999999999950e+01,6.652999999999999581e+00,2.679580003080002726e+01,4.992568424876999984e+02,-3.252468965999917305e-01
3.810000000000000053e+00,3.670999999999999819e+00,1.031430769230769151e+01,6.643307692307692136e+00,2.726024061900010054e+01,4.992535877682000205e+02,-3.314321357999959750e-01
3.814000000000000057e+00,3.674999999999999822e+00,1.031400000000000006e+01,6.639000000000000234e+00,2.746240145340006578e+01,4.992495126929999856e+02,-3.289727705999851426e-01
3.819999999999999840e+00,3.683666666666666423e+00,1.032333333333333236e+01,6.639666666666666828e+00,2.776564270500000120e+01,4.992434000801999900e+02,-3.252837227999689773e-01
3.822999999999999954e+00,3.688000000000000167e+00,1.032799999999999940e+01,6.639999999999999680e+00,2.791744328040000411e+01,4.992424553294999896e+02,-3.240466124999800690e-01
3.830000000000000071e+00,3.680461538461538229e+00,1.031507692307692281e+01,6.634615384615384137e+00,2.827164462300000025e+01,4.992402509112000075e+02,-3.211600218000060236e-01
3.835999999999999854e+00,3.673999999999999932e+00,1.030400000000000027e+01,6.629999999999999893e+00,2.857949185379999690e+01,4.992482024034000005e+02,-3.235196075999831611e-01
3.839999999999999858e+00,3.693500000000000227e+00,1.033549999999999969e+01,6.641999999999999460e+00,2.878472334099999941e+01,4.992535033981999959e+02,-3.250926647999680119e-01
3.843999999999999861e+00,3.713000000000000078e+00,1.036700000000000088e+01,6.653999999999999915e+00,2.898478563859999468e+01,4.992581157070000017e+02,-3.246644291999776222e-01
3.850000000000000089e+00,3.718076923076923279e+00,1.036607692307692297e+01,6.647999999999999687e+00,2.928487908500000003e+01,4.992650341702000105e+02,-3.240220757999919821e-01
3.857000000000000206e+00,3.724000000000000199e+00,1.036500000000000021e+01,6.641000000000000014e+00,2.964399335660001356e+01,4.992750245862999918e+02,-3.225774255999842022e-01
3.859999999999999876e+00,3.719666666666667343e+00,1.036533333333333395e+01,6.645666666666666167e+00,2.979789947300000108e+01,4.992793061932000001e+02,-3.219582897999809790e-01
3.866000000000000103e+00,3.710999999999999854e+00,1.036599999999999966e+01,6.655000000000000249e+00,3.009359482220000359e+01,4.992895751517999656e+02,-3.225287433999671771e-01
3.870000000000000107e+00,3.699307692307692186e+00,1.035430769230769243e+01,6.655000000000000249e+00,3.029072505499999934e+01,4.992964211241999806e+02,-3.229090457999579944e-01
3.879000000000000004e+00,3.673000000000000043e+00,1.032799999999999940e+01,6.655000000000000249e+00,3.074276569340000265e+01,4.993050916540000230e+02,-3.255390932999966958e-01
3.879999999999999893e+00,3.666000000000000814e+00,1.032355555555555604e+01,6.657555555555555671e+00,3.079299243099999828e+01,4.993060550462000151e+02,-3.258313208000009897e-01
3.887999999999999901e+00,3.609999999999999876e+00,1.028800000000000026e+01,6.677999999999999936e+00,3.118793722779999200e+01,4.993077609302000042e+02,-3.281494959999889383e-01
3.890000000000000124e+00,3.612000000000000099e+00,1.028815384615384687e+01,6.676153846153845883e+00,3.128667342700000020e+01,4.993081874011999730e+02,-3.287290397999860225e-01
3.899999999999999911e+00,3.622000000000000330e+00,1.028892307692307639e+01,6.666923076923077396e+00,3.178043723500000084e+01,4.992913219892000143e+02,-3.235596627999919872e-01
3.900999999999999801e+00,3.623000000000000220e+00,1.028899999999999970e+01,6.666000000000000369e+00,3.183023322759999374e+01,4.992910581346999948e+02,-3.240476575999915454e-01
3.910000000000000142e+00,3.623000000000000220e+00,1.028800000000000026e+01,6.665000000000000036e+00,3.227839716100000089e+01,4.992886834441999895e+02,-3.284396107999880132e-01
3.919999999999999929e+00,3.652230769230768725e+00,1.034569230769230685e+01,6.693461538461537685e+00,3.277436078299999878e+01,4.992859238451999886e+02,-3.353195887999910196e-01
3.923000000000000043e+00,3.661000000000000032e+00,1.036299999999999955e+01,6.701999999999999957e+00,3.292518573499999945e+01,4.992810149436999723e+02,-3.346687135999886209e-01
3.930000000000000160e+00,3.661000000000000032e+00,1.038244444444444525e+01,6.721444444444445665e+00,3.327711062299999867e+01,4.992695608401999721e+02,-3.331500047999830239e-01
3.931999999999999940e+00,3.661000000000000032e+00,1.038799999999999990e+01,6.727000000000000313e+00,3.337775147699998968e+01,4.992646957895999549e+02,-3.313104403999799774e-01
3.939999999999999947e+00,3.653615384615384709e+00,1.038123076923077015e+01,6.727615384615384997e+00,3.378031489300000345e+01,4.992452355871999998e+02,-3.239521827999670145e-01
3.944999999999999840e+00,3.649000000000000021e+00,1.037700000000000067e+01,6.727999999999999758e+00,3.403785082899999281e+01,4.992344045026999879e+02,-3.218566657999861191e-01
3.950000000000000178e+00,3.649000000000000021e+00,1.038575000000000159e+01,6.736750000000000682e+00,3.429538676500000349e+01,4.992235734181999760e+02,-3.197611488000050017e-01
3.952999999999999847e+00,3.649000000000000021e+00,1.039100000000000001e+01,6.741999999999999993e+00,3.444871936659998823e+01,4.992221109115999980e+02,-3.197218788000050216e-01
3.959999999999999964e+00,3.648461538461538645e+00,1.039746153846153831e+01,6.748999999999999666e+00,3.480649543700000237e+01,4.992186983962000113e+02,-3.196302488000050124e-01
3.966000000000000192e+00,3.648000000000000131e+00,1.040300000000000047e+01,6.754999999999999893e+00,3.510155836220000225e+01,4.992295194753999681e+02,-3.238028144000086872e-01
3.970000000000000195e+00,3.631555555555555426e+00,1.040255555555555489e+01,6.770999999999999908e+00,3.529826697899999743e+01,4.992367335281999772e+02,-3.265845248000109891e-01
3.975000000000000089e+00,3.611000000000000210e+00,1.040199999999999925e+01,6.791000000000000369e+00,3.555737430799999998e+01,4.992510132366999756e+02,-3.300772867999844928e-01
3.979999999999999982e+00,3.616000000000000103e+00,1.039699999999999847e+01,6.781000000000000583e+00,3.581648163700000254e+01,4.992652929451999739e+02,-3.335700487999579966e-01
3.987999999999999989e+00,3.624000000000000110e+00,1.038899999999999935e+01,6.764999999999999680e+00,3.622431927860007050e+01,4.992797713659999772e+02,-3.311303871999692894e-01
3.990000000000000213e+00,3.623555555555555419e+00,1.039166666666666572e+01,6.768111111111111633e+00,3.632627868900009815e+01,4.992833909711999922e+02,-3.305204717999720154e-01
3.996999999999999886e+00,3.621999999999999886e+00,1.040099999999999980e+01,6.778999999999999915e+00,3.668287664820002192e+01,4.992883322564999844e+02,-3.283585630999825700e-01
4.000000000000000000e+00,3.622230769230769365e+00,1.040076923076922988e+01,6.778538461538461846e+00,3.683570434500000346e+01,4.992904499502000135e+02,-3.274320307999870061e-01
4.009999999999999787e+00,3.623000000000000220e+00,1.040000000000000036e+01,6.777000000000000135e+00,3.733431865899999735e+01,4.992938903642000241e+02,-3.233332217999669855e-01
4.019000000000000128e+00,3.596999999999999975e+00,1.038899999999999935e+01,6.791999999999999815e+00,3.778587114640002653e+01,4.992953213453000103e+02,-3.259378362000058815e-01
4.019999999999999574e+00,3.596999999999999975e+00,1.039076923076923009e+01,6.793769230769229672e+00,3.783604364499999662e+01,4.992954803431999835e+02,-3.262272378000100059e-01
4.030000000000000249e+00,3.596999999999999975e+00,1.040846153846153932e+01,6.811461538461538900e+00,3.832978119500000247e+01,4.992966213862000018e+02,-3.271214337999859834e-01
4.032000000000000028e+00,3.596999999999999975e+00,1.041200000000000081e+01,6.815000000000000391e+00,3.842559062539999104e+01,4.992956795242000112e+02,-3.274967997999881364e-01
4.040000000000000036e+00,3.585444444444445100e+00,1.040044444444444416e+01,6.815000000000000391e+00,3.880882834700000217e+01,4.992919120761999920e+02,-3.289982637999970261e-01
4.041000000000000369e+00,3.584000000000000075e+00,1.039899999999999913e+01,6.815000000000000391e+00,3.885719816140002081e+01,4.992920669014999930e+02,-3.296880542999976460e-01
4.049999999999999822e+00,3.575692307692308169e+00,1.038238461538461621e+01,6.806692307692308042e+00,3.929252649099999672e+01,4.992934603292000020e+02,-3.358961688000010049e-01
4.054000000000000270e+00,3.572000000000000064e+00,1.037500000000000000e+01,6.802999999999999936e+00,3.948137270380002661e+01,4.992910176607999801e+02,-3.366455456000050916e-01
4.059999999999999609e+00,3.559000000000001052e+00,1.036200000000000188e+01,6.802999999999999936e+00,3.976464202300000039e+01,4.992873536582000042e+02,-3.377696108000109998e-01
4.065999999999999837e+00,3.545999999999999819e+00,1.034900000000000020e+01,6.802999999999999936e+00,4.005542317899998750e+01,4.992679049882000299e+02,-3.352362919999996582e-01
4.070000000000000284e+00,3.545999999999999819e+00,1.034944444444444400e+01,6.803444444444444628e+00,4.024927728299999785e+01,4.992549392082000281e+02,-3.335474127999920047e-01
4.075000000000000178e+00,3.545999999999999819e+00,1.034999999999999964e+01,6.804000000000000270e+00,4.049891183500000125e+01,4.992421528157000239e+02,-3.319467582999989785e-01
4.080000000000000071e+00,3.550999999999999712e+00,1.035461538461538389e+01,6.803615384615384620e+00,4.074854638699999754e+01,4.992293664232000197e+02,-3.303461038000060079e-01
4.088000000000000078e+00,3.559000000000000163e+00,1.036200000000000010e+01,6.802999999999999936e+00,4.115335023020000449e+01,4.992268103968000332e+02,-3.374470805999725820e-01
4.089999999999999858e+00,3.564555555555554811e+00,1.036733333333333285e+01,6.802777777777778034e+00,4.125455119099999735e+01,4.992261713902000224e+02,-3.392223247999640035e-01
4.097000000000000419e+00,3.584000000000000075e+00,1.038599999999999923e+01,6.801999999999999602e+00,4.161705985500003635e+01,4.992258311306999872e+02,-3.398404856999871493e-01
4.099999999999999645e+00,3.586999999999999300e+00,1.039176923076922776e+01,6.804769230769229793e+00,4.177242071100000231e+01,4.992256853051999883e+02,-3.401054117999969817e-01
4.110000000000000320e+00,3.596999999999999975e+00,1.041099999999999959e+01,6.814000000000000057e+00,4.226521555299999733e+01,4.992257921492000037e+02,-3.349961298000019849e-01
4.118999999999999773e+00,3.584999999999999964e+00,1.040000000000000036e+01,6.815000000000000391e+00,4.272364734519997853e+01,4.992330437614999710e+02,-3.322197143999625069e-01
4.120000000000000107e+00,3.585923076923076991e+00,1.040092307692307827e+01,6.815000000000000391e+00,4.277458421099999697e+01,4.992338494961999800e+02,-3.319112237999580217e-01
4.129999999999999893e+00,3.595153846153846366e+00,1.041015384615384676e+01,6.815000000000000391e+00,4.329764578099999994e+01,4.992476860851999731e+02,-3.318436807999580185e-01
4.131999999999999673e+00,3.596999999999999975e+00,1.041200000000000081e+01,6.815000000000000391e+00,4.339934263699998951e+01,4.992488868076000017e+02,-3.312252897999610757e-01
4.139999999999999680e+00,3.596999999999999975e+00,1.038599999999999923e+01,6.788999999999999702e+00,4.380613006099999751e+01,4.992536896972000022e+02,-3.287517257999730269e-01
4.150000000000000355e+00,3.567769230769228805e+00,1.035753846153845892e+01,6.789769230769231001e+00,4.431321764700000188e+01,4.992666143022000256e+02,-3.286845187999730133e-01
4.152999999999999581e+00,3.559000000000000163e+00,1.034900000000000020e+01,6.790000000000000036e+00,4.446122817179996645e+01,4.992741598476000036e+02,-3.295782196999685887e-01
4.160000000000000142e+00,3.552499999999999769e+00,1.032999999999999829e+01,6.777499999999998970e+00,4.480658606299999747e+01,4.992917661202000090e+02,-3.316635217999590046e-01
4.166999999999999815e+00,3.545999999999999819e+00,1.031099999999999994e+01,6.764999999999999680e+00,4.516103040080005826e+01,4.993098713269000086e+02,-3.393485991999748985e-01
4.169999999999999929e+00,3.539499999999999869e+00,1.030075000000000074e+01,6.761249999999999538e+00,4.531293511700010157e+01,4.993176307012000166e+02,-3.426422037999820036e-01
4.179000000000000270e+00,3.520000000000000018e+00,1.026999999999999957e+01,6.750000000000000000e+00,4.574890629140003284e+01,4.993235553831999596e+02,-3.524661853000051193e-01
4.179999999999999716e+00,3.524222222222220147e+00,1.027411111111110920e+01,6.749888888888889049e+00,4.579734753299999994e+01,4.993242136811999785e+02,-3.535577388000070154e-01
4.187999999999999723e+00,3.557999999999999829e+00,1.030700000000000038e+01,6.748999999999999666e+00,4.619560128339997362e+01,4.993100683627999956e+02,-3.598192795999905491e-01
4.190000000000000391e+00,3.557999999999999829e+00,1.030884615384615444e+01,6.750846153846154607e+00,4.629516472099999902e+01,4.993065320332000283e+02,-3.613846647999869877e-01
4.200000000000000178e+00,3.557999999999999829e+00,1.031807692307692470e+01,6.760076923076923983e+00,4.680818639900000022e+01,4.992856977861999894e+02,-3.731971117999889898e-01
4.200999999999999623e+00,3.557999999999999829e+00,1.031900000000000084e+01,6.761000000000000121e+00,4.685753728399997442e+01,4.992827037858999688e+02,-3.737755740999859078e-01
4.209999999999999964e+00,3.583615384615383981e+00,1.035361538461538444e+01,6.769999999999999574e+00,4.730169524899999800e+01,4.992557577832000106e+02,-3.789817347999610009e-01
4.214000000000000412e+00,3.595000000000000195e+00,1.036899999999999977e+01,6.774000000000000021e+00,4.750013724340002597e+01,4.992466456111999946e+02,-3.813054567999729083e-01
4.219999999999999751e+00,3.595461538461538709e+00,1.035884615384615515e+01,6.763384615384616438e+00,4.779780023499999686e+01,4.992329773531999990e+02,-3.847910397999900201e-01
4.227000000000000313e+00,3.596000000000000085e+00,1.034699999999999953e+01,6.751000000000000334e+00,4.813538926580000066e+01,4.992270075732999999e+02,-3.853948828999732013e-01
4.230000000000000426e+00,3.604333333333334277e+00,1.035500000000000043e+01,6.750666666666666593e+00,4.828007027900000026e+01,4.992244490961999759e+02,-3.856536727999659853e-01
4.235999999999999766e+00,3.620999999999999996e+00,1.037100000000000044e+01,6.750000000000000000e+00,4.857540746059997616e+01,4.992304674249999721e+02,-3.928092523999653363e-01
4.240000000000000213e+00,3.617307692307691891e+00,1.036392307692307746e+01,6.746615384615384237e+00,4.877229891500000036e+01,4.992344796442000074e+02,-3.975796387999659953e-01
4.248999999999999666e+00,3.608999999999999986e+00,1.034800000000000075e+01,6.738999999999999879e+00,4.922844728119998337e+01,4.992343605327999967e+02,-4.028777794999919282e-01
4.250000000000000000e+00,3.606222222222221330e+00,1.034522222222222254e+01,6.738999999999999879e+00,4.927913043299999885e+01,4.992343472982000208e+02,-4.034664617999950131e-01
4.258000000000000007e+00,3.584000000000000075e+00,1.032300000000000040e+01,6.738999999999999879e+00,4.967676503620000261e+01,4.992170067614000004e+02,-3.969167842000092539e-01
4.259999999999999787e+00,3.580000000000000515e+00,1.031930769230769229e+01,6.739307692307692221e+00,4.977617368699999645e+01,4.992126716271999953e+02,-3.952793648000130222e-01
4.269999999999999574e+00,3.560000000000000497e+00,1.030084615384615354e+01,6.740846153846153044e+00,5.027641424100009715e+01,4.992051728801999957e+02,-3.951416258000129966e-01
4.270999999999999908e+00,3.557999999999999829e+00,1.029899999999999949e+01,6.740999999999999659e+00,5.032591364000010259e+01,4.992065952043000152e+02,-3.955356349000094252e-01
4.278999999999999915e+00,3.557999999999999829e+00,1.032000000000000028e+01,6.761999999999999567e+00,5.072190883199999689e+01,4.992179737971000009e+02,-3.986877076999795766e-01
4.280000000000000249e+00,3.560714285714286387e+00,1.032178571428571523e+01,6.761071428571427511e+00,5.077140823100000233e+01,4.992193961212000204e+02,-3.990817167999760051e-01
4.290000000000000036e+00,3.587857142857142634e+00,1.033964285714285758e+01,6.751785714285714057e+00,5.127376445499999846e+01,4.992450221221999982e+02,-4.130604647999859824e-01
4.293000000000000149e+00,3.596000000000000085e+00,1.034500000000000064e+01,6.748999999999999666e+00,5.143223158540001094e+01,4.992483632413999999e+02,-4.121369942999898450e-01
4.299999999999999822e+00,3.584625000000000838e+00,1.033275000000000077e+01,6.748124999999999929e+00,5.180198822300000217e+01,4.992561591862000228e+02,-4.099822297999989873e-01
4.301000000000000156e+00,3.583000000000000185e+00,1.033099999999999952e+01,6.748000000000000220e+00,5.185240013960002159e+01,4.992556331959000318e+02,-4.095691568999970666e-01
4.309999999999999609e+00,3.574000000000000288e+00,1.033030769230769153e+01,6.756307692307691681e+00,5.230610738899999745e+01,4.992508992831999990e+02,-4.058515007999810020e-01
4.314000000000000057e+00,3.569999999999999840e+00,1.033000000000000007e+01,6.759999999999999787e+00,5.250850904420000376e+01,4.992496255035999866e+02,-4.082019963999922729e-01
4.320000000000000284e+00,3.569333333333333247e+00,1.031400000000000006e+01,6.744666666666666366e+00,5.281211152699999900e+01,4.992477148341999964e+02,-4.117277398000089850e-01
4.323000000000000398e+00,3.568999999999999950e+00,1.030599999999999916e+01,6.737000000000000099e+00,5.295813687260000791e+01,4.992479268651999860e+02,-4.149960246999992997e-01
4.330000000000000071e+00,3.568999999999999950e+00,1.031192307692307608e+01,6.742923076923077019e+00,5.329886267900000263e+01,4.992484216042000185e+02,-4.226220227999760159e-01
4.336000000000000298e+00,3.568999999999999950e+00,1.031700000000000017e+01,6.748000000000000220e+00,5.359544759660001745e+01,4.992431096715999956e+02,-4.249373195999881503e-01
4.339999999999999858e+00,3.563222222222222513e+00,1.030633333333333290e+01,6.743111111111111278e+00,5.379317087500000127e+01,4.992395683831999804e+02,-4.264808507999959808e-01
4.344999999999999751e+00,3.556000000000000050e+00,1.029299999999999926e+01,6.737000000000000099e+00,5.404085232599999955e+01,4.992346763801999714e+02,-4.269084957999840224e-01
4.349999999999999645e+00,3.541384615384615575e+00,1.027876923076922999e+01,6.737384615384615749e+00,5.428853377699999783e+01,4.992297843772000192e+02,-4.273361407999720085e-01
4.357999999999999652e+00,3.517999999999999794e+00,1.025600000000000023e+01,6.738000000000000433e+00,5.467900610019997742e+01,4.992256173380000064e+02,-4.320346063999949138e-01
4.360000000000000320e+00,3.526666666666669059e+00,1.026400000000000290e+01,6.737333333333333840e+00,5.477662418100000252e+01,4.992245755782000174e+02,-4.332092228000010148e-01
4.366999999999999993e+00,3.556999999999999940e+00,1.029199999999999982e+01,6.735000000000000320e+00,5.512773097759999530e+01,4.992151707394000368e+02,-4.337979395999841947e-01
4.370000000000000107e+00,3.568769230769231360e+00,1.030376923076923035e+01,6.735000000000000320e+00,5.527820531900000134e+01,4.992111400942000046e+02,-4.340502467999770020e-01
4.379999999999999893e+00,3.608000000000000096e+00,1.034299999999999997e+01,6.735000000000000320e+00,5.576044373500000262e+01,4.991856178621999902e+02,-4.248528657999620095e-01
4.389999999999999680e+00,3.617230769230769027e+00,1.035223076923077024e+01,6.735000000000000320e+00,5.625725855299999978e+01,4.991679427192000276e+02,-4.146799207999720127e-01
4.392999999999999794e+00,3.620000000000000107e+00,1.035500000000000043e+01,6.735000000000000320e+00,5.640417349219999466e+01,4.991736249201999840e+02,-4.149672874999819072e-01
4.400000000000000355e+00,3.591222222222221205e+00,1.031844444444444342e+01,6.727222222222221326e+00,5.674697501699999691e+01,4.991868833891999770e+02,-4.156378098000049759e-01
4.402000000000000135e+00,3.583000000000000185e+00,1.030799999999999983e+01,6.724999999999999645e+00,5.684613386179999139e+01,4.991939425713999867e+02,-4.168406641999992668e-01
4.410000000000000142e+00,3.583000000000000185e+00,1.029199999999999982e+01,6.708999999999999631e+00,5.724276924099999775e+01,4.992221793002000254e+02,-4.216520817999769855e-01
4.415000000000000036e+00,3.583000000000000185e+00,1.028200000000000003e+01,6.698999999999999844e+00,5.750124790600000324e+01,4.992299249656999791e+02,-4.216219082999764778e-01
4.419999999999999929e+00,3.582285714285714295e+00,1.030628571428571583e+01,6.724000000000000199e+00,5.775972657100000163e+01,4.992376706311999897e+02,-4.215917347999760256e-01
4.421999999999999709e+00,3.581999999999999851e+00,1.031600000000000072e+01,6.733999999999999986e+00,5.786292868779999310e+01,4.992335577380000018e+02,-4.183542451999837097e-01
4.429999999999999716e+00,3.557999999999999829e+00,1.027846153846153854e+01,6.720461538461537820e+00,5.827573715500000162e+01,4.992171061651999935e+02,-4.054042868000130029e-01
4.434999999999999609e+00,3.543000000000000149e+00,1.025500000000000078e+01,6.711999999999999744e+00,5.853659640599997971e+01,4.992094696812000052e+02,-4.033193013000037075e-01
4.440000000000000391e+00,3.538384615384615017e+00,1.024538461538461576e+01,6.706999999999998963e+00,5.879745565700000043e+01,4.992018331972000169e+02,-4.012343157999940235e-01
4.448000000000000398e+00,3.531000000000000139e+00,1.023000000000000043e+01,6.698999999999999844e+00,5.920118632260000879e+01,4.992040378500000202e+02,-4.043523014000101057e-01
4.450000000000000178e+00,3.539444444444443949e+00,1.023511111111111127e+01,6.695666666666666877e+00,5.930211898900000023e+01,4.992045890132000068e+02,-4.051317978000140152e-01
4.456999999999999851e+00,3.568999999999999950e+00,1.025300000000000011e+01,6.684000000000000163e+00,5.964853622799999044e+01,4.992159232403000146e+02,-4.134947769000131279e-01
4.459999999999999964e+00,3.566230769230768871e+00,1.025300000000000011e+01,6.686769230769231243e+00,5.979700075899999945e+01,4.992207807661999936e+02,-4.170789108000130252e-01
4.469999999999999751e+00,3.556999999999999940e+00,1.025300000000000011e+01,6.695999999999999730e+00,6.030742678699999715e+01,4.992278649922000113e+02,-4.229903947999860137e-01
4.479000000000000092e+00,3.556999999999999940e+00,1.025500000000000078e+01,6.698000000000000398e+00,6.074411333899998766e+01,4.992212546901999985e+02,-4.201699108999986665e-01
4.480000000000000426e+00,3.556999999999999940e+00,1.025561538461538547e+01,6.698615384615385082e+00,6.079263406700000161e+01,4.992205202121999719e+02,-4.198565237999999922e-01
4.490000000000000213e+00,3.556999999999999940e+00,1.026176923076923053e+01,6.704769230769231037e+00,6.127501810700000107e+01,4.992099952191999819e+02,-4.207120867999760150e-01
4.491999999999999993e+00,3.556999999999999940e+00,1.026299999999999990e+01,6.706000000000000405e+00,6.137031975419998986e+01,4.992074210633999769e+02,-4.212818081999733510e-01
4.500000000000000000e+00,3.601444444444442894e+00,1.028788888888888842e+01,6.686444444444445523e+00,6.175152634300000187e+01,4.991971244402000139e+02,-4.235606937999629729e-01
4.501000000000000334e+00,3.607000000000000206e+00,1.029100000000000037e+01,6.684000000000000163e+00,6.180064308800002237e+01,4.991947222945000249e+02,-4.229412884999654287e-01
4.509999999999999787e+00,3.572384615384617046e+00,1.025569230769231055e+01,6.683307692307692172e+00,6.224269379300000082e+01,4.991731029832000104e+02,-4.173666407999899741e-01
4.514000000000000234e+00,3.556999999999999940e+00,1.024000000000000021e+01,6.682999999999999829e+00,6.244212757780002931e+01,4.991676702692000163e+02,-4.149030923999784681e-01
4.519999999999999574e+00,3.540333333333334220e+00,1.023133333333333361e+01,6.690999999999999837e+00,6.274127825499999744e+01,4.991595211982000251e+02,-4.112077697999619863e-01
4.522999999999999687e+00,3.532000000000000028e+00,1.022700000000000031e+01,6.695000000000000284e+00,6.288305786619999083e+01,4.991604124742000295e+02,-4.087793585999677792e-01
4.530000000000000249e+00,3.524461538461537646e+00,1.022107692307692162e+01,6.696615384615385302e+00,6.321387695899999670e+01,4.991624921182000207e+02,-4.031130657999810185e-01
4.535999999999999588e+00,3.517999999999999794e+00,1.021599999999999930e+01,6.698000000000000398e+00,6.351280642219997219e+01,4.991687452785999994e+02,-4.018686201999751018e-01
4.540000000000000036e+00,3.523777777777778120e+00,1.022222222222222321e+01,6.698444444444444201e+00,6.371209273099999848e+01,4.991729140521999852e+02,-4.010389897999709907e-01
4.544999999999999929e+00,3.531000000000000139e+00,1.023000000000000043e+01,6.698999999999999844e+00,6.396470716700000025e+01,4.991693354001999978e+02,-3.929701157999895278e-01
4.549999999999999822e+00,3.535615384615384826e+00,1.023461538461538467e+01,6.698999999999999844e+00,6.421732160300000203e+01,4.991657567482000104e+02,-3.849012418000080094e-01
4.557999999999999829e+00,3.543000000000000149e+00,1.024200000000000088e+01,6.698999999999999844e+00,6.462284951500009811e+01,4.991505091057999834e+02,-3.671571193999684235e-01
4.559999999999999609e+00,3.535307692307693372e+00,1.023430769230769322e+01,6.698999999999999844e+00,6.472423149300010436e+01,4.991466971951999767e+02,-3.627210887999590128e-01
4.570000000000000284e+00,3.496846153846151495e+00,1.019584615384615134e+01,6.698999999999999844e+00,6.524330067699999347e+01,4.991602881481999816e+02,-3.676535998000129979e-01
4.570999999999999730e+00,3.492999999999999883e+00,1.019200000000000017e+01,6.698999999999999844e+00,6.529371308619997194e+01,4.991632629064999946e+02,-3.686528868000114589e-01
4.578999999999999737e+00,3.505999999999999783e+00,1.021700000000000053e+01,6.711000000000000298e+00,6.569701235979998444e+01,4.991870609728999852e+02,-3.766471828000036437e-01
4.580000000000000071e+00,3.506076923076923091e+00,1.021684615384615391e+01,6.710769230769231264e+00,6.574742476900000554e+01,4.991900357311999983e+02,-3.776464698000029929e-01
4.589999999999999858e+00,3.506846153846153946e+00,1.021530769230769309e+01,6.708461538461538254e+00,6.624318958499999610e+01,4.992083023871999785e+02,-3.836006677999759806e-01
4.591999999999999638e+00,3.507000000000000117e+00,1.021499999999999986e+01,6.708000000000000185e+00,6.634458959899998831e+01,4.992076846587999626e+02,-3.825759245999768576e-01
4.599999999999999645e+00,3.493666666666667364e+00,1.022566666666666713e+01,6.731999999999999318e+00,6.675018965499999979e+01,4.992052137452000125e+02,-3.784769517999799771e-01
4.600999999999999979e+00,3.491999999999999993e+00,1.022700000000000031e+01,6.735000000000000320e+00,6.680096685560000935e+01,4.992053074584999877e+02,-3.786659878999810158e-01
4.610000000000000320e+00,3.492692307692307541e+00,1.021107692307692361e+01,6.718384615384614733e+00,6.725796166099999596e+01,4.992061508781999919e+02,-3.803673127999899761e-01
4.613999999999999879e+00,3.492999999999999883e+00,1.020400000000000063e+01,6.711000000000000298e+00,6.746410610979998523e+01,4.992094965026000182e+02,-3.831332759999913629e-01
4.620000000000000107e+00,3.467000000000000082e+00,1.019533333333333402e+01,6.728333333333333499e+00,6.777332278299999757e+01,4.992145149392000008e+02,-3.872822207999940258e-01
4.623000000000000220e+00,3.454000000000000181e+00,1.019100000000000072e+01,6.737000000000000099e+00,6.792154664440001000e+01,4.992130601897000020e+02,-3.875441165999871096e-01
4.629999999999999893e+00,3.460999999999999854e+00,1.020392307692307732e+01,6.742923076923077019e+00,6.826740232100000583e+01,4.992096657742000048e+02,-3.881552067999710087e-01
4.636000000000000121e+00,3.467000000000000082e+00,1.021499999999999986e+01,6.748000000000000220e+00,6.856817947700001525e+01,4.992046080549999942e+02,-3.862704405999786705e-01
4.639999999999999680e+00,3.459307692307693305e+00,1.020700000000000074e+01,6.747692307692307878e+00,6.876869758099999785e+01,4.992012362422000251e+02,-3.850139297999840005e-01
4.649000000000000021e+00,3.442000000000000171e+00,1.018900000000000006e+01,6.746999999999999886e+00,6.920386981819999050e+01,4.992053601906999916e+02,-3.813316481999678986e-01
4.650000000000000355e+00,3.443000000000000504e+00,1.019000000000000128e+01,6.746999999999999886e+00,6.925222228900000232e+01,4.992058184072000131e+02,-3.809225057999660047e-01
4.660000000000000142e+00,3.453000000000000291e+00,1.019999999999999929e+01,6.746999999999999886e+00,6.972265369500000531e+01,4.992116633772000114e+02,-3.748384367999940125e-01
4.661999999999999922e+00,3.455000000000000071e+00,1.020199999999999996e+01,6.746999999999999886e+00,6.982010572259999037e+01,4.992100203695999880e+02,-3.734109519999929128e-01
4.669999999999999929e+00,3.466555555555554946e+00,1.022422222222222210e+01,6.757666666666666266e+00,7.020991383300000166e+01,4.992034483392000084e+02,-3.677010127999880140e-01
4.671000000000000263e+00,3.467999999999999972e+00,1.022700000000000031e+01,6.759000000000000341e+00,7.025924160800002483e+01,4.992008586252999862e+02,-3.668808974999896444e-01
4.679999999999999716e+00,3.450000000000001066e+00,1.021938461538461596e+01,6.769384615384614889e+00,7.070319158300000595e+01,4.991775512002000141e+02,-3.594998598000069823e-01
4.684000000000000163e+00,3.442000000000000171e+00,1.021599999999999930e+01,6.774000000000000021e+00,7.091015591500000426e+01,4.991665344374000028e+02,-3.582149429999901269e-01
4.690000000000000391e+00,3.430461538461537785e+00,1.020999999999999908e+01,6.779538461538461291e+00,7.122060241299999461e+01,4.991500092932000143e+02,-3.562875677999650104e-01
4.697000000000000064e+00,3.416999999999999815e+00,1.020299999999999940e+01,6.785999999999999588e+00,7.157586279259999174e+01,4.991415377686000170e+02,-3.582786624999943492e-01
4.700000000000000178e+00,3.425333333333333119e+00,1.021066666666666656e+01,6.785333333333332995e+00,7.172811724100000674e+01,4.991379071151999938e+02,-3.591319888000070182e-01
4.706000000000000405e+00,3.442000000000000171e+00,1.022600000000000087e+01,6.783999999999999808e+00,7.202052649940002027e+01,4.991425754566000137e+02,-3.608834217999987160e-01
4.709999999999999964e+00,3.453692307692306507e+00,1.024169230769230587e+01,6.787999999999999368e+00,7.221546600499999613e+01,4.991456876842000270e+02,-3.620510437999929776e-01
4.719000000000000306e+00,3.479999999999999982e+00,1.027699999999999925e+01,6.796999999999999709e+00,7.267213098740002408e+01,4.991681026989999737e+02,-3.764286302000118267e-01
4.719999999999999751e+00,3.478916666666667101e+00,1.027491666666666781e+01,6.796000000000000263e+00,7.272287154100000350e+01,4.991705932561999930e+02,-3.780261398000129835e-01
4.730000000000000426e+00,3.468083333333332963e+00,1.025408333333333211e+01,6.785999999999999588e+00,7.324310964900000442e+01,4.991812531602000149e+02,-3.809480367999990014e-01
4.730999999999999872e+00,3.467000000000000082e+00,1.025200000000000067e+01,6.785000000000000142e+00,7.329419778359996940e+01,4.991811639468000408e+02,-3.812363589999974711e-01
4.740000000000000213e+00,3.483714285714285985e+00,1.029121428571428787e+01,6.807500000000000995e+00,7.375399099499999522e+01,4.991803610261999893e+02,-3.838312587999849756e-01
4.745000000000000107e+00,3.492999999999999883e+00,1.031300000000000061e+01,6.820000000000000284e+00,7.401409501199999852e+01,4.991771816427000203e+02,-3.837621792999844628e-01
4.750000000000000000e+00,3.481749999999999901e+00,1.030883333333333418e+01,6.827083333333333393e+00,7.427419902900000181e+01,4.991740022591999946e+02,-3.836930997999840054e-01
4.756999999999999673e+00,3.466000000000000192e+00,1.030300000000000082e+01,6.836999999999999744e+00,7.462215035859999546e+01,4.991707423592000055e+02,-3.801041710999882861e-01
4.759999999999999787e+00,3.469000000000000306e+00,1.031028571428571539e+01,6.841285714285714192e+00,7.477127235700000085e+01,4.991693452591999858e+02,-3.785660587999900017e-01
4.769999999999999574e+00,3.478999999999999648e+00,1.033457142857142763e+01,6.855571428571428427e+00,7.527031528700000251e+01,4.991828228242000023e+02,-3.755025728000039864e-01
4.770999999999999908e+00,3.479999999999999982e+00,1.033699999999999974e+01,6.857000000000000206e+00,7.531835415360001207e+01,4.991852653185000008e+02,-3.754005028000005351e-01
4.780000000000000249e+00,3.440999999999999837e+00,1.030100000000000016e+01,6.860000000000000320e+00,7.575070395299999859e+01,4.992072477671999877e+02,-3.744818727999699726e-01
4.790000000000000036e+00,3.441769230769230692e+00,1.030176923076922968e+01,6.860000000000000320e+00,7.623448650500000667e+01,4.992248586591999810e+02,-3.724363707999600037e-01
4.793000000000000149e+00,3.442000000000000171e+00,1.030199999999999960e+01,6.860000000000000320e+00,7.637933016860004898e+01,4.992247144233999734e+02,-3.724036401999603063e-01
4.799999999999999822e+00,3.435000000000000053e+00,1.029383333333333361e+01,6.858833333333333115e+00,7.671729871700010506e+01,4.992243778732000123e+02,-3.723272687999609754e-01
4.804999999999999716e+00,3.430000000000000160e+00,1.028800000000000026e+01,6.857999999999999652e+00,7.696289512700010960e+01,4.992033709731999807e+02,-3.641984677999789977e-01
4.809999999999999609e+00,3.430000000000000160e+00,1.029299999999999926e+01,6.862999999999999545e+00,7.720849153700009992e+01,4.991823640732000058e+02,-3.560696667999970200e-01
4.818999999999999950e+00,3.430000000000000160e+00,1.030199999999999960e+01,6.871999999999999886e+00,7.766319748399999412e+01,4.991443459078000160e+02,-3.486343356999629939e-01
4.820000000000000284e+00,3.434625000000001815e+00,1.030525000000000091e+01,6.870624999999999538e+00,7.771372036699999342e+01,4.991401216671999919e+02,-3.478081877999589788e-01
4.826999999999999957e+00,3.467000000000000082e+00,1.032799999999999940e+01,6.860999999999999766e+00,7.806334995359999596e+01,4.991320298058000162e+02,-3.498018745999890711e-01
4.830000000000000071e+00,3.464428571428571413e+00,1.032542857142857073e+01,6.860999999999999766e+00,7.821319120500000110e+01,4.991285618652000267e+02,-3.506563118000020074e-01
4.839999999999999858e+00,3.455857142857143405e+00,1.031685714285714361e+01,6.860999999999999766e+00,7.871369004700009953e+01,4.991340847892000170e+02,-3.545644827999639981e-01
4.841000000000000192e+00,3.455000000000000071e+00,1.031600000000000072e+01,6.860999999999999766e+00,7.876448724340011154e+01,4.991355826232000368e+02,-3.545584669999640726e-01
4.849000000000000199e+00,3.519000000000000128e+00,1.036599999999999966e+01,6.847000000000000419e+00,7.917086481460003711e+01,4.991475652951999677e+02,-3.545103405999648905e-01
4.849999999999999645e+00,3.518076923076923546e+00,1.036599999999999966e+01,6.847923076923076557e+00,7.922166201100000649e+01,4.991490631291999875e+02,-3.545043247999650204e-01
4.860000000000000320e+00,3.508846153846153726e+00,1.036599999999999966e+01,6.857153846153846821e+00,7.971999200099999427e+01,4.991574847992000059e+02,-3.534231727999890271e-01
4.862000000000000099e+00,3.507000000000000117e+00,1.036599999999999966e+01,6.858999999999999986e+00,7.982391965619999041e+01,4.991582090762000234e+02,-3.536026097999840356e-01
4.870000000000000107e+00,3.528333333333332877e+00,1.039000000000000057e+01,6.861666666666666359e+00,8.023963027700000339e+01,4.991611061841999799e+02,-3.543203577999640141e-01
4.871000000000000441e+00,3.531000000000000139e+00,1.039300000000000068e+01,6.862000000000000099e+00,8.029134575740002333e+01,4.991605548085999544e+02,-3.538069046999643419e-01
4.879999999999999893e+00,3.539999999999999591e+00,1.039300000000000068e+01,6.853000000000000647e+00,8.075678508100000386e+01,4.991555924282000092e+02,-3.491858267999690124e-01
4.884000000000000341e+00,3.544000000000000039e+00,1.039300000000000068e+01,6.849000000000000199e+00,8.095585381220003285e+01,4.991565535029999978e+02,-3.455449095999857390e-01
4.889999999999999680e+00,3.510000000000001563e+00,1.034966666666666946e+01,6.839666666666667005e+00,8.125445690899999818e+01,4.991579951151999808e+02,-3.400835338000119945e-01
4.892999999999999794e+00,3.492999999999999883e+00,1.032799999999999940e+01,6.834999999999999964e+00,8.140782452119999846e+01,4.991664464175999569e+02,-3.412792405000005802e-01
4.900000000000000355e+00,3.492999999999999883e+00,1.032153846153846111e+01,6.828538461538460780e+00,8.176568228300000385e+01,4.991861661231999960e+02,-3.440692227999739838e-01
4.905999999999999694e+00,3.492999999999999883e+00,1.031600000000000072e+01,6.823000000000000398e+00,8.206269578899997441e+01,4.992049260879999792e+02,-3.440693361999739852e-01
4.910000000000000142e+00,3.473999999999997979e+00,1.029699999999999882e+01,6.823000000000000398e+00,8.226070479300000216e+01,4.992174327312000059e+02,-3.440694117999740231e-01
4.913999999999999702e+00,3.455000000000000071e+00,1.027800000000000047e+01,6.823000000000000398e+00,8.245855285379998634e+01,4.992187219319999940e+02,-3.412299289999722873e-01
4.919999999999999929e+00,3.466538461538462013e+00,1.028400000000000070e+01,6.817461538461538240e+00,8.275532494499999814e+01,4.992206557331999761e+02,-3.369707047999689897e-01
4.926999999999999602e+00,3.479999999999999982e+00,1.029100000000000037e+01,6.810999999999999943e+00,8.309630603719999442e+01,4.992043923217000270e+02,-3.291374219999922968e-01
4.929999999999999716e+00,3.492999999999999883e+00,1.030333333333333279e+01,6.810333333333333350e+00,8.324244079100000704e+01,4.991974222882000163e+02,-3.257803008000019762e-01
4.935999999999999943e+00,3.519000000000000128e+00,1.032799999999999940e+01,6.809000000000000163e+00,8.353991287939999211e+01,4.991765675667999744e+02,-3.190405055999872008e-01
4.940000000000000391e+00,3.510999999999999233e+00,1.032399999999999807e+01,6.813000000000000611e+00,8.373822760500000584e+01,4.991626644191999844e+02,-3.145473087999769990e-01
4.948999999999999844e+00,3.492999999999999883e+00,1.031499999999999950e+01,6.822000000000000064e+00,8.418521024339999315e+01,4.991494015809000189e+02,-3.198011164000028606e-01
4.950000000000000178e+00,3.495000000000000551e+00,1.031623076923076887e+01,6.821230769230768765e+00,8.423487498100000437e+01,4.991479279321999911e+02,-3.203848728000059931e-01
4.959999999999999964e+00,3.515000000000000568e+00,1.032853846153846078e+01,6.813538461538461988e+00,8.471032629100000122e+01,4.991360232182000232e+02,-3.162370777999869986e-01
4.961999999999999744e+00,3.519000000000000128e+00,1.033099999999999952e+01,6.812000000000000277e+00,8.480581060659999082e+01,4.991372670716000357e+02,-3.164202261999821686e-01
4.969999999999999751e+00,3.502999999999999670e+00,1.032176923076923103e+01,6.818769230769230916e+00,8.518774786900000606e+01,4.991422424851999722e+02,-3.171528197999630150e-01
4.974999999999999645e+00,3.492999999999999883e+00,1.031600000000000072e+01,6.823000000000000398e+00,8.543192066099997817e+01,4.991461736171999632e+02,-3.151123577999822012e-01
4.980000000000000426e+00,3.492999999999999883e+00,1.030176923076922968e+01,6.808769230769229353e+00,8.567609345299999291e+01,4.991501047492000112e+02,-3.130718958000009988e-01
4.988000000000000433e+00,3.492999999999999883e+00,1.027899999999999991e+01,6.785999999999999588e+00,8.606403092980001190e+01,4.991482280419999711e+02,-3.089789486000041330e-01
4.990000000000000213e+00,3.489000000000000323e+00,1.027500000000000036e+01,6.785999999999999588e+00,8.616101529899999889e+01,4.991477588651999895e+02,-3.079557118000050275e-01
5.000000000000000000e+00,3.469000000000000750e+00,1.025500000000000078e+01,6.785999999999999588e+00,8.667851231299999881e+01,4.991362513732000252e+02,-3.037999647999869990e-01
5.001000000000000334e+00,3.467000000000000082e+00,1.025300000000000011e+01,6.785999999999999588e+00,8.673012234500001227e+01,4.991357927233000282e+02,-3.036868648999892506e-01
5.009999999999999787e+00,3.491999999999999993e+00,1.026399999999999935e+01,6.772000000000000242e+00,8.719461263300000553e+01,4.991316648741999984e+02,-3.026689658000100147e-01
5.019999999999999574e+00,3.511999999999999567e+00,1.026553846153846195e+01,6.753538461538462379e+00,8.770492266700000528e+01,4.991407775882000237e+02,-2.995875737999669775e-01
5.022999999999999687e+00,3.517999999999999794e+00,1.026600000000000001e+01,6.748000000000000220e+00,8.785737510939999595e+01,4.991494696931000021e+02,-3.028843472999743769e-01
5.030000000000000249e+00,3.528111111111111420e+00,1.027377777777777723e+01,6.745666666666666700e+00,8.821309747499999787e+01,4.991697512712000275e+02,-3.105768187999919938e-01
5.032000000000000028e+00,3.531000000000000139e+00,1.027599999999999980e+01,6.745000000000000107e+00,8.831397893619998740e+01,4.991747080645999972e+02,-3.109718673999937733e-01
5.040000000000000036e+00,3.530384615384615454e+00,1.027599999999999980e+01,6.745615384615384791e+00,8.871750478100000237e+01,4.991945352381999896e+02,-3.125520618000010020e-01
5.044999999999999929e+00,3.529999999999999805e+00,1.027599999999999980e+01,6.746000000000000441e+00,8.897154809399999920e+01,4.992010207481999942e+02,-3.140184387999940263e-01
5.049999999999999822e+00,3.511153846153846292e+00,1.025715384615384629e+01,6.746000000000000441e+00,8.922559140699999602e+01,4.992075062581999987e+02,-3.154848157999869951e-01
5.057999999999999829e+00,3.480999999999999872e+00,1.022700000000000031e+01,6.746000000000000441e+00,8.963319818140000450e+01,4.991979552277999801e+02,-3.065603861999668389e-01
5.059999999999999609e+00,3.482692307692307310e+00,1.022715384615384693e+01,6.744461538461538730e+00,8.973509987500000307e+01,4.991955674701999897e+02,-3.043292787999620219e-01
5.070000000000000284e+00,3.491153846153846718e+00,1.022792307692307645e+01,6.736769230769230177e+00,9.023080321099999423e+01,4.991798179521999828e+02,-2.981634007999909852e-01
5.070999999999999730e+00,3.491999999999999993e+00,1.022799999999999976e+01,6.735999999999999766e+00,9.028166889379996007e+01,4.991801163334000080e+02,-2.985531405999927723e-01
5.080000000000000071e+00,3.491999999999999993e+00,1.020100000000000051e+01,6.708999999999999631e+00,9.073946003899999369e+01,4.991828017642000077e+02,-3.020607988000110211e-01
5.089999999999999858e+00,3.501999999999999780e+00,1.021023076923076900e+01,6.708230769230769219e+00,9.122914731700009838e+01,4.991847096512000235e+02,-3.039586077999619773e-01
5.092999999999999972e+00,3.504999999999999893e+00,1.021299999999999919e+01,6.708000000000000185e+00,9.137439268960007155e+01,4.991827918031000308e+02,-3.021195186999708904e-01
5.099999999999999645e+00,3.516374999999999140e+00,1.022349999999999959e+01,6.707124999999999559e+00,9.171329855899999473e+01,4.991783168242000102e+02,-2.978283107999920021e-01
5.100999999999999979e+00,3.517999999999999794e+00,1.022499999999999964e+01,6.706999999999999851e+00,9.176150263100001325e+01,4.991778654624999945e+02,-2.973159916999921770e-01
5.110000000000000320e+00,3.500692307692306660e+00,1.021599999999999930e+01,6.715307692307693088e+00,9.219533927899999526e+01,4.991738032072000237e+02,-2.927051197999949728e-01
5.113999999999999879e+00,3.492999999999999883e+00,1.021199999999999974e+01,6.719000000000000306e+00,9.238979856379998523e+01,4.991712902643999996e+02,-2.906529817999971566e-01
5.120000000000000107e+00,3.526333333333333542e+00,1.024600000000000044e+01,6.719666666666666899e+00,9.268148749099999861e+01,4.991675208501999919e+02,-2.875747747999999882e-01
5.123000000000000220e+00,3.543000000000000149e+00,1.026299999999999990e+01,6.719999999999999751e+00,9.283166252000000895e+01,4.991634699301000069e+02,-2.887270828999886629e-01
5.129999999999999893e+00,3.529000000000000359e+00,1.025707692307692298e+01,6.728076923076923066e+00,9.318207092100000466e+01,4.991540177832000040e+02,-2.914158017999620154e-01
5.136000000000000121e+00,3.516999999999999904e+00,1.025200000000000067e+01,6.735000000000000320e+00,9.348086169900001607e+01,4.991416456008000182e+02,-2.865056519999731321e-01
5.139999999999999680e+00,3.521307692307691806e+00,1.025969230769230656e+01,6.738384615384615195e+00,9.368005555099999526e+01,4.991333974792000276e+02,-2.832322187999810059e-01
5.149000000000000021e+00,3.531000000000000139e+00,1.027699999999999925e+01,6.746000000000000441e+00,9.412811608879998460e+01,4.991328325518999804e+02,-2.840305566000106419e-01
5.150000000000000355e+00,3.523888888888886850e+00,1.027144444444444282e+01,6.747555555555556417e+00,9.417790059300000394e+01,4.991327697822000005e+02,-2.841192608000139841e-01
5.158000000000000362e+00,3.467000000000000082e+00,1.022700000000000031e+01,6.759999999999999787e+00,9.458918739140001719e+01,4.991570153733999859e+02,-2.945133743999966414e-01
5.160000000000000142e+00,3.462833333333333652e+00,1.022450000000000081e+01,6.761666666666666714e+00,9.469200909100000274e+01,4.991630767711999965e+02,-2.971119027999920004e-01
5.169999999999999929e+00,3.442000000000000171e+00,1.021199999999999974e+01,6.769999999999999574e+00,9.518620555299999353e+01,4.991912701082000012e+02,-3.031014717999639951e-01
5.179000000000000270e+00,3.428999999999999826e+00,1.021100000000000030e+01,6.782000000000000028e+00,9.564019556080003781e+01,4.991973730442000488e+02,-2.985219801999664524e-01
5.179999999999999716e+00,3.428071428571428658e+00,1.020928571428571452e+01,6.781214285714286305e+00,9.569063889500000641e+01,4.991980511482000225e+02,-2.980131477999670153e-01
5.190000000000000391e+00,3.418785714285713428e+00,1.019214285714285495e+01,6.773357142857141966e+00,9.621073137899999494e+01,4.991937138132000200e+02,-2.908821007999630170e-01
5.192999999999999616e+00,3.415999999999999925e+00,1.018699999999999939e+01,6.770999999999999908e+00,9.636326750759995718e+01,4.991904114123000227e+02,-2.884365010999692669e-01
5.200000000000000178e+00,3.423000000000000043e+00,1.020692307692307743e+01,6.783923076923077389e+00,9.671918514099999697e+01,4.991827058101999910e+02,-2.827301017999819810e-01
5.206000000000000405e+00,3.428999999999999826e+00,1.022400000000000020e+01,6.794999999999999929e+00,9.700621960060001925e+01,4.991762519000000111e+02,-2.838434863999874658e-01
5.209999999999999964e+00,3.420666666666666966e+00,1.021600000000000108e+01,6.795333333333333670e+00,9.719757590700000094e+01,4.991719492931999866e+02,-2.845857427999909928e-01
5.217999999999999972e+00,3.403999999999999915e+00,1.019999999999999929e+01,6.796000000000000263e+00,9.754416412940000214e+01,4.991644953603999966e+02,-2.836823380000101924e-01
5.219999999999999751e+00,3.409692307692306912e+00,1.020553846153845967e+01,6.795846153846153648e+00,9.763081118499999889e+01,4.991626318771999991e+02,-2.834564868000150062e-01
5.230000000000000426e+00,3.438153846153847670e+00,1.023323076923077046e+01,6.795076923076923237e+00,9.800890679100000114e+01,4.991541906282000127e+02,-2.773425557999850133e-01
5.230999999999999872e+00,3.440999999999999837e+00,1.023600000000000065e+01,6.794999999999999929e+00,9.804584065859998532e+01,4.991528951514000028e+02,-2.769297663999833459e-01
5.240000000000000213e+00,3.413999999999998813e+00,1.022630769230769232e+01,6.812307692307693507e+00,9.837824546699999928e+01,4.991412358602000268e+02,-2.732146617999660076e-01
5.243999999999999773e+00,3.402000000000000135e+00,1.022199999999999953e+01,6.820000000000000284e+00,9.851458263659998238e+01,4.991321909310000251e+02,-2.735524237999791830e-01
5.250000000000000000e+00,3.397285714285714242e+00,1.021685714285714219e+01,6.819571428571428839e+00,9.871908839099999966e+01,4.991186235371999942e+02,-2.740590667999989738e-01
5.258000000000000007e+00,3.391000000000000014e+00,1.021000000000000085e+01,6.818999999999999950e+00,9.898687862780001012e+01,4.991018687620000378e+02,-2.715403668000101467e-01
5.259999999999999787e+00,3.381250000000000977e+00,1.020350000000000179e+01,6.822249999999999481e+00,9.905382618699999853e+01,4.990976800682000203e+02,-2.709106918000129816e-01
5.266000000000000014e+00,3.351999999999999869e+00,1.018399999999999928e+01,6.831999999999999851e+00,9.924097854460001145e+01,4.990933278608000023e+02,-2.744537265999963949e-01
5.269999999999999574e+00,3.352285714285714313e+00,1.018114285714285749e+01,6.828857142857143181e+00,9.936574678300000585e+01,4.990904263891999904e+02,-2.768157497999850225e-01
5.280000000000000249e+00,3.353000000000000203e+00,1.017399999999999949e+01,6.820999999999999730e+00,9.966845513100000176e+01,4.990866355512000041e+02,-2.877351068000100209e-01
5.290000000000000036e+00,3.353000000000000203e+00,1.018399999999999928e+01,6.830999999999999517e+00,9.993111296899999729e+01,4.990825861852000003e+02,-2.916624157999709865e-01
5.293000000000000149e+00,3.353000000000000203e+00,1.018699999999999939e+01,6.833999999999999631e+00,9.999917083580000110e+01,4.990852666002999740e+02,-2.925567382999671451e-01
5.299999999999999822e+00,3.339000000000000412e+00,1.017246153846153867e+01,6.833461538461538254e+00,1.001579725250000052e+02,4.990915209021999885e+02,-2.946434907999579966e-01
5.306000000000000050e+00,3.326999999999999957e+00,1.016000000000000014e+01,6.833000000000000185e+00,1.002903761606000046e+02,4.991092711210000061e+02,-3.018767073999584216e-01
5.309999999999999609e+00,3.344333333333330938e+00,1.017199999999999882e+01,6.827666666666667439e+00,1.003786452509999947e+02,4.991211046001999989e+02,-3.066988517999579833e-01
5.315000000000000391e+00,3.366000000000000103e+00,1.018699999999999939e+01,6.820999999999999730e+00,1.004759178100000128e+02,4.991366441942000165e+02,-3.152320927999857636e-01
5.320000000000000284e+00,3.365583333333333371e+00,1.018658333333333310e+01,6.820999999999999730e+00,1.005731903690000024e+02,4.991521837881999772e+02,-3.237653338000119896e-01
5.326999999999999957e+00,3.365000000000000213e+00,1.018599999999999994e+01,6.820999999999999730e+00,1.006845480097999967e+02,4.991543469792999872e+02,-3.202481704999742829e-01
5.330000000000000071e+00,3.365230769230769248e+00,1.018576923076923002e+01,6.820538461538461661e+00,1.007322727130000004e+02,4.991552740611999752e+02,-3.187408147999580277e-01
5.339999999999999858e+00,3.366000000000000103e+00,1.018500000000000050e+01,6.818999999999999950e+00,1.008470262830000053e+02,4.991628661222000005e+02,-3.077420007999919771e-01
5.349000000000000199e+00,3.338999999999999968e+00,1.017099999999999937e+01,6.831999999999999851e+00,1.009241223044000151e+02,4.991861887735000209e+02,-3.105071517999786757e-01
5.349999999999999645e+00,3.338999999999999968e+00,1.016999999999999993e+01,6.831000000000000405e+00,1.009326885290000035e+02,4.991887801792000232e+02,-3.108143907999770250e-01
5.360000000000000320e+00,3.338999999999999968e+00,1.016000000000000014e+01,6.820999999999999730e+00,1.009933617949999984e+02,4.991962435341999935e+02,-3.128272377999880005e-01
5.362000000000000099e+00,3.338999999999999968e+00,1.015799999999999947e+01,6.818999999999999950e+00,1.010015132778000009e+02,4.991903084495999678e+02,-3.100044667999860559e-01
5.370000000000000107e+00,3.338999999999999968e+00,1.014938461538461567e+01,6.810384615384615259e+00,1.010341192089999964e+02,4.991665681111999788e+02,-2.987133827999770008e-01
5.375000000000000000e+00,3.338999999999999968e+00,1.014400000000000013e+01,6.804999999999999716e+00,1.010428174550000051e+02,4.991545639071999858e+02,-2.931690602999930118e-01
5.379999999999999893e+00,3.319384615384615600e+00,1.012976923076923086e+01,6.810384615384615259e+00,1.010515157009999996e+02,4.991425597031999928e+02,-2.876247378000090227e-01
5.387999999999999901e+00,3.287999999999999812e+00,1.010699999999999932e+01,6.818999999999999950e+00,1.010384634562000059e+02,4.991466138151999985e+02,-2.900419601999978392e-01
5.389999999999999680e+00,3.295692307692306589e+00,1.011669230769230587e+01,6.820999999999999730e+00,1.010352003950000039e+02,4.991476273431999857e+02,-2.906462657999949739e-01
5.400000000000000355e+00,3.334153846153848466e+00,1.016515384615384932e+01,6.831000000000000405e+00,1.010005147050000005e+02,4.991586681612000120e+02,-2.906929347999959723e-01
5.400999999999999801e+00,3.338000000000000078e+00,1.016999999999999993e+01,6.831999999999999851e+00,1.009990052782000021e+02,4.991587897451000231e+02,-2.885936858999955668e-01
5.410000000000000142e+00,3.330384615384614833e+00,1.017069230769230792e+01,6.840307692307693088e+00,1.009854204370000019e+02,4.991598840002000088e+02,-2.697004457999809812e-01
5.413999999999999702e+00,3.326999999999999957e+00,1.017099999999999937e+01,6.844000000000000306e+00,1.009908628785999980e+02,4.991698202054000149e+02,-2.669342725999792609e-01
5.419999999999999929e+00,3.344538461538462570e+00,1.018392307692307774e+01,6.839384615384615174e+00,1.009990265410000063e+02,4.991847245132000239e+02,-2.627850127999760144e-01
5.426999999999999602e+00,3.365000000000000213e+00,1.019899999999999984e+01,6.833999999999999631e+00,1.010278245367999972e+02,4.992206747128000188e+02,-2.769055325000022716e-01
5.429999999999999716e+00,3.362230769230769578e+00,1.019276923076923147e+01,6.830538461538461448e+00,1.010401665349999973e+02,4.992360819411999842e+02,-2.829571838000140005e-01
5.440000000000000391e+00,3.353000000000000203e+00,1.017200000000000060e+01,6.818999999999999950e+00,1.010688662409999949e+02,4.992597171991999971e+02,-2.940342577999809914e-01
5.450000000000000178e+00,3.353000000000000203e+00,1.018969230769230805e+01,6.836692307692307402e+00,1.010732259849999934e+02,4.992359802842000249e+02,-2.789494447999950055e-01
5.453000000000000291e+00,3.353000000000000203e+00,1.019500000000000028e+01,6.841999999999999638e+00,1.010737984881999978e+02,4.992312147430999971e+02,-2.762324866999903428e-01
5.459999999999999964e+00,3.318538461538463213e+00,1.016807692307692434e+01,6.849538461538460687e+00,1.010751343289999937e+02,4.992200951472000270e+02,-2.698929177999799811e-01
5.466000000000000192e+00,3.289000000000000146e+00,1.014499999999999957e+01,6.855999999999999872e+00,1.010779437677999937e+02,4.992340481868000097e+02,-2.783415747999871126e-01
5.469999999999999751e+00,3.296142857142856375e+00,1.014871428571428424e+01,6.852571428571429202e+00,1.010798167269999936e+02,4.992433502132000172e+02,-2.839740127999910158e-01
5.480000000000000426e+00,3.314000000000000057e+00,1.015799999999999947e+01,6.844000000000000306e+00,1.010899768310000013e+02,4.992759255291999807e+02,-3.000867848000089988e-01
5.490000000000000213e+00,3.314000000000000057e+00,1.016646153846153844e+01,6.852461538461538382e+00,1.010943123149999963e+02,4.992701633172000015e+02,-3.000654908000099930e-01
5.493000000000000327e+00,3.314000000000000057e+00,1.016900000000000048e+01,6.855000000000000426e+00,1.010883550583999977e+02,4.992587158229999886e+02,-2.970264088999957086e-01
5.500000000000000000e+00,3.314000000000000057e+00,1.016900000000000048e+01,6.855000000000000426e+00,1.010744547930000010e+02,4.992320050032000154e+02,-2.899352177999630076e-01
5.506000000000000227e+00,3.314000000000000057e+00,1.016900000000000048e+01,6.855000000000000426e+00,1.010552153250000060e+02,4.992110935883999900e+02,-2.844656855999872502e-01
5.509999999999999787e+00,3.343666666666664344e+00,1.019033333333333147e+01,6.846666666666667567e+00,1.010423890130000046e+02,4.991971526451999921e+02,-2.808193308000039856e-01
5.517999999999999794e+00,3.403000000000000025e+00,1.023300000000000054e+01,6.830000000000000071e+00,1.010309097522000030e+02,4.991876886635999995e+02,-2.791884843999967725e-01
5.519999999999999574e+00,3.403000000000000025e+00,1.023300000000000054e+01,6.830000000000000071e+00,1.010280399370000026e+02,4.991853226682000013e+02,-2.787807727999950247e-01
5.530000000000000249e+00,3.403000000000000025e+00,1.023300000000000054e+01,6.830000000000000071e+00,1.010358548250000013e+02,4.991887914042000034e+02,-2.737912397999989755e-01
5.532000000000000028e+00,3.403000000000000025e+00,1.023300000000000054e+01,6.830000000000000071e+00,1.010378914757999951e+02,4.991917150547999995e+02,-2.730010963999954243e-01
5.540000000000000036e+00,3.394333333333332980e+00,1.022499999999999964e+01,6.830666666666666664e+00,1.010460380789999988e+02,4.992034096571999839e+02,-2.698405227999809974e-01
5.543999999999999595e+00,3.390000000000000124e+00,1.022100000000000009e+01,6.831000000000000405e+00,1.010472706014000011e+02,4.992098918219999746e+02,-2.694631155999906436e-01
5.549999999999999822e+00,3.373714285714285221e+00,1.021028571428571396e+01,6.836571428571429188e+00,1.010491193849999974e+02,4.992196150692000174e+02,-2.688970048000050017e-01
5.557999999999999829e+00,3.351999999999999869e+00,1.019599999999999973e+01,6.844000000000000306e+00,1.010480014970000013e+02,4.992251603308000085e+02,-2.689168176000034105e-01
5.559999999999999609e+00,3.349833333333333663e+00,1.019800000000000040e+01,6.848166666666665847e+00,1.010477220249999988e+02,4.992265466462000063e+02,-2.689217708000030127e-01
5.570000000000000284e+00,3.338999999999999968e+00,1.020800000000000018e+01,6.868999999999999773e+00,1.010520000669999945e+02,4.992217898581999975e+02,-2.669040237999950049e-01
5.580000000000000071e+00,3.321142857142856730e+00,1.019157142857142873e+01,6.870428571428571551e+00,1.010711410549999982e+02,4.992198636232000126e+02,-2.708929958000140248e-01
5.583999999999999631e+00,3.314000000000000057e+00,1.018500000000000050e+01,6.871000000000000441e+00,1.010795632022000063e+02,4.992267350128000203e+02,-2.765154013999946980e-01
5.589999999999999858e+00,3.337538461538461121e+00,1.021315384615384581e+01,6.875615384615384684e+00,1.010921964230000043e+02,4.992370420972000034e+02,-2.849490097999670124e-01
5.597000000000000419e+00,3.365000000000000213e+00,1.024600000000000044e+01,6.881000000000000227e+00,1.010976107409999969e+02,4.992527390141000296e+02,-2.955032534999981753e-01
5.599999999999999645e+00,3.367999999999999439e+00,1.024600000000000044e+01,6.878000000000001002e+00,1.010999311629999937e+02,4.992594662642000003e+02,-3.000265008000099765e-01
5.610000000000000320e+00,3.378000000000000114e+00,1.024600000000000044e+01,6.868000000000000327e+00,1.010863533569999930e+02,4.992516726462000065e+02,-3.020020377999629857e-01
5.620000000000000107e+00,3.387230769230769045e+00,1.025600000000000023e+01,6.868769230769230738e+00,1.010751394349999970e+02,4.992200140031999922e+02,-2.928927798000049987e-01
5.623000000000000220e+00,3.390000000000000124e+00,1.025900000000000034e+01,6.868999999999999773e+00,1.010716386630000017e+02,4.992129093182999782e+02,-2.910684809999962153e-01
5.629999999999999893e+00,3.390000000000000124e+00,1.024500000000000099e+01,6.855000000000000426e+00,1.010634701949999936e+02,4.991963317202000212e+02,-2.868117837999760167e-01
5.636000000000000121e+00,3.390000000000000124e+00,1.023300000000000054e+01,6.842999999999999972e+00,1.010598076509999999e+02,4.991973245653999811e+02,-2.868161013999759867e-01
5.639999999999999680e+00,3.390000000000000124e+00,1.023269230769230731e+01,6.842692307692307629e+00,1.010573659549999945e+02,4.991979864621999923e+02,-2.868189797999760038e-01
5.649000000000000021e+00,3.390000000000000124e+00,1.023199999999999932e+01,6.841999999999999638e+00,1.010586498464000016e+02,4.992070775475999653e+02,-2.859507623999976156e-01
5.650000000000000355e+00,3.387153846153845294e+00,1.023123076923076802e+01,6.844076923076923613e+00,1.010587925009999992e+02,4.992080876681999939e+02,-2.858542937999999922e-01
5.660000000000000142e+00,3.358692307692307200e+00,1.022353846153846035e+01,6.864846153846153598e+00,1.010546832330000058e+02,4.992098846321999872e+02,-2.778614957999619994e-01
5.661999999999999922e+00,3.353000000000000203e+00,1.022199999999999953e+01,6.868999999999999773e+00,1.010533648626000058e+02,4.992084141743999908e+02,-2.758565881999640035e-01
5.669999999999999929e+00,3.352384615384615518e+00,1.022015384615384548e+01,6.867769230769230404e+00,1.010480913810000061e+02,4.992025323432000050e+02,-2.678369577999710205e-01
5.674999999999999822e+00,3.351999999999999869e+00,1.021899999999999942e+01,6.866999999999999993e+00,1.010475919720000064e+02,4.992025073716999941e+02,-2.668369742999660010e-01
5.679999999999999716e+00,3.346999999999999975e+00,1.021053846153846045e+01,6.863538461538461810e+00,1.010470925630000067e+02,4.992024824001999832e+02,-2.658369907999609816e-01
5.687999999999999723e+00,3.338999999999999968e+00,1.019699999999999918e+01,6.857999999999999652e+00,1.010554691117999937e+02,4.992101524842000231e+02,-2.714622243999645912e-01
5.690000000000000391e+00,3.338999999999999968e+00,1.019869230769230839e+01,6.859692307692307978e+00,1.010575632489999975e+02,4.992120700052000188e+02,-2.728685327999659793e-01
5.700000000000000178e+00,3.338999999999999968e+00,1.020715384615384735e+01,6.868153846153846054e+00,1.010780178969999952e+02,4.992222240721999924e+02,-2.808998588000040098e-01
5.700999999999999623e+00,3.338999999999999968e+00,1.020800000000000018e+01,6.868999999999999773e+00,1.010794757591999939e+02,4.992230052530999842e+02,-2.818022963999993191e-01
5.709999999999999964e+00,3.382615384615383913e+00,1.023361538461538345e+01,6.850999999999999979e+00,1.010925965189999971e+02,4.992300358812000241e+02,-2.899242347999619884e-01
5.714000000000000412e+00,3.402000000000000135e+00,1.024499999999999922e+01,6.842999999999999972e+00,1.010916615574000019e+02,4.992323778979999815e+02,-2.923327211999734998e-01
5.719999999999999751e+00,3.372461538461541508e+00,1.022100000000000186e+01,6.848538461538461242e+00,1.010902591149999949e+02,4.992358909231999746e+02,-2.959454507999900175e-01
5.727000000000000313e+00,3.338000000000000078e+00,1.019299999999999962e+01,6.855000000000000426e+00,1.010826919526000012e+02,4.992333455796999715e+02,-2.987381722000047035e-01
5.730000000000000426e+00,3.349769230769231498e+00,1.019923076923076977e+01,6.849461538461538268e+00,1.010794488829999977e+02,4.992322547182000108e+02,-2.999350528000109817e-01
5.740000000000000213e+00,3.388999999999999790e+00,1.022000000000000064e+01,6.831000000000000405e+00,1.010781928870000002e+02,4.992191654641999889e+02,-2.988891457999759971e-01
5.750000000000000000e+00,3.361857142857142211e+00,1.017499999999999893e+01,6.813142857142857167e+00,1.010808727229999988e+02,4.992073131582000087e+02,-2.948467077999579744e-01
5.753999999999999559e+00,3.350999999999999979e+00,1.015700000000000003e+01,6.806000000000000050e+00,1.010808726342000057e+02,4.992073145694000118e+02,-2.944467101999675984e-01
5.759999999999999787e+00,3.362999999999999545e+00,1.015700000000000003e+01,6.794000000000000483e+00,1.010808725010000018e+02,4.992073166861999880e+02,-2.938467137999820067e-01
5.767000000000000348e+00,3.376999999999999780e+00,1.015700000000000003e+01,6.780000000000000249e+00,1.010738034641999974e+02,4.992083252868000045e+02,-2.910518265999677001e-01
5.769999999999999574e+00,3.367500000000001936e+00,1.014475000000000371e+01,6.777250000000000441e+00,1.010707738769999935e+02,4.992087575442000116e+02,-2.898540177999620049e-01
5.778999999999999915e+00,3.338999999999999968e+00,1.010800000000000054e+01,6.769000000000000128e+00,1.010566002863999984e+02,4.992043775610000012e+02,-2.799416535999929012e-01
5.780000000000000249e+00,3.342846153846155133e+00,1.011192307692307857e+01,6.769076923076923435e+00,1.010550254430000052e+02,4.992038908961999937e+02,-2.788402797999959826e-01
5.790000000000000036e+00,3.381307692307693014e+00,1.015115384615384819e+01,6.769846153846153847e+00,1.010514291570000012e+02,4.991967025481999940e+02,-2.708156668000140099e-01
5.791999999999999815e+00,3.388999999999999790e+00,1.015900000000000070e+01,6.769999999999999574e+00,1.010530152002000079e+02,4.991969927146000146e+02,-2.710163390000089878e-01
5.799999999999999822e+00,3.359857142857143320e+00,1.012928571428571445e+01,6.769428571428571573e+00,1.010593593730000066e+02,4.991981533801999831e+02,-2.718190277999890103e-01
5.806000000000000050e+00,3.338000000000000078e+00,1.010699999999999932e+01,6.769000000000000128e+00,1.010655735202000045e+02,4.992051018679999856e+02,-2.766421913999790871e-01
5.809999999999999609e+00,3.350999999999999091e+00,1.010333333333333350e+01,6.752333333333334409e+00,1.010697162849999984e+02,4.992097341932000063e+02,-2.798576337999720276e-01
5.817999999999999616e+00,3.376999999999999780e+00,1.009600000000000009e+01,6.719000000000000306e+00,1.010758337089999941e+02,4.992148685739999792e+02,-2.862744290000019953e-01
5.820000000000000284e+00,3.376999999999999780e+00,1.009569230769230685e+01,6.718692307692307963e+00,1.010773630650000001e+02,4.992161521691999724e+02,-2.878786278000100007e-01
5.830000000000000071e+00,3.376999999999999780e+00,1.009415384615384603e+01,6.717153846153846253e+00,1.010824123769999972e+02,4.992154317402000174e+02,-2.898749757999620202e-01
5.831000000000000405e+00,3.376999999999999780e+00,1.009399999999999942e+01,6.716999999999999638e+00,1.010824181433999911e+02,4.992153308450000395e+02,-2.901746204999665069e-01
5.839999999999999858e+00,3.376357142857142613e+00,1.008500000000000085e+01,6.708642857142857352e+00,1.010824700409999934e+02,4.992144227882000109e+02,-2.928714228000059983e-01
5.844999999999999751e+00,3.375999999999999890e+00,1.008000000000000007e+01,6.703999999999999737e+00,1.010827707339999932e+02,4.992179296996999938e+02,-2.973837577999844939e-01
5.849999999999999645e+00,3.376384615384615095e+00,1.008038461538461483e+01,6.703999999999999737e+00,1.010830714269999930e+02,4.992214366111999766e+02,-3.018960927999629895e-01
5.857999999999999652e+00,3.376999999999999780e+00,1.008099999999999952e+01,6.703999999999999737e+00,1.010861296061999894e+02,4.992240122687999815e+02,-3.027045047999893379e-01
5.860000000000000320e+00,3.376999999999999780e+00,1.007915384615384546e+01,6.702153846153845684e+00,1.010868941509999956e+02,4.992246561832000111e+02,-3.029066077999960083e-01
5.870000000000000107e+00,3.376999999999999780e+00,1.006992307692307875e+01,6.692923076923077197e+00,1.010892892189999941e+02,4.992177921891999972e+02,-2.998818388000100144e-01
5.871000000000000441e+00,3.376999999999999780e+00,1.006900000000000084e+01,6.692000000000000171e+00,1.010886358001999952e+02,4.992169560651000211e+02,-2.991790297000092580e-01
5.879999999999999893e+00,3.376307692307692232e+00,1.005238461538461614e+01,6.676076923076923464e+00,1.010827550310000049e+02,4.992094309482000085e+02,-2.928537478000050043e-01
5.884000000000000341e+00,3.375999999999999890e+00,1.004499999999999993e+01,6.668999999999999595e+00,1.010780534109999991e+02,4.992075698425999803e+02,-2.900482094000026434e-01
5.889999999999999680e+00,3.375999999999999890e+00,1.005007692307692224e+01,6.674076923076921908e+00,1.010710009809999974e+02,4.992047781841999949e+02,-2.858399018000000180e-01
5.897000000000000242e+00,3.375999999999999890e+00,1.005599999999999916e+01,6.679999999999999716e+00,1.010633526227999965e+02,4.992036527822999687e+02,-2.823376100000027922e-01
5.900000000000000355e+00,3.379000000000000004e+00,1.006476923076922958e+01,6.685769230769230909e+00,1.010600747550000023e+02,4.992031704671999819e+02,-2.808366278000040128e-01
5.910000000000000142e+00,3.388999999999999790e+00,1.009399999999999942e+01,6.705000000000000071e+00,1.010600738669999998e+02,4.992031845792000126e+02,-2.768366517999850118e-01
5.919999999999999929e+00,3.369769230769231072e+00,1.007399999999999984e+01,6.704230769230768772e+00,1.010671764810000042e+02,4.992015868362000219e+02,-2.768294347999850080e-01
5.923000000000000043e+00,3.363999999999999879e+00,1.006799999999999962e+01,6.703999999999999737e+00,1.010689396884000075e+02,4.992022831632000361e+02,-2.783315089999838787e-01
5.929999999999999716e+00,3.391461538461537195e+00,1.007015384615384512e+01,6.678692307692308816e+00,1.010730538389999964e+02,4.992039079261999746e+02,-2.818363487999809847e-01
5.935999999999999943e+00,3.415000000000000036e+00,1.007199999999999918e+01,6.657000000000000028e+00,1.010717881917999961e+02,4.992050248681999847e+02,-2.854405943999976936e-01
5.940000000000000391e+00,3.422384615384616247e+00,1.007076923076922981e+01,6.648384615384614449e+00,1.010709444270000006e+02,4.992057694961999914e+02,-2.878434248000090179e-01
5.948999999999999844e+00,3.439000000000000057e+00,1.006799999999999962e+01,6.628999999999999559e+00,1.010755411049999992e+02,4.992042067029000236e+02,-2.941369294999619521e-01
5.950000000000000178e+00,3.435153846153844892e+00,1.006507692307692103e+01,6.629923076923076586e+00,1.010760518470000022e+02,4.992040330592000146e+02,-2.948362077999570063e-01
5.959999999999999964e+00,3.396692307692306567e+00,1.003584615384615297e+01,6.639153846153845961e+00,1.010962493170000016e+02,4.992011478151999881e+02,-3.038215937999719785e-01
5.961999999999999744e+00,3.388999999999999790e+00,1.002999999999999936e+01,6.641000000000000014e+00,1.011017321773999953e+02,4.991998511649999841e+02,-3.058158123999701883e-01
5.969999999999999751e+00,3.372999999999999776e+00,1.000600000000000023e+01,6.633000000000000007e+00,1.011236636189999984e+02,4.991946645642000249e+02,-3.137926867999640268e-01
5.974999999999999645e+00,3.362999999999999989e+00,9.990999999999999659e+00,6.628000000000000114e+00,1.011366285539999978e+02,4.991868785757000069e+02,-3.172623557999657007e-01
5.980000000000000426e+00,3.362999999999999989e+00,1.000100000000000122e+01,6.638000000000000789e+00,1.011495934889999972e+02,4.991790925871999889e+02,-3.207320247999679852e-01
5.988000000000000433e+00,3.362999999999999989e+00,1.001699999999999946e+01,6.653999999999999915e+00,1.011805138441999929e+02,4.991568104584000025e+02,-3.230465488000024421e-01
5.990000000000000213e+00,3.366846153846153378e+00,1.002469230769230712e+01,6.657846153846153747e+00,1.011882439329999954e+02,4.991512399261999917e+02,-3.236251798000109869e-01
6.000000000000000000e+00,3.386076923076922540e+00,1.006315384615384545e+01,6.677076923076922910e+00,1.012383320309999988e+02,4.991160343661999832e+02,-3.244898357999880245e-01
6.001000000000000334e+00,3.387999999999999901e+00,1.006700000000000017e+01,6.679000000000000270e+00,1.012449495500000012e+02,4.991124067462000085e+02,-3.241755631999893028e-01
6.009999999999999787e+00,3.387999999999999901e+00,1.006700000000000017e+01,6.679000000000000270e+00,1.013045072209999944e+02,4.990797581662000084e+02,-3.213471098000019732e-01
6.014000000000000234e+00,3.387999999999999901e+00,1.006700000000000017e+01,6.679000000000000270e+00,1.013350966409999927e+02,4.990702892369999972e+02,-3.205068925999978724e-01
6.019999999999999574e+00,3.399999999999998579e+00,1.006700000000000017e+01,6.667000000000001592e+00,1.013809807709999973e+02,4.990560858431999804e+02,-3.192465667999920265e-01
6.027000000000000135e+00,3.414000000000000146e+00,1.006700000000000017e+01,6.652999999999999581e+00,1.014462945734000101e+02,4.990541982084999972e+02,-3.213253910999822605e-01
6.030000000000000249e+00,3.397714285714285687e+00,1.005135714285714243e+01,6.653642857142856748e+00,1.014742862030000055e+02,4.990533892221999963e+02,-3.222163157999780037e-01
6.040000000000000036e+00,3.343428571428573193e+00,9.999214285714288053e+00,6.655785714285713972e+00,1.015831650789999969e+02,4.990586178571999767e+02,-3.182105157999580158e-01
6.041000000000000369e+00,3.338000000000000078e+00,9.993999999999999773e+00,6.655999999999999694e+00,1.015964489754000084e+02,4.990592789295000102e+02,-3.174098877999597113e-01
6.049999999999999822e+00,3.376249999999998863e+00,1.003224999999999945e+01,6.655999999999999694e+00,1.017160040429999981e+02,4.990652285802000279e+02,-3.102042357999780231e-01
6.052999999999999936e+00,3.388999999999999790e+00,1.004499999999999993e+01,6.655999999999999694e+00,1.017662872944000014e+02,4.990687098761999891e+02,-3.075053145999733784e-01
6.059999999999999609e+00,3.368538461538462148e+00,1.002346153846153953e+01,6.654923076923076941e+00,1.018836148809999997e+02,4.990768329001999746e+02,-3.012078317999630217e-01
6.065999999999999837e+00,3.350999999999999979e+00,1.000500000000000078e+01,6.653999999999999915e+00,1.020045828118000060e+02,4.990843529005999812e+02,-2.976074291999799004e-01
6.070000000000000284e+00,3.362692307692308979e+00,1.000900000000000034e+01,6.646307692307691362e+00,1.020852280990000054e+02,4.990893662341999857e+02,-2.952071607999909864e-01
6.078999999999999737e+00,3.388999999999999790e+00,1.001800000000000068e+01,6.628999999999999559e+00,1.022929932483999949e+02,4.990976539535000143e+02,-2.861901228999994551e-01
6.080000000000000071e+00,3.386999999999999122e+00,1.001600000000000001e+01,6.628999999999999559e+00,1.023160782650000016e+02,4.990985748112000238e+02,-2.851882298000000260e-01
6.089999999999999858e+00,3.366999999999999549e+00,9.996000000000000441e+00,6.628999999999999559e+00,1.025617330470000041e+02,4.991116334771999732e+02,-2.751795888000099777e-01
6.091999999999999638e+00,3.362999999999999989e+00,9.992000000000000881e+00,6.628999999999999559e+00,1.026151432970000030e+02,4.991164856859999759e+02,-2.751848262000095580e-01
6.099999999999999645e+00,3.399571428571428022e+00,1.000628571428571334e+01,6.606714285714286206e+00,1.028287842969999986e+02,4.991358945211999867e+02,-2.752057758000079901e-01
6.105999999999999872e+00,3.427000000000000046e+00,1.001699999999999946e+01,6.589999999999999858e+00,1.029941827629999977e+02,4.991441460980000215e+02,-2.721980742000110753e-01
6.110000000000000320e+00,3.439333333333334242e+00,1.002466666666666661e+01,6.585333333333332817e+00,1.031044484070000067e+02,4.991496471492000069e+02,-2.701929398000130211e-01
6.118000000000000327e+00,3.463999999999999968e+00,1.003999999999999915e+01,6.575999999999999623e+00,1.033572949365999989e+02,4.991560441508000281e+02,-2.773593077999803591e-01
6.120000000000000107e+00,3.467846153846153356e+00,1.004753846153846020e+01,6.579692307692306841e+00,1.034205065689999969e+02,4.991576434012000050e+02,-2.791508997999719854e-01
6.129999999999999893e+00,3.487076923076922519e+00,1.008523076923076900e+01,6.598153846153845592e+00,1.037731028769999995e+02,4.991396944261999806e+02,-2.840091687999670156e-01
6.131000000000000227e+00,3.488999999999999879e+00,1.008900000000000041e+01,6.599999999999999645e+00,1.038082024652000115e+02,4.991371935048999831e+02,-2.832925325999662847e-01
6.139999999999999680e+00,3.471000000000000973e+00,1.006338461538461715e+01,6.592384615384616176e+00,1.041240987590000060e+02,4.991146852132000049e+02,-2.768428067999619824e-01
6.144000000000000128e+00,3.463000000000000078e+00,1.005199999999999960e+01,6.589000000000000412e+00,1.042671684150000146e+02,4.991140347983999845e+02,-2.780086927999792512e-01
6.150000000000000355e+00,3.457461538461538364e+00,1.004092307692307706e+01,6.583461538461538254e+00,1.044817728990000063e+02,4.991130591762000108e+02,-2.797575218000050157e-01
6.157000000000000028e+00,3.451000000000000068e+00,1.002800000000000047e+01,6.576999999999999957e+00,1.047396541463999995e+02,4.991277622610999742e+02,-2.853520638999915704e-01
6.160000000000000142e+00,3.453785714285714459e+00,1.002842857142857191e+01,6.574642857142857011e+00,1.048501746809999986e+02,4.991340635831999748e+02,-2.877497247999860064e-01
6.169999999999999929e+00,3.463071428571428356e+00,1.002985714285714280e+01,6.566785714285714448e+00,1.052415631030000043e+02,4.991384077921999847e+02,-2.796779318000049974e-01
6.171000000000000263e+00,3.463999999999999968e+00,1.002999999999999936e+01,6.565999999999999837e+00,1.052843758444000173e+02,4.991376503998999965e+02,-2.786657291000054215e-01
6.179999999999999716e+00,3.463999999999999968e+00,1.001269230769230845e+01,6.548692307692308923e+00,1.056696905170000065e+02,4.991308338691999893e+02,-2.695559048000130131e-01
6.184000000000000163e+00,3.463999999999999968e+00,1.000500000000000078e+01,6.541000000000000369e+00,1.058523059314000108e+02,4.991252436775999968e+02,-2.666955396000108558e-01
6.190000000000000391e+00,3.458923076923076767e+00,1.000500000000000078e+01,6.546076923076923570e+00,1.061262290530000030e+02,4.991168583901999796e+02,-2.624049918000079806e-01
6.197000000000000064e+00,3.452999999999999847e+00,1.000500000000000078e+01,6.551999999999999602e+00,1.064451469095999983e+02,4.991063392675999921e+02,-2.566968970999822242e-01
6.200000000000000178e+00,3.458538461538461561e+00,1.001307692307692321e+01,6.554538461538461647e+00,1.065818259910000023e+02,4.991018310722000138e+02,-2.542505707999709874e-01
6.209999999999999964e+00,3.476999999999999869e+00,1.003999999999999915e+01,6.562999999999999723e+00,1.070513981670000021e+02,4.990876334921999842e+02,-2.370959097999749965e-01
6.219999999999999751e+00,3.486230769230768800e+00,1.004153846153846175e+01,6.555307692307692058e+00,1.075251388709999958e+02,4.991056904022000253e+02,-2.300541827999700029e-01
6.222999999999999865e+00,3.488999999999999879e+00,1.004199999999999982e+01,6.552999999999999936e+00,1.076731071197999938e+02,4.991192400801000417e+02,-2.318690819999783548e-01
6.230000000000000426e+00,3.482538461538460695e+00,1.004630769230769261e+01,6.563769230769231910e+00,1.080183663669999987e+02,4.991508559952000041e+02,-2.361038467999979906e-01
6.235999999999999766e+00,3.476999999999999869e+00,1.005000000000000071e+01,6.573000000000000398e+00,1.083114780705999749e+02,4.991747998339999981e+02,-2.367231211999841489e-01
6.240000000000000213e+00,3.468692307692306631e+00,1.004261538461538450e+01,6.573923076923077424e+00,1.085068858730000017e+02,4.991907623931999751e+02,-2.371359707999750044e-01
6.248999999999999666e+00,3.450000000000000178e+00,1.002599999999999980e+01,6.575999999999999623e+00,1.089706583857999789e+02,4.991992076304999841e+02,-2.379626019000046777e-01
6.250000000000000000e+00,3.450153846153846349e+00,1.002515384615384519e+01,6.574999999999999289e+00,1.090221886650000016e+02,4.992001459901999851e+02,-2.380544498000080056e-01
6.259999999999999787e+00,3.451692307692307615e+00,1.001669230769230801e+01,6.564999999999999503e+00,1.095440792710000011e+02,4.991818602782000198e+02,-2.388738437999839981e-01
6.261999999999999567e+00,3.451999999999999957e+00,1.001500000000000057e+01,6.562999999999999723e+00,1.096462321997999965e+02,4.991750726454000073e+02,-2.386271703999888194e-01
6.269999999999999574e+00,7.511076923076680067e+00,1.021315384615383515e+01,2.702076923077153747e+00,1.100548439150000064e+02,4.991479221142000142e+02,-2.376404768000079937e-01
6.275000000000000355e+00,1.004800000000000004e+01,1.033699999999999974e+01,2.889999999999997016e-01,1.103100708350000332e+02,4.991424486516999650e+02,-2.410644113000108002e-01
6.280000000000000249e+00,9.967615384615385210e+00,1.019200000000000195e+01,2.243846153846162372e-01,1.105652977550000031e+02,4.991369751891999726e+02,-2.444883458000129961e-01
6.288000000000000256e+00,9.839000000000000412e+00,9.960000000000000853e+00,1.209999999999999964e-01,1.109550403262000060e+02,4.991455900828000267e+02,-2.484320642000091006e-01
6.290000000000000036e+00,9.765153846153854289e+00,9.887230769230777483e+00,1.220769230769229580e-01,1.110524759689999996e+02,4.991477438062000260e+02,-2.494179938000080088e-01
6.299999999999999822e+00,9.395923076923089923e+00,9.523384615384628660e+00,1.274615384615382929e-01,1.115310397690000030e+02,4.991690455351999844e+02,-2.523867067999939762e-01
6.301000000000000156e+00,9.358999999999999986e+00,9.487000000000000099e+00,1.280000000000000027e-01,1.115799116668000153e+02,4.991709324910999612e+02,-2.528824953999937453e-01
6.309999999999999609e+00,5.304153846154060936e+00,9.871923076923055262e+00,4.567769230768995214e+00,1.120197587469999974e+02,4.991879150941999796e+02,-2.573445927999900018e-01
6.314000000000000057e+00,3.501999999999999780e+00,1.004299999999999926e+01,6.541000000000000369e+00,1.122134185334000023e+02,4.991853692529999762e+02,-2.516924931999853232e-01
6.320000000000000284e+00,3.485285714285713876e+00,1.004685714285714226e+01,6.561571428571429720e+00,1.125039082130000025e+02,4.991815504912000279e+02,-2.432143437999789992e-01
6.328000000000000291e+00,3.463000000000000078e+00,1.005199999999999960e+01,6.589000000000000412e+00,1.128991005873999995e+02,4.991648803184000371e+02,-2.342675590000052044e-01
6.330000000000000071e+00,3.467333333333332934e+00,1.005216666666666647e+01,6.584833333333333982e+00,1.129978986809999952e+02,4.991607127752000110e+02,-2.320308628000120055e-01
6.339999999999999858e+00,3.488999999999999879e+00,1.005300000000000082e+01,6.564000000000000057e+00,1.135146814229999990e+02,4.991441705561999811e+02,-2.238574857999739987e-01
6.349999999999999645e+00,3.470428571428572084e+00,1.003228571428571492e+01,6.561857142857142833e+00,1.140138650509999962e+02,4.991376378741999815e+02,-2.167233447999689921e-01
6.354000000000000092e+00,3.463000000000000078e+00,1.002399999999999913e+01,6.560999999999999943e+00,1.142134367134000001e+02,4.991438261833999945e+02,-2.159007759999649612e-01
6.360000000000000320e+00,3.456499999999999684e+00,1.000599999999999845e+01,6.549499999999999211e+00,1.145127942069999989e+02,4.991531086471999856e+02,-2.146669227999589979e-01
6.365999999999999659e+00,3.450000000000000178e+00,9.987999999999999545e+00,6.538000000000000256e+00,1.148079091089999793e+02,4.991735461417999886e+02,-2.194734081999825670e-01
6.370000000000000107e+00,3.442571428571428171e+00,9.984571428571427987e+00,6.542000000000000703e+00,1.150046523769999993e+02,4.991871711381999717e+02,-2.226777317999990013e-01
6.379999999999999893e+00,3.423999999999999932e+00,9.976000000000000867e+00,6.551999999999999602e+00,1.155087196930000033e+02,4.992179135612000209e+02,-2.336741307999659900e-01
6.389999999999999680e+00,3.435666666666666202e+00,9.987666666666665805e+00,6.551999999999999602e+00,1.160154939909999996e+02,4.992187831112000254e+02,-2.385644947999600030e-01
6.392000000000000348e+00,3.438000000000000167e+00,9.990000000000000213e+00,6.551999999999999602e+00,1.161178866750000225e+02,4.992148137084000155e+02,-2.383277109999647481e-01
6.400000000000000355e+00,3.466571428571429969e+00,1.002600000000000158e+01,6.559428571428571608e+00,1.165274574110000003e+02,4.991989360971999758e+02,-2.373805757999840060e-01
6.405999999999999694e+00,3.487999999999999989e+00,1.005300000000000082e+01,6.565000000000000391e+00,1.168415183641999704e+02,4.991927913664000016e+02,-2.474890973999807064e-01
6.410000000000000142e+00,3.484333333333332838e+00,1.004466666666666619e+01,6.560333333333333350e+00,1.170508923329999931e+02,4.991886948791999998e+02,-2.542281117999800055e-01
6.418000000000000149e+00,3.476999999999999869e+00,1.002800000000000047e+01,6.551000000000000156e+00,1.174608079154000109e+02,4.991808159423999882e+02,-2.629091822000001466e-01
6.419999999999999929e+00,3.476857142857142868e+00,1.003185714285714347e+01,6.554999999999999716e+00,1.175632868109999976e+02,4.991788462082000137e+02,-2.650794498000049737e-01
6.429999999999999716e+00,3.476142857142856979e+00,1.005114285714285494e+01,6.574999999999998401e+00,1.180515468770000069e+02,4.991706634732000225e+02,-2.649419628000039828e-01
6.432000000000000384e+00,3.475999999999999979e+00,1.005499999999999972e+01,6.578999999999999737e+00,1.181508021702000377e+02,4.991725239756000292e+02,-2.649264466000039731e-01
6.440000000000000391e+00,3.452615384615384642e+00,1.003161538461538349e+01,6.578999999999999737e+00,1.185478233430000046e+02,4.991799659851999991e+02,-2.648643818000039896e-01
6.445000000000000284e+00,3.438000000000000167e+00,1.001699999999999946e+01,6.578999999999999737e+00,1.187894145920000000e+02,4.991852539357000182e+02,-2.623292778000064773e-01
6.450000000000000178e+00,3.447615384615384748e+00,1.002546153846153842e+01,6.577846153846153676e+00,1.190310058409999954e+02,4.991905418861999806e+02,-2.597941738000090206e-01
6.458000000000000185e+00,3.463000000000000078e+00,1.003899999999999970e+01,6.575999999999999623e+00,1.194188514106000127e+02,4.991902738574000296e+02,-2.525069017999968524e-01
6.459999999999999964e+00,3.461153846153846469e+00,1.003469230769230691e+01,6.573538461538461775e+00,1.195158128030000029e+02,4.991902068502000134e+02,-2.506850837999939907e-01
6.469999999999999751e+00,3.451923076923077094e+00,1.001315384615384652e+01,6.561230769230768978e+00,1.200223835909999934e+02,4.991770916411999792e+02,-2.415260627999790133e-01
6.471000000000000085e+00,3.451000000000000068e+00,1.001099999999999923e+01,6.559999999999999609e+00,1.200728865046000067e+02,4.991749714372999733e+02,-2.402073392999811707e-01
6.480000000000000426e+00,3.459307692307692861e+00,1.001238461538461522e+01,6.553076923076922355e+00,1.205274127269999980e+02,4.991558896021999772e+02,-2.283388278000040017e-01
6.483999999999999986e+00,3.463000000000000078e+00,1.001299999999999990e+01,6.549999999999999822e+00,1.207258432413999856e+02,4.991539955353999858e+02,-2.286880053999939821e-01
6.490000000000000213e+00,3.450999999999999623e+00,1.000146153846153751e+01,6.550461538461538780e+00,1.210234890130000025e+02,4.991511544351999987e+02,-2.292117717999790083e-01
6.496999999999999886e+00,3.436999999999999833e+00,9.987999999999999545e+00,6.551000000000000156e+00,1.213755764773999886e+02,4.991614175503000297e+02,-2.354696968999893392e-01
6.500000000000000000e+00,3.439999999999999947e+00,9.993538461538461704e+00,6.553538461538462201e+00,1.215264711049999988e+02,4.991658160282000267e+02,-2.381516647999940006e-01
6.509999999999999787e+00,3.450000000000000178e+00,1.001200000000000045e+01,6.562000000000000277e+00,1.220155316270000014e+02,4.991787024352000230e+02,-2.410883527999790055e-01
6.519999999999999574e+00,3.489999999999999325e+00,1.004969230769230748e+01,6.559692307692308155e+00,1.225257296630000070e+02,4.991897801331999744e+02,-2.470139768000070013e-01
6.522999999999999687e+00,3.501999999999999780e+00,1.006099999999999994e+01,6.559000000000000163e+00,1.226792428802000074e+02,4.991904185982999707e+02,-2.505821024000072228e-01
6.530000000000000249e+00,3.494461538461537842e+00,1.004269230769230603e+01,6.548230769230768189e+00,1.230374403870000037e+02,4.991919083501999808e+02,-2.589077288000080079e-01
6.535999999999999588e+00,3.487999999999999989e+00,1.002699999999999925e+01,6.538999999999999702e+00,1.233419495501999705e+02,4.991846428097999819e+02,-2.618143742000059726e-01
6.540000000000000036e+00,3.488307692307692331e+00,1.001961538461538304e+01,6.531307692307692037e+00,1.235449556589999958e+02,4.991797991162000017e+02,-2.637521378000050043e-01
6.549000000000000377e+00,3.488999999999999879e+00,1.000300000000000011e+01,6.514000000000000234e+00,1.240071108232000228e+02,4.991692054249999728e+02,-2.690119870999791996e-01
6.549999999999999822e+00,3.488999999999999879e+00,1.000469230769230755e+01,6.515692307692306784e+00,1.240584613970000021e+02,4.991680283481999822e+02,-2.695964147999759808e-01
6.559999999999999609e+00,3.488999999999999879e+00,1.002161538461538370e+01,6.532615384615382936e+00,1.245726224109999976e+02,4.991623224272000243e+02,-2.704619108000089756e-01
6.562000000000000277e+00,3.488999999999999879e+00,1.002500000000000036e+01,6.535999999999999588e+00,1.246716211202000295e+02,4.991651684866000096e+02,-2.708499313999994662e-01
6.570000000000000284e+00,3.474142857142856311e+00,1.003242857142857147e+01,6.558285714285715606e+00,1.250676159570000010e+02,4.991765527242000076e+02,-2.724020137999609847e-01
6.575999999999999623e+00,3.463000000000000078e+00,1.003800000000000026e+01,6.575000000000000178e+00,1.253655700757999654e+02,4.991893630307999956e+02,-2.705809153999695349e-01
6.580000000000000071e+00,3.462666666666666782e+00,1.002933333333333366e+01,6.566666666666666430e+00,1.255642061549999937e+02,4.991979032351999876e+02,-2.693668497999749945e-01
6.588000000000000078e+00,3.462000000000000188e+00,1.001200000000000045e+01,6.549999999999999822e+00,1.259523481310000079e+02,4.992064777335999679e+02,-2.589106881999939658e-01
6.589999999999999858e+00,3.462000000000000188e+00,1.001014285714285812e+01,6.548142857142857487e+00,1.260493836250000044e+02,4.992086213581999914e+02,-2.562966477999990000e-01
6.599999999999999645e+00,3.462000000000000188e+00,1.000085714285714467e+01,6.538857142857143145e+00,1.265534446829999951e+02,4.992043774631999895e+02,-2.471694837999849903e-01
6.602000000000000313e+00,3.462000000000000188e+00,9.999000000000000554e+00,6.536999999999999922e+00,1.266536862318000232e+02,4.991994889073999957e+02,-2.455299265999879577e-01
6.610000000000000320e+00,3.487333333333334284e+00,9.990999999999999659e+00,6.503666666666665819e+00,1.270546524269999935e+02,4.991799346842000205e+02,-2.389716978000019920e-01
6.613999999999999879e+00,3.500000000000000000e+00,9.987000000000000099e+00,6.487000000000000099e+00,1.272503884837999806e+02,4.991690923390000307e+02,-2.336898681999892702e-01
6.620000000000000107e+00,3.500461538461538513e+00,9.991615384615384343e+00,6.491153846153846274e+00,1.275439925689999967e+02,4.991528288211999893e+02,-2.257671237999689939e-01
6.626999999999999780e+00,3.500999999999999890e+00,9.996999999999999886e+00,6.496000000000000441e+00,1.278866550555999879e+02,4.991562436277000074e+02,-2.320029841999793341e-01
6.629999999999999893e+00,3.518538461538462059e+00,1.001176923076923053e+01,6.493230769230769361e+00,1.280335104069999943e+02,4.991577071162000152e+02,-2.346754957999840074e-01
6.639999999999999680e+00,3.576999999999999957e+00,1.006099999999999994e+01,6.483999999999999986e+00,1.285283923990000119e+02,4.991738953412000228e+02,-2.476226027999610113e-01
6.650000000000000355e+00,3.537769230769227669e+00,1.002253846153845807e+01,6.484769230769231285e+00,1.290179661249999867e+02,4.991777929081999901e+02,-2.515274697999809739e-01
6.652999999999999581e+00,3.525999999999999801e+00,1.001099999999999923e+01,6.485000000000000320e+00,1.291689539271999649e+02,4.991752950727999973e+02,-2.514850686999807183e-01
6.660000000000000142e+00,3.518999999999999684e+00,1.002392307692307760e+01,6.504923076923077474e+00,1.295212587990000088e+02,4.991694667901999765e+02,-2.513861327999800110e-01
6.666000000000000369e+00,3.512999999999999901e+00,1.003500000000000014e+01,6.522000000000000242e+00,1.298232342702000039e+02,4.991644732361999672e+02,-2.507013341999943523e-01
6.669999999999999929e+00,3.509307692307692683e+00,1.003100000000000058e+01,6.521692307692307899e+00,1.300245512509999912e+02,4.991611442001999990e+02,-2.502448018000040242e-01
6.679000000000000270e+00,3.500999999999999890e+00,1.002200000000000024e+01,6.520999999999999908e+00,1.304852942972000278e+02,4.991594940475000044e+02,-2.528365011999915146e-01
6.679999999999999716e+00,3.502857142857141781e+00,1.002399999999999913e+01,6.521142857142857352e+00,1.305364879690000066e+02,4.991593106971999987e+02,-2.531244677999899828e-01
6.690000000000000391e+00,3.521428571428572685e+00,1.004400000000000226e+01,6.522571428571428243e+00,1.310533010069999875e+02,4.991597836212000061e+02,-2.490111407999709980e-01
6.692999999999999616e+00,3.527000000000000135e+00,1.005000000000000071e+01,6.522999999999999687e+00,1.312037660723999579e+02,4.991611771388999728e+02,-2.447825576999687058e-01
6.700000000000000178e+00,3.503666666666665819e+00,1.004241666666666788e+01,6.538750000000000284e+00,1.315548512249999931e+02,4.991644286801999897e+02,-2.349158637999599897e-01
6.705000000000000071e+00,3.487000000000000099e+00,1.003700000000000081e+01,6.549999999999999822e+00,1.317993387479999967e+02,4.991803919351999639e+02,-2.344177917999724914e-01
6.709999999999999964e+00,3.501999999999999780e+00,1.005123076923077008e+01,6.549230769230769411e+00,1.320438262710000004e+02,4.991963551901999949e+02,-2.339197197999849931e-01
6.717999999999999972e+00,3.525999999999999801e+00,1.007399999999999984e+01,6.548000000000000043e+00,1.324376311078000015e+02,4.992180284341999936e+02,-2.363085949999730595e-01
6.719999999999999751e+00,3.531285714285713251e+00,1.007757142857142796e+01,6.546285714285714263e+00,1.325360823169999946e+02,4.992234467452000217e+02,-2.369058137999699998e-01
6.730000000000000426e+00,3.557714285714286717e+00,1.009542857142857208e+01,6.537714285714285367e+00,1.330241687250000098e+02,4.992183014501999878e+02,-2.247790037999700119e-01
6.732000000000000206e+00,3.563000000000000167e+00,1.009900000000000020e+01,6.535999999999999588e+00,1.331258190417999856e+02,4.992132986642000105e+02,-2.215387197999776903e-01
6.740000000000000213e+00,3.563615384615384851e+00,1.009838461538461551e+01,6.534769230769230219e+00,1.335324203090000026e+02,4.991932875201999877e+02,-2.085775838000069882e-01
6.745000000000000107e+00,3.564000000000000057e+00,1.009800000000000075e+01,6.533999999999999808e+00,1.337857913109999970e+02,4.991852305996999917e+02,-2.044927677999879845e-01
6.750000000000000000e+00,3.568615384615384745e+00,1.010376923076923106e+01,6.535153846153845869e+00,1.340391623129999914e+02,4.991771736791999956e+02,-2.004079517999690085e-01
6.758000000000000007e+00,3.576000000000000068e+00,1.011299999999999955e+01,6.536999999999999922e+00,1.344347237706000158e+02,4.991821142951999946e+02,-2.043374125999650737e-01
6.759999999999999787e+00,3.572000000000000508e+00,1.010884615384615337e+01,6.536846153846153307e+00,1.345336141349999934e+02,4.991833494492000227e+02,-2.053197777999639928e-01
6.769999999999999574e+00,3.552000000000000490e+00,1.008807692307692427e+01,6.536076923076922895e+00,1.350248993970000129e+02,4.991923563821999892e+02,-2.082422838000060061e-01
6.770999999999999908e+00,3.549999999999999822e+00,1.008600000000000030e+01,6.535999999999999588e+00,1.350730293938000273e+02,4.991932025460999967e+02,-2.078345596000041040e-01
6.780000000000000249e+00,3.531250000000000000e+00,1.005750000000000099e+01,6.526249999999999218e+00,1.355061993649999863e+02,4.992008180212000070e+02,-2.041650417999880118e-01
6.783000000000000362e+00,3.524999999999999911e+00,1.004800000000000004e+01,6.522999999999999687e+00,1.356538671566000005e+02,4.992038398864000328e+02,-2.041428531999880114e-01
6.790000000000000036e+00,3.531499999999999861e+00,1.004700000000000060e+01,6.515499999999999403e+00,1.359984253369999863e+02,4.992108909052000172e+02,-2.040910797999880011e-01
6.796999999999999709e+00,3.537999999999999812e+00,1.004599999999999937e+01,6.508000000000000007e+00,1.363538666735999811e+02,4.992115320807000103e+02,-2.096143072999752666e-01
6.799999999999999822e+00,3.552769230769231346e+00,1.005176923076922968e+01,6.498999999999999666e+00,1.365061986750000074e+02,4.992118068702000073e+02,-2.119814047999699913e-01
6.809999999999999609e+00,3.601999999999999869e+00,1.007099999999999973e+01,6.469000000000000306e+00,1.370170479489999877e+02,4.991939278172000058e+02,-2.028046248000119900e-01
6.820000000000000284e+00,3.610461538461538389e+00,1.008099999999999952e+01,6.470538461538462016e+00,1.375319474949999972e+02,4.991752819202000069e+02,-1.926242317999629916e-01
6.823000000000000398e+00,3.612999999999999989e+00,1.008399999999999963e+01,6.471000000000000085e+00,1.376848604890000161e+02,4.991759052371000394e+02,-1.907924023999712781e-01
6.830000000000000071e+00,3.626999999999999336e+00,1.010338461538461452e+01,6.476384615384614740e+00,1.380416574749999938e+02,4.991773596432000204e+02,-1.865181337999909927e-01
6.836000000000000298e+00,3.638999999999999790e+00,1.011999999999999922e+01,6.480999999999999872e+00,1.383303529038000192e+02,4.991944448915999715e+02,-1.859141851999717709e-01
6.839999999999999858e+00,3.631000000000000671e+00,1.011661538461538434e+01,6.485615384615384116e+00,1.385228165229999888e+02,4.992058350571999767e+02,-1.855115527999590119e-01
6.849000000000000199e+00,3.612999999999999989e+00,1.010899999999999999e+01,6.496000000000000441e+00,1.389675915406000115e+02,4.992312376373000120e+02,-1.828022134999714443e-01
6.849999999999999645e+00,3.612000000000000544e+00,1.010700000000000109e+01,6.495000000000000995e+00,1.390170109869999919e+02,4.992340601462000222e+02,-1.825011757999729922e-01
6.860000000000000320e+00,3.601999999999999869e+00,1.008699999999999974e+01,6.484999999999999432e+00,1.395168812969999976e+02,4.992505898141999978e+02,-1.794482737999870126e-01
6.862000000000000099e+00,3.600000000000000089e+00,1.008300000000000018e+01,6.482999999999999652e+00,1.396160735329999909e+02,4.992500456559999975e+02,-1.786242825999832806e-01
6.870000000000000107e+00,3.608000000000000096e+00,1.009100000000000108e+01,6.482999999999999652e+00,1.400128424769999924e+02,4.992478690231999963e+02,-1.753283177999679920e-01
6.875000000000000000e+00,3.612999999999999989e+00,1.009600000000000009e+01,6.482999999999999652e+00,1.402624356229999876e+02,4.992445815142000356e+02,-1.777612112999659988e-01
6.879999999999999893e+00,3.612999999999999989e+00,1.009600000000000009e+01,6.482999999999999652e+00,1.405120287690000112e+02,4.992412940052000181e+02,-1.801941047999640055e-01
6.887999999999999901e+00,3.612999999999999989e+00,1.009600000000000009e+01,6.482999999999999652e+00,1.409150725834000184e+02,4.992274561507999806e+02,-1.768556023999935389e-01
6.889999999999999680e+00,3.603461538461539604e+00,1.008999999999999986e+01,6.486538461538461142e+00,1.410158335369999918e+02,4.992239966871999854e+02,-1.760209768000010055e-01
6.900000000000000355e+00,3.555769230769228351e+00,1.005999999999999872e+01,6.504230769230770370e+00,1.415101985089999914e+02,4.992141486261999717e+02,-1.788762757999859954e-01
6.900999999999999801e+00,3.551000000000000156e+00,1.005700000000000038e+01,6.506000000000000227e+00,1.415606989965999674e+02,4.992138258925999708e+02,-1.790639041999869951e-01
6.910000000000000142e+00,3.551000000000000156e+00,1.004992857142857154e+01,6.498928571428571388e+00,1.420152033850000066e+02,4.992109212902000195e+02,-1.807525597999969924e-01
6.915000000000000036e+00,3.551000000000000156e+00,1.004599999999999937e+01,6.495000000000000107e+00,1.422624574619999862e+02,4.992135152832000244e+02,-1.817067143000015150e-01
6.919999999999999929e+00,3.566000000000000281e+00,1.006683333333333330e+01,6.500833333333333464e+00,1.425097115389999942e+02,4.992161092761999726e+02,-1.826608688000060099e-01
6.926999999999999602e+00,3.587000000000000188e+00,1.009600000000000009e+01,6.509000000000000341e+00,1.428585836737999841e+02,4.992212858307999568e+02,-1.875015543000086993e-01
6.929999999999999716e+00,3.595357142857143362e+00,1.009835714285714303e+01,6.503000000000000114e+00,1.430081003029999920e+02,4.992235043541999744e+02,-1.895761338000100105e-01
6.940000000000000391e+00,3.623214285714287275e+00,1.010621428571428559e+01,6.482999999999998764e+00,1.435089669470000047e+02,4.992050376711999888e+02,-1.853995337999909954e-01
6.940999999999999837e+00,3.625999999999999890e+00,1.010699999999999932e+01,6.480999999999999872e+00,1.435588279745999785e+02,4.992018795527999941e+02,-1.839772905999907393e-01
6.950000000000000178e+00,3.625249999999999861e+00,1.008900000000000041e+01,6.463750000000000107e+00,1.440075772229999984e+02,4.991734564871999851e+02,-1.711771017999809963e-01
6.953000000000000291e+00,3.625000000000000000e+00,1.008300000000000018e+01,6.458000000000000185e+00,1.441576496556000109e+02,4.991712026294999873e+02,-1.723357728999867777e-01
6.959999999999999964e+00,3.638500000000000068e+00,1.010200000000000031e+01,6.463499999999999801e+00,1.445078186650000021e+02,4.991659436282000115e+02,-1.750393387999999995e-01
6.966999999999999638e+00,3.652000000000000135e+00,1.012100000000000044e+01,6.469000000000000306e+00,1.448588269729999922e+02,4.991705459623000252e+02,-1.784775140999971255e-01
6.969999999999999751e+00,3.635750000000000259e+00,1.010224999999999973e+01,6.466499999999999915e+00,1.450092591050000124e+02,4.991725183912000148e+02,-1.799510177999960048e-01
6.979000000000000092e+00,3.587000000000000188e+00,1.004599999999999937e+01,6.458999999999999631e+00,1.454456140357999914e+02,4.991875082610999925e+02,-1.817068440000049467e-01
6.980000000000000426e+00,3.589000000000000856e+00,1.004700000000000060e+01,6.457999999999999297e+00,1.454940979170000048e+02,4.991891738022000027e+02,-1.819019358000059927e-01
6.990000000000000213e+00,3.609000000000000430e+00,1.005699999999999861e+01,6.447999999999999510e+00,1.459955670989999987e+02,4.992127884042000119e+02,-1.838737067999600128e-01
6.991999999999999993e+00,3.612999999999999989e+00,1.005899999999999928e+01,6.445999999999999730e+00,1.460970249185999990e+02,4.992181766273999983e+02,-1.848701531999699110e-01
7.000000000000000000e+00,3.604999999999999982e+00,1.004176923076922989e+01,6.436769230769230354e+00,1.465028561969999998e+02,4.992397295202000009e+02,-1.888559388000100037e-01
7.004999999999999893e+00,3.600000000000000089e+00,1.003100000000000058e+01,6.431000000000000050e+00,1.467563999900000056e+02,4.992461918226999842e+02,-1.888223353000109961e-01
7.009999999999999787e+00,3.591071428571428914e+00,1.002171428571428713e+01,6.430642857142856883e+00,1.470099437830000113e+02,4.992526541252000243e+02,-1.887887318000119885e-01
7.019000000000000128e+00,3.575000000000000178e+00,1.000500000000000078e+01,6.429999999999999716e+00,1.474649371216000304e+02,4.992569763706999879e+02,-1.941027988999853293e-01
7.019999999999999574e+00,3.577846153846152344e+00,1.000500000000000078e+01,6.427153846153847105e+00,1.475154919370000073e+02,4.992574566202000028e+02,-1.946932507999820094e-01
7.030000000000000249e+00,3.606307692307693102e+00,1.000500000000000078e+01,6.398692307692306791e+00,1.480257164530000011e+02,4.992505243351999979e+02,-1.955552957999580066e-01
7.032000000000000028e+00,3.612000000000000099e+00,1.000500000000000078e+01,6.392999999999999794e+00,1.481257418977999976e+02,4.992494218162000266e+02,-1.961291583999667520e-01
7.040000000000000036e+00,3.637333333333334195e+00,1.002300000000000146e+01,6.385666666666666380e+00,1.485258436770000117e+02,4.992450117402000274e+02,-1.984246088000020114e-01
7.043999999999999595e+00,3.649999999999999911e+00,1.003200000000000003e+01,6.381999999999999673e+00,1.487229857449999884e+02,4.992446339626000054e+02,-2.023794459999980477e-01
7.049999999999999822e+00,3.660714285714286031e+00,1.004271428571428615e+01,6.381999999999999673e+00,1.490186988469999960e+02,4.992440672962000008e+02,-2.083117017999930043e-01
7.057999999999999829e+00,3.674999999999999822e+00,1.005700000000000038e+01,6.381999999999999673e+00,1.494066377446000047e+02,4.992421680097999683e+02,-2.106187161999810431e-01
7.059999999999999609e+00,3.671000000000000263e+00,1.005100000000000193e+01,6.379999999999999893e+00,1.495036224689999926e+02,4.992416931881999744e+02,-2.111954697999779973e-01
7.070000000000000284e+00,3.650999999999999801e+00,1.002100000000000080e+01,6.370000000000000107e+00,1.499957059250000100e+02,4.992367194412000231e+02,-2.150684797999979914e-01
7.080000000000000071e+00,3.651714285714285690e+00,1.003028571428571603e+01,6.378571428571429003e+00,1.504912407090000102e+02,4.992239262191999956e+02,-2.199131407999929955e-01
7.083999999999999631e+00,3.652000000000000135e+00,1.003400000000000070e+01,6.381999999999999673e+00,1.506869091673999890e+02,4.992142692148000265e+02,-2.182355315999859324e-01
7.089999999999999858e+00,3.628461538461539071e+00,1.001646153846153986e+01,6.387999999999999901e+00,1.509804118549999998e+02,4.991997837082000160e+02,-2.157191177999749909e-01
7.097000000000000419e+00,3.600999999999999979e+00,9.996000000000000441e+00,6.394999999999999574e+00,1.513276841020000347e+02,4.991838571640000168e+02,-2.141856648999671542e-01
7.099999999999999645e+00,3.600999999999999979e+00,9.995538461538462371e+00,6.394538461538461505e+00,1.514765150650000010e+02,4.991770315022000091e+02,-2.135284707999640097e-01
7.110000000000000320e+00,3.600999999999999979e+00,9.993999999999999773e+00,6.392999999999999794e+00,1.519809216630000037e+02,4.991667409511999836e+02,-2.203800007999699995e-01
7.120000000000000107e+00,3.609461538461538499e+00,1.000246153846153874e+01,6.392999999999999794e+00,1.524930282649999924e+02,4.991619299842000146e+02,-2.182490917999599933e-01
7.123000000000000220e+00,3.612000000000000099e+00,1.000500000000000078e+01,6.392999999999999794e+00,1.526429556254000204e+02,4.991674804966000352e+02,-2.194353295999660614e-01
7.129999999999999893e+00,3.598000000000000309e+00,9.997461538461539732e+00,6.399461538461538090e+00,1.529927861330000098e+02,4.991804316921999884e+02,-2.222032177999800073e-01
7.136000000000000121e+00,3.585999999999999854e+00,9.990999999999999659e+00,6.405000000000000249e+00,1.533024482150000267e+02,4.991987012188000108e+02,-2.251988065999765698e-01
7.139999999999999680e+00,3.585999999999999854e+00,9.987923076923076238e+00,6.401923076923077716e+00,1.535088896030000001e+02,4.992108809032000067e+02,-2.271958657999740006e-01
7.149000000000000021e+00,3.585999999999999854e+00,9.980999999999999872e+00,6.394999999999999574e+00,1.539565670215999660e+02,4.992328178541999932e+02,-2.316737005999702781e-01
7.150000000000000355e+00,3.590846153846155353e+00,9.984769230769231285e+00,6.393923076923075932e+00,1.540063089569999875e+02,4.992352552931999981e+02,-2.321712377999700094e-01
7.160000000000000142e+00,3.639307692307693465e+00,1.002246153846153831e+01,6.383153846153845734e+00,1.545172457470000040e+02,4.992333894871999860e+02,-2.280509668000079981e-01
7.161999999999999922e+00,3.649000000000000021e+00,1.002999999999999936e+01,6.381000000000000227e+00,1.546182694769999841e+02,4.992323453783999980e+02,-2.282248108000031750e-01
7.169999999999999929e+00,3.649571428571428466e+00,1.003742857142857048e+01,6.387857142857142456e+00,1.550223643969999898e+02,4.992281689431999894e+02,-2.289201867999839934e-01
7.176000000000000156e+00,3.649999999999999911e+00,1.004299999999999926e+01,6.392999999999999794e+00,1.553290637990000107e+02,4.992246449091999807e+02,-2.288395257999845944e-01
7.179999999999999716e+00,3.642307692307693134e+00,1.003192307692307672e+01,6.389615384615384919e+00,1.555335300669999867e+02,4.992222955532000128e+02,-2.287857517999850043e-01
7.189000000000000057e+00,3.625000000000000000e+00,1.000699999999999967e+01,6.381999999999999673e+00,1.559835425715999691e+02,4.992191217545000086e+02,-2.340744803000100460e-01
7.190000000000000391e+00,3.625083333333333435e+00,1.000716666666666654e+01,6.382083333333333108e+00,1.560335439609999924e+02,4.992187691102000144e+02,-2.346621168000130042e-01
7.200000000000000178e+00,3.625916666666666455e+00,1.000883333333333347e+01,6.382916666666666572e+00,1.565202924490000100e+02,4.992195182162000151e+02,-2.335564717999789874e-01
7.200999999999999623e+00,3.625999999999999890e+00,1.000900000000000034e+01,6.383000000000000007e+00,1.565682001049999883e+02,4.992207502107000323e+02,-2.337501621999798773e-01
7.209999999999999964e+00,3.608000000000000540e+00,1.000761538461538436e+01,6.399615384615383817e+00,1.569993690089999916e+02,4.992318381612000167e+02,-2.354933757999889965e-01
7.214000000000000412e+00,3.600000000000000089e+00,1.000699999999999967e+01,6.407000000000000028e+00,1.571930880218000084e+02,4.992352756924000232e+02,-2.382624273999909836e-01
7.219999999999999751e+00,3.570923076923079975e+00,9.995461538461539064e+00,6.424538461538459977e+00,1.574836665409999910e+02,4.992404319891999762e+02,-2.424160047999930068e-01
7.227000000000000313e+00,3.536999999999999922e+00,9.981999999999999318e+00,6.445000000000000284e+00,1.578178410600000063e+02,4.992328649976000179e+02,-2.430149723999769085e-01
7.230000000000000426e+00,3.548538461538461863e+00,9.993307692307691781e+00,6.444769230769231250e+00,1.579610587109999926e+02,4.992296220012000276e+02,-2.432716727999700013e-01
7.240000000000000213e+00,3.587000000000000188e+00,1.003100000000000058e+01,6.443999999999999950e+00,1.584609848670000076e+02,4.992100858392000191e+02,-2.430915347999710041e-01
7.250000000000000000e+00,3.604857142857143426e+00,1.002885714285714336e+01,6.423999999999999488e+00,1.589729485089999912e+02,4.991902352971999903e+02,-2.429076097999710027e-01
7.253999999999999559e+00,3.612000000000000099e+00,1.002800000000000047e+01,6.416000000000000369e+00,1.591755319361999739e+02,4.991857766183999843e+02,-2.424468101999806280e-01
7.259999999999999787e+00,3.599499999999999922e+00,1.002149999999999963e+01,6.422000000000000597e+00,1.594794070769999905e+02,4.991790886001999752e+02,-2.417556107999949966e-01
7.266000000000000014e+00,3.587000000000000188e+00,1.001500000000000057e+01,6.427999999999999936e+00,1.597835387214000207e+02,4.991784334565999757e+02,-2.386856231999966160e-01
7.269999999999999574e+00,3.590428571428571303e+00,1.001471428571428568e+01,6.424285714285714377e+00,1.599862931510000124e+02,4.991779966941999760e+02,-2.366389647999979917e-01
7.280000000000000249e+00,3.599000000000000199e+00,1.001399999999999935e+01,6.415000000000000036e+00,1.604944356649999975e+02,4.991899869861999832e+02,-2.345682137999889894e-01
7.290000000000000036e+00,3.620666666666667144e+00,1.003566666666666585e+01,6.415000000000000036e+00,1.609949610289999953e+02,4.992125850291999996e+02,-2.255365367999750126e-01
7.291999999999999815e+00,3.625000000000000000e+00,1.003999999999999915e+01,6.415000000000000036e+00,1.610951007445999892e+02,4.992164985609999803e+02,-2.257280683999815796e-01
7.299999999999999822e+00,3.616384615384615309e+00,1.003446153846153877e+01,6.418076923076923457e+00,1.614956596069999932e+02,4.992321526882000171e+02,-2.264941948000079863e-01
7.304999999999999716e+00,3.611000000000000210e+00,1.003100000000000058e+01,6.419999999999999929e+00,1.617524551239999937e+02,4.992342915676999837e+02,-2.269446177999964731e-01
7.309999999999999609e+00,3.616000000000000103e+00,1.003992857142857176e+01,6.423928571428571210e+00,1.620092506409999942e+02,4.992364304472000072e+02,-2.273950407999849876e-01
7.318999999999999950e+00,3.625000000000000000e+00,1.005599999999999916e+01,6.431000000000000050e+00,1.624614682067999922e+02,4.992262090995000108e+02,-2.218583443000103628e-01
7.320000000000000284e+00,3.622916666666665897e+00,1.005599999999999916e+01,6.433083333333334153e+00,1.625117146030000015e+02,4.992250733942000238e+02,-2.212431558000129972e-01
7.330000000000000071e+00,3.602083333333334192e+00,1.005599999999999916e+01,6.453916666666666302e+00,1.630099586309999893e+02,4.992174571212000274e+02,-2.221054527999890005e-01
7.331000000000000405e+00,3.600000000000000089e+00,1.005599999999999916e+01,6.456000000000000405e+00,1.630586936406000120e+02,4.992182330613000545e+02,-2.229973546999908240e-01
7.339999999999999858e+00,3.582692307692308731e+00,1.001376923076923298e+01,6.431076923076924245e+00,1.634973087269999894e+02,4.992252165222000144e+02,-2.310244718000039887e-01
7.344000000000000306e+00,3.575000000000000178e+00,9.994999999999999218e+00,6.419999999999999929e+00,1.636933555286000228e+02,4.992299874814000304e+02,-2.341977125999968046e-01
7.349999999999999645e+00,3.580142857142857071e+00,1.000528571428571389e+01,6.425142857142857267e+00,1.639874257310000019e+02,4.992371439202000261e+02,-2.389575737999850014e-01
7.357999999999999652e+00,3.587000000000000188e+00,1.001900000000000013e+01,6.432000000000000384e+00,1.643819364381999719e+02,4.992324174721999839e+02,-2.404531465999921180e-01
7.360000000000000320e+00,3.596846153846156469e+00,1.002453846153846229e+01,6.427692307692306706e+00,1.644805641149999929e+02,4.992312358602000018e+02,-2.408270397999940082e-01
7.370000000000000107e+00,3.646076923076921439e+00,1.005223076923076775e+01,6.406153846153846310e+00,1.649761538989999963e+02,4.992174760222000032e+02,-2.366682197999749881e-01
7.371000000000000441e+00,3.650999999999999801e+00,1.005499999999999972e+01,6.403999999999999915e+00,1.650249798168000268e+02,4.992166591599000185e+02,-2.362544734999786344e-01
7.379999999999999893e+00,3.640615384615385253e+00,1.004599999999999937e+01,6.405384615384615010e+00,1.654644130769999890e+02,4.992093073991999859e+02,-2.325307568000130054e-01
7.384000000000000341e+00,3.636000000000000121e+00,1.004199999999999982e+01,6.405999999999999694e+00,1.656627525722000200e+02,4.992090078987999959e+02,-2.336855856000075726e-01
7.389999999999999680e+00,3.624461538461539956e+00,1.002446153846154075e+01,6.400000000000000355e+00,1.659602618149999955e+02,4.992085586481999826e+02,-2.354178287999990071e-01
7.397000000000000242e+00,3.611000000000000210e+00,1.000399999999999956e+01,6.392999999999999794e+00,1.663080530839999938e+02,4.992081015873999945e+02,-2.297388106999716240e-01
7.400000000000000355e+00,3.617000000000000437e+00,1.000976923076922986e+01,6.392769230769230759e+00,1.664571064849999971e+02,4.992079057042000159e+02,-2.273049457999599954e-01
7.410000000000000142e+00,3.637000000000000011e+00,1.002899999999999991e+01,6.392000000000000348e+00,1.669536096109999903e+02,4.992132359121999912e+02,-2.212132607999879874e-01
7.419999999999999929e+00,3.617769230769231292e+00,1.002053846153846273e+01,6.402769230769230546e+00,1.674656318469999974e+02,4.992274474082000211e+02,-2.201494898000120048e-01
7.423000000000000043e+00,3.612000000000000099e+00,1.001800000000000068e+01,6.405999999999999694e+00,1.676192729830000019e+02,4.992311076025999910e+02,-2.210282303000081494e-01
7.429999999999999716e+00,3.585076923076924160e+00,1.000400000000000134e+01,6.418923076923076287e+00,1.679777689670000029e+02,4.992396480561999965e+02,-2.230786247999989869e-01
7.435999999999999943e+00,3.561999999999999833e+00,9.992000000000000881e+00,6.429999999999999716e+00,1.682880284497999810e+02,4.992369261225999821e+02,-2.236000055999845804e-01
7.440000000000000391e+00,3.569384615384616044e+00,9.988923076923077460e+00,6.419538461538460083e+00,1.684948681049999948e+02,4.992351115001999915e+02,-2.239475927999750038e-01
7.448999999999999844e+00,3.585999999999999854e+00,9.981999999999999318e+00,6.395999999999999908e+00,1.689561750317999724e+02,4.992235838546999958e+02,-2.247043065000046691e-01
7.450000000000000178e+00,3.588076923076923830e+00,9.983769230769230063e+00,6.395692307692307566e+00,1.690074313570000015e+02,4.992223030051999899e+02,-2.247883858000080115e-01
7.459999999999999964e+00,3.608846153846154259e+00,1.000146153846153929e+01,6.392615384615385032e+00,1.695188252410000018e+02,4.992124326151999867e+02,-2.256398047999839951e-01
7.461999999999999744e+00,3.612999999999999989e+00,1.000500000000000078e+01,6.392000000000000348e+00,1.696180180986000039e+02,4.992118785785999648e+02,-2.276157967999820064e-01
7.469999999999999751e+00,3.606142857142857316e+00,9.991857142857142549e+00,6.385714285714286120e+00,1.700147895290000122e+02,4.992096624321999911e+02,-2.355197647999749955e-01
7.475999999999999979e+00,3.600999999999999979e+00,9.981999999999999318e+00,6.381000000000000227e+00,1.703094074450000051e+02,4.992072260709999796e+02,-2.426456755999747972e-01
7.480000000000000426e+00,3.621666666666667922e+00,1.000233333333333441e+01,6.380666666666666487e+00,1.705058193890000098e+02,4.992056018302000098e+02,-2.473962827999749980e-01
7.488000000000000433e+00,3.662999999999999812e+00,1.004299999999999926e+01,6.379999999999999893e+00,1.708963367778000020e+02,4.992006445637999832e+02,-2.496919347999646821e-01
7.490000000000000213e+00,3.664714285714285591e+00,1.004299999999999926e+01,6.378285714285714114e+00,1.709939661249999858e+02,4.991994052471999908e+02,-2.502658477999620268e-01
7.500000000000000000e+00,3.673285714285714043e+00,1.004299999999999926e+01,6.369714285714286106e+00,1.714861629110000081e+02,4.991924453482000104e+02,-2.511318057999940012e-01
7.501999999999999780e+00,3.674999999999999822e+00,1.004299999999999926e+01,6.368000000000000327e+00,1.715848587189999819e+02,4.991900699281999891e+02,-2.503014641999902756e-01
7.509999999999999787e+00,3.649666666666667503e+00,1.001900000000000013e+01,6.369333333333333513e+00,1.719796419509999907e+02,4.991805682482000179e+02,-2.469800977999750125e-01
7.514000000000000234e+00,3.637000000000000011e+00,1.000699999999999967e+01,6.370000000000000107e+00,1.721782765038000207e+02,4.991750984022000353e+02,-2.421165805999743736e-01
7.519999999999999574e+00,3.642999999999999350e+00,1.001761538461538237e+01,6.374615384615384350e+00,1.724762283329999946e+02,4.991668936332000044e+02,-2.348213047999750114e-01
7.527000000000000135e+00,3.649999999999999911e+00,1.002999999999999936e+01,6.379999999999999893e+00,1.728249580108000032e+02,4.991622808564999900e+02,-2.298274207999714269e-01
7.530000000000000249e+00,3.655571428571428694e+00,1.003042857142857081e+01,6.374857142857142556e+00,1.729744135869999866e+02,4.991603039522000245e+02,-2.276871847999699938e-01
7.540000000000000036e+00,3.674142857142856489e+00,1.003185714285714347e+01,6.357714285714286540e+00,1.734771349490000034e+02,4.991619826822000050e+02,-2.215812337999990000e-01
7.541000000000000369e+00,3.676000000000000156e+00,1.003200000000000003e+01,6.355999999999999872e+00,1.735267624846000274e+02,4.991629146974000264e+02,-2.210734786999991319e-01
7.549999999999999822e+00,3.649692307692308901e+00,1.001538461538461533e+01,6.365692307692307317e+00,1.739734103049999874e+02,4.991713028341999916e+02,-2.165036828000020119e-01
7.554000000000000270e+00,3.637999999999999901e+00,1.000799999999999912e+01,6.370000000000000107e+00,1.741741576610000095e+02,4.991779518334000159e+02,-2.176824907999969638e-01
7.559999999999999609e+00,3.643538461538460727e+00,1.001953846153845973e+01,6.375999999999999446e+00,1.744752786949999859e+02,4.991879253321999954e+02,-2.194507027999889892e-01
7.567000000000000171e+00,3.649999999999999911e+00,1.003299999999999947e+01,6.383000000000000007e+00,1.748347341396000161e+02,4.992042231396000034e+02,-2.243282705999918580e-01
7.570000000000000284e+00,3.653000000000000025e+00,1.003925000000000090e+01,6.386250000000000426e+00,1.749887864730000047e+02,4.992112079141999743e+02,-2.264186567999930122e-01
7.578999999999999737e+00,3.661999999999999922e+00,1.005799999999999983e+01,6.395999999999999908e+00,1.754441647667999860e+02,4.992245762963999596e+02,-2.290645361999812113e-01
7.580000000000000071e+00,3.663076923076923563e+00,1.005892307692307774e+01,6.395846153846153292e+00,1.754947623550000060e+02,4.992260616721999895e+02,-2.293585227999800080e-01
7.589999999999999858e+00,3.673846153846154206e+00,1.006815384615384623e+01,6.394307692307692470e+00,1.760043040049999945e+02,4.992310921632000031e+02,-2.352629578000089983e-01
7.591999999999999638e+00,3.676000000000000156e+00,1.007000000000000028e+01,6.394000000000000128e+00,1.761066914373999737e+02,4.992307240513999886e+02,-2.362388886000077182e-01
7.599999999999999645e+00,3.682857142857142829e+00,1.008314285714285674e+01,6.400285714285714356e+00,1.765162411670000040e+02,4.992292516041999875e+02,-2.401426118000029863e-01
7.605999999999999872e+00,3.688000000000000167e+00,1.009299999999999997e+01,6.405000000000000249e+00,1.768190547877999848e+02,4.992201033375999941e+02,-2.382429607999778653e-01
7.610000000000000320e+00,3.691692307692308272e+00,1.009638461538461485e+01,6.404692307692307907e+00,1.770209305349999909e+02,4.992140044931999796e+02,-2.369765267999610070e-01
7.618999999999999773e+00,3.700000000000000178e+00,1.010399999999999920e+01,6.403999999999999915e+00,1.774714548227999842e+02,4.992018644336999955e+02,-2.368334726999609952e-01
7.620000000000000107e+00,3.698076923076922373e+00,1.010215384615384515e+01,6.404076923076923222e+00,1.775215130770000087e+02,4.992005155382000225e+02,-2.368175777999609877e-01
7.629999999999999893e+00,3.678846153846153211e+00,1.008369230769230640e+01,6.404846153846153634e+00,1.780168185370000060e+02,4.991917369561999749e+02,-2.356764147999849957e-01
7.631999999999999673e+00,3.674999999999999822e+00,1.008000000000000007e+01,6.405000000000000249e+00,1.781124391593999974e+02,4.991905924879999930e+02,-2.336510923999867706e-01
7.639999999999999680e+00,3.652230769230768725e+00,1.006400000000000006e+01,6.411769230769230887e+00,1.784949216489999912e+02,4.991860146152000084e+02,-2.255498027999930100e-01
7.644999999999999574e+00,3.637999999999999901e+00,1.005400000000000027e+01,6.416000000000000369e+00,1.787406777209999689e+02,4.991885301657000014e+02,-2.245040007999890841e-01
7.650000000000000355e+00,3.627999999999999226e+00,1.004053846153846052e+01,6.412538461538461299e+00,1.789864337930000033e+02,4.991910457161999943e+02,-2.234581987999849917e-01
7.658000000000000362e+00,3.612000000000000099e+00,1.001900000000000013e+01,6.407000000000000028e+00,1.793806696665999993e+02,4.991911311914000180e+02,-2.193707731999881005e-01
7.660000000000000142e+00,3.614307692307692221e+00,1.002284615384615307e+01,6.408538461538461739e+00,1.794792286349999983e+02,4.991911525602000097e+02,-2.183489167999889957e-01
7.669999999999999929e+00,3.625846153846153275e+00,1.004207692307692312e+01,6.416230769230768516e+00,1.799739892629999929e+02,4.991743688431999999e+02,-2.061795607999880042e-01
7.671000000000000263e+00,3.626999999999999780e+00,1.004400000000000048e+01,6.416999999999999815e+00,1.800248290282000028e+02,4.991733664684999781e+02,-2.057647119999860552e-01
7.679999999999999716e+00,3.633923076923076589e+00,1.005369230769230704e+01,6.419769230769230894e+00,1.804823869150000064e+02,4.991643450962000088e+02,-2.020310727999700129e-01
7.684000000000000163e+00,3.637000000000000011e+00,1.005799999999999983e+01,6.421000000000000263e+00,1.806870929382000099e+02,4.991648139701999867e+02,-2.019871883999695972e-01
7.690000000000000391e+00,3.643461538461538751e+00,1.007000000000000028e+01,6.426538461538461533e+00,1.809941519729999868e+02,4.991655172811999819e+02,-2.019213617999690014e-01
7.697000000000000064e+00,3.650999999999999801e+00,1.008399999999999963e+01,6.432999999999999829e+00,1.813472557785999868e+02,4.991702566004000232e+02,-2.004595223999620368e-01
7.700000000000000178e+00,3.659538461538461629e+00,1.009207692307692383e+01,6.432538461538461760e+00,1.814985859809999909e+02,4.991722877372000085e+02,-1.998330197999589886e-01
7.709999999999999964e+00,3.688000000000000167e+00,1.011899999999999977e+01,6.431000000000000050e+00,1.820023941210000089e+02,4.991900226011999848e+02,-2.027835328000019977e-01
7.719999999999999751e+00,3.668000000000000149e+00,1.010053846153846280e+01,6.432538461538461760e+00,1.825077428030000135e+02,4.992158619351999960e+02,-2.047622898000109881e-01
7.722999999999999865e+00,3.661999999999999922e+00,1.009500000000000064e+01,6.432999999999999829e+00,1.826579358097999943e+02,4.992220232761000034e+02,-2.074506332999986047e-01
7.730000000000000426e+00,3.656076923076922558e+00,1.009446153846153926e+01,6.438384615384615373e+00,1.830083861589999970e+02,4.992363997382000207e+02,-2.137234347999699968e-01
7.735999999999999766e+00,3.650999999999999801e+00,1.009399999999999942e+01,6.442999999999999616e+00,1.833118173813999761e+02,4.992374884064000184e+02,-2.160597903999811886e-01
7.740000000000000213e+00,3.658384615384616012e+00,1.009738461538461607e+01,6.438999999999999169e+00,1.835141048630000000e+02,4.992382141851999791e+02,-2.176173607999890014e-01
7.748999999999999666e+00,3.674999999999999822e+00,1.010500000000000043e+01,6.429999999999999716e+00,1.839537950137999758e+02,4.992263634180999929e+02,-2.156777257999791531e-01
7.750000000000000000e+00,3.673999999999999488e+00,1.010307692307692307e+01,6.429076923076922689e+00,1.840026494749999983e+02,4.992250466662000008e+02,-2.154622107999779879e-01
7.759999999999999787e+00,3.663999999999999702e+00,1.008384615384615302e+01,6.419846153846153314e+00,1.845042876109999952e+02,4.992106128141999761e+02,-2.162996998000130122e-01
7.761999999999999567e+00,3.661999999999999922e+00,1.008000000000000007e+01,6.418000000000000149e+00,1.846047694477999812e+02,4.992085340211999664e+02,-2.170700178000051495e-01
7.769999999999999574e+00,3.646615384615385480e+00,1.006584615384615411e+01,6.419230769230769518e+00,1.850066967950000105e+02,4.992002188491999846e+02,-2.201512897999740037e-01
7.775000000000000355e+00,3.637000000000000011e+00,1.005700000000000038e+01,6.419999999999999929e+00,1.852530503470000269e+02,4.991922674116999588e+02,-2.145683972999904987e-01
7.780000000000000249e+00,3.646999999999999797e+00,1.007046153846153835e+01,6.423461538461538112e+00,1.854994038989999865e+02,4.991843159741999898e+02,-2.089855048000079929e-01
7.788000000000000256e+00,3.662999999999999812e+00,1.009200000000000053e+01,6.429000000000000270e+00,1.858873864413999968e+02,4.991816490397999928e+02,-2.024897439999766569e-01
7.790000000000000036e+00,3.666846153846153200e+00,1.009630769230769154e+01,6.429461538461538339e+00,1.859843820769999923e+02,4.991809823062000078e+02,-2.008658037999689894e-01
7.799999999999999822e+00,3.686076923076922363e+00,1.011784615384615194e+01,6.431769230769231349e+00,1.864753260169999862e+02,4.991959688631999938e+02,-2.068095017999979912e-01
7.801000000000000156e+00,3.688000000000000167e+00,1.011999999999999922e+01,6.432000000000000384e+00,1.865252930300000003e+02,4.991962180621000016e+02,-2.065992640999969321e-01
7.809999999999999609e+00,3.688000000000000167e+00,1.011935714285714205e+01,6.431357142857143216e+00,1.869749961470000130e+02,4.991984608522000144e+02,-2.047071247999880106e-01
7.815000000000000391e+00,3.688000000000000167e+00,1.011899999999999977e+01,6.431000000000000050e+00,1.872278682950000359e+02,4.991903701402000024e+02,-2.021223102999897825e-01
7.820000000000000284e+00,3.693833333333333524e+00,1.011899999999999977e+01,6.425166666666666693e+00,1.874807404430000020e+02,4.991822794281999904e+02,-1.995374957999919985e-01
7.826999999999999957e+00,3.701999999999999957e+00,1.011899999999999977e+01,6.416999999999999815e+00,1.878506770757999789e+02,4.991746433193000030e+02,-2.022282776000059457e-01
7.830000000000000071e+00,3.698538461538461330e+00,1.011623076923076958e+01,6.417692307692307807e+00,1.880092213469999933e+02,4.991713707011999759e+02,-2.033814698000120103e-01
7.839999999999999858e+00,3.686999999999999833e+00,1.010699999999999932e+01,6.419999999999999929e+00,1.885249816769999995e+02,4.991727426581999794e+02,-2.112716267999930064e-01
7.849999999999999645e+00,3.659307692307692594e+00,1.008699999999999974e+01,6.427692307692307594e+00,1.890374610069999903e+02,4.991789495702000181e+02,-2.151795458000130001e-01
7.852999999999999758e+00,3.650999999999999801e+00,1.008099999999999952e+01,6.429999999999999716e+00,1.891875854829999923e+02,4.991863110694999932e+02,-2.172721348999970270e-01
7.860000000000000320e+00,3.663000000000000700e+00,1.008099999999999952e+01,6.417999999999999261e+00,1.895378759269999875e+02,4.992034879011999919e+02,-2.221548427999600062e-01
7.866999999999999993e+00,3.674999999999999822e+00,1.008099999999999952e+01,6.405999999999999694e+00,1.898815564935999873e+02,4.992259113175999801e+02,-2.228575041999837913e-01
7.870000000000000107e+00,3.671749999999999403e+00,1.007774999999999999e+01,6.405999999999999694e+00,1.900288481649999994e+02,4.992355213531999993e+02,-2.231586447999940048e-01
7.878999999999999559e+00,3.661999999999999922e+00,1.006799999999999962e+01,6.405999999999999694e+00,1.904707752765999658e+02,4.992634402280000359e+02,-2.276588634999884286e-01
7.879999999999999893e+00,3.659076923076922228e+00,1.006615384615384556e+01,6.407076923076923336e+00,1.905198782889999904e+02,4.992665423252000210e+02,-2.281588877999879972e-01
7.889999999999999680e+00,3.629846153846155499e+00,1.004769230769230859e+01,6.417846153846153534e+00,1.910185504890000061e+02,4.992689702591999890e+02,-2.280565197999890048e-01
7.892000000000000348e+00,3.624000000000000110e+00,1.004400000000000048e+01,6.419999999999999929e+00,1.911163956738000422e+02,4.992639491393999833e+02,-2.252170201999864618e-01
7.900000000000000355e+00,3.624571428571428555e+00,1.005085714285714360e+01,6.426285714285714157e+00,1.915077764129999878e+02,4.992438646602000176e+02,-2.138590217999800092e-01
7.905999999999999694e+00,3.625000000000000000e+00,1.005599999999999916e+01,6.431000000000000050e+00,1.917999097913999549e+02,4.992323100923999846e+02,-2.101532453999971350e-01
7.910000000000000142e+00,3.648692307692310344e+00,1.007569230769230906e+01,6.426999999999999602e+00,1.919946653769999898e+02,4.992246070471999815e+02,-2.076827278000079879e-01
7.918999999999999595e+00,3.701999999999999957e+00,1.011999999999999922e+01,6.418000000000000149e+00,1.924356921159999843e+02,4.992209266079000258e+02,-2.111716560999736536e-01
7.919999999999999929e+00,3.699923076923076426e+00,1.011815384615384517e+01,6.418230769230769184e+00,1.924846950870000057e+02,4.992205176702000244e+02,-2.115593147999700052e-01
7.929999999999999716e+00,3.679153846153847329e+00,1.009969230769230819e+01,6.420538461538461306e+00,1.929673374150000029e+02,4.992230143482000244e+02,-2.164607877999639995e-01
7.932000000000000384e+00,3.674999999999999822e+00,1.009600000000000009e+01,6.421000000000000263e+00,1.930669747766000341e+02,4.992216914728000461e+02,-2.164339553999641841e-01
7.940000000000000391e+00,3.651615384615384485e+00,1.008800000000000097e+01,6.436384615384615593e+00,1.934655242229999885e+02,4.992163999712000191e+02,-2.163266257999650055e-01
7.945000000000000284e+00,3.637000000000000011e+00,1.008300000000000018e+01,6.445999999999999730e+00,1.937156163340000035e+02,4.992131444896999710e+02,-2.177595147999865088e-01
7.950000000000000178e+00,3.646999999999999797e+00,1.007799999999999940e+01,6.431000000000000050e+00,1.939657084449999900e+02,4.992098890081999798e+02,-2.191924038000080122e-01
7.958000000000000185e+00,3.662999999999999812e+00,1.007000000000000028e+01,6.407000000000000028e+00,1.943726559794000082e+02,4.991978539593999926e+02,-2.222594349999768570e-01
7.959999999999999964e+00,3.653153846153847084e+00,1.006369230769230860e+01,6.410538461538461519e+00,1.944743928629999914e+02,4.991948451971999816e+02,-2.230261927999689919e-01
7.969999999999999751e+00,3.603923076923078561e+00,1.003215384615384664e+01,6.428230769230768082e+00,1.949883543630000133e+02,4.991750910132000172e+02,-2.278421957999650083e-01
7.971000000000000085e+00,3.599000000000000199e+00,1.002899999999999991e+01,6.429999999999999716e+00,1.950409143852000113e+02,4.991737826616000007e+02,-2.284258912999681534e-01
7.980000000000000426e+00,3.570499999999997787e+00,9.993749999999996803e+00,6.423249999999999460e+00,1.955139545849999934e+02,4.991620074972000225e+02,-2.336791507999949891e-01
7.982999999999999652e+00,3.560999999999999943e+00,9.981999999999999318e+00,6.421000000000000263e+00,1.956657212945999618e+02,4.991616564752999921e+02,-2.339441524999874289e-01
7.990000000000000213e+00,3.573500000000000565e+00,9.999000000000000554e+00,6.425500000000000433e+00,1.960198436169999923e+02,4.991608374241999968e+02,-2.345624897999699920e-01
7.996999999999999886e+00,3.585999999999999854e+00,1.001600000000000001e+01,6.429999999999999716e+00,1.963694755639999983e+02,4.991772680901999593e+02,-2.415427252999635122e-01
8.000000000000000000e+00,3.588999999999999968e+00,1.001900000000000013e+01,6.429999999999999716e+00,1.965193178270000089e+02,4.991843098041999838e+02,-2.445342547999609928e-01
8.009999999999999787e+00,3.599000000000000199e+00,1.002899999999999991e+01,6.429999999999999716e+00,1.970220454470000107e+02,4.992209748522000154e+02,-2.585518667999719966e-01
8.019999999999999574e+00,3.570538461538461661e+00,9.993615384615385011e+00,6.423076923076923350e+00,1.975182072510000069e+02,4.992322846842000104e+02,-2.554813737999849788e-01
8.022999999999999687e+00,3.561999999999999833e+00,9.983000000000000540e+00,6.421000000000000263e+00,1.976705632968000259e+02,4.992268728444000203e+02,-2.518283640999847695e-01
8.029999999999999361e+00,3.588923076923075772e+00,1.001530769230769025e+01,6.426384615384614918e+00,1.980260607369999946e+02,4.992142452182000056e+02,-2.433046747999849935e-01
8.035999999999999588e+00,3.612000000000000099e+00,1.004299999999999926e+01,6.431000000000000050e+00,1.983282069358000115e+02,4.992062607937999701e+02,-2.414092783999932934e-01
8.039999999999999147e+00,3.627692307692305995e+00,1.005530769230769117e+01,6.427615384615385175e+00,1.985296377349999943e+02,4.992009378441999843e+02,-2.401456807999990117e-01
8.048999999999999488e+00,3.662999999999999812e+00,1.008300000000000018e+01,6.419999999999999929e+00,1.989854502463999495e+02,4.991909089920999918e+02,-2.382088870999911345e-01
8.050000000000000711e+00,3.662076923076921897e+00,1.008023076923076644e+01,6.418153846153844100e+00,1.990360960810000108e+02,4.991897946752000053e+02,-2.379936877999900002e-01
8.060000000000000497e+00,3.652846153846152522e+00,1.005253846153845920e+01,6.399692307692305349e+00,1.995331707409999922e+02,4.991851165072000072e+02,-2.388666107999659893e-01
8.061999999999999389e+00,3.650999999999999801e+00,1.004700000000000060e+01,6.395999999999999908e+00,1.996321292809999477e+02,4.991851571476000231e+02,-2.388447399999658050e-01
8.070000000000000284e+00,3.658384615384616012e+00,1.004700000000000060e+01,6.388615384615383697e+00,2.000279634409999971e+02,4.991853197091999732e+02,-2.387572567999650119e-01
8.074999999999999289e+00,3.662999999999999812e+00,1.004700000000000060e+01,6.384000000000000341e+00,2.002683009349999566e+02,4.991950256766999701e+02,-2.412380512999630633e-01
8.080000000000000071e+00,3.653384615384613454e+00,1.003699999999999903e+01,6.383615384615384691e+00,2.005086384290000012e+02,4.992047316442000238e+02,-2.437188457999620028e-01
8.087999999999999190e+00,3.637999999999999901e+00,1.002100000000000080e+01,6.383000000000000007e+00,2.009037248497999713e+02,4.992320333217999746e+02,-2.613273921999980098e-01
8.089999999999999858e+00,3.630153846153844288e+00,1.001299999999999812e+01,6.382846153846153392e+00,2.010024964549999993e+02,4.992388587411999765e+02,-2.657295288000089961e-01
8.099999999999999645e+00,3.590923076923081325e+00,9.973000000000004306e+00,6.382076923076922981e+00,2.015075327369999911e+02,4.992526289081999948e+02,-2.766658327999769740e-01
8.101000000000000867e+00,3.587000000000000188e+00,9.968999999999999417e+00,6.381999999999999673e+00,2.015575308748000509e+02,4.992505782775999705e+02,-2.758474702999778594e-01
8.109999999999999432e+00,3.619142857142853664e+00,1.000114285714285423e+01,6.381999999999999673e+00,2.020075141149999922e+02,4.992321226021999792e+02,-2.684822077999959866e-01
8.115000000000000213e+00,3.637000000000000011e+00,1.001900000000000013e+01,6.381999999999999673e+00,2.022617984380000564e+02,4.992256131766999943e+02,-2.664026612999861321e-01
8.119999999999999218e+00,3.652833333333329602e+00,1.003358333333333086e+01,6.380749999999999922e+00,2.025160827610000069e+02,4.992191037512000094e+02,-2.643231147999769992e-01
8.127000000000000668e+00,3.674999999999999822e+00,1.005400000000000027e+01,6.378999999999999559e+00,2.028713244492000172e+02,4.992232416842999783e+02,-2.691587189999800622e-01
8.130000000000000782e+00,3.668999999999999595e+00,1.004292307692307595e+01,6.373923076923076358e+00,2.030235708870000053e+02,4.992250150841999812e+02,-2.712311207999810181e-01
8.140000000000000568e+00,3.649000000000000021e+00,1.000600000000000023e+01,6.357000000000000206e+00,2.035355051630000105e+02,4.992232203891999802e+02,-2.631108528000000168e-01
8.150000000000000355e+00,3.668999999999999595e+00,1.003446153846153699e+01,6.365461538461538282e+00,2.040351436649999926e+02,4.992087184032000096e+02,-2.509484617999990230e-01
8.153000000000000469e+00,3.674999999999999822e+00,1.004299999999999926e+01,6.368000000000000327e+00,2.041854124806000073e+02,4.992082871747999775e+02,-2.497135039999935358e-01
8.160000000000000142e+00,3.688999999999999613e+00,1.005700000000000038e+01,6.368000000000000327e+00,2.045360397169999942e+02,4.992072809751999785e+02,-2.468319357999810004e-01
8.166000000000000369e+00,3.701000000000000068e+00,1.006900000000000084e+01,6.368000000000000327e+00,2.048256235154000251e+02,4.992088043836000111e+02,-2.425728627999777509e-01
8.169999999999999929e+00,3.701000000000000068e+00,1.006192307692307786e+01,6.360923076923078234e+00,2.050186793809999983e+02,4.992098199892000139e+02,-2.397334807999760009e-01
8.179000000000000270e+00,3.701000000000000068e+00,1.004599999999999937e+01,6.344999999999999751e+00,2.054599896776000207e+02,4.992169636977999971e+02,-2.459605519999808754e-01
8.179999999999999716e+00,3.701076923076922931e+00,1.004584615384615276e+01,6.344769230769230717e+00,2.055090241549999917e+02,4.992177574432000142e+02,-2.466524487999809945e-01
8.189999999999999503e+00,3.701846153846153786e+00,1.004430769230769194e+01,6.342461538461538595e+00,2.060232428330000118e+02,4.992110425701999930e+02,-2.505143917999990144e-01
8.192000000000000171e+00,3.701999999999999957e+00,1.004400000000000048e+01,6.341999999999999638e+00,2.061252587446000462e+02,4.992066545485999995e+02,-2.492762083999929823e-01
8.199999999999999289e+00,3.701384615384615273e+00,1.004461538461538517e+01,6.343230769230769006e+00,2.065333223910000129e+02,4.991891024622000259e+02,-2.443234747999709910e-01
8.205000000000000071e+00,3.701000000000000068e+00,1.004499999999999993e+01,6.344000000000000306e+00,2.067909878039999967e+02,4.991847769212000117e+02,-2.457509037999924817e-01
8.210000000000000853e+00,3.700642857142857345e+00,1.004428571428571360e+01,6.343642857142857139e+00,2.070486532170000089e+02,4.991804513801999974e+02,-2.471783328000140001e-01
8.218999999999999417e+00,3.700000000000000178e+00,1.004299999999999926e+01,6.342999999999999972e+00,2.074929957773999547e+02,4.991976460260000295e+02,-2.642402600999648188e-01
8.220000000000000639e+00,3.700000000000000178e+00,1.004299999999999926e+01,6.342999999999999972e+00,2.075423671730000024e+02,4.991995565422000141e+02,-2.661360297999619817e-01
8.230000000000000426e+00,3.700000000000000178e+00,1.004299999999999926e+01,6.342999999999999972e+00,2.080371345030000043e+02,4.992177520871999832e+02,-2.760902248000099979e-01
8.231999999999999318e+00,3.700000000000000178e+00,1.004299999999999926e+01,6.342999999999999972e+00,2.081362013877999573e+02,4.992194036330000131e+02,-2.754740094000017181e-01
8.240000000000000213e+00,3.730769230769234390e+00,1.005038461538461547e+01,6.319615384615381970e+00,2.085324689269999965e+02,4.992260098162000190e+02,-2.730091477999669891e-01
8.244999999999999218e+00,3.750000000000000000e+00,1.005499999999999972e+01,6.304999999999999716e+00,2.087892636669999433e+02,4.992281610436999699e+02,-2.699595917999820238e-01
8.250000000000000000e+00,3.760000000000001563e+00,1.006000000000000050e+01,6.299999999999998934e+00,2.090460584070000039e+02,4.992303122711999777e+02,-2.669100357999960038e-01
8.257999999999999119e+00,3.775999999999999801e+00,1.006799999999999962e+01,6.291999999999999815e+00,2.094440140085999644e+02,4.992354207312000085e+02,-2.620394989999724200e-01
8.259999999999999787e+00,3.777846153846153854e+00,1.006799999999999962e+01,6.290153846153845763e+00,2.095435029090000114e+02,4.992366978462000020e+02,-2.608218647999659967e-01
8.269999999999999574e+00,3.787076923076921897e+00,1.006799999999999962e+01,6.280923076923078163e+00,2.100550965289999965e+02,4.992408721912000260e+02,-2.587227708000149895e-01
8.271000000000000796e+00,3.787999999999999812e+00,1.006799999999999962e+01,6.280000000000000249e+00,2.101062071742000512e+02,4.992403882170000315e+02,-2.577096868000089414e-01
8.279999999999999361e+00,3.798384615384613916e+00,1.006038461538461704e+01,6.262000000000002231e+00,2.105662029810000035e+02,4.992360324492000245e+02,-2.485919307999669980e-01
8.284000000000000696e+00,3.802999999999999936e+00,1.005700000000000038e+01,6.253999999999999559e+00,2.107623271738000597e+02,4.992324267751999969e+02,-2.425355411999700339e-01
8.289999999999999147e+00,3.808076923076921805e+00,1.006253846153846077e+01,6.254461538461537629e+00,2.110565134629999875e+02,4.992270182642000123e+02,-2.334509567999799862e-01
8.297000000000000597e+00,3.814000000000000057e+00,1.006900000000000084e+01,6.254999999999999893e+00,2.113966788241999950e+02,4.992373266448000209e+02,-2.327116482999960489e-01
8.300000000000000711e+00,3.814230769230769091e+00,1.006646153846153879e+01,6.252230769230768814e+00,2.115424639789999901e+02,4.992417445222000083e+02,-2.323948018000029925e-01
8.310000000000000497e+00,3.814999999999999947e+00,1.005799999999999983e+01,6.243000000000000327e+00,2.120287315569999862e+02,4.992684658591999778e+02,-2.433809737999710066e-01
8.320000000000000284e+00,3.795000000000000373e+00,1.004876923076922957e+01,6.253769230769230525e+00,2.125252362370000014e+02,4.992737713711999845e+02,-2.442892468000039952e-01
8.323000000000000398e+00,3.789000000000000146e+00,1.004599999999999937e+01,6.256999999999999673e+00,2.126712351280000064e+02,4.992691826033000098e+02,-2.451405843999998613e-01
8.330000000000000071e+00,3.775000000000000355e+00,1.004438461538461524e+01,6.269384615384614889e+00,2.130118992069999990e+02,4.992584754782000118e+02,-2.471270387999900120e-01
8.336000000000000298e+00,3.762999999999999901e+00,1.004299999999999926e+01,6.280000000000000249e+00,2.133162722410000356e+02,4.992535954370000013e+02,-2.530421501999849387e-01
8.339999999999999858e+00,3.770692307692306677e+00,1.004699999999999882e+01,6.276307692307693031e+00,2.135191875970000126e+02,4.992503420762000133e+02,-2.569855577999810015e-01
8.349000000000000199e+00,3.787999999999999812e+00,1.005599999999999916e+01,6.267999999999999794e+00,2.139649134106000190e+02,4.992433049563999816e+02,-2.658616331999734128e-01
8.349999999999999645e+00,3.787999999999999812e+00,1.005421428571428599e+01,6.266214285714286625e+00,2.140144385010000008e+02,4.992425230541999781e+02,-2.668478637999719960e-01
8.359999999999999432e+00,3.787999999999999812e+00,1.003635714285714364e+01,6.248357142857143387e+00,2.145160773030000030e+02,4.992280786182000156e+02,-2.706853347999910175e-01
8.362999999999999545e+00,3.787999999999999812e+00,1.003100000000000058e+01,6.243000000000000327e+00,2.146673990160000187e+02,4.992249956864999945e+02,-2.715408009999868422e-01
8.369999999999999218e+00,3.795538461538461306e+00,1.003853846153846163e+01,6.243000000000000327e+00,2.150204830129999891e+02,4.992178021792000209e+02,-2.735368887999770071e-01
8.375999999999999446e+00,3.802000000000000046e+00,1.004499999999999993e+01,6.243000000000000327e+00,2.153185558825999522e+02,4.992180051999999932e+02,-2.698712727999942329e-01
8.380000000000000782e+00,3.805692307692309040e+00,1.005207692307692469e+01,6.246384615384616978e+00,2.155172711289999938e+02,4.992181405471999938e+02,-2.674275288000049766e-01
8.388999999999999346e+00,3.814000000000000057e+00,1.006799999999999962e+01,6.253999999999999559e+00,2.159656641249999325e+02,4.992275393389999749e+02,-2.601608927999708998e-01
8.390000000000000568e+00,3.813153846153845006e+00,1.006538461538461249e+01,6.252230769230767038e+00,2.160154855689999920e+02,4.992285836492000044e+02,-2.593534887999660032e-01
8.400000000000000355e+00,3.804692307692306930e+00,1.003923076923076607e+01,6.234538461538459586e+00,2.165114191590000132e+02,4.992438904812000260e+02,-2.552971418000050119e-01
8.401999999999999247e+00,3.802999999999999936e+00,1.003400000000000070e+01,6.230999999999999872e+00,2.166131611249999480e+02,4.992443002708000108e+02,-2.524759360000042863e-01
8.410000000000000142e+00,3.810384615384616147e+00,1.004200000000000159e+01,6.231615384615384556e+00,2.170201289889999998e+02,4.992459394292000070e+02,-2.411911127999940008e-01
8.414999999999999147e+00,3.814999999999999947e+00,1.004700000000000060e+01,6.232000000000000206e+00,2.172757956559999570e+02,4.992415316422000160e+02,-2.336186378000023323e-01
8.419999999999999929e+00,3.820833333333334192e+00,1.005241666666666767e+01,6.231583333333333030e+00,2.175314623229999995e+02,4.992371238552000250e+02,-2.260461628000079992e-01
8.426999999999999602e+00,3.829000000000000181e+00,1.006000000000000050e+01,6.230999999999999872e+00,2.178935112059999994e+02,4.992325554900000384e+02,-2.252494997999849036e-01
8.429999999999999716e+00,3.829000000000000181e+00,1.006276923076923069e+01,6.233769230769230951e+00,2.180486750130000075e+02,4.992305976192000116e+02,-2.249080727999749896e-01
8.439999999999999503e+00,3.829000000000000181e+00,1.007199999999999918e+01,6.243000000000000327e+00,2.185456358989999899e+02,4.992279126592000011e+02,-2.267880597999840098e-01
8.449999999999999289e+00,3.818999999999999950e+00,1.003353846153846263e+01,6.214538461538462677e+00,2.190390895689999979e+02,4.992340279022000118e+02,-2.326999008000129876e-01
8.452999999999999403e+00,3.815999999999999837e+00,1.002200000000000024e+01,6.206000000000000405e+00,2.191898137353999800e+02,4.992414130169000259e+02,-2.377924593000111941e-01
8.460000000000000853e+00,3.815461538461538460e+00,1.001553846153846017e+01,6.200076923076921709e+00,2.195415034570000046e+02,4.992586449511999831e+02,-2.496750958000089893e-01
8.465999999999999304e+00,3.814999999999999947e+00,1.000999999999999979e+01,6.195000000000000284e+00,2.198341371513999434e+02,4.992699113191999913e+02,-2.586498039999990395e-01
8.470000000000000639e+00,3.822692307692310276e+00,1.001707692307692454e+01,6.194384615384615600e+00,2.200292262810000068e+02,4.992774222311999779e+02,-2.646329427999959960e-01
8.478999999999999204e+00,3.839999999999999858e+00,1.003299999999999947e+01,6.192999999999999616e+00,2.204699969285999543e+02,4.992782280975000049e+02,-2.699377677999691971e-01
8.480000000000000426e+00,3.839999999999999858e+00,1.003392307692307739e+01,6.193923076923077531e+00,2.205189714450000054e+02,4.992783176382000079e+02,-2.705271927999670090e-01
8.490000000000000213e+00,3.839999999999999858e+00,1.004315384615384588e+01,6.203153846153846018e+00,2.210206986510000036e+02,4.992798723372000040e+02,-2.834211488000010215e-01
8.492000000000000881e+00,3.839999999999999858e+00,1.004499999999999993e+01,6.205000000000000071e+00,2.211246090250000407e+02,4.992773904367999762e+02,-2.835892779999962809e-01
8.500000000000000000e+00,3.839999999999999858e+00,1.003823076923077018e+01,6.198230769230770321e+00,2.215402505209999902e+02,4.992674628351999786e+02,-2.842617947999769856e-01
8.505000000000000782e+00,3.839999999999999858e+00,1.003400000000000070e+01,6.193999999999999950e+00,2.217907688960000314e+02,4.992567389976999834e+02,-2.801682042999852351e-01
8.509999999999999787e+00,3.844642857142856585e+00,1.003328571428571436e+01,6.188642857142857778e+00,2.220412872709999874e+02,4.992460151601999883e+02,-2.760746137999949834e-01
8.519000000000000128e+00,3.853000000000000203e+00,1.003200000000000003e+01,6.179000000000000270e+00,2.224975873340000305e+02,4.992432353824000302e+02,-2.714632694000000956e-01
8.519999999999999574e+00,3.850076923076924729e+00,1.003030769230769259e+01,6.180230769230768750e+00,2.225482873409999911e+02,4.992429265182000222e+02,-2.709508978000009782e-01
8.529999999999999361e+00,3.820846153846155779e+00,1.001338461538461644e+01,6.192538461538460659e+00,2.230469310629999882e+02,4.992633961871999873e+02,-2.669121627999809787e-01
8.532000000000000028e+00,3.814999999999999947e+00,1.000999999999999979e+01,6.195000000000000284e+00,2.231444860506000225e+02,4.992669674928000063e+02,-2.655030515999796670e-01
8.539999999999999147e+00,3.808230769230769752e+00,9.995230769230770917e+00,6.187000000000001165e+00,2.235347060009999893e+02,4.992812527152000257e+02,-2.598666067999769735e-01
8.544999999999999929e+00,3.803999999999999826e+00,9.986000000000000654e+00,6.182000000000000384e+00,2.237798490010000023e+02,4.992857347382000057e+02,-2.593278822999879885e-01
8.550000000000000711e+00,3.808615384615385402e+00,9.986000000000000654e+00,6.177384615384615252e+00,2.240249920009999869e+02,4.992902167611999857e+02,-2.587891577999990034e-01
8.557999999999999829e+00,3.815999999999999837e+00,9.986000000000000654e+00,6.169999999999999929e+00,2.244178139353999768e+02,4.992869993260000001e+02,-2.594904249999813173e-01
8.560000000000000497e+00,3.821846153846155669e+00,9.993384615384618641e+00,6.171538461538461640e+00,2.245160194190000027e+02,4.992861949672000037e+02,-2.596657417999769790e-01
8.570000000000000284e+00,3.851076923076924619e+00,1.003030769230769437e+01,6.179230769230769305e+00,2.250296957070000019e+02,4.992714361512000210e+02,-2.634994257999950240e-01
8.570999999999999730e+00,3.854000000000000092e+00,1.003400000000000070e+01,6.179999999999999716e+00,2.250809037149999767e+02,4.992692475425999987e+02,-2.645803196999911289e-01
8.580000000000000071e+00,3.862307692307692886e+00,1.003538461538461490e+01,6.173076923076922462e+00,2.255417757870000059e+02,4.992495500652000260e+02,-2.743083647999620123e-01
8.583999999999999631e+00,3.866000000000000103e+00,1.003599999999999959e+01,6.169999999999999929e+00,2.257472118286000011e+02,4.992372327728000414e+02,-2.762192203999602191e-01
8.589999999999999858e+00,3.865538461538461590e+00,1.003507692307692345e+01,6.169538461538460972e+00,2.260553658910000081e+02,4.992187568342000077e+02,-2.790855037999580013e-01
8.596999999999999531e+00,3.865000000000000213e+00,1.003400000000000070e+01,6.168999999999999595e+00,2.264058148121999920e+02,4.992085959512999693e+02,-2.845717313999844289e-01
8.599999999999999645e+00,3.870769230769231406e+00,1.003400000000000070e+01,6.163230769230768402e+00,2.265560072069999933e+02,4.992042412871999773e+02,-2.869229717999959850e-01
8.609999999999999432e+00,3.890000000000000124e+00,1.003400000000000070e+01,6.144000000000000128e+00,2.270541138670000123e+02,4.992165823412000236e+02,-3.068558337999769958e-01
8.619999999999999218e+00,3.890000000000000124e+00,1.004476923076923001e+01,6.154769230769231214e+00,2.275579233390000127e+02,4.992342960372000107e+02,-3.158063107999919961e-01
8.622999999999999332e+00,3.890000000000000124e+00,1.004800000000000004e+01,6.158000000000000362e+00,2.277061728557999913e+02,4.992376547874000039e+02,-3.148851754999966168e-01
8.630000000000000782e+00,3.890538461538461501e+00,1.006038461538461704e+01,6.169846153846155978e+00,2.280520883949999984e+02,4.992454918711999881e+02,-3.127358598000070100e-01
8.635999999999999233e+00,3.891000000000000014e+00,1.007099999999999973e+01,6.179999999999999716e+00,2.283612354717999153e+02,4.992517274005999752e+02,-3.114890790000018894e-01
8.640000000000000568e+00,3.902692307692311680e+00,1.006761538461538308e+01,6.164923076923071399e+00,2.285673335230000021e+02,4.992558844202000046e+02,-3.106578917999979761e-01
8.648999999999999133e+00,3.928999999999999826e+00,1.006000000000000050e+01,6.131000000000000227e+00,2.290160870049999176e+02,4.992589712672000246e+02,-3.096689474999684277e-01
8.650000000000000355e+00,3.929071428571428548e+00,1.005828571428571294e+01,6.129214285714283506e+00,2.290659485029999871e+02,4.992593142502000205e+02,-3.095590647999649780e-01
8.660000000000000142e+00,3.929785714285714437e+00,1.004114285714285693e+01,6.111357142857142932e+00,2.295685810170000138e+02,4.992450009012000010e+02,-2.923966407999680217e-01
8.663000000000000256e+00,3.930000000000000160e+00,1.003599999999999959e+01,6.105999999999999872e+00,2.297180363268000178e+02,4.992430282304999878e+02,-2.890564119999777248e-01
8.669999999999999929e+00,3.916538461538462190e+00,1.003492307692307683e+01,6.118384615384614200e+00,2.300667653829999892e+02,4.992384253321999950e+02,-2.812625448000010131e-01
8.676000000000000156e+00,3.904999999999999805e+00,1.003400000000000070e+01,6.128999999999999559e+00,2.303717876866000154e+02,4.992432234241999822e+02,-2.800116101999949314e-01
8.679999999999999716e+00,3.904692307692307462e+00,1.003430769230769215e+01,6.129615384615384244e+00,2.305751358889999949e+02,4.992464221522000116e+02,-2.791776537999909880e-01
8.689000000000000057e+00,3.903999999999999915e+00,1.003500000000000014e+01,6.131000000000000227e+00,2.310223756556000296e+02,4.992602337241000328e+02,-2.800268955999703491e-01
8.689999999999999503e+00,3.905999999999998806e+00,1.003400000000000070e+01,6.128000000000001890e+00,2.310720689629999924e+02,4.992617683432000035e+02,-2.801212557999679942e-01
8.699999999999999289e+00,3.925999999999998824e+00,1.002400000000000091e+01,6.098000000000001641e+00,2.315699458549999861e+02,4.992781310931999883e+02,-2.920683057999680088e-01
8.701999999999999957e+00,3.930000000000000160e+00,1.002200000000000024e+01,6.091999999999999638e+00,2.316717001974000141e+02,4.992783256860000165e+02,-2.936463665999760608e-01
8.710000000000000853e+00,3.936769230769231687e+00,1.002138461538461556e+01,6.084615384615383427e+00,2.320787175670000124e+02,4.992791040572000156e+02,-2.999586098000069923e-01
8.714999999999999858e+00,3.940999999999999837e+00,1.002100000000000080e+01,6.080000000000000071e+00,2.323235180029999469e+02,4.992720425571999954e+02,-3.008792447999833475e-01
8.720000000000000639e+00,3.935583333333332767e+00,1.002600000000000158e+01,6.090416666666667922e+00,2.325683184389999951e+02,4.992649810571999751e+02,-3.017998797999599803e-01
8.727000000000000313e+00,3.927999999999999936e+00,1.003299999999999947e+01,6.105000000000000426e+00,2.329202450363999901e+02,4.992534997880999867e+02,-3.079811247999696411e-01
8.730000000000000426e+00,3.927999999999999936e+00,1.003876923076922978e+01,6.110769230769231619e+00,2.330710707210000123e+02,4.992485792442000161e+02,-3.106302297999740114e-01
8.740000000000000213e+00,3.927999999999999936e+00,1.005799999999999983e+01,6.129999999999999893e+00,2.335774197329999993e+02,4.992393587231999845e+02,-3.294851807999800153e-01
8.750000000000000000e+00,3.937999999999999723e+00,1.006799999999999962e+01,6.129999999999999893e+00,2.340924363830000061e+02,4.992186666982000247e+02,-3.332976337999979943e-01
8.753000000000000114e+00,3.940999999999999837e+00,1.007099999999999973e+01,6.129999999999999893e+00,2.342426448116000017e+02,4.992140294581000148e+02,-3.308478424999864442e-01
8.759999999999999787e+00,3.934538461538461540e+00,1.005861538461538451e+01,6.124076923076922974e+00,2.345931311450000010e+02,4.992032092311999918e+02,-3.251316627999599751e-01
8.766000000000000014e+00,3.928999999999999826e+00,1.004800000000000004e+01,6.118999999999999773e+00,2.348852669462000051e+02,4.992126676222000015e+02,-3.275000601999715211e-01
8.769999999999999574e+00,3.928999999999999826e+00,1.004769230769230859e+01,6.118692307692307431e+00,2.350800241469999889e+02,4.992189732162000269e+02,-3.290789917999790148e-01
8.778999999999999915e+00,3.928999999999999826e+00,1.004700000000000060e+01,6.118000000000000327e+00,2.355211549188000220e+02,4.992450500799000110e+02,-3.317728771999665649e-01
8.779999999999999361e+00,3.927076923076923798e+00,1.004592307692307784e+01,6.118846153846154046e+00,2.355701694489999909e+02,4.992479475092000030e+02,-3.320721977999649965e-01
8.789999999999999147e+00,3.907846153846155079e+00,1.003515384615384676e+01,6.127307692307691234e+00,2.360564595110000141e+02,4.992567223671999841e+02,-3.199948987999640115e-01
8.791999999999999815e+00,3.903999999999999915e+00,1.003299999999999947e+01,6.128999999999999559e+00,2.361573967630000368e+02,4.992536828233999699e+02,-3.165616985999641919e-01
8.800000000000000711e+00,3.889714285714283459e+00,1.000614285714285323e+01,6.116428571428569327e+00,2.365611457710000138e+02,4.992415246482000271e+02,-3.028288977999680220e-01
8.805999999999999162e+00,3.879000000000000004e+00,9.986000000000000654e+00,6.107000000000000206e+00,2.368613565029999393e+02,4.992358591103999856e+02,-2.937420663999785742e-01
8.810000000000000497e+00,3.887000000000001787e+00,9.997076923076926747e+00,6.110076923076923627e+00,2.370614969910000127e+02,4.992320820851999770e+02,-2.876841787999819822e-01
8.819000000000000838e+00,3.904999999999999805e+00,1.002200000000000024e+01,6.116999999999999993e+00,2.375191857396000330e+02,4.992365614031999712e+02,-2.920981945999786555e-01
8.820000000000000284e+00,3.910692307692304581e+00,1.002384615384615252e+01,6.113153846153847937e+00,2.375700400450000132e+02,4.992370591051999895e+02,-2.925886407999779837e-01
8.830000000000000071e+00,3.967615384615380769e+00,1.004230769230769127e+01,6.074692307692310500e+00,2.380828054749999865e+02,4.992382565372000158e+02,-3.014788547999919799e-01
8.832000000000000739e+00,3.979000000000000092e+00,1.004599999999999937e+01,6.067000000000000171e+00,2.381815015050000284e+02,4.992358775892000153e+02,-3.016485071999872591e-01
8.839999999999999858e+00,3.955000000000002292e+00,1.005338461538461381e+01,6.098384615384612850e+00,2.385762856249999970e+02,4.992263617972000134e+02,-3.023271167999679876e-01
8.845000000000000639e+00,3.939999999999999947e+00,1.005799999999999983e+01,6.118000000000000327e+00,2.388250378180000553e+02,4.992290324687000407e+02,-3.057812247999716071e-01
8.849999999999999645e+00,3.930384615384617142e+00,1.005799999999999983e+01,6.127615384615382688e+00,2.390737900109999998e+02,4.992317031402000111e+02,-3.092353327999740054e-01
8.858000000000000540e+00,3.915000000000000036e+00,1.005799999999999983e+01,6.142999999999999794e+00,2.394647922718000359e+02,4.992603657433999729e+02,-3.292496048000038700e-01
8.859999999999999432e+00,3.916999999999998927e+00,1.005969230769230727e+01,6.142692307692307452e+00,2.395625428369999952e+02,4.992675313941999775e+02,-3.342531728000079916e-01
8.869999999999999218e+00,3.926999999999998714e+00,1.006815384615384623e+01,6.141153846153846629e+00,2.400665241910000134e+02,4.992822358742000119e+02,-3.471930207999839868e-01
8.871000000000000441e+00,3.927999999999999936e+00,1.006900000000000084e+01,6.141000000000000014e+00,2.401161229570000728e+02,4.992801627968000275e+02,-3.462746672999816311e-01
8.880000000000000782e+00,3.927999999999999936e+00,1.006207692307692270e+01,6.134076923076922760e+00,2.405625118510000107e+02,4.992615051001999973e+02,-3.380094857999699776e-01
8.884000000000000341e+00,3.927999999999999936e+00,1.005899999999999928e+01,6.131000000000000227e+00,2.407660073517999990e+02,4.992551051629999961e+02,-3.347416161999774986e-01
8.890000000000000568e+00,3.928461538461538449e+00,1.005299999999999905e+01,6.124538461538461043e+00,2.410712506030000100e+02,4.992455052572000227e+02,-3.298398117999880030e-01
8.897000000000000242e+00,3.928999999999999826e+00,1.004599999999999937e+01,6.116999999999999993e+00,2.414237746209999784e+02,4.992481179827000233e+02,-3.255705803999692227e-01
8.900000000000000355e+00,3.935000000000000053e+00,1.005476923076922979e+01,6.119769230769231072e+00,2.415748563429999933e+02,4.992492377222000073e+02,-3.237409097999610075e-01
8.910000000000000142e+00,3.955000000000000071e+00,1.008399999999999963e+01,6.128999999999999559e+00,2.420749225730000092e+02,4.992447869992000165e+02,-3.086138657999730195e-01
8.919999999999999929e+00,3.944230769230769429e+00,1.009169230769230730e+01,6.147461538461537423e+00,2.425869122930000117e+02,4.992420186321999722e+02,-2.934901047999879942e-01
8.923000000000000043e+00,3.940999999999999837e+00,1.009399999999999942e+01,6.152999999999999581e+00,2.427357432020000090e+02,4.992457195593999586e+02,-2.901700317999802992e-01
8.929999999999999716e+00,3.940999999999999837e+00,1.006815384615384623e+01,6.127153846153847283e+00,2.430830153230000121e+02,4.992543550561999837e+02,-2.824231947999629733e-01
8.935999999999999943e+00,3.940999999999999837e+00,1.004599999999999937e+01,6.105000000000000426e+00,2.433777691270000219e+02,4.992705884906000051e+02,-2.806148853999712589e-01
8.939999999999999503e+00,3.937307692307692619e+00,1.004938461538461425e+01,6.112076923076922519e+00,2.435742716629999904e+02,4.992814107802000194e+02,-2.794093457999770047e-01
8.948999999999999844e+00,3.928999999999999826e+00,1.005700000000000038e+01,6.128000000000000114e+00,2.440150158812000427e+02,4.992984669088000373e+02,-2.775714620999678584e-01
8.949999999999999289e+00,3.930785714285713439e+00,1.005957142857142728e+01,6.128785714285713837e+00,2.440639874610000106e+02,4.993003620342000204e+02,-2.773672527999669901e-01
8.960000000000000853e+00,3.948642857142859786e+00,1.008528571428571752e+01,6.136642857142858176e+00,2.445640576870000018e+02,4.992958478072000048e+02,-2.802401008000099947e-01
8.962999999999999190e+00,3.954000000000000181e+00,1.009299999999999997e+01,6.139000000000000234e+00,2.447143520787999194e+02,4.992897056063000036e+02,-2.798849944000003087e-01
8.970000000000000639e+00,3.959923076923077545e+00,1.009353846153846135e+01,6.133615384615383803e+00,2.450650389930000017e+02,4.992753738042000009e+02,-2.790564127999770050e-01
8.976000000000000867e+00,3.964999999999999858e+00,1.009399999999999942e+01,6.128999999999999559e+00,2.453648590902000137e+02,4.992660291390000111e+02,-2.843567815999862858e-01
8.980000000000000426e+00,3.961615384615384983e+00,1.008969230769230840e+01,6.128076923076922533e+00,2.455647391550000123e+02,4.992597993621999990e+02,-2.878903607999919734e-01
8.989000000000000767e+00,3.954000000000000181e+00,1.008000000000000007e+01,6.126000000000000334e+00,2.460230454800000075e+02,4.992534645538000291e+02,-3.012661445999801901e-01
8.990000000000000213e+00,3.954000000000000181e+00,1.008023076923076999e+01,6.126230769230769369e+00,2.460739684049999880e+02,4.992527606862000198e+02,-3.027523427999779804e-01
9.000000000000000000e+00,3.954000000000000181e+00,1.008253846153846212e+01,6.128538461538461490e+00,2.465586337389999869e+02,4.992373649072000035e+02,-3.015902008000019840e-01
9.002000000000000668e+00,3.954000000000000181e+00,1.008300000000000018e+01,6.128999999999999559e+00,2.466567140046000191e+02,4.992387541356000042e+02,-3.025732898000015325e-01
9.009999999999999787e+00,3.953384615384615497e+00,1.008176923076923082e+01,6.128384615384615763e+00,2.470490350670000055e+02,4.992443110492000073e+02,-3.065056457999980055e-01
9.015000000000000568e+00,3.952999999999999847e+00,1.008099999999999952e+01,6.128000000000000114e+00,2.472957199410000442e+02,4.992568763742000328e+02,-3.109951293000057793e-01
9.019999999999999574e+00,3.938384615384618037e+00,1.007176923076923281e+01,6.133384615384614769e+00,2.475424048149999976e+02,4.992694416992000015e+02,-3.154846128000119987e-01
9.028000000000000469e+00,3.915000000000000036e+00,1.005700000000000038e+01,6.142000000000000348e+00,2.479330360390000578e+02,4.992765245599999844e+02,-3.138226920000046216e-01
9.029999999999999361e+00,3.915000000000000036e+00,1.005852941176470594e+01,6.143529411764705017e+00,2.480306938450000018e+02,4.992782952751999801e+02,-3.134072118000030271e-01
9.039999999999999147e+00,3.915000000000000036e+00,1.006617647058823550e+01,6.151176470588234579e+00,2.485382040110000048e+02,4.992662671851999789e+02,-2.952517587999730075e-01
9.044999999999999929e+00,3.915000000000000036e+00,1.007000000000000028e+01,6.155000000000000249e+00,2.487947271120000039e+02,4.992644034971999645e+02,-2.901880852999779714e-01
9.050000000000000711e+00,3.909999999999999254e+00,1.006884615384615422e+01,6.158846153846154969e+00,2.490512502130000030e+02,4.992625398092000069e+02,-2.851244117999829908e-01
9.057999999999999829e+00,3.902000000000000135e+00,1.006700000000000017e+01,6.165000000000000036e+00,2.494662064897999585e+02,4.992646123804000240e+02,-2.802393822000058266e-01
9.060000000000000497e+00,3.900153846153845638e+00,1.006315384615384545e+01,6.162999999999999368e+00,2.495699455589999900e+02,4.992651305232000141e+02,-2.790181248000109804e-01
9.070000000000000284e+00,3.890923076923076707e+00,1.004392307692307540e+01,6.152999999999999581e+00,2.500639079929999866e+02,4.992623274861999789e+02,-2.658982647999770244e-01
9.070999999999999730e+00,3.890000000000000124e+00,1.004199999999999982e+01,6.152000000000000135e+00,2.501144683305999479e+02,4.992627107212999817e+02,-2.656883679999762493e-01
9.080000000000000071e+00,3.898307692307692918e+00,1.005100000000000016e+01,6.152692307692307239e+00,2.505695113689999971e+02,4.992661598372000071e+02,-2.637992967999679972e-01
9.083999999999999631e+00,3.902000000000000135e+00,1.005499999999999972e+01,6.152999999999999581e+00,2.507698821745999851e+02,4.992723866896000118e+02,-2.649766991999851218e-01
9.089999999999999858e+00,3.919538461538462304e+00,1.006607692307692403e+01,6.146538461538461284e+00,2.510704383830000097e+02,4.992817269682000187e+02,-2.667428028000110030e-01
9.096999999999999531e+00,3.939999999999999947e+00,1.007900000000000063e+01,6.139000000000000234e+00,2.514160771184000112e+02,4.992944165416000146e+02,-2.758107413999939528e-01
9.099999999999999645e+00,3.933999999999999719e+00,1.007623076923077043e+01,6.142230769230769383e+00,2.515642080050000118e+02,4.992998549302000129e+02,-2.796970007999869945e-01
9.109999999999999432e+00,3.914000000000000146e+00,1.006700000000000017e+01,6.152999999999999581e+00,2.520677046330000053e+02,4.993055065152000225e+02,-2.956050368000059936e-01
9.119999999999999218e+00,3.914714285714285591e+00,1.005985714285714394e+01,6.145142857142857906e+00,2.525685171650000029e+02,4.992879923361999772e+02,-3.044318937999639929e-01
9.124000000000000554e+00,3.915000000000000036e+00,1.005700000000000038e+01,6.142000000000000348e+00,2.527726410730000453e+02,4.992776047922000089e+02,-3.059498469999722414e-01
9.130000000000000782e+00,3.908999999999999808e+00,1.005700000000000038e+01,6.148000000000000576e+00,2.530788269349999950e+02,4.992620234761999995e+02,-3.082267767999840036e-01
9.137000000000000455e+00,3.902000000000000135e+00,1.005700000000000038e+01,6.155000000000000249e+00,2.534328897055999903e+02,4.992499679865999838e+02,-3.130055115999866855e-01
9.140000000000000568e+00,3.896230769230768942e+00,1.005100000000000016e+01,6.154769230769231214e+00,2.535846308929999964e+02,4.992448013481999851e+02,-3.150535407999879856e-01
9.150000000000000355e+00,3.876999999999999780e+00,1.003100000000000058e+01,6.153999999999999915e+00,2.540767704589999880e+02,4.992388433451999958e+02,-3.149230397999889797e-01
9.160000000000000142e+00,3.866166666666666973e+00,1.004266666666666552e+01,6.176499999999998991e+00,2.545593522370000130e+02,4.992423948392000170e+02,-3.038281437999639789e-01
9.162000000000000810e+00,3.863999999999999879e+00,1.004499999999999993e+01,6.181000000000000050e+00,2.546562853566000513e+02,4.992463319981999916e+02,-3.022204603999671946e-01
9.169999999999999929e+00,3.871384615384614314e+00,1.006838461538461260e+01,6.196999999999998288e+00,2.550440178350000053e+02,4.992620806342000037e+02,-2.957897267999829993e-01
9.175000000000000711e+00,3.875999999999999890e+00,1.008300000000000018e+01,6.206999999999999851e+00,2.552960917890000587e+02,4.992679706022000232e+02,-2.922544082999793957e-01
9.179999999999999716e+00,3.880999999999998895e+00,1.007761538461538642e+01,6.196615384615386191e+00,2.555481657429999984e+02,4.992738605701999859e+02,-2.887190897999770134e-01
9.188000000000000611e+00,3.888999999999999790e+00,1.006900000000000084e+01,6.179999999999999716e+00,2.559380629190000604e+02,4.992657250198000156e+02,-2.734035521999717555e-01
9.189999999999999503e+00,3.885307692307694349e+00,1.006500000000000306e+01,6.179692307692307374e+00,2.560355372129999978e+02,4.992636911321999946e+02,-2.695746677999730223e-01
9.199999999999999289e+00,3.866846153846156486e+00,1.004500000000000171e+01,6.178153846153846551e+00,2.565391126569999756e+02,4.992504084541999987e+02,-2.594157157999810170e-01
9.201000000000000512e+00,3.865000000000000213e+00,1.004299999999999926e+01,6.177999999999999936e+00,2.565897301702000277e+02,4.992497904988999835e+02,-2.600022791999845317e-01
9.210000000000000853e+00,3.891307692307693689e+00,1.005269230769230759e+01,6.161384615384614349e+00,2.570452877889999854e+02,4.992442289012000174e+02,-2.652813498000100023e-01
9.214000000000000412e+00,3.903000000000000025e+00,1.005700000000000038e+01,6.153999999999999915e+00,2.572455664929999557e+02,4.992380332136000334e+02,-2.656149398000007822e-01
9.220000000000000639e+00,3.896538461538461284e+00,1.006161538461538463e+01,6.165076923076923343e+00,2.575459845490000248e+02,4.992287396822000005e+02,-2.661153247999870075e-01
9.227000000000000313e+00,3.888999999999999790e+00,1.006700000000000017e+01,6.177999999999999936e+00,2.579002673982000147e+02,4.992251103831000023e+02,-2.709237388999903851e-01
9.230000000000000426e+00,3.891999999999999904e+00,1.006700000000000017e+01,6.174999999999999822e+00,2.580521029050000266e+02,4.992235549691999950e+02,-2.729844877999920150e-01
9.240000000000000213e+00,3.902000000000000135e+00,1.006700000000000017e+01,6.165000000000000036e+00,2.585488124269999730e+02,4.992428240721999941e+02,-2.939421098000060129e-01
9.250000000000000000e+00,3.911999999999999922e+00,1.005700000000000038e+01,6.145000000000000462e+00,2.590524529030000167e+02,4.992635011201999760e+02,-3.119031377999790244e-01
9.253000000000000114e+00,3.915000000000000036e+00,1.005400000000000027e+01,6.139000000000000234e+00,2.591998903126000187e+02,4.992652962016999822e+02,-3.151766936999860769e-01
9.259999999999999787e+00,3.895999999999999908e+00,1.004899999999999949e+01,6.153000000000000469e+00,2.595439109349999853e+02,4.992694847252000159e+02,-3.228149908000019774e-01
9.266999999999999460e+00,3.876999999999999780e+00,1.004400000000000048e+01,6.166999999999999815e+00,2.599046035469999651e+02,4.992641130078000060e+02,-3.290158406999724172e-01
9.269999999999999574e+00,3.879769230769230859e+00,1.004676923076923067e+01,6.166999999999999815e+00,2.600591860949999727e+02,4.992618108432000099e+02,-3.316733477999599944e-01
9.279999999999999361e+00,3.888999999999999790e+00,1.005599999999999916e+01,6.166999999999999815e+00,2.605637612450000233e+02,4.992485639962000050e+02,-3.275143387999990274e-01
9.289999999999999147e+00,3.888999999999999790e+00,1.006523076923076943e+01,6.176230769230769191e+00,2.610580111109999848e+02,4.992407303112000250e+02,-3.253767377999889909e-01
9.292999999999999261e+00,3.888999999999999790e+00,1.006799999999999962e+01,6.179000000000000270e+00,2.612127217109999719e+02,4.992414477591000264e+02,-3.259448561999916394e-01
9.300000000000000711e+00,3.910000000000004583e+00,1.010246153846154549e+01,6.192461538461540904e+00,2.615737131110000178e+02,4.992431218041999728e+02,-3.272704657999980227e-01
9.305999999999999162e+00,3.927999999999999936e+00,1.013199999999999967e+01,6.203999999999999737e+00,2.618701599013999726e+02,4.992402271227999790e+02,-3.235942825999820749e-01
9.310000000000000497e+00,3.927999999999999936e+00,1.012769230769230688e+01,6.199692307692306947e+00,2.620677910950000182e+02,4.992382973352000022e+02,-3.211434937999699812e-01
9.319000000000000838e+00,3.927999999999999936e+00,1.011800000000000033e+01,6.190000000000000391e+00,2.625144619482000508e+02,4.992304891881000231e+02,-3.084164983999593268e-01
9.320000000000000284e+00,3.927000000000000490e+00,1.011807692307692363e+01,6.191076923076923144e+00,2.625640920430000165e+02,4.992296216162000064e+02,-3.070023877999589756e-01
9.330000000000000071e+00,3.917000000000000703e+00,1.011884615384615316e+01,6.201846153846153342e+00,2.630438236570000186e+02,4.992480099361999919e+02,-3.029605167999970261e-01
9.332000000000000739e+00,3.915000000000000036e+00,1.011899999999999977e+01,6.203999999999999737e+00,2.631429084446000388e+02,4.992528577809999888e+02,-3.051555923999911824e-01
9.339999999999999858e+00,3.922384615384614470e+00,1.013438461538461333e+01,6.211999999999998856e+00,2.635392475950000062e+02,4.992722491601999764e+02,-3.139358947999639771e-01
9.345000000000000639e+00,3.927000000000000046e+00,1.014400000000000013e+01,6.216999999999999638e+00,2.637874847870000394e+02,4.992663943446999610e+02,-3.123600062999711824e-01
9.349999999999999645e+00,3.922384615384616247e+00,1.014400000000000013e+01,6.221615384615383881e+00,2.640357219790000158e+02,4.992605395292000026e+02,-3.107841177999789983e-01
9.358000000000000540e+00,3.915000000000000036e+00,1.014400000000000013e+01,6.229000000000000092e+00,2.644393133294000791e+02,4.992371116971999641e+02,-3.090116697999707451e-01
9.359999999999999432e+00,3.911000000000002252e+00,1.014184615384615462e+01,6.230846153846153257e+00,2.645402111669999954e+02,4.992312547391999829e+02,-3.085685577999690010e-01
9.369999999999999218e+00,3.891000000000002235e+00,1.013107692307692531e+01,6.240076923076921744e+00,2.650579976110000189e+02,4.992146848471999760e+02,-3.243950157999889727e-01
9.371000000000000441e+00,3.888999999999999790e+00,1.013000000000000078e+01,6.240999999999999659e+00,2.651071234184000787e+02,4.992138790869999525e+02,-3.256812529999880690e-01
9.380000000000000782e+00,3.853692307692305974e+00,1.011338461538461431e+01,6.259692307692308333e+00,2.655492556849999914e+02,4.992066272452000248e+02,-3.372573877999660019e-01
9.384000000000000341e+00,3.838000000000000078e+00,1.010599999999999987e+01,6.267999999999999794e+00,2.657520344233999481e+02,4.992057671452000136e+02,-3.420092745999659956e-01
9.390000000000000568e+00,3.820923076923076422e+00,1.009907692307692173e+01,6.278153846153846196e+00,2.660562025309999967e+02,4.992044769952000252e+02,-3.491371047999670130e-01
9.397000000000000242e+00,3.801000000000000156e+00,1.009099999999999930e+01,6.290000000000000036e+00,2.664057345613999814e+02,4.992103774890999830e+02,-3.581802248999898519e-01
9.400000000000000355e+00,3.794999999999999929e+00,1.008269230769230695e+01,6.287692307692307914e+00,2.665555340029999911e+02,4.992129062721999730e+02,-3.620558477999999969e-01
9.410000000000000142e+00,3.774999999999999911e+00,1.005499999999999972e+01,6.280000000000000249e+00,2.670508699810000053e+02,4.992211393051999835e+02,-3.659747287999620124e-01
9.419999999999999929e+00,3.783571428571428807e+00,1.008071428571428640e+01,6.297142857142858041e+00,2.675440934389999939e+02,4.992312833002000048e+02,-3.619007698000000217e-01
9.423999999999999488e+00,3.786999999999999922e+00,1.009099999999999930e+01,6.304000000000000270e+00,2.677410515149999810e+02,4.992341257017999965e+02,-3.586669621999846735e-01
9.429999999999999716e+00,3.805000000000000604e+00,1.011546153846154006e+01,6.310461538461538566e+00,2.680364886290000186e+02,4.992383893041999841e+02,-3.538162507999609852e-01
9.436999999999999389e+00,3.826000000000000068e+00,1.014400000000000013e+01,6.317999999999999616e+00,2.683856371013999933e+02,4.992387207780000153e+02,-3.453396945999611667e-01
9.439999999999999503e+00,3.834769230769231374e+00,1.015230769230769248e+01,6.317538461538461547e+00,2.685352721610000231e+02,4.992388628382000206e+02,-3.417068847999609749e-01
9.449999999999999289e+00,3.863999999999999879e+00,1.017999999999999972e+01,6.315999999999999837e+00,2.690346811169999910e+02,4.992283790202000091e+02,-3.225586758000120180e-01
9.460000000000000853e+00,3.884833333333335581e+00,1.018083333333333229e+01,6.295999999999997598e+00,2.695337498609999898e+02,4.992238571862000072e+02,-3.114316287999879806e-01
9.461999999999999744e+00,3.888999999999999790e+00,1.018099999999999916e+01,6.291999999999999815e+00,2.696332958037999106e+02,4.992241352276000157e+02,-3.104104583999895417e-01
9.470000000000000639e+00,3.866846153846151157e+00,1.015823076923076584e+01,6.291384615384615131e+00,2.700314795749999917e+02,4.992252473931999930e+02,-3.063257767999930103e-01
9.474999999999999645e+00,3.853000000000000203e+00,1.014400000000000013e+01,6.291000000000000369e+00,2.702752676199999655e+02,4.992271462336999548e+02,-3.062782432999930360e-01
9.480000000000000426e+00,3.842999999999998639e+00,1.013861538461538458e+01,6.295615384615385501e+00,2.705190556649999962e+02,4.992290450741999734e+02,-3.062307097999930061e-01
9.487999999999999545e+00,3.826999999999999957e+00,1.013000000000000078e+01,6.302999999999999936e+00,2.709191378585999814e+02,4.992390175829999635e+02,-3.197769801999886252e-01
9.490000000000000213e+00,3.824846153846153118e+00,1.012584615384615283e+01,6.300999999999999268e+00,2.710191584070000204e+02,4.992415107101999752e+02,-3.231635477999890149e-01
9.500000000000000000e+00,3.814076923076922476e+00,1.010507692307692196e+01,6.290999999999999481e+00,2.715184346570000002e+02,4.992509101311999871e+02,-3.440857778000029898e-01
9.500999999999999446e+00,3.813000000000000167e+00,1.010299999999999976e+01,6.290000000000000036e+00,2.715680539071999533e+02,4.992502334129000019e+02,-3.451723591999992236e-01
9.509999999999999787e+00,3.795692307692307033e+00,1.008707692307692305e+01,6.291384615384615131e+00,2.720146271589999856e+02,4.992441429482000217e+02,-3.549515917999709891e-01
9.513999999999999346e+00,3.787999999999999812e+00,1.008000000000000007e+01,6.291999999999999815e+00,2.722166979509999578e+02,4.992416469162000112e+02,-3.576978513999727327e-01
9.519999999999999574e+00,3.764461538461537415e+00,1.006199999999999939e+01,6.297538461538461974e+00,2.725198041389999730e+02,4.992379028682000239e+02,-3.618172407999760143e-01
9.526999999999999247e+00,3.737000000000000099e+00,1.004100000000000037e+01,6.304000000000000270e+00,2.728706328885999710e+02,4.992333702757999845e+02,-3.680232454999863290e-01
9.529999999999999361e+00,3.746000000000000441e+00,1.004723076923077052e+01,6.301230769230769191e+00,2.730209880670000189e+02,4.992314277361999757e+02,-3.706829617999909954e-01
9.539999999999999147e+00,3.775999999999999801e+00,1.006799999999999962e+01,6.291999999999999815e+00,2.735338358650000146e+02,4.992136344571999871e+02,-3.695060918000149797e-01
9.550000000000000711e+00,3.814461538461539458e+00,1.009569230769230863e+01,6.281230769230768729e+00,2.740279964389999918e+02,4.991898157492000223e+02,-3.543120297999710067e-01
9.553000000000000824e+00,3.826000000000000068e+00,1.010399999999999920e+01,6.277999999999999581e+00,2.741786327647999997e+02,4.991882099293000010e+02,-3.512728344999735408e-01
9.560000000000000497e+00,3.826000000000000068e+00,1.010449999999999982e+01,6.278499999999999304e+00,2.745301175249999801e+02,4.991844630162000271e+02,-3.441813787999800089e-01
9.567000000000000171e+00,3.826000000000000068e+00,1.010500000000000043e+01,6.278999999999999915e+00,2.748731966305999777e+02,4.991928566476000242e+02,-3.371346257999864870e-01
9.570000000000000284e+00,3.834769230769231374e+00,1.010823076923077046e+01,6.273461538461537756e+00,2.750202305330000172e+02,4.991964539182000067e+02,-3.341145887999890096e-01
9.580000000000000071e+00,3.863999999999999879e+00,1.011899999999999977e+01,6.254999999999999893e+00,2.754947981729999924e+02,4.992175699872000223e+02,-3.250834577999749953e-01
9.589999999999999858e+00,3.883230769230768598e+00,1.013746153846153852e+01,6.254230769230768594e+00,2.759965510129999871e+02,4.992362139172000184e+02,-3.210375898000120132e-01
9.592999999999999972e+00,3.888999999999999790e+00,1.014300000000000068e+01,6.253999999999999559e+00,2.761435249945999999e+02,4.992355977673000211e+02,-3.189027067000103632e-01
9.599999999999999645e+00,3.862076923076923851e+00,1.011661538461538612e+01,6.254538461538460936e+00,2.764864642850000109e+02,4.992341600842000275e+02,-3.139213128000070130e-01
9.605999999999999872e+00,3.838999999999999968e+00,1.009399999999999942e+01,6.254999999999999893e+00,2.767944986642000345e+02,4.992283062490000134e+02,-3.144321389999926719e-01
9.609999999999999432e+00,3.823307692307693628e+00,1.008230769230769219e+01,6.258999999999999453e+00,2.769998549169999933e+02,4.992244036921999850e+02,-3.147726897999830187e-01
9.618999999999999773e+00,3.787999999999999812e+00,1.005599999999999916e+01,6.267999999999999794e+00,2.774597519236000380e+02,4.992217846579999900e+02,-3.227611941999978806e-01
9.619999999999999218e+00,3.791923076923074731e+00,1.005861538461538274e+01,6.266692307692308006e+00,2.775108515910000051e+02,4.992214936542000032e+02,-3.236488057999989953e-01
9.630000000000000782e+00,3.831153846153850573e+00,1.008476923076923271e+01,6.253615384615383022e+00,2.780238465670000210e+02,4.992186729182000136e+02,-3.395248377999610101e-01
9.631999999999999673e+00,3.838999999999999968e+00,1.008999999999999986e+01,6.251000000000000334e+00,2.781267475225999419e+02,4.992163280476000295e+02,-3.412936853999628539e-01
9.640000000000000568e+00,3.862384615384617970e+00,1.010661538461538633e+01,6.244230769230768807e+00,2.785383513450000237e+02,4.992069485651999798e+02,-3.483690757999750032e-01
9.644999999999999574e+00,3.876999999999999780e+00,1.011700000000000088e+01,6.240000000000000213e+00,2.787850630319999823e+02,4.992014986152000233e+02,-3.492949712999798284e-01
9.650000000000000355e+00,3.861999999999997435e+00,1.009738461538461252e+01,6.235384615384615081e+00,2.790317747189999977e+02,4.991960486652000100e+02,-3.502208667999849867e-01
9.657999999999999474e+00,3.838000000000000078e+00,1.006600000000000072e+01,6.227999999999999758e+00,2.794367390613999760e+02,4.992047171372000207e+02,-3.581614139999770852e-01
9.660000000000000142e+00,3.840153846153846917e+00,1.006630769230769218e+01,6.226153846153845706e+00,2.795379801469999848e+02,4.992068842552000092e+02,-3.601465507999759841e-01
9.669999999999999929e+00,3.850923076923077559e+00,1.006784615384615300e+01,6.216923076923076330e+00,2.800238747750000243e+02,4.992225912412000071e+02,-3.640939007999949850e-01
9.670999999999999375e+00,3.851999999999999869e+00,1.006799999999999962e+01,6.216000000000000192e+00,2.800732313195999836e+02,4.992230066198999907e+02,-3.636843838999933021e-01
9.679999999999999716e+00,3.887307692307693685e+00,1.010053846153846280e+01,6.213230769230769113e+00,2.805174402210000153e+02,4.992267450282000141e+02,-3.599987317999759906e-01
9.683999999999999275e+00,3.903000000000000025e+00,1.011500000000000021e+01,6.211999999999999744e+00,2.807144545761999552e+02,4.992215833309999766e+02,-3.551366621999760276e-01
9.689999999999999503e+00,3.920076923076923681e+00,1.012284615384615449e+01,6.202769230769230369e+00,2.810099761089999788e+02,4.992138407851999773e+02,-3.478435577999750006e-01
9.696999999999999176e+00,3.939999999999999947e+00,1.013199999999999967e+01,6.192000000000000171e+00,2.813559280985999749e+02,4.991964737712000328e+02,-3.358052482999780985e-01
9.699999999999999289e+00,3.939999999999999947e+00,1.013153846153846160e+01,6.191538461538462101e+00,2.815041932369999813e+02,4.991890307652000160e+02,-3.306459727999789822e-01
9.710000000000000853e+00,3.939999999999999947e+00,1.013000000000000078e+01,6.190000000000000391e+00,2.820097652069999867e+02,4.991758656132000169e+02,-3.194869848000119750e-01
9.720000000000000639e+00,3.950769230769230589e+00,1.014076923076923009e+01,6.190000000000000391e+00,2.825086647329999892e+02,4.991743106591999890e+02,-3.163704947999689820e-01
9.723000000000000753e+00,3.954000000000000181e+00,1.014400000000000013e+01,6.190000000000000391e+00,2.826635719157999915e+02,4.991768475612000202e+02,-3.154449788999734161e-01
9.730000000000000426e+00,3.947000000000000064e+00,1.013050000000000139e+01,6.183500000000000441e+00,2.830250220089999971e+02,4.991827669991999983e+02,-3.132854417999840213e-01
9.737000000000000099e+00,3.939999999999999947e+00,1.011700000000000088e+01,6.176999999999999602e+00,2.833780053417999625e+02,4.991896152392000090e+02,-3.083310468999799214e-01
9.740000000000000213e+00,3.925230769230768413e+00,1.009692307692307622e+01,6.171692307692307367e+00,2.835292839129999720e+02,4.991925501992000136e+02,-3.062077347999779819e-01
9.750000000000000000e+00,3.875999999999999890e+00,1.002999999999999936e+01,6.153999999999999915e+00,2.840237662530000193e+02,4.992157375841999851e+02,-3.161796047999699821e-01
9.759999999999999787e+00,3.875999999999999890e+00,1.001750000000000185e+01,6.141500000000000625e+00,2.845335681889999933e+02,4.992337579942000048e+02,-3.351298957999759853e-01
9.762000000000000455e+00,3.875999999999999890e+00,1.001500000000000057e+01,6.139000000000000234e+00,2.846338845498000296e+02,4.992310687806000260e+02,-3.358980969999798560e-01
9.769999999999999574e+00,3.875999999999999890e+00,1.001500000000000057e+01,6.139000000000000234e+00,2.850351499930000045e+02,4.992203119261999973e+02,-3.389709017999940066e-01
9.775000000000000355e+00,3.875999999999999890e+00,1.001500000000000057e+01,6.139000000000000234e+00,2.852876662260000558e+02,4.992096844467000096e+02,-3.398772392999991343e-01
9.779999999999999361e+00,3.885615384615382695e+00,1.003423076923076529e+01,6.148615384615382595e+00,2.855401824589999933e+02,4.991990569672000220e+02,-3.407835768000039844e-01
9.788000000000000256e+00,3.900999999999999801e+00,1.006499999999999950e+01,6.163999999999999702e+00,2.859446430542000712e+02,4.991884768648000090e+02,-3.454563047999821834e-01
9.789999999999999147e+00,3.897153846153848189e+00,1.006100000000000172e+01,6.163846153846153975e+00,2.860457582029999912e+02,4.991858318391999774e+02,-3.466244867999759838e-01
9.800000000000000711e+00,3.877923076923075918e+00,1.004099999999999859e+01,6.163076923076923563e+00,2.865380685409999728e+02,4.991768822601999887e+02,-3.454833867999990149e-01
9.801000000000000156e+00,3.875999999999999890e+00,1.003899999999999970e+01,6.163000000000000256e+00,2.865872052595999548e+02,4.991758845879999740e+02,-3.445689301999980136e-01
9.810000000000000497e+00,3.866999999999999549e+00,1.003138461538461534e+01,6.164384615384615351e+00,2.870294357270000205e+02,4.991669055382000124e+02,-3.363388207999840063e-01
9.814000000000000057e+00,3.862999999999999989e+00,1.002800000000000047e+01,6.165000000000000036e+00,2.872214982038000244e+02,4.991642670873999919e+02,-3.310867523999936890e-01
9.820000000000000284e+00,3.886538461538462830e+00,1.004600000000000115e+01,6.159461538461537877e+00,2.875095919190000018e+02,4.991603094111999894e+02,-3.232086498000070196e-01
9.826999999999999957e+00,3.914000000000000146e+00,1.006700000000000017e+01,6.152999999999999581e+00,2.878504153110000061e+02,4.991713713663000362e+02,-3.182718263000043346e-01
9.830000000000000071e+00,3.920000000000000373e+00,1.007346153846153847e+01,6.153461538461538538e+00,2.879964824790000080e+02,4.991761122042000238e+02,-3.161560448000029777e-01
9.839999999999999858e+00,3.939999999999999947e+00,1.009500000000000064e+01,6.155000000000000249e+00,2.884921876330000146e+02,4.991954195641999945e+02,-3.101138497999739729e-01
9.849999999999999645e+00,3.949285714285714288e+00,1.009571428571428520e+01,6.146428571428571352e+00,2.889915144430000282e+02,4.992039229292000186e+02,-3.020327187999929941e-01
9.853999999999999204e+00,3.952999999999999847e+00,1.009600000000000009e+01,6.142999999999999794e+00,2.891973727390000022e+02,4.992052617187999886e+02,-3.011916419999890460e-01
9.859999999999999432e+00,3.941461538461539238e+00,1.010153846153846047e+01,6.160076923076921673e+00,2.895061601830000200e+02,4.992072699031999718e+02,-2.999300267999829850e-01
9.867000000000000881e+00,3.927999999999999936e+00,1.010800000000000054e+01,6.179999999999999716e+00,2.898631968714000777e+02,4.992045262245000004e+02,-2.970409027999690310e-01
9.869999999999999218e+00,3.922000000000003261e+00,1.010430769230769421e+01,6.182307692307690949e+00,2.900162125950000132e+02,4.992033503622000126e+02,-2.958027067999640103e-01
9.880000000000000782e+00,3.902000000000000135e+00,1.009200000000000053e+01,6.190000000000000391e+00,2.905295464509999874e+02,4.991945888102000026e+02,-2.976576127999729926e-01
9.890000000000000568e+00,3.862769230769231399e+00,1.005353846153846220e+01,6.190769230769230802e+00,2.910469895749999978e+02,4.991840302941999994e+02,-3.075053167999640125e-01
9.893000000000000682e+00,3.850999999999999979e+00,1.004199999999999982e+01,6.190999999999999837e+00,2.911983800186000053e+02,4.991797440289000178e+02,-3.098565319999755374e-01
9.900000000000000355e+00,3.851538461538461355e+00,1.004846153846153811e+01,6.196923076923076756e+00,2.915516243870000039e+02,4.991697427432000040e+02,-3.153427008000019849e-01
9.906000000000000583e+00,3.851999999999999869e+00,1.005400000000000027e+01,6.201999999999999957e+00,2.918558261606000315e+02,4.991678620396000383e+02,-3.200684243999920575e-01
9.910000000000000142e+00,3.859384615384614303e+00,1.007246153846153724e+01,6.213076923076921609e+00,2.920586273430000119e+02,4.991666082372000233e+02,-3.232189067999849952e-01
9.919000000000000483e+00,3.875999999999999890e+00,1.011400000000000077e+01,6.238000000000000433e+00,2.924887967124000170e+02,4.991794165494000026e+02,-3.321684590999774422e-01
9.919999999999999929e+00,3.877999999999998781e+00,1.011707692307692241e+01,6.239076923076923187e+00,2.925365933090000112e+02,4.991808396952000066e+02,-3.331628537999760109e-01
9.929999999999999716e+00,3.897999999999998799e+00,1.014784615384615130e+01,6.249846153846153385e+00,2.930219459909999955e+02,4.991884956822000277e+02,-3.390819328000029831e-01
9.932000000000000384e+00,3.902000000000000135e+00,1.015399999999999991e+01,6.251999999999999780e+00,2.931192551642000126e+02,4.991858457292000253e+02,-3.368509219999976101e-01
9.939999999999999503e+00,3.894000000000000572e+00,1.015461538461538460e+01,6.260615384615383583e+00,2.935084918570000241e+02,4.991752459172000158e+02,-3.279268787999800039e-01
9.945000000000000284e+00,3.888999999999999790e+00,1.015499999999999936e+01,6.266000000000000014e+00,2.937568705450000266e+02,4.991669110577000197e+02,-3.218421797999784228e-01
9.949999999999999289e+00,3.898615384615382595e+00,1.016884615384615032e+01,6.270230769230768608e+00,2.940052492329999723e+02,4.991585761982000236e+02,-3.157574807999790067e-01
9.958000000000000185e+00,3.914000000000000146e+00,1.019100000000000072e+01,6.277000000000000135e+00,2.944149799353999697e+02,4.991539315525999996e+02,-3.132499303999911056e-01
9.960000000000000853e+00,3.920000000000002149e+00,1.019361538461538608e+01,6.273615384615383483e+00,2.945174126109999975e+02,4.991527703912000220e+02,-3.126230427999939776e-01
9.970000000000000639e+00,3.950000000000001510e+00,1.020669230769230929e+01,6.256692307692306443e+00,2.950164802450000252e+02,4.991482661971999732e+02,-2.964960257999729731e-01
9.971000000000000085e+00,3.952999999999999847e+00,1.020800000000000018e+01,6.254999999999999893e+00,2.950671289315999957e+02,4.991488562169999454e+02,-2.958868362999761970e-01
9.980000000000000426e+00,3.909384615384613237e+00,1.018030769230769117e+01,6.270923076923077488e+00,2.955229671110000140e+02,4.991541663951999794e+02,-2.904041308000019916e-01
9.983999999999999986e+00,3.890000000000000124e+00,1.016799999999999926e+01,6.277999999999999581e+00,2.957210325717999808e+02,4.991586661171999708e+02,-2.895759395999980557e-01
9.990000000000000213e+00,3.884461538461538410e+00,1.017353846153846142e+01,6.289076923076923009e+00,2.960181307629999878e+02,4.991654157002000147e+02,-2.883336527999920129e-01
9.996999999999999886e+00,3.878000000000000114e+00,1.017999999999999972e+01,6.301999999999999602e+00,2.963640070252000100e+02,4.991739417631999913e+02,-2.889867947999759101e-01
1.000000000000000000e+01,3.875000000000000000e+00,1.017721428571428532e+01,6.302214285714285325e+00,2.965122397090000277e+02,4.991775957901999732e+02,-2.892667127999690169e-01
1.000999999999999979e+01,3.864999999999999325e+00,1.016792857142857009e+01,6.302928571428571658e+00,2.970105127009999819e+02,4.991870158282000034e+02,-2.881890957999920233e-01
1.001099999999999923e+01,3.863999999999999879e+00,1.016699999999999982e+01,6.302999999999999936e+00,2.970598466017999613e+02,4.991878280844999836e+02,-2.884809886999904482e-01
1.001999999999999957e+01,3.828692307692306063e+00,1.013999999999999879e+01,6.311307692307693173e+00,2.975038517090000028e+02,4.991951383911999756e+02,-2.911080247999779935e-01
1.002399999999999913e+01,3.813000000000000167e+00,1.012800000000000011e+01,6.315000000000000391e+00,2.977061165689999598e+02,4.991962606948000030e+02,-2.934670043999894062e-01
1.002999999999999936e+01,3.813000000000000167e+00,1.011917647058823633e+01,6.306176470588235716e+00,2.980095138589999806e+02,4.991979441501999872e+02,-2.970054738000070249e-01
1.003999999999999915e+01,3.813000000000000167e+00,1.010447058823529609e+01,6.291470588235295480e+00,2.985014260990000139e+02,4.991959690351999939e+02,-2.998890947999929835e-01
1.004100000000000037e+01,3.813000000000000167e+00,1.010299999999999976e+01,6.290000000000000036e+00,2.985511563642000397e+02,4.991951018711999950e+02,-2.999749730999907715e-01
1.005000000000000071e+01,3.839470588235295967e+00,1.014747058823529713e+01,6.308000000000001606e+00,2.989987287509999874e+02,4.991872973952000052e+02,-3.007478777999699759e-01
1.005799999999999983e+01,3.862999999999999989e+00,1.018699999999999939e+01,6.323999999999999844e+00,2.994022066549999863e+02,4.991798918727999990e+02,-2.982319777999813959e-01
1.006000000000000050e+01,3.867000000000001325e+00,1.019315384615384801e+01,6.326153846153847127e+00,2.995030761310000003e+02,4.991780404922000116e+02,-2.976030027999839733e-01
1.007000000000000028e+01,3.887000000000000899e+00,1.022392307692307867e+01,6.336923076923077325e+00,3.000037136729999929e+02,4.991635849212000267e+02,-2.884405727999689861e-01
1.007099999999999973e+01,3.888999999999999790e+00,1.022700000000000031e+01,6.338000000000000078e+00,3.000545192615999781e+02,4.991631812145000140e+02,-2.881278443999705785e-01
1.008000000000000007e+01,3.876500000000000057e+00,1.022100000000000009e+01,6.344500000000000028e+00,3.005117695590000153e+02,4.991595478542000137e+02,-2.853132887999830225e-01
1.008900000000000041e+01,3.863999999999999879e+00,1.021499999999999986e+01,6.350999999999999979e+00,3.009614225766000573e+02,4.991626701243000070e+02,-2.888242986000003065e-01
1.008999999999999986e+01,3.864083333333333314e+00,1.021624999999999872e+01,6.352166666666666295e+00,3.010113840230000051e+02,4.991630170432000000e+02,-2.892144108000019864e-01
1.009999999999999964e+01,3.864916666666666778e+00,1.022874999999999801e+01,6.363833333333332121e+00,3.015036355870000193e+02,4.991550940562000278e+02,-2.800768937999870145e-01
1.010100000000000087e+01,3.865000000000000213e+00,1.023000000000000043e+01,6.365000000000000213e+00,3.015536650092000741e+02,4.991542496367000012e+02,-2.785627753999866396e-01
1.010999999999999943e+01,3.873307692307690786e+00,1.023069230769230842e+01,6.357384615384616744e+00,3.020039298089999988e+02,4.991466498611999896e+02,-2.649357098000019728e-01
1.011400000000000077e+01,3.876999999999999780e+00,1.023099999999999987e+01,6.354000000000000092e+00,3.022011280842000929e+02,4.991523034368000253e+02,-2.637117797999839475e-01
1.011999999999999922e+01,3.871000000000001329e+00,1.021300000000000452e+01,6.342000000000003190e+00,3.024969254970000065e+02,4.991607838002000221e+02,-2.618758847999579920e-01
1.012700000000000067e+01,3.863999999999999879e+00,1.019200000000000017e+01,6.328000000000000291e+00,3.028531260242000371e+02,4.991726889655000150e+02,-2.667386790999617396e-01
1.013000000000000078e+01,3.861230769230768800e+00,1.018923076923076998e+01,6.328000000000000291e+00,3.030057833930000015e+02,4.991777911792000282e+02,-2.688227337999630207e-01
1.014000000000000057e+01,3.851999999999999869e+00,1.017999999999999972e+01,6.328000000000000291e+00,3.035198856330000012e+02,4.991731118501999731e+02,-2.616918127999590116e-01
1.015000000000000036e+01,3.841285714285714192e+00,1.015928571428571381e+01,6.317999999999999616e+00,3.040259131430000252e+02,4.991519668102000082e+02,-2.485045567999820126e-01
1.015399999999999991e+01,3.837000000000000188e+00,1.015099999999999980e+01,6.314000000000000057e+00,3.042242979701999843e+02,4.991508728489999953e+02,-2.484565647999815996e-01
1.016000000000000014e+01,3.824999999999999734e+00,1.014361538461538359e+01,6.318615384615385189e+00,3.045218752110000082e+02,4.991492319071999759e+02,-2.483845767999809939e-01
1.016699999999999982e+01,3.810999999999999943e+00,1.013499999999999979e+01,6.323999999999999844e+00,3.048604447541999889e+02,4.991629325507999511e+02,-2.539576323999675478e-01
1.016999999999999993e+01,3.809058823529411608e+00,1.013499999999999979e+01,6.325941176470588623e+00,3.050055459870000050e+02,4.991688042551999729e+02,-2.563460847999620151e-01
1.017999999999999972e+01,3.802588235294117158e+00,1.013499999999999979e+01,6.332411764705882185e+00,3.054969194309999807e+02,4.991938138511999909e+02,-2.673250817999869855e-01
1.018399999999999928e+01,3.799999999999999822e+00,1.013499999999999979e+01,6.334999999999999964e+00,3.056961031349999871e+02,4.991927626667999789e+02,-2.680770681999909422e-01
1.018999999999999950e+01,3.817076923076923922e+00,1.015807692307692456e+01,6.341000000000000192e+00,3.059948786909999967e+02,4.991911858902000176e+02,-2.692050477999969882e-01
1.019699999999999918e+01,3.837000000000000188e+00,1.018500000000000050e+01,6.347999999999999865e+00,3.063448661217999529e+02,4.991768240672000161e+02,-2.655764977000005800e-01
1.019999999999999929e+01,3.848769230769229832e+00,1.019446153846153891e+01,6.345692307692307743e+00,3.064948607349999747e+02,4.991706690002000073e+02,-2.640214048000020242e-01
1.021000000000000085e+01,3.887999999999999901e+00,1.022600000000000087e+01,6.338000000000000078e+00,3.069972120329999825e+02,4.991612875152000015e+02,-2.638765538000020228e-01
1.022000000000000064e+01,3.868769230769231182e+00,1.021830769230769143e+01,6.349538461538461576e+00,3.074957980489999727e+02,4.991476810341999908e+02,-2.647176407999770054e-01
1.022300000000000075e+01,3.862999999999999989e+00,1.021599999999999930e+01,6.352999999999999758e+00,3.076479406789999871e+02,4.991407450171000164e+02,-2.637593186999814265e-01
1.023000000000000043e+01,3.843076923076923723e+00,1.019553846153846166e+01,6.352461538461538382e+00,3.080029401489999827e+02,4.991245609772000194e+02,-2.615232337999919832e-01
1.023600000000000065e+01,3.826000000000000068e+00,1.017800000000000082e+01,6.352000000000000313e+00,3.083077541709999991e+02,4.991119508191999898e+02,-2.512108693999932085e-01
1.024000000000000021e+01,3.829692307692307285e+00,1.018538461538461526e+01,6.355692307692307530e+00,3.085109635189999722e+02,4.991035440471999891e+02,-2.443359597999950061e-01
1.024900000000000055e+01,3.838000000000000078e+00,1.020199999999999996e+01,6.363999999999999879e+00,3.089516556398000375e+02,4.991215114077999715e+02,-2.389012791999694796e-01
1.025000000000000000e+01,3.838000000000000078e+00,1.020015384615384768e+01,6.362153846153846715e+00,3.090006214310000132e+02,4.991235077811999759e+02,-2.382974257999669887e-01
1.025999999999999979e+01,3.838000000000000078e+00,1.018169230769230893e+01,6.343692307692308852e+00,3.095155858289999742e+02,4.991739102401999730e+02,-2.473607497999809890e-01
1.026200000000000045e+01,3.838000000000000078e+00,1.017800000000000082e+01,6.339999999999999858e+00,3.096124050413999953e+02,4.991798427239999683e+02,-2.461601339999861526e-01
1.026999999999999957e+01,3.823142857142857842e+00,1.015628571428571547e+01,6.333142857142857629e+00,3.099996818910000229e+02,4.992035726592000060e+02,-2.413576708000089999e-01
1.027599999999999980e+01,3.811999999999999833e+00,1.014000000000000057e+01,6.328000000000000291e+00,3.102985914450000564e+02,4.991996442522000166e+02,-2.298772420000053107e-01
1.027999999999999936e+01,3.808705882352941163e+00,1.014799999999999969e+01,6.339294117647058080e+00,3.104978644810000219e+02,4.991970253142000047e+02,-2.222236228000039893e-01
1.028999999999999915e+01,3.800470588235294489e+00,1.016799999999999926e+01,6.367529411764705216e+00,3.109995326910000131e+02,4.991996101331999967e+02,-2.261211677999669933e-01
1.029299999999999926e+01,3.798000000000000043e+00,1.017399999999999949e+01,6.376000000000000334e+00,3.111530876513999715e+02,4.991942529330000298e+02,-2.263681094999768773e-01
1.030000000000000071e+01,3.812000000000002942e+00,1.017938461538461503e+01,6.367384615384613866e+00,3.115113825590000260e+02,4.991817527992000123e+02,-2.269443067999999952e-01
1.030599999999999916e+01,3.823999999999999844e+00,1.018399999999999928e+01,6.360000000000000320e+00,3.118183717057999047e+02,4.991626263754000092e+02,-2.250085232000082480e-01
1.031000000000000050e+01,3.812307692307689955e+00,1.017999999999999794e+01,6.367692307692309761e+00,3.120230311369999754e+02,4.991498754262000261e+02,-2.237180008000130005e-01
1.031900000000000084e+01,3.786000000000000032e+00,1.017099999999999937e+01,6.384999999999999787e+00,3.124633879646000310e+02,4.991263469287000021e+02,-2.208370116999741339e-01
1.032000000000000028e+01,3.787923076923076060e+00,1.017307692307692157e+01,6.385153846153845514e+00,3.125123165009999866e+02,4.991237326511999868e+02,-2.205169017999699943e-01
1.033000000000000007e+01,3.807153846153844778e+00,1.019384615384615245e+01,6.386692307692307224e+00,3.130135890550000113e+02,4.991332531261999748e+02,-2.394391017999769888e-01
1.033200000000000074e+01,3.810999999999999943e+00,1.019800000000000040e+01,6.386999999999999567e+00,3.131105687054000555e+02,4.991363767731999701e+02,-2.420285651999845022e-01
1.033999999999999986e+01,3.834999999999997744e+00,1.022753846153845814e+01,6.392538461538460837e+00,3.134984873070000049e+02,4.991488713612000083e+02,-2.523864188000100039e-01
1.034500000000000064e+01,3.850000000000000089e+00,1.024600000000000044e+01,6.395999999999999908e+00,3.137392804520000595e+02,4.991505956766999930e+02,-2.533389422999866580e-01
1.034999999999999964e+01,3.856944444444443398e+00,1.024405555555555658e+01,6.387111111111112294e+00,3.139800735970000005e+02,4.991523199921999776e+02,-2.542914657999629791e-01
1.035999999999999943e+01,3.870833333333333126e+00,1.024016666666666708e+01,6.369333333333333513e+00,3.144876184990000070e+02,4.991572364851999737e+02,-2.601959427999919749e-01
1.036299999999999955e+01,3.875000000000000000e+00,1.023900000000000077e+01,6.363999999999999879e+00,3.146396163232000163e+02,4.991581006045999516e+02,-2.604651801999844918e-01
1.036999999999999922e+01,3.862076923076923407e+00,1.020561538461538653e+01,6.343538461538462236e+00,3.149942779130000190e+02,4.991601168831999757e+02,-2.610934007999670126e-01
1.037599999999999945e+01,3.850999999999999979e+00,1.017699999999999960e+01,6.325999999999999623e+00,3.152990433133999773e+02,4.991588884509999957e+02,-2.604212651999814887e-01
1.038000000000000078e+01,3.846692307692306301e+00,1.017669230769230815e+01,6.330000000000000959e+00,3.155022202470000252e+02,4.991580694962000280e+02,-2.599731747999909914e-01
1.038899999999999935e+01,3.837000000000000188e+00,1.017600000000000016e+01,6.339000000000000412e+00,3.159612676175999582e+02,4.991545387340999582e+02,-2.571585814000039716e-01
1.039000000000000057e+01,3.834999999999997744e+00,1.017492307692307563e+01,6.339923076923078327e+00,3.160122728810000012e+02,4.991541464271999757e+02,-2.568458488000049944e-01
1.040000000000000036e+01,3.814999999999997726e+00,1.016415384615384632e+01,6.349153846153846814e+00,3.165183306870000024e+02,4.991500165301999914e+02,-2.477186427999910068e-01
1.040199999999999925e+01,3.810999999999999943e+00,1.016200000000000081e+01,6.350999999999999979e+00,3.166195193601999449e+02,4.991495913091999910e+02,-2.454946179999873968e-01
1.041000000000000014e+01,3.793666666666665410e+00,1.015199999999999925e+01,6.358333333333334281e+00,3.170242740529999992e+02,4.991478904251999893e+02,-2.365985187999669892e-01
1.041399999999999970e+01,3.785000000000000142e+00,1.014700000000000024e+01,6.362000000000000099e+00,3.172219398977999845e+02,4.991523715811999864e+02,-2.345703431999687782e-01
1.041999999999999993e+01,3.790999999999999925e+00,1.014700000000000024e+01,6.355999999999999872e+00,3.175184386650000192e+02,4.991590933151999820e+02,-2.315280797999710038e-01
1.042800000000000082e+01,3.798999999999999932e+00,1.014700000000000024e+01,6.347999999999999865e+00,3.179112841258000799e+02,4.991694992839999827e+02,-2.322774061999975104e-01
1.042999999999999972e+01,3.802692307692305818e+00,1.015423076923076628e+01,6.351538461538459579e+00,3.180094954909999956e+02,4.991721007762000113e+02,-2.324647378000040121e-01
1.043999999999999950e+01,3.821153846153843681e+00,1.019038461538461249e+01,6.369230769230767031e+00,3.185078263689999858e+02,4.991805083341999989e+02,-2.353835617999900098e-01
1.044100000000000072e+01,3.822999999999999954e+00,1.019400000000000084e+01,6.371000000000000441e+00,3.185569176668000750e+02,4.991803065340000103e+02,-2.352719283999922806e-01
1.044999999999999929e+01,3.822307692307692406e+00,1.020299999999999940e+01,6.380692307692306109e+00,3.189987393470000256e+02,4.991784903321999991e+02,-2.342672278000139940e-01
1.045400000000000063e+01,3.822000000000000064e+00,1.020700000000000074e+01,6.384999999999999787e+00,3.191971024406000197e+02,4.991777787838000222e+02,-2.390206209999924392e-01
1.046000000000000085e+01,3.836000000000002075e+00,1.021450000000000102e+01,6.378499999999998948e+00,3.194946470809999823e+02,4.991767114612000000e+02,-2.461507107999580113e-01
1.046599999999999930e+01,3.850000000000000089e+00,1.022199999999999953e+01,6.371999999999999886e+00,3.197929267417999313e+02,4.991732949555999994e+02,-2.496723255999739877e-01
1.047000000000000064e+01,3.853142857142858091e+00,1.022942857142857243e+01,6.376285714285715223e+00,3.199917798490000109e+02,4.991710172851999801e+02,-2.520200687999860079e-01
1.048000000000000043e+01,3.861000000000000210e+00,1.024799999999999933e+01,6.386999999999999567e+00,3.204964131070000235e+02,4.991567544302000101e+02,-2.528574947999620015e-01
1.049000000000000021e+01,3.872666666666666035e+00,1.025883333333333169e+01,6.386166666666666991e+00,3.210069800549999854e+02,4.991438248811999756e+02,-2.556983178000050150e-01
1.049200000000000088e+01,3.875000000000000000e+00,1.026099999999999923e+01,6.386000000000000121e+00,3.211082947010000339e+02,4.991411940777999803e+02,-2.560665003999957334e-01
1.050000000000000000e+01,3.852714285714287090e+00,1.023985714285714366e+01,6.387142857142857011e+00,3.215135532850000004e+02,4.991306708641999990e+02,-2.575392307999579966e-01
1.050600000000000023e+01,3.835999999999999854e+00,1.022400000000000020e+01,6.387999999999999901e+00,3.218148268690000009e+02,4.991274444068000093e+02,-2.556608149999662905e-01
1.050999999999999979e+01,3.812235294117648721e+00,1.020541176470588418e+01,6.393176470588234572e+00,3.220156759249999823e+02,4.991252934351999784e+02,-2.544085377999720232e-01
1.051999999999999957e+01,3.752823529411765779e+00,1.015894117647058970e+01,6.406117647058823472e+00,3.225103261510000152e+02,4.991455351082000220e+02,-2.503698868000099886e-01
1.052299999999999969e+01,3.734999999999999876e+00,1.014499999999999957e+01,6.410000000000000142e+00,3.226575835570000095e+02,4.991557452229999967e+02,-2.503731502000099973e-01
1.052999999999999936e+01,3.734461538461538499e+00,1.013853846153846128e+01,6.404076923076923222e+00,3.230011841709999771e+02,4.991795688241999756e+02,-2.503807648000099806e-01
1.053599999999999959e+01,3.733999999999999986e+00,1.013299999999999912e+01,6.399000000000000021e+00,3.233074900330000219e+02,4.991934632936000185e+02,-2.467616217999929751e-01
1.053999999999999915e+01,3.749384615384613539e+00,1.014376923076922843e+01,6.394384615384615778e+00,3.235116939409999759e+02,4.992027262732000281e+02,-2.443488597999819989e-01
1.054899999999999949e+01,3.783999999999999808e+00,1.016799999999999926e+01,6.384000000000000341e+00,3.239580566053999746e+02,4.992003156636999961e+02,-2.298409641999656916e-01
1.055000000000000071e+01,3.780153846153841091e+00,1.016499999999999559e+01,6.384846153846154948e+00,3.240076524570000061e+02,4.992000478182000052e+02,-2.282289757999619861e-01
1.056000000000000050e+01,3.741692307692303654e+00,1.013499999999999623e+01,6.393307692307693024e+00,3.245122839389999854e+02,4.991858131871999831e+02,-2.210664498000139977e-01
1.056199999999999939e+01,3.733999999999999986e+00,1.012899999999999956e+01,6.394999999999999574e+00,3.246140434441999219e+02,4.991824079001999621e+02,-2.210317984000140235e-01
1.057000000000000028e+01,3.750888888888889827e+00,1.013033333333333275e+01,6.379444444444443363e+00,3.250210814650000088e+02,4.991687867521999920e+02,-2.208931928000139877e-01
1.058000000000000007e+01,3.771999999999999797e+00,1.013199999999999967e+01,6.360000000000000320e+00,3.255170130149999750e+02,4.991490402342000152e+02,-2.157131687999609970e-01
1.058999999999999986e+01,3.801230769230768747e+00,1.016199999999999903e+01,6.360769230769230731e+00,3.260131460769999876e+02,4.991433102272000042e+02,-2.155825837999610084e-01
1.059299999999999997e+01,3.810000000000000053e+00,1.017099999999999937e+01,6.360999999999999766e+00,3.261607118715999718e+02,4.991481196291999822e+02,-2.182667419999656522e-01
1.059999999999999964e+01,3.796538461538462084e+00,1.015753846153846141e+01,6.360999999999999766e+00,3.265050320589999728e+02,4.991593415671999878e+02,-2.245297777999759881e-01
1.060599999999999987e+01,3.785000000000000142e+00,1.014600000000000080e+01,6.360999999999999766e+00,3.268035530014000187e+02,4.991727533419999645e+02,-2.317107337999764205e-01
1.060999999999999943e+01,3.785307692307692484e+00,1.013861538461538636e+01,6.353307692307692989e+00,3.270025669629999925e+02,4.991816945251999869e+02,-2.364980377999759964e-01
1.061899999999999977e+01,3.786000000000000032e+00,1.012199999999999989e+01,6.336000000000000298e+00,3.274480609546000096e+02,4.991945049677000270e+02,-2.373441359000066364e-01
1.061999999999999922e+01,3.786705882352940922e+00,1.012423529411764633e+01,6.337529411764704967e+00,3.274975602869999989e+02,4.991959283502000062e+02,-2.374381468000099915e-01
1.063000000000000078e+01,3.793764705882353816e+00,1.014658823529412146e+01,6.352823529411766756e+00,3.279834223990000055e+02,4.991946554731999868e+02,-2.273255067999619961e-01
1.063599999999999923e+01,3.798000000000000043e+00,1.016000000000000014e+01,6.362000000000000099e+00,3.282832771197999477e+02,4.992057564980000279e+02,-2.296979823999728554e-01
1.064000000000000057e+01,3.794307692307691049e+00,1.015507692307692089e+01,6.360769230769230731e+00,3.284831802670000229e+02,4.992131571812000175e+02,-2.312796327999810109e-01
1.064899999999999913e+01,3.786000000000000032e+00,1.014400000000000013e+01,6.357999999999999652e+00,3.289361180433999152e+02,4.992219012365000026e+02,-2.276096991999644048e-01
1.065000000000000036e+01,3.781076923076917673e+00,1.013999999999999524e+01,6.358923076923077566e+00,3.289864444629999980e+02,4.992228727982000009e+02,-2.272019287999620107e-01
1.066000000000000014e+01,3.731846153846155811e+00,1.010000000000000142e+01,6.368153846153846054e+00,3.294951558469999782e+02,4.992248970502000134e+02,-2.200958578000140053e-01
1.066200000000000081e+01,3.721999999999999975e+00,1.009200000000000053e+01,6.370000000000000107e+00,3.295981758810000315e+02,4.992239739954000015e+02,-2.182696718000103620e-01
1.066999999999999993e+01,3.715411764705883080e+00,1.007458823529411873e+01,6.359176470588236540e+00,3.300102560170000174e+02,4.992202817762000109e+02,-2.109649277999990080e-01
1.067900000000000027e+01,3.708000000000000185e+00,1.005499999999999972e+01,6.347000000000000419e+00,3.304543629213999907e+02,4.992258077212999865e+02,-2.099856224999692433e-01
1.067999999999999972e+01,3.711642857142855245e+00,1.005857142857142605e+01,6.346928571428572141e+00,3.305037081329999751e+02,4.992264217151999901e+02,-2.098768107999660071e-01
1.068999999999999950e+01,3.748071428571427610e+00,1.009428571428571431e+01,6.346214285714285808e+00,3.309972749109999768e+02,4.992305543342000078e+02,-2.117816057999760138e-01
1.069299999999999962e+01,3.758999999999999897e+00,1.010500000000000043e+01,6.346000000000000085e+00,3.311444636403999766e+02,4.992314411936000056e+02,-2.129519990999817758e-01
1.069999999999999929e+01,3.758999999999999897e+00,1.010500000000000043e+01,6.346000000000000085e+00,3.314879040089999762e+02,4.992335105322000004e+02,-2.156829167999949892e-01
1.070500000000000007e+01,3.758999999999999897e+00,1.010500000000000043e+01,6.346000000000000085e+00,3.317376957599999514e+02,4.992267428472000006e+02,-2.141034618000020040e-01
1.071000000000000085e+01,3.764000000000001123e+00,1.011000000000000121e+01,6.346000000000000085e+00,3.319874875109999834e+02,4.992199751622000008e+02,-2.125240068000089910e-01
1.071899999999999942e+01,3.773000000000000131e+00,1.011899999999999977e+01,6.346000000000000085e+00,3.324459956321999243e+02,4.992101002074000462e+02,-2.105871564000011686e-01
1.072000000000000064e+01,3.775846153846157627e+00,1.012184615384615682e+01,6.346000000000000085e+00,3.324969409789999872e+02,4.992090029902000197e+02,-2.103719508000000127e-01
1.073000000000000043e+01,3.804307692307695277e+00,1.015030769230769536e+01,6.346000000000000085e+00,3.329966941430000134e+02,4.991924936841999738e+02,-2.012024717999849888e-01
1.073199999999999932e+01,3.810000000000000053e+00,1.015600000000000058e+01,6.346000000000000085e+00,3.330973413225999593e+02,4.991910274285999662e+02,-2.013749101999801061e-01
1.074000000000000021e+01,3.801999999999999158e+00,1.014861538461538437e+01,6.346615384615384770e+00,3.334999300410000274e+02,4.991851624061999928e+02,-2.020646637999609918e-01
1.074499999999999922e+01,3.797000000000000153e+00,1.014400000000000013e+01,6.347000000000000419e+00,3.337566536339999743e+02,4.991797885542000017e+02,-2.014885907999731107e-01
1.075000000000000000e+01,3.777769230769227882e+00,1.013015384615384384e+01,6.352384615384616851e+00,3.340133772269999781e+02,4.991744147022000107e+02,-2.009125177999850076e-01
1.075799999999999912e+01,3.746999999999999886e+00,1.010800000000000054e+01,6.360999999999999766e+00,3.344144134349999717e+02,4.991676710765999587e+02,-1.983994961999956119e-01
1.075999999999999979e+01,3.745470588235293441e+00,1.011070588235294210e+01,6.365235294117647769e+00,3.345146724869999844e+02,4.991659851701999742e+02,-1.977712407999979993e-01
1.076999999999999957e+01,3.737823529411764767e+00,1.012423529411764633e+01,6.386411764705881566e+00,3.350190499409999916e+02,4.991737469381999972e+02,-1.976864217999990125e-01
1.077500000000000036e+01,3.733999999999999986e+00,1.013100000000000023e+01,6.397000000000000242e+00,3.352653773460000366e+02,4.991838001917000156e+02,-1.986670993000036745e-01
1.077999999999999936e+01,3.742928571428569828e+00,1.013849999999999874e+01,6.395571428571428463e+00,3.355117047510000248e+02,4.991938534451999772e+02,-1.996477768000080033e-01
1.078899999999999970e+01,3.758999999999999897e+00,1.015199999999999925e+01,6.392999999999999794e+00,3.359550934805999987e+02,4.992119588271000339e+02,-1.987130124999782477e-01
1.078999999999999915e+01,3.757076923076923869e+00,1.014923076923077083e+01,6.392153846153846075e+00,3.360043588949999958e+02,4.992139705362000086e+02,-1.986091497999749877e-01
1.080000000000000071e+01,3.737846153846151598e+00,1.012153846153845826e+01,6.383692307692306223e+00,3.365060567350000156e+02,4.992335810821999758e+02,-2.035667627999699913e-01
1.080199999999999960e+01,3.733999999999999986e+00,1.011599999999999966e+01,6.381999999999999673e+00,3.366062132349999274e+02,4.992336915326000053e+02,-2.031448691999682143e-01
1.081000000000000050e+01,3.716666666666665453e+00,1.010799999999999876e+01,6.391333333333333755e+00,3.370068392349999726e+02,4.992341333342000098e+02,-2.014572947999599961e-01
1.081400000000000006e+01,3.708000000000000185e+00,1.010399999999999920e+01,6.395999999999999908e+00,3.372070262981999917e+02,4.992295420913999919e+02,-1.997965527999753521e-01
1.082000000000000028e+01,3.719538461538462126e+00,1.011507692307692352e+01,6.395538461538460950e+00,3.375073068930000204e+02,4.992226552271999935e+02,-1.973054397999980114e-01
1.082699999999999996e+01,3.733000000000000096e+00,1.012800000000000011e+01,6.394999999999999574e+00,3.378602300523999702e+02,4.992182769071000052e+02,-1.937114592000016011e-01
1.083000000000000007e+01,3.741357142857143714e+00,1.013871428571428623e+01,6.397357142857142520e+00,3.380114828349999812e+02,4.992164004841999940e+02,-1.921711818000030048e-01
1.083999999999999986e+01,3.769214285714286738e+00,1.017442857142857449e+01,6.405214285714285971e+00,3.385146042929999908e+02,4.992110729981999953e+02,-1.910404557999690056e-01
1.084099999999999930e+01,3.771999999999999797e+00,1.017800000000000082e+01,6.405999999999999694e+00,3.385650391419999892e+02,4.992101455439000119e+02,-1.912259652999699078e-01
1.084999999999999964e+01,3.762999999999999456e+00,1.016969230769230847e+01,6.406692307692307686e+00,3.390189527829999747e+02,4.992017984551999916e+02,-1.928955507999789987e-01
1.085399999999999920e+01,3.758999999999999897e+00,1.016600000000000037e+01,6.407000000000000028e+00,3.392174964941999633e+02,4.991979203532000042e+02,-1.896376799999868745e-01
1.085999999999999943e+01,3.770538461538460506e+00,1.015630769230769381e+01,6.385769230769232863e+00,3.395153120609999746e+02,4.991921032001999947e+02,-1.847508737999979944e-01
1.086700000000000088e+01,3.783999999999999808e+00,1.014499999999999957e+01,6.360999999999999766e+00,3.398564557296000999e+02,4.991975570073000199e+02,-1.846942248999979830e-01
1.086999999999999922e+01,3.784230769230768843e+00,1.015284615384614852e+01,6.368615384615380570e+00,3.400026601590000155e+02,4.991998943532000226e+02,-1.846699467999980138e-01
1.088000000000000078e+01,3.785000000000000142e+00,1.017900000000000027e+01,6.394000000000000128e+00,3.404999094070000183e+02,4.992272497352000187e+02,-1.936558998000129928e-01
1.089000000000000057e+01,3.774999999999999911e+00,1.015130769230769303e+01,6.376307692307692676e+00,3.409896844230000283e+02,4.992451673411999877e+02,-2.016102117999939991e-01
1.089300000000000068e+01,3.771999999999999797e+00,1.014300000000000068e+01,6.371000000000000441e+00,3.411401846196000065e+02,4.992459470205000116e+02,-2.015794824999939949e-01
1.090000000000000036e+01,3.749249999999998639e+00,1.012724999999999831e+01,6.378000000000001002e+00,3.414913517449999745e+02,4.992477662722000105e+02,-2.015077807999940129e-01
1.090499999999999936e+01,3.733000000000000096e+00,1.011599999999999966e+01,6.383000000000000007e+00,3.417467069209999408e+02,4.992488177572000154e+02,-2.029546942999867487e-01
1.091000000000000014e+01,3.743555555555556857e+00,1.011627777777777837e+01,6.372722222222220623e+00,3.420020620970000209e+02,4.992498692422000204e+02,-2.044016077999800118e-01
1.091999999999999993e+01,3.764666666666666828e+00,1.011683333333333401e+01,6.352166666666667183e+00,3.425172789270000067e+02,4.992432148962000156e+02,-2.072635357999660088e-01
1.092300000000000004e+01,3.770999999999999908e+00,1.011700000000000088e+01,6.346000000000000085e+00,3.426738117102000274e+02,4.992383313786000372e+02,-2.066114803999803684e-01
1.092999999999999972e+01,3.764999999999999680e+00,1.010950000000000060e+01,6.344500000000000028e+00,3.430390548710000189e+02,4.992269365042000118e+02,-2.050900178000140128e-01
1.093699999999999939e+01,3.758999999999999897e+00,1.010200000000000031e+01,6.342999999999999972e+00,3.433968882881999889e+02,4.992102354302999743e+02,-1.965514374000128239e-01
1.093999999999999950e+01,3.752999999999999670e+00,1.009646153846153815e+01,6.343461538461538041e+00,3.435502454670000247e+02,4.992030778271999907e+02,-1.928920458000120131e-01
1.094999999999999929e+01,3.733000000000000096e+00,1.007799999999999940e+01,6.344999999999999751e+00,3.440504864650000059e+02,4.991955720241999757e+02,-1.947542947999660046e-01
1.096000000000000085e+01,3.713769230769227825e+00,1.004953846153845731e+01,6.335769230769229488e+00,3.445458794410000110e+02,4.992028066891999742e+02,-1.986696407999850034e-01
1.096299999999999919e+01,3.708000000000000185e+00,1.004100000000000037e+01,6.333000000000000185e+00,3.446880706491999149e+02,4.992070161949999942e+02,-1.992528644999873866e-01
1.097000000000000064e+01,3.741923076923079794e+00,1.006092307692307841e+01,6.318999999999999062e+00,3.450198501350000129e+02,4.992168383751999841e+02,-2.006137197999940114e-01
1.097600000000000087e+01,3.770999999999999908e+00,1.007799999999999940e+01,6.307000000000000384e+00,3.453218433842000650e+02,4.992220602573999599e+02,-2.005649619999946009e-01
1.098000000000000043e+01,3.791999999999999815e+00,1.009900000000000020e+01,6.307000000000000384e+00,3.455231722170000239e+02,4.992255415121999818e+02,-2.005324567999950125e-01
1.098799999999999955e+01,3.834000000000000075e+00,1.014100000000000001e+01,6.307000000000000384e+00,3.459149676377999754e+02,4.992262691273999735e+02,-2.020478760000020690e-01
1.099000000000000021e+01,3.832307692307691749e+00,1.013899999999999935e+01,6.306692307692308042e+00,3.460129164929999774e+02,4.992264510311999857e+02,-2.024267308000040066e-01
1.100000000000000000e+01,3.823846153846153229e+00,1.012899999999999956e+01,6.305153846153845443e+00,3.465157798849999722e+02,4.992080983462000177e+02,-1.982500887999850137e-01
1.100099999999999945e+01,3.822999999999999954e+00,1.012800000000000011e+01,6.304999999999999716e+00,3.465671247589999666e+02,4.992070211062000453e+02,-1.988348699999875069e-01
1.100999999999999979e+01,3.804999999999999272e+00,1.011207692307692341e+01,6.307076923076922803e+00,3.470292286249999734e+02,4.991973259462000101e+02,-2.040979008000129991e-01
1.101399999999999935e+01,3.797000000000000153e+00,1.010500000000000043e+01,6.307999999999999829e+00,3.472339681281999901e+02,4.991901900685999749e+02,-2.024271684000055471e-01
1.101999999999999957e+01,3.796666666666666856e+00,1.010500000000000043e+01,6.308333333333333570e+00,3.475410773830000153e+02,4.991794862521999789e+02,-1.999210697999939945e-01
1.102999999999999936e+01,3.796111111111111214e+00,1.010500000000000043e+01,6.308888888888889213e+00,3.480564066549999893e+02,4.991708598661999758e+02,-1.957759697999749970e-01
1.103200000000000003e+01,3.795999999999999819e+00,1.010500000000000043e+01,6.309000000000000163e+00,3.481549832154000228e+02,4.991740824731999737e+02,-1.961654127999769293e-01
1.103999999999999915e+01,3.764615384615388027e+00,1.006561538461538952e+01,6.301000000000001044e+00,3.485492894569999862e+02,4.991869729012000221e+02,-1.977231847999839920e-01
1.104499999999999993e+01,3.745000000000000107e+00,1.004100000000000037e+01,6.296000000000000263e+00,3.487954616819999956e+02,4.992085182462000148e+02,-2.037444742999849900e-01
1.105000000000000071e+01,3.740384615384614531e+00,1.003176923076923011e+01,6.291384615384615131e+00,3.490416339070000049e+02,4.992300635912000075e+02,-2.097657637999859881e-01
1.105799999999999983e+01,3.733000000000000096e+00,1.001699999999999946e+01,6.283999999999999808e+00,3.494421728285999507e+02,4.992601059479999890e+02,-2.201827197999658703e-01
1.106000000000000050e+01,3.734529411764706541e+00,1.002123529411764835e+01,6.286705882352942254e+00,3.495423075589999939e+02,4.992676165372000128e+02,-2.227869587999619927e-01
1.107000000000000028e+01,3.742176470588236104e+00,1.004241176470588393e+01,6.300235294117648266e+00,3.500383825129999877e+02,4.992629025382000236e+02,-2.176599387999660074e-01
1.107499999999999929e+01,3.745999999999999996e+00,1.005300000000000082e+01,6.307000000000000384e+00,3.502864770989999670e+02,4.992595454066999991e+02,-2.155928907999853650e-01
1.108000000000000007e+01,3.745999999999999996e+00,1.004838461538461480e+01,6.302384615384615252e+00,3.505345716850000031e+02,4.992561882751999747e+02,-2.135258428000040010e-01
1.108799999999999919e+01,3.745999999999999996e+00,1.004100000000000037e+01,6.294999999999999929e+00,3.509366144657999484e+02,4.992598878288000037e+02,-2.198494987999890238e-01
1.108999999999999986e+01,3.745888888888889046e+00,1.004233333333333356e+01,6.296444444444444954e+00,3.510371251610000058e+02,4.992608127171999968e+02,-2.214304127999859872e-01
1.109999999999999964e+01,3.745333333333333403e+00,1.004900000000000126e+01,6.303666666666666529e+00,3.515403040609999721e+02,4.992544798072000276e+02,-2.222961397999609900e-01
1.110599999999999987e+01,3.745000000000000107e+00,1.005300000000000082e+01,6.307999999999999829e+00,3.518426891185999921e+02,4.992423107044000403e+02,-2.179859107999919388e-01
1.110999999999999943e+01,3.741000000000000547e+00,1.005269230769230759e+01,6.311692307692307047e+00,3.520442791570000054e+02,4.992341979692000109e+02,-2.151124248000129968e-01
1.111899999999999977e+01,3.732000000000000206e+00,1.005199999999999960e+01,6.320000000000000284e+00,3.524976002524000478e+02,4.992204369709999696e+02,-2.086629888000081090e-01
1.111999999999999922e+01,3.734923076923075680e+00,1.005392307692307519e+01,6.319000000000000838e+00,3.525479692630000272e+02,4.992189079711999966e+02,-2.079463848000079884e-01
1.113000000000000078e+01,3.764153846153849514e+00,1.007315384615384879e+01,6.308999999999999275e+00,3.530526893709999854e+02,4.992206689472000107e+02,-2.108403377999940043e-01
1.113199999999999967e+01,3.770000000000000018e+00,1.007699999999999996e+01,6.307000000000000384e+00,3.531546204557999431e+02,4.992212764038000046e+02,-2.118198119999926687e-01
1.114000000000000057e+01,3.763882352941175569e+00,1.007605882352941151e+01,6.312176470588235944e+00,3.535623447950000013e+02,4.992237062301999799e+02,-2.157377087999899912e-01
1.114899999999999913e+01,3.757000000000000117e+00,1.007499999999999929e+01,6.317999999999999616e+00,3.540112750045999519e+02,4.992079043749000107e+02,-2.056820258999688955e-01
1.115000000000000036e+01,3.756153846153845510e+00,1.007323076923076677e+01,6.317076923076921702e+00,3.540611561389999906e+02,4.992061486132000141e+02,-2.045647277999650127e-01
1.116000000000000014e+01,3.747692307692307878e+00,1.005553846153846109e+01,6.307846153846154102e+00,3.545590581789999760e+02,4.992045225481999751e+02,-2.054482347999989911e-01
1.116200000000000081e+01,3.745999999999999996e+00,1.005199999999999960e+01,6.306000000000000050e+00,3.546611208518000353e+02,4.992063345070000082e+02,-2.078319384000000547e-01
1.116999999999999993e+01,3.739777777777778311e+00,1.005199999999999960e+01,6.312222222222222179e+00,3.550693715429999884e+02,4.992135823422000271e+02,-2.173667528000000071e-01
1.117999999999999972e+01,3.732000000000000206e+00,1.005199999999999960e+01,6.320000000000000284e+00,3.555603991830000155e+02,4.992095570202000090e+02,-2.192433308000089898e-01
1.118999999999999950e+01,3.703538461538461668e+00,1.003353846153846263e+01,6.330000000000000071e+00,3.560711366809999845e+02,4.991936394232000112e+02,-2.200735607999849963e-01
1.119299999999999962e+01,3.694999999999999840e+00,1.002800000000000047e+01,6.333000000000000185e+00,3.562241699702000233e+02,4.991921566417000236e+02,-2.209342916999811335e-01
1.119999999999999929e+01,3.674538461538462197e+00,1.002100000000000080e+01,6.346461538461538154e+00,3.565812476450000190e+02,4.991886968182000146e+02,-2.229426637999719907e-01
1.120599999999999952e+01,3.657000000000000028e+00,1.001500000000000057e+01,6.357999999999999652e+00,3.568769595481999772e+02,4.991881492029999663e+02,-2.234749519999917333e-01
1.121000000000000085e+01,3.657000000000000028e+00,1.001476470588235301e+01,6.357764705882352985e+00,3.570741008169999873e+02,4.991877841261999720e+02,-2.238298108000049969e-01
1.122000000000000064e+01,3.657000000000000028e+00,1.001417647058823412e+01,6.357176470588234984e+00,3.575662143470000274e+02,4.991998290501999804e+02,-2.307628768000100083e-01
1.122300000000000075e+01,3.657000000000000028e+00,1.001399999999999935e+01,6.357000000000000206e+00,3.577142499818000374e+02,4.992016710318999912e+02,-2.304364417000000775e-01
1.123000000000000043e+01,3.669923076923076621e+00,1.002799999999999869e+01,6.358076923076922959e+00,3.580596664629999850e+02,4.992059689892000165e+02,-2.296747597999770074e-01
1.123600000000000065e+01,3.681000000000000050e+00,1.003999999999999915e+01,6.358999999999999986e+00,3.583640901418000340e+02,4.992107265313999847e+02,-2.302238269999968279e-01
1.124000000000000021e+01,3.688999999999999169e+00,1.004307692307692257e+01,6.354076923076923400e+00,3.585670392609999908e+02,4.992138982262000013e+02,-2.305898718000100045e-01
1.124900000000000055e+01,3.706999999999999851e+00,1.005000000000000071e+01,6.342999999999999972e+00,3.590231852296000170e+02,4.992138172172000168e+02,-2.250880772999835633e-01
1.125000000000000000e+01,3.705529411764706627e+00,1.005000000000000071e+01,6.344470588235293640e+00,3.590738681149999820e+02,4.992138082161999932e+02,-2.244767667999809924e-01
1.125999999999999979e+01,3.690823529411765058e+00,1.005000000000000071e+01,6.359176470588234764e+00,3.595607858210000245e+02,4.992115904422000199e+02,-2.153605647999659867e-01
1.126600000000000001e+01,3.681999999999999940e+00,1.005000000000000071e+01,6.368000000000000327e+00,3.598651419014000226e+02,4.992175333252000087e+02,-2.195138523999698443e-01
1.126999999999999957e+01,3.684888888888888214e+00,1.005000000000000071e+01,6.365111111111112052e+00,3.600680459550000023e+02,4.992214952471999823e+02,-2.222827107999719998e-01
1.127999999999999936e+01,3.692111111111110233e+00,1.005000000000000071e+01,6.357888888888890477e+00,3.605761027290000129e+02,4.992174440681999954e+02,-2.231554028000050094e-01
1.128400000000000070e+01,3.694999999999999840e+00,1.005000000000000071e+01,6.355000000000000426e+00,3.607773160394000911e+02,4.992089120086000094e+02,-2.194805159999977107e-01
1.128999999999999915e+01,3.706076923076920160e+00,1.006153846153845954e+01,6.355461538461538495e+00,3.610791360050000094e+02,4.991961139192000019e+02,-2.139681857999899961e-01
1.129700000000000060e+01,3.718999999999999861e+00,1.007499999999999929e+01,6.355999999999999872e+00,3.614368324335999887e+02,4.991940966494000236e+02,-2.145815005999732183e-01
1.130000000000000071e+01,3.704461538461537806e+00,1.006646153846153702e+01,6.362000000000000099e+00,3.615901309029999879e+02,4.991932321052000248e+02,-2.148443497999660001e-01
1.131000000000000050e+01,3.656000000000000139e+00,1.003800000000000026e+01,6.381999999999999673e+00,3.620834135790000232e+02,4.992023424522000141e+02,-2.207667957999950026e-01
1.132000000000000028e+01,3.656000000000000139e+00,1.004564705882352982e+01,6.389647058823529235e+00,3.625782374629999936e+02,4.992195466851999868e+02,-2.287174677999770089e-01
1.132699999999999996e+01,3.656000000000000139e+00,1.005100000000000016e+01,6.394999999999999574e+00,3.629243136843999764e+02,4.992245710514000052e+02,-2.314582246999895287e-01
1.133000000000000007e+01,3.653428571428571470e+00,1.004800000000000004e+01,6.394571428571428129e+00,3.630726320649999934e+02,4.992267243512000050e+02,-2.326328347999949975e-01
1.133999999999999986e+01,3.644857142857142573e+00,1.003800000000000026e+01,6.393142857142857238e+00,3.635627748829999746e+02,4.992206523501999982e+02,-2.325023757999959972e-01
1.134099999999999930e+01,3.644000000000000128e+00,1.003700000000000081e+01,6.392999999999999794e+00,3.636133922407999535e+02,4.992200368645000026e+02,-2.323889433999926646e-01
1.134999999999999964e+01,3.623882352941177221e+00,1.001741176470588357e+01,6.393529411764705905e+00,3.640689484609999909e+02,4.992144974931999855e+02,-2.313680517999620045e-01
1.135800000000000054e+01,3.605999999999999872e+00,1.000000000000000000e+01,6.394000000000000128e+00,3.644650095474000295e+02,4.992106835171999819e+02,-2.264664573999837505e-01
1.135999999999999943e+01,3.613692307692303540e+00,1.000753846153845750e+01,6.393846153846154401e+00,3.645640248189999966e+02,4.992097300231999952e+02,-2.252410587999900127e-01
1.136999999999999922e+01,3.652153846153841421e+00,1.004523076923076452e+01,6.393076923076923102e+00,3.650678592169999774e+02,4.992094584321999946e+02,-2.221279988000049999e-01
1.137100000000000044e+01,3.656000000000000139e+00,1.004899999999999949e+01,6.392999999999999794e+00,3.651185309248000408e+02,4.992096455767999714e+02,-2.225173893000016168e-01
1.138000000000000078e+01,3.669235294117648039e+00,1.007494117647059007e+01,6.405705882352942027e+00,3.655745762949999857e+02,4.992113298781999902e+02,-2.260219037999670055e-01
1.138799999999999990e+01,3.681000000000000050e+00,1.009800000000000075e+01,6.416999999999999815e+00,3.659695410325999774e+02,4.991986475326000345e+02,-2.186892494000012566e-01
1.139000000000000057e+01,3.679153846153845553e+00,1.009415384615384603e+01,6.414999999999999147e+00,3.660682822169999895e+02,4.991954769462000172e+02,-2.168560858000090075e-01
1.140000000000000036e+01,3.669923076923076621e+00,1.007492307692307598e+01,6.404999999999999361e+00,3.665608757690000061e+02,4.991815637511999739e+02,-2.076973587999950133e-01
1.140099999999999980e+01,3.669000000000000039e+00,1.007300000000000040e+01,6.403999999999999915e+00,3.666103208401999609e+02,4.991821830921999776e+02,-2.076885443999951231e-01
1.141000000000000014e+01,3.660642857142856421e+00,1.006528571428571439e+01,6.404642857142857082e+00,3.670553264810000087e+02,4.991877571612000111e+02,-2.076092147999960003e-01
1.141499999999999915e+01,3.656000000000000139e+00,1.006099999999999994e+01,6.405000000000000249e+00,3.673026238719999697e+02,4.991983648336999977e+02,-2.090916357999882402e-01
1.141999999999999993e+01,3.656000000000000139e+00,1.006984615384615367e+01,6.413846153846153975e+00,3.675499212629999874e+02,4.992089725061999843e+02,-2.105740567999810076e-01
1.142800000000000082e+01,3.656000000000000139e+00,1.008399999999999963e+01,6.427999999999999936e+00,3.679485631830000330e+02,4.992301319406000175e+02,-2.097600224000001068e-01
1.142999999999999972e+01,3.657846153846152859e+00,1.008615384615384514e+01,6.428307692307692278e+00,3.680482236629999875e+02,4.992354217992000258e+02,-2.095565138000050065e-01
1.143999999999999950e+01,3.667076923076922235e+00,1.009692307692307622e+01,6.429846153846153101e+00,3.685493775589999927e+02,4.992470130982000001e+02,-2.074859097999950108e-01
1.144100000000000072e+01,3.668000000000000149e+00,1.009800000000000075e+01,6.429999999999999716e+00,3.686004826598000363e+02,4.992466264912000042e+02,-2.071731750999960264e-01
1.144999999999999929e+01,3.659692307692309132e+00,1.008069230769231162e+01,6.421000000000001151e+00,3.690604285669999740e+02,4.992431470281999850e+02,-2.043585628000089971e-01
1.145400000000000063e+01,3.656000000000000139e+00,1.007300000000000040e+01,6.416999999999999815e+00,3.692678953862000526e+02,4.992373645558000135e+02,-2.038920063999957177e-01
1.146000000000000085e+01,3.662000000000000366e+00,1.007946153846153869e+01,6.417461538461538773e+00,3.695790956150000284e+02,4.992286908472000277e+02,-2.031921717999760069e-01
1.146700000000000053e+01,3.669000000000000039e+00,1.008699999999999974e+01,6.418000000000000149e+00,3.699339746121999610e+02,4.992146157281000001e+02,-1.974635313999894559e-01
1.147000000000000064e+01,3.669000000000000039e+00,1.008647058823529363e+01,6.417470588235294038e+00,3.700860656109999809e+02,4.992085835341999882e+02,-1.950083997999950136e-01
1.148000000000000043e+01,3.669000000000000039e+00,1.008470588235294052e+01,6.415705882352940925e+00,3.705864199389999953e+02,4.991990915792000010e+02,-1.938635967999620124e-01
1.148399999999999999e+01,3.669000000000000039e+00,1.008399999999999963e+01,6.415000000000000036e+00,3.707890390829999774e+02,4.992010269095999888e+02,-1.986253815999611816e-01
1.149000000000000021e+01,3.650999999999999357e+00,1.005584615384615255e+01,6.404846153846153634e+00,3.710929677990000073e+02,4.992039299052000274e+02,-2.057680587999609900e-01
1.149699999999999989e+01,3.629999999999999893e+00,1.002299999999999969e+01,6.392999999999999794e+00,3.714352091599999994e+02,4.992024375052000096e+02,-2.049866543999778190e-01
1.150000000000000000e+01,3.635769230769231086e+00,1.001699999999999946e+01,6.381230769230768374e+00,3.715818840289999798e+02,4.992017979052000101e+02,-2.046517667999850076e-01
1.150999999999999979e+01,3.654999999999999805e+00,9.996999999999999886e+00,6.341999999999999638e+00,3.720684045250000054e+02,4.992065404832000013e+02,-2.035602618000089958e-01
1.151999999999999957e+01,3.683461538461538343e+00,1.001469230769230734e+01,6.331230769230769440e+00,3.725584070890000135e+02,4.992204716731999952e+02,-2.095004457999800063e-01
1.152299999999999969e+01,3.692000000000000171e+00,1.001999999999999957e+01,6.328000000000000291e+00,3.727040467594000006e+02,4.992221747405000087e+02,-2.097740574999902297e-01
1.152999999999999936e+01,3.698499999999999233e+00,1.003299999999999770e+01,6.334499999999999353e+00,3.730438726570000085e+02,4.992261485642000025e+02,-2.104124848000140102e-01
1.153700000000000081e+01,3.705000000000000071e+00,1.004599999999999937e+01,6.341000000000000192e+00,3.733972560636000821e+02,4.992259909409999636e+02,-2.103333155000139953e-01
1.153999999999999915e+01,3.705000000000000071e+00,1.004794117647058727e+01,6.342941176470587195e+00,3.735487060950000000e+02,4.992259233881999876e+02,-2.102993858000140048e-01
1.155000000000000071e+01,3.705000000000000071e+00,1.005441176470588260e+01,6.349411764705882533e+00,3.740558773810000162e+02,4.992198361142000067e+02,-2.061650587999949991e-01
1.155400000000000027e+01,3.705000000000000071e+00,1.005700000000000038e+01,6.352000000000000313e+00,3.742575708233999876e+02,4.992169306362000043e+02,-2.053099343999910675e-01
1.156000000000000050e+01,3.666999999999999815e+00,1.002500000000000036e+01,6.358000000000000540e+00,3.745601109869999732e+02,4.992125724192000007e+02,-2.040272477999849898e-01
1.156600000000000072e+01,3.629000000000000004e+00,9.993000000000000327e+00,6.363999999999999879e+00,3.748656803382000362e+02,4.992077882951999754e+02,-2.021423807999938871e-01
1.157000000000000028e+01,3.625571428571428889e+00,9.993285714285715216e+00,6.367714285714285438e+00,3.750693932390000214e+02,4.992045988791999775e+02,-2.008858028000000129e-01
1.158000000000000007e+01,3.616999999999999993e+00,9.993999999999999773e+00,6.376999999999999780e+00,3.755673197610000216e+02,4.991849945832000230e+02,-1.877057847999649975e-01
1.158999999999999986e+01,3.635461538461538300e+00,1.000476923076922908e+01,6.369307692307692115e+00,3.760642804249999926e+02,4.991823131511999918e+02,-1.885857777999989937e-01
1.159299999999999997e+01,3.641000000000000014e+00,1.000799999999999912e+01,6.366999999999999993e+00,3.762157398781999973e+02,4.991873448493000183e+02,-1.912698541000033559e-01
1.159999999999999964e+01,3.641823529411764682e+00,1.001211764705882246e+01,6.370294117647058663e+00,3.765691452689999892e+02,4.991990854782000042e+02,-1.975326988000130068e-01
1.160999999999999943e+01,3.642999999999999794e+00,1.001800000000000068e+01,6.375000000000000000e+00,3.770503321290000258e+02,4.992095297412000150e+02,-1.974625028000130122e-01
1.161999999999999922e+01,3.652230769230768725e+00,1.000876923076923042e+01,6.356538461538462137e+00,3.775467230350000136e+02,4.992168284612000093e+02,-1.993778397999650120e-01
1.162299999999999933e+01,3.654999999999999805e+00,1.000600000000000023e+01,6.350999999999999979e+00,3.776942454087999863e+02,4.992171344578999879e+02,-2.002461075999781015e-01
1.163000000000000078e+01,3.660923076923078057e+00,1.000438461538461432e+01,6.343461538461536264e+00,3.780384642810000173e+02,4.992178484501999947e+02,-2.022720658000090044e-01
1.163599999999999923e+01,3.665999999999999925e+00,1.000300000000000011e+01,6.336999999999999744e+00,3.783411075737999454e+02,4.992116847035999854e+02,-2.033830017999799233e-01
1.164000000000000057e+01,3.666615384615384610e+00,9.999615384615383462e+00,6.332999999999998408e+00,3.785428697689999922e+02,4.992075755391999792e+02,-2.041236257999609893e-01
1.164899999999999913e+01,3.668000000000000149e+00,9.992000000000000881e+00,6.323999999999999844e+00,3.790095683149999104e+02,4.991963493379000170e+02,-2.066802153000002473e-01
1.165000000000000036e+01,3.667941176470588260e+00,9.992647058823530770e+00,6.324705882352941622e+00,3.790614237089999961e+02,4.991951019822000148e+02,-2.069642808000050072e-01
1.166000000000000014e+01,3.667352941176470704e+00,9.999117647058824332e+00,6.331764705882353184e+00,3.795702199030000088e+02,4.991780967152000130e+02,-2.007910597999749969e-01
1.166600000000000037e+01,3.666999999999999815e+00,1.000300000000000011e+01,6.336000000000000298e+00,3.798755844610000167e+02,4.991769003656000336e+02,-2.007189079999749937e-01
1.166999999999999993e+01,3.681285714285713162e+00,1.001385714285714279e+01,6.332571428571428740e+00,3.800791608330000031e+02,4.991761027992000095e+02,-2.006708067999750100e-01
1.167999999999999972e+01,3.717000000000000082e+00,1.004100000000000037e+01,6.323999999999999844e+00,3.805825394689999825e+02,4.991838146242000107e+02,-1.985860207999670113e-01
1.168999999999999950e+01,3.687000000000000277e+00,1.001330769230769313e+01,6.326307692307691966e+00,3.810674335030000179e+02,4.991994998911999915e+02,-1.925334517999940098e-01
1.169299999999999962e+01,3.677999999999999936e+00,1.000500000000000078e+01,6.326999999999999957e+00,3.812169928870000035e+02,4.992062324039000032e+02,-1.934239396999901661e-01
1.169999999999999929e+01,3.683352941176469830e+00,1.000911764705882412e+01,6.325764705882352956e+00,3.815659647830000267e+02,4.992219416002000116e+02,-1.955017447999810032e-01
1.171000000000000085e+01,3.690999999999999837e+00,1.001500000000000057e+01,6.323999999999999844e+00,3.820644094350000159e+02,4.992283559502000116e+02,-1.974135047999900083e-01
1.172000000000000064e+01,3.652538461538461956e+00,9.967307692307691980e+00,6.314769230769231356e+00,3.825559480590000021e+02,4.992153770681999845e+02,-1.902583217999850029e-01
1.172300000000000075e+01,3.641000000000000014e+00,9.952999999999999403e+00,6.312000000000000277e+00,3.827051729202000274e+02,4.992121786721999683e+02,-1.899138392999915881e-01
1.173000000000000043e+01,3.641538461538461391e+00,9.954076923076922156e+00,6.312538461538461654e+00,3.830533642629999918e+02,4.992047157481999875e+02,-1.891100468000070089e-01
1.173600000000000065e+01,3.641999999999999904e+00,9.955000000000000071e+00,6.312999999999999723e+00,3.833535433270000112e+02,4.991996090119999963e+02,-1.914252679999855489e-01
1.174000000000000021e+01,3.653076923076922000e+00,9.969461538461537486e+00,6.316384615384614598e+00,3.835536627029999863e+02,4.991962045212000021e+02,-1.929687487999710016e-01
1.174900000000000055e+01,3.677999999999999936e+00,1.000200000000000067e+01,6.323999999999999844e+00,3.840066774077999980e+02,4.991878124837999735e+02,-1.928383639999700916e-01
1.175000000000000000e+01,3.676611111111111718e+00,1.000000000000000178e+01,6.323388888888889170e+00,3.840570123749999993e+02,4.991868800351999766e+02,-1.928238767999700121e-01
1.175999999999999979e+01,3.662722222222222435e+00,9.980000000000000426e+00,6.317277777777777992e+00,3.845603618249999727e+02,4.991775590771999873e+02,-1.916790107999939985e-01
1.176699999999999946e+01,3.653000000000000025e+00,9.965999999999999304e+00,6.312999999999999723e+00,3.849110289599999533e+02,4.991758540199999743e+02,-1.887949680999807811e-01
1.176999999999999957e+01,3.656000000000000139e+00,9.965769230769229381e+00,6.309769230769230575e+00,3.850613148749999937e+02,4.991751232812000012e+02,-1.875589497999750055e-01
1.177999999999999936e+01,3.665999999999999925e+00,9.964999999999999858e+00,6.299000000000000377e+00,3.855607022350000079e+02,4.991825718302000041e+02,-1.954741878000129940e-01
1.178999999999999915e+01,3.685999999999999943e+00,9.984230769230769909e+00,6.298230769230769077e+00,3.860574927929999944e+02,4.991828713901999777e+02,-2.003647618000090058e-01
1.179299999999999926e+01,3.692000000000000171e+00,9.990000000000000213e+00,6.298000000000000043e+00,3.862048004189999801e+02,4.991816743775999612e+02,-1.979277531999975859e-01
1.180000000000000071e+01,3.691461538461538350e+00,9.990000000000000213e+00,6.298538461538462307e+00,3.865485182130000226e+02,4.991788813481999796e+02,-1.922413997999699864e-01
1.180599999999999916e+01,3.690999999999999837e+00,9.990000000000000213e+00,6.299000000000000377e+00,3.868521386069999721e+02,4.991871839981999983e+02,-1.970031803999922615e-01
1.181000000000000050e+01,3.693588235294118061e+00,9.989529411764705102e+00,6.295941176470587486e+00,3.870545522030000143e+02,4.991927190981999729e+02,-2.001777008000089897e-01
1.182000000000000028e+01,3.700058823529411622e+00,9.988352941176470878e+00,6.288294117647058812e+00,3.875677458050000155e+02,4.992039607372000205e+02,-2.081032497999900088e-01
1.182300000000000040e+01,3.701999999999999957e+00,9.987999999999999545e+00,6.285999999999999588e+00,3.877190670518000388e+02,4.992008852143000013e+02,-2.068587285999845260e-01
1.183000000000000007e+01,3.708999999999999631e+00,9.989076923076922299e+00,6.280076923076923556e+00,3.880721499609999796e+02,4.991937089941999943e+02,-2.039548457999720010e-01
1.183600000000000030e+01,3.714999999999999858e+00,9.990000000000000213e+00,6.275000000000000355e+00,3.883786604577999810e+02,4.991829667448000123e+02,-2.026487525999659256e-01
1.183999999999999986e+01,3.718714285714285417e+00,9.993428571428571772e+00,6.274714285714286355e+00,3.885830007889999820e+02,4.991758052452000243e+02,-2.017780237999619863e-01
1.184999999999999964e+01,3.728000000000000203e+00,1.000200000000000067e+01,6.274000000000000021e+00,3.890856377430000066e+02,4.991614213362000214e+02,-2.046154798000039965e-01
1.185999999999999943e+01,3.706235294117649293e+00,9.980823529411766870e+00,6.274588235294118022e+00,3.895741836870000157e+02,4.991482326491999970e+02,-2.084602937999660011e-01
1.186700000000000088e+01,3.690999999999999837e+00,9.965999999999999304e+00,6.275000000000000355e+00,3.899222554894000723e+02,4.991428638283999817e+02,-2.083639205999659738e-01
1.186999999999999922e+01,3.672000000000008590e+00,9.944250000000009138e+00,6.272250000000001435e+00,3.900714291190000154e+02,4.991405629051999995e+02,-2.083226177999659978e-01
1.187899999999999956e+01,3.615000000000000213e+00,9.878999999999999559e+00,6.264000000000000234e+00,3.905157921147999787e+02,4.991416025446999924e+02,-2.055274157999789353e-01
1.188000000000000078e+01,3.615857142857143991e+00,9.879857142857144225e+00,6.264000000000000234e+00,3.905651657810000188e+02,4.991417180601999917e+02,-2.052168377999800120e-01
1.189000000000000057e+01,3.624428571428571555e+00,9.888428571428571345e+00,6.264000000000000234e+00,3.910589340710000101e+02,4.991598671901999751e+02,-2.121710717999860107e-01
1.189300000000000068e+01,3.626999999999999780e+00,9.891000000000000014e+00,6.264000000000000234e+00,3.912071666882000045e+02,4.991635222755999735e+02,-2.121509915999857110e-01
1.190000000000000036e+01,3.653352941176470026e+00,9.916529411764704705e+00,6.263176470588235567e+00,3.915530427950000103e+02,4.991720508082000265e+02,-2.121041377999849931e-01
1.191000000000000014e+01,3.690999999999999837e+00,9.952999999999999403e+00,6.261999999999999567e+00,3.920375075470000183e+02,4.991777095081999960e+02,-2.020162637999949884e-01
1.191999999999999993e+01,3.671000000000000263e+00,9.941461538461538794e+00,6.270461538461537643e+00,3.925428263769999830e+02,4.991865266432000112e+02,-2.019349587999950124e-01
1.192300000000000004e+01,3.665000000000000036e+00,9.938000000000000611e+00,6.272999999999999687e+00,3.926960908474000007e+02,4.991862579446000154e+02,-2.030999236000004815e-01
1.192999999999999972e+01,3.678999999999999382e+00,9.938000000000000611e+00,6.259000000000000341e+00,3.930537079449999851e+02,4.991856309812000063e+02,-2.058181748000129929e-01
1.193599999999999994e+01,3.690999999999999837e+00,9.938000000000000611e+00,6.246999999999999886e+00,3.933564534345999846e+02,4.991776765225999952e+02,-2.051227585999931546e-01
1.193999999999999950e+01,3.702384615384614275e+00,9.941384615384615486e+00,6.239000000000000767e+00,3.935582837609999842e+02,4.991723735502000068e+02,-2.046591477999800124e-01
1.194899999999999984e+01,3.728000000000000203e+00,9.948999999999999844e+00,6.221000000000000085e+00,3.940158957432000193e+02,4.991624091939000323e+02,-2.135222514999724208e-01
1.194999999999999929e+01,3.725166666666668736e+00,9.947000000000000952e+00,6.221833333333332661e+00,3.940667415190000042e+02,4.991613020432000098e+02,-2.145070407999709883e-01
1.196000000000000085e+01,3.696833333333331861e+00,9.926999999999999602e+00,6.230166666666667297e+00,3.945653288670000052e+02,4.991476743942000098e+02,-2.213480917999769981e-01
1.196700000000000053e+01,3.677000000000000046e+00,9.913000000000000256e+00,6.235999999999999766e+00,3.949099077589999638e+02,4.991420838505000006e+02,-2.275517542999866416e-01
1.197000000000000064e+01,3.680000000000000160e+00,9.913000000000000256e+00,6.232999999999999652e+00,3.950575844269999948e+02,4.991396879032000129e+02,-2.302104667999909926e-01
1.198000000000000043e+01,3.689999999999999947e+00,9.913000000000000256e+00,6.222999999999999865e+00,3.955501554950000127e+02,4.991437211872000148e+02,-2.441152108000010090e-01
1.199000000000000021e+01,3.699230769230768878e+00,9.913000000000000256e+00,6.213769230769231378e+00,3.960395016730000179e+02,4.991516051702000141e+02,-2.500342057999729861e-01
1.199300000000000033e+01,3.701999999999999957e+00,9.913000000000000256e+00,6.211000000000000298e+00,3.961885990276000484e+02,4.991559042251000164e+02,-2.518162168999817929e-01
1.200000000000000000e+01,3.691705882352941170e+00,9.907647058823529918e+00,6.215941176470588303e+00,3.965364928550000059e+02,4.991659353531999841e+02,-2.559742428000020276e-01
1.200999999999999979e+01,3.677000000000000046e+00,9.900000000000000355e+00,6.222999999999999865e+00,3.970299440829999753e+02,4.991720894041999941e+02,-2.508861498000060086e-01
1.201999999999999957e+01,3.686285714285714388e+00,9.898571428571427688e+00,6.212285714285713745e+00,3.975176876149999998e+02,4.991729484292000052e+02,-2.347805737999870135e-01
1.202399999999999913e+01,3.689999999999999947e+00,9.897999999999999687e+00,6.208000000000000185e+00,3.977195061950000081e+02,4.991748677955999938e+02,-2.311424257999813436e-01
1.202999999999999936e+01,3.671000000000000263e+00,9.873999999999998778e+00,6.203000000000000291e+00,3.980222340650000206e+02,4.991777468451999766e+02,-2.256852037999720062e-01
1.203599999999999959e+01,3.652000000000000135e+00,9.849999999999999645e+00,6.198000000000000398e+00,3.983275642910000442e+02,4.991771516332000260e+02,-2.250151765999857667e-01
1.203999999999999915e+01,3.659692307692306912e+00,9.857692307692307310e+00,6.198000000000000398e+00,3.985311177749999842e+02,4.991767548252000211e+02,-2.245684917999949959e-01
1.204899999999999949e+01,3.677000000000000046e+00,9.875000000000000000e+00,6.198000000000000398e+00,3.989953235063999841e+02,4.991618187042000159e+02,-2.163124767999833886e-01
1.205000000000000071e+01,3.678388888888890484e+00,9.876277777777779932e+00,6.197888888888889447e+00,3.990469019210000283e+02,4.991601591351999900e+02,-2.153951417999810103e-01
1.206000000000000050e+01,3.692277777777778436e+00,9.889055555555556154e+00,6.196777777777777274e+00,3.995622004530000027e+02,4.991345246622000218e+02,-2.051900037999890014e-01
1.206700000000000017e+01,3.701999999999999957e+00,9.897999999999999687e+00,6.195999999999999730e+00,3.999103520525999897e+02,4.991277581262000353e+02,-2.050886815999889978e-01
1.207000000000000028e+01,3.696461538461538243e+00,9.892692307692307452e+00,6.196230769230768765e+00,4.000595598809999842e+02,4.991248581822000006e+02,-2.050452577999890003e-01
1.208000000000000007e+01,3.677999999999999936e+00,9.875000000000000000e+00,6.197000000000000064e+00,4.005473401469999999e+02,4.991426300382000250e+02,-2.219995577999860081e-01
1.208999999999999986e+01,3.692117647058823504e+00,9.897352941176471575e+00,6.205235294117647626e+00,4.010411104350000073e+02,4.991607474162000244e+02,-2.379537378000050052e-01
1.209699999999999953e+01,3.701999999999999957e+00,9.913000000000000256e+00,6.211000000000000298e+00,4.013908804583999768e+02,4.991624769909000179e+02,-2.406820486999790287e-01
1.209999999999999964e+01,3.707769230769231150e+00,9.921307692307692605e+00,6.213538461538462343e+00,4.015407818969999880e+02,4.991632182371999988e+02,-2.418513247999679872e-01
1.210999999999999943e+01,3.726999999999999869e+00,9.948999999999999844e+00,6.222000000000000419e+00,4.020409095649999927e+02,4.991576985862000129e+02,-2.467206257999630115e-01
1.211999999999999922e+01,3.720333333333333492e+00,9.948444444444444201e+00,6.228111111111110709e+00,4.025441463509999949e+02,4.991503531962000011e+02,-2.515827937999580155e-01
1.212800000000000011e+01,3.714999999999999858e+00,9.948000000000000398e+00,6.232999999999999652e+00,4.029380393317999847e+02,4.991424089505999859e+02,-2.466671097999806050e-01
1.213000000000000078e+01,3.714846153846153687e+00,9.947692307692307168e+00,6.232846153846153925e+00,4.030365125769999963e+02,4.991404228892000106e+02,-2.454381887999859957e-01
1.214000000000000057e+01,3.714076923076922832e+00,9.946153846153846345e+00,6.232076923076923514e+00,4.035339272269999924e+02,4.991297862651999822e+02,-2.372899558000060027e-01
1.214100000000000001e+01,3.713999999999999968e+00,9.945999999999999730e+00,6.232000000000000206e+00,4.035852889339999479e+02,4.991284137483999643e+02,-2.366736837000034399e-01
1.215000000000000036e+01,3.697384615384614381e+00,9.921076923076922682e+00,6.223692307692306969e+00,4.040475442970000017e+02,4.991160610971999745e+02,-2.311272347999769883e-01
1.215399999999999991e+01,3.689999999999999947e+00,9.910000000000000142e+00,6.219999999999999751e+00,4.042513021745999708e+02,4.991120828651999659e+02,-2.270678455999813605e-01
1.216000000000000014e+01,3.685058823529411498e+00,9.905411764705881694e+00,6.220352941176470196e+00,4.045569389909999813e+02,4.991061155172000099e+02,-2.209787617999869891e-01
1.216999999999999993e+01,3.676823529411764380e+00,9.897764705882352132e+00,6.220941176470588196e+00,4.050491064110000252e+02,4.991172114652000005e+02,-2.139083767999810093e-01
1.217099999999999937e+01,3.676000000000000156e+00,9.897000000000000242e+00,6.221000000000000085e+00,4.050980982308000193e+02,4.991205068305000054e+02,-2.146091089999811463e-01
1.217999999999999972e+01,3.684307692307692950e+00,9.903923076923076607e+00,6.219615384615384990e+00,4.055390246090000232e+02,4.991501651181999932e+02,-2.209156987999859878e-01
1.218399999999999928e+01,3.688000000000000167e+00,9.907000000000000028e+00,6.219000000000000306e+00,4.057354143033999776e+02,4.991629657981999912e+02,-2.249171979999816384e-01
1.218999999999999950e+01,3.677285714285714935e+00,9.897142857142858574e+00,6.219857142857143195e+00,4.060299988450000228e+02,4.991821668182000167e+02,-2.309194467999760025e-01
1.219800000000000040e+01,3.662999999999999812e+00,9.884000000000000341e+00,6.221000000000000085e+00,4.064352351794000811e+02,4.991860685254000032e+02,-2.316430692000032987e-01
1.219999999999999929e+01,3.663117647058823145e+00,9.884235294117647896e+00,6.221117647058823863e+00,4.065365442629999961e+02,4.991870439521999856e+02,-2.318239748000099909e-01
1.221000000000000085e+01,3.663705882352941146e+00,9.885411764705882121e+00,6.221705882352941863e+00,4.070441145350000056e+02,4.991739681021999786e+02,-2.276649027999909924e-01
1.221499999999999986e+01,3.664000000000000146e+00,9.885999999999999233e+00,6.222000000000000419e+00,4.072991700169999376e+02,4.991714967996999803e+02,-2.290994542999837402e-01
1.222000000000000064e+01,3.687846153846157993e+00,9.909076923076925780e+00,6.221230769230769120e+00,4.075542254989999833e+02,4.991690254971999821e+02,-2.305340057999769876e-01
1.222799999999999976e+01,3.725999999999999979e+00,9.945999999999999730e+00,6.219999999999999751e+00,4.079590298749999420e+02,4.991664610035999772e+02,-2.400349681999761342e-01
1.223000000000000043e+01,3.718307692307689649e+00,9.936615384615381075e+00,6.218307692307691426e+00,4.080602309689999743e+02,4.991658198801999902e+02,-2.424102087999769894e-01
1.224000000000000021e+01,3.679846153846151768e+00,9.889692307692305562e+00,6.209846153846153349e+00,4.085495152230000144e+02,4.991396947452000177e+02,-2.342091397999969959e-01
1.224099999999999966e+01,3.676000000000000156e+00,9.884999999999999787e+00,6.208999999999999631e+00,4.085983210339999800e+02,4.991374755262000349e+02,-2.334904483999967750e-01
1.225000000000000000e+01,3.696647058823530951e+00,9.898235294117647243e+00,6.201588235294116735e+00,4.090375733330000116e+02,4.991175025552000193e+02,-2.270222257999910120e-01
1.225799999999999912e+01,3.714999999999999858e+00,9.910000000000000142e+00,6.195000000000000284e+00,4.094398442833999638e+02,4.991172058143999948e+02,-2.341317370000023657e-01
1.225999999999999979e+01,3.710999999999998966e+00,9.913230769230770179e+00,6.202230769230770768e+00,4.095404120210000087e+02,4.991171316292000029e+02,-2.359091148000060090e-01
1.226999999999999957e+01,3.691000000000002057e+00,9.929384615384613255e+00,6.238384615384611642e+00,4.100308131269999876e+02,4.991240812991999860e+02,-2.398245657999669989e-01
1.227100000000000080e+01,3.689000000000000057e+00,9.930999999999999162e+00,6.241999999999999993e+00,4.100809570822000296e+02,4.991247401866999667e+02,-2.399157360999705224e-01
1.227999999999999936e+01,3.653000000000005354e+00,9.897769230769235094e+00,6.244769230769231072e+00,4.105322526790000097e+02,4.991306701742000200e+02,-2.407362688000010131e-01
1.228400000000000070e+01,3.637000000000000011e+00,9.882999999999999119e+00,6.246000000000000441e+00,4.107320750438000800e+02,4.991324670754000294e+02,-2.394981483999833738e-01
1.228999999999999915e+01,3.645333333333331538e+00,9.890666666666664497e+00,6.245333333333333847e+00,4.110318085910000150e+02,4.991351624271999867e+02,-2.376409677999579972e-01
1.230000000000000071e+01,3.659222222222223486e+00,9.903444444444446049e+00,6.244222222222221674e+00,4.115233214009999756e+02,4.991401829441999780e+02,-2.385493457999910139e-01
1.230199999999999960e+01,3.661999999999999922e+00,9.906000000000000583e+00,6.243999999999999773e+00,4.116254863149999323e+02,4.991402034853999794e+02,-2.393266959999943988e-01
1.231000000000000050e+01,3.663333333333333552e+00,9.890666666666664497e+00,6.227333333333332277e+00,4.120341459709999867e+02,4.991402856501999850e+02,-2.424360968000099925e-01
1.231400000000000006e+01,3.664000000000000146e+00,9.882999999999999119e+00,6.219000000000000306e+00,4.122378814933999820e+02,4.991366997093999771e+02,-2.403781095999893702e-01
1.232000000000000028e+01,3.655333333333333545e+00,9.870666666666666700e+00,6.215333333333333599e+00,4.125434847770000033e+02,4.991313207982000222e+02,-2.372911287999580066e-01
1.233000000000000007e+01,3.640888888888889507e+00,9.850111111111111484e+00,6.209222222222222420e+00,4.130527093649999983e+02,4.991243562102000055e+02,-2.311532367999860060e-01
1.233200000000000074e+01,3.637999999999999901e+00,9.846000000000000085e+00,6.208000000000000185e+00,4.131545317054000179e+02,4.991233591118000277e+02,-2.309270663999909157e-01
1.233999999999999986e+01,3.629384615384616097e+00,9.830000000000001847e+00,6.200615384615384862e+00,4.135618210669999826e+02,4.991193707182000026e+02,-2.300223848000109983e-01
1.234500000000000064e+01,3.624000000000000110e+00,9.820000000000000284e+00,6.195999999999999730e+00,4.138073908860000074e+02,4.991163755651999736e+02,-2.264571658000073540e-01
1.234999999999999964e+01,3.610153846153848711e+00,9.801153846153850324e+00,6.191000000000000725e+00,4.140529607049999754e+02,4.991133804122000015e+02,-2.228919468000049864e-01
1.235800000000000054e+01,3.588000000000000078e+00,9.771000000000000796e+00,6.182999999999999829e+00,4.144420399514000337e+02,4.991195762026000011e+02,-2.204272363999710549e-01
1.235999999999999943e+01,3.593764705882350086e+00,9.775235294117646134e+00,6.181470588235295160e+00,4.145393097630000057e+02,4.991211251501999868e+02,-2.198110587999629884e-01
1.236999999999999922e+01,3.622588235294114778e+00,9.796411764705881708e+00,6.173823529411765598e+00,4.150314798470000142e+02,4.991321787621999988e+02,-2.247406017999570016e-01
1.237500000000000000e+01,3.637000000000000011e+00,9.807000000000000384e+00,6.169999999999999929e+00,4.152792618319999747e+02,4.991342985426999803e+02,-2.266929722999664887e-01
1.238000000000000078e+01,3.646285714285716129e+00,9.819857142857145504e+00,6.173571428571428932e+00,4.155270438169999920e+02,4.991364183232000187e+02,-2.286453427999760035e-01
1.238899999999999935e+01,3.662999999999999812e+00,9.842999999999999972e+00,6.179999999999999716e+00,4.159763098813999704e+02,4.991305262085999743e+02,-2.258245942999898837e-01
1.239000000000000057e+01,3.659235294117642479e+00,9.840176470588232860e+00,6.180941176470589049e+00,4.160262283330000059e+02,4.991298715291999883e+02,-2.255111777999909972e-01
1.240000000000000036e+01,3.621588235294117109e+00,9.811941176470588388e+00,6.190352941176470836e+00,4.165295773390000136e+02,4.991205576272000144e+02,-2.223663238000050113e-01
1.240600000000000058e+01,3.599000000000000199e+00,9.794999999999999929e+00,6.195999999999999730e+00,4.168335735202000478e+02,4.991222773988000085e+02,-2.253047842000027723e-01
1.241000000000000014e+01,3.606692307692306976e+00,9.805461538461537785e+00,6.198769230769229921e+00,4.170362376410000138e+02,4.991234239131999857e+02,-2.272637578000009928e-01
1.241900000000000048e+01,3.624000000000000110e+00,9.829000000000000625e+00,6.205000000000000071e+00,4.174949277224000639e+02,4.991261542926999937e+02,-2.325713862999752024e-01
1.241999999999999993e+01,3.622076923076924082e+00,9.828153846153847795e+00,6.206076923076922824e+00,4.175458932870000126e+02,4.991264576681999756e+02,-2.331611227999720037e-01
1.242999999999999972e+01,3.602846153846155364e+00,9.819692307692308830e+00,6.216846153846153022e+00,4.180625620330000061e+02,4.991119121852000262e+02,-2.249948157999910048e-01
1.243200000000000038e+01,3.599000000000000199e+00,9.817999999999999616e+00,6.219000000000000306e+00,4.181644525490000319e+02,4.991097205732000361e+02,-2.237644093999847650e-01
1.243999999999999950e+01,3.587444444444445324e+00,9.800666666666666416e+00,6.213222222222222868e+00,4.185720146130000217e+02,4.991009541252000190e+02,-2.188427837999619985e-01
1.244999999999999929e+01,3.572999999999999954e+00,9.778999999999999915e+00,6.206000000000000405e+00,4.190714583050000215e+02,4.991074148902000047e+02,-2.237545047999580095e-01
1.246000000000000085e+01,3.583833333333334537e+00,9.790666666666666629e+00,6.206833333333332980e+00,4.195640278189999890e+02,4.991114728701999752e+02,-2.306592907999620023e-01
1.246199999999999974e+01,3.585999999999999854e+00,9.792999999999999261e+00,6.206999999999999851e+00,4.196603789205999533e+02,4.991115692203999856e+02,-2.294381887999686620e-01
1.247000000000000064e+01,3.594000000000001194e+00,9.799769230769230788e+00,6.205769230769230482e+00,4.200457833269999810e+02,4.991119546212000273e+02,-2.245537807999919977e-01
1.247499999999999964e+01,3.599000000000000199e+00,9.804000000000000270e+00,6.205000000000000071e+00,4.202880738109999470e+02,4.991137679632000186e+02,-2.245062787999914933e-01
1.248000000000000043e+01,3.595176470588234974e+00,9.804588235294117382e+00,6.209411764705882852e+00,4.205303642950000267e+02,4.991155813052000099e+02,-2.244587767999909889e-01
1.249000000000000021e+01,3.587529411764706300e+00,9.805764705882351606e+00,6.218235294117646639e+00,4.210334606050000161e+02,4.991282426341999781e+02,-2.343915937999810073e-01
1.249200000000000088e+01,3.585999999999999854e+00,9.805999999999999162e+00,6.219999999999999751e+00,4.211333835422000220e+02,4.991289357663999908e+02,-2.353718169999807486e-01
1.250000000000000000e+01,3.571714285714286508e+00,9.803714285714285381e+00,6.231999999999999318e+00,4.215330752909999887e+02,4.991317082951999851e+02,-2.392927097999779928e-01
1.250600000000000023e+01,3.560999999999999943e+00,9.801999999999999602e+00,6.240999999999999659e+00,4.218344168730000092e+02,4.991272901465999894e+02,-2.356100627999945796e-01
1.250999999999999979e+01,3.549000000000001265e+00,9.791538461538461746e+00,6.242538461538461370e+00,4.220353112610000039e+02,4.991243447141999923e+02,-2.331549648000059982e-01
1.251900000000000013e+01,3.521999999999999797e+00,9.768000000000000682e+00,6.246000000000000441e+00,4.224890700084000059e+02,4.991187090950999732e+02,-2.303341217999662349e-01
1.251999999999999957e+01,3.525764705882350913e+00,9.771529411764705131e+00,6.245764705882353773e+00,4.225394876469999872e+02,4.991180829151999774e+02,-2.300206947999620111e-01
1.252999999999999936e+01,3.563411764705880724e+00,9.806823529411763829e+00,6.243411764705882661e+00,4.230442634209999824e+02,4.991188666912000258e+02,-2.269111487999770083e-01
1.253599999999999959e+01,3.585999999999999854e+00,9.827999999999999403e+00,6.241999999999999993e+00,4.233519889454000236e+02,4.991184209776000102e+02,-2.226410927999731559e-01
1.253999999999999915e+01,3.596571428571426310e+00,9.848857142857138314e+00,6.252285714285712004e+00,4.235571392950000131e+02,4.991181238351999809e+02,-2.197943887999710133e-01
1.255000000000000071e+01,3.623000000000000220e+00,9.900999999999999801e+00,6.277999999999999581e+00,4.240668488310000157e+02,4.991202086142000098e+02,-2.116883027999910127e-01
1.256000000000000050e+01,3.564538461538462322e+00,9.854076923076924288e+00,6.289538461538461078e+00,4.245617856009999969e+02,4.991354337512000257e+02,-2.146319347999759986e-01
1.256300000000000061e+01,3.547000000000000153e+00,9.839999999999999858e+00,6.293000000000000149e+00,4.247129968401999918e+02,4.991395498184000417e+02,-2.173128358999806553e-01
1.257000000000000028e+01,3.562647058823529278e+00,9.859352941176469542e+00,6.296705882352941153e+00,4.250658230650000178e+02,4.991491539752000222e+02,-2.235682717999910030e-01
1.258000000000000007e+01,3.584999999999999964e+00,9.887000000000000455e+00,6.301999999999999602e+00,4.255527988790000222e+02,4.991459201932000269e+02,-2.194485047999719940e-01
1.258999999999999986e+01,3.565769230769231246e+00,9.857769230769230617e+00,6.291999999999999815e+00,4.260408872849999966e+02,4.991407431462000091e+02,-2.163216407999860036e-01
1.259299999999999997e+01,3.560000000000000053e+00,9.849000000000000199e+00,6.288999999999999702e+00,4.261925861963999864e+02,4.991415806402999920e+02,-2.192908682999831771e-01
1.259999999999999964e+01,3.547076923076923460e+00,9.837153846153846359e+00,6.290076923076923343e+00,4.265465503230000195e+02,4.991435347931999900e+02,-2.262190657999759991e-01
1.260599999999999987e+01,3.536000000000000032e+00,9.826999999999999957e+00,6.291000000000000369e+00,4.268472598806000065e+02,4.991396624148000001e+02,-2.279385199999683087e-01
1.260999999999999943e+01,3.544470588235293373e+00,9.835705882352939966e+00,6.291235294117647037e+00,4.270477329189999978e+02,4.991370808291999879e+02,-2.290848227999630060e-01
1.261999999999999922e+01,3.565647058823528948e+00,9.857470588235294429e+00,6.291823529411765037e+00,4.275517082370000139e+02,4.991167954631999919e+02,-2.229011017999910083e-01
1.262299999999999933e+01,3.572000000000000064e+00,9.864000000000000767e+00,6.291999999999999815e+00,4.277031488466000155e+02,4.991116286595000133e+02,-2.201491660999871369e-01
1.263000000000000078e+01,3.525153846153835868e+00,9.836538461538456346e+00,6.311384615384620034e+00,4.280565102690000003e+02,4.990995727842000065e+02,-2.137279827999770121e-01
1.263599999999999923e+01,3.484999999999999876e+00,9.813000000000000611e+00,6.328000000000000291e+00,4.283526156041999684e+02,4.991026598436000086e+02,-2.124729951999712874e-01
1.264000000000000057e+01,3.484999999999999876e+00,9.812777777777778709e+00,6.327777777777777501e+00,4.285500191610000229e+02,4.991047178832000100e+02,-2.116363367999669898e-01
1.265000000000000036e+01,3.484999999999999876e+00,9.812222222222221291e+00,6.327222222222221859e+00,4.290518871070000273e+02,4.991213474371999723e+02,-2.125833687999990063e-01
1.265399999999999991e+01,3.484999999999999876e+00,9.811999999999999389e+00,6.326999999999999957e+00,4.292536370230000102e+02,4.991244690787999616e+02,-2.077494699999998251e-01
1.266000000000000014e+01,3.496999999999999886e+00,9.824333333333333584e+00,6.327333333333333698e+00,4.295562618970000131e+02,4.991291515411999740e+02,-2.004986217999999987e-01
1.266999999999999993e+01,3.516999999999998572e+00,9.844888888888887024e+00,6.327888888888889340e+00,4.300516515429999913e+02,4.991364391262000026e+02,-1.894140577999749997e-01
1.267200000000000060e+01,3.520999999999999908e+00,9.849000000000000199e+00,6.328000000000000291e+00,4.301504277338000293e+02,4.991396738386000038e+02,-1.896034977999816740e-01
1.267999999999999972e+01,3.520999999999999908e+00,9.833000000000000185e+00,6.312000000000000277e+00,4.305455324970000106e+02,4.991526126882000085e+02,-1.903612578000080102e-01
1.268399999999999928e+01,3.520999999999999908e+00,9.824999999999999289e+00,6.304000000000000270e+00,4.307404715585999497e+02,4.991557319717999803e+02,-1.895288918000040679e-01
1.268999999999999950e+01,3.537666666666666515e+00,9.845333333333332604e+00,6.307666666666666977e+00,4.310328801509999721e+02,4.991604108971999949e+02,-1.882803427999980017e-01
1.269999999999999929e+01,3.565444444444442862e+00,9.879222222222219685e+00,6.313777777777778155e+00,4.315188001490000147e+02,4.991581255401999897e+02,-1.821641437999710067e-01
1.270199999999999996e+01,3.571000000000000174e+00,9.885999999999999233e+00,6.315000000000000391e+00,4.316192591422000078e+02,4.991564467999999692e+02,-1.827358769999795074e-01
1.271000000000000085e+01,3.564230769230768647e+00,9.870615384615382126e+00,6.306384615384614811e+00,4.320210951149999801e+02,4.991497318392000011e+02,-1.850228098000130106e-01
1.271499999999999986e+01,3.560000000000000053e+00,9.861000000000000654e+00,6.301000000000000156e+00,4.322761799839999526e+02,4.991467472406999946e+02,-1.904555697999955333e-01
1.272000000000000064e+01,3.548529411764703934e+00,9.842470588235290307e+00,6.293941176470586818e+00,4.325312648529999819e+02,4.991437626421999880e+02,-1.958883297999799988e-01
1.273000000000000043e+01,3.525588235294115247e+00,9.805411764705878497e+00,6.279823529411763694e+00,4.330368399309999745e+02,4.991305480981999949e+02,-1.987292577999660026e-01
1.273199999999999932e+01,3.520999999999999908e+00,9.798000000000000043e+00,6.277000000000000135e+00,4.331361917169999174e+02,4.991272092151999686e+02,-1.976953697999675463e-01
1.274000000000000021e+01,3.574538461538467882e+00,9.835538461538465782e+00,6.260999999999998344e+00,4.335335988609999731e+02,4.991138536831999772e+02,-1.935598177999710012e-01
1.274499999999999922e+01,3.608000000000000096e+00,9.858999999999999986e+00,6.251000000000000334e+00,4.337805527999999526e+02,4.991129319446999943e+02,-1.925016222999667015e-01
1.275000000000000000e+01,3.597117647058822865e+00,9.844588235294116529e+00,6.247470588235294109e+00,4.340275067389999890e+02,4.991120102062000115e+02,-1.914434267999620132e-01
1.275999999999999979e+01,3.575352941176471955e+00,9.815764705882354946e+00,6.240411764705882547e+00,4.345191063990000089e+02,4.991330545541999868e+02,-1.944083318000039973e-01
1.276200000000000045e+01,3.571000000000000174e+00,9.810000000000000497e+00,6.238999999999999879e+00,4.346190461734000223e+02,4.991369609198000035e+02,-1.933998748000046453e-01
1.276999999999999957e+01,3.563000000000000611e+00,9.792769230769232891e+00,6.229769230769231392e+00,4.350188052710000193e+02,4.991525863822000133e+02,-1.893660468000090136e-01
1.277500000000000036e+01,3.557999999999999829e+00,9.782000000000000028e+00,6.224000000000000199e+00,4.352691818380000655e+02,4.991618904317000442e+02,-1.843431412999841090e-01
1.277999999999999936e+01,3.561333333333332796e+00,9.782277777777776961e+00,6.220944444444445054e+00,4.355195584049999979e+02,4.991711944812000183e+02,-1.793202357999610086e-01
1.278999999999999915e+01,3.567999999999999616e+00,9.782833333333332604e+00,6.214833333333333876e+00,4.360166606970000203e+02,4.991835737921999794e+02,-1.722532808000120097e-01
1.279299999999999926e+01,3.569999999999999840e+00,9.782999999999999474e+00,6.213000000000000078e+00,4.361672120586000005e+02,4.991834570570999858e+02,-1.716193736000093950e-01
1.280000000000000071e+01,3.569999999999999840e+00,9.784076923076924004e+00,6.214076923076922832e+00,4.365184985689999735e+02,4.991831846751999819e+02,-1.701402568000029980e-01
1.280599999999999916e+01,3.569999999999999840e+00,9.785000000000000142e+00,6.214999999999999858e+00,4.368214142533998938e+02,4.991722478134000198e+02,-1.658342572000010284e-01
1.281000000000000050e+01,3.576117647058825177e+00,9.793705882352943703e+00,6.217588235294118526e+00,4.370233580429999733e+02,4.991649565722000261e+02,-1.629635907999980038e-01
1.282000000000000028e+01,3.591411764705882526e+00,9.815470588235292837e+00,6.224058823529412088e+00,4.375236248549999800e+02,4.991394513701999927e+02,-1.567622787999700118e-01
1.282300000000000040e+01,3.596000000000000085e+00,9.821999999999999176e+00,6.225999999999999979e+00,4.376773431984000240e+02,4.991364967688999741e+02,-1.600176801999773912e-01
1.283000000000000007e+01,3.568538461538462769e+00,9.787538461538462187e+00,6.219000000000000306e+00,4.380360193330000129e+02,4.991296026992000066e+02,-1.676136167999940085e-01
1.283600000000000030e+01,3.544999999999999929e+00,9.757999999999999119e+00,6.213000000000000078e+00,4.383407867314000441e+02,4.991283425149999857e+02,-1.759414272000004997e-01
1.283999999999999986e+01,3.542333333333333556e+00,9.752666666666666373e+00,6.210333333333333705e+00,4.385439649969999891e+02,4.991275023921999718e+02,-1.814933008000040038e-01
1.284999999999999964e+01,3.535666666666666291e+00,9.739333333333332732e+00,6.203666666666665996e+00,4.390361620049999942e+02,4.991205389652000122e+02,-1.833592528000139998e-01
1.285399999999999920e+01,3.532999999999999918e+00,9.733999999999999986e+00,6.200999999999999623e+00,4.392345014114000037e+02,4.991202408760000253e+02,-1.841140839999951262e-01
1.285999999999999943e+01,3.578692307692303398e+00,9.773692307692304126e+00,6.195000000000000284e+00,4.395320105210000179e+02,4.991197937421999882e+02,-1.852463307999669961e-01
1.286700000000000088e+01,3.632000000000000117e+00,9.820000000000000284e+00,6.187999999999999723e+00,4.398743530418000773e+02,4.991288117574999887e+02,-1.880020081999795312e-01
1.286999999999999922e+01,3.627764705882355223e+00,9.817529411764708058e+00,6.189764705882351947e+00,4.400210712649999891e+02,4.991326766212000052e+02,-1.891830127999840072e-01
1.288000000000000078e+01,3.613647058823528990e+00,9.809294117647057831e+00,6.195647058823530173e+00,4.405167223070000091e+02,4.991529364851999730e+02,-1.961442747999899983e-01
1.288400000000000034e+01,3.608000000000000096e+00,9.805999999999999162e+00,6.198000000000000398e+00,4.407225123829999802e+02,4.991554704939999851e+02,-1.961074351999900212e-01
1.289000000000000057e+01,3.596461538461538154e+00,9.794461538461538552e+00,6.198000000000000398e+00,4.410311974969999937e+02,4.991592715072000033e+02,-1.960521757999900139e-01
1.289700000000000024e+01,3.583000000000000185e+00,9.781000000000000583e+00,6.198000000000000398e+00,4.413830011352000042e+02,4.991499386725000136e+02,-1.875409324999895155e-01
1.290000000000000036e+01,3.589000000000000856e+00,9.784833333333335048e+00,6.195833333333333748e+00,4.415337741230000006e+02,4.991459388861999855e+02,-1.838932567999889967e-01
1.291000000000000014e+01,3.609000000000001762e+00,9.797611111111113047e+00,6.188611111111110397e+00,4.420359530950000249e+02,4.991395736732000046e+02,-1.777590467999609902e-01
1.291499999999999915e+01,3.619000000000000217e+00,9.804000000000000270e+00,6.184999999999999609e+00,4.422874002719999567e+02,4.991388996102000419e+02,-1.792007417999817442e-01
1.291999999999999993e+01,3.614769230769230735e+00,9.780923076923075499e+00,6.166153846153845208e+00,4.425388474490000021e+02,4.991382255472000224e+02,-1.806424368000029979e-01
1.292800000000000082e+01,3.608000000000000096e+00,9.743999999999999773e+00,6.136000000000000121e+00,4.429357074122000313e+02,4.991344543479999629e+02,-1.765408208000064649e-01
1.292999999999999972e+01,3.613692307692304873e+00,9.749999999999996447e+00,6.136307692307692463e+00,4.430349224029999959e+02,4.991335115481999765e+02,-1.755154168000080117e-01
1.293999999999999950e+01,3.642153846153842522e+00,9.779999999999995808e+00,6.137846153846153285e+00,4.435429224009999984e+02,4.991304552092000222e+02,-1.773916377999600058e-01
1.294100000000000072e+01,3.645000000000000018e+00,9.782999999999999474e+00,6.137999999999999901e+00,4.435938937320000832e+02,4.991306576895000262e+02,-1.782810189999625983e-01
1.294999999999999929e+01,3.638647058823530234e+00,9.768176470588237237e+00,6.129529411764706559e+00,4.440526357109999935e+02,4.991324800122000056e+02,-1.862854497999749948e-01
1.295800000000000018e+01,3.633000000000000007e+00,9.755000000000000782e+00,6.121999999999999886e+00,4.444418535285999496e+02,4.991362514954000176e+02,-1.918122073999795618e-01
1.296000000000000085e+01,3.632857142857143007e+00,9.749714285714285111e+00,6.116857142857140772e+00,4.445391579829999955e+02,4.991371943661999921e+02,-1.931938967999810020e-01
1.297000000000000064e+01,3.632142857142857117e+00,9.723285714285712089e+00,6.091142857142854972e+00,4.450316700550000064e+02,4.991422577701999899e+02,-1.981022297999759929e-01
1.297199999999999953e+01,3.632000000000000117e+00,9.717999999999999972e+00,6.086000000000000298e+00,4.451290083973999572e+02,4.991426065594000079e+02,-1.980818065999762068e-01
1.298000000000000043e+01,3.685176470588237496e+00,9.764117647058824900e+00,6.078941176470587848e+00,4.455183617669999876e+02,4.991440017162000231e+02,-1.980001137999770067e-01
1.298900000000000077e+01,3.745000000000000107e+00,9.816000000000000725e+00,6.070999999999999730e+00,4.459643172426000319e+02,4.991487285530999998e+02,-1.979175837999760934e-01
1.299000000000000021e+01,3.735307692307697547e+00,9.810000000000004050e+00,6.074692307692305171e+00,4.460138678509999863e+02,4.991492537571999719e+02,-1.979084137999760074e-01
1.300000000000000000e+01,3.638384615384622212e+00,9.750000000000003553e+00,6.111615384615381785e+00,4.465236354950000077e+02,4.991503225281999789e+02,-1.947987627999910043e-01
1.300200000000000067e+01,3.619000000000000217e+00,9.737999999999999545e+00,6.118999999999999773e+00,4.466253149366000343e+02,4.991483191899999952e+02,-1.935690675999847676e-01
1.300999999999999979e+01,3.595000000000001972e+00,9.715411764705883968e+00,6.120411764705882440e+00,4.470320327030000271e+02,4.991403058372000032e+02,-1.886502867999620137e-01
1.301900000000000013e+01,3.568000000000000060e+00,9.689999999999999503e+00,6.121999999999999886e+00,4.474865593250000302e+02,4.991212176516999648e+02,-1.785817644999902198e-01
1.301999999999999957e+01,3.577692307692302620e+00,9.699384615384609276e+00,6.121692307692307544e+00,4.475370622830000116e+02,4.991190967421999858e+02,-1.774630397999940046e-01
1.302999999999999936e+01,3.674615384615377955e+00,9.793230769230762078e+00,6.118615384615385011e+00,4.480417512070000043e+02,4.991038566871999933e+02,-1.722969667999990073e-01
1.303200000000000003e+01,3.693999999999999950e+00,9.811999999999999389e+00,6.118000000000000327e+00,4.481420846270000311e+02,4.991043771789999823e+02,-1.720764817999923257e-01
1.303999999999999915e+01,3.670470588235295928e+00,9.788941176470590477e+00,6.118470588235294549e+00,4.485434183070000245e+02,4.991064591461999953e+02,-1.711945417999659880e-01
1.304899999999999949e+01,3.644000000000000128e+00,9.762999999999999901e+00,6.118999999999999773e+00,4.489913528159999032e+02,4.991238939155999788e+02,-1.783564528999993515e-01
1.305000000000000071e+01,3.644000000000000128e+00,9.762357142857142733e+00,6.118357142857141717e+00,4.490411233169999718e+02,4.991258311121999895e+02,-1.791522208000040084e-01
1.306000000000000050e+01,3.644000000000000128e+00,9.755928571428571061e+00,6.111928571428571821e+00,4.495452752209999971e+02,4.991375475442000038e+02,-1.900814757999700066e-01
1.306300000000000061e+01,3.644000000000000128e+00,9.753999999999999559e+00,6.110000000000000320e+00,4.496963240096000050e+02,4.991392461949000108e+02,-1.939538919999807265e-01
1.307000000000000028e+01,3.659235294117646919e+00,9.773764705882351578e+00,6.114529411764705991e+00,4.500487711829999853e+02,4.991432097132000081e+02,-2.029895298000050086e-01
1.308000000000000007e+01,3.681000000000000050e+00,9.801999999999999602e+00,6.121000000000000441e+00,4.505469016590000138e+02,4.991375831202000199e+02,-2.058588847999910099e-01
1.308999999999999986e+01,3.613307692307693220e+00,9.753538461538463267e+00,6.140230769230768715e+00,4.510378734110000210e+02,4.991345385262000036e+02,-2.127389677999959872e-01
1.309299999999999997e+01,3.592999999999999972e+00,9.739000000000000767e+00,6.145999999999999908e+00,4.511872442228000182e+02,4.991340475315000162e+02,-2.139040144999843629e-01
1.309999999999999964e+01,3.619923076923075911e+00,9.779384615384614676e+00,6.159461538461537877e+00,4.515357761170000117e+02,4.991329018772000268e+02,-2.166224567999570083e-01
1.310599999999999987e+01,3.642999999999999794e+00,9.814000000000000057e+00,6.171000000000000263e+00,4.518315898174000154e+02,4.991305699004000189e+02,-2.135484035999604124e-01
1.310999999999999943e+01,3.651444444444443160e+00,9.819111111111110901e+00,6.167666666666667297e+00,4.520287989509999989e+02,4.991290152491999947e+02,-2.114990347999629872e-01
1.311999999999999922e+01,3.672555555555553131e+00,9.831888888888887124e+00,6.159333333333334437e+00,4.525330312250000020e+02,4.991217727221999780e+02,-2.033612597999809868e-01
1.312400000000000055e+01,3.681000000000000050e+00,9.836999999999999744e+00,6.155999999999999694e+00,4.527337433970000120e+02,4.991220192449999900e+02,-2.017174689999726989e-01
1.313000000000000078e+01,3.658384615384614236e+00,9.803307692307690502e+00,6.144923076923076266e+00,4.530348116549999986e+02,4.991223890292000078e+02,-1.992517827999610025e-01
1.313700000000000045e+01,3.632000000000000117e+00,9.763999999999999346e+00,6.131999999999999673e+00,4.533785296044000006e+02,4.991195935302000066e+02,-1.942654251999982318e-01
1.314000000000000057e+01,3.646307692307693138e+00,9.778307692307691923e+00,6.131999999999999673e+00,4.535258372970000096e+02,4.991183954591999736e+02,-1.921284148000139969e-01
1.315000000000000036e+01,3.693999999999999950e+00,9.826000000000000512e+00,6.131999999999999673e+00,4.540267333489999828e+02,4.991169580311999994e+02,-1.880118887999950028e-01
1.316000000000000014e+01,3.717124999999999346e+00,9.834125000000000227e+00,6.116999999999999993e+00,4.545323365030000105e+02,4.991207939102000068e+02,-1.849129268000080095e-01
1.316600000000000037e+01,3.730999999999999872e+00,9.839000000000000412e+00,6.107999999999999652e+00,4.548273994282000103e+02,4.991316149893999636e+02,-1.890854924000118509e-01
1.316999999999999993e+01,3.703923076923079538e+00,9.808538461538464759e+00,6.104615384615384777e+00,4.550241080449999913e+02,4.991388290421999727e+02,-1.918672028000139862e-01
1.317900000000000027e+01,3.642999999999999794e+00,9.740000000000000213e+00,6.097000000000000419e+00,4.554756893972000285e+02,4.991555482504000452e+02,-2.053258190000022132e-01
1.317999999999999972e+01,3.650692307692303462e+00,9.747538461538457710e+00,6.096846153846154692e+00,4.555258651030000010e+02,4.991574059402000216e+02,-2.068212208000000107e-01
1.318999999999999950e+01,3.727615384615379224e+00,9.822923076923071761e+00,6.095307692307692093e+00,4.560255374530000267e+02,4.991598626492000221e+02,-2.147187837999819937e-01
1.319200000000000017e+01,3.742999999999999883e+00,9.837999999999999190e+00,6.094999999999999751e+00,4.561247239850000597e+02,4.991559098175999907e+02,-2.146827729999817858e-01
1.319999999999999929e+01,3.742999999999999883e+00,9.837555555555555387e+00,6.094555555555555948e+00,4.565214701130000208e+02,4.991400984911999785e+02,-2.145387297999810094e-01
1.321000000000000085e+01,3.742999999999999883e+00,9.836999999999999744e+00,6.094000000000000306e+00,4.570290998250000030e+02,4.991259854652000172e+02,-2.213760567999870088e-01
1.322000000000000064e+01,3.666076923076924121e+00,9.750076923076925084e+00,6.084000000000000519e+00,4.575342189190000113e+02,4.991207578652000052e+02,-2.242452647999730042e-01
1.322300000000000075e+01,3.642999999999999794e+00,9.724000000000000199e+00,6.081000000000000405e+00,4.576856519842000353e+02,4.991209877059999940e+02,-2.248123919999754361e-01
1.323000000000000043e+01,3.672166666666667023e+00,9.747333333333333627e+00,6.075166666666667048e+00,4.580389958029999775e+02,4.991215240011999867e+02,-2.261356887999809995e-01
1.324000000000000021e+01,3.713833333333335318e+00,9.780666666666668618e+00,6.066833333333332412e+00,4.585552657850000173e+02,4.991139635662000273e+02,-2.189941207999769879e-01
1.324099999999999966e+01,3.717999999999999972e+00,9.784000000000000696e+00,6.065999999999999837e+00,4.586044908747999784e+02,4.991131723259000523e+02,-2.177803708999776489e-01
1.325000000000000000e+01,3.682692307692306155e+00,9.742461538461537174e+00,6.059769230769230575e+00,4.590475166830000262e+02,4.991060511631999930e+02,-2.068566217999769918e-01
1.325399999999999956e+01,3.666999999999999815e+00,9.724000000000000199e+00,6.057000000000000384e+00,4.592444068941999831e+02,4.991100831392000146e+02,-2.060270417999730819e-01
1.325999999999999979e+01,3.658176470588235585e+00,9.728588235294116870e+00,6.070411764705881730e+00,4.595397422109999752e+02,4.991161311032000185e+02,-2.047826717999670088e-01
1.326999999999999957e+01,3.643470588235295793e+00,9.736235294117646433e+00,6.092764705882349752e+00,4.600395572990000232e+02,4.991336309152000013e+02,-2.097332567999619923e-01
1.327100000000000080e+01,3.641999999999999904e+00,9.737000000000000099e+00,6.094999999999999751e+00,4.600880095184000993e+02,4.991340962428000125e+02,-2.089241146999627763e-01
1.327999999999999936e+01,3.673999999999996824e+00,9.760999999999997456e+00,6.087000000000000632e+00,4.605240794929999879e+02,4.991382841912000004e+02,-2.016418357999799904e-01
1.328899999999999970e+01,3.705999999999999961e+00,9.785000000000000142e+00,6.078999999999999737e+00,4.609725253856000222e+02,4.991467590501999894e+02,-2.015719750999808990e-01
1.328999999999999915e+01,3.703076923076924487e+00,9.783153846153847866e+00,6.080076923076922490e+00,4.610223527069999818e+02,4.991477007011999945e+02,-2.015642127999809907e-01
1.330000000000000071e+01,3.673846153846150653e+00,9.764692307692305562e+00,6.090846153846155353e+00,4.615265609429999927e+02,4.991584293491999915e+02,-2.094899507999619936e-01
1.330199999999999960e+01,3.668000000000000149e+00,9.760999999999999233e+00,6.092999999999999972e+00,4.616272197441999197e+02,4.991567598919999682e+02,-2.106616761999673682e-01
1.331000000000000050e+01,3.685882352941177054e+00,9.784529411764706808e+00,6.098647058823529754e+00,4.620298549490000255e+02,4.991500820631999886e+02,-2.153485777999920026e-01
1.331900000000000084e+01,3.705999999999999961e+00,9.810999999999999943e+00,6.105000000000000426e+00,4.624882851050000454e+02,4.991257824852999647e+02,-2.124608477000044238e-01
1.332000000000000028e+01,3.704076923076923933e+00,9.810000000000000497e+00,6.105923076923076565e+00,4.625392217890000097e+02,4.991230825321999873e+02,-2.121399888000060074e-01
1.333000000000000007e+01,3.684846153846155214e+00,9.800000000000000711e+00,6.115153846153845940e+00,4.630470204970000054e+02,4.991060061541999744e+02,-2.099667647999949871e-01
1.333200000000000074e+01,3.681000000000000050e+00,9.798000000000000043e+00,6.116999999999999993e+00,4.631472742974000312e+02,4.991079215387999852e+02,-2.105512239999925983e-01
1.333999999999999986e+01,3.652555555555557110e+00,9.759333333333335858e+00,6.106777777777778304e+00,4.635482894990000204e+02,4.991155830771999717e+02,-2.128890607999819884e-01
1.334999999999999964e+01,3.616999999999999993e+00,9.711000000000000298e+00,6.094000000000000306e+00,4.640542092709999906e+02,4.991314210912000249e+02,-2.198324377999870127e-01
1.335999999999999943e+01,3.722384615384613848e+00,9.776384615384614563e+00,6.054000000000000270e+00,4.645581581089999759e+02,4.991291457081999852e+02,-2.187122958000090045e-01
1.336299999999999955e+01,3.754000000000000004e+00,9.795999999999999375e+00,6.041999999999999815e+00,4.647045672649999801e+02,4.991278963381000153e+02,-2.165753043000076816e-01
1.336999999999999922e+01,3.713235294117651630e+00,9.781176470588237137e+00,6.067941176470585063e+00,4.650461886290000280e+02,4.991249811412000099e+02,-2.115889908000050113e-01
1.338000000000000078e+01,3.654999999999999805e+00,9.759999999999999787e+00,6.105000000000000426e+00,4.655312549889999900e+02,4.991376501362000226e+02,-2.115257808000060025e-01
1.339000000000000057e+01,3.654999999999999805e+00,9.750000000000000000e+00,6.094999999999999751e+00,4.660185202750000144e+02,4.991644390562000240e+02,-2.195119497999870051e-01
1.339300000000000068e+01,3.654999999999999805e+00,9.746999999999999886e+00,6.091999999999999638e+00,4.661677025271999923e+02,4.991672500847000151e+02,-2.185886745999908454e-01
1.340000000000000036e+01,3.674055555555555852e+00,9.771111111111110858e+00,6.097055555555555451e+00,4.665157944489999977e+02,4.991738091511999755e+02,-2.164343658000000004e-01
1.341000000000000014e+01,3.701277777777779221e+00,9.805555555555557135e+00,6.104277777777778802e+00,4.670152047369999764e+02,4.991633041651999747e+02,-2.032861207999669961e-01
1.341099999999999959e+01,3.704000000000000181e+00,9.808999999999999275e+00,6.105000000000000426e+00,4.670664268855999808e+02,4.991626219836999780e+02,-2.034723204999678015e-01
1.341999999999999993e+01,3.704692307692307729e+00,9.799999999999998934e+00,6.095307692307692093e+00,4.675274262230000204e+02,4.991564823502000081e+02,-2.051481177999759931e-01
1.342399999999999949e+01,3.705000000000000071e+00,9.795999999999999375e+00,6.091000000000000192e+00,4.677279450373999907e+02,4.991530992478000144e+02,-2.070915877999742194e-01
1.342999999999999972e+01,3.709235294117647186e+00,9.800235294117646490e+00,6.091000000000000192e+00,4.680287232590000031e+02,4.991480245942000238e+02,-2.100067927999720030e-01
1.343999999999999950e+01,3.716294117647058304e+00,9.807294117647057163e+00,6.091000000000000192e+00,4.685339249429999882e+02,4.991238027552000176e+02,-2.038089107999989935e-01
1.344100000000000072e+01,3.717000000000000082e+00,9.807999999999999829e+00,6.091000000000000192e+00,4.685842940202000477e+02,4.991222726970000281e+02,-2.033923049999966648e-01
1.344999999999999929e+01,3.723352941176469866e+00,9.813823529411763502e+00,6.090470588235294080e+00,4.690376157150000154e+02,4.991085021732000087e+02,-1.996428527999810076e-01
1.345800000000000018e+01,3.729000000000000092e+00,9.819000000000000838e+00,6.089999999999999858e+00,4.694368509469999822e+02,4.991192701132000025e+02,-2.011920399999889142e-01
1.346000000000000085e+01,3.723153846153844260e+00,9.812999999999998835e+00,6.089846153846154131e+00,4.695366597550000165e+02,4.991219620982000151e+02,-2.015793367999909880e-01
1.347000000000000064e+01,3.693923076923075310e+00,9.782999999999997698e+00,6.089076923076923720e+00,4.700350218169999721e+02,4.991473706872000093e+02,-2.125581867999579988e-01
1.347100000000000009e+01,3.690999999999999837e+00,9.779999999999999361e+00,6.089000000000000412e+00,4.700858248907999268e+02,4.991487658620000047e+02,-2.133518126999613684e-01
1.348000000000000043e+01,3.716499999999999915e+00,9.806999999999998607e+00,6.090500000000000469e+00,4.705430525549999743e+02,4.991613224352000202e+02,-2.204944457999959972e-01
1.348900000000000077e+01,3.741999999999999993e+00,9.833999999999999631e+00,6.091999999999999638e+00,4.709870798958000364e+02,4.991524491587999819e+02,-2.113643040000035556e-01
1.349000000000000021e+01,3.742999999999999439e+00,9.835692307692307068e+00,6.092692307692306741e+00,4.710364162669999928e+02,4.991514632391999839e+02,-2.103498438000049875e-01
1.350000000000000000e+01,3.752999999999999226e+00,9.852615384615383221e+00,6.099615384615383995e+00,4.715333190449999847e+02,4.991497942871999953e+02,-2.072333957999620002e-01
1.350200000000000067e+01,3.754999999999999893e+00,9.855999999999999872e+00,6.100999999999999979e+00,4.716355583270000125e+02,4.991520212265999703e+02,-2.084185163999680290e-01
1.350999999999999979e+01,3.725352941176472754e+00,9.821647058823531395e+00,6.096294117647059529e+00,4.720445154550000098e+02,4.991609289841999839e+02,-2.131589987999900071e-01
1.351900000000000013e+01,3.692000000000000171e+00,9.782999999999999474e+00,6.091000000000000192e+00,4.724914197663999857e+02,4.991648244650000379e+02,-2.085732953999942241e-01
1.351999999999999957e+01,3.695769230769228919e+00,9.787692307692305249e+00,6.091923076923076330e+00,4.725410758009999768e+02,4.991652572962000249e+02,-2.080637727999949949e-01
1.352999999999999936e+01,3.733461538461535945e+00,9.834615384615380762e+00,6.101153846153845706e+00,4.730492454609999982e+02,4.991592270212000244e+02,-2.039294247999769993e-01
1.353200000000000003e+01,3.741000000000000103e+00,9.843999999999999417e+00,6.102999999999999758e+00,4.731516215382000610e+02,4.991590578774000164e+02,-2.051060613999828031e-01
1.353999999999999915e+01,3.758333333333330639e+00,9.854666666666664909e+00,6.096333333333333826e+00,4.735611258470000280e+02,4.991583813021999845e+02,-2.098126078000039918e-01
1.355000000000000071e+01,3.779999999999999805e+00,9.868000000000000327e+00,6.088000000000000078e+00,4.740526664689999734e+02,4.991453706681999734e+02,-2.116573707999580001e-01
1.356000000000000050e+01,3.750000000000000444e+00,9.840307692307693088e+00,6.090307692307692200e+00,4.745436070370000152e+02,4.991253250432000073e+02,-2.104774277999809928e-01
1.356300000000000061e+01,3.741000000000000103e+00,9.832000000000000739e+00,6.091000000000000192e+00,4.746923011382000368e+02,4.991208965229999990e+02,-2.095287194999851388e-01
1.357000000000000028e+01,3.767352941176470349e+00,9.847647058823529420e+00,6.080294117647059515e+00,4.750392540409999924e+02,4.991105633092000176e+02,-2.073150667999950070e-01
1.358000000000000007e+01,3.805000000000000160e+00,9.869999999999999218e+00,6.065000000000000391e+00,4.755261470429999804e+02,4.991263272941999958e+02,-2.112623957999580082e-01
1.358999999999999986e+01,3.765000000000000568e+00,9.838461538461539035e+00,6.073461538461538467e+00,4.760299874770000201e+02,4.991610455492000256e+02,-2.272729047999769991e-01
1.359299999999999997e+01,3.753000000000000114e+00,9.829000000000000625e+00,6.075999999999999623e+00,4.761827300763999915e+02,4.991646544445000018e+02,-2.281516641999731532e-01
1.359999999999999964e+01,3.763111111111110407e+00,9.834833333333332206e+00,6.071722222222222243e+00,4.765391294749999815e+02,4.991730752002000031e+02,-2.302021027999640035e-01
1.360999999999999943e+01,3.777555555555553557e+00,9.843166666666665066e+00,6.065611111111111953e+00,4.770309513130000028e+02,4.991551327021999782e+02,-2.150292927999760129e-01
1.361100000000000065e+01,3.778999999999999915e+00,9.843999999999999417e+00,6.065000000000000391e+00,4.770816084362000424e+02,4.991538204757000017e+02,-2.143133894999747213e-01
1.361999999999999922e+01,3.844249999999997058e+00,9.906999999999996476e+00,6.062750000000000306e+00,4.775375225450000016e+02,4.991420104371999855e+02,-2.078702597999720070e-01
1.362299999999999933e+01,3.866000000000000103e+00,9.928000000000000824e+00,6.062000000000000277e+00,4.776892209901999991e+02,4.991428553400999704e+02,-2.087394998999677065e-01
1.363000000000000078e+01,3.835529411764701635e+00,9.893823529411760020e+00,6.058294117647058386e+00,4.780431840289999741e+02,4.991448267801999918e+02,-2.107677267999580051e-01
1.364000000000000057e+01,3.791999999999999815e+00,9.845000000000000639e+00,6.052999999999999936e+00,4.785537227209999855e+02,4.991499354381999751e+02,-2.106721767999580053e-01
1.365000000000000036e+01,3.819142857142857839e+00,9.870000000000000995e+00,6.050857142857142712e+00,4.790682235030000129e+02,4.991382745892000230e+02,-2.015165227999999864e-01
1.365399999999999991e+01,3.830000000000000071e+00,9.880000000000000782e+00,6.049999999999999822e+00,4.792718905389999691e+02,4.991358881012000097e+02,-1.990627799999890035e-01
1.366000000000000014e+01,3.833882352941176741e+00,9.888470588235295011e+00,6.054588235294117382e+00,4.795773910930000170e+02,4.991323083692000182e+02,-1.953821657999720018e-01
1.366999999999999993e+01,3.840352941176471191e+00,9.902588235294118135e+00,6.062235294117646944e+00,4.800735557830000175e+02,4.991435723371999984e+02,-2.053115947999619995e-01
1.367099999999999937e+01,3.841000000000000192e+00,9.903999999999999915e+00,6.062999999999999723e+00,4.801236228331999882e+02,4.991438240608000001e+02,-2.060013495999622191e-01
1.367999999999999972e+01,3.797384615384613582e+00,9.861769230769228400e+00,6.064384615384615707e+00,4.805742262850000088e+02,4.991460895732000154e+02,-2.122091427999679980e-01
1.368399999999999928e+01,3.778000000000000025e+00,9.842999999999999972e+00,6.065000000000000391e+00,4.807723029594000081e+02,4.991433754235999913e+02,-2.121555031999680097e-01
1.368999999999999950e+01,3.795999999999999375e+00,9.855352941176469983e+00,6.059352941176471496e+00,4.810694179710000071e+02,4.991393041992000121e+02,-2.120750437999679994e-01
1.369999999999999929e+01,3.825999999999996515e+00,9.875941176470586669e+00,6.049941176470589710e+00,4.815688612189999844e+02,4.991457720202000132e+02,-2.149867768000099932e-01
1.370100000000000051e+01,3.829000000000000181e+00,9.878000000000000114e+00,6.049000000000000377e+00,4.816194362522000461e+02,4.991476528624000366e+02,-2.163821708000068789e-01
1.371000000000000085e+01,3.836071428571429021e+00,9.917214285714289090e+00,6.081142857142860514e+00,4.820746115509999754e+02,4.991645804422000197e+02,-2.289407167999640003e-01
1.371499999999999986e+01,3.839999999999999858e+00,9.939000000000000057e+00,6.099000000000000199e+00,4.823267442789999677e+02,4.991694438182000226e+02,-2.334018152999697004e-01
1.372000000000000064e+01,3.836764705882352189e+00,9.932235294117646163e+00,6.095470588235293086e+00,4.825788770070000169e+02,4.991743071942000256e+02,-2.378629137999770105e-01
1.373000000000000043e+01,3.830294117647058183e+00,9.918705882352940151e+00,6.088411764705881524e+00,4.830728111430000240e+02,4.991544572622000260e+02,-2.296829497999970104e-01
1.373199999999999932e+01,3.829000000000000181e+00,9.916000000000000369e+00,6.086999999999999744e+00,4.831726076105999823e+02,4.991503467180000371e+02,-2.274462325999934142e-01
1.374000000000000021e+01,3.835857142857143298e+00,9.916000000000000369e+00,6.080142857142856627e+00,4.835717934809999861e+02,4.991339045412000246e+02,-2.184993637999730065e-01
1.374600000000000044e+01,3.841000000000000192e+00,9.916000000000000369e+00,6.075000000000000178e+00,4.838769875778000369e+02,4.991356948284000055e+02,-2.208378025999845340e-01
1.375000000000000000e+01,3.832058823529412628e+00,9.910352941176471475e+00,6.078294117647058847e+00,4.840804503090000139e+02,4.991368883531999927e+02,-2.223967617999919877e-01
1.375999999999999979e+01,3.809705882352941497e+00,9.896235294117646575e+00,6.086529411764706410e+00,4.845865969629999768e+02,4.991487505352000085e+02,-2.243260288000009928e-01
1.376299999999999990e+01,3.802999999999999936e+00,9.891999999999999460e+00,6.089000000000000412e+00,4.847368996444000118e+02,4.991477255780000064e+02,-2.215889589999963383e-01
1.376999999999999957e+01,3.802999999999999936e+00,9.910307692307691596e+00,6.107307692307691660e+00,4.850876059010000176e+02,4.991453340112000205e+02,-2.152024627999860051e-01
1.377599999999999980e+01,3.802999999999999936e+00,9.926000000000000156e+00,6.123000000000000220e+00,4.853851827422000156e+02,4.991436994197999866e+02,-2.133304855999942906e-01
1.377999999999999936e+01,3.814999999999999059e+00,9.935411764705881055e+00,6.120411764705882440e+00,4.855835673029999953e+02,4.991426096921999829e+02,-2.120825007999999900e-01
1.378999999999999915e+01,3.844999999999999307e+00,9.958941176470586853e+00,6.113941176470588879e+00,4.860752515510000080e+02,4.991446280491999801e+02,-2.149802617999869991e-01
1.379299999999999926e+01,3.854000000000000092e+00,9.965999999999999304e+00,6.112000000000000099e+00,4.862227740579999704e+02,4.991449319290999824e+02,-2.164485259999853195e-01
1.380000000000000071e+01,3.826538461538455671e+00,9.938538461538454882e+00,6.112000000000000099e+00,4.865669932409999774e+02,4.991456409822000069e+02,-2.198744757999820110e-01
1.380599999999999916e+01,3.802999999999999936e+00,9.914999999999999147e+00,6.112000000000000099e+00,4.868692604801998982e+02,4.991460643475999746e+02,-2.216087391999731759e-01
1.381000000000000050e+01,3.805823529411765271e+00,9.915235294117646703e+00,6.109411764705881431e+00,4.870707719729999781e+02,4.991463465911999720e+02,-2.227649147999679891e-01
1.382000000000000028e+01,3.812882352941176389e+00,9.915823529411765591e+00,6.102941176470587870e+00,4.875723248549999767e+02,4.991509493141999769e+02,-2.206695657999580007e-01
1.382300000000000040e+01,3.814999999999999947e+00,9.916000000000000369e+00,6.100999999999999979e+00,4.877214733079999860e+02,4.991543530130999784e+02,-2.215484007999709570e-01
1.383000000000000007e+01,3.847500000000000142e+00,9.954000000000000625e+00,6.106500000000000483e+00,4.880694863649999888e+02,4.991622949772000197e+02,-2.235990158000009942e-01
1.383699999999999974e+01,3.879999999999999893e+00,9.992000000000000881e+00,6.112000000000000099e+00,4.884280635448000112e+02,4.991694154891999915e+02,-2.319444235000014953e-01
1.383999999999999986e+01,3.872941176470587443e+00,9.989000000000000767e+00,6.116058823529412436e+00,4.885817394790000208e+02,4.991724671371999875e+02,-2.355210268000020035e-01
1.384999999999999964e+01,3.849411764705881644e+00,9.978999999999999204e+00,6.129588235294117560e+00,4.890838890429999992e+02,4.991490726691999953e+02,-2.293267427999730046e-01
1.385399999999999920e+01,3.839999999999999858e+00,9.974999999999999645e+00,6.134999999999999787e+00,4.892861060678000058e+02,4.991369949063999911e+02,-2.248391179999862100e-01
1.385999999999999943e+01,3.822499999999999787e+00,9.957000000000000739e+00,6.134500000000000064e+00,4.895894316050000157e+02,4.991188782621999849e+02,-2.181076808000050049e-01
1.386599999999999966e+01,3.805000000000000160e+00,9.939000000000000057e+00,6.134000000000000341e+00,4.899013524314000279e+02,4.991186380756000176e+02,-2.234374789999807320e-01
1.386999999999999922e+01,3.817842105263156594e+00,9.944473684210525022e+00,6.126631578947369761e+00,4.901092996489999791e+02,4.991184779512000205e+02,-2.269906777999640135e-01
1.388000000000000078e+01,3.849947368421056115e+00,9.958157894736842763e+00,6.108210526315787980e+00,4.906163326789999815e+02,4.991323621161999995e+02,-2.379269397999869973e-01
1.388499999999999979e+01,3.866000000000000103e+00,9.964999999999999858e+00,6.099000000000000199e+00,4.908626164369999287e+02,4.991344069822000051e+02,-2.368793597999826750e-01
1.389000000000000057e+01,3.846384615384612182e+00,9.954230769230766995e+00,6.107846153846155701e+00,4.911089001949999897e+02,4.991364518482000108e+02,-2.358317797999779919e-01
1.389799999999999969e+01,3.814999999999999947e+00,9.936999999999999389e+00,6.121999999999999886e+00,4.915100974349999774e+02,4.991409242537999944e+02,-2.365583142000035333e-01
1.390000000000000036e+01,3.817941176470589060e+00,9.940058823529412280e+00,6.122117647058823664e+00,4.916103967450000027e+02,4.991420423551999761e+02,-2.367399478000100088e-01
1.391000000000000014e+01,3.832647058823530628e+00,9.955352941176471404e+00,6.122705882352941664e+00,4.921027941550000264e+02,4.991491130791999922e+02,-2.386553687999639906e-01
1.391499999999999915e+01,3.839999999999999858e+00,9.962999999999999190e+00,6.123000000000000220e+00,4.923451134709999906e+02,4.991504219451999802e+02,-2.401060902999847257e-01
1.391999999999999993e+01,3.835384615384615170e+00,9.957615384615383647e+00,6.122230769230769809e+00,4.925874327870000116e+02,4.991517308112000251e+02,-2.415568118000059883e-01
1.392800000000000082e+01,3.827999999999999847e+00,9.948999999999999844e+00,6.121000000000000441e+00,4.929898841774000289e+02,4.991482703391999962e+02,-2.398550637999985746e-01
1.392999999999999972e+01,3.823529411764708286e+00,9.944882352941178283e+00,6.121352941176470885e+00,4.930904970249999906e+02,4.991474052212000174e+02,-2.394296267999969918e-01
1.393999999999999950e+01,3.801176470588237599e+00,9.924294117647059821e+00,6.123117647058823110e+00,4.935854023890000235e+02,4.991456328552000059e+02,-2.333132387999679869e-01
1.394500000000000028e+01,3.790000000000000036e+00,9.913999999999999702e+00,6.123999999999999666e+00,4.938355369260000316e+02,4.991504051652000271e+02,-2.312744182999866283e-01
1.394999999999999929e+01,3.814615384615379856e+00,9.942846153846147672e+00,6.128230769230768260e+00,4.940856714629999829e+02,4.991551774751999915e+02,-2.292355978000059913e-01
1.395800000000000018e+01,3.854000000000000092e+00,9.989000000000000767e+00,6.134999999999999787e+00,4.944937388725999767e+02,4.991656341999999995e+02,-2.347817482000097711e-01
1.396000000000000085e+01,3.852444444444444116e+00,9.987555555555555742e+00,6.135111111111110738e+00,4.945957557250000036e+02,4.991682483811999873e+02,-2.361682858000110075e-01
1.397000000000000064e+01,3.844666666666666455e+00,9.980333333333334167e+00,6.135666666666666380e+00,4.950977645909999865e+02,4.991648641602000112e+02,-2.340446568000009997e-01
1.397600000000000087e+01,3.839999999999999858e+00,9.976000000000000867e+00,6.136000000000000121e+00,4.953965552358000082e+02,4.991524940946000015e+02,-2.285345105999922743e-01
1.398000000000000043e+01,3.824615384615386304e+00,9.964615384615386873e+00,6.139999999999999680e+00,4.955957489990000226e+02,4.991442473842000140e+02,-2.248610797999870126e-01
1.398900000000000077e+01,3.790000000000000036e+00,9.939000000000000057e+00,6.149000000000000021e+00,4.960575959744000443e+02,4.991390512306000460e+02,-2.283400289000042938e-01
1.399000000000000021e+01,3.790999999999999481e+00,9.942615384615383078e+00,6.151615384615383597e+00,4.961089123049999898e+02,4.991384738802000243e+02,-2.287265788000059918e-01
1.400000000000000000e+01,3.800999999999999268e+00,9.978769230769229281e+00,6.177769230769229125e+00,4.966100695310000219e+02,4.991500122592000253e+02,-2.416558847999840109e-01
1.400200000000000067e+01,3.802999999999999936e+00,9.986000000000000654e+00,6.182999999999999829e+00,4.967093591562000370e+02,4.991512716240000032e+02,-2.422382439999810066e-01
1.400999999999999979e+01,3.802999999999999936e+00,9.992117647058822882e+00,6.189117647058822946e+00,4.971065176569999835e+02,4.991563090831999716e+02,-2.445676807999679903e-01
1.401900000000000013e+01,3.802999999999999936e+00,9.999000000000000554e+00,6.195999999999999730e+00,4.975595586292000121e+02,4.991632465504999914e+02,-2.435913679999904269e-01
1.401999999999999957e+01,3.800764705882353933e+00,9.997411764705883996e+00,6.196647058823528731e+00,4.976098965150000026e+02,4.991640173801999936e+02,-2.434828887999929969e-01
1.402999999999999936e+01,3.778411764705883247e+00,9.981529411764705984e+00,6.203117647058823181e+00,4.981056622190000098e+02,4.991822699241999999e+02,-2.534370627999830150e-01
1.403599999999999959e+01,3.765000000000000124e+00,9.971999999999999531e+00,6.206999999999999851e+00,4.984029320702000518e+02,4.991860138192000136e+02,-2.551841529999747116e-01
1.403999999999999915e+01,3.765000000000000124e+00,9.969230769230769340e+00,6.204230769230769660e+00,4.986011119710000230e+02,4.991885097492000227e+02,-2.563488797999690094e-01
1.404899999999999949e+01,3.765000000000000124e+00,9.962999999999999190e+00,6.198000000000000398e+00,4.990570260797999822e+02,4.991766997107000066e+02,-2.499057500999652681e-01
1.405000000000000071e+01,3.764333333333332643e+00,9.962888888888887351e+00,6.198555555555556928e+00,4.991076832030000219e+02,4.991753874841999732e+02,-2.491898467999640043e-01
1.406000000000000050e+01,3.757666666666666266e+00,9.961777777777777843e+00,6.204111111111111576e+00,4.996143677649999972e+02,4.991602790672000083e+02,-2.390237617999740050e-01
1.406700000000000017e+01,3.753000000000000114e+00,9.961000000000000298e+00,6.208000000000000185e+00,4.999665116438000041e+02,4.991572684414000491e+02,-2.326347616999629719e-01
1.407000000000000028e+01,3.767307692307693134e+00,9.978538461538462911e+00,6.211230769230769333e+00,5.001174304489999827e+02,4.991559781732000260e+02,-2.298966187999580135e-01
1.408000000000000007e+01,3.814999999999999947e+00,1.003700000000000081e+01,6.222000000000000419e+00,5.006255742949999785e+02,4.991679472971999871e+02,-2.338258317999780123e-01
1.408999999999999986e+01,3.807777777777778372e+00,1.002977777777777746e+01,6.222000000000000419e+00,5.011369412550000106e+02,4.991760939462000124e+02,-2.377408417999959944e-01
1.409800000000000075e+01,3.802000000000000046e+00,1.002399999999999913e+01,6.222000000000000419e+00,5.015351916310000320e+02,4.991620022534000327e+02,-2.288024737999764247e-01
1.409999999999999964e+01,3.798307692307694161e+00,1.002000000000000135e+01,6.221692307692308077e+00,5.016347542249999947e+02,4.991584793302000094e+02,-2.265678817999730033e-01
1.410999999999999943e+01,3.779846153846156298e+00,1.000000000000000178e+01,6.220153846153846366e+00,5.021349371150000138e+02,4.991519895352000162e+02,-2.234336957999870088e-01
1.411100000000000065e+01,3.778000000000000025e+00,9.997999999999999332e+00,6.219999999999999751e+00,5.021848961132000682e+02,4.991541342772000007e+02,-2.252301604999864537e-01
1.411999999999999922e+01,3.803941176470584828e+00,1.001123529411764501e+01,6.207294117647060183e+00,5.026345270969999888e+02,4.991734369551999748e+02,-2.413983427999590037e-01
1.412800000000000011e+01,3.826999999999999957e+00,1.002299999999999969e+01,6.195999999999999730e+00,5.030297244778000163e+02,4.991847558367999795e+02,-2.485504083999698632e-01
1.413000000000000078e+01,3.830846153846155122e+00,1.002315384615384630e+01,6.192307692307690736e+00,5.031285238230000232e+02,4.991875855572000091e+02,-2.503384247999729806e-01
1.414000000000000057e+01,3.850076923076923840e+00,1.002392307692307583e+01,6.173846153846152873e+00,5.036175547149999829e+02,4.991834462371999734e+02,-2.522150447999840228e-01
1.414100000000000001e+01,3.851999999999999869e+00,1.002399999999999913e+01,6.171999999999999709e+00,5.036682776987999546e+02,4.991827352034000000e+02,-2.525012543999824444e-01
1.415000000000000036e+01,3.838764705882351969e+00,1.001552941176470490e+01,6.176764705882352935e+00,5.041247845529999836e+02,4.991763358992000121e+02,-2.550771407999700147e-01
1.415799999999999947e+01,3.826999999999999957e+00,1.000799999999999912e+01,6.181000000000000050e+00,5.045242235401999551e+02,4.991694982527999969e+02,-2.533641479999613755e-01
1.416000000000000014e+01,3.821153846153844125e+00,1.000446153846153585e+01,6.183307692307693060e+00,5.046240832870000190e+02,4.991677888411999788e+02,-2.529358997999590075e-01
1.416999999999999993e+01,3.791923076923075620e+00,9.986769230769228400e+00,6.194846153846154557e+00,5.051253783249999856e+02,4.991593628371999785e+02,-2.487946287999980022e-01
1.417099999999999937e+01,3.789000000000000146e+00,9.984999999999999432e+00,6.195999999999999730e+00,5.051759841277999499e+02,4.991589494946999821e+02,-2.479819075999946387e-01
1.417999999999999972e+01,3.789500000000000313e+00,9.992000000000000881e+00,6.202499999999999680e+00,5.056314363530000264e+02,4.991552294122000148e+02,-2.406674167999600100e-01
1.418900000000000006e+01,3.790000000000000036e+00,9.999000000000000554e+00,6.208999999999999631e+00,5.060748477158000469e+02,4.991571448605999990e+02,-2.297754637999575578e-01
1.418999999999999950e+01,3.787000000000001698e+00,9.996769230769231740e+00,6.209769230769230042e+00,5.061241156450000176e+02,4.991573576882000225e+02,-2.285652467999579884e-01
1.419999999999999929e+01,3.757000000000001894e+00,9.974461538461540044e+00,6.217461538461537707e+00,5.066169977810000091e+02,4.991734813072000065e+02,-2.275124797999829862e-01
1.420199999999999996e+01,3.750999999999999890e+00,9.970000000000000639e+00,6.219000000000000306e+00,5.067189690350000433e+02,4.991768941828000266e+02,-2.289018453999840386e-01
1.421000000000000085e+01,3.757117647058824339e+00,9.971411764705882419e+00,6.214294117647058080e+00,5.071268540510000093e+02,4.991905456851999929e+02,-2.344593077999869990e-01
1.421899999999999942e+01,3.763999999999999790e+00,9.973000000000000753e+00,6.208999999999999631e+00,5.075759666203999814e+02,4.991873428138000008e+02,-2.334480930000078225e-01
1.422000000000000064e+01,3.763999999999999790e+00,9.974769230769233275e+00,6.210769230769233040e+00,5.076258680170000162e+02,4.991869869391999828e+02,-2.333357358000099913e-01
1.423000000000000043e+01,3.763999999999999790e+00,9.992461538461540727e+00,6.228461538461540492e+00,5.081271637209999881e+02,4.991785503511999877e+02,-2.321944467999779993e-01
1.423199999999999932e+01,3.763999999999999790e+00,9.996000000000000441e+00,6.232000000000000206e+00,5.082293350049999390e+02,4.991819689817999688e+02,-2.351837985999735980e-01
1.424000000000000021e+01,3.763555555555555543e+00,9.995111111111111057e+00,6.231555555555555515e+00,5.086380201410000268e+02,4.991956435042000066e+02,-2.471412057999639866e-01
1.425000000000000000e+01,3.762999999999999901e+00,9.993999999999999773e+00,6.230999999999999872e+00,5.091348427710000237e+02,4.992129299832000129e+02,-2.640917817999600126e-01
1.425999999999999979e+01,3.784666666666665513e+00,1.004733333333333078e+01,6.262666666666665272e+00,5.096340275090000205e+02,4.992063796612000033e+02,-2.619576108000070125e-01
1.426200000000000045e+01,3.789000000000000146e+00,1.005799999999999983e+01,6.269000000000000128e+00,5.097373502138000276e+02,4.992036645933999921e+02,-2.619250468000069998e-01
1.426999999999999957e+01,3.783666666666666956e+00,1.005799999999999983e+01,6.274333333333332874e+00,5.101506410329999994e+02,4.991928043222000042e+02,-2.617947908000070045e-01
1.427999999999999936e+01,3.777000000000000135e+00,1.005799999999999983e+01,6.280999999999999694e+00,5.106518808490000083e+02,4.991853484622000110e+02,-2.656570067999690088e-01
1.428999999999999915e+01,3.727769230769231612e+00,1.001030769230769302e+01,6.282538461538461405e+00,5.111455876590000003e+02,4.991694814182000073e+02,-2.604911647999739732e-01
1.429299999999999926e+01,3.713000000000000078e+00,9.996000000000000441e+00,6.283000000000000362e+00,5.112975417959999618e+02,4.991658463658999949e+02,-2.577445189999698072e-01
1.430000000000000071e+01,3.728166666666669293e+00,1.001544444444444792e+01,6.287277777777778631e+00,5.116521014489999857e+02,4.991573645771999850e+02,-2.513356787999589947e-01
1.431000000000000050e+01,3.749833333333334462e+00,1.004322222222222294e+01,6.293388888888888921e+00,5.121460075510000252e+02,4.991555493242000239e+02,-2.412193357999689869e-01
1.431099999999999994e+01,3.751999999999999780e+00,1.004599999999999937e+01,6.293999999999999595e+00,5.121953297413999735e+02,4.991565661933000229e+02,-2.401119440999728849e-01
1.432000000000000028e+01,3.751249999999999751e+00,1.005499999999999972e+01,6.303749999999999964e+00,5.126392294549999633e+02,4.991657180152000137e+02,-2.301454188000019996e-01
1.432300000000000040e+01,3.750999999999999890e+00,1.005799999999999983e+01,6.307000000000000384e+00,5.127905860454000049e+02,4.991725510093000366e+02,-2.316358653000008816e-01
1.433000000000000007e+01,3.731944444444444287e+00,1.003388888888888886e+01,6.301944444444444571e+00,5.131437514230000261e+02,4.991884946622000143e+02,-2.351135737999980047e-01
1.433999999999999986e+01,3.704722222222220918e+00,9.999444444444442581e+00,6.294722222222221220e+00,5.136389727389999962e+02,4.991987350151999863e+02,-2.360395427999739948e-01
1.434099999999999930e+01,3.701999999999999957e+00,9.996000000000000441e+00,6.293999999999999595e+00,5.136881379788000004e+02,4.991972378062000075e+02,-2.352233180999762363e-01
1.434999999999999964e+01,3.718615384615385544e+00,1.001400000000000112e+01,6.295384615384615579e+00,5.141306251370000382e+02,4.991837629252000283e+02,-2.278772957999919968e-01
1.435399999999999920e+01,3.725999999999999979e+00,1.002200000000000024e+01,6.296000000000000263e+00,5.143346014802000354e+02,4.991829782799999862e+02,-2.306291693999937553e-01
1.435999999999999943e+01,3.717176470588235748e+00,1.002623529411764736e+01,6.309058823529411164e+00,5.146405659949999745e+02,4.991818013121999797e+02,-2.347569797999969898e-01
1.436999999999999922e+01,3.702470588235295956e+00,1.003329411764705803e+01,6.330823529411762074e+00,5.151475442470000417e+02,4.991966485652000074e+02,-2.556967168000119917e-01
1.437100000000000044e+01,3.701000000000000068e+00,1.003400000000000070e+01,6.333000000000000185e+00,5.151986325592000640e+02,4.991965565294000271e+02,-2.567850342000097541e-01
1.438000000000000078e+01,3.726615384615385995e+00,1.004161538461538505e+01,6.314999999999999503e+00,5.156584273690000373e+02,4.991957282071999771e+02,-2.665798907999780143e-01
1.438400000000000034e+01,3.737999999999999989e+00,1.004499999999999993e+01,6.307000000000000384e+00,5.158634984458000190e+02,4.991898032923999722e+02,-2.677133751999726807e-01
1.439000000000000057e+01,3.737999999999999989e+00,1.005266666666666708e+01,6.314666666666667538e+00,5.161711050610000484e+02,4.991809159201999933e+02,-2.694136017999649857e-01
1.440000000000000036e+01,3.737999999999999989e+00,1.006544444444444508e+01,6.327444444444445537e+00,5.166789919509999436e+02,4.991798422051999751e+02,-2.752968687999939879e-01
1.440199999999999925e+01,3.737999999999999989e+00,1.006799999999999962e+01,6.330000000000000071e+00,5.167785381601999006e+02,4.991801160129999744e+02,-2.754756911999892699e-01
1.441000000000000014e+01,3.739230769230769358e+00,1.006307692307692214e+01,6.323846153846153229e+00,5.171767229969999562e+02,4.991812112441999716e+02,-2.761909807999710087e-01
1.441499999999999915e+01,3.740000000000000213e+00,1.006000000000000050e+01,6.320000000000000284e+00,5.174283115589998943e+02,4.991780589012000178e+02,-2.726238682999681529e-01
1.441999999999999993e+01,3.750882352941177444e+00,1.007352941176470651e+01,6.322647058823529953e+00,5.176799001209999460e+02,4.991749065582000071e+02,-2.690567557999640202e-01
1.442999999999999972e+01,3.772647058823528354e+00,1.010058823529411676e+01,6.327941176470587514e+00,5.181819644309999831e+02,4.991705486651999877e+02,-2.599296338000069984e-01
1.443200000000000038e+01,3.777000000000000135e+00,1.010599999999999987e+01,6.328999999999999737e+00,5.182802663270000494e+02,4.991715633526000033e+02,-2.571113274000038085e-01
1.443999999999999950e+01,3.784384615384614570e+00,1.009184615384615569e+01,6.307461538461540229e+00,5.186734739109999737e+02,4.991756221022000091e+02,-2.458381017999959894e-01
1.444500000000000028e+01,3.789000000000000146e+00,1.008300000000000018e+01,6.293999999999999595e+00,5.189171907190000184e+02,4.991875401782000381e+02,-2.438259197999866346e-01
1.444999999999999929e+01,3.779000000000001691e+00,1.007605555555555732e+01,6.297055555555554740e+00,5.191609075269999494e+02,4.991994582542000103e+02,-2.418137377999780013e-01
1.446000000000000085e+01,3.758999999999997232e+00,1.006216666666666448e+01,6.303166666666667695e+00,5.196539929509999638e+02,4.992295701602000122e+02,-2.538103617999780126e-01
1.446299999999999919e+01,3.753000000000000114e+00,1.005799999999999983e+01,6.304999999999999716e+00,5.198032006461999117e+02,4.992266723330000104e+02,-2.531669415999753259e-01
1.447000000000000064e+01,3.744249999999998746e+00,1.005799999999999983e+01,6.313750000000001528e+00,5.201513519349999797e+02,4.992199107362000063e+02,-2.516656277999679836e-01
1.447499999999999964e+01,3.737999999999999989e+00,1.005799999999999983e+01,6.320000000000000284e+00,5.203967495179999787e+02,4.992023875401999931e+02,-2.465491812999744126e-01
1.448000000000000043e+01,3.734944444444443956e+00,1.005411111111111033e+01,6.319166666666666821e+00,5.206421471009999777e+02,4.991848643441999798e+02,-2.414327347999790097e-01
1.449000000000000021e+01,3.728833333333333222e+00,1.004633333333333312e+01,6.317499999999999893e+00,5.211484950029999936e+02,4.991756614632000151e+02,-2.552877157999889901e-01
1.449300000000000033e+01,3.726999999999999869e+00,1.004400000000000048e+01,6.317000000000000171e+00,5.212992445457999793e+02,4.991773387805999960e+02,-2.603601310999877905e-01
1.450000000000000000e+01,3.752529411764705447e+00,1.006005882352941150e+01,6.307529411764705607e+00,5.216509934790000216e+02,4.991812525212000082e+02,-2.721957667999839736e-01
1.450999999999999979e+01,3.789000000000000146e+00,1.008300000000000018e+01,6.293999999999999595e+00,5.221482959090000122e+02,4.991725844091999988e+02,-2.720545557999849984e-01
1.451999999999999957e+01,3.771142857142856464e+00,1.007371428571428496e+01,6.302571428571428491e+00,5.226594622449999861e+02,4.991667004352000276e+02,-2.749201027999699787e-01
1.452399999999999913e+01,3.763999999999999790e+00,1.007000000000000028e+01,6.306000000000000050e+00,5.228646817026000235e+02,4.991651939616000391e+02,-2.752691375999831713e-01
1.452999999999999936e+01,3.737529411764706655e+00,1.004847058823529515e+01,6.310941176470588054e+00,5.231725108890000229e+02,4.991629342511999994e+02,-2.757926898000029881e-01
1.453999999999999915e+01,3.693411764705887279e+00,1.001258823529412290e+01,6.319176470588234729e+00,5.236726356709999664e+02,4.991574604642000281e+02,-2.676620687999650139e-01
1.454100000000000037e+01,3.689000000000000057e+00,1.000900000000000034e+01,6.320000000000000284e+00,5.237235726034000436e+02,4.991582651405000206e+02,-2.676535763999651207e-01
1.455000000000000071e+01,3.758230769230772594e+00,1.006923076923077254e+01,6.310999999999999943e+00,5.241820049950000566e+02,4.991655072272000098e+02,-2.675771447999660269e-01
1.455400000000000027e+01,3.789000000000000146e+00,1.009600000000000009e+01,6.307000000000000384e+00,5.243827974166000558e+02,4.991713659992000203e+02,-2.663531391999713338e-01
1.456000000000000050e+01,3.793000000000000593e+00,1.010366666666666724e+01,6.310666666666667091e+00,5.246839860490000547e+02,4.991801541571999792e+02,-2.645171307999790167e-01
1.457000000000000028e+01,3.799666666666667414e+00,1.011644444444444524e+01,6.316777777777778269e+00,5.251688219750000144e+02,4.991968554321999818e+02,-2.534681268000120169e-01
1.457199999999999918e+01,3.801000000000000156e+00,1.011899999999999977e+01,6.317999999999999616e+00,5.252688820710000073e+02,4.992021638567999844e+02,-2.544646026000106920e-01
1.458000000000000007e+01,3.759666666666663382e+00,1.008566666666666478e+01,6.326000000000000512e+00,5.256691224549999788e+02,4.992233975551999947e+02,-2.584505058000080013e-01
1.458399999999999963e+01,3.738999999999999879e+00,1.006900000000000084e+01,6.330000000000000071e+00,5.258709196565999946e+02,4.992256936896000070e+02,-2.612137334000093625e-01
1.458999999999999986e+01,3.756294117647057895e+00,1.009511764705882264e+01,6.338823529411764746e+00,5.261736154589999614e+02,4.992291378912000255e+02,-2.653585748000120148e-01
1.459999999999999964e+01,3.785117647058819923e+00,1.013864705882352446e+01,6.353529411764704982e+00,5.266692889429999695e+02,4.991963661742000227e+02,-2.571326347999740025e-01
1.460100000000000087e+01,3.787999999999999812e+00,1.014300000000000068e+01,6.355000000000000426e+00,5.267187281548000328e+02,4.991935793114000148e+02,-2.572118049999774225e-01
1.460999999999999943e+01,3.797642857142855988e+00,1.015971428571428525e+01,6.362071428571427489e+00,5.271636810610000339e+02,4.991684975462000011e+02,-2.579243368000069814e-01
1.461500000000000021e+01,3.802999999999999936e+00,1.016900000000000048e+01,6.365999999999999659e+00,5.274100520920000008e+02,4.991690166362000127e+02,-2.648714062999852348e-01
1.461999999999999922e+01,3.787705882352943476e+00,1.016194117647058981e+01,6.374235294117645445e+00,5.276564231229999677e+02,4.991695357262000243e+02,-2.718184757999609902e-01
1.463000000000000078e+01,3.757117647058820342e+00,1.014782352941176313e+01,6.390705882352943235e+00,5.281441152070000271e+02,4.991713049191999971e+02,-2.807162847999750133e-01
1.463199999999999967e+01,3.750999999999999890e+00,1.014499999999999957e+01,6.394000000000000128e+00,5.282438663425999721e+02,4.991679888357999744e+02,-2.796823883999763893e-01
1.464000000000000057e+01,3.759000000000000785e+00,1.013146153846153652e+01,6.372461538461536179e+00,5.286428708849999794e+02,4.991547245021999970e+02,-2.755468027999790070e-01
1.464499999999999957e+01,3.763999999999999790e+00,1.012299999999999933e+01,6.358999999999999986e+00,5.288965707459999521e+02,4.991496806012000320e+02,-2.744725632999746590e-01
1.465000000000000036e+01,3.749588235294116334e+00,1.010505882352940965e+01,6.355470588235293761e+00,5.291502706070000386e+02,4.991446367002000102e+02,-2.733983237999699778e-01
1.466000000000000014e+01,3.720764705882354306e+00,1.006917647058823739e+01,6.348411764705883087e+00,5.296488855869999952e+02,4.991480665302000261e+02,-2.722994967999939897e-01
1.466200000000000081e+01,3.714999999999999858e+00,1.006199999999999939e+01,6.347000000000000419e+00,5.297490822117999869e+02,4.991509831051999981e+02,-2.720874957999870891e-01
1.466999999999999993e+01,3.707000000000000295e+00,1.005514285714285805e+01,6.348142857142857309e+00,5.301498687109999537e+02,4.991626494051999998e+02,-2.712394917999599864e-01
1.467600000000000016e+01,3.701000000000000068e+00,1.005000000000000071e+01,6.349000000000000199e+00,5.304543781657999943e+02,4.991764306924000039e+02,-2.706203685999743480e-01
1.467999999999999972e+01,3.727588235294115648e+00,1.006976470588235273e+01,6.342176470588236192e+00,5.306573844690000215e+02,4.991856182171999876e+02,-2.702076197999839779e-01
1.468999999999999950e+01,3.794058823529410596e+00,1.011917647058823455e+01,6.325117647058823955e+00,5.311502076089999491e+02,4.992027719562000243e+02,-2.601584417999929788e-01
1.469299999999999962e+01,3.814000000000000057e+00,1.013400000000000034e+01,6.320000000000000284e+00,5.313001854683999454e+02,4.992074366382000221e+02,-2.577415196999985336e-01
1.469999999999999929e+01,3.780615384615385821e+00,1.009361538461538643e+01,6.313000000000000611e+00,5.316501338069999747e+02,4.992183208961999981e+02,-2.521020348000119760e-01
1.470599999999999952e+01,3.751999999999999780e+00,1.005899999999999928e+01,6.307000000000000384e+00,5.319553124153999306e+02,4.992309108228000127e+02,-2.592786102000111392e-01
1.471000000000000085e+01,3.743058823529409107e+00,1.004770588235293793e+01,6.304647058823529271e+00,5.321587648209999770e+02,4.992393041071999846e+02,-2.640629938000120247e-01
1.472000000000000064e+01,3.720705882352941085e+00,1.001947058823529346e+01,6.298764705882352821e+00,5.326683349490000410e+02,4.992262928632000012e+02,-2.739037958000030137e-01
1.472300000000000075e+01,3.713999999999999968e+00,1.001099999999999923e+01,6.296999999999999709e+00,5.328187909796000667e+02,4.992120552490000023e+02,-2.711200765999983719e-01
1.473000000000000043e+01,3.752888888888889607e+00,1.004055555555555479e+01,6.287666666666666515e+00,5.331698550510000132e+02,4.991788341491999859e+02,-2.646247317999880222e-01
1.474000000000000021e+01,3.808444444444447186e+00,1.008277777777778006e+01,6.274333333333331986e+00,5.336720070569999734e+02,4.991554008731999943e+02,-2.694303817999830208e-01
1.474099999999999966e+01,3.814000000000000057e+00,1.008699999999999974e+01,6.272999999999999687e+00,5.337213298911999573e+02,4.991564075110999852e+02,-2.712229726999851875e-01
1.475000000000000000e+01,3.814692307692307605e+00,1.007869230769230739e+01,6.263999999999999346e+00,5.341652353990000393e+02,4.991654672522000169e+02,-2.873562908000140137e-01
1.475399999999999956e+01,3.814999999999999947e+00,1.007499999999999929e+01,6.259999999999999787e+00,5.343630159502000652e+02,4.991679403826000225e+02,-2.885210260000078963e-01
1.475999999999999979e+01,3.801941176470588601e+00,1.005770588235294127e+01,6.255764705882352672e+00,5.346596867770000472e+02,4.991716500782000026e+02,-2.902681287999990256e-01
1.476999999999999957e+01,3.780176470588237692e+00,1.002888235294117969e+01,6.248705882352941998e+00,5.351592424670000128e+02,4.991761458592000054e+02,-2.861728337999799865e-01
1.477100000000000080e+01,3.778000000000000025e+00,1.002599999999999980e+01,6.248000000000000220e+00,5.352096517134000351e+02,4.991774212199999852e+02,-2.861661193999799901e-01
1.477999999999999936e+01,3.812615384615379188e+00,1.004399999999999693e+01,6.231384615384618186e+00,5.356633349310000085e+02,4.991888994671999740e+02,-2.861056897999800230e-01
1.478400000000000070e+01,3.827999999999999847e+00,1.005199999999999960e+01,6.224000000000000199e+00,5.358622445118000996e+02,4.991926489164000031e+02,-2.844746585999718413e-01
1.478999999999999915e+01,3.815333333333335908e+00,1.004366666666666852e+01,6.228333333333332611e+00,5.361606088830000090e+02,4.991982730902000185e+02,-2.820281117999610121e-01
1.480000000000000071e+01,3.794222222222220164e+00,1.002977777777777568e+01,6.235555555555555962e+00,5.366560566370000060e+02,4.992045446672000253e+02,-2.759399827999899912e-01
1.480199999999999960e+01,3.790000000000000036e+00,1.002699999999999925e+01,6.237000000000000099e+00,5.367585977905999925e+02,4.992049922944000286e+02,-2.753187469999931469e-01
1.481000000000000050e+01,3.783230769230768509e+00,1.001099999999999746e+01,6.227769230769229836e+00,5.371687624050000522e+02,4.992067828031999852e+02,-2.728338038000039933e-01
1.481499999999999950e+01,3.778999999999999915e+00,1.000099999999999945e+01,6.222000000000000419e+00,5.374199938309999425e+02,4.992011130966999986e+02,-2.672578762999929802e-01
1.482000000000000028e+01,3.778705882352940915e+00,1.000452941176470567e+01,6.225823529411765200e+00,5.376712252569999464e+02,4.991954433902000119e+02,-2.616819487999800242e-01
1.483000000000000007e+01,3.778117647058823358e+00,1.001158823529411634e+01,6.233470588235293874e+00,5.381638499929999853e+02,4.991985312261999752e+02,-2.605832478000030261e-01
1.483200000000000074e+01,3.778000000000000025e+00,1.001299999999999990e+01,6.235000000000000320e+00,5.382636368454000149e+02,4.992016091520000032e+02,-2.647719357999960832e-01
1.483999999999999986e+01,3.739230769230772911e+00,9.974846153846158359e+00,6.235615384615384116e+00,5.386627842550000196e+02,4.992139208552000014e+02,-2.815266877999609840e-01
1.484500000000000064e+01,3.714999999999999858e+00,9.951000000000000512e+00,6.235999999999999766e+00,5.389142740590000358e+02,4.992037285046999955e+02,-2.844348017999759892e-01
1.484999999999999964e+01,3.729999999999997318e+00,9.954823529411765293e+00,6.224823529411766643e+00,5.391657638630000520e+02,4.991935361541999896e+02,-2.873429157999899952e-01
1.485999999999999943e+01,3.759999999999998010e+00,9.962470588235294855e+00,6.202470588235295956e+00,5.396662849250000136e+02,4.991460310251999886e+02,-2.750638907999899962e-01
1.486200000000000010e+01,3.766000000000000014e+00,9.964000000000000412e+00,6.198000000000000398e+00,5.397670864474000609e+02,4.991453706301999773e+02,-2.764391457999912927e-01
1.486999999999999922e+01,3.799333333333328344e+00,1.000844444444443759e+01,6.209111111111109693e+00,5.401702925370000230e+02,4.991427290501999892e+02,-2.819401657999939803e-01
1.488000000000000078e+01,3.841000000000000192e+00,1.006400000000000006e+01,6.222999999999999865e+00,5.406643206689999488e+02,4.991738751551999940e+02,-2.999402677999670197e-01
1.489000000000000057e+01,3.774846153846154628e+00,9.999384615384617092e+00,6.224538461538461576e+00,5.411517560610000146e+02,4.991976830831999905e+02,-3.039158557999859789e-01
1.489300000000000068e+01,3.754999999999999893e+00,9.980000000000000426e+00,6.224999999999999645e+00,5.413013231892000476e+02,4.991990157761999853e+02,-3.023872753999871099e-01
1.490000000000000036e+01,3.764722222222222303e+00,9.994777777777779093e+00,6.230055555555555458e+00,5.416503131550000489e+02,4.992021253931999922e+02,-2.988205877999899895e-01
1.491000000000000014e+01,3.778611111111111587e+00,1.001588888888888995e+01,6.237277777777778809e+00,5.421484411889999819e+02,4.991965376082000034e+02,-2.906900088000100024e-01
1.491099999999999959e+01,3.779999999999999805e+00,1.001800000000000068e+01,6.238000000000000433e+00,5.421968505689999347e+02,4.991959988679000162e+02,-2.898773338000064648e-01
1.491999999999999993e+01,3.817499999999999893e+00,1.005400000000000027e+01,6.236499999999999488e+00,5.426325349889999643e+02,4.991911502052000174e+02,-2.825632587999700185e-01
1.492300000000000004e+01,3.830000000000000071e+00,1.006600000000000072e+01,6.235999999999999766e+00,5.427829155563999848e+02,4.991940253989000098e+02,-2.828399511999802329e-01
1.492999999999999972e+01,3.819888888888889777e+00,1.005588888888888910e+01,6.235999999999999766e+00,5.431338035469999568e+02,4.992007341841999732e+02,-2.834855668000039741e-01
1.493999999999999950e+01,3.805444444444446184e+00,1.004144444444444595e+01,6.235999999999999766e+00,5.436417454370000542e+02,4.991986938531999840e+02,-2.803653527999609985e-01
1.494100000000000072e+01,3.803999999999999826e+00,1.003999999999999915e+01,6.235999999999999766e+00,5.436915153788000907e+02,4.991971313596000073e+02,-2.794487625999640401e-01
1.494999999999999929e+01,3.766500000000001958e+00,1.000325000000000131e+01,6.236749999999999794e+00,5.441394448549999652e+02,4.991830689171999893e+02,-2.711994508000030168e-01
1.495299999999999940e+01,3.754000000000000004e+00,9.990999999999999659e+00,6.237000000000000099e+00,5.442918278881999186e+02,4.991824494091000020e+02,-2.723633739999914982e-01
1.496000000000000085e+01,3.754368421052631799e+00,9.991736842105263250e+00,6.237368421052631895e+00,5.446473882989999993e+02,4.991810038901999746e+02,-2.750791947999650100e-01
1.497000000000000064e+01,3.754894736842105285e+00,9.992789473684210222e+00,6.237894736842105381e+00,5.451559342389999756e+02,4.991859350461999725e+02,-2.929835787999939822e-01
1.497199999999999953e+01,3.754999999999999893e+00,9.993000000000000327e+00,6.238000000000000433e+00,5.452565642705999380e+02,4.991812604964000002e+02,-2.937447057999973965e-01
1.498000000000000043e+01,3.789000000000002366e+00,1.002700000000000280e+01,6.238000000000000433e+00,5.456590843970000151e+02,4.991625622971999974e+02,-2.967892138000129965e-01
1.498399999999999999e+01,3.806000000000000050e+00,1.004400000000000048e+01,6.238000000000000433e+00,5.458575255921999769e+02,4.991534628260000090e+02,-2.955129573999962789e-01
1.499000000000000021e+01,3.814470588235294723e+00,1.005705882352941316e+01,6.242588235294117993e+00,5.461551873849999765e+02,4.991398136192000266e+02,-2.935985727999709805e-01
1.500000000000000000e+01,3.828588235294118292e+00,1.007882352941176585e+01,6.250235294117647555e+00,5.466532913810000309e+02,4.991521970091999947e+02,-3.015315068000080090e-01
1.500099999999999945e+01,3.830000000000000071e+00,1.008099999999999952e+01,6.251000000000000334e+00,5.467019294939999554e+02,4.991546701748999908e+02,-3.024294182000034081e-01
1.500999999999999979e+01,3.797857142857143931e+00,1.005014285714285727e+01,6.252285714285714668e+00,5.471396725109999579e+02,4.991769286662000127e+02,-3.105106207999669965e-01
1.501500000000000057e+01,3.779999999999999805e+00,1.003299999999999947e+01,6.253000000000000114e+00,5.473878382440000223e+02,4.991810966142000439e+02,-3.059700897999876879e-01
1.501999999999999957e+01,3.783823529411764142e+00,1.003329411764705803e+01,6.249470588235294777e+00,5.476360039769999730e+02,4.991852645622000182e+02,-3.014295588000099890e-01
1.502999999999999936e+01,3.791470588235293704e+00,1.003388235294117692e+01,6.242411764705882327e+00,5.481278552229999832e+02,4.991843513192000046e+02,-2.863168227999670079e-01
1.503200000000000003e+01,3.793000000000000149e+00,1.003400000000000070e+01,6.240999999999999659e+00,5.482244058218000191e+02,4.991844618915999945e+02,-2.842957213999678934e-01
1.503999999999999915e+01,3.808384615384613703e+00,1.004138461538461513e+01,6.233000000000000540e+00,5.486106082170000491e+02,4.991849041812000110e+02,-2.762113157999749880e-01
1.504499999999999993e+01,3.818000000000000060e+00,1.004599999999999937e+01,6.227999999999999758e+00,5.488554228020000210e+02,4.991863661287000014e+02,-2.746620027999819857e-01
1.505000000000000071e+01,3.821333333333333915e+00,1.005655555555555658e+01,6.235222222222223110e+00,5.491002373869999929e+02,4.991878280761999918e+02,-2.731126897999889835e-01
1.506000000000000050e+01,3.828000000000000291e+00,1.007766666666666566e+01,6.249666666666666259e+00,5.495963706710000451e+02,4.991820945412000015e+02,-2.739820987999649904e-01
1.506300000000000061e+01,3.830000000000000071e+00,1.008399999999999963e+01,6.253999999999999559e+00,5.497497114164000322e+02,4.991752258644999642e+02,-2.733237496999790239e-01
1.507000000000000028e+01,3.835352941176470409e+00,1.009388235294117564e+01,6.258529411764705230e+00,5.501075064890000021e+02,4.991591989521999722e+02,-2.717876018000119909e-01
1.508000000000000007e+01,3.842999999999999972e+00,1.010800000000000054e+01,6.264999999999999680e+00,5.506150213170000143e+02,4.991470967742000084e+02,-2.746320227999989871e-01
1.508999999999999986e+01,3.798882352941175711e+00,1.007152941176470584e+01,6.272647058823529242e+00,5.511160649910000302e+02,4.991606248332000177e+02,-2.895683867999859773e-01
1.509699999999999953e+01,3.767999999999999794e+00,1.004599999999999937e+01,6.277999999999999581e+00,5.514681547863999640e+02,4.991708509043000390e+02,-3.063262488999855537e-01
1.509999999999999964e+01,3.797076923076924349e+00,1.007484615384615445e+01,6.277769230769230546e+00,5.516190504129999681e+02,4.991752335062000157e+02,-3.135081897999860145e-01
1.510999999999999943e+01,3.894000000000000128e+00,1.017099999999999937e+01,6.277000000000000135e+00,5.521337825169999860e+02,4.991595262651999860e+02,-3.193383057999579777e-01
1.511999999999999922e+01,3.901647058823528802e+00,1.017158823529411826e+01,6.269941176470588573e+00,5.526347050489999901e+02,4.991400788541999987e+02,-3.101582008000010049e-01
1.512700000000000067e+01,3.907000000000000028e+00,1.017200000000000060e+01,6.264999999999999680e+00,5.529847353604000091e+02,4.991495308226000134e+02,-3.143137080999808819e-01
1.513000000000000078e+01,3.874857142857140335e+00,1.014307142857142630e+01,6.268214285714285516e+00,5.531347483509999847e+02,4.991535816662000116e+02,-3.160946397999719881e-01
1.514000000000000057e+01,3.767714285714280464e+00,1.004664285714285299e+01,6.278928571428572525e+00,5.536267764049999869e+02,4.991846666931999721e+02,-3.190948737999579898e-01
1.514100000000000001e+01,3.757000000000000117e+00,1.003700000000000081e+01,6.280000000000000249e+00,5.536756935015999943e+02,4.991857613050999589e+02,-3.177878451999608944e-01
1.515000000000000036e+01,3.803058823529414934e+00,1.008305882352941651e+01,6.280000000000000249e+00,5.541159473709999475e+02,4.991956128122000109e+02,-3.060245877999799857e-01
1.515799999999999947e+01,3.843999999999999861e+00,1.012400000000000055e+01,6.280000000000000249e+00,5.545106821629999558e+02,4.991869549849999999e+02,-2.899061261999966166e-01
1.516000000000000014e+01,3.847714285714286753e+00,1.012585714285714467e+01,6.278142857142857025e+00,5.546093658610000148e+02,4.991847905281999829e+02,-2.858765107999989841e-01
1.516999999999999993e+01,3.866285714285713215e+00,1.013514285714285634e+01,6.268857142857143572e+00,5.551038414990000547e+02,4.991729986511999755e+02,-2.737248297999990143e-01
1.517200000000000060e+01,3.870000000000000107e+00,1.013700000000000045e+01,6.267000000000000348e+00,5.552020809594000639e+02,4.991715987995999626e+02,-2.728980315999949280e-01
1.517999999999999972e+01,3.838500000000003354e+00,1.009950000000000436e+01,6.261000000000001009e+00,5.555950388009999870e+02,4.991659993932000248e+02,-2.695908387999800260e-01
1.518800000000000061e+01,3.806999999999999940e+00,1.006199999999999939e+01,6.254999999999999893e+00,5.559916483114001267e+02,4.991525813275999894e+02,-2.702552748000064953e-01
1.518999999999999950e+01,3.815999999999995396e+00,1.007099999999999440e+01,6.254999999999999893e+00,5.560908006890000479e+02,4.991492268111999806e+02,-2.704213838000130155e-01
1.519999999999999929e+01,3.860999999999996657e+00,1.011599999999999611e+01,6.254999999999999893e+00,5.566019939489999615e+02,4.991253257981999809e+02,-2.702233398000120079e-01
1.520199999999999996e+01,3.870000000000000107e+00,1.012500000000000000e+01,6.254999999999999893e+00,5.567010892841999521e+02,4.991229703553999570e+02,-2.701929850000119870e-01
1.521000000000000085e+01,3.836222222222219980e+00,1.010277777777777608e+01,6.266555555555556545e+00,5.570974706250000281e+02,4.991135485841999753e+02,-2.700715658000120145e-01
1.522000000000000064e+01,3.794000000000000039e+00,1.007499999999999929e+01,6.280999999999999694e+00,5.575963458910000554e+02,4.991299683331999972e+02,-2.820185948000140108e-01
1.523000000000000043e+01,3.774769230769231321e+00,1.005499999999999972e+01,6.280230769230769283e+00,5.581046371370000543e+02,4.991569064721999780e+02,-3.040007038000049899e-01
1.523300000000000054e+01,3.769000000000000128e+00,1.004899999999999949e+01,6.280000000000000249e+00,5.582563701806000154e+02,4.991571460038999817e+02,-3.066678120999922208e-01
1.524000000000000021e+01,3.815941176470587504e+00,1.008605882352941130e+01,6.270117647058824240e+00,5.586104139489999625e+02,4.991577049112000282e+02,-3.128910647999619821e-01
1.525000000000000000e+01,3.883000000000000007e+00,1.013899999999999935e+01,6.256000000000000227e+00,5.591072859869999547e+02,4.991390278722000176e+02,-3.037145788000040203e-01
1.525999999999999979e+01,3.845307692307692982e+00,1.010130769230769232e+01,6.256000000000000227e+00,5.596097239130000389e+02,4.991456737461999751e+02,-3.046262607999810079e-01
1.526299999999999990e+01,3.834000000000000075e+00,1.008999999999999986e+01,6.256000000000000227e+00,5.597571524462000525e+02,4.991528866401999949e+02,-3.052189155999837644e-01
1.526999999999999957e+01,3.803117647058824158e+00,1.005458823529411738e+01,6.251470588235294557e+00,5.601011523570000463e+02,4.991697167262000221e+02,-3.066017767999900112e-01
1.527999999999999936e+01,3.758999999999999897e+00,1.000399999999999956e+01,6.245000000000000107e+00,5.605963144549999697e+02,4.991809907272000260e+02,-2.975313407999770066e-01
1.528999999999999915e+01,3.800111111111108553e+00,1.005955555555555136e+01,6.259444444444443256e+00,5.610992045909999888e+02,4.991797096331999910e+02,-2.814148448000129976e-01
1.529800000000000004e+01,3.833000000000000185e+00,1.010399999999999920e+01,6.270999999999999908e+00,5.614927324294000073e+02,4.991781605876000185e+02,-2.749217943999828773e-01
1.530000000000000071e+01,3.828999999999998849e+00,1.009783333333333033e+01,6.268833333333332369e+00,5.615911143890000403e+02,4.991777733261999970e+02,-2.732985317999749864e-01
1.531000000000000050e+01,3.809000000000000163e+00,1.006700000000000017e+01,6.258000000000000007e+00,5.620844228790000443e+02,4.991688842742000247e+02,-2.711574167999660223e-01
1.532000000000000028e+01,3.816222222222222626e+00,1.006588888888888889e+01,6.249666666666666259e+00,5.625903956109999626e+02,4.991487023221999948e+02,-2.679736357999800145e-01
1.532799999999999940e+01,3.822000000000000064e+00,1.006499999999999950e+01,6.243000000000000327e+00,5.629985059213998966e+02,4.991303346070000089e+02,-2.678180453999792210e-01
1.533000000000000007e+01,3.821882352941176730e+00,1.006358823529411772e+01,6.241705882352941437e+00,5.631005334989999938e+02,4.991257426782000266e+02,-2.677791477999790226e-01
1.533999999999999986e+01,3.821294117647059174e+00,1.005652941176470705e+01,6.235235294117647875e+00,5.635970085489999519e+02,4.991140224632000013e+02,-2.676273527999790125e-01
1.534500000000000064e+01,3.821000000000000174e+00,1.005300000000000082e+01,6.232000000000000206e+00,5.638429230409999491e+02,4.991225373171999991e+02,-2.721027172999873067e-01
1.534999999999999964e+01,3.811384615384617369e+00,1.004838461538461658e+01,6.236999999999999211e+00,5.640888375329999462e+02,4.991310521711999968e+02,-2.765780817999939911e-01
1.535800000000000054e+01,3.795999999999999819e+00,1.004100000000000037e+01,6.245000000000000107e+00,5.644798839713999996e+02,4.991589386592000324e+02,-2.901895641999925890e-01
1.535999999999999943e+01,3.799058823529410045e+00,1.004405882352940971e+01,6.245000000000000107e+00,5.645776455809999561e+02,4.991659102812000128e+02,-2.935924347999899764e-01
1.536999999999999922e+01,3.814352941176469169e+00,1.005935294117646883e+01,6.245000000000000107e+00,5.650859047550000014e+02,4.991758615012000178e+02,-3.035145417999799977e-01
1.537500000000000000e+01,3.822000000000000064e+00,1.006700000000000017e+01,6.245000000000000107e+00,5.653383910459999697e+02,4.991657561376999865e+02,-2.979226857999964784e-01
1.538000000000000078e+01,3.808428571428568610e+00,1.005414285714285505e+01,6.245714285714285552e+00,5.655908773370000517e+02,4.991556507742000122e+02,-2.923308298000130145e-01
1.538899999999999935e+01,3.783999999999999808e+00,1.003100000000000058e+01,6.246999999999999886e+00,5.660330559067999729e+02,4.991475797811999655e+02,-2.814039181000144718e-01
1.539000000000000057e+01,3.783235294117646141e+00,1.003017647058823414e+01,6.246941176470587997e+00,5.660821868589999895e+02,4.991466830041999856e+02,-2.801898168000129807e-01
1.540000000000000036e+01,3.775588235294117467e+00,1.002194117647058746e+01,6.246352941176470885e+00,5.665790633789999902e+02,4.991630205071999740e+02,-2.831369417999979876e-01
1.540600000000000058e+01,3.770999999999999908e+00,1.001699999999999946e+01,6.246000000000000441e+00,5.668799605098000711e+02,4.991663875122000036e+02,-2.800818642000014180e-01
1.541000000000000014e+01,3.771307692307692250e+00,1.000961538461538503e+01,6.238307692307693664e+00,5.670805585970000493e+02,4.991686321821999854e+02,-2.780451458000040010e-01
1.541900000000000048e+01,3.771999999999999797e+00,9.993000000000000327e+00,6.221000000000000085e+00,5.675379333248000648e+02,4.991470245268000099e+02,-2.616670600999760343e-01
1.541999999999999993e+01,3.770470588235294684e+00,9.992294117647059437e+00,6.221823529411764753e+00,5.675887527390000287e+02,4.991446236762000126e+02,-2.598472727999739940e-01
1.542999999999999972e+01,3.755176470588236004e+00,9.985235294117646987e+00,6.230058823529411427e+00,5.680957231789999469e+02,4.991245093072000145e+02,-2.536634888000020016e-01
1.543599999999999994e+01,3.745999999999999996e+00,9.980999999999999872e+00,6.235000000000000320e+00,5.683957654478000450e+02,4.991217986542000062e+02,-2.559871939999799340e-01
1.543999999999999950e+01,3.780769230769227107e+00,9.996076923076921972e+00,6.215307692307694865e+00,5.685957936270000346e+02,4.991199915522000197e+02,-2.575363307999650186e-01
1.544899999999999984e+01,3.858999999999999986e+00,1.002999999999999936e+01,6.171000000000000263e+00,5.690364608789999465e+02,4.991226071817000047e+02,-2.592475403999731642e-01
1.544999999999999929e+01,3.856944444444445619e+00,1.002805555555555550e+01,6.171111111111111214e+00,5.690854239069999494e+02,4.991228978071999904e+02,-2.594376747999739830e-01
1.546000000000000085e+01,3.836388888888887738e+00,1.000861111111110979e+01,6.172222222222222499e+00,5.695848114890000033e+02,4.991303428282000141e+02,-2.683529067999900208e-01
1.546700000000000053e+01,3.822000000000000064e+00,9.994999999999999218e+00,6.173000000000000043e+00,5.699372574192000229e+02,4.991343261032999976e+02,-2.717885781999856976e-01
1.547000000000000064e+01,3.819230769230768985e+00,9.989461538461537060e+00,6.170230769230768963e+00,5.700883056750000151e+02,4.991360332212000230e+02,-2.732610087999839954e-01
1.548000000000000043e+01,3.810000000000000053e+00,9.971000000000000085e+00,6.160999999999999588e+00,5.705794758309999679e+02,4.991470545302000232e+02,-2.711906147999760264e-01
1.549000000000000021e+01,3.861764705882353432e+00,1.001511764705882435e+01,6.153352941176470026e+00,5.710769535150000138e+02,4.991704093842000134e+02,-2.821624157999990112e-01
1.549699999999999989e+01,3.898000000000000131e+00,1.004599999999999937e+01,6.147999999999999687e+00,5.714334735418000264e+02,4.991767187495000258e+02,-2.884054057000093318e-01
1.550000000000000000e+01,3.896166666666666778e+00,1.003816666666666535e+01,6.141999999999999460e+00,5.715862678390000156e+02,4.991794227632000229e+02,-2.910809728000139929e-01
1.550999999999999979e+01,3.890055555555556044e+00,1.001205555555555726e+01,6.122000000000000774e+00,5.720831394330000421e+02,4.991607527802000277e+02,-2.799044987999900203e-01
1.551500000000000057e+01,3.887000000000000011e+00,9.999000000000000554e+00,6.112000000000000099e+00,5.723281655300000921e+02,4.991497348522000266e+02,-2.703110567999847946e-01
1.551999999999999957e+01,3.852384615384622180e+00,9.979384615384619295e+00,6.126999999999997115e+00,5.725731916270000283e+02,4.991387169242000255e+02,-2.607176147999830107e-01
1.552800000000000047e+01,3.797000000000000153e+00,9.948000000000000398e+00,6.150999999999999801e+00,5.729720380126000236e+02,4.991422594826000250e+02,-2.598413812000028855e-01
1.552999999999999936e+01,3.804529411764701941e+00,9.949411764705882177e+00,6.144882352941179349e+00,5.730717496089999941e+02,4.991431451221999964e+02,-2.596223228000080208e-01
1.553999999999999915e+01,3.842176470588231751e+00,9.956470588235294628e+00,6.114294117647061988e+00,5.735695367649999525e+02,4.991435299052000119e+02,-2.565129237999649869e-01
1.554499999999999993e+01,3.861000000000000210e+00,9.960000000000000853e+00,6.099000000000000199e+00,5.738179156749999947e+02,4.991351915177000365e+02,-2.514282187999700158e-01
1.555000000000000071e+01,3.850444444444443448e+00,9.946666666666665435e+00,6.096222222222221987e+00,5.740662945850000369e+02,4.991268531302000042e+02,-2.463435137999749891e-01
1.556000000000000050e+01,3.829333333333333478e+00,9.920000000000001705e+00,6.090666666666667339e+00,5.745614858269999559e+02,4.991200748122000164e+02,-2.442094267999639912e-01
1.556300000000000061e+01,3.822999999999999954e+00,9.912000000000000810e+00,6.089000000000000412e+00,5.747096585900000036e+02,4.991195154187000185e+02,-2.453744986999700506e-01
1.557000000000000028e+01,3.803076923076923688e+00,9.897999999999999687e+00,6.094923076923076444e+00,5.750553950370000393e+02,4.991182101672000044e+02,-2.480929997999840042e-01
1.557600000000000051e+01,3.786000000000000032e+00,9.885999999999999233e+00,6.099999999999999645e+00,5.753517740958000104e+02,4.991165029434000076e+02,-2.474210405999983653e-01
1.558000000000000007e+01,3.794705882352940485e+00,9.886235294117646788e+00,6.091529411764706303e+00,5.755493601350000290e+02,4.991153647941999907e+02,-2.469730678000079949e-01
1.558999999999999986e+01,3.816470588235293615e+00,9.886823529411765676e+00,6.070352941176470729e+00,5.760566770450000149e+02,4.991242747591999773e+02,-2.528916847999799766e-01
1.559299999999999997e+01,3.822999999999999954e+00,9.887000000000000455e+00,6.064000000000000057e+00,5.762071184656000469e+02,4.991313485558000025e+02,-2.564831980999802141e-01
1.559999999999999964e+01,3.803076923076923688e+00,9.873538461538462485e+00,6.070461538461538353e+00,5.765581484470000078e+02,4.991478540812000233e+02,-2.648633957999799726e-01
1.560599999999999987e+01,3.786000000000000032e+00,9.862000000000000099e+00,6.075999999999999623e+00,5.768579007046000697e+02,4.991607500516000187e+02,-2.678422307999771546e-01
1.560999999999999943e+01,3.786235294117647143e+00,9.864823529411765435e+00,6.078588235294117403e+00,5.770577355430000352e+02,4.991693473651999966e+02,-2.698281207999749798e-01
1.561999999999999922e+01,3.786823529411764699e+00,9.871882352941176109e+00,6.085058823529410965e+00,5.775617712309999661e+02,4.991830958131999978e+02,-2.707645058000089922e-01
1.562299999999999933e+01,3.786999999999999922e+00,9.874000000000000554e+00,6.086999999999999744e+00,5.777153348140000162e+02,4.991828505647000043e+02,-2.701294751000057892e-01
1.563000000000000078e+01,3.811111111111115335e+00,9.899666666666671944e+00,6.088555555555555721e+00,5.780736498410000195e+02,4.991822783182000194e+02,-2.686477367999979826e-01
1.564000000000000057e+01,3.845555555555557614e+00,9.936333333333335460e+00,6.090777777777778290e+00,5.785832738589999735e+02,4.991683180982000181e+02,-2.644850877999799788e-01
1.564100000000000001e+01,3.849000000000000199e+00,9.939999999999999503e+00,6.091000000000000192e+00,5.786337654173998999e+02,4.991663968623000187e+02,-2.633670700999837799e-01
1.565000000000000036e+01,3.855500000000000149e+00,9.939999999999999503e+00,6.084500000000000242e+00,5.790881894430000330e+02,4.991491057392000243e+02,-2.533049108000119953e-01
1.565900000000000070e+01,3.862000000000000099e+00,9.939999999999999503e+00,6.078000000000000291e+00,5.795345262396000408e+02,4.991313592746000154e+02,-2.414429323999816024e-01
1.566000000000000014e+01,3.856750000000002565e+00,9.934666666666668533e+00,6.077916666666666856e+00,5.795841192169999658e+02,4.991293874451999955e+02,-2.401249347999790118e-01
1.566999999999999993e+01,3.804249999999997467e+00,9.881333333333330415e+00,6.077083333333333393e+00,5.800724915030000375e+02,4.991192361981999852e+02,-2.319804257999980024e-01
1.567099999999999937e+01,3.798999999999999932e+00,9.875999999999999446e+00,6.076999999999999957e+00,5.801220307339999636e+02,4.991199607231000073e+02,-2.320719621999955407e-01
1.567999999999999972e+01,3.811499999999999666e+00,9.888999999999999346e+00,6.077500000000000568e+00,5.805678838129999804e+02,4.991264814471999784e+02,-2.328957897999739957e-01
1.568900000000000006e+01,3.823999999999999844e+00,9.901999999999999247e+00,6.078000000000000291e+00,5.810047012267999662e+02,4.991333718354999860e+02,-2.382229608999995030e-01
1.568999999999999950e+01,3.823999999999999844e+00,9.903076923076922000e+00,6.079076923076923045e+00,5.810532364949999646e+02,4.991341374341999995e+02,-2.388148688000019948e-01
1.569999999999999929e+01,3.823999999999999844e+00,9.913846153846153086e+00,6.089846153846153243e+00,5.815365621329999612e+02,4.991246642802000224e+02,-2.406739398000130037e-01
1.570199999999999996e+01,3.823999999999999844e+00,9.916000000000000369e+00,6.091999999999999638e+00,5.816360455069999489e+02,4.991225298994000354e+02,-2.410442812000034574e-01
1.571000000000000085e+01,3.794352941176466487e+00,9.880705882352936342e+00,6.086352941176469855e+00,5.820339790030000131e+02,4.991139923761999739e+02,-2.425256467999649945e-01
1.571899999999999942e+01,3.761000000000000121e+00,9.840999999999999304e+00,6.080000000000000071e+00,5.824826825853999708e+02,4.991179555279999818e+02,-2.478398461999903601e-01
1.572000000000000064e+01,3.759076923076920984e+00,9.840999999999999304e+00,6.081923076923079208e+00,5.825325385390000292e+02,4.991183958781999763e+02,-2.484303127999940020e-01
1.573000000000000043e+01,3.739846153846151822e+00,9.840999999999999304e+00,6.101153846153848370e+00,5.830361787929999764e+02,4.991390764541999943e+02,-2.653913467999889919e-01
1.573199999999999932e+01,3.736000000000000210e+00,9.840999999999999304e+00,6.105000000000000426e+00,5.831372200705999376e+02,4.991412342891999856e+02,-2.667764913999890464e-01
1.574000000000000021e+01,3.753333333333334743e+00,9.845888888888888246e+00,6.092555555555555280e+00,5.835413851810000097e+02,4.991498656292000078e+02,-2.723170697999929835e-01
1.575000000000000000e+01,3.774999999999999911e+00,9.852000000000000313e+00,6.076999999999999957e+00,5.840438462570000411e+02,4.991385544401999823e+02,-2.531652627999880223e-01
1.575999999999999979e+01,3.789705882352941035e+00,9.853764705882353425e+00,6.064058823529411058e+00,5.845492768630000455e+02,4.991454101191999939e+02,-2.430769477999979999e-01
1.576699999999999946e+01,3.799999999999999822e+00,9.855000000000000426e+00,6.054999999999999716e+00,5.849122269273999564e+02,4.991619024838999508e+02,-2.493544337000083433e-01
1.576999999999999957e+01,3.802999999999999936e+00,9.860769230769230731e+00,6.057769230769230795e+00,5.850677769549999994e+02,4.991689706401999729e+02,-2.520447848000130220e-01
1.577999999999999936e+01,3.813000000000000167e+00,9.880000000000000782e+00,6.067000000000000171e+00,5.855764887829999452e+02,4.991709878362000268e+02,-2.469387017999599976e-01
1.578999999999999915e+01,3.805352941176471493e+00,9.877647058823528781e+00,6.072294117647057732e+00,5.860688786030000301e+02,4.991430934101999810e+02,-2.227305957999589914e-01
1.579700000000000060e+01,3.799999999999999822e+00,9.875999999999999446e+00,6.075999999999999623e+00,5.864206831735999685e+02,4.991337457578999874e+02,-2.184193272999790936e-01
1.580000000000000071e+01,3.793833333333332725e+00,9.866166666666664753e+00,6.072333333333332916e+00,5.865714565609999909e+02,4.991297396211999740e+02,-2.165716407999880022e-01
1.581000000000000050e+01,3.773277777777776176e+00,9.833388888888887180e+00,6.060111111111110560e+00,5.870668506470000239e+02,4.991369566462000193e+02,-2.254869568000019975e-01
1.581499999999999950e+01,3.762999999999999901e+00,9.817000000000000171e+00,6.054000000000000270e+00,5.873071161059999667e+02,4.991391516461999913e+02,-2.264412583000068313e-01
1.582000000000000028e+01,3.796461538461544105e+00,9.845461538461544038e+00,6.048999999999999488e+00,5.875473815650000233e+02,4.991413466462000201e+02,-2.273955598000119982e-01
1.582799999999999940e+01,3.850000000000000089e+00,9.891000000000000014e+00,6.041000000000000369e+00,5.879413915778000046e+02,4.991453917246000174e+02,-2.329222165999699223e-01
1.583000000000000007e+01,3.852888888888889696e+00,9.892555555555555102e+00,6.039666666666666295e+00,5.880398940810000568e+02,4.991464029942000025e+02,-2.343038807999600071e-01
1.583999999999999986e+01,3.867333333333333290e+00,9.900333333333332320e+00,6.033000000000000362e+00,5.885445583010000519e+02,4.991491446982000184e+02,-2.422013387999989997e-01
1.584600000000000009e+01,3.875999999999999890e+00,9.904999999999999361e+00,6.028999999999999915e+00,5.888361456974000703e+02,4.991471554120000178e+02,-2.439294659999894921e-01
1.584999999999999964e+01,3.861411764705883432e+00,9.893705882352941572e+00,6.032294117647058584e+00,5.890305372950000447e+02,4.991458292212000174e+02,-2.450815507999830056e-01
1.585999999999999943e+01,3.824941176470589177e+00,9.865470588235293548e+00,6.040529411764706147e+00,5.895248198990000219e+02,4.991549718712000185e+02,-2.580039337999600058e-01
1.586299999999999955e+01,3.814000000000000057e+00,9.856999999999999318e+00,6.043000000000000149e+00,5.896761680000000752e+02,4.991566907968000351e+02,-2.609763490999745805e-01
1.586999999999999922e+01,3.808235294117647829e+00,9.861941176470587322e+00,6.053705882352939938e+00,5.900293135690000099e+02,4.991607016231999978e+02,-2.679119848000079962e-01
1.588000000000000078e+01,3.799999999999999822e+00,9.868999999999999773e+00,6.068999999999999950e+00,5.905302922109999599e+02,4.991402699561999725e+02,-2.547283687999740143e-01
1.589000000000000057e+01,3.839230769230768558e+00,9.888230769230769823e+00,6.049000000000000377e+00,5.910378037089999452e+02,4.991282206981999821e+02,-2.425728797999749942e-01
1.589300000000000068e+01,3.850999999999999979e+00,9.894000000000000128e+00,6.043000000000000149e+00,5.911920097372000100e+02,4.991325130544000217e+02,-2.437537268999804552e-01
1.590000000000000036e+01,3.841666666666666341e+00,9.889333333333333087e+00,6.047666666666666302e+00,5.915518238030000475e+02,4.991425285522000195e+02,-2.465090367999930032e-01
1.591000000000000014e+01,3.828333333333332700e+00,9.882666666666665378e+00,6.054333333333333123e+00,5.920484418129999540e+02,4.991458479121999972e+02,-2.444102577999829884e-01
1.591099999999999959e+01,3.826999999999999957e+00,9.881999999999999673e+00,6.054999999999999716e+00,5.920993496871999469e+02,4.991436520822999796e+02,-2.426911747999843105e-01
1.591999999999999993e+01,3.791692307692306141e+00,9.863999999999998991e+00,6.072307692307693294e+00,5.925575205549999964e+02,4.991238896131999923e+02,-2.272194277999869949e-01
1.592399999999999949e+01,3.775999999999999801e+00,9.855999999999999872e+00,6.080000000000000071e+00,5.927584144989999686e+02,4.991209512368000105e+02,-2.227643417999777831e-01
1.592999999999999972e+01,3.775999999999999801e+00,9.869764705882351663e+00,6.093764705882352750e+00,5.930597554150000406e+02,4.991165436722000095e+02,-2.160817127999629939e-01
1.593999999999999950e+01,3.775999999999999801e+00,9.892705882352938573e+00,6.116705882352938772e+00,5.935506980229999954e+02,4.991315513971999849e+02,-2.160254467999629946e-01
1.594100000000000072e+01,3.775999999999999801e+00,9.894999999999999574e+00,6.118999999999999773e+00,5.935996956536000653e+02,4.991347451616999820e+02,-2.172258224999644993e-01
1.594999999999999929e+01,3.782882352941175697e+00,9.902411764705881581e+00,6.119529411764705884e+00,5.940406743290000122e+02,4.991634890422000126e+02,-2.280292037999629984e-01
1.595800000000000018e+01,3.789000000000000146e+00,9.909000000000000696e+00,6.120000000000000107e+00,5.944412805657999570e+02,4.991783162510000125e+02,-2.367924541999825994e-01
1.596000000000000085e+01,3.784777777777776464e+00,9.907555555555555671e+00,6.122777777777778319e+00,5.945414321250000285e+02,4.991820230531999982e+02,-2.389832667999879923e-01
1.597000000000000064e+01,3.763666666666666494e+00,9.900333333333334096e+00,6.136666666666666714e+00,5.950370802390000335e+02,4.991672436791999985e+02,-2.408208757999970029e-01
1.597600000000000087e+01,3.750999999999999890e+00,9.896000000000000796e+00,6.144999999999999574e+00,5.953317815082000379e+02,4.991528181041999801e+02,-2.407044223999982024e-01
1.598000000000000043e+01,3.750999999999999890e+00,9.898823529411764355e+00,6.147823529411764021e+00,5.955282490209999651e+02,4.991432010542000057e+02,-2.406267867999989929e-01
1.599000000000000021e+01,3.750999999999999890e+00,9.905882352941176805e+00,6.154882352941176471e+00,5.960273222050000186e+02,4.991386086602000205e+02,-2.494996198000120069e-01
1.599300000000000033e+01,3.750999999999999890e+00,9.907999999999999474e+00,6.157000000000000028e+00,5.961769588629999816e+02,4.991387253188000273e+02,-2.530667668000124992e-01
1.600000000000000000e+01,3.757999999999999563e+00,9.914999999999999147e+00,6.157000000000000028e+00,5.965261110650000091e+02,4.991389975221999862e+02,-2.613901098000129819e-01
1.600600000000000023e+01,3.763999999999999790e+00,9.920999999999999375e+00,6.157000000000000028e+00,5.968307560910000120e+02,4.991293507162000083e+02,-2.600882964000071351e-01
1.601000000000000156e+01,3.755294117647055341e+00,9.918647058823527374e+00,6.163352941176473365e+00,5.970338527750000139e+02,4.991229195121999851e+02,-2.592204208000030152e-01
1.601999999999999957e+01,3.733529411764706207e+00,9.912764705882352700e+00,6.179235294117646937e+00,5.975422482069999432e+02,4.991129310452000141e+02,-2.450719927999930048e-01
1.602299999999999969e+01,3.726999999999999869e+00,9.910999999999999588e+00,6.184000000000000163e+00,5.976910452501999771e+02,4.991172257012000273e+02,-2.432540317999848101e-01
1.603000000000000114e+01,3.753923076923078916e+00,9.950846153846155673e+00,6.196923076923078533e+00,5.980382383510000182e+02,4.991272465651999823e+02,-2.390121227999650044e-01
1.603600000000000136e+01,3.777000000000000135e+00,9.984999999999999432e+00,6.208000000000000185e+00,5.983375624450000032e+02,4.991371153489999983e+02,-2.413803689999769742e-01
1.603999999999999915e+01,3.777000000000000135e+00,9.984777777777777530e+00,6.207777777777778283e+00,5.985371118409999553e+02,4.991436945382000090e+02,-2.429591997999840103e-01
1.605000000000000071e+01,3.777000000000000135e+00,9.984222222222221887e+00,6.207222222222221752e+00,5.990451672829999552e+02,4.991396645272000114e+02,-2.378319277999879910e-01
1.605399999999999849e+01,3.777000000000000135e+00,9.983999999999999986e+00,6.206999999999999851e+00,5.992460483093999528e+02,4.991299327944000197e+02,-2.281528433999914229e-01
1.605999999999999872e+01,3.743666666666666920e+00,9.955333333333333812e+00,6.211666666666666892e+00,5.995473698490000061e+02,4.991153351951999753e+02,-2.136342167999880082e-01
1.607000000000000028e+01,3.688111111111104456e+00,9.907555555555550342e+00,6.219444444444444997e+00,6.000346598390000281e+02,4.991241423562000250e+02,-2.085568547999920030e-01
1.607199999999999918e+01,3.677000000000000046e+00,9.897999999999999687e+00,6.221000000000000085e+00,6.001323073193999562e+02,4.991331128310000054e+02,-2.113667989999931940e-01
1.607999999999999829e+01,3.707117647058821408e+00,9.934705882352938389e+00,6.227588235294117425e+00,6.005228972410000097e+02,4.991689947301999837e+02,-2.226065758000030093e-01
1.608899999999999864e+01,3.741000000000000103e+00,9.976000000000000867e+00,6.235000000000000320e+00,6.009586886907999315e+02,4.991938557425000340e+02,-2.279973768999762618e-01
1.608999999999999986e+01,3.740277777777777146e+00,9.976555555555556509e+00,6.236277777777779363e+00,6.010071099629999480e+02,4.991966180772000143e+02,-2.285963547999740053e-01
1.610000000000000142e+01,3.733055555555553795e+00,9.982111111111112933e+00,6.249055555555559138e+00,6.014997030709999990e+02,4.991827119381999864e+02,-2.174376398000059940e-01
1.610699999999999932e+01,3.728000000000000203e+00,9.986000000000000654e+00,6.258000000000000007e+00,6.018545033588000024e+02,4.991700172471000201e+02,-2.166139189999830017e-01
1.610999999999999943e+01,3.713750000000001439e+00,9.965187500000002530e+00,6.251437500000000647e+00,6.020065606250000201e+02,4.991645766652000020e+02,-2.162608957999730130e-01
1.612000000000000099e+01,3.666249999999998899e+00,9.895812499999998124e+00,6.229562499999999226e+00,6.025176145189999488e+02,4.991606647311999723e+02,-2.261334707999639870e-01
1.612300000000000111e+01,3.652000000000000135e+00,9.875000000000000000e+00,6.222999999999999865e+00,6.026689529317999359e+02,4.991572886394999955e+02,-2.251878872999679704e-01
1.612999999999999901e+01,3.681166666666662479e+00,9.902999999999995140e+00,6.221833333333333549e+00,6.030220758949999436e+02,4.991494110922000118e+02,-2.229815257999779865e-01
1.614000000000000057e+01,3.722833333333342321e+00,9.943000000000008498e+00,6.220166666666665733e+00,6.035385756450000372e+02,4.991378289612000003e+02,-2.238257698000110096e-01
1.614099999999999824e+01,3.726999999999999869e+00,9.946999999999999176e+00,6.219999999999999751e+00,6.035899973351998824e+02,4.991371602963000100e+02,-2.234119689000100828e-01
1.614999999999999858e+01,3.708999999999999631e+00,9.923499999999998877e+00,6.214499999999999247e+00,6.040527925469999673e+02,4.991311423121999837e+02,-2.196877607999929982e-01
1.615899999999999892e+01,3.690999999999999837e+00,9.900000000000000355e+00,6.208999999999999631e+00,6.044982065753998768e+02,4.991295598835999954e+02,-2.105830332000012683e-01
1.616000000000000014e+01,3.693176470588237947e+00,9.903000000000004022e+00,6.209823529411765186e+00,6.045476970229999552e+02,4.991293840582000030e+02,-2.095713968000010030e-01
1.617000000000000171e+01,3.714941176470595074e+00,9.933000000000010488e+00,6.218058823529414525e+00,6.050489388790000476e+02,4.991569815482000081e+02,-2.145572897999979967e-01
1.617599999999999838e+01,3.728000000000000203e+00,9.951000000000000512e+00,6.222999999999999865e+00,6.053528503749998890e+02,4.991707117015999984e+02,-2.187381503999989152e-01
1.617999999999999972e+01,3.732307692307693436e+00,9.951307692307691966e+00,6.218999999999999417e+00,6.055554580389999728e+02,4.991798651372000108e+02,-2.215253908000019978e-01
1.618900000000000006e+01,3.741999999999999993e+00,9.951999999999999957e+00,6.209999999999999964e+00,6.059992298877999701e+02,4.991754686408000339e+02,-2.169111295000061557e-01
1.619000000000000128e+01,3.739222222222219116e+00,9.948555555555550711e+00,6.209333333333332483e+00,6.060485378710000077e+02,4.991749801412000238e+02,-2.163984338000060070e-01
1.619999999999999929e+01,3.711444444444447655e+00,9.914111111111115093e+00,6.202666666666667439e+00,6.065367959389999442e+02,4.991668291582000165e+02,-2.072610007999919901e-01
1.620700000000000074e+01,3.692000000000000171e+00,9.890000000000000568e+00,6.198000000000000398e+00,6.068836904071999925e+02,4.991698017900999957e+02,-2.085943278999990713e-01
1.621000000000000085e+01,3.700647058823530067e+00,9.898823529411766131e+00,6.198176470588235176e+00,6.070323594650000132e+02,4.991710757751999950e+02,-2.091657538000019911e-01
1.621999999999999886e+01,3.729470588235289874e+00,9.928235294117643051e+00,6.198764705882353176e+00,6.075147417289999794e+02,4.991605790062000096e+02,-2.020213647999969941e-01
1.622400000000000020e+01,3.741000000000000103e+00,9.939999999999999503e+00,6.198999999999999844e+00,6.077092924770000764e+02,4.991564644410000255e+02,-2.011635635999928506e-01
1.623000000000000043e+01,3.745235294117647662e+00,9.948470588235293732e+00,6.203235294117646959e+00,6.080011185990000513e+02,4.991502925931999926e+02,-1.998768617999870101e-01
1.623999999999999844e+01,3.752294117647057892e+00,9.962588235294116856e+00,6.210294117647058521e+00,6.085058402610000030e+02,4.991520288731999813e+02,-2.097707727999779947e-01
1.624099999999999966e+01,3.753000000000000114e+00,9.964000000000000412e+00,6.211000000000000298e+00,6.085561039342001095e+02,4.991505908350999903e+02,-2.099545189999790784e-01
1.625000000000000000e+01,3.753000000000000114e+00,9.946692307692309498e+00,6.193692307692309384e+00,6.090084769930000448e+02,4.991376484922000145e+02,-2.116082347999869995e-01
1.625400000000000134e+01,3.753000000000000114e+00,9.939000000000000057e+00,6.185999999999999943e+00,6.092109341282000514e+02,4.991283833146000006e+02,-2.087304899999848917e-01
1.626000000000000156e+01,3.744176470588234995e+00,9.930529411764705827e+00,6.186352941176470388e+00,6.095146198310000045e+02,4.991144855481999798e+02,-2.044138727999829930e-01
1.626999999999999957e+01,3.729470588235296091e+00,9.916411764705882703e+00,6.186941176470588388e+00,6.100273273750000271e+02,4.991166954601999919e+02,-2.093076457999779871e-01
1.627100000000000080e+01,3.728000000000000203e+00,9.914999999999999147e+00,6.187000000000000277e+00,6.100784072506000939e+02,4.991185056707000172e+02,-2.105026769999793490e-01
1.628000000000000114e+01,3.715294117647057970e+00,9.895941176470586242e+00,6.180647058823528717e+00,6.105381261310000127e+02,4.991347975652000173e+02,-2.212579577999790048e-01
1.628800000000000026e+01,3.704000000000000181e+00,9.878999999999999559e+00,6.174999999999999822e+00,6.109426538973999641e+02,4.991370732188000261e+02,-2.171759697999810501e-01
1.628999999999999915e+01,3.718428571428564311e+00,9.889571428571422018e+00,6.171142857142858595e+00,6.110437858389999519e+02,4.991376421322000283e+02,-2.161554727999820125e-01
1.630000000000000071e+01,3.790571428571436030e+00,9.942428571428576944e+00,6.151857142857140914e+00,6.115546638549999443e+02,4.991368029181999759e+02,-2.040387847999829973e-01
1.630199999999999960e+01,3.805000000000000160e+00,9.952999999999999403e+00,6.147999999999999687e+00,6.116564121909999585e+02,4.991406107971999973e+02,-2.034295805999858098e-01
1.630999999999999872e+01,3.787117647058825032e+00,9.929941176470590491e+00,6.142823529411765016e+00,6.120634055350000153e+02,4.991558423132000257e+02,-2.009927637999960048e-01
1.631899999999999906e+01,3.766999999999999904e+00,9.903999999999999915e+00,6.136999999999999567e+00,6.125066415687999779e+02,4.991766242374999933e+02,-2.054675115999909651e-01
1.632000000000000028e+01,3.763235294117642127e+00,9.895999999999990138e+00,6.132764705882347123e+00,6.125558900170000243e+02,4.991789333401999897e+02,-2.059647057999909880e-01
1.632999999999999829e+01,3.725588235294118977e+00,9.816000000000004277e+00,6.090411764705883968e+00,6.130481723210000382e+02,4.991880184401999827e+02,-2.028872268000060097e-01
1.633599999999999852e+01,3.702999999999999847e+00,9.768000000000000682e+00,6.065000000000000391e+00,6.133390721197999937e+02,4.991770156623999810e+02,-1.931836325999957416e-01
1.633999999999999986e+01,3.750142857142862773e+00,9.807428571428577158e+00,6.057285714285713496e+00,6.135330053190000399e+02,4.991696804772000178e+02,-1.867145697999869902e-01
1.635000000000000142e+01,3.867999999999999883e+00,9.906000000000000583e+00,6.038000000000000256e+00,6.140258831950000058e+02,4.991507860262000236e+02,-1.745381857999870057e-01
1.635999999999999943e+01,3.853294117647061423e+00,9.891294117647062123e+00,6.038000000000000256e+00,6.145261564869999802e+02,4.991602636142000051e+02,-1.894604307999719905e-01
1.636700000000000088e+01,3.842999999999999972e+00,9.881000000000000227e+00,6.038000000000000256e+00,6.148730523537999488e+02,4.991632140196999785e+02,-1.970937200999898775e-01
1.637000000000000099e+01,3.834666666666666668e+00,9.877000000000000668e+00,6.042333333333333556e+00,6.150217220109999516e+02,4.991644784791999996e+02,-2.003651297999969882e-01
1.637999999999999901e+01,3.806888888888895650e+00,9.863666666666668803e+00,6.056777777777774041e+00,6.155139454989999876e+02,4.991395050692000268e+02,-1.971675028000109964e-01
1.638500000000000156e+01,3.793000000000000149e+00,9.856999999999999318e+00,6.064000000000000057e+00,6.157651344990000553e+02,4.991258075711999709e+02,-1.950632848000007635e-01
1.639000000000000057e+01,3.812615384615383629e+00,9.875846153846152831e+00,6.063230769230769646e+00,6.160163234990000092e+02,4.991121100731999718e+02,-1.929590667999920017e-01
1.639799999999999969e+01,3.843999999999999861e+00,9.906000000000000583e+00,6.062000000000000277e+00,6.164244120926000505e+02,4.991081588115999921e+02,-1.944543539999993298e-01
1.639999999999999858e+01,3.832117647058829402e+00,9.898470588235298351e+00,6.066352941176468505e+00,6.165264342409999472e+02,4.991071709962000114e+02,-1.948281758000010022e-01
1.641000000000000014e+01,3.772705882352936246e+00,9.860823529411762323e+00,6.088117647058825632e+00,6.170254789470000105e+02,4.991206203372000232e+02,-1.997646417999970059e-01
1.641499999999999915e+01,3.742999999999999883e+00,9.842000000000000526e+00,6.099000000000000199e+00,6.172798506749999206e+02,4.991301259227000173e+02,-2.022416072999936310e-01
1.642000000000000171e+01,3.753882352941182443e+00,9.853470588235300198e+00,6.099588235294118199e+00,6.175342224029999443e+02,4.991396315082000115e+02,-2.047185727999920046e-01
1.642999999999999972e+01,3.775647058823531577e+00,9.876411764705885332e+00,6.100764705882353311e+00,6.180369435430000067e+02,4.991413137662000281e+02,-1.976126277999870062e-01
1.643199999999999861e+01,3.779999999999999805e+00,9.881000000000000227e+00,6.100999999999999979e+00,6.181345717357999092e+02,4.991400927952000188e+02,-1.929865719999852847e-01
1.644000000000000128e+01,3.802666666666673301e+00,9.903222222222227700e+00,6.100555555555555287e+00,6.185250845069999741e+02,4.991352089111999817e+02,-1.744823487999619949e-01
1.644999999999999929e+01,3.830999999999999961e+00,9.930999999999999162e+00,6.099999999999999645e+00,6.190262119230000053e+02,4.991648101932000259e+02,-1.774753238000049971e-01
1.646000000000000085e+01,3.786882352941168151e+00,9.879823529411753569e+00,6.092941176470587195e+00,6.195332741390000137e+02,4.991957271411999955e+02,-1.874716657999959957e-01
1.646699999999999875e+01,3.755999999999999783e+00,9.843999999999999417e+00,6.088000000000000078e+00,6.198778500784000016e+02,4.991901835199000175e+02,-1.803754081000030207e-01
1.646999999999999886e+01,3.755999999999999783e+00,9.839999999999999858e+00,6.083999999999999631e+00,6.200255254810000451e+02,4.991878076822000025e+02,-1.773341548000050005e-01
1.648000000000000043e+01,3.755999999999999783e+00,9.826666666666664440e+00,6.070666666666665101e+00,6.205191735170000129e+02,4.991729672302000154e+02,-1.641718957999709905e-01
1.648499999999999943e+01,3.755999999999999783e+00,9.820000000000000284e+00,6.064000000000000057e+00,6.207718333760000178e+02,4.991773687416999792e+02,-1.661312312999804752e-01
1.648999999999999844e+01,3.760999999999998344e+00,9.829230769230766995e+00,6.068230769230767763e+00,6.210244932350000227e+02,4.991817702531999998e+02,-1.680905667999899877e-01
1.649800000000000111e+01,3.769000000000000128e+00,9.843999999999999417e+00,6.075000000000000178e+00,6.214241390302000809e+02,4.991853471211999818e+02,-1.704142971999792200e-01
1.650000000000000000e+01,3.776294117647055248e+00,9.848470588235290535e+00,6.072176470588236619e+00,6.215240504790000386e+02,4.991862413381999772e+02,-1.709952297999760007e-01
1.651000000000000156e+01,3.812764705882356164e+00,9.870823529411765662e+00,6.058058823529410830e+00,6.220177000690000568e+02,4.991713761902000215e+02,-1.648329288000039972e-01
1.651500000000000057e+01,3.830999999999999961e+00,9.881999999999999673e+00,6.051000000000000156e+00,6.222746670240001094e+02,4.991705129096999940e+02,-1.672727348000014880e-01
1.651999999999999957e+01,3.827470588235294624e+00,9.875823529411766444e+00,6.048352941176471376e+00,6.225316339790000484e+02,4.991696496292000234e+02,-1.697125407999990065e-01
1.653000000000000114e+01,3.820411764705881730e+00,9.863470588235292880e+00,6.043058823529411150e+00,6.230389775910000481e+02,4.991605460832000176e+02,-1.715675728000090050e-01
1.653200000000000003e+01,3.818999999999999950e+00,9.861000000000000654e+00,6.041999999999999815e+00,6.231373650241999940e+02,4.991565540028000214e+02,-1.697315896000068658e-01
1.653999999999999915e+01,3.804714285714286603e+00,9.837571428571431298e+00,6.032857142857142918e+00,6.235309147570000050e+02,4.991405856811999797e+02,-1.623876567999950060e-01
1.654599999999999937e+01,3.794000000000000039e+00,9.820000000000000284e+00,6.025999999999999801e+00,6.238246583266000016e+02,4.991429348053999888e+02,-1.617305949999752746e-01
1.655000000000000071e+01,3.808823529411770270e+00,9.832235294117651847e+00,6.023411764705881133e+00,6.240204873730000372e+02,4.991445008882000138e+02,-1.612925537999619907e-01
1.655999999999999872e+01,3.845882352941175863e+00,9.862823529411764767e+00,6.016941176470588459e+00,6.245190772050000305e+02,4.991659195331999967e+02,-1.712572698000099924e-01
1.656299999999999883e+01,3.857000000000000206e+00,9.871999999999999886e+00,6.014999999999999680e+00,6.246665820798000368e+02,4.991665313907000154e+02,-1.703266088999969008e-01
1.657000000000000028e+01,3.862764705882354654e+00,9.867058823529410105e+00,6.004294117647056339e+00,6.250107601209999757e+02,4.991679590581999832e+02,-1.681550667999660020e-01
1.657999999999999829e+01,3.870999999999999996e+00,9.859999999999999432e+00,5.988999999999999879e+00,6.255046087810000017e+02,4.991671492291999925e+02,-1.560422707999659930e-01
1.658999999999999986e+01,3.877111111111112063e+00,9.846111111111110148e+00,5.968999999999997641e+00,6.260098125050000135e+02,4.991779807401999847e+02,-1.509680657999699915e-01
1.659799999999999898e+01,3.882000000000000117e+00,9.835000000000000853e+00,5.953000000000000291e+00,6.264115353865998941e+02,4.991872824441999796e+02,-1.541115369999851714e-01
1.660000000000000142e+01,3.884941176470591895e+00,9.838058823529417296e+00,5.953117647058824069e+00,6.265119661070000348e+02,4.991896078702000068e+02,-1.548974047999900072e-01
1.660999999999999943e+01,3.899647058823530799e+00,9.853352941176472868e+00,5.953705882352941181e+00,6.270168002110000316e+02,4.991893721101999972e+02,-1.577842877999759974e-01
1.661499999999999844e+01,3.907000000000000028e+00,9.861000000000000654e+00,5.953999999999999737e+00,6.272701714349999520e+02,4.991813116617000219e+02,-1.546994657999910816e-01
1.662000000000000099e+01,3.884941176470580793e+00,9.842470588235288531e+00,5.957529411764706850e+00,6.275235426589999861e+02,4.991732512131999897e+02,-1.516146438000040009e-01
1.662999999999999901e+01,3.840823529411773851e+00,9.805411764705890931e+00,5.964588235294116636e+00,6.280284589090000509e+02,4.991540282702000013e+02,-1.434344487999660023e-01
1.663200000000000145e+01,3.831999999999999851e+00,9.798000000000000043e+00,5.966000000000000192e+00,6.281295799394001733e+02,4.991547890955999947e+02,-1.446146455999730573e-01
1.664000000000000057e+01,3.863384615384616527e+00,9.828153846153847795e+00,5.964769230769230823e+00,6.285340640609999809e+02,4.991578323972000248e+02,-1.493354327999950049e-01
1.664499999999999957e+01,3.883000000000000007e+00,9.846999999999999531e+00,5.964000000000000412e+00,6.287881652599999143e+02,4.991633054272000436e+02,-1.547982507999784985e-01
1.664999999999999858e+01,3.893555555555553216e+00,9.857555555555553184e+00,5.964000000000000412e+00,6.290422664589999613e+02,4.991687784572000055e+02,-1.602610687999619921e-01
1.666000000000000014e+01,3.914666666666666295e+00,9.878666666666665819e+00,5.964000000000000412e+00,6.295443325449999747e+02,4.991643923401999814e+02,-1.591338987999859900e-01
1.666300000000000026e+01,3.920999999999999819e+00,9.884999999999999787e+00,5.964000000000000412e+00,6.296923590243999342e+02,4.991611308373999805e+02,-1.572894504999943210e-01
1.667000000000000171e+01,3.889705882352933575e+00,9.859470588235287991e+00,5.969764705882354860e+00,6.300377541430000292e+02,4.991535206642000162e+02,-1.529857378000130108e-01
1.667999999999999972e+01,3.845000000000000195e+00,9.823000000000000398e+00,5.977999999999999758e+00,6.305334884410000313e+02,4.991547757051999952e+02,-1.538798917999900095e-01
1.669000000000000128e+01,3.823235294117643068e+00,9.810058823529409722e+00,5.986823529411766209e+00,6.310258842969999478e+02,4.991618711251999798e+02,-1.487953547999950055e-01
1.669699999999999918e+01,3.807999999999999829e+00,9.801000000000000156e+00,5.993000000000000327e+00,6.313773117103999084e+02,4.991714127705999999e+02,-1.501508495000011545e-01
1.669999999999999929e+01,3.818714285714286394e+00,9.809142857142857608e+00,5.990428571428571658e+00,6.315279234590000215e+02,4.991755020471999842e+02,-1.507317758000039920e-01
1.671000000000000085e+01,3.854428571428579531e+00,9.836285714285720516e+00,5.981857142857140985e+00,6.320342974390000563e+02,4.991833813412000040e+02,-1.496469207999709949e-01
1.671099999999999852e+01,3.858000000000000096e+00,9.839000000000000412e+00,5.980999999999999872e+00,6.320833056657999123e+02,4.991828796226999998e+02,-1.480342379999782243e-01
1.671999999999999886e+01,3.851647058823530312e+00,9.826294117647060844e+00,5.974647058823530088e+00,6.325243797069999800e+02,4.991783641562000184e+02,-1.335200928000090104e-01
1.672800000000000153e+01,3.846000000000000085e+00,9.814999999999999503e+00,5.969000000000000306e+00,6.329118163118000666e+02,4.991852617977999671e+02,-1.326582343999816449e-01
1.673000000000000043e+01,3.841777777777779512e+00,9.807888888888891543e+00,5.966111111111112919e+00,6.330086754630000314e+02,4.991869862081999827e+02,-1.324427697999749909e-01
1.673999999999999844e+01,3.820666666666669098e+00,9.772333333333337535e+00,5.951666666666667993e+00,6.335093199289999575e+02,4.992075063711999974e+02,-1.464038847999860060e-01
1.674599999999999866e+01,3.807999999999999829e+00,9.750999999999999446e+00,5.942999999999999616e+00,6.338105610457998864e+02,4.992048514161999719e+02,-1.523275431999799034e-01
1.675000000000000000e+01,3.811692307692308379e+00,9.754076923076922867e+00,5.942384615384614932e+00,6.340113884569999527e+02,4.992030814461999739e+02,-1.562766487999769915e-01
1.675900000000000034e+01,3.819999999999999840e+00,9.760999999999999233e+00,5.940999999999999837e+00,6.344619359773998895e+02,4.991747419275999960e+02,-1.488763897999931529e-01
1.676000000000000156e+01,3.822235294117649840e+00,9.763294117647060233e+00,5.941058823529411725e+00,6.345119968129999961e+02,4.991715930921999984e+02,-1.480541387999939895e-01
1.676999999999999957e+01,3.844588235294116529e+00,9.786235294117647143e+00,5.941647058823529726e+00,6.350156884729999547e+02,4.991562783982000155e+02,-1.478880567999940054e-01
1.677599999999999980e+01,3.858000000000000096e+00,9.800000000000000711e+00,5.942000000000000171e+00,6.353186578657998780e+02,4.991549304334000112e+02,-1.520159301999965129e-01
1.678000000000000114e+01,3.861294117647060098e+00,9.803529411764706936e+00,5.942235294117646838e+00,6.355206374609999784e+02,4.991540317902000083e+02,-1.547678457999989987e-01
1.678999999999999915e+01,3.869529411764705440e+00,9.812352941176470722e+00,5.942823529411764838e+00,6.360147733310000149e+02,4.991481948411999952e+02,-1.526373147999899871e-01
1.679299999999999926e+01,3.871999999999999886e+00,9.814999999999999503e+00,5.942999999999999616e+00,6.361661721307999642e+02,4.991490247611999962e+02,-1.529065647999827693e-01
1.680000000000000071e+01,3.871999999999999886e+00,9.830235294117651179e+00,5.958235294117650405e+00,6.365194359969999596e+02,4.991509612411999797e+02,-1.535348147999660018e-01
1.680999999999999872e+01,3.871999999999999886e+00,9.852000000000000313e+00,5.980000000000000426e+00,6.370308031790000314e+02,4.991591043622000257e+02,-1.584498187999610064e-01
1.682000000000000028e+01,3.878666666666667151e+00,9.859222222222223664e+00,5.980555555555556069e+00,6.375306427489999805e+02,4.991586259431999792e+02,-1.493368788000040137e-01
1.682799999999999940e+01,3.883999999999999897e+00,9.865000000000000213e+00,5.980999999999999872e+00,6.379276169026001071e+02,4.991668892263999737e+02,-1.428776803999722289e-01
1.682999999999999829e+01,3.878117647058826556e+00,9.860529411764709096e+00,5.982411764705881652e+00,6.380268604410000535e+02,4.991689550471999723e+02,-1.412628807999649905e-01
1.683999999999999986e+01,3.848705882352938534e+00,9.838176470588233968e+00,5.989470588235294990e+00,6.385330946110000241e+02,4.991968304761999775e+02,-1.482486567999710125e-01
1.684499999999999886e+01,3.834000000000000075e+00,9.826999999999999957e+00,5.993000000000000327e+00,6.387862818229999675e+02,4.992007665951999797e+02,-1.487062232999873390e-01
1.685000000000000142e+01,3.837611111111113082e+00,9.834222222222225085e+00,5.996611111111112891e+00,6.390394690350000246e+02,4.992047027141999820e+02,-1.491637898000039986e-01
1.685999999999999943e+01,3.844833333333333325e+00,9.848666666666666458e+00,6.003833333333333577e+00,6.395400493570000435e+02,4.991912490391999881e+02,-1.390049008000129871e-01
1.686299999999999955e+01,3.846999999999999975e+00,9.852999999999999758e+00,6.006000000000000227e+00,6.396919524621999926e+02,4.991885082845000170e+02,-1.374614292999975784e-01
1.687000000000000099e+01,3.846461538461538598e+00,9.864846153846155374e+00,6.018384615384616332e+00,6.400463930409999875e+02,4.991821131902000275e+02,-1.338599957999609957e-01
1.687600000000000122e+01,3.846000000000000085e+00,9.875000000000000000e+00,6.028999999999999915e+00,6.403469662030000791e+02,4.991806305446000351e+02,-1.373879231999792505e-01
1.687999999999999901e+01,3.840117647058826744e+00,9.863705882352947540e+00,6.023588235294120352e+00,6.405473483109999506e+02,4.991796421142000213e+02,-1.397398747999900048e-01
1.689000000000000057e+01,3.825411764705882955e+00,9.835470588235294187e+00,6.010058823529412564e+00,6.410328439109999863e+02,4.991672525742000062e+02,-1.515882387999900049e-01
1.689300000000000068e+01,3.821000000000000174e+00,9.826999999999999957e+00,6.006000000000000227e+00,6.411817432050000889e+02,4.991592299292000234e+02,-1.506268044999942712e-01
1.689999999999999858e+01,3.801555555555562016e+00,9.818055555555558200e+00,6.016499999999997073e+00,6.415291748910000251e+02,4.991405104241999879e+02,-1.483834578000050031e-01
1.691000000000000014e+01,3.773777777777780784e+00,9.805277777777780202e+00,6.031499999999998529e+00,6.420286132129999714e+02,4.991119707592000054e+02,-1.371715917999800083e-01
1.691100000000000136e+01,3.770999999999999908e+00,9.804000000000000270e+00,6.033000000000000362e+00,6.420781922982000651e+02,4.991119971320999866e+02,-1.370606548999822871e-01
1.692000000000000171e+01,3.804352941176472935e+00,9.844235294117650525e+00,6.039882352941177146e+00,6.425244040649999988e+02,4.991122344881999879e+02,-1.360622228000039902e-01
1.692800000000000082e+01,3.834000000000000075e+00,9.880000000000000782e+00,6.046000000000000263e+00,6.429195799066001200e+02,4.991379670009999927e+02,-1.456651612000056661e-01
1.692999999999999972e+01,3.829529411764708069e+00,9.875411764705885886e+00,6.045882352941176485e+00,6.430183738670000366e+02,4.991444001291999939e+02,-1.480658958000050096e-01
1.694000000000000128e+01,3.807176470588233386e+00,9.852470588235291871e+00,6.045294117647058485e+00,6.435166203789999599e+02,4.991718301501999804e+02,-1.520518577999659948e-01
1.694500000000000028e+01,3.795999999999999819e+00,9.840999999999999304e+00,6.044999999999999929e+00,6.437677246799999011e+02,4.991771604071999491e+02,-1.495147867999684910e-01
1.694999999999999929e+01,3.778500000000004189e+00,9.822944444444448919e+00,6.044444444444444287e+00,6.440188289809999560e+02,4.991824906641999746e+02,-1.469777157999709871e-01
1.696000000000000085e+01,3.743500000000000050e+00,9.786833333333333940e+00,6.043333333333333002e+00,6.445216645609999659e+02,4.991821691302000090e+02,-1.418646887999749917e-01
1.696300000000000097e+01,3.733000000000000096e+00,9.775999999999999801e+00,6.043000000000000149e+00,6.446752109779999955e+02,4.991822244505000299e+02,-1.409307203999789759e-01
1.696999999999999886e+01,3.748647058823525224e+00,9.792058823529407263e+00,6.043411764705882483e+00,6.450334859509999887e+02,4.991823535312000217e+02,-1.387514607999890126e-01
1.698000000000000043e+01,3.770999999999999908e+00,9.814999999999999503e+00,6.043999999999999595e+00,6.455399164850000489e+02,4.991892415131999883e+02,-1.356630828000029987e-01
1.698999999999999844e+01,3.777666666666664952e+00,9.822777777777776720e+00,6.045111111111110880e+00,6.460443522690000009e+02,4.991959837452000102e+02,-1.415746927999750049e-01
1.699800000000000111e+01,3.782999999999999918e+00,9.829000000000000625e+00,6.046000000000000263e+00,6.464489733634000004e+02,4.991966281411999944e+02,-1.470869911999807822e-01
1.700000000000000000e+01,3.781588235294118139e+00,9.827588235294118846e+00,6.046000000000000263e+00,6.465501286369999434e+02,4.991967892402000189e+02,-1.484650657999810053e-01
1.701000000000000156e+01,3.774529411764705245e+00,9.820529411764706396e+00,6.046000000000000263e+00,6.470437203410000393e+02,4.991829365721999920e+02,-1.383063237999890005e-01
1.701500000000000057e+01,3.770999999999999908e+00,9.817000000000000171e+00,6.046000000000000263e+00,6.472881213470000148e+02,4.991828707042000133e+02,-1.372517157999845194e-01
1.701999999999999957e+01,3.771294117647058464e+00,9.817588235294117283e+00,6.046294117647058819e+00,6.475325223529999903e+02,4.991828048361999777e+02,-1.361971077999800106e-01
1.703000000000000114e+01,3.771882352941176464e+00,9.818764705882353283e+00,6.046882352941175931e+00,6.480267484030000560e+02,4.991929387981999753e+02,-1.511230137999660106e-01
1.703200000000000003e+01,3.771999999999999797e+00,9.819000000000000838e+00,6.046999999999999709e+00,6.481271621086000323e+02,4.991920538132000047e+02,-1.530975665999751156e-01
1.703999999999999915e+01,3.760444444444446255e+00,9.807000000000002160e+00,6.046555555555555905e+00,6.485288169310000512e+02,4.991885138732000087e+02,-1.609957778000150053e-01
1.705000000000000071e+01,3.745999999999999996e+00,9.791999999999999815e+00,6.046000000000000263e+00,6.490321913069999482e+02,4.991612076281999748e+02,-1.477873747999809972e-01
1.705999999999999872e+01,3.726769230769231722e+00,9.765076923076923876e+00,6.038307692307692598e+00,6.495308888770000522e+02,4.991456432191999966e+02,-1.376214577999899935e-01
1.706299999999999883e+01,3.721000000000000085e+00,9.756999999999999673e+00,6.035999999999999588e+00,6.496791046612000855e+02,4.991495935813999836e+02,-1.388024308999952494e-01
1.707000000000000028e+01,3.736647058823533207e+00,9.782529411764711469e+00,6.045882352941178262e+00,6.500249414910000496e+02,4.991588110931999722e+02,-1.415580348000080035e-01
1.707999999999999829e+01,3.758999999999999897e+00,9.819000000000000838e+00,6.059999999999999609e+00,6.505104364669999768e+02,4.991815172391999909e+02,-1.425301477999859900e-01
1.708999999999999986e+01,3.772888888888890513e+00,9.832888888888890122e+00,6.059999999999999609e+00,6.509990401170000496e+02,4.992024047021999991e+02,-1.414951398000089955e-01
1.709799999999999898e+01,3.783999999999999808e+00,9.843999999999999417e+00,6.059999999999999609e+00,6.514089778049999495e+02,4.992081717485999661e+02,-1.438243077999971919e-01
1.710000000000000142e+01,3.772117647058808476e+00,9.830941176470570753e+00,6.058823529411762721e+00,6.515114622270000382e+02,4.992096135101999721e+02,-1.444065997999950113e-01
1.710999999999999943e+01,3.712705882352936193e+00,9.765647058823523352e+00,6.052941176470587159e+00,6.520228554450000047e+02,4.991997537042000204e+02,-1.422580367999849993e-01
1.711499999999999844e+01,3.682999999999999829e+00,9.733000000000000540e+00,6.049999999999999822e+00,6.522762552789998836e+02,4.991911923077000210e+02,-1.396714442999884287e-01
1.712000000000000099e+01,3.690647058823532056e+00,9.743294117647062436e+00,6.052647058823530379e+00,6.525296551129999898e+02,4.991826309112000217e+02,-1.370848517999899985e-01
1.712999999999999901e+01,3.705941176470584963e+00,9.763882352941172016e+00,6.057941176470587052e+00,6.530417641569999887e+02,4.991777811361999966e+02,-1.459538768000049891e-01
1.713200000000000145e+01,3.709000000000000075e+00,9.768000000000000682e+00,6.059000000000000163e+00,6.531438094598000816e+02,4.991763883287999874e+02,-1.479262750000051030e-01
1.714000000000000057e+01,3.726333333333334163e+00,9.792000000000001592e+00,6.065666666666666984e+00,6.535519906709999987e+02,4.991708170992000078e+02,-1.558158677999950115e-01
1.714999999999999858e+01,3.748000000000000220e+00,9.821999999999999176e+00,6.073999999999999844e+00,6.540596181629999819e+02,4.991567393532000096e+02,-1.526532548000089917e-01
1.716000000000000014e+01,3.733294117647059096e+00,9.827294117647058513e+00,6.093999999999999417e+00,6.545626819569999952e+02,4.991524208192000174e+02,-1.485260817999899952e-01
1.716700000000000159e+01,3.722999999999999865e+00,9.830999999999999517e+00,6.107999999999999652e+00,6.549112342813999703e+02,4.991631981129999645e+02,-1.505865800999802995e-01
1.717000000000000171e+01,3.718666666666665677e+00,9.822833333333331751e+00,6.104166666666665186e+00,6.550606138489999921e+02,4.991678169531999743e+02,-1.514696507999760133e-01
1.717999999999999972e+01,3.704222222222222083e+00,9.795611111111110603e+00,6.091388888888888076e+00,6.555486771070000032e+02,4.991806287211999802e+02,-1.594063298000150120e-01
1.718499999999999872e+01,3.697000000000000064e+00,9.782000000000000028e+00,6.084999999999999964e+00,6.557969706309999083e+02,4.991737861217000045e+02,-1.548269243000086337e-01
1.719000000000000128e+01,3.707882352941179960e+00,9.789058823529414255e+00,6.081176470588234295e+00,6.560452641550000408e+02,4.991669435221999720e+02,-1.502475187999990081e-01
1.719999999999999929e+01,3.729647058823524652e+00,9.803176470588232050e+00,6.073529411764707397e+00,6.565360312870000143e+02,4.991499318091999839e+02,-1.380782467999999985e-01
1.720200000000000173e+01,3.733999999999999986e+00,9.805999999999999162e+00,6.072000000000000064e+00,6.566350010490001523e+02,4.991497755983999696e+02,-1.372556737999953147e-01
1.721000000000000085e+01,3.769764705882350242e+00,9.842705882352937863e+00,6.072941176470588509e+00,6.570308800970000220e+02,4.991491507552000257e+02,-1.339653817999809926e-01
1.721900000000000119e+01,3.810000000000000053e+00,9.884000000000000341e+00,6.073999999999999844e+00,6.574759651016001953e+02,4.991691272209000090e+02,-1.411368940999646882e-01
1.721999999999999886e+01,3.803666666666680296e+00,9.879722222222232730e+00,6.076055555555551102e+00,6.575254189910000377e+02,4.991713468282000008e+02,-1.419337287999609953e-01
1.723000000000000043e+01,3.740333333333327293e+00,9.836944444444441160e+00,6.096611111111112535e+00,6.580261758990000089e+02,4.991898949512000172e+02,-1.488878157999669882e-01
1.723699999999999832e+01,3.696000000000000174e+00,9.807000000000000384e+00,6.110999999999999766e+00,6.583771837407999783e+02,4.991945046941000328e+02,-1.502260036999738535e-01
1.723999999999999844e+01,3.713999999999997748e+00,9.818470588235292951e+00,6.104470588235295203e+00,6.585276156730000139e+02,4.991964802982000151e+02,-1.507995127999769980e-01
1.725000000000000000e+01,3.773999999999996469e+00,9.856705882352938985e+00,6.082705882352942517e+00,6.590341877930000010e+02,4.991833439211999917e+02,-1.476404557999899947e-01
1.725400000000000134e+01,3.798000000000000043e+00,9.871999999999999886e+00,6.073999999999999844e+00,6.592390766538001117e+02,4.991806109615999958e+02,-1.495852473999883248e-01
1.726000000000000156e+01,3.771882352941174688e+00,9.854705882352940094e+00,6.082823529411765406e+00,6.595464099450000504e+02,4.991765115221999736e+02,-1.525024347999849872e-01
1.726999999999999957e+01,3.728352941176476421e+00,9.825882352941180287e+00,6.097529411764703866e+00,6.600512438270000075e+02,4.991762792902000001e+02,-1.543893237999940105e-01
1.727100000000000080e+01,3.724000000000000199e+00,9.823000000000000398e+00,6.099000000000000199e+00,6.601011053916000719e+02,4.991766212147999795e+02,-1.545794392999953193e-01
1.728000000000000114e+01,3.724000000000000199e+00,9.805692307692304155e+00,6.081692307692304844e+00,6.605498594729999695e+02,4.991796985362000214e+02,-1.562904788000049894e-01
1.728399999999999892e+01,3.724000000000000199e+00,9.798000000000000043e+00,6.073999999999999844e+00,6.607489060265999115e+02,4.991810490798000046e+02,-1.554509588000012876e-01
1.728999999999999915e+01,3.744666666666666810e+00,9.819000000000000838e+00,6.074333333333333584e+00,6.610474758569999949e+02,4.991830748951999794e+02,-1.541916787999950134e-01
1.730000000000000071e+01,3.779111111111115306e+00,9.854000000000004533e+00,6.074888888888889227e+00,6.615394989850000229e+02,4.991791524362000132e+02,-1.430683137999710086e-01
1.730199999999999960e+01,3.786000000000000032e+00,9.861000000000000654e+00,6.075000000000000178e+00,6.616378352130000167e+02,4.991795659860000001e+02,-1.408478827999783967e-01
1.730999999999999872e+01,3.741111111111117715e+00,9.821888888888894442e+00,6.080777777777776727e+00,6.620311801249999917e+02,4.991812201852000044e+02,-1.319661588000040076e-01
1.732000000000000028e+01,3.685000000000000053e+00,9.772999999999999687e+00,6.088000000000000078e+00,6.625322215789999518e+02,4.991947835241999769e+02,-1.369025828000000056e-01
1.732999999999999829e+01,3.684411764705882497e+00,9.757705882352944116e+00,6.073294117647060730e+00,6.630274451149999777e+02,4.992049885971999856e+02,-1.478284917999669879e-01
1.733699999999999974e+01,3.684000000000000163e+00,9.746999999999999886e+00,6.062999999999999723e+00,6.633722208582000803e+02,4.991959457486999554e+02,-1.421198531999793013e-01
1.733999999999999986e+01,3.684176470588235386e+00,9.749647058823530443e+00,6.065470588235293725e+00,6.635199818910000431e+02,4.991920702421999749e+02,-1.396732937999849988e-01
1.735000000000000142e+01,3.684764705882352942e+00,9.758470588235296006e+00,6.073705882352943064e+00,6.640102375950000351e+02,4.991840191452000113e+02,-1.345357947999890058e-01
1.735399999999999920e+01,3.685000000000000053e+00,9.762000000000000455e+00,6.076999999999999957e+00,6.642109172637999563e+02,4.991918548964000024e+02,-1.389188255999974642e-01
1.735999999999999943e+01,3.698333333333333250e+00,9.782333333333333769e+00,6.083999999999999631e+00,6.645119367669999519e+02,4.992036085231999891e+02,-1.454933718000140097e-01
1.737000000000000099e+01,3.720555555555558058e+00,9.816222222222226179e+00,6.095666666666668121e+00,6.650143497669999988e+02,4.992282396841999912e+02,-1.584685907999910104e-01
1.737199999999999989e+01,3.725000000000000089e+00,9.823000000000000398e+00,6.097999999999999865e+00,6.651147172969999701e+02,4.992281625663999876e+02,-1.578459871999940423e-01
1.737999999999999901e+01,3.741941176470587216e+00,9.846529411764704420e+00,6.104588235294117204e+00,6.655161874169999692e+02,4.992278540951999730e+02,-1.553555728000050040e-01
1.738899999999999935e+01,3.761000000000000121e+00,9.872999999999999332e+00,6.112000000000000099e+00,6.659759541611999794e+02,4.992117248450999796e+02,-1.578964059999921066e-01
1.739000000000000057e+01,3.756111111111105405e+00,9.866111111111102616e+00,6.109999999999997655e+00,6.660270393550000563e+02,4.992099327061999929e+02,-1.581787207999910128e-01
1.739999999999999858e+01,3.707222222222227970e+00,9.797222222222229604e+00,6.090000000000002522e+00,6.665362367550000045e+02,4.991859035832000018e+02,-1.619806948000100111e-01
1.740700000000000003e+01,3.673000000000000043e+00,9.749000000000000554e+00,6.075999999999999623e+00,6.668885592304000056e+02,4.991674831301000381e+02,-1.541372787999921168e-01
1.741000000000000014e+01,3.693117647058825170e+00,9.764352941176472456e+00,6.071235294117646397e+00,6.670395545769999899e+02,4.991595886502000212e+02,-1.507758147999850029e-01
1.742000000000000171e+01,3.760176470588249220e+00,9.815529411764716272e+00,6.055352941176467496e+00,6.675334052350000320e+02,4.991587470691999897e+02,-1.476629647999989914e-01
1.742399999999999949e+01,3.786999999999999922e+00,9.836000000000000298e+00,6.049000000000000377e+00,6.677316882733999819e+02,4.991664544899999783e+02,-1.496460603999962835e-01
1.742999999999999972e+01,3.764764705882351237e+00,9.832470588235294073e+00,6.067705882352942837e+00,6.680291128310000204e+02,4.991780156212000179e+02,-1.526207037999940119e-01
1.744000000000000128e+01,3.727705882352932765e+00,9.826588235294117624e+00,6.098882352941183527e+00,6.685294395690000329e+02,4.991865512891999970e+02,-1.515395097999610030e-01
1.744099999999999895e+01,3.724000000000000199e+00,9.826000000000000512e+00,6.102000000000000313e+00,6.685794518695998931e+02,4.991860067329000117e+02,-1.499264524999683323e-01
1.744999999999999929e+01,3.715000000000000746e+00,9.807307692307693614e+00,6.092307692307693756e+00,6.690295625749999999e+02,4.991811057261999736e+02,-1.354089367999999904e-01
1.745400000000000063e+01,3.710999999999999854e+00,9.798999999999999488e+00,6.088000000000000078e+00,6.692281642694000539e+02,4.991832307533999824e+02,-1.349722507999863153e-01
1.746000000000000085e+01,3.737823529411766543e+00,9.821941176470589951e+00,6.084117647058823408e+00,6.695260668109999642e+02,4.991864182941999957e+02,-1.343172217999659968e-01
1.746999999999999886e+01,3.782529411764700367e+00,9.860176470588230657e+00,6.077647058823529846e+00,6.700218322929999886e+02,4.992046743661999813e+02,-1.432714017999799916e-01
1.747100000000000009e+01,3.786999999999999922e+00,9.864000000000000767e+00,6.076999999999999957e+00,6.700710720340000535e+02,4.992053814385999999e+02,-1.434629438999812101e-01
1.748000000000000043e+01,3.748999999999999666e+00,9.820499999999999119e+00,6.071500000000000341e+00,6.705142297029999554e+02,4.992117450901999973e+02,-1.451868227999900118e-01
1.748900000000000077e+01,3.710999999999999854e+00,9.776999999999999247e+00,6.065999999999999837e+00,6.709615956982000853e+02,4.992075537901999951e+02,-1.405724858999934102e-01
1.748999999999999844e+01,3.711764705882350857e+00,9.779823529411757477e+00,6.068058823529407064e+00,6.710113030310000113e+02,4.992070880901999885e+02,-1.400597817999950090e-01
1.750000000000000000e+01,3.719411764705882195e+00,9.808058823529409054e+00,6.088647058823528191e+00,6.715182472129999951e+02,4.992049801762000243e+02,-1.399395707999940008e-01
1.750600000000000023e+01,3.724000000000000199e+00,9.824999999999999289e+00,6.100999999999999979e+00,6.718238698729999214e+02,4.992097912995999991e+02,-1.446885875999826543e-01
1.751000000000000156e+01,3.738571428571434208e+00,9.840142857142861743e+00,6.101571428571428868e+00,6.720276183129999481e+02,4.992129987152000012e+02,-1.478545987999760059e-01
1.751999999999999957e+01,3.774999999999999911e+00,9.878000000000000114e+00,6.102999999999999758e+00,6.725248947070000440e+02,4.992223335301999896e+02,-1.547769547999799933e-01
1.753000000000000114e+01,3.760294117647056122e+00,9.861529411764703212e+00,6.101235294117646646e+00,6.730249083789999531e+02,4.992188106152000273e+02,-1.596533257999769861e-01
1.753699999999999903e+01,3.750000000000000000e+00,9.849999999999999645e+00,6.099999999999999645e+00,6.733804474271998970e+02,4.992054569658000105e+02,-1.588271157999931738e-01
1.753999999999999915e+01,3.750000000000000000e+00,9.848235294117646532e+00,6.098235294117646532e+00,6.735328213049999704e+02,4.991997339732000114e+02,-1.584730258000000003e-01
1.755000000000000071e+01,3.750000000000000000e+00,9.842352941176468306e+00,6.092352941176469194e+00,6.740383961610000370e+02,4.991865229571999976e+02,-1.603139598000100086e-01
1.755399999999999849e+01,3.750000000000000000e+00,9.839999999999999858e+00,6.089999999999999858e+00,6.742392453057999546e+02,4.991843705744000204e+02,-1.594616802000063116e-01
1.755999999999999872e+01,3.732352941176473315e+00,9.817411764705886057e+00,6.085058823529411853e+00,6.745405190230000017e+02,4.991811420001999977e+02,-1.581832608000000029e-01
1.757000000000000028e+01,3.702941176470591511e+00,9.779764705882357134e+00,6.076823529411765179e+00,6.750303189649999922e+02,4.991810743191999791e+02,-1.540740357999809962e-01
1.757100000000000151e+01,3.700000000000000178e+00,9.775999999999999801e+00,6.075999999999999623e+00,6.750791334832000530e+02,4.991804571304999740e+02,-1.536609964999784972e-01
1.757999999999999829e+01,3.769499999999986528e+00,9.851499999999985491e+00,6.081999999999998963e+00,6.755184641470000315e+02,4.991749024321999855e+02,-1.499436427999620014e-01
1.758899999999999864e+01,3.838999999999999968e+00,9.926999999999999602e+00,6.088000000000000078e+00,6.759577437123999744e+02,4.991702430898999978e+02,-1.471294651999749403e-01
1.758999999999999986e+01,3.835294117647054968e+00,9.926235294117645935e+00,6.090941176470590968e+00,6.760065525530000059e+02,4.991697253852000244e+02,-1.468167787999760110e-01
1.760000000000000142e+01,3.798235294117644045e+00,9.918588235294116373e+00,6.120352941176473216e+00,6.764960096190000058e+02,4.991756620241999940e+02,-1.387287877999950070e-01
1.760600000000000165e+01,3.775999999999999801e+00,9.913999999999999702e+00,6.137999999999999901e+00,6.767930581230000371e+02,4.991938102674000106e+02,-1.423267585999790641e-01
1.760999999999999943e+01,3.753333333333342292e+00,9.894444444444452813e+00,6.141111111111110077e+00,6.769910904590000200e+02,4.992059090962000028e+02,-1.447254057999670107e-01
1.762000000000000099e+01,3.696666666666657441e+00,9.845555555555547400e+00,6.148888888888889959e+00,6.774835758289999603e+02,4.992289860111999928e+02,-1.536973237999809949e-01
1.762399999999999878e+01,3.673999999999999932e+00,9.826000000000000512e+00,6.152000000000000135e+00,6.776871522897998830e+02,4.992281870336000225e+02,-1.540492201999940636e-01
1.762999999999999901e+01,3.710352941176473074e+00,9.866235294117650767e+00,6.155882352941176805e+00,6.779925169809999943e+02,4.992269885672000100e+02,-1.545770648000140135e-01
1.764000000000000057e+01,3.770941176470602230e+00,9.933294117647074373e+00,6.162352941176472143e+00,6.785045926210000289e+02,4.992051730411999984e+02,-1.453861237999999889e-01
1.764099999999999824e+01,3.777000000000000135e+00,9.939999999999999503e+00,6.163000000000000256e+00,6.785555379899999480e+02,4.992040754711999853e+02,-1.452709175999969404e-01
1.764999999999999858e+01,3.757000000000000117e+00,9.927499999999998437e+00,6.170500000000000540e+00,6.790140463110000155e+02,4.991941973411999811e+02,-1.442340617999670060e-01
1.765899999999999892e+01,3.737000000000000099e+00,9.914999999999999147e+00,6.177999999999999936e+00,6.794758193549998850e+02,4.992060896523000224e+02,-1.576733811000041174e-01
1.766000000000000014e+01,3.739294117647061988e+00,9.916352941176471703e+00,6.177058823529410603e+00,6.795271274709999716e+02,4.992074110202000270e+02,-1.591666388000100019e-01
1.767000000000000171e+01,3.762235294117654227e+00,9.929882352941181267e+00,6.167647058823526152e+00,6.800285095809999802e+02,4.992150053191999746e+02,-1.580818887999760058e-01
1.767599999999999838e+01,3.775999999999999801e+00,9.938000000000000611e+00,6.161999999999999922e+00,6.803221321101998456e+02,4.992089466535999804e+02,-1.537951671999745196e-01
1.767999999999999972e+01,3.770117647058822463e+00,9.926941176470586825e+00,6.156823529411763474e+00,6.805178804629999831e+02,4.992049075432000222e+02,-1.509373527999710030e-01
1.769000000000000128e+01,3.755411764705881783e+00,9.899294117647057689e+00,6.143882352941175462e+00,6.810197461469999780e+02,4.991864872752000224e+02,-1.497607137999950044e-01
1.769300000000000139e+01,3.750999999999999890e+00,9.891000000000000014e+00,6.139999999999999680e+00,6.811690735380000206e+02,4.991814928752000355e+02,-1.491098700999921589e-01
1.769999999999999929e+01,3.740888888888890484e+00,9.871555555555557859e+00,6.130666666666667375e+00,6.815175041170000441e+02,4.991698392751999904e+02,-1.475912347999860097e-01
1.771000000000000085e+01,3.726444444444441562e+00,9.843777777777770410e+00,6.117333333333330181e+00,6.820126368070000353e+02,4.991640840211999830e+02,-1.384607247999710133e-01
1.771099999999999852e+01,3.725000000000000089e+00,9.840999999999999304e+00,6.115999999999999659e+00,6.820608382975999575e+02,4.991654325993999919e+02,-1.387547617999746741e-01
1.771999999999999886e+01,3.718117647058824637e+00,9.841529411764705415e+00,6.123411764705880778e+00,6.824946517130000530e+02,4.991775698032000150e+02,-1.414010948000140044e-01
1.772800000000000153e+01,3.712000000000000188e+00,9.842000000000000526e+00,6.129999999999999893e+00,6.828858098218000805e+02,4.991894622056000230e+02,-1.477560771999999467e-01
1.773000000000000043e+01,3.710666666666667446e+00,9.840666666666667339e+00,6.129999999999999893e+00,6.829835993489999737e+02,4.991924353062000250e+02,-1.493448227999950029e-01
1.773999999999999844e+01,3.704000000000001069e+00,9.834000000000001407e+00,6.129999999999999893e+00,6.834772229029999835e+02,4.991955730852000102e+02,-1.502460887999710060e-01
1.774599999999999866e+01,3.700000000000000178e+00,9.830000000000000071e+00,6.129999999999999893e+00,6.837738058225999112e+02,4.991902929046000281e+02,-1.435614395999922077e-01
1.775000000000000000e+01,3.712750000000002881e+00,9.845500000000003027e+00,6.132750000000000590e+00,6.839715277689999766e+02,4.991867727842000022e+02,-1.391050068000050099e-01
1.776000000000000156e+01,3.744625000000004089e+00,9.884250000000005087e+00,6.139625000000000554e+00,6.844727402170000232e+02,4.991973410191999960e+02,-1.440308258000000119e-01
1.776200000000000045e+01,3.750999999999999890e+00,9.891999999999999460e+00,6.141000000000000014e+00,6.845739243489999808e+02,4.992005057996000232e+02,-1.462194963999928210e-01
1.776999999999999957e+01,3.735000000000000320e+00,9.870526315789472704e+00,6.135526315789474161e+00,6.849786608770000385e+02,4.992131649212000184e+02,-1.549741787999679987e-01
1.778000000000000114e+01,3.714999999999995417e+00,9.843684210526308931e+00,6.128684210526314402e+00,6.854891129410000303e+02,4.992022462201999815e+02,-1.538220957999900107e-01
1.778099999999999881e+01,3.713000000000000078e+00,9.840999999999999304e+00,6.128000000000000114e+00,6.855401207635999299e+02,4.992000543261999610e+02,-1.526030076999926044e-01
1.778999999999999915e+01,3.685999999999998167e+00,9.815058823529408727e+00,6.129058823529411448e+00,6.859991911670000491e+02,4.991803272802000038e+02,-1.416312147999899962e-01
1.779799999999999827e+01,3.661999999999999922e+00,9.791999999999999815e+00,6.129999999999999893e+00,6.864124608021999165e+02,4.991838749954000036e+02,-1.455518219999849538e-01
1.780000000000000071e+01,3.678470588235311478e+00,9.808235294117663372e+00,6.129764705882352338e+00,6.865157782109999971e+02,4.991847619242000178e+02,-1.465319737999850047e-01
1.780999999999999872e+01,3.760823529411751132e+00,9.889411764705869246e+00,6.128588235294118114e+00,6.870191886970000041e+02,4.992094641961999741e+02,-1.555071957999999976e-01
1.781500000000000128e+01,3.802000000000000046e+00,9.929999999999999716e+00,6.128000000000000114e+00,6.872656867630000761e+02,4.992165276376999827e+02,-1.549772772999838122e-01
1.782000000000000028e+01,3.798111111111111438e+00,9.919999999999999929e+00,6.121888888888888935e+00,6.875121848290000344e+02,4.992235910791999913e+02,-1.544473587999679876e-01
1.782999999999999829e+01,3.790333333333333776e+00,9.900000000000000355e+00,6.109666666666667467e+00,6.880141366970000263e+02,4.992212052262000270e+02,-1.523272648000139895e-01
1.783299999999999841e+01,3.787999999999999812e+00,9.894000000000000128e+00,6.105999999999999872e+00,6.881675456402000464e+02,4.992131416831000479e+02,-1.507646790999988828e-01
1.783999999999999986e+01,3.767411764705881794e+00,9.878764705882352004e+00,6.111352941176470210e+00,6.885254998410000553e+02,4.991943267492000018e+02,-1.471186457999630048e-01
1.785000000000000142e+01,3.737999999999999989e+00,9.856999999999999318e+00,6.118999999999999773e+00,6.890244841769999766e+02,4.991737422762000165e+02,-1.449350058000090091e-01
1.785999999999999943e+01,3.753294117647056005e+00,9.871705882352937778e+00,6.118411764705882661e+00,6.895112896629999568e+02,4.991734930142000053e+02,-1.438258257999759926e-01
1.786700000000000088e+01,3.763999999999999790e+00,9.881999999999999673e+00,6.118000000000000327e+00,6.898470623603999456e+02,4.991870562870000185e+02,-1.430989779999927713e-01
1.787000000000000099e+01,3.757499999999999840e+00,9.873333333333333073e+00,6.115833333333333677e+00,6.899909649449999733e+02,4.991928691182000080e+02,-1.427874718000000098e-01
1.787999999999999901e+01,3.735833333333338668e+00,9.844444444444452103e+00,6.108611111111112990e+00,6.904826209369999788e+02,4.992129256822000229e+02,-1.427488597999989894e-01
1.788500000000000156e+01,3.725000000000000089e+00,9.830000000000000071e+00,6.105000000000000426e+00,6.907297036870000966e+02,4.992185200712000324e+02,-1.422136282999827972e-01
1.789000000000000057e+01,3.732941176470586875e+00,9.840882352941175526e+00,6.107941176470587763e+00,6.909767864369999870e+02,4.992241144601999849e+02,-1.416783967999669935e-01
1.789999999999999858e+01,3.748823529411760447e+00,9.862647058823524659e+00,6.113823529411763325e+00,6.914717479109999658e+02,4.992213578381999923e+02,-1.315584977999759986e-01
1.790200000000000102e+01,3.751999999999999780e+00,9.867000000000000881e+00,6.115000000000000213e+00,6.915716933810000455e+02,4.992216558567999982e+02,-1.313373141999805704e-01
1.791000000000000014e+01,3.740888888888890484e+00,9.855888888888891586e+00,6.115000000000000213e+00,6.919714752610000232e+02,4.992228479312000218e+02,-1.304525797999999959e-01
1.792000000000000171e+01,3.726999999999999869e+00,9.842000000000000526e+00,6.115000000000000213e+00,6.924734859029999825e+02,4.992194354861999841e+02,-1.363289027999710079e-01
1.792999999999999972e+01,3.726411764705882312e+00,9.841411764705881637e+00,6.115000000000000213e+00,6.929869920849999971e+02,4.992076576622000061e+02,-1.441731678000079953e-01
1.793700000000000117e+01,3.725999999999999979e+00,9.840999999999999304e+00,6.115000000000000213e+00,6.933533329382000829e+02,4.991893165806999946e+02,-1.419269496999791824e-01
1.794000000000000128e+01,3.721411764705881975e+00,9.837117647058823522e+00,6.115705882352941103e+00,6.935103361610000547e+02,4.991814561172000140e+02,-1.409642847999670046e-01
1.794999999999999929e+01,3.706117647058825959e+00,9.824176470588238175e+00,6.118058823529411328e+00,6.940171362730000055e+02,4.991643262682000000e+02,-1.377910877999800054e-01
1.795400000000000063e+01,3.700000000000000178e+00,9.819000000000000838e+00,6.118999999999999773e+00,6.942156932570001118e+02,4.991672358778000103e+02,-1.413572057999870346e-01
1.796000000000000085e+01,3.695666666666666877e+00,9.822333333333334693e+00,6.126666666666666927e+00,6.945135287330000438e+02,4.991716002922000257e+02,-1.467063827999960102e-01
1.796999999999999886e+01,3.688444444444446191e+00,9.827888888888887564e+00,6.139444444444441373e+00,6.950095206529999814e+02,4.991858875881999893e+02,-1.486464648000050126e-01
1.797200000000000131e+01,3.686999999999999833e+00,9.829000000000000625e+00,6.142000000000000348e+00,6.951086671574000775e+02,4.991861442411999974e+02,-1.472253052000024875e-01
1.798000000000000043e+01,3.741117647058818996e+00,9.877941176470583784e+00,6.136823529411765676e+00,6.955052531750000071e+02,4.991871708531999730e+02,-1.415406667999999923e-01
1.798900000000000077e+01,3.802000000000000046e+00,9.932999999999999829e+00,6.131000000000000227e+00,6.959552133824000748e+02,4.991849114616999827e+02,-1.423326037999785854e-01
1.798999999999999844e+01,3.797777777777787911e+00,9.928777777777787250e+00,6.131000000000000227e+00,6.960052089609999939e+02,4.991846604181999965e+02,-1.424205967999760125e-01
1.800000000000000000e+01,3.755555555555560421e+00,9.886555555555560204e+00,6.131000000000000227e+00,6.965073324889999640e+02,4.991792688772000020e+02,-1.432898798000090124e-01
1.800700000000000145e+01,3.725999999999999979e+00,9.856999999999999318e+00,6.131000000000000227e+00,6.968539252166000324e+02,4.991752426689999993e+02,-1.361985269999750614e-01
1.801000000000000156e+01,3.714882352941175636e+00,9.847823529411764198e+00,6.132941176470589006e+00,6.970024649570000292e+02,4.991735171511999738e+02,-1.331593757999610106e-01
1.801999999999999957e+01,3.677823529411770043e+00,9.817235294117651279e+00,6.139411764705881680e+00,6.974877000909999651e+02,4.991832263222000279e+02,-1.230856207999699997e-01
1.802400000000000091e+01,3.662999999999999812e+00,9.804999999999999716e+00,6.142000000000000348e+00,6.976846707294000680e+02,4.991928677249999851e+02,-1.234758211999832656e-01
1.803000000000000114e+01,3.688333333333333020e+00,9.826999999999999957e+00,6.138666666666666494e+00,6.979801266870000518e+02,4.992073298291999777e+02,-1.240611218000030047e-01
1.803999999999999915e+01,3.730555555555545411e+00,9.863666666666658145e+00,6.133111111111111846e+00,6.984835937269999704e+02,4.992310407891999944e+02,-1.310328208000079986e-01
1.804200000000000159e+01,3.738999999999999879e+00,9.871000000000000441e+00,6.131999999999999673e+00,6.985837385610001320e+02,4.992313551468000128e+02,-1.294116413999988613e-01
1.805000000000000071e+01,3.777000000000000135e+00,9.907500000000000639e+00,6.130499999999999616e+00,6.989843178969999826e+02,4.992326125771999727e+02,-1.229269237999709996e-01
1.805799999999999983e+01,3.814999999999999947e+00,9.944000000000000838e+00,6.128999999999999559e+00,6.993806525738000346e+02,4.992240064348000033e+02,-1.180083613999929615e-01
1.805999999999999872e+01,3.809333333333336569e+00,9.944111111111112677e+00,6.134777777777774332e+00,6.994797362430000476e+02,4.992218548992000251e+02,-1.167787207999990001e-01
1.807000000000000028e+01,3.780999999999999694e+00,9.944666666666666544e+00,6.163666666666666849e+00,6.999838015190000533e+02,4.992175439722000192e+02,-1.266514427999899939e-01
1.807600000000000051e+01,3.763999999999999790e+00,9.945000000000000284e+00,6.181000000000000050e+00,7.002851111666000179e+02,4.992136888588000261e+02,-1.331708556000053278e-01
1.807999999999999829e+01,3.752235294117653108e+00,9.936529411764711384e+00,6.184294117647056943e+00,7.004859842649999564e+02,4.992111187831999928e+02,-1.375171308000129877e-01
1.808999999999999986e+01,3.722823529411765087e+00,9.915352941176472257e+00,6.192529411764706282e+00,7.009934106890000294e+02,4.991830174702000136e+02,-1.313050667999849930e-01
1.809299999999999997e+01,3.713999999999999968e+00,9.909000000000000696e+00,6.195000000000000284e+00,7.011447834337999439e+02,4.991790402409000080e+02,-1.309573586999922268e-01
1.810000000000000142e+01,3.744882352941183878e+00,9.938235294117655272e+00,6.193352941176470061e+00,7.014979865049999717e+02,4.991697600392000140e+02,-1.301460398000089946e-01
1.810999999999999943e+01,3.789000000000000146e+00,9.980000000000000426e+00,6.190999999999999837e+00,7.020052461950000406e+02,4.991796719001999918e+02,-1.350681978000040084e-01
1.812000000000000099e+01,3.768444444444441821e+00,9.926666666666660532e+00,6.158222222222217823e+00,7.024990135970000438e+02,4.991978351422000060e+02,-1.380224557999900070e-01
1.812800000000000011e+01,3.751999999999999780e+00,9.884000000000000341e+00,6.131999999999999673e+00,7.028911047138000185e+02,4.992074165742000105e+02,-1.331690045999671668e-01
1.812999999999999901e+01,3.746444444444447353e+00,9.883666666666666600e+00,6.137222222222218804e+00,7.029891274929999554e+02,4.992098119322000116e+02,-1.319556417999619979e-01
1.814000000000000057e+01,3.718666666666666565e+00,9.881999999999999673e+00,6.163333333333333108e+00,7.034845195809999723e+02,4.992170607091999841e+02,-1.318710117999609965e-01
1.814600000000000080e+01,3.701999999999999957e+00,9.881000000000000227e+00,6.179000000000000270e+00,7.037850572122000585e+02,4.992161982523999768e+02,-1.294010961999838283e-01
1.814999999999999858e+01,3.701999999999999957e+00,9.884764705882350455e+00,6.182764705882351386e+00,7.039854156330000023e+02,4.992156232812000098e+02,-1.277544858000000116e-01
1.816000000000000014e+01,3.701999999999999957e+00,9.894176470588234906e+00,6.192176470588234949e+00,7.044830881269999736e+02,4.992180153841999868e+02,-1.216521747999699948e-01
1.816300000000000026e+01,3.701999999999999957e+00,9.897000000000000242e+00,6.195000000000000284e+00,7.046331516831999124e+02,4.992211793390000025e+02,-1.201299447999719799e-01
1.817000000000000171e+01,3.688999999999997836e+00,9.879999999999997229e+00,6.190999999999999837e+00,7.049832999809999592e+02,4.992285619002000203e+02,-1.165780747999760059e-01
1.817999999999999972e+01,3.670428571428573594e+00,9.855714285714288536e+00,6.185285714285714498e+00,7.054810041030000320e+02,4.992479479781999885e+02,-1.205357777999949975e-01
1.818400000000000105e+01,3.662999999999999812e+00,9.846000000000000085e+00,6.182999999999999829e+00,7.056793208878000314e+02,4.992480464138000116e+02,-1.220920182000024834e-01
1.819000000000000128e+01,3.657428571428571029e+00,9.834428571428571075e+00,6.176999999999999602e+00,7.059767960650000305e+02,4.992481940672000178e+02,-1.244263788000130044e-01
1.819800000000000040e+01,3.649999999999999911e+00,9.819000000000000838e+00,6.168999999999999595e+00,7.063750022634001198e+02,4.992348784896000211e+02,-1.218908003999783773e-01
1.819999999999999929e+01,3.654588235294115250e+00,9.823705882352939511e+00,6.169117647058823373e+00,7.064745538130000568e+02,4.992315495952000219e+02,-1.212569057999700051e-01
1.821000000000000085e+01,3.677529411764707934e+00,9.847235294117648863e+00,6.169705882352941373e+00,7.069876291589999937e+02,4.992097699002000013e+02,-1.180659077999850065e-01
1.821499999999999986e+01,3.689000000000000057e+00,9.858999999999999986e+00,6.169999999999999929e+00,7.072428278019999652e+02,4.992047920937000072e+02,-1.224916037999924934e-01
1.821999999999999886e+01,3.699882352941174624e+00,9.869294117647056552e+00,6.169411764705882817e+00,7.074980264450000504e+02,4.991998142872000130e+02,-1.269172997999999941e-01
1.823000000000000043e+01,3.721647058823531751e+00,9.889882352941178567e+00,6.168235294117646816e+00,7.080032608669999945e+02,4.991925687831999880e+02,-1.357794018000139935e-01
1.823199999999999932e+01,3.725999999999999979e+00,9.894000000000000128e+00,6.168000000000000149e+00,7.081051291609999225e+02,4.991907673455999657e+02,-1.371503938000031009e-01
1.823999999999999844e+01,3.703090909090913652e+00,9.867090909090915574e+00,6.164000000000000590e+00,7.085126023369999757e+02,4.991835615951999898e+02,-1.426343617999620006e-01
1.825000000000000000e+01,3.674454545454548082e+00,9.833454545454548779e+00,6.159000000000000696e+00,7.090144673549999652e+02,4.991651519111999846e+02,-1.384577408000000065e-01
1.825400000000000134e+01,3.662999999999999812e+00,9.820000000000000284e+00,6.157000000000000028e+00,7.092117450637999809e+02,4.991623963960000196e+02,-1.372041252000049671e-01
1.826000000000000156e+01,3.688666666666671645e+00,9.842000000000004079e+00,6.153333333333332433e+00,7.095076616269999477e+02,4.991582631232000153e+02,-1.353237018000129910e-01
1.826999999999999957e+01,3.731444444444448116e+00,9.878666666666669371e+00,6.147222222222221255e+00,7.099979218129999481e+02,4.991852265681999938e+02,-1.423098137999619928e-01
1.827199999999999847e+01,3.740000000000000213e+00,9.885999999999999233e+00,6.145999999999999908e+00,7.100965269653999030e+02,4.991914570902000037e+02,-1.423098599999619851e-01
1.828000000000000114e+01,3.758352941176473561e+00,9.891647058823529903e+00,6.133294117647056787e+00,7.104909475749999501e+02,4.992163791781999862e+02,-1.423100447999620100e-01
1.828900000000000148e+01,3.778999999999999915e+00,9.897999999999999687e+00,6.118999999999999773e+00,7.109337441586001205e+02,4.992290643001999797e+02,-1.350562481999773856e-01
1.828999999999999915e+01,3.778222222222223703e+00,9.895777777777782447e+00,6.117555555555558300e+00,7.109829437790000384e+02,4.992304737581999916e+02,-1.342502707999810030e-01
1.830000000000000071e+01,3.770444444444443821e+00,9.873555555555553198e+00,6.103111111111109821e+00,7.114880615409999791e+02,4.992252673262000258e+02,-1.311195147999940080e-01
1.830699999999999861e+01,3.765000000000000124e+00,9.858000000000000540e+00,6.092999999999999972e+00,7.118375703440000279e+02,4.992192893248000019e+02,-1.282206544999816844e-01
1.830999999999999872e+01,3.753705882352942780e+00,9.844764705882354860e+00,6.091058823529412081e+00,7.119873598310000489e+02,4.992167273242000078e+02,-1.269782857999759984e-01
1.832000000000000028e+01,3.716058823529414301e+00,9.800647058823532376e+00,6.084588235294117631e+00,7.124925330370000438e+02,4.992105472201999987e+02,-1.168440367999839941e-01
1.832400000000000162e+01,3.701000000000000068e+00,9.782999999999999474e+00,6.081999999999999851e+00,7.126897998874001132e+02,4.992149999317999800e+02,-1.164158599999933624e-01
1.832999999999999829e+01,3.696411764705884728e+00,9.778764705882355912e+00,6.082352941176470296e+00,7.129857001630000468e+02,4.992216789991999804e+02,-1.157735948000079979e-01
1.833999999999999986e+01,3.688764705882354278e+00,9.771705882352943462e+00,6.082941176470588296e+00,7.134875705509999761e+02,4.992382697452000002e+02,-1.277205608000079873e-01
1.834100000000000108e+01,3.688000000000000167e+00,9.771000000000000796e+00,6.083000000000000185e+00,7.135393179152000585e+02,4.992389150550999943e+02,-1.292113356000083868e-01
1.835000000000000142e+01,3.722411764705884973e+00,9.784235294117648252e+00,6.061823529411763722e+00,7.140050441930000034e+02,4.992447228441999982e+02,-1.426283087999959953e-01
1.835800000000000054e+01,3.753000000000000114e+00,9.795999999999999375e+00,6.043000000000000149e+00,7.144117393210000273e+02,4.992230719753999892e+02,-1.416614447999687276e-01
1.835999999999999943e+01,3.745470588235298326e+00,9.790235294117650255e+00,6.044764705882352374e+00,7.145134131029999480e+02,4.992176592582000012e+02,-1.414197287999620078e-01
1.837000000000000099e+01,3.707823529411761854e+00,9.761411764705879790e+00,6.053588235294117936e+00,7.150086341549999815e+02,4.991928180372000270e+02,-1.492219727999989920e-01
1.837500000000000000e+01,3.689000000000000057e+00,9.746999999999999886e+00,6.057999999999999829e+00,7.152611952560000645e+02,4.991901795411999956e+02,-1.576565347999974998e-01
1.837999999999999901e+01,3.708999999999997854e+00,9.760157894736840589e+00,6.051157894736842735e+00,7.155137563570000339e+02,4.991875410452000210e+02,-1.660910967999960075e-01
1.839000000000000057e+01,3.749000000000007660e+00,9.786473684210530877e+00,6.037473684210524105e+00,7.160055563769999480e+02,4.991875344421999898e+02,-1.769817397999630115e-01
1.839399999999999835e+01,3.765000000000000124e+00,9.797000000000000597e+00,6.032000000000000028e+00,7.162034152073998712e+02,4.991816168273999779e+02,-1.729168205999680463e-01
1.839999999999999858e+01,3.760500000000000398e+00,9.774125000000001506e+00,6.013625000000001108e+00,7.165002034530000401e+02,4.991727404051999883e+02,-1.668194417999719903e-01
1.841000000000000014e+01,3.753000000000000114e+00,9.736000000000000654e+00,5.982999999999999652e+00,7.169897754029999533e+02,4.991766661962000171e+02,-1.627243568000099894e-01
1.842000000000000171e+01,3.745499999999999829e+00,9.697874999999999801e+00,5.952374999999998195e+00,7.174854248909999797e+02,4.991969507562000103e+02,-1.626856608000100124e-01
1.842999999999999972e+01,3.738000000000002210e+00,9.659750000000011383e+00,5.921750000000007397e+00,7.179806740609999451e+02,4.992242450602000190e+02,-1.566717457999809993e-01
1.844000000000000128e+01,3.730500000000001926e+00,9.621625000000008754e+00,5.891125000000005940e+00,7.184796575509999457e+02,4.992387598011999899e+02,-1.426118607999720123e-01
1.844999999999999929e+01,3.723000000000004306e+00,9.583500000000020336e+00,5.860500000000015142e+00,7.189785299310000255e+02,4.992552254142000265e+02,-1.415589677999949947e-01
1.846000000000000085e+01,3.715500000000003578e+00,9.545375000000019483e+00,5.829875000000013685e+00,7.194942317090000188e+02,4.992576204352000104e+02,-1.424527017999709932e-01
1.846999999999999886e+01,3.708000000000005958e+00,9.507250000000031065e+00,5.799250000000022887e+00,7.200004618409999466e+02,4.992504742662000012e+02,-1.393148547999850106e-01
1.848000000000000043e+01,3.700500000000005674e+00,9.469125000000030212e+00,5.768625000000021430e+00,7.205129672069999742e+02,4.992386782511999854e+02,-1.361592067999999878e-01
1.848999999999999844e+01,3.693000000000008054e+00,9.431000000000041794e+00,5.738000000000030631e+00,7.210196286189999455e+02,4.992415268972000035e+02,-1.460566107999899943e-01
1.850000000000000000e+01,3.685500000000007770e+00,9.392875000000039165e+00,5.707375000000029175e+00,7.215189300170000024e+02,4.992329375031999916e+02,-1.559152977999820056e-01
1.851000000000000156e+01,3.678000000000007486e+00,9.354750000000038312e+00,5.676750000000026830e+00,7.220099282490000405e+02,4.992118829262000190e+02,-1.577318017999909949e-01
1.851999999999999957e+01,3.670500000000009866e+00,9.316625000000049894e+00,5.646125000000036920e+00,7.225120784790000243e+02,4.991884778741999753e+02,-1.545374998000050015e-01
1.853000000000000114e+01,3.663000000000009138e+00,9.278500000000049042e+00,5.615500000000034575e+00,7.230101521789999879e+02,4.991838461212000198e+02,-1.584103837999679965e-01
1.853999999999999915e+01,3.655500000000011518e+00,9.240375000000060624e+00,5.584875000000044665e+00,7.235064867529999901e+02,4.991921326251999744e+02,-1.633292377999630007e-01
1.855000000000000071e+01,3.648000000000011234e+00,9.202250000000057994e+00,5.554250000000042320e+00,7.240057594510000172e+02,4.992015884941999957e+02,-1.682515637999580094e-01
1.855999999999999872e+01,3.640500000000013614e+00,9.164125000000071353e+00,5.523625000000051521e+00,7.245051136289999931e+02,4.991920677641999760e+02,-1.591068297999999881e-01
1.857000000000000028e+01,3.633000000000013330e+00,9.126000000000068724e+00,5.493000000000050065e+00,7.250021865129999696e+02,4.991874178201999825e+02,-1.519798007999960121e-01
1.857999999999999829e+01,3.625500000000015710e+00,9.087875000000080306e+00,5.462375000000059266e+00,7.255059374329999855e+02,4.992061545802000069e+02,-1.539338548000059870e-01
1.858999999999999986e+01,3.618000000000015426e+00,9.049750000000079453e+00,5.431750000000057810e+00,7.260061241390000077e+02,4.992346899112000074e+02,-1.599232977999779926e-01
1.860000000000000142e+01,3.610500000000015142e+00,9.011625000000076824e+00,5.401125000000056353e+00,7.265056223870000167e+02,4.992401911161999806e+02,-1.538315498000049908e-01
1.860999999999999943e+01,3.603000000000017522e+00,8.973500000000090182e+00,5.370500000000065555e+00,7.270080867929999613e+02,4.992288270071999818e+02,-1.496796527999859905e-01
1.862000000000000099e+01,3.595500000000016794e+00,8.935375000000087553e+00,5.339875000000064098e+00,7.275235886130000154e+02,4.992171808211999746e+02,-1.525239057999719927e-01
1.862999999999999901e+01,3.588000000000019174e+00,8.897250000000099135e+00,5.309250000000073300e+00,7.280398619249999683e+02,4.992095674661999851e+02,-1.603822478000110074e-01
1.864000000000000057e+01,3.580500000000018890e+00,8.859125000000098282e+00,5.278625000000071843e+00,7.285442099709999866e+02,4.992002999791999969e+02,-1.602373548000100012e-01
1.864999999999999858e+01,3.573000000000021270e+00,8.821000000000109864e+00,5.248000000000081045e+00,7.290299607509999760e+02,4.992009815022000225e+02,-1.621317127999629959e-01
1.866000000000000014e+01,3.565500000000020986e+00,8.782875000000109011e+00,5.217375000000079588e+00,7.295302901530000099e+02,4.992094748342000230e+02,-1.730504467999869900e-01
1.867000000000000171e+01,3.558000000000020702e+00,8.744750000000106382e+00,5.186750000000078131e+00,7.300316435209999781e+02,4.992000292942000215e+02,-1.749056047999970054e-01
1.867999999999999972e+01,3.550500000000023082e+00,8.706625000000117964e+00,5.156125000000087333e+00,7.305298552550000295e+02,4.991754296301999716e+02,-1.627079057999969991e-01
1.869000000000000128e+01,3.543000000000022354e+00,8.668500000000117112e+00,5.125500000000085876e+00,7.310206542370000307e+02,4.991754083641999955e+02,-1.615986417999629998e-01
1.869999999999999929e+01,3.535500000000024734e+00,8.630375000000128694e+00,5.094875000000095078e+00,7.315120844570000145e+02,4.991994231201999810e+02,-1.715741098000110043e-01
1.871000000000000085e+01,3.528000000000024450e+00,8.592250000000127841e+00,5.064250000000093621e+00,7.320083050350000349e+02,4.992097063602000162e+02,-1.765000338000060065e-01
1.871999999999999886e+01,3.520500000000026830e+00,8.554125000000139423e+00,5.033625000000102823e+00,7.325057760170000165e+02,4.991980819522000274e+02,-1.653482837999820099e-01
1.873000000000000043e+01,3.513000000000026546e+00,8.516000000000136794e+00,5.003000000000101366e+00,7.329995690109999487e+02,4.991982493232000024e+02,-1.592389868000090025e-01
1.873999999999999844e+01,3.505500000000028926e+00,8.477875000000150152e+00,4.972375000000110568e+00,7.335018092410000463e+02,4.992259038121999879e+02,-1.642248588000060072e-01
1.875000000000000000e+01,3.498000000000028642e+00,8.439750000000147523e+00,4.941750000000109111e+00,7.339995694729999514e+02,4.992443056341999750e+02,-1.641790508000049997e-01
1.876000000000000156e+01,3.490500000000028358e+00,8.401625000000144894e+00,4.911125000000106766e+00,7.345116760749999685e+02,4.992394946672000060e+02,-1.620481417999969920e-01
1.876999999999999957e+01,3.483000000000030738e+00,8.363500000000158252e+00,4.880500000000116856e+00,7.350375599550000061e+02,4.992214404791999982e+02,-1.618674577999960063e-01
1.878000000000000114e+01,3.475500000000030010e+00,8.325375000000155623e+00,4.849875000000114511e+00,7.355485831089999920e+02,4.992005204582000033e+02,-1.656799947999569866e-01
1.878999999999999915e+01,3.468000000000032390e+00,8.287250000000167205e+00,4.819250000000123713e+00,7.360523889869999721e+02,4.991832055002000175e+02,-1.665068367999910093e-01
1.880000000000000071e+01,3.460500000000032106e+00,8.249125000000166352e+00,4.788625000000122256e+00,7.365514603950000492e+02,4.991786413301999801e+02,-1.673797177999679919e-01
1.880999999999999872e+01,3.453000000000034486e+00,8.211000000000177934e+00,4.758000000000131458e+00,7.370459115510000174e+02,4.991848276842000018e+02,-1.692915617999780076e-01
1.882000000000000028e+01,3.445500000000034202e+00,8.172875000000177081e+00,4.727375000000130001e+00,7.375501193430000058e+02,4.991955633882000143e+02,-1.752173118000059926e-01
1.882999999999999829e+01,3.438000000000036582e+00,8.134750000000188663e+00,4.696750000000139202e+00,7.380400909449999745e+02,4.991924900192000223e+02,-1.740974637999730124e-01
1.883999999999999986e+01,3.430500000000036298e+00,8.096625000000186034e+00,4.666125000000137746e+00,7.385275218550000318e+02,4.991812834052000198e+02,-1.659494407999919929e-01
1.885000000000000142e+01,3.423000000000035570e+00,8.058500000000185182e+00,4.635500000000136289e+00,7.390231984890000376e+02,4.991835473982000053e+02,-1.638471477999819959e-01
1.885999999999999943e+01,3.415500000000037950e+00,8.020375000000196763e+00,4.604875000000145491e+00,7.395260084770000049e+02,4.992012217352000221e+02,-1.677976758000009894e-01
1.887000000000000099e+01,3.408000000000037666e+00,7.982250000000195023e+00,4.574250000000144034e+00,7.400300450529999807e+02,4.992149560711999925e+02,-1.727340367999959936e-01
1.887999999999999901e+01,3.400500000000040046e+00,7.944125000000207493e+00,4.543625000000153236e+00,7.405347068309999941e+02,4.992177365832000078e+02,-1.696315608000099895e-01
1.889000000000000057e+01,3.393000000000039762e+00,7.906000000000205752e+00,4.513000000000151779e+00,7.410239634949999754e+02,4.992096390712000016e+02,-1.614941007999720068e-01
1.889999999999999858e+01,3.385500000000042142e+00,7.867875000000217334e+00,4.482375000000160981e+00,7.415159883989999798e+02,4.992056883881999738e+02,-1.583706877999870033e-01
1.891000000000000014e+01,3.378000000000041858e+00,7.829750000000215593e+00,4.451750000000159524e+00,7.420169434470000169e+02,4.992032208402000037e+02,-1.632505727999810086e-01
1.892000000000000171e+01,3.370500000000041574e+00,7.791625000000214740e+00,4.421125000000158067e+00,7.425161842950000164e+02,4.991956862622000131e+02,-1.571128908000110069e-01
1.892999999999999972e+01,3.363000000000043954e+00,7.753500000000226322e+00,4.390500000000167269e+00,7.430174799989999883e+02,4.991872496742000180e+02,-1.559716017999769888e-01
1.894000000000000128e+01,3.355500000000043226e+00,7.715375000000224581e+00,4.359875000000165812e+00,7.435315853470000320e+02,4.991825209532000258e+02,-1.628405967999810022e-01
1.894999999999999929e+01,3.348000000000045606e+00,7.677250000000236163e+00,4.329250000000175014e+00,7.440462021229999436e+02,4.991688316162000092e+02,-1.626778187999819991e-01
1.896000000000000085e+01,3.340500000000045322e+00,7.639125000000234422e+00,4.298625000000173557e+00,7.445518310910000537e+02,4.991546680961999982e+02,-1.515152957999580108e-01
1.896999999999999886e+01,3.333000000000047702e+00,7.601000000000246004e+00,4.268000000000181871e+00,7.450479935609999984e+02,4.991659673441999985e+02,-1.514447847999579877e-01
1.898000000000000043e+01,3.325500000000047418e+00,7.562875000000245151e+00,4.237375000000181302e+00,7.455507786230000420e+02,4.992016269682000029e+02,-1.674588497999769943e-01
1.898999999999999844e+01,3.318000000000049798e+00,7.524750000000256733e+00,4.206750000000189615e+00,7.460547023130000071e+02,4.992173404001999870e+02,-1.774022507999679921e-01
1.900000000000000000e+01,3.310500000000049514e+00,7.486625000000254992e+00,4.176125000000188159e+00,7.465574501549999695e+02,4.992010091472000113e+02,-1.662327208000000112e-01
1.901000000000000156e+01,3.303000000000048786e+00,7.448500000000253252e+00,4.145500000000186702e+00,7.470465360470000178e+02,4.991959032112000045e+02,-1.591058597999960023e-01
1.901999999999999957e+01,3.295500000000051166e+00,7.410375000000264833e+00,4.114875000000195904e+00,7.475359129649999659e+02,4.992207952812000258e+02,-1.710848927999960023e-01
1.903000000000000114e+01,3.288000000000050882e+00,7.372250000000263981e+00,4.084250000000194447e+00,7.480210376549999864e+02,4.992324447401999805e+02,-1.770181117999690135e-01
1.903999999999999915e+01,3.280500000000053262e+00,7.334125000000275563e+00,4.053625000000203649e+00,7.485142566309999665e+02,4.992075741932000028e+02,-1.608205418000049902e-01
1.905000000000000071e+01,3.273000000000052978e+00,7.296000000000273822e+00,4.023000000000202192e+00,7.490095295749999877e+02,4.991818157481999947e+02,-1.456193887999630010e-01
1.905999999999999872e+01,3.265500000000055358e+00,7.257875000000286292e+00,3.992375000000211394e+00,7.495171880289999535e+02,4.991847425611999824e+02,-1.495168077999809997e-01
1.907000000000000028e+01,3.258000000000055074e+00,7.219750000000283663e+00,3.961750000000209937e+00,7.500132950549999578e+02,4.991970154812000260e+02,-1.564497897999859999e-01
1.907999999999999829e+01,3.250500000000057454e+00,7.181625000000296133e+00,3.931125000000219138e+00,7.505133635050000294e+02,4.991925294782000151e+02,-1.513226857999910024e-01
1.908999999999999986e+01,3.243000000000057170e+00,7.143500000000294392e+00,3.900500000000217682e+00,7.510267534710000064e+02,4.991827836702000241e+02,-1.491740807999820118e-01
1.910000000000000142e+01,3.235500000000056886e+00,7.105375000000292651e+00,3.869875000000216225e+00,7.515496734130000505e+02,4.991815595162000250e+02,-1.570534857999630052e-01
1.910999999999999943e+01,3.228000000000058822e+00,7.067250000000305121e+00,3.839250000000225427e+00,7.520577308529999527e+02,4.991774977531999866e+02,-1.609261597999810112e-01
1.912000000000000099e+01,3.220500000000058538e+00,7.029125000000302492e+00,3.808625000000223526e+00,7.525657295190000013e+02,4.991744625822000216e+02,-1.568024167999630125e-01
1.912999999999999901e+01,3.213000000000060918e+00,6.991000000000314962e+00,3.778000000000233172e+00,7.530638887369999566e+02,4.991858758281999826e+02,-1.567318637999620123e-01
1.914000000000000057e+01,3.205500000000060634e+00,6.952875000000313221e+00,3.747375000000231271e+00,7.535664137349999692e+02,4.992085420052000018e+02,-1.607000667999819998e-01
1.914999999999999858e+01,3.198000000000063014e+00,6.914750000000324803e+00,3.716750000000240917e+00,7.540672841949999565e+02,4.992251004482000099e+02,-1.656470957999769955e-01
1.916000000000000014e+01,3.190500000000062730e+00,6.876625000000323951e+00,3.686125000000239016e+00,7.545590797749999865e+02,4.992251644052000188e+02,-1.565378587999629867e-01
1.917000000000000171e+01,3.183000000000062002e+00,6.838500000000321322e+00,3.655500000000237559e+00,7.550440566209999815e+02,4.992218519052000261e+02,-1.424181938000100012e-01
1.917999999999999972e+01,3.175500000000064382e+00,6.800375000000333792e+00,3.624875000000246761e+00,7.555455531710000514e+02,4.992274424121999914e+02,-1.433263617999860073e-01
1.919000000000000128e+01,3.168000000000064098e+00,6.762250000000332051e+00,3.594250000000245304e+00,7.560423430629999757e+02,4.992277525562000164e+02,-1.452169537999959958e-01
1.919999999999999929e+01,3.160500000000066478e+00,6.724125000000343633e+00,3.563625000000254506e+00,7.565481454670000403e+02,4.992105551242000274e+02,-1.450437597999950090e-01
1.921000000000000085e+01,3.153000000000066194e+00,6.686000000000342780e+00,3.533000000000253049e+00,7.570401409629999989e+02,4.991895751861999884e+02,-1.418602728000090130e-01
1.921999999999999886e+01,3.145500000000068574e+00,6.647875000000354362e+00,3.502375000000262251e+00,7.575324519670000427e+02,4.991806150232000050e+02,-1.437191547999630004e-01
1.923000000000000043e+01,3.138000000000068290e+00,6.609750000000352621e+00,3.471750000000260794e+00,7.580206294429999616e+02,4.991914265272000080e+02,-1.526487577999759981e-01
1.923999999999999844e+01,3.130500000000070671e+00,6.571625000000364203e+00,3.441125000000269996e+00,7.585290578350000033e+02,4.991984108671999820e+02,-1.545603077999860020e-01
1.925000000000000000e+01,3.123000000000070386e+00,6.533500000000362462e+00,3.410500000000268095e+00,7.590311228110000457e+02,4.991940423902000248e+02,-1.484331677999579935e-01
1.926000000000000156e+01,3.115500000000070102e+00,6.495375000000361609e+00,3.379875000000266638e+00,7.595412333309999440e+02,4.991891068411999868e+02,-1.493022827999909985e-01
1.926999999999999957e+01,3.108000000000072038e+00,6.457250000000373191e+00,3.349250000000275840e+00,7.600582198050000216e+02,4.991865458532000162e+02,-1.561782847999959867e-01
1.928000000000000114e+01,3.100500000000071754e+00,6.419125000000371450e+00,3.318625000000274383e+00,7.605684429890000047e+02,4.991796347362000006e+02,-1.510403658000009919e-01
1.928999999999999915e+01,3.093000000000074134e+00,6.381000000000383032e+00,3.288000000000283585e+00,7.610674854750000122e+02,4.991931193571999756e+02,-1.459768918000040050e-01
1.930000000000000071e+01,3.085500000000073850e+00,6.342875000000381291e+00,3.257375000000282128e+00,7.615640500810000049e+02,4.992324657391999949e+02,-1.520052827999779921e-01
1.930999999999999872e+01,3.078000000000076231e+00,6.304750000000392873e+00,3.226750000000291330e+00,7.620553970449999497e+02,4.992754853182000261e+02,-1.680478587999970075e-01
1.932000000000000028e+01,3.070500000000075946e+00,6.266625000000392021e+00,3.196125000000289873e+00,7.625594024370000170e+02,4.992722186231999899e+02,-1.649241938000099994e-01
1.932999999999999829e+01,3.063000000000077883e+00,6.228500000000403602e+00,3.165500000000299075e+00,7.630506509230000347e+02,4.992292276232000177e+02,-1.426630927999620047e-01
1.933999999999999986e+01,3.055500000000077598e+00,6.190375000000401862e+00,3.134875000000297618e+00,7.635384253749999743e+02,4.992120061051999755e+02,-1.414938177999859881e-01
1.935000000000000142e+01,3.048000000000077314e+00,6.152250000000400121e+00,3.104250000000295717e+00,7.640305970130000333e+02,4.992230350212000189e+02,-1.534233187999869963e-01
1.935999999999999943e+01,3.040500000000079694e+00,6.114125000000411703e+00,3.073625000000305363e+00,7.645147491430000173e+02,4.992166280821999749e+02,-1.512929977999770137e-01
1.937000000000000099e+01,3.033000000000079410e+00,6.076000000000410850e+00,3.043000000000303462e+00,7.650191207829999485e+02,4.991893964761999882e+02,-1.330846038000050024e-01
1.937999999999999901e+01,3.025500000000081791e+00,6.037875000000422432e+00,3.012375000000312664e+00,7.655204728190000196e+02,4.991799721041999760e+02,-1.289397977999849898e-01
1.939000000000000057e+01,3.018000000000081506e+00,5.999750000000420691e+00,2.981750000000311207e+00,7.660283904489999713e+02,4.991959064761999798e+02,-1.408831027999860042e-01
1.939999999999999858e+01,3.010500000000083887e+00,5.961625000000433161e+00,2.951125000000320409e+00,7.665318271930000265e+02,4.992026022932000160e+02,-1.437947517999720037e-01
1.941000000000000014e+01,3.003000000000083602e+00,5.923500000000430532e+00,2.920500000000318952e+00,7.670364007890000266e+02,4.991893801421999797e+02,-1.326357848000050133e-01
1.942000000000000171e+01,2.995500000000083318e+00,5.885375000000429679e+00,2.889875000000317495e+00,7.675449442870000212e+02,4.991943501061999768e+02,-1.395402348000089887e-01
1.942999999999999972e+01,2.988000000000085254e+00,5.847250000000441261e+00,2.859250000000326697e+00,7.680636745909999945e+02,4.992138818752000020e+02,-1.584938717999579971e-01
1.944000000000000128e+01,2.980500000000084970e+00,5.809125000000439520e+00,2.828625000000325240e+00,7.685653434670000479e+02,4.992164561101999993e+02,-1.653913987999630075e-01
1.944999999999999929e+01,2.973000000000087351e+00,5.771000000000451102e+00,2.798000000000334442e+00,7.690716862629999468e+02,4.992073343732000126e+02,-1.562465178000050081e-01
1.946000000000000085e+01,2.965500000000087066e+00,5.732875000000449361e+00,2.767375000000332541e+00,7.695630271909999465e+02,4.992153641062000133e+02,-1.531655247999620106e-01
1.946999999999999886e+01,2.958000000000089447e+00,5.694750000000461831e+00,2.736750000000342187e+00,7.700585070170000108e+02,4.992386226021999960e+02,-1.591373977999920031e-01
1.948000000000000043e+01,2.950500000000089162e+00,5.656625000000460091e+00,2.706125000000340286e+00,7.705530147270000043e+02,4.992438176442000213e+02,-1.590457187999919919e-01
1.948999999999999844e+01,2.943000000000091099e+00,5.618500000000471672e+00,2.675500000000349932e+00,7.710536197530000209e+02,4.992123822102000190e+02,-1.358232987999669905e-01
1.950000000000000000e+01,2.935500000000090814e+00,5.580375000000469932e+00,2.644875000000348031e+00,7.715474383389999957e+02,4.991945537102000117e+02,-1.206504467999799934e-01
1.951000000000000156e+01,2.928000000000090530e+00,5.542250000000468191e+00,2.614250000000346574e+00,7.720424329950000129e+02,4.992087663671999849e+02,-1.275905197999860075e-01
1.951999999999999957e+01,2.920500000000092911e+00,5.504125000000480661e+00,2.583625000000355776e+00,7.725274434670000119e+02,4.992224160901999994e+02,-1.325308147999809949e-01
1.953000000000000114e+01,2.913000000000092626e+00,5.466000000000478920e+00,2.553000000000354319e+00,7.730281956710000486e+02,4.992059531991999961e+02,-1.263612968000089876e-01
1.953999999999999915e+01,2.905500000000095007e+00,5.427875000000490502e+00,2.522375000000363521e+00,7.735305730049999511e+02,4.991785687871999926e+02,-1.191528788000039973e-01
1.955000000000000071e+01,2.898000000000094722e+00,5.389750000000488761e+00,2.491750000000362064e+00,7.740418542249999518e+02,4.991706739652000238e+02,-1.260113318000100069e-01
1.955999999999999872e+01,2.890500000000097103e+00,5.351625000000501231e+00,2.461125000000371266e+00,7.745477189969999472e+02,4.991874785951999911e+02,-1.419581897999719899e-01
1.957000000000000028e+01,2.883000000000096819e+00,5.313500000000499490e+00,2.430500000000369809e+00,7.750562046090000194e+02,4.991934610391999740e+02,-1.448661987999579903e-01
1.957999999999999829e+01,2.875500000000098755e+00,5.275375000000511072e+00,2.399875000000379011e+00,7.755579839289999882e+02,4.991940949862000139e+02,-1.357567517999999918e-01
1.958999999999999986e+01,2.868000000000098471e+00,5.237250000000509331e+00,2.369250000000377110e+00,7.760587406150000334e+02,4.992126466372000095e+02,-1.417108447999730070e-01
1.960000000000000142e+01,2.860500000000098186e+00,5.199125000000507590e+00,2.338625000000375653e+00,7.765590987589999941e+02,4.992381798082000159e+02,-1.496896708000099996e-01
1.960999999999999943e+01,2.853000000000100567e+00,5.161000000000520060e+00,2.308000000000384855e+00,7.770571132410000246e+02,4.992345817031999786e+02,-1.435661497999810021e-01
1.962000000000000099e+01,2.845500000000100282e+00,5.122875000000518320e+00,2.277375000000383398e+00,7.775591465889999654e+02,4.992132192511999733e+02,-1.273789957999620082e-01
1.962999999999999901e+01,2.838000000000102663e+00,5.084750000000529901e+00,2.246750000000392600e+00,7.780482322589999740e+02,4.992081168432000027e+02,-1.192521407999800054e-01
1.964000000000000057e+01,2.830500000000102379e+00,5.046625000000528161e+00,2.216125000000391143e+00,7.785428867030000220e+02,4.992282914841999855e+02,-1.342133757999670052e-01
1.964999999999999858e+01,2.823000000000104315e+00,5.008500000000540631e+00,2.185500000000400345e+00,7.790446702409999489e+02,4.992288583992000213e+02,-1.441038147999580132e-01
1.966000000000000014e+01,2.815500000000104031e+00,4.970375000000538890e+00,2.154875000000398888e+00,7.795456758069999523e+02,4.991904096932000243e+02,-1.278566077999959971e-01
1.967000000000000171e+01,2.808000000000103746e+00,4.932250000000537149e+00,2.124250000000396987e+00,7.800368439229999922e+02,4.991663776522000262e+02,-1.246625368000089940e-01
1.967999999999999972e+01,2.800500000000106127e+00,4.894125000000548731e+00,2.093625000000406633e+00,7.805437072910000325e+02,4.991832357531999946e+02,-1.416093678000049927e-01
1.969000000000000128e+01,2.793000000000105842e+00,4.856000000000546990e+00,2.063000000000404732e+00,7.810389878250000493e+02,4.991924424581999915e+02,-1.525317417999730030e-01
1.969999999999999929e+01,2.785500000000108223e+00,4.817875000000559460e+00,2.032375000000414378e+00,7.815424764189999678e+02,4.991631359492000115e+02,-1.403162627999730017e-01
1.971000000000000085e+01,2.778000000000107939e+00,4.779750000000557719e+00,2.001750000000412477e+00,7.820437398289999464e+02,4.991377159702000199e+02,-1.261149777999620025e-01
1.971999999999999886e+01,2.770500000000110319e+00,4.741625000000569301e+00,1.971125000000421679e+00,7.825574186009999949e+02,4.991580034482000201e+02,-1.330723267999670001e-01
1.973000000000000043e+01,2.763000000000110035e+00,4.703500000000567560e+00,1.940500000000420222e+00,7.830559240669999781e+02,4.991984445562000019e+02,-1.441041807999919877e-01
1.973999999999999844e+01,2.755500000000112415e+00,4.665375000000579142e+00,1.909875000000429424e+00,7.835569056369999998e+02,4.992130521272000010e+02,-1.360442178000099978e-01
1.975000000000000000e+01,2.748000000000112131e+00,4.627250000000577401e+00,1.879250000000427967e+00,7.840534650949999786e+02,4.992173945512000159e+02,-1.269490157999960123e-01
1.976000000000000156e+01,2.740500000000111402e+00,4.589125000000576549e+00,1.848625000000426510e+00,7.845656598790000089e+02,4.992285862471999849e+02,-1.328745977999669925e-01
1.976999999999999957e+01,2.733000000000113783e+00,4.551000000000588130e+00,1.818000000000435712e+00,7.850773129389999667e+02,4.992317234161999977e+02,-1.417719027999810033e-01
1.978000000000000114e+01,2.725500000000113499e+00,4.512875000000586390e+00,1.787375000000434255e+00,7.855832858930000384e+02,4.992115379361999885e+02,-1.395881157999709909e-01
1.978999999999999915e+01,2.718000000000115879e+00,4.474750000000597971e+00,1.756750000000443457e+00,7.860691758169999730e+02,4.991922339082000235e+02,-1.304118608000139901e-01
1.980000000000000071e+01,2.710500000000115151e+00,4.436625000000596231e+00,1.726125000000442000e+00,7.865535862350000116e+02,4.991988486402000262e+02,-1.323274497999669952e-01
1.980999999999999872e+01,2.703000000000117531e+00,4.398500000000608701e+00,1.695500000000451202e+00,7.870521771769999759e+02,4.992202496451999991e+02,-1.472921358000109926e-01
1.982000000000000028e+01,2.695500000000117247e+00,4.360375000000606960e+00,1.664875000000449745e+00,7.875554698509999980e+02,4.992119235271999855e+02,-1.471507988000100020e-01
1.982999999999999829e+01,2.688000000000119627e+00,4.322250000000618542e+00,1.634250000000458947e+00,7.880597847149999780e+02,4.991856867611999746e+02,-1.299459338000140129e-01
1.983999999999999986e+01,2.680500000000119343e+00,4.284125000000616801e+00,1.603625000000457490e+00,7.885489282710000225e+02,4.991795718732000182e+02,-1.258155197999950015e-01
1.985000000000000142e+01,2.673000000000119059e+00,4.246000000000615060e+00,1.573000000000455145e+00,7.890442646929999455e+02,4.991877978502000133e+02,-1.317343887999659902e-01
1.985999999999999943e+01,2.665500000000121439e+00,4.207875000000627530e+00,1.542375000000465235e+00,7.895373454130000255e+02,4.991828987421999955e+02,-1.306074077999899996e-01
1.987000000000000099e+01,2.658000000000121155e+00,4.169750000000625789e+00,1.511750000000462890e+00,7.900533007750000252e+02,4.991633044202000065e+02,-1.224234468000089948e-01
1.987999999999999901e+01,2.650500000000123535e+00,4.131625000000637371e+00,1.481125000000472092e+00,7.905495478330000196e+02,4.991555776771999717e+02,-1.222857918000089944e-01
1.989000000000000057e+01,2.643000000000123251e+00,4.093500000000635630e+00,1.450500000000470635e+00,7.910532439749999867e+02,4.991752775251999878e+02,-1.342433208000100020e-01
1.989999999999999858e+01,2.635500000000125631e+00,4.055375000000648100e+00,1.419875000000479837e+00,7.915516058150000163e+02,4.992006896422000182e+02,-1.442221767999999904e-01
1.991000000000000014e+01,2.628000000000125347e+00,4.017250000000646359e+00,1.389250000000478380e+00,7.920609179189999622e+02,4.992097383011999909e+02,-1.431407937999669977e-01
1.992000000000000171e+01,2.620500000000124619e+00,3.979125000000644619e+00,1.358625000000476923e+00,7.925592474649999986e+02,4.992181670272000247e+02,-1.400596537999810043e-01
1.992999999999999972e+01,2.613000000000126999e+00,3.941000000000656200e+00,1.328000000000486125e+00,7.930612309609999784e+02,4.992327751491999948e+02,-1.479995737999630079e-01
1.994000000000000128e+01,2.605500000000126715e+00,3.902875000000654460e+00,1.297375000000484668e+00,7.935680638110000018e+02,4.992326216352000188e+02,-1.598863607999639891e-01
1.994999999999999929e+01,2.598000000000129095e+00,3.864750000000666930e+00,1.266750000000493870e+00,7.940801674849999472e+02,4.991927714302000254e+02,-1.526317987999590009e-01
1.996000000000000085e+01,2.590500000000128367e+00,3.826625000000665189e+00,1.236125000000492413e+00,7.945694768869999507e+02,4.991486574801999723e+02,-1.333671868000100014e-01
1.996999999999999886e+01,2.583000000000130747e+00,3.788500000000676771e+00,1.205500000000501615e+00,7.950379128770000534e+02,4.991543672842000205e+02,-1.332831238000090068e-01
1.998000000000000043e+01,2.575500000000130463e+00,3.750375000000675030e+00,1.174875000000500158e+00,7.955126855810000279e+02,4.991894434161999925e+02,-1.453013358000110056e-01
1.998999999999999844e+01,2.568000000000132843e+00,3.712250000000687500e+00,1.144250000000509360e+00,7.960094752510000262e+02,4.991897570881999968e+02,-1.461919337999859902e-01
2.000000000000000000e+01,2.560500000000132559e+00,3.674125000000685759e+00,1.113625000000507903e+00,7.965273961770000142e+02,4.991532757332000187e+02,-1.299479047999670123e-01
2.001000000000000156e+01,2.553000000000132275e+00,3.636000000000684018e+00,1.083000000000506446e+00,7.970153400689999899e+02,4.991330838072000233e+02,-1.217680667999850030e-01
2.001999999999999957e+01,2.545500000000134655e+00,3.597875000000695600e+00,1.052375000000515648e+00,7.975121050349999905e+02,4.991513792381999792e+02,-1.357221957999960038e-01
2.003000000000000114e+01,2.538000000000134371e+00,3.559750000000693859e+00,1.021750000000514191e+00,7.980158011769999575e+02,4.991710790861999953e+02,-1.476797247999959983e-01
2.003999999999999915e+01,2.530500000000136751e+00,3.521625000000705441e+00,9.911250000005233929e-01,7.985404566930000101e+02,4.991569931231999817e+02,-1.385132557999819991e-01
2.005000000000000071e+01,2.523000000000136467e+00,3.483500000000704588e+00,9.605000000005219363e-01,7.990522774170000275e+02,4.991571881081999891e+02,-1.324000458000089975e-01
2.005999999999999872e+01,2.515500000000138847e+00,3.445375000000716170e+00,9.298750000005311378e-01,7.995589994209999531e+02,4.991940670402000251e+02,-1.504175497999820088e-01
2.007000000000000028e+01,2.508000000000138563e+00,3.407250000000714429e+00,8.992500000005296812e-01,8.000513710169999513e+02,4.992191371632000028e+02,-1.603965317999719864e-01
2.007999999999999829e+01,2.500500000000140499e+00,3.369125000000726011e+00,8.686250000005388827e-01,8.005502391369999486e+02,4.992005847062000043e+02,-1.482200217999720127e-01
2.008999999999999986e+01,2.493000000000140215e+00,3.331000000000724270e+00,8.380000000005365379e-01,8.010489934830000038e+02,4.991840254571999935e+02,-1.370505758000039875e-01
2.010000000000000142e+01,2.485500000000139931e+00,3.292875000000723418e+00,8.073750000005350813e-01,8.015417651750000232e+02,4.992020893641999919e+02,-1.520047827999919943e-01
2.010999999999999943e+01,2.478000000000142311e+00,3.254750000000735000e+00,7.767500000005442828e-01,8.020341082510000206e+02,4.992101161201999844e+02,-1.659236668000020065e-01
2.012000000000000099e+01,2.470500000000141583e+00,3.216625000000733259e+00,7.461250000005428262e-01,8.025268433889999642e+02,4.991761785662000079e+02,-1.566942607999869952e-01
2.012999999999999901e+01,2.463000000000143963e+00,3.178500000000744841e+00,7.155000000005520278e-01,8.030306724170000052e+02,4.991409065451999822e+02,-1.374576137999810044e-01
2.014000000000000057e+01,2.455500000000143679e+00,3.140375000000743100e+00,6.848750000005505711e-01,8.035225568450000537e+02,4.991569625811999913e+02,-1.394048497999909875e-01
2.014999999999999858e+01,2.448000000000146059e+00,3.102250000000755570e+00,6.542500000005597727e-01,8.040160147750000306e+02,4.991980958941999802e+02,-1.564403077999869940e-01
2.016000000000000014e+01,2.440500000000145775e+00,3.064125000000753829e+00,6.236250000005583161e-01,8.045045890169999439e+02,4.992019541021999771e+02,-1.553452258000110053e-01
2.017000000000000171e+01,2.433000000000145491e+00,3.026000000000752088e+00,5.930000000005568594e-01,8.050246767969999837e+02,4.991626057532000118e+02,-1.350905737999729961e-01
2.017999999999999972e+01,2.425500000000147871e+00,2.987875000000763670e+00,5.623750000005660610e-01,8.055326453889999812e+02,4.991425519111999733e+02,-1.279067747999680094e-01
2.019000000000000128e+01,2.418000000000147587e+00,2.949750000000761929e+00,5.317500000005646044e-01,8.060369992490000186e+02,4.991682777981999948e+02,-1.458854567999960106e-01
2.019999999999999929e+01,2.410500000000149967e+00,2.911625000000774399e+00,5.011250000005738059e-01,8.065302558890000455e+02,4.991953910721999819e+02,-1.588714697999719927e-01
2.021000000000000085e+01,2.403000000000149683e+00,2.873500000000772658e+00,4.705000000005723493e-01,8.070353155430000243e+02,4.991912006481999811e+02,-1.507442787999909994e-01
2.021999999999999886e+01,2.395500000000152063e+00,2.835375000000784240e+00,4.398750000005815508e-01,8.075465375449999783e+02,4.991843394741999873e+02,-1.476063268000049888e-01
2.023000000000000043e+01,2.388000000000151779e+00,2.797250000000782499e+00,4.092500000005800942e-01,8.080466389550000486e+02,4.991968262781999783e+02,-1.585392007999719965e-01
2.023999999999999844e+01,2.380500000000153715e+00,2.759125000000794969e+00,3.786250000005892957e-01,8.085385814909999453e+02,4.992118663062000223e+02,-1.654828717999770049e-01
2.025000000000000000e+01,2.373000000000153431e+00,2.721000000000793229e+00,3.480000000005878391e-01,8.090233895630000234e+02,4.992115136301999883e+02,-1.613737517999589977e-01
2.026000000000000156e+01,2.365500000000153147e+00,2.682875000000791488e+00,3.173750000005863825e-01,8.095223135710000406e+02,4.991919804451999880e+02,-1.441937367999620023e-01
2.026999999999999957e+01,2.358000000000155527e+00,2.644750000000803070e+00,2.867500000005955840e-01,8.100070648670000537e+02,4.991926226091999865e+02,-1.410881457999760002e-01
2.028000000000000114e+01,2.350500000000154799e+00,2.606625000000801329e+00,2.561250000005941274e-01,8.105140404549999857e+02,4.992075121981999928e+02,-1.500279547999920082e-01
2.028999999999999915e+01,2.343000000000157179e+00,2.568500000000813799e+00,2.255000000006033289e-01,8.110176183410000021e+02,4.991941907121999975e+02,-1.508689367999669906e-01
2.030000000000000071e+01,2.335500000000156895e+00,2.530375000000812058e+00,1.948750000006009842e-01,8.115282916950000072e+02,4.991442992771999911e+02,-1.275791628000000066e-01
2.030999999999999872e+01,2.328000000000159275e+00,2.492250000000823640e+00,1.642500000006110739e-01,8.120219965070000399e+02,4.991284639852000282e+02,-1.134133747999910014e-01
2.032000000000000028e+01,2.320500000000158991e+00,2.454125000000821899e+00,1.336250000006087291e-01,8.125236117570000260e+02,4.991670687701999896e+02,-1.274380777999999936e-01
2.032999999999999829e+01,2.313000000000161371e+00,2.416000000000833481e+00,1.030000000006179306e-01,8.130210636269999895e+02,4.992084230231999982e+02,-1.464734398000049898e-01
2.033999999999999986e+01,2.305500000000161087e+00,2.377875000000832628e+00,7.237500000061647398e-02,8.135355661849999933e+02,4.991967339501999845e+02,-1.453177377999730069e-01
2.035000000000000142e+01,2.298000000000160803e+00,2.339750000000830887e+00,4.175000000061501737e-02,8.140415070669999977e+02,4.991595615511999995e+02,-1.310739487999620090e-01
2.035999999999999943e+01,2.290500000000163183e+00,2.301625000000842469e+00,1.112500000062421890e-02,8.145366989750000357e+02,4.991527726492000170e+02,-1.319398437999949880e-01
2.037000000000000099e+01,2.283000000000162899e+00,2.263500000000840728e+00,-1.949999999937723771e-02,8.150310120970000298e+02,4.991789269142000194e+02,-1.499222707999680049e-01
2.037999999999999901e+01,2.275500000000165279e+00,2.225375000000852310e+00,-5.012499999936803619e-02,8.155204713829999719e+02,4.991848282732000257e+02,-1.518342197999779930e-01
2.039000000000000057e+01,2.268000000000164995e+00,2.187250000000851458e+00,-8.074999999936949280e-02,8.160213914729999942e+02,4.991654196701999808e+02,-1.316541807999949965e-01
2.039999999999999858e+01,2.260500000000166931e+00,2.149125000000863039e+00,-1.113749999993602913e-01,8.165139583229999971e+02,4.991695199861999868e+02,-1.265590387999999955e-01
2.041000000000000014e+01,2.253000000000166647e+00,2.111000000000861299e+00,-1.419999999993617479e-01,8.170262989530000368e+02,4.991957053932000008e+02,-1.435375587999959957e-01
2.042000000000000171e+01,2.245500000000166363e+00,2.072875000000859558e+00,-1.726249999993632045e-01,8.175222044670000514e+02,4.991939618022000218e+02,-1.454211018000060029e-01
2.042999999999999972e+01,2.238000000000168743e+00,2.034750000000871140e+00,-2.032499999993540030e-01,8.180188164410000127e+02,4.991622913162000259e+02,-1.241987537999909991e-01
2.044000000000000128e+01,2.230500000000168015e+00,1.996625000000870287e+00,-2.338749999993554596e-01,8.185087297129999797e+02,4.991602374831999782e+02,-1.170824767999849997e-01
2.044999999999999929e+01,2.223000000000170395e+00,1.958500000000881869e+00,-2.644999999993462581e-01,8.190206724670000540e+02,4.991933938262000083e+02,-1.390857117999770021e-01
2.046000000000000085e+01,2.215500000000170111e+00,1.920375000000880128e+00,-2.951249999993477147e-01,8.195399714190000395e+02,4.992029630832000180e+02,-1.520040348000100128e-01
2.046999999999999886e+01,2.208000000000172491e+00,1.882250000000891710e+00,-3.257499999993385131e-01,8.200432019469999432e+02,4.991606313752000119e+02,-1.367426397999680077e-01
2.048000000000000043e+01,2.200500000000172207e+00,1.844125000000889969e+00,-3.563749999993399697e-01,8.205341095549999864e+02,4.991236129431999871e+02,-1.195027187999710000e-01
2.048999999999999844e+01,2.193000000000174587e+00,1.806000000000902439e+00,-3.869999999993307682e-01,8.210100208869999960e+02,4.991387428831999955e+02,-1.254502667999989884e-01
2.050000000000000000e+01,2.185500000000174303e+00,1.767875000000900698e+00,-4.176249999993322248e-01,8.215119779030000018e+02,4.991713609881999787e+02,-1.384537657999770077e-01
2.051000000000000156e+01,2.178000000000174019e+00,1.729750000000898069e+00,-4.482499999993345696e-01,8.220144717169999922e+02,4.991770261341999912e+02,-1.343619427999580007e-01
2.051999999999999957e+01,2.170500000000176399e+00,1.691625000000911427e+00,-4.788749999993244799e-01,8.225293697089999796e+02,4.991584049332000177e+02,-1.171815917999610018e-01
2.053000000000000114e+01,2.163000000000176115e+00,1.653500000000908798e+00,-5.094999999993268247e-01,8.230178301769999507e+02,4.991642563492000022e+02,-1.170935737999610066e-01
2.053999999999999915e+01,2.155500000000178495e+00,1.615375000000920380e+00,-5.401249999993176232e-01,8.235104297650000262e+02,4.991853330001999893e+02,-1.270584158000090114e-01
2.055000000000000071e+01,2.148000000000178211e+00,1.577250000000919528e+00,-5.707499999993190798e-01,8.239977778630000103e+02,4.991931241532000172e+02,-1.269774888000090030e-01
2.055999999999999872e+01,2.140500000000180147e+00,1.539125000000931109e+00,-6.013749999993098783e-01,8.245039514410000265e+02,4.991869692962000045e+02,-1.258431647999760095e-01
2.057000000000000028e+01,2.133000000000179863e+00,1.501000000000930257e+00,-6.319999999993113349e-01,8.250131210289999899e+02,4.991809713242000157e+02,-1.287087537999629938e-01
2.057999999999999829e+01,2.125500000000182244e+00,1.462875000000941839e+00,-6.626249999993021333e-01,8.255116816749999771e+02,4.991853571862000081e+02,-1.396133897999869977e-01
2.058999999999999986e+01,2.118000000000181959e+00,1.424750000000939210e+00,-6.932499999993035900e-01,8.260147474670000065e+02,4.991810069001999750e+02,-1.444861627999809994e-01
2.060000000000000142e+01,2.110500000000181231e+00,1.386625000000938357e+00,-7.238749999993050466e-01,8.265056882569999743e+02,4.991609577471999728e+02,-1.443062137999820138e-01
2.060999999999999943e+01,2.103000000000183611e+00,1.348500000000949939e+00,-7.544999999992958450e-01,8.270039004349999914e+02,4.991363510272000212e+02,-1.341085027999920076e-01
2.062000000000000099e+01,2.095500000000183327e+00,1.310375000000949086e+00,-7.851249999992973017e-01,8.274955259089999799e+02,4.991393959761999781e+02,-1.290098467999959975e-01
2.062999999999999901e+01,2.088000000000185707e+00,1.272250000000960668e+00,-8.157499999992881001e-01,8.280133685050000167e+02,4.991569269301999725e+02,-1.329565247999580091e-01
2.064000000000000057e+01,2.080500000000185423e+00,1.234125000000958039e+00,-8.463749999992895567e-01,8.285250767869999891e+02,4.991590939551999782e+02,-1.338503427999910012e-01
2.064999999999999858e+01,2.073000000000187804e+00,1.196000000000971397e+00,-8.769999999992803552e-01,8.290324455469999521e+02,4.991320015942000055e+02,-1.246418317999759967e-01
2.066000000000000014e+01,2.065500000000187519e+00,1.157875000000968768e+00,-9.076249999992818118e-01,8.295184479130000454e+02,4.991107255261999853e+02,-1.084585488000130021e-01
2.067000000000000171e+01,2.058000000000187235e+00,1.119750000000967916e+00,-9.382499999992832684e-01,8.300082220409999536e+02,4.991286572441999851e+02,-1.124128847999760067e-01
2.067999999999999972e+01,2.050500000000189615e+00,1.081625000000979497e+00,-9.688749999992740669e-01,8.305172823369999833e+02,4.991596670221999830e+02,-1.284091487999959869e-01
2.069000000000000128e+01,2.043000000000189331e+00,1.043500000000976868e+00,-9.994999999992755235e-01,8.310307039309999482e+02,4.991669151891999832e+02,-1.363205577999770102e-01
2.069999999999999929e+01,2.035500000000191712e+00,1.005375000000990227e+00,-1.030124999999266322e+00,8.315406122729999652e+02,4.991479737131999741e+02,-1.291402517999719890e-01
2.071000000000000085e+01,2.028000000000191427e+00,9.672500000009875976e-01,-1.060749999999267779e+00,8.320197718670000313e+02,4.991412923632000229e+02,-1.240100537999759972e-01
2.071999999999999886e+01,2.020500000000193364e+00,9.291250000009991794e-01,-1.091374999999258577e+00,8.325164796130000013e+02,4.991605896902000268e+02,-1.369677238000089892e-01
2.073000000000000043e+01,2.013000000000193079e+00,8.910000000009983268e-01,-1.121999999999260034e+00,8.330097055129999717e+02,4.991706948771999919e+02,-1.438936987999590023e-01
2.073999999999999844e+01,2.005500000000195460e+00,8.528750000010099086e-01,-1.152624999999250832e+00,8.335173882269999694e+02,4.991556469871999866e+02,-1.327275987999909923e-01
2.075000000000000000e+01,1.998000000000195175e+00,8.147500000010072796e-01,-1.183249999999253177e+00,8.340188527049999720e+02,4.991442505751999761e+02,-1.215757647999669983e-01
2.076000000000000156e+01,1.990500000000194669e+00,7.766250000010064269e-01,-1.213874999999254634e+00,8.345190106689999539e+02,4.991557460672000275e+02,-1.305051157999820022e-01
2.076999999999999957e+01,1.983000000000197049e+00,7.385000000010180088e-01,-1.244499999999245432e+00,8.350195097329999498e+02,4.991612654631999817e+02,-1.354132807999769983e-01
2.078000000000000114e+01,1.975500000000196765e+00,7.003750000010171561e-01,-1.275124999999246889e+00,8.355035734589999947e+02,4.991388593891999790e+02,-1.242264748000110053e-01
2.078999999999999915e+01,1.968000000000199146e+00,6.622500000010287380e-01,-1.305749999999237687e+00,8.359974492650000002e+02,4.991200289931999805e+02,-1.100500818000000047e-01
2.080000000000000071e+01,1.960500000000198639e+00,6.241250000010261090e-01,-1.336374999999239144e+00,8.364964939709999499e+02,4.991334783341999923e+02,-1.149865477999949953e-01
2.080999999999999872e+01,1.953000000000201020e+00,5.860000000010394672e-01,-1.366999999999229942e+00,8.370188760050000383e+02,4.991592247791999739e+02,-1.349613047999770055e-01
2.082000000000000028e+01,1.945500000000200735e+00,5.478750000010368382e-01,-1.397624999999231399e+00,8.375372591730000522e+02,4.991497427982000090e+02,-1.388125587999969879e-01
2.082999999999999829e+01,1.938000000000202894e+00,5.097500000010484200e-01,-1.428249999999222197e+00,8.380475357609999492e+02,4.991068046592000087e+02,-1.255474697999630074e-01
2.083999999999999986e+01,1.930500000000202609e+00,4.716250000010475674e-01,-1.458874999999223654e+00,8.385389601670000275e+02,4.990958260411999845e+02,-1.173993627999810052e-01
2.085000000000000142e+01,1.923000000000202325e+00,4.335000000010449384e-01,-1.489499999999225111e+00,8.390335300230000257e+02,4.991350266732000023e+02,-1.324277417999669970e-01
2.085999999999999943e+01,1.915500000000204706e+00,3.953750000010582966e-01,-1.520124999999215909e+00,8.395349731689999544e+02,4.991766442022000092e+02,-1.414630797999829881e-01
2.087000000000000099e+01,1.908000000000204421e+00,3.572500000010556676e-01,-1.550749999999217366e+00,8.400366393809999863e+02,4.991792607731999851e+02,-1.363606787999860070e-01
2.087999999999999901e+01,1.900500000000206580e+00,3.191250000010672494e-01,-1.581374999999208164e+00,8.405404430390000243e+02,4.991619810952000194e+02,-1.271875807999719998e-01
2.089000000000000057e+01,1.893000000000206295e+00,2.810000000010663967e-01,-1.611999999999209621e+00,8.410217142650000142e+02,4.991534028951999744e+02,-1.260502467999959908e-01
2.089999999999999858e+01,1.885500000000208676e+00,2.428750000010779786e-01,-1.642624999999200419e+00,8.415052414150000004e+02,4.991579462522000199e+02,-1.329587567999999942e-01
2.091000000000000014e+01,1.878000000000208392e+00,2.047500000010771259e-01,-1.673249999999201876e+00,8.419902783669999735e+02,4.991535859922000213e+02,-1.328354728000009921e-01
2.092000000000000171e+01,1.870500000000207885e+00,1.666250000010744969e-01,-1.703874999999203332e+00,8.425010149769999543e+02,4.991376825071999974e+02,-1.296657267999579977e-01
2.092999999999999972e+01,1.863000000000210266e+00,1.285000000010860788e-01,-1.734499999999194131e+00,8.430173439550000012e+02,4.991290919521999854e+02,-1.315205697999680123e-01
2.094000000000000128e+01,1.855500000000209981e+00,9.037500000108522613e-02,-1.765124999999195587e+00,8.435291105669999752e+02,4.991302394411999899e+02,-1.384108167999719974e-01
2.094999999999999929e+01,1.848000000000212362e+00,5.225000000109680798e-02,-1.795749999999186386e+00,8.440289528009999458e+02,4.991297186862000217e+02,-1.412978047999579878e-01
2.096000000000000085e+01,1.840500000000211855e+00,1.412500000109595533e-02,-1.826374999999188731e+00,8.445214334669999516e+02,4.991177845871999921e+02,-1.371461177999959979e-01
2.096999999999999886e+01,1.833000000000214236e+00,-2.399999999889246283e-02,-1.856999999999178641e+00,8.450287746369999695e+02,4.991087198491999857e+02,-1.280012157999809996e-01
2.098000000000000043e+01,1.825500000000213952e+00,-6.212499999889509184e-02,-1.887624999999180986e+00,8.455397403910000094e+02,4.991238903542000003e+02,-1.219410308000089954e-01
2.098999999999999844e+01,1.818000000000216332e+00,-1.002499999988817336e-01,-1.918249999999170896e+00,8.460578984950000176e+02,4.991534410831999935e+02,-1.309300777999659882e-01
2.100000000000000000e+01,1.810500000000215826e+00,-1.383749999988843626e-01,-1.948874999999173241e+00,8.465713200889999825e+02,4.991606892501999937e+02,-1.388414868000049929e-01
2.101000000000000156e+01,1.803000000000215541e+00,-1.764999999988852153e-01,-1.979499999999173809e+00,8.470760366030000341e+02,4.991274215721999781e+02,-1.336118048000100034e-01
2.101999999999999957e+01,1.795500000000217922e+00,-2.146249999988736334e-01,-2.010124999999165496e+00,8.475669453210000484e+02,4.990903855002000000e+02,-1.213718538000090053e-01
2.103000000000000114e+01,1.788000000000217637e+00,-2.527499999988762625e-01,-2.040749999999166064e+00,8.480498450490000550e+02,4.991059179612000207e+02,-1.263192608000059947e-01
2.103999999999999915e+01,1.780500000000219796e+00,-2.908749999988646806e-01,-2.071374999999157751e+00,8.485467278270000406e+02,4.991572417822000034e+02,-1.493899487999719999e-01
2.105000000000000071e+01,1.773000000000219512e+00,-3.289999999988655333e-01,-2.101999999999158319e+00,8.490432641349999585e+02,4.991795412692000014e+02,-1.603582357999970009e-01
2.105999999999999872e+01,1.765500000000221892e+00,-3.671249999988539514e-01,-2.132624999999150006e+00,8.495515179389999503e+02,4.991544920591999812e+02,-1.541567557999679872e-01
2.107000000000000028e+01,1.758000000000221608e+00,-4.052499999988548041e-01,-2.163249999999150575e+00,8.500390906569999743e+02,4.991232575582000095e+02,-1.469380477999640000e-01
2.107999999999999829e+01,1.750500000000223988e+00,-4.433749999988432222e-01,-2.193874999999142261e+00,8.505251845349999940e+02,4.991179312332000109e+02,-1.538111657999680082e-01
2.108999999999999986e+01,1.743000000000223704e+00,-4.814999999988458512e-01,-2.224499999999144606e+00,8.510216901029999690e+02,4.991232226331999868e+02,-1.587194147999639871e-01
2.110000000000000142e+01,1.735500000000222975e+00,-5.196249999988467039e-01,-2.255124999999145174e+00,8.515349645190000274e+02,4.991154982571999881e+02,-1.495779218000060085e-01
2.110999999999999943e+01,1.728000000000225356e+00,-5.577499999988351220e-01,-2.285749999999136861e+00,8.520529442609999933e+02,4.991130754121999757e+02,-1.334540407999869893e-01
2.112000000000000099e+01,1.720500000000225072e+00,-5.958749999988359747e-01,-2.316374999999137430e+00,8.525611749570000484e+02,4.991410683671999777e+02,-1.394397807999580019e-01
2.112999999999999901e+01,1.713000000000227452e+00,-6.339999999988243928e-01,-2.346999999999129116e+00,8.530669248450000168e+02,4.991598838451999995e+02,-1.513937327999589910e-01
2.114000000000000057e+01,1.705500000000227168e+00,-6.721249999988270218e-01,-2.377624999999129685e+00,8.535602602589999606e+02,4.991329777541999988e+02,-1.461890267999630122e-01
2.114999999999999858e+01,1.698000000000229548e+00,-7.102499999988136636e-01,-2.408249999999121371e+00,8.540715922189999674e+02,4.990890982462000238e+02,-1.329203817999869974e-01
2.116000000000000014e+01,1.690500000000229264e+00,-7.483749999988162926e-01,-2.438874999999121940e+00,8.545752567329999465e+02,4.990918041191999919e+02,-1.348178967999970057e-01
2.117000000000000171e+01,1.683000000000228980e+00,-7.864999999988171453e-01,-2.469499999999124284e+00,8.550817518549999932e+02,4.991326588832000084e+02,-1.578495107999640101e-01
2.117999999999999972e+01,1.675500000000230916e+00,-8.246249999988055635e-01,-2.500124999999114195e+00,8.555845633970000108e+02,4.991503085241999997e+02,-1.687999967999880002e-01
2.119000000000000128e+01,1.668000000000230632e+00,-8.627499999988081925e-01,-2.530749999999116540e+00,8.560770124350000287e+02,4.991213804501999789e+02,-1.545882957999779872e-01
2.119999999999999929e+01,1.660500000000233012e+00,-9.008749999987948343e-01,-2.561374999999106450e+00,8.565580812609999839e+02,4.990987998511999990e+02,-1.444015467999870128e-01
2.121000000000000085e+01,1.653000000000232728e+00,-9.389999999987974633e-01,-2.591999999999108795e+00,8.570358181249999916e+02,4.991170424211999830e+02,-1.493596637999820009e-01
2.121999999999999886e+01,1.645500000000235108e+00,-9.771249999987858814e-01,-2.622624999999098705e+00,8.575256227710000303e+02,4.991519857541999841e+02,-1.583740437999970052e-01
2.123000000000000043e+01,1.638000000000234824e+00,-1.015249999998786734e+00,-2.653249999999101050e+00,8.580319388650000292e+02,4.991608775281999897e+02,-1.532927478000019883e-01
2.123999999999999844e+01,1.630500000000237204e+00,-1.053374999998775152e+00,-2.683874999999090960e+00,8.585474959069999841e+02,4.991482611981999753e+02,-1.481335138000069995e-01
2.125000000000000000e+01,1.623000000000236920e+00,-1.091499999998776005e+00,-2.714499999999093305e+00,8.590519583929999499e+02,4.991369899192000048e+02,-1.499815387999590133e-01
2.126000000000000156e+01,1.615500000000236192e+00,-1.129624999998778634e+00,-2.745124999999093873e+00,8.595350567049999881e+02,4.991314996532000237e+02,-1.548547318000099982e-01
2.126999999999999957e+01,1.608000000000238572e+00,-1.167749999998767052e+00,-2.775749999999085560e+00,8.600304761610000241e+02,4.991207243352000091e+02,-1.537064987999779975e-01
2.128000000000000114e+01,1.600500000000238288e+00,-1.205874999998767905e+00,-2.806374999999086128e+00,8.605415850550000414e+02,4.991158457852000083e+02,-1.545755928000110135e-01
2.128999999999999915e+01,1.593000000000240668e+00,-1.243999999998756323e+00,-2.836999999999077815e+00,8.610700397010000415e+02,4.991229435132000276e+02,-1.644831398000010103e-01
2.130000000000000071e+01,1.585500000000240384e+00,-1.282124999998757175e+00,-2.867624999999080160e+00,8.615784698689999459e+02,4.991298996291999970e+02,-1.743946417999920062e-01
2.130999999999999872e+01,1.578000000000242764e+00,-1.320249999998745594e+00,-2.898249999999070070e+00,8.620768274490000067e+02,4.991202936761999922e+02,-1.732498807999590107e-01
2.132000000000000028e+01,1.570500000000242480e+00,-1.358374999998748223e+00,-2.928874999999072415e+00,8.625765245029999733e+02,4.991047686261999843e+02,-1.680839127999640137e-01
2.132999999999999829e+01,1.563000000000244416e+00,-1.396499999998736641e+00,-2.959499999999062325e+00,8.630786475869999776e+02,4.990993841412000052e+02,-1.669532077999870134e-01
2.133999999999999986e+01,1.555500000000244132e+00,-1.434624999998737493e+00,-2.990124999999064670e+00,8.635827966049999986e+02,4.991111464371999773e+02,-1.648825407999789938e-01
2.135000000000000142e+01,1.548000000000243848e+00,-1.472749999998738346e+00,-3.020749999999065238e+00,8.640723966309999469e+02,4.991321226512000067e+02,-1.548475657999870136e-01
2.135999999999999943e+01,1.540500000000246228e+00,-1.510874999998726764e+00,-3.051374999999056925e+00,8.645688158350000094e+02,4.991564682662000223e+02,-1.518230068000019917e-01
2.137000000000000099e+01,1.533000000000245944e+00,-1.548999999998729393e+00,-3.081999999999057493e+00,8.650660922289999917e+02,4.991658030812000106e+02,-1.587453628000060069e-01
2.137999999999999901e+01,1.525500000000248324e+00,-1.587124999998717811e+00,-3.112624999999049180e+00,8.655562630809999973e+02,4.991416964012000221e+02,-1.605512827999600045e-01
2.139000000000000057e+01,1.518000000000248040e+00,-1.625249999998718664e+00,-3.143249999999049749e+00,8.660442917829999487e+02,4.991024749562000125e+02,-1.533042948000120087e-01
2.139999999999999858e+01,1.510500000000250420e+00,-1.663374999998707082e+00,-3.173874999999041435e+00,8.665263342790000252e+02,4.990979331152000213e+02,-1.561810557999969984e-01
2.141000000000000014e+01,1.503000000000250136e+00,-1.701499999998707935e+00,-3.204499999999042004e+00,8.670374494310000273e+02,4.991280408832000148e+02,-1.771737128000110129e-01
2.142000000000000171e+01,1.495500000000249408e+00,-1.739624999998710564e+00,-3.235124999999044348e+00,8.675449121870000226e+02,4.991519445591999897e+02,-1.941452678000079868e-01
2.142999999999999972e+01,1.488000000000251788e+00,-1.777749999998698982e+00,-3.265749999999034259e+00,8.680606972210000549e+02,4.991353347571999848e+02,-1.889718938000120030e-01
2.144000000000000128e+01,1.480500000000251504e+00,-1.815874999998699835e+00,-3.296374999999036604e+00,8.685540313029999879e+02,4.991084498341999733e+02,-1.777672237999879945e-01
2.144999999999999929e+01,1.473000000000253884e+00,-1.853999999998688253e+00,-3.326999999999026514e+00,8.690580936930000462e+02,4.991041847711999822e+02,-1.746400238000030136e-01
2.146000000000000085e+01,1.465500000000253600e+00,-1.892124999998689105e+00,-3.357624999999028859e+00,8.695749379149999641e+02,4.991216587261999962e+02,-1.785867227999639872e-01
2.146999999999999886e+01,1.458000000000255980e+00,-1.930249999998677524e+00,-3.388249999999018769e+00,8.700863017670000090e+02,4.991298547672000154e+02,-1.685018167999750016e-01
2.148000000000000043e+01,1.450500000000255696e+00,-1.968374999998680153e+00,-3.418874999999021114e+00,8.705990629789999957e+02,4.991311192311999889e+02,-1.583921447999830090e-01
2.148999999999999844e+01,1.443000000000258076e+00,-2.006499999998666794e+00,-3.449499999999011024e+00,8.710917433810000148e+02,4.991332298671999865e+02,-1.512899447999780100e-01
2.150000000000000000e+01,1.435500000000257348e+00,-2.044624999998669423e+00,-3.480124999999013369e+00,8.715903610249999929e+02,4.991366173612000239e+02,-1.621910458000019872e-01
2.151000000000000156e+01,1.428000000000257064e+00,-2.082749999998670276e+00,-3.510749999999015714e+00,8.720822447450000254e+02,4.991175988791999885e+02,-1.690145688000070090e-01
2.151999999999999957e+01,1.420500000000259444e+00,-2.120874999998658694e+00,-3.541374999999005624e+00,8.725669370030000209e+02,4.990841860612000005e+02,-1.647888357999869879e-01
2.153000000000000114e+01,1.413000000000259160e+00,-2.158999999998661323e+00,-3.571999999999007969e+00,8.730529729950000046e+02,4.990798722161999876e+02,-1.676655127999739925e-01
2.153999999999999915e+01,1.405500000000261540e+00,-2.197124999998647965e+00,-3.602624999998997879e+00,8.735467724689999613e+02,4.991150223771999777e+02,-1.826797727999610044e-01
2.155000000000000071e+01,1.398000000000261256e+00,-2.235249999998650594e+00,-3.633249999999000224e+00,8.740447366549999515e+02,4.991474019021999879e+02,-1.986833377999799866e-01
2.155999999999999872e+01,1.390500000000263636e+00,-2.273374999998639012e+00,-3.663874999998990134e+00,8.745358210709999867e+02,4.991423817401999941e+02,-1.995563868000140018e-01
2.157000000000000028e+01,1.383000000000263352e+00,-2.311499999998639865e+00,-3.694499999998992479e+00,8.750265026849999686e+02,4.991093250281999758e+02,-1.913305517999749905e-01
2.157999999999999829e+01,1.375500000000265288e+00,-2.349624999998628283e+00,-3.725124999998982389e+00,8.755257697910000161e+02,4.990837839952000081e+02,-1.791292967999739971e-01
2.158999999999999986e+01,1.368000000000265004e+00,-2.387749999998629136e+00,-3.755749999998984734e+00,8.760368502070000432e+02,4.990969471802000044e+02,-1.760620237999880044e-01
2.160000000000000142e+01,1.360500000000264720e+00,-2.425874999998631765e+00,-3.786374999998985302e+00,8.765635933590000377e+02,4.991340206442000067e+02,-1.790756627999740003e-01
2.160999999999999943e+01,1.353000000000267100e+00,-2.463999999998620183e+00,-3.816999999998976989e+00,8.770690555930000301e+02,4.991578702982000095e+02,-1.790473617999739919e-01
2.162000000000000099e+01,1.345500000000266816e+00,-2.502124999998621036e+00,-3.847624999998977557e+00,8.775702359690000094e+02,4.991514516142000275e+02,-1.719131787999690075e-01
2.162999999999999901e+01,1.338000000000269196e+00,-2.540249999998609454e+00,-3.878249999998969244e+00,8.780712172749999809e+02,4.991309776112000236e+02,-1.707294907999930000e-01
2.164000000000000057e+01,1.330500000000268912e+00,-2.578374999998610306e+00,-3.908874999998969813e+00,8.785712010949999922e+02,4.991104324972000086e+02,-1.735457997999790003e-01
2.164999999999999858e+01,1.323000000000271292e+00,-2.616499999998598724e+00,-3.939499999998961499e+00,8.790747237589999941e+02,4.990980811552000205e+02,-1.823902687999930106e-01
2.166000000000000014e+01,1.315500000000270564e+00,-2.654624999998601353e+00,-3.970124999998962068e+00,8.795648111330000347e+02,4.990929828262000001e+02,-1.892633027999980067e-01
2.167000000000000171e+01,1.308000000000270280e+00,-2.692749999998602206e+00,-4.000749999998964412e+00,8.800621705610000163e+02,4.990833163461999789e+02,-1.891185567999980055e-01
2.167999999999999972e+01,1.300500000000272660e+00,-2.730874999998590624e+00,-4.031374999998954323e+00,8.805431559090000064e+02,4.990797440982000239e+02,-1.839989218000029902e-01
2.169000000000000128e+01,1.293000000000272376e+00,-2.768999999998591477e+00,-4.061999999998956667e+00,8.810384340010000415e+02,4.990889896112000201e+02,-1.839213618000019868e-01
2.169999999999999929e+01,1.285500000000274756e+00,-2.807124999998579895e+00,-4.092624999998946578e+00,8.815304324249999581e+02,4.991030489112000055e+02,-1.858615278000129989e-01
2.171000000000000085e+01,1.278000000000274472e+00,-2.845249999998582524e+00,-4.123249999998948923e+00,8.820283894650000320e+02,4.991004562301999954e+02,-1.777415537999749995e-01
2.171999999999999886e+01,1.270500000000276852e+00,-2.883374999998570942e+00,-4.153874999998938833e+00,8.825313377090000131e+02,4.990981591281999954e+02,-1.666214928000079865e-01
2.173000000000000043e+01,1.263000000000276568e+00,-2.921499999998571795e+00,-4.184499999998941178e+00,8.830342020309999498e+02,4.991148774331999789e+02,-1.585685577999690066e-01
2.173999999999999844e+01,1.255500000000278504e+00,-2.959624999998560213e+00,-4.215124999998931088e+00,8.835387549609999951e+02,4.991546586392000222e+02,-1.705967447999690023e-01
2.175000000000000000e+01,1.248000000000278220e+00,-2.997749999998561066e+00,-4.245749999998933433e+00,8.840487261150000222e+02,4.991697121692000110e+02,-1.815364787999929896e-01
2.176000000000000156e+01,1.240500000000277936e+00,-3.035874999998563695e+00,-4.276374999998935778e+00,8.845562102029999778e+02,4.991406019042000253e+02,-1.783208618000070023e-01
2.176999999999999957e+01,1.233000000000280316e+00,-3.073999999998552113e+00,-4.306999999998925688e+00,8.850622659690000091e+02,4.991014186571999858e+02,-1.680699787999599959e-01
2.178000000000000114e+01,1.225500000000280032e+00,-3.112124999998552966e+00,-4.337624999998928033e+00,8.855566612369999575e+02,4.991085857392000094e+02,-1.749853277999640078e-01
2.178999999999999915e+01,1.218000000000282412e+00,-3.150249999998541384e+00,-4.368249999998917943e+00,8.860566232810000429e+02,4.991410616222000272e+02,-1.959888207999790077e-01
2.180000000000000071e+01,1.210500000000282128e+00,-3.188374999998542236e+00,-4.398874999998920288e+00,8.865481365350000260e+02,4.991460750832000031e+02,-1.988971867999660137e-01
2.180999999999999872e+01,1.203000000000284508e+00,-3.226499999998530654e+00,-4.429499999998910198e+00,8.870427537589999929e+02,4.991142588472000057e+02,-1.866748267999639999e-01
2.182000000000000028e+01,1.195500000000283780e+00,-3.264624999998533283e+00,-4.460124999998912543e+00,8.875331501609999805e+02,4.990861975032000259e+02,-1.774666728000079963e-01
2.182999999999999829e+01,1.188000000000286160e+00,-3.302749999998519925e+00,-4.490749999998902453e+00,8.880221808310000142e+02,4.990820617112000264e+02,-1.783432987999840069e-01
2.183999999999999986e+01,1.180500000000285876e+00,-3.340874999998522554e+00,-4.521374999998904798e+00,8.885325498610000068e+02,4.990901443051999991e+02,-1.842583178000120059e-01
2.185000000000000142e+01,1.173000000000285592e+00,-3.378999999998523407e+00,-4.551999999998905366e+00,8.890316188269999884e+02,4.990856189432000178e+02,-1.741312647999639918e-01
2.185999999999999943e+01,1.165500000000287972e+00,-3.417124999998511825e+00,-4.582624999998897053e+00,8.895356228870000450e+02,4.990823734162000278e+02,-1.650076358000059917e-01
2.187000000000000099e+01,1.158000000000287688e+00,-3.455249999998514454e+00,-4.613249999998897621e+00,8.900305031030000009e+02,4.990985898651999833e+02,-1.699547908000030028e-01
2.187999999999999901e+01,1.150500000000290068e+00,-3.493374999998501096e+00,-4.643874999998889308e+00,8.905351976189999732e+02,4.991183467121999797e+02,-1.819122988000030083e-01
2.189000000000000057e+01,1.143000000000289784e+00,-3.531499999998503725e+00,-4.674499999998889876e+00,8.910429705130000002e+02,4.991192697331999852e+02,-1.878026357999739993e-01
2.189999999999999858e+01,1.135500000000291720e+00,-3.569624999998492143e+00,-4.705124999998881563e+00,8.915434953909999649e+02,4.991067897301999778e+02,-1.846472397999890103e-01
2.191000000000000014e+01,1.128000000000291436e+00,-3.607749999998492996e+00,-4.735749999998882132e+00,8.920430526349999809e+02,4.991112608152000121e+02,-1.875519027999749955e-01
2.192000000000000171e+01,1.120500000000291152e+00,-3.645874999998495625e+00,-4.766374999998884476e+00,8.925397013849999439e+02,4.991315882622000117e+02,-1.915131617999930036e-01
2.192999999999999972e+01,1.113000000000293532e+00,-3.683999999998482267e+00,-4.796999999998874387e+00,8.930395721390000290e+02,4.991481108741999719e+02,-1.904602477999599863e-01
2.194000000000000128e+01,1.105500000000293248e+00,-3.722124999998484896e+00,-4.827624999998876731e+00,8.935414095669999597e+02,4.991477288131999899e+02,-1.863472357999980122e-01
2.194999999999999929e+01,1.098000000000295628e+00,-3.760249999998473314e+00,-4.858249999998866642e+00,8.940350021589999869e+02,4.991338620331999891e+02,-1.801884697999689977e-01
2.196000000000000085e+01,1.090500000000295344e+00,-3.798374999998474166e+00,-4.888874999998868986e+00,8.945390914729999849e+02,4.991115799312000263e+02,-1.739976787999980012e-01
2.196999999999999886e+01,1.083000000000297725e+00,-3.836499999998462584e+00,-4.919499999998858897e+00,8.950408409410000559e+02,4.990951916792000134e+02,-1.628281697999729993e-01
2.198000000000000043e+01,1.075500000000296996e+00,-3.874624999998463437e+00,-4.950124999998861242e+00,8.955402260810000143e+02,4.991026755081999795e+02,-1.607434677999650119e-01
2.198999999999999844e+01,1.068000000000299377e+00,-3.912749999998451855e+00,-4.980749999998851152e+00,8.960348219730000210e+02,4.991238732131999996e+02,-1.687082798000029971e-01
2.200000000000000000e+01,1.060500000000299092e+00,-3.950874999998454484e+00,-5.011374999998853497e+00,8.965245103610000115e+02,4.991257634602000053e+02,-1.756060588000069866e-01
2.201000000000000156e+01,1.053000000000298808e+00,-3.988999999998455337e+00,-5.041999999998855841e+00,8.970399251090000234e+02,4.990980969711999933e+02,-1.753937908000069990e-01
2.201999999999999957e+01,1.045500000000301188e+00,-4.027124999998443755e+00,-5.072624999998845752e+00,8.975476358570000457e+02,4.990650144022000063e+02,-1.661640697999930139e-01
2.203000000000000114e+01,1.038000000000300904e+00,-4.065249999998444608e+00,-5.103249999998848097e+00,8.980499608970000054e+02,4.990736393721999775e+02,-1.720827917999649959e-01
2.203999999999999915e+01,1.030500000000303285e+00,-4.103374999998433026e+00,-5.133874999998838007e+00,8.985439315869999746e+02,4.991057909012000096e+02,-1.880864407999839893e-01
2.205000000000000071e+01,1.023000000000303000e+00,-4.141499999998435655e+00,-5.164499999998840352e+00,8.990410924310000382e+02,4.991171471481999902e+02,-1.880159087999850043e-01
2.205999999999999872e+01,1.015500000000304937e+00,-4.179624999998424073e+00,-5.195124999998830262e+00,8.995544236230000479e+02,4.991084279322000157e+02,-1.778708867999939935e-01
2.207000000000000028e+01,1.008000000000304652e+00,-4.217749999998424926e+00,-5.225749999998832607e+00,9.000500991469999690e+02,4.991107095652000112e+02,-1.707686237999880008e-01
2.207999999999999829e+01,1.000500000000307033e+00,-4.255874999998413344e+00,-5.256374999998822517e+00,9.005385910210000020e+02,4.991335584842000230e+02,-1.797406258000019963e-01
2.208999999999999986e+01,9.930000000003067484e-01,-4.293999999998414197e+00,-5.286999999998824862e+00,9.010309329870000283e+02,4.991416028802000255e+02,-1.886595397999600021e-01
2.210000000000000142e+01,9.855000000003064642e-01,-4.332124999998416826e+00,-5.317624999998825430e+00,9.015342503650000481e+02,4.991152950032000035e+02,-1.754546717999830030e-01
2.210999999999999943e+01,9.780000000003088445e-01,-4.370249999998405244e+00,-5.348249999998817117e+00,9.020410482570000568e+02,4.990982004342000096e+02,-1.622815348000070101e-01
2.212000000000000099e+01,9.705000000003085603e-01,-4.408374999998406096e+00,-5.378874999998817685e+00,9.025263159070000256e+02,4.991248894682000241e+02,-1.662677697999689896e-01
2.212999999999999901e+01,9.630000000003109406e-01,-4.446499999998394514e+00,-5.409499999998809372e+00,9.030187189089999720e+02,4.991669570941999723e+02,-1.853067717999750119e-01
2.214000000000000057e+01,9.555000000003102123e-01,-4.484624999998395367e+00,-5.440124999998809940e+00,9.035216141509999943e+02,4.991655948562000162e+02,-1.921901377999790106e-01
2.214999999999999858e+01,9.480000000003125926e-01,-4.522749999998383785e+00,-5.470749999998801627e+00,9.040353427329999931e+02,4.991148266582000019e+02,-1.828966817999649885e-01
2.216000000000000014e+01,9.405000000003123084e-01,-4.560874999998386414e+00,-5.501374999998802195e+00,9.045376347709999436e+02,4.990713937191999889e+02,-1.806316948000120104e-01
2.217000000000000171e+01,9.330000000003120242e-01,-4.598999999998387267e+00,-5.531999999998804540e+00,9.050157971009999756e+02,4.990646377301999905e+02,-1.805014878000129885e-01
2.217999999999999972e+01,9.255000000003144045e-01,-4.637124999998375685e+00,-5.562624999998794451e+00,9.055092245130000492e+02,4.990887594281999782e+02,-1.924769018000120069e-01
2.219000000000000128e+01,9.180000000003141203e-01,-4.675249999998376538e+00,-5.593249999998796795e+00,9.060204191469999842e+02,4.990999223492000283e+02,-1.904025528000020118e-01
2.219999999999999929e+01,9.105000000003165006e-01,-4.713374999998364956e+00,-5.623874999998786706e+00,9.065283015969999951e+02,4.990989191941999934e+02,-1.762859397999929911e-01
2.221000000000000085e+01,9.030000000003162164e-01,-4.751499999998367585e+00,-5.654499999998789050e+00,9.070327356049999707e+02,4.991056896502000200e+02,-1.741975977999840053e-01
2.221999999999999886e+01,8.955000000003181526e-01,-4.789624999998354227e+00,-5.685124999998780737e+00,9.075318368649999456e+02,4.991181476791999785e+02,-1.771305407999700099e-01
2.223000000000000043e+01,8.880000000003178684e-01,-4.827749999998356856e+00,-5.715749999998781306e+00,9.080518175729999939e+02,4.991157718001999797e+02,-1.800065038000120132e-01
2.223999999999999844e+01,8.805000000003202487e-01,-4.865874999998345274e+00,-5.746374999998772992e+00,9.085591600750000225e+02,4.991066858941999840e+02,-1.768615657999690061e-01
2.225000000000000000e+01,8.730000000003199645e-01,-4.903999999998346127e+00,-5.776999999998773561e+00,9.090545528290000448e+02,4.991139240872000187e+02,-1.797769178000130086e-01
2.226000000000000156e+01,8.655000000003196803e-01,-4.942124999998348756e+00,-5.807624999998775905e+00,9.095341735550000521e+02,4.991342597511999770e+02,-1.897420328000030132e-01
2.226999999999999957e+01,8.580000000003220606e-01,-4.980249999998335397e+00,-5.838249999998765816e+00,9.100197528969999894e+02,4.991379434341999968e+02,-1.896470078000040138e-01
2.228000000000000114e+01,8.505000000003217764e-01,-5.018374999998338026e+00,-5.868874999998768160e+00,9.105268121850000398e+02,4.991338211441999988e+02,-1.945196967999980042e-01
2.228999999999999915e+01,8.430000000003241567e-01,-5.056499999998326444e+00,-5.899499999998758071e+00,9.110141878729999689e+02,4.991235846742000035e+02,-1.943751607999980036e-01
2.230000000000000071e+01,8.355000000003234284e-01,-5.094624999998327297e+00,-5.930124999998760416e+00,9.114946884949999912e+02,4.991109595312000238e+02,-1.922237137999890100e-01
2.230999999999999872e+01,8.280000000003258087e-01,-5.132749999998315715e+00,-5.960749999998750326e+00,9.119949849370000265e+02,4.991024800562000223e+02,-1.870824697999939890e-01
2.232000000000000028e+01,8.205000000003255245e-01,-5.170874999998316568e+00,-5.991374999998752671e+00,9.125075758210000458e+02,4.991067290401999799e+02,-1.799833847999889880e-01
2.232999999999999829e+01,8.130000000003279048e-01,-5.208999999998304986e+00,-6.021999999998742581e+00,9.130233644490000415e+02,4.991251478922000047e+02,-1.829336457999750087e-01
2.233999999999999986e+01,8.055000000003276206e-01,-5.247124999998307615e+00,-6.052624999998744926e+00,9.135212976730000491e+02,4.991405228581999722e+02,-1.918771787999890011e-01
2.235000000000000142e+01,7.980000000003273364e-01,-5.285249999998308468e+00,-6.083249999998745494e+00,9.140221079850000478e+02,4.991230439592000039e+02,-1.907040958000119912e-01
2.235999999999999943e+01,7.905000000003297167e-01,-5.323374999998296886e+00,-6.113874999998737181e+00,9.145424257549999538e+02,4.990796703862000072e+02,-1.794352497999880114e-01
2.237000000000000099e+01,7.830000000003294325e-01,-5.361499999998297739e+00,-6.144499999998737749e+00,9.150541587410000375e+02,4.990638556522000044e+02,-1.672655367999880127e-01
2.237999999999999901e+01,7.755000000003313687e-01,-5.399624999998286157e+00,-6.175124999998729436e+00,9.155554326689999698e+02,4.991084400611999854e+02,-1.843114317999839935e-01
2.239000000000000057e+01,7.680000000003310845e-01,-5.437749999998288786e+00,-6.205749999998730004e+00,9.160417868749999570e+02,4.991511887571999750e+02,-1.963541367999840082e-01
2.239999999999999858e+01,7.605000000003334648e-01,-5.475874999998277204e+00,-6.236374999998721691e+00,9.165389174230000435e+02,4.991455298611999751e+02,-1.922235547999660010e-01
2.241000000000000014e+01,7.530000000003331806e-01,-5.513999999998278057e+00,-6.266999999998722259e+00,9.170480248650000021e+02,4.991055262991999939e+02,-1.799690857999660110e-01
2.242000000000000171e+01,7.455000000003328964e-01,-5.552124999998278909e+00,-6.297624999998724604e+00,9.175290378030000511e+02,4.990839264282000158e+02,-1.747858417999700043e-01
2.242999999999999972e+01,7.380000000003352767e-01,-5.590249999998267327e+00,-6.328249999998716291e+00,9.180057221810000101e+02,4.991030645032000166e+02,-1.927474367999980065e-01
2.244000000000000128e+01,7.305000000003349925e-01,-5.628374999998269956e+00,-6.358874999998716859e+00,9.184898487189999514e+02,4.991146534352000117e+02,-1.996806708000030128e-01
2.244999999999999929e+01,7.230000000003373728e-01,-5.666499999998258374e+00,-6.389499999998708546e+00,9.189965902789999745e+02,4.990985466501999781e+02,-1.895110508000119875e-01
2.246000000000000085e+01,7.155000000003366445e-01,-5.704624999998259227e+00,-6.420124999998709114e+00,9.195117474469999479e+02,4.990929330082000206e+02,-1.803765857999979905e-01
2.246999999999999886e+01,7.080000000003390248e-01,-5.742749999998247645e+00,-6.450749999998700801e+00,9.199988419610000392e+02,4.991227135042000214e+02,-1.893733538000119954e-01
2.248000000000000043e+01,7.005000000003387406e-01,-5.780874999998248498e+00,-6.481374999998701369e+00,9.204966925950000132e+02,4.991570827091999831e+02,-2.073839767999859918e-01
2.248999999999999844e+01,6.930000000003411209e-01,-5.818999999998236916e+00,-6.511999999998693056e+00,9.210133628950000002e+02,4.991425125302000083e+02,-2.062176278000089902e-01
2.250000000000000000e+01,6.855000000003408367e-01,-5.857124999998239545e+00,-6.542624999998693625e+00,9.215405537330000243e+02,4.991015593821999801e+02,-1.879557467999790066e-01
2.251000000000000156e+01,6.780000000003405525e-01,-5.895249999998240398e+00,-6.573249999998695969e+00,9.220524895629999946e+02,4.990997399912000105e+02,-1.868354368000030019e-01
2.251999999999999957e+01,6.705000000003429328e-01,-5.933374999998228816e+00,-6.603874999998685880e+00,9.225354182549999678e+02,4.991323087632000011e+02,-1.898429297999900123e-01
2.253000000000000114e+01,6.630000000003426486e-01,-5.971499999998229669e+00,-6.634499999998688224e+00,9.230263916029999791e+02,4.991643245751999984e+02,-1.958467017999609983e-01
2.253999999999999915e+01,6.555000000003445848e-01,-6.009624999998218087e+00,-6.665124999998678135e+00,9.235358441829999947e+02,4.991533665151999912e+02,-1.896946697999900011e-01
2.255000000000000071e+01,6.480000000003443006e-01,-6.047749999998220716e+00,-6.695749999998680480e+00,9.240327438110000458e+02,4.991166618532000143e+02,-1.804545747999750094e-01
2.255999999999999872e+01,6.405000000003466809e-01,-6.085874999998207358e+00,-6.726374999998670390e+00,9.245230284369999936e+02,4.990905619651999814e+02,-1.812534308000079974e-01
2.257000000000000028e+01,6.330000000003463967e-01,-6.123999999998209987e+00,-6.756999999998672735e+00,9.250054694750000408e+02,4.990790386041999795e+02,-1.821054587999849927e-01
2.257999999999999829e+01,6.255000000003487770e-01,-6.162124999998198405e+00,-6.787624999998662645e+00,9.255079080670000167e+02,4.990856738941999993e+02,-1.860171228000019883e-01
2.258999999999999986e+01,6.180000000003484928e-01,-6.200249999998199257e+00,-6.818249999998664990e+00,9.260105483930000219e+02,4.991063221672000054e+02,-1.959782197999939968e-01
2.260000000000000142e+01,6.105000000003482086e-01,-6.238374999998200110e+00,-6.848874999998665558e+00,9.265042029090000142e+02,4.991264645051999764e+02,-2.039395177999759889e-01
2.260999999999999943e+01,6.030000000003505889e-01,-6.276499999998190304e+00,-6.879499999998657245e+00,9.270055293530000426e+02,4.991350360042000034e+02,-2.088582667999719922e-01
2.262000000000000099e+01,5.955000000003498606e-01,-6.314624999998191157e+00,-6.910124999998659590e+00,9.275101603909999994e+02,4.991208084291999967e+02,-1.996957528000130044e-01
2.262999999999999901e+01,5.880000000003522409e-01,-6.352749999998177799e+00,-6.940749999998649500e+00,9.280214393909999444e+02,4.991129488871999911e+02,-1.965542657999700127e-01
2.264000000000000057e+01,5.805000000003519567e-01,-6.390874999998182204e+00,-6.971374999998651845e+00,9.285184866829999919e+02,4.991262948141999800e+02,-1.984907917999799987e-01
2.264999999999999858e+01,5.730000000003543370e-01,-6.428999999998168846e+00,-7.001999999998641755e+00,9.289993878870000117e+02,4.991417415011999879e+02,-1.954382887999950025e-01
2.266000000000000014e+01,5.655000000003540528e-01,-6.467124999998169699e+00,-7.032624999998644100e+00,9.295009973229999787e+02,4.991453529121999964e+02,-1.913394167999759865e-01
2.267000000000000171e+01,5.580000000003537686e-01,-6.505249999998170551e+00,-7.063249999998644668e+00,9.300070560169999681e+02,4.991412089031999813e+02,-1.862121867999800007e-01
2.267999999999999972e+01,5.505000000003561489e-01,-6.543374999998160746e+00,-7.093874999998636355e+00,9.305104940930000339e+02,4.991478835522000281e+02,-1.951237997999940021e-01
2.269000000000000128e+01,5.430000000003558647e-01,-6.581499999998161599e+00,-7.124499999998636923e+00,9.310062317209999492e+02,4.991490856731999770e+02,-2.110178638000130003e-01
2.269999999999999929e+01,5.355000000003578009e-01,-6.619624999998148240e+00,-7.155124999998628610e+00,9.315020781969999462e+02,4.991132871002000115e+02,-2.117812647999899878e-01
2.271000000000000085e+01,5.280000000003575167e-01,-6.657749999998152646e+00,-7.185749999998629178e+00,9.320174617610000496e+02,4.990686195801999929e+02,-2.035089708000079878e-01
2.271999999999999886e+01,5.205000000003598970e-01,-6.695874999998139288e+00,-7.216374999998620865e+00,9.325218086969999831e+02,4.990593697332000147e+02,-1.983641078000120128e-01
2.273000000000000043e+01,5.130000000003596128e-01,-6.733999999998140140e+00,-7.246999999998621433e+00,9.330124972769999658e+02,4.990963738571999784e+02,-2.053855487999609875e-01
2.273999999999999844e+01,5.055000000003619931e-01,-6.772124999998130335e+00,-7.277624999998613120e+00,9.335000769609999907e+02,4.991352001921999886e+02,-2.134141167999989985e-01
2.275000000000000000e+01,4.980000000003617089e-01,-6.810249999998131187e+00,-7.308249999998613688e+00,9.340007715010000311e+02,4.991197462531999918e+02,-2.042481517999850116e-01
2.276000000000000156e+01,4.905000000003614247e-01,-6.848374999998132040e+00,-7.338874999998616033e+00,9.345063979850000351e+02,4.990705364391999979e+02,-1.899619637999749866e-01
2.276999999999999957e+01,4.830000000003638050e-01,-6.886499999998122235e+00,-7.369499999998605944e+00,9.350021280229999547e+02,4.990367734101999986e+02,-1.797325007999840130e-01
2.278000000000000114e+01,4.755000000003630767e-01,-6.924624999998123087e+00,-7.400124999998608288e+00,9.354789228450000564e+02,4.990539711971999850e+02,-1.816871217999929955e-01
2.278999999999999915e+01,4.680000000003654570e-01,-6.962749999998109729e+00,-7.430749999998598199e+00,9.359821935209999992e+02,4.990986696041999835e+02,-1.987329747999899976e-01
2.280000000000000071e+01,4.605000000003651728e-01,-7.000874999998114134e+00,-7.461374999998600543e+00,9.364905952110000271e+02,4.991236674552000068e+02,-2.047081097999610133e-01
2.280999999999999872e+01,4.530000000003675531e-01,-7.038999999998100776e+00,-7.491999999998590454e+00,9.370055836049999698e+02,4.991210136372000079e+02,-2.055841897999939882e-01
2.282000000000000028e+01,4.455000000003672689e-01,-7.077124999998101629e+00,-7.522624999998592799e+00,9.375108725830000367e+02,4.991128085732000272e+02,-2.034428227999849903e-01
2.282999999999999829e+01,4.380000000003696492e-01,-7.115249999998091823e+00,-7.553249999998582709e+00,9.380016717869999638e+02,4.991127837792000150e+02,-2.033335527999849957e-01
2.283999999999999986e+01,4.305000000003693650e-01,-7.153374999998092676e+00,-7.583874999998585054e+00,9.385066510709999648e+02,4.991275523141999884e+02,-2.142733918000090110e-01
2.285000000000000142e+01,4.230000000003690808e-01,-7.191499999998093529e+00,-7.614499999998587398e+00,9.390073767950000274e+02,4.991290994061999982e+02,-2.131674527999760094e-01
2.285999999999999943e+01,4.155000000003710170e-01,-7.229624999998080170e+00,-7.645124999998577309e+00,9.395055618269999513e+02,4.991225132531999975e+02,-2.050333387999939971e-01
2.287000000000000099e+01,4.080000000003707328e-01,-7.267749999998084576e+00,-7.675749999998579653e+00,9.400042903590000378e+02,4.991239534032000051e+02,-2.019274538000100094e-01
2.287999999999999901e+01,4.005000000003731131e-01,-7.305874999998071218e+00,-7.706374999998569564e+00,9.404878152889999683e+02,4.991285320402000139e+02,-1.988360237999660107e-01
2.289000000000000057e+01,3.930000000003728289e-01,-7.343999999998072070e+00,-7.736999999998571909e+00,9.409814401749999888e+02,4.991316486512000097e+02,-2.057372537999709872e-01
2.289999999999999858e+01,3.855000000003752092e-01,-7.382124999998062265e+00,-7.767624999998561819e+00,9.414790857030000097e+02,4.991169726911999760e+02,-2.105748027999659877e-01
2.291000000000000014e+01,3.780000000003749250e-01,-7.420249999998063117e+00,-7.798249999998564164e+00,9.419838019950000216e+02,4.990837085411999965e+02,-2.043451267999950027e-01
2.292000000000000171e+01,3.705000000003746408e-01,-7.458374999998063970e+00,-7.828874999998564732e+00,9.424936542269999791e+02,4.990657513212000254e+02,-2.011683318000090093e-01
2.292999999999999972e+01,3.630000000003770211e-01,-7.496499999998054165e+00,-7.859499999998556419e+00,9.429946950150000475e+02,4.990793252441999925e+02,-2.031047737999620018e-01
2.294000000000000128e+01,3.555000000003762928e-01,-7.534624999998055017e+00,-7.890124999998556987e+00,9.434945408429999816e+02,4.991138331431999973e+02,-2.141153967999850083e-01
2.294999999999999929e+01,3.480000000003786731e-01,-7.572749999998041659e+00,-7.920749999998548674e+00,9.440006318309999642e+02,4.991266725251999787e+02,-2.220481627999670027e-01
2.296000000000000085e+01,3.405000000003783889e-01,-7.610874999998042512e+00,-7.951374999998549242e+00,9.445098265670000046e+02,4.991026857382000230e+02,-2.138502087999850088e-01
2.296999999999999886e+01,3.330000000003807692e-01,-7.648999999998032706e+00,-7.981999999998540929e+00,9.450253544229999534e+02,4.990730366252000181e+02,-2.096308947999659944e-01
2.298000000000000043e+01,3.255000000003804850e-01,-7.687124999998033559e+00,-8.012624999998541497e+00,9.455285900989999845e+02,4.990657088752000163e+02,-2.094930927999670012e-01
2.298999999999999844e+01,3.180000000003828653e-01,-7.725249999998020201e+00,-8.043249999998533184e+00,9.460203611970000566e+02,4.990837510631999976e+02,-2.144473807999620063e-01
2.300000000000000000e+01,3.105000000003825811e-01,-7.763374999998024606e+00,-8.073874999998533752e+00,9.465135590630000024e+02,4.991118909292000012e+02,-2.194369768000140053e-01
2.301000000000000156e+01,3.030000000003822969e-01,-7.801499999998025459e+00,-8.104499999998536097e+00,9.469956855230000201e+02,4.991234187832000089e+02,-2.113703427999759910e-01
2.301999999999999957e+01,2.955000000003842331e-01,-7.839624999998012100e+00,-8.135124999998526008e+00,9.474883102589999453e+02,4.991265066191999722e+02,-2.102716417999989929e-01
2.303000000000000114e+01,2.880000000003839489e-01,-7.877749999998016506e+00,-8.165749999998528352e+00,9.479842157729999599e+02,4.991247630281999932e+02,-2.121551848000090001e-01
2.303999999999999915e+01,2.805000000003863292e-01,-7.915874999998003148e+00,-8.196374999998518263e+00,9.484787504070000068e+02,4.991119410311999900e+02,-2.089999147999659912e-01
2.305000000000000071e+01,2.730000000003860450e-01,-7.953999999998004000e+00,-8.226999999998520607e+00,9.489759397289999470e+02,4.991052555431999735e+02,-2.128657497999859871e-01
2.305999999999999872e+01,2.655000000003884253e-01,-7.992124999997994195e+00,-8.257624999998510518e+00,9.494771788790000073e+02,4.990978102671999750e+02,-2.137279837999619958e-01
2.307000000000000028e+01,2.580000000003881411e-01,-8.030249999997995047e+00,-8.288249999998512862e+00,9.499833529009999893e+02,4.990916483542000037e+02,-2.145936477999950132e-01
2.307999999999999829e+01,2.505000000003905214e-01,-8.068374999997981689e+00,-8.318874999998502773e+00,9.505042740970000068e+02,4.990903419542000279e+02,-2.134731487999619870e-01
2.308999999999999986e+01,2.430000000003902372e-01,-8.106499999997986095e+00,-8.349499999998505118e+00,9.510117593369999440e+02,4.990962991512000144e+02,-2.073812327999899896e-01
2.310000000000000142e+01,2.355000000003895089e-01,-8.144624999997986947e+00,-8.380124999998507462e+00,9.515206174549999787e+02,4.991133030021999843e+02,-2.153280757999710138e-01
2.310999999999999943e+01,2.280000000003918892e-01,-8.182749999997973589e+00,-8.410749999998497373e+00,9.520283331289999751e+02,4.991152279191999810e+02,-2.202219537999660082e-01
2.312000000000000099e+01,2.205000000003916050e-01,-8.220874999997974442e+00,-8.441374999998499717e+00,9.525305969109999751e+02,4.990898331871999858e+02,-2.150205937999719874e-01
2.312999999999999901e+01,2.130000000003939853e-01,-8.258999999997964636e+00,-8.471999999998489628e+00,9.530379656710000518e+02,4.990627408262000131e+02,-2.058120828000140068e-01
2.314000000000000057e+01,2.055000000003937011e-01,-8.297124999997965489e+00,-8.502624999998491973e+00,9.535216622609999604e+02,4.990643137751999916e+02,-2.057100298000129890e-01
2.314999999999999858e+01,1.980000000003960814e-01,-8.335249999997952131e+00,-8.533249999998481883e+00,9.540086427789999561e+02,4.990960910072000161e+02,-2.147138677999720080e-01
2.316000000000000014e+01,1.905000000003957972e-01,-8.373374999997956536e+00,-8.563874999998484228e+00,9.545075173789999781e+02,4.991125213401999758e+02,-2.236609147999860103e-01
2.317000000000000171e+01,1.830000000003955130e-01,-8.411499999997957389e+00,-8.594499999998484796e+00,9.550136041069999919e+02,4.990903426521999791e+02,-2.204700638000000046e-01
2.317999999999999972e+01,1.755000000003974492e-01,-8.449624999997944030e+00,-8.625124999998476483e+00,9.555192619969999441e+02,4.990581303412000125e+02,-2.152438958000039981e-01
2.319000000000000128e+01,1.680000000003971650e-01,-8.487749999997948436e+00,-8.655749999998477051e+00,9.560085195489999705e+02,4.990500187171999755e+02,-2.111064117999849887e-01
2.319999999999999929e+01,1.605000000003995453e-01,-8.525874999997935078e+00,-8.686374999998468738e+00,9.565018303010000409e+02,4.990761794872000223e+02,-2.110889677999850111e-01
2.321000000000000085e+01,1.530000000003992611e-01,-8.563999999997935930e+00,-8.716999999998469306e+00,9.570141415650000454e+02,4.991204207412000073e+02,-2.201311447999990123e-01
2.321999999999999886e+01,1.455000000004016414e-01,-8.602124999997926125e+00,-8.747624999998460993e+00,9.575196614630000340e+02,4.991432614432000037e+02,-2.230992907999859998e-01
2.323000000000000043e+01,1.380000000004013572e-01,-8.640249999997926977e+00,-8.778249999998461561e+00,9.580197308010000370e+02,4.991387613282000189e+02,-2.219721628000100033e-01
2.323999999999999844e+01,1.305000000004037375e-01,-8.678374999997913619e+00,-8.808874999998453248e+00,9.585207109970000374e+02,4.991183049652000250e+02,-2.157885047999809902e-01
2.325000000000000000e+01,1.230000000004034533e-01,-8.716499999997914472e+00,-8.839499999998453816e+00,9.590188100670000040e+02,4.990956808692000095e+02,-2.095978398000100107e-01
2.326000000000000156e+01,1.155000000004027250e-01,-8.754624999997918877e+00,-8.870124999998456161e+00,9.595317458250000300e+02,4.990938937811999949e+02,-2.154774667999820037e-01
2.326999999999999957e+01,1.080000000004051053e-01,-8.792749999997905519e+00,-8.900749999998446071e+00,9.600332428189999519e+02,4.990994772322000017e+02,-2.183856227999670108e-01
2.328000000000000114e+01,1.005000000004048211e-01,-8.830874999997906372e+00,-8.931374999998448416e+00,9.605211591209999824e+02,4.990973129291999726e+02,-2.102693937999849938e-01
2.328999999999999915e+01,9.300000000040720138e-02,-8.868999999997896566e+00,-8.961999999998438327e+00,9.610282157450000113e+02,4.990932329752000101e+02,-2.031421547999799904e-01
2.330000000000000071e+01,8.550000000040691717e-02,-8.907124999997897419e+00,-8.992624999998440671e+00,9.615317651530000376e+02,4.990979532242000118e+02,-2.000467697999950001e-01
2.330999999999999872e+01,7.800000000040929748e-02,-8.945249999997884061e+00,-9.023249999998430582e+00,9.620316949030000160e+02,4.991134457161999762e+02,-2.079902667999760091e-01
2.332000000000000028e+01,7.050000000040901327e-02,-8.983374999997888466e+00,-9.053874999998432926e+00,9.625234370370000079e+02,4.991144515931999877e+02,-2.148844687999809933e-01
2.332999999999999829e+01,6.300000000041094950e-02,-9.021499999997875108e+00,-9.084499999998424613e+00,9.630182259209999529e+02,4.990796296692000169e+02,-2.056514857999670043e-01
2.333999999999999986e+01,5.550000000041066528e-02,-9.059624999997875960e+00,-9.115124999998425182e+00,9.635376896090000400e+02,4.990512175041999967e+02,-1.984356407999610106e-01
2.335000000000000142e+01,4.800000000041038106e-02,-9.097749999997876813e+00,-9.145749999998427526e+00,9.640394132630000286e+02,4.990528286512000022e+02,-1.953296927999750021e-01
2.335999999999999943e+01,4.050000000041276138e-02,-9.135874999997867008e+00,-9.176374999998417437e+00,9.645241681530000051e+02,4.990884994691999736e+02,-2.003477367999700054e-01
2.337000000000000099e+01,3.300000000041247716e-02,-9.173999999997867860e+00,-9.206999999998419781e+00,9.650088103790000105e+02,4.991261458551999795e+02,-2.113728147999950069e-01
2.337999999999999901e+01,2.550000000041485748e-02,-9.212124999997858055e+00,-9.237624999998409692e+00,9.655199744950000422e+02,4.991202971612000283e+02,-2.042384217999909934e-01
2.339000000000000057e+01,1.800000000041457326e-02,-9.250249999997858907e+00,-9.268249999998412036e+00,9.660392110789999833e+02,4.990958643562000248e+02,-2.010366928000039966e-01
2.339999999999999858e+01,1.050000000041695358e-02,-9.288374999997845549e+00,-9.298874999998401947e+00,9.665525460449999855e+02,4.990870851642000048e+02,-2.078915688000090023e-01
2.341000000000000014e+01,3.000000000416669366e-03,-9.326499999997846402e+00,-9.329499999998404292e+00,9.670438885270000355e+02,4.990950902011999801e+02,-2.118105337999720006e-01
2.342000000000000171e+01,-4.499999999584058941e-03,-9.364624999997850807e+00,-9.360124999998404860e+00,9.675433614050000415e+02,4.991185837492000132e+02,-2.157823347999900110e-01
2.342999999999999972e+01,-1.199999999958167862e-02,-9.402749999997837449e+00,-9.390749999998396547e+00,9.680549850989999641e+02,4.991397767651999970e+02,-2.167432967999670113e-01
2.344000000000000128e+01,-1.949999999958196284e-02,-9.440874999997838302e+00,-9.421374999998397115e+00,9.685538009250000187e+02,4.991572336901999734e+02,-2.176939268000009919e-01
2.344999999999999929e+01,-2.699999999957958252e-02,-9.478999999997828496e+00,-9.451999999998388802e+00,9.690544700950000561e+02,4.991597720941999796e+02,-2.185915107999759910e-01
2.346000000000000085e+01,-3.449999999957986674e-02,-9.517124999997829349e+00,-9.482624999998389370e+00,9.695437536829999772e+02,4.991336575432000018e+02,-2.073904598000080035e-01
2.346999999999999886e+01,-4.199999999957748642e-02,-9.555249999997815991e+00,-9.513249999998381057e+00,9.700423639589999993e+02,4.991020763591999980e+02,-1.931680277999990036e-01
2.348000000000000043e+01,-4.949999999957777064e-02,-9.593374999997820396e+00,-9.543874999998381625e+00,9.705406077650000043e+02,4.990944636141999808e+02,-1.930303307999980122e-01
2.348999999999999844e+01,-5.699999999957539032e-02,-9.631499999997807038e+00,-9.574499999998373312e+00,9.710254162810000480e+02,4.990941038821999882e+02,-1.909211987999900051e-01
2.350000000000000000e+01,-6.449999999957611863e-02,-9.669624999997807890e+00,-9.605124999998373880e+00,9.715240893689999666e+02,4.990965177041999823e+02,-1.948188068000089868e-01
2.351000000000000156e+01,-7.199999999957640284e-02,-9.707749999997808743e+00,-9.635749999998376225e+00,9.720434689129999697e+02,4.990871244741999817e+02,-1.896700938000130121e-01
2.351999999999999957e+01,-7.949999999957402252e-02,-9.745874999997798938e+00,-9.666374999998366135e+00,9.725511262569999644e+02,4.990900689271999795e+02,-1.885675427999800036e-01
2.353000000000000114e+01,-8.699999999957430674e-02,-9.783999999997799790e+00,-9.696999999998368480e+00,9.730574207549999528e+02,4.991168930681999996e+02,-2.105496937999719875e-01
2.353999999999999915e+01,-9.449999999957192642e-02,-9.822124999997786432e+00,-9.727624999998360167e+00,9.735582061410000279e+02,4.991173994562000189e+02,-2.214401477999949908e-01
2.355000000000000071e+01,-1.019999999995722106e-01,-9.860249999997790837e+00,-9.758249999998360735e+00,9.740792377389999501e+02,4.990790676661999896e+02,-2.121889437999819883e-01
2.355999999999999872e+01,-1.094999999995698303e-01,-9.898374999997777479e+00,-9.788874999998352422e+00,9.746078557890000411e+02,4.990482051402000252e+02,-1.959623587999609895e-01
2.357000000000000028e+01,-1.169999999995701145e-01,-9.936499999997778332e+00,-9.819499999998352990e+00,9.751083245989999568e+02,4.990717944951999812e+02,-1.889342048000129948e-01
2.357999999999999829e+01,-1.244999999995681783e-01,-9.974624999997768526e+00,-9.850124999998344677e+00,9.755913141050000377e+02,4.991383900252000103e+02,-2.010617918000139892e-01
2.358999999999999986e+01,-1.319999999995684625e-01,-1.001274999999776938e+01,-9.880749999998345245e+00,9.760814580750000005e+02,4.991673854861999757e+02,-1.980550337999699984e-01
2.360000000000000142e+01,-1.394999999995687467e-01,-1.005087499999777023e+01,-9.911374999998347590e+00,9.765777293930000269e+02,4.991416840402000048e+02,-1.828538597999850024e-01
2.360999999999999943e+01,-1.469999999995663664e-01,-1.008899999999776043e+01,-9.941999999998337501e+00,9.770763418889999912e+02,4.991100675761999810e+02,-1.786313677999649963e-01
2.362000000000000099e+01,-1.544999999995666506e-01,-1.012712499999776128e+01,-9.972624999998338069e+00,9.775637200190000158e+02,4.990997922981999864e+02,-1.894867657999889932e-01
2.362999999999999901e+01,-1.619999999995642703e-01,-1.016524999999774792e+01,-1.000324999999833153e+01,9.780425394009999991e+02,4.990990729321999879e+02,-1.923777297999759994e-01
2.364000000000000057e+01,-1.694999999995645545e-01,-1.020337499999774877e+01,-1.003387499999833210e+01,9.785418684310000117e+02,4.991075410171999920e+02,-1.942965387999850135e-01
2.364999999999999858e+01,-1.769999999995621742e-01,-1.024149999999773897e+01,-1.006449999999832201e+01,9.790568305670000200e+02,4.991228936542000270e+02,-2.012361917999899996e-01
2.366000000000000014e+01,-1.844999999995629025e-01,-1.027962499999773982e+01,-1.009512499999832258e+01,9.795540495190000456e+02,4.991332338931999857e+02,-2.061620947999850129e-01
2.367000000000000171e+01,-1.919999999995631867e-01,-1.031774999999774067e+01,-1.012574999999832670e+01,9.800613352450000093e+02,4.991251428272000226e+02,-2.040206857999760093e-01
2.367999999999999972e+01,-1.994999999995608064e-01,-1.035587499999773087e+01,-1.015637499999831661e+01,9.805753497470000184e+02,4.991044537792000142e+02,-1.908332617999989878e-01
2.369000000000000128e+01,-2.069999999995610906e-01,-1.039399999999773172e+01,-1.018699999999831718e+01,9.810970978789999890e+02,4.991062065382000128e+02,-1.877233588000140063e-01
2.369999999999999929e+01,-2.144999999995587103e-01,-1.043212499999771836e+01,-1.021762499999830709e+01,9.816138289929999701e+02,4.991256631172000198e+02,-1.956771037999940066e-01
2.371000000000000085e+01,-2.219999999995589945e-01,-1.047024999999772277e+01,-1.024824999999831121e+01,9.821103325630000427e+02,4.991309862691999797e+02,-1.915854067999759880e-01
2.371999999999999886e+01,-2.294999999995566142e-01,-1.050837499999770941e+01,-1.027887499999830112e+01,9.826154496589999781e+02,4.991257904212000085e+02,-1.854546688000039967e-01
2.373000000000000043e+01,-2.369999999995573425e-01,-1.054649999999771026e+01,-1.030949999999830169e+01,9.831266144410000152e+02,4.991199311432000059e+02,-1.813202577999840082e-01
2.373999999999999844e+01,-2.444999999995549622e-01,-1.058462499999770046e+01,-1.034012499999829160e+01,9.836107407570000305e+02,4.991315236031999802e+02,-1.872534978000139905e-01
2.375000000000000000e+01,-2.519999999995552464e-01,-1.062274999999770131e+01,-1.037074999999829572e+01,9.840947544089999610e+02,4.991450916311999890e+02,-1.991937718000139912e-01
2.376000000000000156e+01,-2.594999999995555306e-01,-1.066087499999770216e+01,-1.040137499999829629e+01,9.845688922809999895e+02,4.991211030872000265e+02,-1.920036168000089916e-01
2.376999999999999957e+01,-2.669999999995531503e-01,-1.069899999999769236e+01,-1.043199999999828620e+01,9.850686162590000094e+02,4.990875609981999901e+02,-1.837740577999709968e-01
2.378000000000000114e+01,-2.744999999995534345e-01,-1.073712499999769321e+01,-1.046262499999829032e+01,9.855738489049999771e+02,4.990803437182000266e+02,-1.846362078000040041e-01
2.378999999999999915e+01,-2.819999999995510542e-01,-1.077524999999767985e+01,-1.049324999999828023e+01,9.860651061329999720e+02,4.991073853301999748e+02,-1.856223347999799989e-01
2.380000000000000071e+01,-2.894999999995513384e-01,-1.081337499999768070e+01,-1.052387499999828080e+01,9.865542259149999609e+02,4.991543231911999783e+02,-1.906791587999759896e-01
2.380999999999999872e+01,-2.969999999995489581e-01,-1.085149999999767090e+01,-1.055449999999827071e+01,9.870552965550000408e+02,4.991849193131999982e+02,-1.946756627999949862e-01
2.382000000000000028e+01,-3.044999999995492423e-01,-1.088962499999767175e+01,-1.058512499999827483e+01,9.875676304830000163e+02,4.991761254581999765e+02,-1.895306317999999879e-01
2.382999999999999829e+01,-3.119999999995468620e-01,-1.092774999999765839e+01,-1.061574999999826474e+01,9.880846432150000282e+02,4.991555580151999720e+02,-1.903430607999750113e-01
2.383999999999999986e+01,-3.194999999995471462e-01,-1.096587499999766280e+01,-1.064637499999826531e+01,9.885979469970000082e+02,4.991297777922000023e+02,-1.891379108000000031e-01
2.385000000000000142e+01,-3.269999999995474305e-01,-1.100399999999766365e+01,-1.067699999999826588e+01,9.890953616470000043e+02,4.991191411681999739e+02,-1.809896777999600026e-01
2.385999999999999943e+01,-3.344999999995459383e-01,-1.104212499999765029e+01,-1.070762499999825934e+01,9.896048173770000176e+02,4.991432188182000118e+02,-1.809612927999600107e-01
2.387000000000000099e+01,-3.419999999995462225e-01,-1.108024999999765470e+01,-1.073824999999825991e+01,9.901037198310000349e+02,4.991767031022000083e+02,-1.829684557999700090e-01
2.387999999999999901e+01,-3.494999999995438422e-01,-1.111837499999764134e+01,-1.076887499999824982e+01,9.905995977549999907e+02,4.991929871341999956e+02,-1.849156077999810077e-01
2.389000000000000057e+01,-3.569999999995441264e-01,-1.115649999999764219e+01,-1.079949999999825039e+01,9.910965846770000098e+02,4.991722992471999873e+02,-1.797320277999850113e-01
2.389999999999999858e+01,-3.644999999995417461e-01,-1.119462499999763239e+01,-1.083012499999824385e+01,9.915906022909999820e+02,4.991334409642000196e+02,-1.664849498000079975e-01
2.391000000000000014e+01,-3.719999999995420303e-01,-1.123274999999763324e+01,-1.086074999999824442e+01,9.920763797729999851e+02,4.991161089761999961e+02,-1.643157227999990089e-01
2.392000000000000171e+01,-3.794999999995423146e-01,-1.127087499999763409e+01,-1.089137499999824499e+01,9.925620751090000340e+02,4.991177641712000081e+02,-1.732135738000120107e-01
2.392999999999999972e+01,-3.869999999995399342e-01,-1.130899999999762073e+01,-1.092199999999823490e+01,9.930501074049999488e+02,4.991135713802000282e+02,-1.740902207999900086e-01
2.394000000000000128e+01,-3.944999999995402185e-01,-1.134712499999762514e+01,-1.095262499999823902e+01,9.935516295469999477e+02,4.991011660162000112e+02,-1.659348338000080081e-01
2.394999999999999929e+01,-4.019999999995378381e-01,-1.138524999999761178e+01,-1.098324999999822893e+01,9.940687277969999514e+02,4.990966435721999801e+02,-1.628038257999639971e-01
2.396000000000000085e+01,-4.094999999995381224e-01,-1.142337499999761263e+01,-1.101387499999822950e+01,9.945664880289999701e+02,4.991150453942000240e+02,-1.627580177999649880e-01
2.396999999999999886e+01,-4.169999999995357420e-01,-1.146149999999760283e+01,-1.104449999999821941e+01,9.950654485909999494e+02,4.991475136701999986e+02,-1.697616157999700115e-01
2.398000000000000043e+01,-4.244999999995360263e-01,-1.149962499999760368e+01,-1.107512499999822353e+01,9.955758171769999763e+02,4.991556033201999867e+02,-1.736766467999890096e-01
2.398999999999999844e+01,-4.319999999995336459e-01,-1.153774999999759032e+01,-1.110574999999821344e+01,9.960930563470000152e+02,4.991310671012000171e+02,-1.674749777999610112e-01
2.400000000000000000e+01,-4.394999999995339302e-01,-1.157587499999759473e+01,-1.113637499999821401e+01,9.966077866750000567e+02,4.991153880841999921e+02,-1.653051418000079931e-01
2.401000000000000156e+01,-4.469999999995342144e-01,-1.161399999999759558e+01,-1.116699999999821813e+01,9.971059458930000119e+02,4.991268013302000099e+02,-1.652345888000069929e-01
2.401999999999999957e+01,-4.544999999995327222e-01,-1.165212499999758222e+01,-1.119762499999820804e+01,9.975774360430000343e+02,4.991667371131999857e+02,-1.662706047999850112e-01
2.403000000000000114e+01,-4.619999999995330064e-01,-1.169024999999758307e+01,-1.122824999999820861e+01,9.980634168550000140e+02,4.991984785142000192e+02,-1.692744997999700018e-01
2.403999999999999915e+01,-4.694999999995306261e-01,-1.172837499999757327e+01,-1.125887499999819852e+01,9.985634857490000513e+02,4.991939854551999929e+02,-1.661473837999850045e-01
2.405000000000000071e+01,-4.769999999995309103e-01,-1.176649999999757412e+01,-1.128949999999820264e+01,9.990639235549999739e+02,4.991654851491999807e+02,-1.599354668000119994e-01
2.405999999999999872e+01,-4.844999999995285300e-01,-1.180462499999756432e+01,-1.132012499999819255e+01,9.995654189529999485e+02,4.991360081941999738e+02,-1.637199337999749871e-01
2.407000000000000028e+01,-4.919999999995288142e-01,-1.184274999999756517e+01,-1.135074999999819312e+01,1.000054647097000043e+03,4.991108673151999824e+02,-1.595223758000129943e-01
2.407999999999999829e+01,-4.994999999995264339e-01,-1.188087499999755181e+01,-1.138137499999818303e+01,1.000549924744999998e+03,4.991201198841999940e+02,-1.574448278000019907e-01
2.408999999999999986e+01,-5.069999999995267181e-01,-1.191899999999755266e+01,-1.141199999999818715e+01,1.001053934618999961e+03,4.991518677312000136e+02,-1.664447737999600052e-01
2.410000000000000142e+01,-5.144999999995270024e-01,-1.195712499999755707e+01,-1.144262499999818772e+01,1.001551183645000037e+03,4.991792266411999890e+02,-1.744307327999979895e-01
2.410999999999999943e+01,-5.219999999995246220e-01,-1.199524999999754371e+01,-1.147324999999817763e+01,1.002057129896999982e+03,4.991770546721999722e+02,-1.763105308000079974e-01
2.412000000000000099e+01,-5.294999999995249063e-01,-1.203337499999754456e+01,-1.150387499999817820e+01,1.002571828597000035e+03,4.991443816802000129e+02,-1.640806808000080108e-01
2.412999999999999901e+01,-5.369999999995225259e-01,-1.207149999999753476e+01,-1.153449999999817166e+01,1.003078855813000018e+03,4.991232724711999822e+02,-1.568933678000040133e-01
2.414000000000000057e+01,-5.444999999995228102e-01,-1.210962499999753561e+01,-1.156512499999817223e+01,1.003582892611000034e+03,4.991370032791999733e+02,-1.628297227999740138e-01
2.414999999999999858e+01,-5.519999999995204298e-01,-1.214774999999752225e+01,-1.159574999999816214e+01,1.004084932216999960e+03,4.991506271452000192e+02,-1.667661317999939996e-01
2.416000000000000014e+01,-5.594999999995207141e-01,-1.218587499999752666e+01,-1.162637499999816271e+01,1.004585170106999954e+03,4.991431707341999982e+02,-1.546284647999930095e-01
2.417000000000000171e+01,-5.669999999995209983e-01,-1.222399999999752751e+01,-1.165699999999816683e+01,1.005088859103000004e+03,4.991278983761999939e+02,-1.424624547999930047e-01
2.417999999999999972e+01,-5.744999999995195061e-01,-1.226212499999751415e+01,-1.168762499999815674e+01,1.005586363044999985e+03,4.991332467752000071e+02,-1.473706827999879954e-01
2.419000000000000128e+01,-5.819999999995197904e-01,-1.230024999999751500e+01,-1.171824999999815731e+01,1.006056997739000053e+03,4.991530800322000232e+02,-1.543360047999929874e-01
2.419999999999999929e+01,-5.894999999995174100e-01,-1.233837499999750520e+01,-1.174887499999814722e+01,1.006541636370999981e+03,4.991556977641999993e+02,-1.572374477999790021e-01
2.421000000000000085e+01,-5.969999999995176942e-01,-1.237649999999750605e+01,-1.177949999999815134e+01,1.007039280566999992e+03,4.991410429722000117e+02,-1.560750328000030107e-01
2.421999999999999886e+01,-6.044999999995153139e-01,-1.241462499999749269e+01,-1.181012499999814125e+01,1.007545512475000010e+03,4.991338685791999978e+02,-1.609371377999979924e-01
2.423000000000000043e+01,-6.119999999995155981e-01,-1.245274999999749710e+01,-1.184074999999814182e+01,1.008051288398999986e+03,4.991346811302000219e+02,-1.658275227999929935e-01
2.423999999999999844e+01,-6.194999999995132178e-01,-1.249087499999748374e+01,-1.187137499999813528e+01,1.008549845049000055e+03,4.991391304961999822e+02,-1.587322667999880033e-01
2.425000000000000000e+01,-6.269999999995135020e-01,-1.252899999999748459e+01,-1.190199999999813585e+01,1.009042838072999984e+03,4.991533067711999934e+02,-1.436725138000020108e-01
2.426000000000000156e+01,-6.344999999995137863e-01,-1.256712499999748900e+01,-1.193262499999813642e+01,1.009548501152999961e+03,4.991911835202000134e+02,-1.456936698000109998e-01
2.426999999999999957e+01,-6.419999999995114059e-01,-1.260524999999747564e+01,-1.196324999999812633e+01,1.010051854640999977e+03,4.992168841601999816e+02,-1.546724267999700086e-01
2.428000000000000114e+01,-6.494999999995116902e-01,-1.264337499999747649e+01,-1.199387499999813045e+01,1.010550781756999982e+03,4.991973015831999874e+02,-1.514923277999830065e-01
2.428999999999999915e+01,-6.569999999995093098e-01,-1.268149999999746669e+01,-1.202449999999812036e+01,1.011065623153000047e+03,4.991445865922000280e+02,-1.441917687999789977e-01
2.430000000000000071e+01,-6.644999999995095941e-01,-1.271962499999746754e+01,-1.205512499999812093e+01,1.011570112562999952e+03,4.991152982741999722e+02,-1.429762028000020058e-01
2.430999999999999872e+01,-6.719999999995072137e-01,-1.275774999999745418e+01,-1.208574999999811084e+01,1.012052899849000028e+03,4.991328027751999912e+02,-1.549306378000019913e-01
2.432000000000000028e+01,-6.794999999995074980e-01,-1.279587499999745503e+01,-1.211637499999811496e+01,1.012541992220999987e+03,4.991626796291999995e+02,-1.689273338000140123e-01
2.432999999999999829e+01,-6.869999999995060058e-01,-1.283399999999744523e+01,-1.214699999999810487e+01,1.013041890565000017e+03,4.991611746181999933e+02,-1.678108107999800036e-01
2.433999999999999986e+01,-6.944999999995062900e-01,-1.287212499999744608e+01,-1.217762499999810544e+01,1.013553195157000005e+03,4.991353192052000054e+02,-1.556057687999800043e-01
2.435000000000000142e+01,-7.019999999995065743e-01,-1.291024999999744693e+01,-1.220824999999810601e+01,1.014064702815000032e+03,4.991234556072000146e+02,-1.554501237999789953e-01
2.435999999999999943e+01,-7.094999999995041939e-01,-1.294837499999743713e+01,-1.223887499999809947e+01,1.014545403617000034e+03,4.991248681431999898e+02,-1.523481517999940027e-01
2.437000000000000099e+01,-7.169999999995044782e-01,-1.298649999999743798e+01,-1.226949999999810004e+01,1.015029269646999978e+03,4.991234706842000151e+02,-1.452355357999889907e-01
2.437999999999999901e+01,-7.244999999995020978e-01,-1.302462499999742462e+01,-1.230012499999808995e+01,1.015540491427000006e+03,4.991166130382000006e+02,-1.410975897999700024e-01
2.439000000000000057e+01,-7.319999999995023821e-01,-1.306274999999742903e+01,-1.233074999999809052e+01,1.016051656875000049e+03,4.991107431762000033e+02,-1.399631607999919924e-01
2.439999999999999858e+01,-7.394999999995000017e-01,-1.310087499999741567e+01,-1.236137499999808398e+01,1.016552926986999978e+03,4.991203024591999906e+02,-1.478854267999739902e-01
2.441000000000000014e+01,-7.469999999995002860e-01,-1.313899999999741652e+01,-1.239199999999808455e+01,1.017055366244999959e+03,4.991269271652000157e+02,-1.547970727999800067e-01
2.442000000000000171e+01,-7.544999999995005702e-01,-1.317712499999741738e+01,-1.242262499999808512e+01,1.017541058250999981e+03,4.991286352802000010e+02,-1.486950138000059929e-01
2.442999999999999972e+01,-7.619999999994981899e-01,-1.321524999999740757e+01,-1.245324999999807858e+01,1.018041985708999960e+03,4.991441953551999973e+02,-1.536385078000019888e-01
2.444000000000000128e+01,-7.694999999994984741e-01,-1.325337499999740842e+01,-1.248387499999807915e+01,1.018543514774999949e+03,4.991667657251999799e+02,-1.686066657999890084e-01
2.444999999999999929e+01,-7.769999999994960937e-01,-1.329149999999739862e+01,-1.251449999999806906e+01,1.019037822083000037e+03,4.991579266161999726e+02,-1.684655177999900000e-01
2.446000000000000085e+01,-7.844999999994963780e-01,-1.332962499999739947e+01,-1.254512499999806963e+01,1.019541651555000044e+03,4.991226475391999884e+02,-1.512288587999930101e-01
2.446999999999999886e+01,-7.919999999994939976e-01,-1.336774999999738611e+01,-1.257574999999806309e+01,1.020043343136999965e+03,4.991072717672000181e+02,-1.360629088000069875e-01
2.448000000000000043e+01,-7.994999999994942819e-01,-1.340587499999738696e+01,-1.260637499999806366e+01,1.020518226950999974e+03,4.991403970271999810e+02,-1.350741287999729923e-01
2.448999999999999844e+01,-8.069999999994919015e-01,-1.344399999999737716e+01,-1.263699999999805357e+01,1.020993483715000025e+03,4.991845366381999725e+02,-1.411241708000030015e-01
2.450000000000000000e+01,-8.144999999994930739e-01,-1.348212499999737801e+01,-1.266762499999805414e+01,1.021492268801000023e+03,4.991849854761999836e+02,-1.360147628000069886e-01
2.451000000000000156e+01,-8.219999999994933582e-01,-1.352024999999737886e+01,-1.269824999999805826e+01,1.022001975186999971e+03,4.991520345452000242e+02,-1.217850297999970022e-01
2.451999999999999957e+01,-8.294999999994909778e-01,-1.355837499999736906e+01,-1.272887499999804817e+01,1.022522155589000022e+03,4.991286182992000136e+02,-1.295867487999790013e-01
2.453000000000000114e+01,-8.369999999994912621e-01,-1.359649999999736991e+01,-1.275949999999804874e+01,1.023017406714999993e+03,4.991207957491999991e+02,-1.404490488000030013e-01
2.453999999999999915e+01,-8.444999999994888817e-01,-1.363462499999735655e+01,-1.279012499999803865e+01,1.023501387851000004e+03,4.991173839141999906e+02,-1.383293327999929878e-01
2.455000000000000071e+01,-8.519999999994891660e-01,-1.367274999999736096e+01,-1.282074999999804277e+01,1.024005821414999900e+03,4.991241614261999757e+02,-1.342410027999740019e-01
2.455999999999999872e+01,-8.594999999994867856e-01,-1.371087499999734760e+01,-1.285137499999803268e+01,1.024521211723000079e+03,4.991495582701999751e+02,-1.402159908000019939e-01
2.457000000000000028e+01,-8.669999999994870699e-01,-1.374899999999734845e+01,-1.288199999999803325e+01,1.025027674772999944e+03,4.991734261152000158e+02,-1.511876027999700112e-01
2.457999999999999829e+01,-8.744999999994846895e-01,-1.378712499999733865e+01,-1.291262499999802316e+01,1.025541292953000038e+03,4.991596833071999981e+02,-1.500248517999940023e-01
2.458999999999999986e+01,-8.819999999994849738e-01,-1.382524999999733950e+01,-1.294324999999802728e+01,1.026041413918999979e+03,4.991191843941999764e+02,-1.327706017999980004e-01
2.460000000000000142e+01,-8.894999999994852580e-01,-1.386337499999734035e+01,-1.297387499999802785e+01,1.026534291573000019e+03,4.991002934712000183e+02,-1.195942237999639973e-01
2.460999999999999943e+01,-8.969999999994828777e-01,-1.390149999999732700e+01,-1.300449999999801776e+01,1.027021443528999953e+03,4.991290685431999918e+02,-1.305874447999869903e-01
2.462000000000000099e+01,-9.044999999994831619e-01,-1.393962499999733140e+01,-1.303512499999802188e+01,1.027516753470999902e+03,4.991553045032000000e+02,-1.415698928000120038e-01
2.462999999999999901e+01,-9.119999999994807816e-01,-1.397774999999731804e+01,-1.306574999999801179e+01,1.028013510624999981e+03,4.991386383121999870e+02,-1.284005007999780013e-01
2.464000000000000057e+01,-9.194999999994810658e-01,-1.401587499999731889e+01,-1.309637499999801236e+01,1.028516543456999898e+03,4.991173152192000089e+02,-1.172132958000109970e-01
2.464999999999999858e+01,-9.269999999994786855e-01,-1.405399999999730909e+01,-1.312699999999800227e+01,1.029007545726999979e+03,4.991312822401999938e+02,-1.291534228000109918e-01
2.466000000000000014e+01,-9.344999999994798578e-01,-1.409212499999730994e+01,-1.315762499999800639e+01,1.029478066203000026e+03,4.991531157612000129e+02,-1.351258207999830041e-01
2.467000000000000171e+01,-9.419999999994801421e-01,-1.413024999999731079e+01,-1.318824999999800696e+01,1.029981673052999895e+03,4.991568305861999875e+02,-1.340268888000079872e-01
2.467999999999999972e+01,-9.494999999994777617e-01,-1.416837499999730099e+01,-1.321887499999799687e+01,1.030501053485000057e+03,4.991474232442000130e+02,-1.328781517999740036e-01
2.469000000000000128e+01,-9.569999999994780460e-01,-1.420649999999730184e+01,-1.324949999999799743e+01,1.031021148411000013e+03,4.991430471012000112e+02,-1.367470387999930037e-01
2.469999999999999929e+01,-9.644999999994756656e-01,-1.424462499999728848e+01,-1.328012499999799090e+01,1.031528636981000091e+03,4.991489513782000245e+02,-1.456550328000079941e-01
2.471000000000000085e+01,-9.719999999994759499e-01,-1.428274999999728934e+01,-1.331074999999799147e+01,1.032023485124999979e+03,4.991481809082000041e+02,-1.385421858000029927e-01
2.471999999999999886e+01,-9.794999999994735695e-01,-1.432087499999727953e+01,-1.334137499999798138e+01,1.032510002291000092e+03,4.991529764062000254e+02,-1.224507707999829970e-01
2.473000000000000043e+01,-9.869999999994738538e-01,-1.435899999999728038e+01,-1.337199999999798194e+01,1.033014067830999920e+03,4.991837470532000225e+02,-1.254472177999690075e-01
2.473999999999999844e+01,-9.944999999994714734e-01,-1.439712499999727058e+01,-1.340262499999797541e+01,1.033521529477000058e+03,4.992076683692000074e+02,-1.374188027999689865e-01
2.475000000000000000e+01,-1.001999999999471758e+00,-1.443524999999727143e+01,-1.343324999999797598e+01,1.034023964031000105e+03,4.991792820612000128e+02,-1.312068437999980020e-01
2.476000000000000156e+01,-1.009499999999472042e+00,-1.447337499999727228e+01,-1.346387499999797654e+01,1.034530331267000065e+03,4.991170969912000146e+02,-1.158747068000099967e-01
2.476999999999999957e+01,-1.016999999999469662e+00,-1.451149999999725893e+01,-1.349449999999796646e+01,1.035021297870999888e+03,4.990790484391999939e+02,-1.076311967999730029e-01
2.478000000000000114e+01,-1.024499999999469946e+00,-1.454962499999726333e+01,-1.352512499999797058e+01,1.035493044934999944e+03,4.990969419592000236e+02,-1.145894277999779942e-01
2.478999999999999915e+01,-1.031999999999467565e+00,-1.458774999999724997e+01,-1.355574999999796049e+01,1.035979741129000104e+03,4.991337004471999990e+02,-1.266109227999779874e-01
2.480000000000000071e+01,-1.039499999999467850e+00,-1.462587499999725082e+01,-1.358637499999796105e+01,1.036488169520999918e+03,4.991406847871999730e+02,-1.285224727999879912e-01
2.480999999999999872e+01,-1.046999999999465469e+00,-1.466399999999724102e+01,-1.361699999999795097e+01,1.037001072319000059e+03,4.991219248922000133e+02,-1.183421217999959946e-01
2.482000000000000028e+01,-1.054499999999466642e+00,-1.470212499999724187e+01,-1.364762499999795509e+01,1.037519114609000098e+03,4.991184154791999958e+02,-1.272145558000110088e-01
2.482999999999999829e+01,-1.061999999999464261e+00,-1.474024999999722851e+01,-1.367824999999794500e+01,1.038006863025000030e+03,4.991191968882000083e+02,-1.331088477999829989e-01
2.483999999999999986e+01,-1.069499999999464546e+00,-1.477837499999723292e+01,-1.370887499999794557e+01,1.038489130404999969e+03,4.991107109672000206e+02,-1.219715527999589988e-01
2.485000000000000142e+01,-1.076999999999464830e+00,-1.481649999999723377e+01,-1.373949999999794969e+01,1.038997014187000104e+03,4.991096866441999964e+02,-1.138549037999779939e-01
2.485999999999999943e+01,-1.084499999999462450e+00,-1.485462499999722041e+01,-1.377012499999793960e+01,1.039520961245000080e+03,4.991255593281999836e+02,-1.187943797999729961e-01
2.487000000000000099e+01,-1.091999999999462734e+00,-1.489274999999722127e+01,-1.380074999999794017e+01,1.040026108637000107e+03,4.991373786231999929e+02,-1.167236917999640022e-01
2.487999999999999901e+01,-1.099499999999460353e+00,-1.493087499999721146e+01,-1.383137499999793008e+01,1.040519074028999967e+03,4.991344974191999881e+02,-1.096038167999589946e-01
2.489000000000000057e+01,-1.106999999999460638e+00,-1.496899999999721231e+01,-1.386199999999793420e+01,1.041002283451000039e+03,4.991270562811999980e+02,-1.014700177999769970e-01
2.489999999999999858e+01,-1.114499999999458257e+00,-1.500712499999719896e+01,-1.389262499999792411e+01,1.041481643446999897e+03,4.991344090822000226e+02,-9.638928879998150123e-02
2.491000000000000014e+01,-1.121999999999458542e+00,-1.504524999999720336e+01,-1.392324999999792468e+01,1.041982944521000036e+03,4.991609729241999958e+02,-1.113715867999680031e-01
2.492000000000000171e+01,-1.129499999999458826e+00,-1.508337499999720421e+01,-1.395387499999792524e+01,1.042488980731000083e+03,4.991747753942000259e+02,-1.293078277999969994e-01
2.492999999999999972e+01,-1.136999999999456445e+00,-1.512149999999719086e+01,-1.398449999999791871e+01,1.042999346167000112e+03,4.991478293342000256e+02,-1.270992117999880100e-01
2.494000000000000128e+01,-1.144499999999456730e+00,-1.515962499999719526e+01,-1.401512499999791928e+01,1.043502350922999995e+03,4.991094558181999901e+02,-1.218518967999920044e-01
2.494999999999999929e+01,-1.151999999999454349e+00,-1.519774999999718190e+01,-1.404574999999790919e+01,1.043991609362999952e+03,4.991013300821999792e+02,-1.217143887999919960e-01
2.496000000000000085e+01,-1.159499999999454634e+00,-1.523587499999718275e+01,-1.407637499999790975e+01,1.044472824964999973e+03,4.991288141841999959e+02,-1.187042848000059991e-01
2.496999999999999886e+01,-1.166999999999452253e+00,-1.527399999999717295e+01,-1.410699999999790322e+01,1.044972610908999968e+03,4.991643663152000272e+02,-1.167185207999970054e-01
2.498000000000000043e+01,-1.174499999999453426e+00,-1.531212499999717380e+01,-1.413762499999790379e+01,1.045491678539000077e+03,4.991779819642000007e+02,-1.146510737999869994e-01
2.498999999999999844e+01,-1.181999999999451045e+00,-1.535024999999716044e+01,-1.416824999999789370e+01,1.046002469926999993e+03,4.991611153911999850e+02,-1.014778528000109953e-01
2.500000000000000000e+01,-1.189499999999451330e+00,-1.538837499999716130e+01,-1.419887499999789426e+01,1.046504904702999966e+03,4.991327255552000111e+02,-9.626588779995780276e-02
2.501000000000000156e+01,-1.196999999999451614e+00,-1.542649999999716570e+01,-1.422949999999789839e+01,1.046992965033000019e+03,4.991104980851999926e+02,-9.907891380000140302e-02
2.501999999999999957e+01,-1.204499999999449233e+00,-1.546462499999715234e+01,-1.426012499999788830e+01,1.047478627853000035e+03,4.990951734171999874e+02,-9.391677480000580613e-02
2.503000000000000114e+01,-1.211999999999449518e+00,-1.550274999999715320e+01,-1.429074999999788886e+01,1.047978840595000065e+03,4.991057058211999902e+02,-9.284265079997240655e-02
2.503999999999999915e+01,-1.219499999999447137e+00,-1.554087499999714339e+01,-1.432137499999787877e+01,1.048486559862999911e+03,4.991426593922000166e+02,-1.058601638000049999e-01
2.505000000000000071e+01,-1.226999999999447422e+00,-1.557899999999714424e+01,-1.435199999999788290e+01,1.048987860714999897e+03,4.991692267622000259e+02,-1.198424677999589960e-01
2.505999999999999872e+01,-1.234499999999445041e+00,-1.561712499999713089e+01,-1.438262499999787281e+01,1.049489897170999939e+03,4.991478149182000266e+02,-1.176552298000070051e-01
2.507000000000000028e+01,-1.241999999999445325e+00,-1.565524999999713529e+01,-1.441324999999787337e+01,1.049983087182999952e+03,4.991059080602000222e+02,-1.033975737999960065e-01
2.507999999999999829e+01,-1.249499999999442945e+00,-1.569337499999712193e+01,-1.444387499999786328e+01,1.050465810547000046e+03,4.990894351951999965e+02,-9.223199879997269479e-02
2.508999999999999986e+01,-1.256999999999443229e+00,-1.573149999999712279e+01,-1.447449999999786741e+01,1.050959121521000043e+03,4.991155924372000072e+02,-9.321454880000600018e-02
2.510000000000000142e+01,-1.264499999999443514e+00,-1.576962499999712364e+01,-1.450512499999786797e+01,1.051475054218999958e+03,4.991490332242000250e+02,-9.921779579997759557e-02
2.510999999999999943e+01,-1.271999999999441133e+00,-1.580774999999711383e+01,-1.453574999999785788e+01,1.051993578127000092e+03,4.991546260982000263e+02,-9.112212579999630357e-02
2.512000000000000099e+01,-1.279499999999441417e+00,-1.584587499999711468e+01,-1.456637499999786201e+01,1.052487112833000083e+03,4.991417717982000113e+02,-8.096691880000510266e-02
2.512999999999999901e+01,-1.286999999999439037e+00,-1.588399999999710488e+01,-1.459699999999785192e+01,1.052970811199000082e+03,4.991433165231999851e+02,-8.886481779998710306e-02
2.514000000000000057e+01,-1.294499999999440210e+00,-1.592212499999710573e+01,-1.462762499999785248e+01,1.053445010995000075e+03,4.991533370971999943e+02,-9.579472679999119500e-02
2.514999999999999858e+01,-1.301999999999437829e+00,-1.596024999999709237e+01,-1.465824999999784239e+01,1.053947391922999941e+03,4.991609813392000206e+02,-9.670994379996830648e-02
2.516000000000000014e+01,-1.309499999999438113e+00,-1.599837499999709323e+01,-1.468887499999784652e+01,1.054473678160999953e+03,4.991709707571999957e+02,-1.036281557999730041e-01
2.517000000000000171e+01,-1.316999999999438398e+00,-1.603649999999709763e+01,-1.471949999999784708e+01,1.054980282352999893e+03,4.991748212992000049e+02,-1.125291007999879994e-01
2.517999999999999972e+01,-1.324499999999436017e+00,-1.607462499999708427e+01,-1.475012499999783699e+01,1.055476214346999996e+03,4.991550677252000128e+02,-1.093490648000010057e-01
2.519000000000000128e+01,-1.331999999999436302e+00,-1.611274999999708513e+01,-1.478074999999783756e+01,1.055970831349000036e+03,4.991232550171999947e+02,-9.612671079996749912e-02
2.519999999999999929e+01,-1.339499999999433921e+00,-1.615087499999707532e+01,-1.481137499999783103e+01,1.056461426376999952e+03,4.991092560481999953e+02,-7.896807379997179688e-02
2.521000000000000085e+01,-1.346999999999434205e+00,-1.618899999999707617e+01,-1.484199999999783159e+01,1.056954564803000039e+03,4.991384330902000102e+02,-7.296127080000069931e-02
2.521999999999999886e+01,-1.354499999999431825e+00,-1.622712499999706282e+01,-1.487262499999782150e+01,1.057460543834999953e+03,4.991883225582000136e+02,-8.202478379995750690e-02
2.523000000000000043e+01,-1.361999999999432109e+00,-1.626524999999706722e+01,-1.490324999999782207e+01,1.057973850989000084e+03,4.991975745171999961e+02,-8.794327479998620412e-02
2.523999999999999844e+01,-1.369499999999429729e+00,-1.630337499999705386e+01,-1.493387499999781554e+01,1.058491515847000073e+03,4.991480362112000080e+02,-7.765327579999610486e-02
2.525000000000000000e+01,-1.376999999999430013e+00,-1.634149999999705472e+01,-1.496449999999781610e+01,1.058994149872999969e+03,4.990986130641999807e+02,-7.536707879998519322e-02
2.526000000000000156e+01,-1.384499999999430297e+00,-1.637962499999705557e+01,-1.499512499999781667e+01,1.059476592908999919e+03,4.990870579511999949e+02,-8.521905279997679661e-02
2.526999999999999957e+01,-1.391999999999427917e+00,-1.641774999999704576e+01,-1.502574999999780658e+01,1.059964712498999916e+03,4.990988819351999837e+02,-9.015221479997230503e-02
2.528000000000000114e+01,-1.399499999999428201e+00,-1.645587499999704661e+01,-1.505637499999781070e+01,1.060483210814999893e+03,4.991224706802000242e+02,-9.112009980000590481e-02
2.528999999999999915e+01,-1.406999999999425821e+00,-1.649399999999703326e+01,-1.508699999999780061e+01,1.061001481582999986e+03,4.991500458411999830e+02,-9.410211279999189382e-02
2.530000000000000071e+01,-1.414499999999426993e+00,-1.653212499999703766e+01,-1.511762499999780118e+01,1.061498641982999970e+03,4.991614091441999790e+02,-9.203159279998129882e-02
2.530999999999999872e+01,-1.421999999999424613e+00,-1.657024999999702430e+01,-1.514824999999779109e+01,1.061982250169000054e+03,4.991469829581999988e+02,-8.287305479996699697e-02
2.532000000000000028e+01,-1.429499999999424897e+00,-1.660837499999702516e+01,-1.517887499999779521e+01,1.062467710367000109e+03,4.991176594191999811e+02,-6.766150679998149398e-02
2.532999999999999829e+01,-1.436999999999422517e+00,-1.664649999999701535e+01,-1.520949999999778512e+01,1.062966464490999897e+03,4.991011036982000064e+02,-5.549206679998099773e-02
2.533999999999999986e+01,-1.444499999999422801e+00,-1.668462499999701620e+01,-1.524012499999778569e+01,1.063468048112999895e+03,4.991227145081999765e+02,-5.945675579999940008e-02
2.535000000000000142e+01,-1.451999999999423085e+00,-1.672274999999701706e+01,-1.527074999999778981e+01,1.063972659372999942e+03,4.991614761782000187e+02,-7.748137179997270640e-02
2.535999999999999943e+01,-1.459499999999420705e+00,-1.676087499999700725e+01,-1.530137499999777972e+01,1.064476153780999994e+03,4.991671630431999915e+02,-8.338946780000089376e-02
2.537000000000000099e+01,-1.466999999999420989e+00,-1.679899999999700810e+01,-1.533199999999778029e+01,1.064972769084999982e+03,4.991354396372000224e+02,-7.716702979997229483e-02
2.537999999999999901e+01,-1.474499999999418609e+00,-1.683712499999699475e+01,-1.536262499999777020e+01,1.065461087036999970e+03,4.991262444221999885e+02,-8.102598379999050027e-02
2.539000000000000057e+01,-1.481999999999418893e+00,-1.687524999999699560e+01,-1.539324999999777432e+01,1.065950862496999889e+03,4.991441549721999991e+02,-9.098028379998250592e-02
2.539999999999999858e+01,-1.489499999999416513e+00,-1.691337499999698579e+01,-1.542387499999776423e+01,1.066460318227000016e+03,4.991682326221999801e+02,-9.095189879998200055e-02
2.541000000000000014e+01,-1.496999999999416797e+00,-1.695149999999698665e+01,-1.545449999999776480e+01,1.066990481744999897e+03,4.991804820521999773e+02,-8.787715679999590079e-02
2.542000000000000171e+01,-1.504499999999417081e+00,-1.698962499999698750e+01,-1.548512499999776537e+01,1.067497425260999989e+03,4.991783847222000077e+02,-8.475696380001029873e-02
2.542999999999999972e+01,-1.511999999999414701e+00,-1.702774999999697769e+01,-1.551574999999775883e+01,1.067989419646999977e+03,4.991574224241999786e+02,-7.657350679997219911e-02
2.544000000000000128e+01,-1.519499999999414985e+00,-1.706587499999697854e+01,-1.554637499999775940e+01,1.068478590348999887e+03,4.991332869692000145e+02,-7.037949579999970562e-02
2.544999999999999929e+01,-1.526999999999412605e+00,-1.710399999999696519e+01,-1.557699999999774931e+01,1.068982165792999922e+03,4.991200042912000185e+02,-6.022054380000919915e-02
2.546000000000000085e+01,-1.534499999999413777e+00,-1.714212499999696959e+01,-1.560762499999774988e+01,1.069481808110999964e+03,4.991405274311999847e+02,-5.718178179996710048e-02
2.546999999999999886e+01,-1.541999999999411397e+00,-1.718024999999695623e+01,-1.563824999999774334e+01,1.069984735910999916e+03,4.991912301582000282e+02,-7.024886880000050238e-02
2.548000000000000043e+01,-1.549499999999411681e+00,-1.721837499999695709e+01,-1.566887499999774391e+01,1.070485096274999933e+03,4.992167280492000145e+02,-8.822763479997239311e-02
2.548999999999999844e+01,-1.556999999999409301e+00,-1.725649999999694728e+01,-1.569949999999773382e+01,1.070987557975000072e+03,4.991703211742000121e+02,-7.995207879999169376e-02
2.550000000000000000e+01,-1.564499999999409585e+00,-1.729462499999694813e+01,-1.573012499999773439e+01,1.071483886026999926e+03,4.991085397862000264e+02,-7.162364480000979472e-02
2.551000000000000156e+01,-1.571999999999409869e+00,-1.733274999999694899e+01,-1.576074999999773851e+01,1.071977053332999958e+03,4.990845829351999896e+02,-7.942946579999060619e-02
2.551999999999999957e+01,-1.579499999999407489e+00,-1.737087499999693918e+01,-1.579137499999772842e+01,1.072467168783000034e+03,4.990965350292000267e+02,-8.036260979996659448e-02
2.553000000000000114e+01,-1.586999999999407773e+00,-1.740899999999694003e+01,-1.582199999999772899e+01,1.072983554135000077e+03,4.991220417921999797e+02,-7.133766680000939997e-02
2.553999999999999915e+01,-1.594499999999405393e+00,-1.744712499999692668e+01,-1.585262499999772245e+01,1.073502195632999928e+03,4.991606665841999870e+02,-7.135856180000940685e-02
2.555000000000000071e+01,-1.601999999999405677e+00,-1.748524999999692753e+01,-1.588324999999772302e+01,1.074004720408999901e+03,4.991833362891999855e+02,-7.432677079999550074e-02
2.555999999999999872e+01,-1.609499999999403297e+00,-1.752337499999691772e+01,-1.591387499999771293e+01,1.074499084493000055e+03,4.991735023402000024e+02,-7.318209379996250263e-02
2.557000000000000028e+01,-1.616999999999403581e+00,-1.756149999999691858e+01,-1.594449999999771350e+01,1.074997753098999965e+03,4.991409016201999975e+02,-6.495609079998039548e-02
2.557999999999999829e+01,-1.624499999999401201e+00,-1.759962499999690522e+01,-1.597512499999770696e+01,1.075505437811000093e+03,4.991258219782000083e+02,-6.278993679997159350e-02
2.558999999999999986e+01,-1.631999999999401485e+00,-1.763774999999690962e+01,-1.600574999999770753e+01,1.076012898569000072e+03,4.991497574062000240e+02,-7.076154580000949823e-02
2.560000000000000142e+01,-1.639499999999401769e+00,-1.767587499999691047e+01,-1.603637499999770810e+01,1.076513887506999936e+03,4.991993336552000073e+02,-8.782511580000580687e-02
2.560999999999999943e+01,-1.646999999999399389e+00,-1.771399999999689712e+01,-1.606699999999769801e+01,1.077013218535000078e+03,4.992077699882000275e+02,-9.874387079997329342e-02
2.562000000000000099e+01,-1.654499999999400561e+00,-1.775212499999690152e+01,-1.609762499999770213e+01,1.077501529785000002e+03,4.991635955112000147e+02,-8.047927380000040321e-02
2.562999999999999901e+01,-1.661999999999398181e+00,-1.779024999999688816e+01,-1.612824999999769204e+01,1.077984167186999912e+03,4.991310847031999742e+02,-7.125714779998619519e-02
2.564000000000000057e+01,-1.669499999999398465e+00,-1.782837499999688902e+01,-1.615887499999769261e+01,1.078469178991000035e+03,4.991447132581999995e+02,-8.219740680000979516e-02
2.564999999999999858e+01,-1.676999999999396085e+00,-1.786649999999687921e+01,-1.618949999999768252e+01,1.078964057208999975e+03,4.991609614591999957e+02,-7.814461579999190666e-02
2.566000000000000014e+01,-1.684499999999396369e+00,-1.790462499999688006e+01,-1.622012499999768664e+01,1.079473253541000076e+03,4.991720350781999969e+02,-6.907035079997729532e-02
2.567000000000000171e+01,-1.691999999999396653e+00,-1.794274999999688092e+01,-1.625074999999768721e+01,1.079984620057000029e+03,4.991801887831999807e+02,-7.098537279998609617e-02
2.567999999999999972e+01,-1.699499999999394273e+00,-1.798087499999686756e+01,-1.628137499999767712e+01,1.080485746543000005e+03,4.991747190752000165e+02,-7.785464079999070142e-02
2.569000000000000128e+01,-1.706999999999394557e+00,-1.801899999999687196e+01,-1.631199999999767769e+01,1.080990236618999916e+03,4.991454201732000229e+02,-7.963905680000009368e-02
2.569999999999999929e+01,-1.714499999999392177e+00,-1.805712499999685861e+01,-1.634262499999767115e+01,1.081503995497000005e+03,4.991116671181999891e+02,-7.440565080000439979e-02
2.571000000000000085e+01,-1.721999999999392461e+00,-1.809524999999685946e+01,-1.637324999999767172e+01,1.082015387827000040e+03,4.991018214242000113e+02,-6.825711179997659417e-02
2.571999999999999886e+01,-1.729499999999390081e+00,-1.813337499999684965e+01,-1.640387499999766163e+01,1.082524874518999923e+03,4.991429036331999782e+02,-7.528875879998220277e-02
2.573000000000000043e+01,-1.736999999999390365e+00,-1.817149999999685051e+01,-1.643449999999766220e+01,1.083032622972999889e+03,4.991968899871999952e+02,-8.736635179998139544e-02
2.573999999999999844e+01,-1.744499999999387985e+00,-1.820962499999683715e+01,-1.646512499999765566e+01,1.083536058829000012e+03,4.992035999162000053e+02,-8.627802480000550112e-02
2.575000000000000000e+01,-1.751999999999388269e+00,-1.824774999999684155e+01,-1.649574999999765623e+01,1.084031643687000042e+03,4.991548325922000231e+02,-6.799560579997709908e-02
2.576000000000000156e+01,-1.759499999999388553e+00,-1.828587499999684240e+01,-1.652637499999765680e+01,1.084520727094999984e+03,4.991146803621999766e+02,-5.774507979998520085e-02
2.576999999999999957e+01,-1.766999999999386173e+00,-1.832399999999682905e+01,-1.655699999999765026e+01,1.085010044087000097e+03,4.991055315621999853e+02,-6.460399479999100192e-02
2.578000000000000114e+01,-1.774499999999387345e+00,-1.836212499999682990e+01,-1.658762499999765083e+01,1.085500672296999937e+03,4.991085018722000086e+02,-6.450532979999069882e-02
2.578999999999999915e+01,-1.781999999999384965e+00,-1.840024999999682009e+01,-1.661824999999764074e+01,1.085991841787000112e+03,4.991195337652000035e+02,-5.943495379999590156e-02
2.580000000000000071e+01,-1.789499999999385249e+00,-1.843837499999682095e+01,-1.664887499999764131e+01,1.086488491202999967e+03,4.991398506282000085e+02,-6.639619479999979423e-02
2.580999999999999872e+01,-1.796999999999382869e+00,-1.847649999999681114e+01,-1.667949999999763477e+01,1.086976725011000099e+03,4.991496743481999943e+02,-7.232228079997170267e-02
2.582000000000000028e+01,-1.804499999999383153e+00,-1.851462499999681199e+01,-1.671012499999763534e+01,1.087483954405000077e+03,4.991425710661999915e+02,-7.318438880000459335e-02
2.582999999999999829e+01,-1.811999999999380773e+00,-1.855274999999679864e+01,-1.674074999999762525e+01,1.088002564011000004e+03,4.991291203092000046e+02,-7.002154479996300362e-02
2.583999999999999986e+01,-1.819499999999381057e+00,-1.859087499999679949e+01,-1.677137499999762582e+01,1.088522542942999962e+03,4.991267726542000105e+02,-6.489755579996689394e-02
2.585000000000000142e+01,-1.826999999999381341e+00,-1.862899999999680389e+01,-1.680199999999762994e+01,1.089029831374999958e+03,4.991537243541999942e+02,-6.687980579997669650e-02
2.585999999999999943e+01,-1.834499999999378961e+00,-1.866712499999679054e+01,-1.683262499999761985e+01,1.089538603573000046e+03,4.991897753641999884e+02,-6.889382879998649789e-02
2.587000000000000099e+01,-1.841999999999379245e+00,-1.870524999999679139e+01,-1.686324999999762042e+01,1.090046918191000032e+03,4.991987529122000069e+02,-7.181244279997270330e-02
2.587999999999999901e+01,-1.849499999999376865e+00,-1.874337499999678158e+01,-1.689387499999761033e+01,1.090548069825000084e+03,4.991752943892000189e+02,-6.761816780000959315e-02
2.589000000000000057e+01,-1.856999999999377149e+00,-1.878149999999678244e+01,-1.692449999999761445e+01,1.091032363540999995e+03,4.991488630911999849e+02,-6.541716779999970366e-02
2.589999999999999858e+01,-1.864499999999374769e+00,-1.881962499999676908e+01,-1.695512499999760436e+01,1.091518913402999942e+03,4.991355498222000051e+02,-7.226200580000589901e-02
2.591000000000000014e+01,-1.871999999999375053e+00,-1.885774999999677348e+01,-1.698574999999760493e+01,1.092005833772999949e+03,4.991332897121999963e+02,-7.514573179999109453e-02
2.592000000000000171e+01,-1.879499999999375337e+00,-1.889587499999677433e+01,-1.701637499999760550e+01,1.092497004151000056e+03,4.991443074932000172e+02,-7.407533179995849648e-02
2.592999999999999972e+01,-1.886999999999372957e+00,-1.893399999999676098e+01,-1.704699999999759896e+01,1.092990771996999911e+03,4.991624636792000160e+02,-7.902957780001010346e-02
2.594000000000000128e+01,-1.894499999999374129e+00,-1.897212499999676183e+01,-1.707762499999759953e+01,1.093484396660999892e+03,4.991655838181999911e+02,-8.493081379998160263e-02
2.594999999999999929e+01,-1.901999999999371749e+00,-1.901024999999675202e+01,-1.710824999999758944e+01,1.093989769116999923e+03,4.991383704031999855e+02,-7.772233279997629862e-02
2.596000000000000085e+01,-1.909499999999372033e+00,-1.904837499999675288e+01,-1.713887499999759356e+01,1.094503697435000049e+03,4.991016469401999984e+02,-6.547836379997669376e-02
2.596999999999999886e+01,-1.916999999999369653e+00,-1.908649999999673952e+01,-1.716949999999758347e+01,1.095013749403000020e+03,4.990977344551999977e+02,-5.935105580000520076e-02
2.598000000000000043e+01,-1.924499999999369937e+00,-1.912462499999674392e+01,-1.720012499999758404e+01,1.095507545547000063e+03,4.991329375362000178e+02,-5.936540580000530115e-02
2.598999999999999844e+01,-1.931999999999367557e+00,-1.916274999999673057e+01,-1.723074999999757395e+01,1.096010042067000086e+03,4.991736454481999772e+02,-5.939724180000439946e-02
2.600000000000000000e+01,-1.939499999999367841e+00,-1.920087499999673142e+01,-1.726137499999757807e+01,1.096528996811000070e+03,4.991892401932000212e+02,-6.233683479998999855e-02
2.601000000000000156e+01,-1.946999999999368125e+00,-1.923899999999673582e+01,-1.729199999999757864e+01,1.097045182607000015e+03,4.991656135911999854e+02,-6.513866779997630474e-02
2.601999999999999957e+01,-1.954499999999365745e+00,-1.927712499999672247e+01,-1.732262499999756855e+01,1.097539317547000110e+03,4.991247056522000207e+02,-6.688442979998579507e-02
2.603000000000000114e+01,-1.961999999999366029e+00,-1.931524999999672332e+01,-1.735324999999756912e+01,1.098032113013000071e+03,4.990897168102000023e+02,-7.265139879995710648e-02
2.603999999999999915e+01,-1.969499999999363649e+00,-1.935337499999671351e+01,-1.738387499999756258e+01,1.098527819012999998e+03,4.990739249562000168e+02,-7.848544879998639590e-02
2.605000000000000071e+01,-1.976999999999363933e+00,-1.939149999999671437e+01,-1.741449999999756315e+01,1.099020101982999904e+03,4.990829994722000151e+02,-7.840795179998720499e-02
2.605999999999999872e+01,-1.984499999999361552e+00,-1.942962499999670101e+01,-1.744512499999755306e+01,1.099501974859000029e+03,4.991165166691999957e+02,-7.941901279996299579e-02
2.607000000000000028e+01,-1.991999999999361837e+00,-1.946774999999670186e+01,-1.747574999999755363e+01,1.099987727234999966e+03,4.991522585981999782e+02,-8.043705979999550559e-02
2.607999999999999829e+01,-1.999499999999359456e+00,-1.950587499999669205e+01,-1.750637499999754709e+01,1.100485171958999899e+03,4.991586406452000233e+02,-7.534888280000019700e-02
2.608999999999999986e+01,-2.006999999999359741e+00,-1.954399999999669291e+01,-1.753699999999754766e+01,1.100997246710999889e+03,4.991368392311999855e+02,-6.215796579996690080e-02
2.610000000000000142e+01,-2.014499999999360913e+00,-1.958212499999669376e+01,-1.756762499999754823e+01,1.101509693968999954e+03,4.991260592241999916e+02,-5.400588279998559671e-02
2.610999999999999943e+01,-2.021999999999358533e+00,-1.962024999999668395e+01,-1.759824999999753814e+01,1.102016611004999959e+03,4.991419718771999783e+02,-5.594926879999539970e-02
2.612000000000000099e+01,-2.029499999999358817e+00,-1.965837499999668481e+01,-1.762887499999754226e+01,1.102521788471000036e+03,4.991708098432000043e+02,-5.693863679997179794e-02
2.612999999999999901e+01,-2.036999999999356437e+00,-1.969649999999667145e+01,-1.765949999999753217e+01,1.103030304600999898e+03,4.991938039021999884e+02,-6.490668980000899313e-02
2.614000000000000057e+01,-2.044499999999356721e+00,-1.973462499999667585e+01,-1.769012499999753274e+01,1.103536967344999994e+03,4.991966313802000172e+02,-8.080405779997250348e-02
2.614999999999999858e+01,-2.051999999999354340e+00,-1.977274999999666250e+01,-1.772074999999752265e+01,1.104026766800999894e+03,4.991614856531999749e+02,-8.257111379998140210e-02
2.616000000000000014e+01,-2.059499999999354625e+00,-1.981087499999666335e+01,-1.775137499999752677e+01,1.104514853166999956e+03,4.991212552562000155e+02,-7.832057279996319787e-02
2.617000000000000171e+01,-2.066999999999354909e+00,-1.984899999999666775e+01,-1.778199999999752734e+01,1.105010558501000105e+03,4.991054739862000247e+02,-8.115464080000479863e-02
2.617999999999999972e+01,-2.074499999999352529e+00,-1.988712499999665440e+01,-1.781262499999751725e+01,1.105501785210999969e+03,4.991155039832000284e+02,-7.708072379998730239e-02
2.619000000000000128e+01,-2.081999999999352813e+00,-1.992524999999665525e+01,-1.784324999999752137e+01,1.105991985735000071e+03,4.991435081321999974e+02,-7.207044279999190450e-02
2.619999999999999929e+01,-2.089499999999350432e+00,-1.996337499999664544e+01,-1.787387499999751128e+01,1.106490743230999897e+03,4.991619845931999748e+02,-6.702464379999549526e-02
2.621000000000000085e+01,-2.096999999999350717e+00,-2.000149999999664630e+01,-1.790449999999751185e+01,1.106992265373000009e+03,4.991495792292000147e+02,-5.886925680001380001e-02
2.621999999999999886e+01,-2.104499999999348336e+00,-2.003962499999663294e+01,-1.793512499999750176e+01,1.107497694382999953e+03,4.991213745022000126e+02,-4.965725279999969738e-02
2.623000000000000043e+01,-2.111999999999348621e+00,-2.007774999999663379e+01,-1.796574999999750588e+01,1.107993741039000042e+03,4.990996136082000021e+02,-4.947012879999899970e-02
2.623999999999999844e+01,-2.119499999999346240e+00,-2.011587499999662398e+01,-1.799637499999749579e+01,1.108500201160999950e+03,4.990884422152000184e+02,-5.531808779997129943e-02
2.625000000000000000e+01,-2.126999999999346525e+00,-2.015399999999662484e+01,-1.802699999999749636e+01,1.109004863161000003e+03,4.990912191991999975e+02,-5.321560579996219981e-02
2.626000000000000156e+01,-2.134499999999347697e+00,-2.019212499999662569e+01,-1.805762499999749693e+01,1.109513093857000058e+03,4.991192121541999995e+02,-5.920134579999029867e-02
2.626999999999999957e+01,-2.141999999999345317e+00,-2.023024999999661588e+01,-1.808824999999749039e+01,1.110022868425000070e+03,4.991552566592000062e+02,-7.921523979997209530e-02
2.628000000000000114e+01,-2.149499999999345601e+00,-2.026837499999661674e+01,-1.811887499999749096e+01,1.110522113046999948e+03,4.991476621052000269e+02,-9.007745579999590357e-02
2.628999999999999915e+01,-2.156999999999343220e+00,-2.030649999999660338e+01,-1.814949999999748087e+01,1.111019866534999892e+03,4.990959995631999959e+02,-7.578436579998619471e-02
2.630000000000000071e+01,-2.164499999999343505e+00,-2.034462499999660778e+01,-1.818012499999748144e+01,1.111517050931000085e+03,4.990543065891999959e+02,-6.552660179999600376e-02
2.630999999999999872e+01,-2.171999999999341124e+00,-2.038274999999659443e+01,-1.821074999999747490e+01,1.112010674040999902e+03,4.990574514241999964e+02,-6.442787979996270065e-02
2.632000000000000028e+01,-2.179499999999341409e+00,-2.042087499999659528e+01,-1.824137499999747547e+01,1.112496539302999963e+03,4.990912142572000221e+02,-6.043888679999989688e-02
2.632999999999999829e+01,-2.186999999999339028e+00,-2.045899999999658547e+01,-1.827199999999746538e+01,1.112992158758999949e+03,4.991295652481999809e+02,-4.946386579997660154e-02
2.633999999999999986e+01,-2.194499999999339312e+00,-2.049712499999658633e+01,-1.830262499999746595e+01,1.113491684638999914e+03,4.991521239322000270e+02,-3.543223979996559803e-02
2.635000000000000142e+01,-2.201999999999339597e+00,-2.053524999999658718e+01,-1.833324999999747007e+01,1.113987359496999943e+03,4.991544161492000171e+02,-2.532999479997519870e-02
2.635999999999999943e+01,-2.209499999999337216e+00,-2.057337499999657382e+01,-1.836387499999745998e+01,1.114482777399000042e+03,4.991436655272000280e+02,-1.718180379999309851e-02
2.637000000000000099e+01,-2.216999999999337501e+00,-2.061149999999657823e+01,-1.839449999999746055e+01,1.114987863310999956e+03,4.991214686481999934e+02,-2.991039799983200367e-03
2.637999999999999901e+01,-2.224499999999335120e+00,-2.064962499999656487e+01,-1.842512499999745046e+01,1.115491436756999974e+03,4.991082177221999814e+02,1.616785820002199919e-02
2.639000000000000057e+01,-2.231999999999335405e+00,-2.068774999999656572e+01,-1.845574999999745458e+01,1.115991473842999994e+03,4.991218193181999823e+02,3.823125120001270166e-02
2.639999999999999858e+01,-2.239499999999333024e+00,-2.072587499999655591e+01,-1.848637499999744449e+01,1.116482553638999889e+03,4.991519583461999900e+02,6.623434520003269876e-02
2.641000000000000014e+01,-2.246999999999333308e+00,-2.076399999999655677e+01,-1.851699999999744506e+01,1.116975371672999927e+03,4.991691932292000047e+02,9.928338519999120593e-02
2.642000000000000171e+01,-2.254499999999334481e+00,-2.080212499999655762e+01,-1.854762499999744918e+01,1.117467242961000011e+03,4.991503723152000020e+02,1.484595262000270033e-01
2.642999999999999972e+01,-2.261999999999332100e+00,-2.084024999999654781e+01,-1.857824999999743909e+01,1.117952319774999978e+03,4.991102002412000047e+02,2.177096141999869949e-01
2.644000000000000128e+01,-2.269499999999332385e+00,-2.087837499999654867e+01,-1.860887499999743966e+01,1.118438854097000103e+03,4.990971339321999949e+02,2.808643562000309735e-01
2.644999999999999929e+01,-2.276999999999330004e+00,-2.091649999999653531e+01,-1.863949999999742957e+01,1.118925846665000108e+03,4.991111305012000230e+02,3.419237072000099742e-01
2.646000000000000085e+01,-2.284499999999330289e+00,-2.095462499999653971e+01,-1.867012499999743369e+01,1.119407330829000102e+03,4.991338838351999811e+02,4.189510422000090051e-01
2.646999999999999886e+01,-2.291999999999327908e+00,-2.099274999999652636e+01,-1.870074999999742360e+01,1.119890583082999910e+03,4.991607552231999989e+02,4.989642611999919874e-01
2.648000000000000043e+01,-2.299499999999328193e+00,-2.103087499999652721e+01,-1.873137499999742417e+01,1.120371238979000054e+03,4.991804705661999719e+02,5.800021562000100550e-01
2.648999999999999844e+01,-2.306999999999325812e+00,-2.106899999999651740e+01,-1.876199999999741408e+01,1.120859366400999988e+03,4.991745809192000252e+02,6.641320692000139969e-01
2.650000000000000000e+01,-2.314499999999326096e+00,-2.110712499999651826e+01,-1.879262499999741820e+01,1.121350856303000000e+03,4.991448797182000021e+02,7.583468042000079956e-01
2.651000000000000156e+01,-2.321999999999326381e+00,-2.114524999999651911e+01,-1.882324999999741877e+01,1.121835525472999961e+03,4.991118338122000182e+02,8.665719132000110347e-01
2.651999999999999957e+01,-2.329499999999324000e+00,-2.118337499999650575e+01,-1.885387499999740868e+01,1.122308272304999946e+03,4.991121730122000031e+02,9.776766042000010204e-01
2.653000000000000114e+01,-2.336999999999324285e+00,-2.122149999999651016e+01,-1.888449999999740925e+01,1.122779964250999910e+03,4.991485316271999864e+02,1.094654020200019895e+00
2.653999999999999915e+01,-2.344499999999321904e+00,-2.125962499999649680e+01,-1.891512499999740271e+01,1.123256389821000084e+03,4.992072386681999774e+02,1.223553720200039940e+00
2.655000000000000071e+01,-2.351999999999322188e+00,-2.129774999999649765e+01,-1.894574999999740328e+01,1.123723544146999984e+03,4.992704386702000079e+02,1.356435532200020111e+00
2.655999999999999872e+01,-2.359499999999319808e+00,-2.133587499999648784e+01,-1.897637499999739319e+01,1.124188129483000012e+03,4.993084585322000066e+02,1.491405623200009911e+00
2.657000000000000028e+01,-2.366999999999320092e+00,-2.137399999999648870e+01,-1.900699999999739376e+01,1.124662981064999940e+03,4.993070102501999941e+02,1.629517264199989990e+00
2.657999999999999829e+01,-2.374499999999318600e+00,-2.141212499999647534e+01,-1.903762499999738722e+01,1.125143078323000054e+03,4.992838540921999879e+02,1.775706711200000010e+00
2.658999999999999986e+01,-2.381999999999318884e+00,-2.145024999999647974e+01,-1.906824999999738779e+01,1.125620722849000003e+03,4.992685708802000022e+02,1.921867836200020108e+00
2.660000000000000142e+01,-2.389499999999319169e+00,-2.148837499999648060e+01,-1.909887499999738836e+01,1.126083736015000113e+03,4.992814922971999749e+02,2.065926185200019916e+00
2.660999999999999943e+01,-2.396999999999316788e+00,-2.152649999999646724e+01,-1.912949999999737827e+01,1.126550887190999902e+03,4.993096565892000172e+02,2.204931644200029961e+00
2.662000000000000099e+01,-2.404499999999317073e+00,-2.156462499999646809e+01,-1.916012499999738239e+01,1.127026050062999957e+03,4.993202951142000074e+02,2.357000802200019951e+00
2.662999999999999901e+01,-2.411999999999314692e+00,-2.160274999999645829e+01,-1.919074999999737230e+01,1.127497900973000014e+03,4.993187640351999903e+02,2.520112230200029835e+00
2.664000000000000057e+01,-2.419499999999314976e+00,-2.164087499999645914e+01,-1.922137499999737287e+01,1.127965020298999889e+03,4.993299378802000206e+02,2.670177697200009970e+00
2.664999999999999858e+01,-2.426999999999312596e+00,-2.167899999999644578e+01,-1.925199999999736278e+01,1.128434477694999941e+03,4.993352460991999919e+02,2.823264398200029834e+00
2.666000000000000014e+01,-2.434499999999312880e+00,-2.171712499999645019e+01,-1.928262499999736690e+01,1.128913571694999973e+03,4.993121105582000041e+02,2.991453692200039871e+00
2.667000000000000171e+01,-2.441999999999313165e+00,-2.175524999999645104e+01,-1.931324999999736747e+01,1.129396998737000104e+03,4.992832516131999796e+02,3.170664214200010100e+00
2.667999999999999972e+01,-2.449499999999310784e+00,-2.179337499999643768e+01,-1.934387499999735738e+01,1.129881770844999892e+03,4.992834704731999977e+02,3.336772362200009834e+00
2.669000000000000128e+01,-2.456999999999311068e+00,-2.183149999999644209e+01,-1.937449999999736150e+01,1.130355250257000080e+03,4.993060500551999894e+02,3.493799049199989959e+00
