x,y_LE,y_RE
0.000000000000000000e+00,1.250000000000000000e+02,1.278130000000000024e+02
4.826254826254825826e-04,1.250000000000000000e+02,1.277870000000000061e+02
9.116259116259116954e-04,1.250000000000000000e+02,1.277729999999999961e+02
1.394251394251394115e-03,1.250000000000000000e+02,1.277870000000000061e+02
1.876876876876877077e-03,1.250000000000000000e+02,1.278370000000000033e+02
2.359502359502359606e-03,1.250000000000000000e+02,1.278610000000000042e+02
2.788502788502788231e-03,1.250000000000000000e+02,1.278359999999999985e+02
3.271128271128271193e-03,1.250000000000000000e+02,1.278340000000000032e+02
3.753753753753754155e-03,1.250000000000000000e+02,1.278449999999999989e+02
4.236379236379236683e-03,1.250000000000000000e+02,1.278559999999999945e+02
4.665379665379665308e-03,1.250000000000000000e+02,1.278430000000000035e+02
5.148005148005147837e-03,1.250000000000000000e+02,1.278319999999999936e+02
5.630630630630630365e-03,1.250000000000000000e+02,1.278340000000000032e+02
6.059631059631059857e-03,1.250000000000000000e+02,1.278599999999999994e+02
6.488631488631488482e-03,1.250000000000000000e+02,1.278979999999999961e+02
7.024882024882024914e-03,1.250000000000000000e+02,1.278870000000000005e+02
7.453882453882454406e-03,1.250000000000000000e+02,1.278739999999999952e+02
7.936507936507936067e-03,1.250000000000000000e+02,1.278859999999999957e+02
8.365508365508365560e-03,1.250000000000000000e+02,1.278610000000000042e+02
8.848133848133848955e-03,1.250000000000000000e+02,1.278469999999999942e+02
9.330759330759330616e-03,1.250000000000000000e+02,1.278350000000000080e+02
9.813384813384814012e-03,1.250000000000000000e+02,1.278569999999999993e+02
1.024238524238524350e-02,1.250000000000000000e+02,1.278829999999999956e+02
1.072501072501072517e-02,1.250000000000000000e+02,1.278580000000000041e+02
1.120763620763620683e-02,1.250000000000000000e+02,1.278569999999999993e+02
1.163663663663663632e-02,1.250000000000000000e+02,1.278810000000000002e+02
1.211926211926211971e-02,1.250000000000000000e+02,1.278829999999999956e+02
1.260188760188760138e-02,1.250000000000000000e+02,1.278700000000000045e+02
1.308451308451308477e-02,1.250000000000000000e+02,1.278469999999999942e+02
1.351351351351351426e-02,1.250000000000000000e+02,1.278479999999999990e+02
1.399613899613899766e-02,1.250000000000000000e+02,1.278719999999999999e+02
1.447876447876447932e-02,1.250000000000000000e+02,1.278850000000000051e+02
1.496138996138996272e-02,1.250000000000000000e+02,1.278619999999999948e+02
1.539039039039038874e-02,1.250000000000000000e+02,1.278599999999999994e+02
1.587301587301587213e-02,1.250000000000000000e+02,1.278840000000000003e+02
1.635564135564135380e-02,1.250000000000000000e+02,1.278960000000000008e+02
1.678464178464178502e-02,1.250000000000000000e+02,1.278840000000000003e+02
1.721364221364221278e-02,1.250000000000000000e+02,1.278700000000000045e+02
1.774989274989275181e-02,1.250000000000000000e+02,1.278820000000000050e+02
1.817889317889317957e-02,1.250000000000000000e+02,1.279209999999999923e+02
1.866151866151866123e-02,1.250000000000000000e+02,1.279320000000000022e+02
1.909051909051908899e-02,1.250000000000000000e+02,1.279320000000000022e+02
1.957314457314457412e-02,1.250000000000000000e+02,1.279339999999999975e+02
2.005577005577005578e-02,1.250000000000000000e+02,1.279459999999999980e+02
2.053839553839553744e-02,1.250000000000000000e+02,1.279350000000000023e+02
2.102102102102102257e-02,1.250000000000000000e+02,1.279099999999999966e+02
2.145002145002145033e-02,1.250000000000000000e+02,1.278730000000000047e+02
2.187902187902187809e-02,1.250000000000000000e+02,1.278719999999999999e+02
2.241527241527241365e-02,1.250000000000000000e+02,1.278700000000000045e+02
2.284427284427284488e-02,1.250000000000000000e+02,1.278449999999999989e+02
2.332689832689832654e-02,1.250000000000000000e+02,1.278319999999999936e+02
2.380952380952381167e-02,1.250000000000000000e+02,1.278419999999999987e+02
2.423852423852423943e-02,1.250000000000000000e+02,1.278670000000000044e+02
2.472114972114972109e-02,1.250000000000000000e+02,1.279030000000000058e+02
2.520377520377520275e-02,1.250000000000000000e+02,1.279039999999999964e+02
2.563277563277563051e-02,1.250000000000000000e+02,1.278910000000000053e+02
2.611540111540111564e-02,1.250000000000000000e+02,1.279180000000000064e+02
2.659802659802659730e-02,1.250000000000000000e+02,1.279300000000000068e+02
2.702702702702702853e-02,1.250000000000000000e+02,1.279440000000000026e+02
2.750965250965251019e-02,1.250000000000000000e+02,1.279560000000000031e+02
2.799227799227799532e-02,1.250000000000000000e+02,1.279669999999999987e+02
2.847490347490347698e-02,1.250000000000000000e+02,1.279689999999999941e+02
2.890390390390390474e-02,1.250000000000000000e+02,1.279440000000000026e+02
2.938652938652938987e-02,1.250000000000000000e+02,1.279329999999999927e+02
2.981552981552981763e-02,1.250000000000000000e+02,1.279180000000000064e+02
3.029815529815529582e-02,1.250000000000000000e+02,1.279060000000000059e+02
3.083440583440583138e-02,1.250000000000000000e+02,1.278820000000000050e+02
3.126340626340626261e-02,1.250000000000000000e+02,1.278810000000000002e+02
3.169240669240669384e-02,1.250000000000000000e+02,1.278799999999999955e+02
3.217503217503217550e-02,1.250000000000000000e+02,1.278829999999999956e+02
3.265765765765765716e-02,1.250000000000000000e+02,1.279050000000000011e+02
3.308665808665808838e-02,1.250000000000000000e+02,1.279080000000000013e+02
3.356928356928357005e-02,1.250000000000000000e+02,1.279309999999999974e+02
3.405190905190905171e-02,1.250000000000000000e+02,1.279549999999999983e+02
3.453453453453453337e-02,1.250000000000000000e+02,1.279449999999999932e+02
3.496353496353496459e-02,1.250000000000000000e+02,1.279320000000000022e+02
3.544616044616044626e-02,1.250000000000000000e+02,1.279069999999999965e+02
3.592878592878593486e-02,1.250000000000000000e+02,1.279090000000000060e+02
3.635778635778635914e-02,1.250000000000000000e+02,1.279329999999999927e+02
3.684041184041184080e-02,1.250000000000000000e+02,1.279329999999999927e+02
3.726941226941226509e-02,1.250000000000000000e+02,1.279309999999999974e+02
3.780566280566280413e-02,1.250000000000000000e+02,1.279050000000000011e+02
3.823466323466323535e-02,1.250000000000000000e+02,1.278790000000000049e+02
3.866366366366365964e-02,1.250000000000000000e+02,1.279020000000000010e+02
3.914628914628914824e-02,1.250000000000000000e+02,1.278900000000000006e+02
3.962891462891462990e-02,1.250000000000000000e+02,1.278780000000000001e+02
4.005791505791506113e-02,1.250000000000000000e+02,1.278910000000000053e+02
4.059416559416559322e-02,1.250000000000000000e+02,1.279300000000000068e+02
4.102316602316602445e-02,1.250000000000000000e+02,1.279560000000000031e+02
4.150579150579150611e-02,1.250000000000000000e+02,1.279579999999999984e+02
4.193479193479193734e-02,1.250000000000000000e+02,1.279569999999999936e+02
4.241741741741741900e-02,1.250000000000000000e+02,1.279569999999999936e+02
4.290004290004290066e-02,1.250000000000000000e+02,1.279710000000000036e+02
4.338266838266838926e-02,1.250000000000000000e+02,1.279449999999999932e+02
4.381166881166880661e-02,1.250000000000000000e+02,1.279189999999999969e+02
4.429429429429429521e-02,1.250000000000000000e+02,1.278930000000000007e+02
4.477691977691977687e-02,1.250000000000000000e+02,1.278689999999999998e+02
4.525954525954525853e-02,1.250000000000000000e+02,1.278559999999999945e+02
4.568854568854568976e-02,1.250000000000000000e+02,1.278539999999999992e+02
4.617117117117117142e-02,1.250000000000000000e+02,1.278539999999999992e+02
4.665379665379665308e-02,1.250000000000000000e+02,1.278790000000000049e+02
4.708279708279708431e-02,1.250000000000000000e+02,1.279180000000000064e+02
4.756542256542256597e-02,1.250000000000000000e+02,1.279329999999999927e+02
4.804804804804804763e-02,1.250000000000000000e+02,1.279569999999999936e+02
4.847704847704847886e-02,1.250000000000000000e+02,1.279830000000000041e+02
4.895967395967396052e-02,1.250000000000000000e+02,1.279849999999999994e+02
4.965679965679965779e-02,1.250000000000000000e+02,1.279860000000000042e+02
5.008580008580008902e-02,1.250000000000000000e+02,1.279959999999999951e+02
5.083655083655083673e-02,1.250000000000000000e+02,1.279969999999999999e+02
5.153367653367653400e-02,1.250000000000000000e+02,1.279819999999999993e+02
5.223080223080223128e-02,1.250000000000000000e+02,1.279950000000000045e+02
5.298155298155297899e-02,1.250000000000000000e+02,1.279819999999999993e+02
5.341055341055341021e-02,1.250000000000000000e+02,1.279689999999999941e+02
5.432217932217931616e-02,1.250000000000000000e+02,1.279699999999999989e+02
5.501930501930502038e-02,1.250000000000000000e+02,1.280080000000000098e+02
5.571643071643071071e-02,1.250000000000000000e+02,1.280329999999999870e+02
5.646718146718146536e-02,1.250000000000000000e+02,1.280349999999999966e+02
5.711068211068210526e-02,1.250000000000000000e+02,1.280210000000000150e+02
5.780780780780780947e-02,1.250000000000000000e+02,1.279950000000000045e+02
5.861218361218361456e-02,1.250000000000000000e+02,1.279590000000000032e+02
5.925568425568425446e-02,1.250000000000000000e+02,1.279209999999999923e+02
5.989918489918490130e-02,1.250000000000000000e+02,1.279699999999999989e+02
6.038181038181037602e-02,1.250000000000000000e+02,1.279980000000000047e+02
6.113256113256113067e-02,1.250000000000000000e+02,1.280090000000000146e+02
6.182968682968683488e-02,1.250000000000000000e+02,1.280120000000000005e+02
6.258043758043758953e-02,1.250000000000000000e+02,1.280349999999999966e+02
6.322393822393822249e-02,1.250000000000000000e+02,1.279980000000000047e+02
6.408193908193908495e-02,1.250000000000000000e+02,1.280000000000000000e+02
6.515444015444016301e-02,1.250000000000000000e+02,1.280109999999999957e+02
6.611969111969112634e-02,1.250000000000000000e+02,1.279740000000000038e+02
6.670956670956670886e-02,1.250000000000000000e+02,1.279729999999999990e+02
6.762119262119262175e-02,1.250000000000000000e+02,1.279489999999999981e+02
6.831831831831831903e-02,1.250000000000000000e+02,1.279500000000000028e+02
6.928356928356928235e-02,1.250000000000000000e+02,1.279620000000000033e+02
7.019519519519519524e-02,1.250000000000000000e+02,1.279629999999999939e+02
7.110682110682110812e-02,1.250000000000000000e+02,1.280130000000000052e+02
7.180394680394680540e-02,1.250000000000000000e+02,1.279879999999999995e+02
7.271557271557271829e-02,1.250000000000000000e+02,1.279620000000000033e+02
7.351994851994851643e-02,1.250000000000000000e+02,1.279600000000000080e+02
7.410982410982409896e-02,1.250000000000000000e+02,1.279600000000000080e+02
7.486057486057486055e-02,1.250000000000000000e+02,1.279729999999999990e+02
7.566495066495067257e-02,1.250000000000000000e+02,1.279860000000000042e+02
7.630845130845130553e-02,1.250000000000000000e+02,1.279869999999999948e+02
7.716645216645216798e-02,1.250000000000000000e+02,1.279899999999999949e+02
7.786357786357786526e-02,1.250000000000000000e+02,1.279389999999999930e+02
7.856070356070356253e-02,1.250000000000000000e+02,1.279620000000000033e+02
7.936507936507936067e-02,1.250000000000000000e+02,1.279879999999999995e+02
8.000858000858000751e-02,1.250000000000000000e+02,1.280130000000000052e+02
8.070570570570570479e-02,1.250000000000000000e+02,1.280229999999999961e+02
8.140283140283140206e-02,1.250000000000000000e+02,1.279989999999999952e+02
8.231445731445731495e-02,1.250000000000000000e+02,1.279620000000000033e+02
8.301158301158301223e-02,1.250000000000000000e+02,1.279869999999999948e+02
8.370870870870870950e-02,1.250000000000000000e+02,1.280000000000000000e+02
8.440583440583440678e-02,1.250000000000000000e+02,1.280149999999999864e+02
8.510296010296010405e-02,1.250000000000000000e+02,1.280140000000000100e+02
8.612183612183613168e-02,1.250000000000000000e+02,1.279869999999999948e+02
8.681896181896181508e-02,1.250000000000000000e+02,1.279879999999999995e+02
8.746246246246246192e-02,1.250000000000000000e+02,1.279749999999999943e+02
8.789146289146289315e-02,1.250000000000000000e+02,1.279740000000000038e+02
8.837408837408837481e-02,1.250000000000000000e+02,1.279740000000000038e+02
8.907121407121407208e-02,1.250000000000000000e+02,1.279860000000000042e+02
8.950021450021450331e-02,1.250000000000000000e+02,1.280000000000000000e+02
9.025096525096525102e-02,1.250000000000000000e+02,1.280120000000000005e+02
9.067996567996568225e-02,1.250000000000000000e+02,1.279629999999999939e+02
9.143071643071642995e-02,1.250000000000000000e+02,1.279389999999999930e+02
9.185971685971686118e-02,1.250000000000000000e+02,1.279389999999999930e+02
9.234234234234234284e-02,1.250000000000000000e+02,1.279129999999999967e+02
9.282496782496782450e-02,1.250000000000000000e+02,1.279240000000000066e+02
9.325396825396825573e-02,1.250000000000000000e+02,1.279500000000000028e+02
9.373659373659373739e-02,1.250000000000000000e+02,1.279729999999999990e+02
9.416559416559416862e-02,1.250000000000000000e+02,1.280130000000000052e+02
9.464821964821965028e-02,1.250000000000000000e+02,1.279879999999999995e+02
9.513084513084513194e-02,1.250000000000000000e+02,1.279749999999999943e+02
9.561347061347061360e-02,1.250000000000000000e+02,1.279740000000000038e+02
9.609609609609609526e-02,1.250000000000000000e+02,1.279740000000000038e+02
9.652509652509652649e-02,1.250000000000000000e+02,1.279719999999999942e+02
9.722222222222222376e-02,1.250000000000000000e+02,1.279719999999999942e+02
9.770484770484770543e-02,1.250000000000000000e+02,1.279740000000000038e+02
9.840197340197340270e-02,1.250000000000000000e+02,1.280109999999999957e+02
9.888459888459888436e-02,1.250000000000000000e+02,1.280610000000000070e+02
9.931359931359931559e-02,1.250000000000000000e+02,1.280620000000000118e+02
9.979622479622479725e-02,1.250000000000000000e+02,1.280749999999999886e+02
1.002252252252252285e-01,1.250000000000000000e+02,1.280490000000000066e+02
1.009759759759759762e-01,1.250000000000000000e+02,1.280109999999999957e+02
1.014049764049764074e-01,1.250000000000000000e+02,1.279240000000000066e+02
1.018876018876018891e-01,1.250000000000000000e+02,1.278880000000000052e+02
1.023702273702273707e-01,1.250000000000000000e+02,1.278880000000000052e+02
1.030673530673530680e-01,1.250000000000000000e+02,1.279110000000000014e+02
1.035499785499785497e-01,1.250000000000000000e+02,1.279120000000000061e+02
1.039789789789789809e-01,1.250000000000000000e+02,1.279129999999999967e+02
1.044616044616044626e-01,1.250000000000000000e+02,1.279240000000000066e+02
1.048906048906048938e-01,1.250000000000000000e+02,1.279269999999999925e+02
1.055877305877305911e-01,1.250000000000000000e+02,1.279140000000000015e+02
1.060703560703560727e-01,1.250000000000000000e+02,1.278760000000000048e+02
1.065529815529815544e-01,1.250000000000000000e+02,1.279140000000000015e+02
1.072501072501072517e-01,1.250000000000000000e+02,1.279030000000000058e+02
1.077327327327327333e-01,1.250000000000000000e+02,1.279410000000000025e+02
1.082153582153582011e-01,1.250000000000000000e+02,1.279530000000000030e+02
1.086443586443586323e-01,1.250000000000000000e+02,1.279440000000000026e+02
1.091269841269841417e-01,1.250000000000000000e+02,1.279540000000000077e+02
1.096096096096096095e-01,1.250000000000000000e+02,1.279530000000000030e+02
1.100386100386100408e-01,1.250000000000000000e+02,1.279519999999999982e+02
1.105212355212355224e-01,1.250000000000000000e+02,1.279650000000000034e+02
1.110038610038609902e-01,1.250000000000000000e+02,1.279410000000000025e+02
1.114328614328614214e-01,1.250000000000000000e+02,1.279410000000000025e+02
1.119154869154869308e-01,1.250000000000000000e+02,1.279519999999999982e+02
1.123981123981123986e-01,1.250000000000000000e+02,1.279420000000000073e+02
1.128807378807378803e-01,1.250000000000000000e+02,1.279540000000000077e+02
1.133097383097383115e-01,1.250000000000000000e+02,1.279680000000000035e+02
1.137923637923637932e-01,1.250000000000000000e+02,1.279939999999999998e+02
1.142213642213642105e-01,1.250000000000000000e+02,1.279939999999999998e+02
1.147576147576147704e-01,1.250000000000000000e+02,1.279950000000000045e+02
1.151866151866152016e-01,1.250000000000000000e+02,1.279800000000000040e+02
1.156692406692406694e-01,1.250000000000000000e+02,1.279560000000000031e+02
1.163663663663663667e-01,1.250000000000000000e+02,1.279689999999999941e+02
1.167953667953667979e-01,1.250000000000000000e+02,1.279540000000000077e+02
1.172779922779922657e-01,1.250000000000000000e+02,1.279680000000000035e+02
1.179751179751179907e-01,1.250000000000000000e+02,1.279659999999999940e+02
1.184577434577434585e-01,1.250000000000000000e+02,1.279920000000000044e+02
1.192084942084942062e-01,1.250000000000000000e+02,1.280049999999999955e+02
1.196374946374946374e-01,1.250000000000000000e+02,1.279950000000000045e+02
1.203346203346203486e-01,1.250000000000000000e+02,1.279950000000000045e+02
1.207636207636207520e-01,1.250000000000000000e+02,1.279959999999999951e+02
1.214607464607464632e-01,1.250000000000000000e+02,1.279689999999999941e+02
1.219433719433719449e-01,1.250000000000000000e+02,1.279440000000000026e+02
1.224259974259974265e-01,1.250000000000000000e+02,1.279569999999999936e+02
1.228549978549978577e-01,1.250000000000000000e+02,1.279809999999999945e+02
1.236057486057486193e-01,1.250000000000000000e+02,1.279689999999999941e+02
1.240347490347490506e-01,1.250000000000000000e+02,1.279569999999999936e+02
1.245173745173745183e-01,1.250000000000000000e+02,1.279800000000000040e+02
1.250000000000000000e-01,1.250000000000000000e+02,1.279680000000000035e+02
1.256971256971256834e-01,1.250000000000000000e+02,1.279429999999999978e+02
1.261797511797511928e-01,1.250000000000000000e+02,1.279180000000000064e+02
1.268768768768768762e-01,1.250000000000000000e+02,1.279180000000000064e+02
1.273058773058773074e-01,1.250000000000000000e+02,1.279440000000000026e+02
1.280030030030030186e-01,1.250000000000000000e+02,1.279429999999999978e+02
1.284856284856284725e-01,1.250000000000000000e+02,1.279809999999999945e+02
1.291827541827541836e-01,1.250000000000000000e+02,1.279939999999999998e+02
1.296653796653796653e-01,1.250000000000000000e+02,1.279939999999999998e+02
1.300943800943800965e-01,1.250000000000000000e+02,1.279699999999999989e+02
1.307915057915058077e-01,1.250000000000000000e+02,1.279440000000000026e+02
1.312741312741312616e-01,1.250000000000000000e+02,1.279440000000000026e+02
1.317567567567567433e-01,1.250000000000000000e+02,1.279200000000000017e+02
1.322393822393822527e-01,1.250000000000000000e+02,1.279129999999999967e+02
1.326683826683826839e-01,1.250000000000000000e+02,1.279020000000000010e+02
1.330973830973831151e-01,1.250000000000000000e+02,1.279140000000000015e+02
1.336336336336336472e-01,1.250000000000000000e+02,1.279230000000000018e+02
1.340626340626340784e-01,1.250000000000000000e+02,1.279269999999999925e+02
1.347597597597597618e-01,1.250000000000000000e+02,1.279369999999999976e+02
1.352423852423852435e-01,1.250000000000000000e+02,1.279560000000000031e+02
1.357250107250107252e-01,1.250000000000000000e+02,1.279470000000000027e+02
1.362076362076362068e-01,1.250000000000000000e+02,1.279339999999999975e+02
1.366366366366366381e-01,1.250000000000000000e+02,1.279350000000000023e+02
1.373337623337623215e-01,1.250000000000000000e+02,1.279309999999999974e+02
1.377627627627627527e-01,1.250000000000000000e+02,1.279309999999999974e+02
1.382990132990133125e-01,1.250000000000000000e+02,1.279290000000000020e+02
1.389425139425139455e-01,1.250000000000000000e+02,1.279300000000000068e+02
1.394251394251394272e-01,1.250000000000000000e+02,1.279420000000000073e+02
1.399077649077649088e-01,1.250000000000000000e+02,1.279290000000000020e+02
1.406048906048905922e-01,1.250000000000000000e+02,1.278659999999999997e+02
1.410875160875160739e-01,1.250000000000000000e+02,1.279050000000000011e+02
1.415165165165165051e-01,1.250000000000000000e+02,1.278919999999999959e+02
1.419991419991420145e-01,1.250000000000000000e+02,1.279309999999999974e+02
1.424817674817674962e-01,1.250000000000000000e+02,1.279320000000000022e+02
1.429107679107679274e-01,1.250000000000000000e+02,1.279320000000000022e+02
1.433933933933933813e-01,1.250000000000000000e+02,1.279449999999999932e+02
1.440905190905190925e-01,1.250000000000000000e+02,1.279590000000000032e+02
1.445731445731445741e-01,1.250000000000000000e+02,1.279230000000000018e+02
1.450557700557700558e-01,1.250000000000000000e+02,1.279459999999999980e+02
1.454847704847704870e-01,1.250000000000000000e+02,1.279099999999999966e+02
1.461818961818961704e-01,1.250000000000000000e+02,1.278739999999999952e+02
1.466645216645216521e-01,1.250000000000000000e+02,1.278739999999999952e+02
1.471471471471471615e-01,1.250000000000000000e+02,1.278659999999999997e+02
1.475761475761475650e-01,1.250000000000000000e+02,1.278739999999999952e+02
1.482732732732732761e-01,1.250000000000000000e+02,1.279180000000000064e+02
1.488095238095238082e-01,1.250000000000000000e+02,1.279830000000000041e+02
1.492385242385242394e-01,1.250000000000000000e+02,1.280060000000000002e+02
1.499356499356499228e-01,1.250000000000000000e+02,1.280060000000000002e+02
1.503646503646503541e-01,1.250000000000000000e+02,1.280049999999999955e+02
1.510617760617760652e-01,1.250000000000000000e+02,1.279939999999999998e+02
1.518125268125267990e-01,1.250000000000000000e+02,1.279420000000000073e+02
1.522415272415272303e-01,1.250000000000000000e+02,1.279170000000000016e+02
1.529386529386529414e-01,1.250000000000000000e+02,1.278799999999999955e+02
1.534212784212784231e-01,1.250000000000000000e+02,1.278439999999999941e+02
1.538502788502788543e-01,1.250000000000000000e+02,1.278419999999999987e+02
1.545474045474045655e-01,1.250000000000000000e+02,1.278310000000000031e+02
1.550300300300300194e-01,1.250000000000000000e+02,1.278460000000000036e+02
1.555126555126555010e-01,1.250000000000000000e+02,1.278580000000000041e+02
1.562097812097812122e-01,1.250000000000000000e+02,1.278689999999999998e+02
1.566924066924066938e-01,1.250000000000000000e+02,1.278559999999999945e+02
1.571750321750321755e-01,1.250000000000000000e+02,1.278460000000000036e+02
1.576576576576576572e-01,1.250000000000000000e+02,1.278719999999999999e+02
1.580866580866580884e-01,1.250000000000000000e+02,1.278960000000000008e+02
1.585692835692835700e-01,1.250000000000000000e+02,1.278829999999999956e+02
1.592127842127842030e-01,1.250000000000000000e+02,1.278949999999999960e+02
1.596954096954097124e-01,1.250000000000000000e+02,1.278700000000000045e+02
1.603925353925353958e-01,1.250000000000000000e+02,1.278700000000000045e+02
1.608751608751608775e-01,1.250000000000000000e+02,1.278239999999999981e+02
1.615722865722865609e-01,1.250000000000000000e+02,1.278340000000000032e+02
1.623230373230373225e-01,1.250000000000000000e+02,1.278589999999999947e+02
1.627520377520377537e-01,1.250000000000000000e+02,1.278460000000000036e+02
1.634491634491634648e-01,1.250000000000000000e+02,1.278580000000000041e+02
1.639317889317889188e-01,1.250000000000000000e+02,1.278730000000000047e+02
1.646289146289146299e-01,1.250000000000000000e+02,1.278859999999999957e+02
1.651115401115401116e-01,1.250000000000000000e+02,1.278850000000000051e+02
1.655941655941655932e-01,1.250000000000000000e+02,1.278619999999999948e+02
1.660231660231660245e-01,1.250000000000000000e+02,1.278499999999999943e+02
1.667202917202917356e-01,1.250000000000000000e+02,1.278490000000000038e+02
1.672029172029171895e-01,1.250000000000000000e+02,1.278259999999999934e+02
1.676319176319176207e-01,1.250000000000000000e+02,1.278359999999999985e+02
1.683290433290433319e-01,1.250000000000000000e+02,1.277990000000000066e+02
1.688116688116688136e-01,1.250000000000000000e+02,1.278100000000000023e+02
1.695087945087945247e-01,1.250000000000000000e+02,1.278359999999999985e+02
1.699914199914199786e-01,1.250000000000000000e+02,1.278709999999999951e+02
1.704204204204204098e-01,1.250000000000000000e+02,1.278850000000000051e+02
1.711711711711711714e-01,1.250000000000000000e+02,1.278859999999999957e+02
1.716001716001716026e-01,1.250000000000000000e+02,1.278750000000000000e+02
1.720827970827970843e-01,1.250000000000000000e+02,1.278859999999999957e+02
1.725654225654225660e-01,1.250000000000000000e+02,1.278730000000000047e+02
1.729944229944229972e-01,1.250000000000000000e+02,1.278850000000000051e+02
1.734770484770484789e-01,1.250000000000000000e+02,1.278870000000000005e+02
1.739060489060489101e-01,1.250000000000000000e+02,1.278599999999999994e+02
1.746567996567996717e-01,1.250000000000000000e+02,1.278610000000000042e+02
1.751394251394251533e-01,1.250000000000000000e+02,1.278859999999999957e+02
1.755684255684255846e-01,1.250000000000000000e+02,1.278739999999999952e+02
1.760510510510510385e-01,1.250000000000000000e+02,1.278599999999999994e+02
1.767481767481767496e-01,1.250000000000000000e+02,1.278599999999999994e+02
1.772308022308022313e-01,1.250000000000000000e+02,1.278580000000000041e+02
1.777134277134277129e-01,1.250000000000000000e+02,1.278469999999999942e+02
1.781424281424281442e-01,1.250000000000000000e+02,1.278329999999999984e+02
1.788395538395538276e-01,1.250000000000000000e+02,1.278479999999999990e+02
1.793221793221793092e-01,1.250000000000000000e+02,1.278730000000000047e+02
1.800193050193050204e-01,1.250000000000000000e+02,1.278589999999999947e+02
1.805019305019305020e-01,1.250000000000000000e+02,1.278739999999999952e+02
1.811990561990562132e-01,1.250000000000000000e+02,1.278840000000000003e+02
1.816280566280566444e-01,1.250000000000000000e+02,1.278730000000000047e+02
1.821106821106820983e-01,1.250000000000000000e+02,1.278509999999999991e+02
1.825933075933075800e-01,1.250000000000000000e+02,1.278499999999999943e+02
1.832368082368082407e-01,1.250000000000000000e+02,1.278739999999999952e+02
1.837730587730587728e-01,1.250000000000000000e+02,1.278880000000000052e+02
1.842020592020592040e-01,1.250000000000000000e+02,1.278730000000000047e+02
1.846846846846846857e-01,1.250000000000000000e+02,1.278750000000000000e+02
1.853281853281853186e-01,1.250000000000000000e+02,1.278739999999999952e+02
1.858644358644358785e-01,1.250000000000000000e+02,1.278589999999999947e+02
1.862934362934363097e-01,1.250000000000000000e+02,1.278619999999999948e+02
1.869905619905619931e-01,1.250000000000000000e+02,1.278350000000000080e+02
1.874731874731874748e-01,1.250000000000000000e+02,1.278119999999999976e+02
1.879558129558129564e-01,1.250000000000000000e+02,1.278250000000000028e+02
1.883848133848133877e-01,1.250000000000000000e+02,1.278019999999999925e+02
1.890819390819390711e-01,1.250000000000000000e+02,1.278259999999999934e+02
1.895645645645645805e-01,1.250000000000000000e+02,1.278269999999999982e+02
1.902616902616902639e-01,1.250000000000000000e+02,1.278149999999999977e+02
1.907443157443157455e-01,1.250000000000000000e+02,1.278509999999999991e+02
1.911733161733161768e-01,1.250000000000000000e+02,1.278259999999999934e+02
1.918704418704418602e-01,1.250000000000000000e+02,1.278250000000000028e+02
1.925675675675675713e-01,1.250000000000000000e+02,1.278520000000000039e+02
1.930501930501930530e-01,1.250000000000000000e+02,1.278640000000000043e+02
1.937473187473187364e-01,1.250000000000000000e+02,1.278760000000000048e+02
1.942299442299442180e-01,1.250000000000000000e+02,1.278760000000000048e+02
1.946589446589446493e-01,1.250000000000000000e+02,1.279129999999999967e+02
1.954096954096954109e-01,1.250000000000000000e+02,1.279399999999999977e+02
1.958923208923208925e-01,1.250000000000000000e+02,1.279519999999999982e+02
1.963213213213213237e-01,1.250000000000000000e+02,1.279549999999999983e+02
1.970184470184470071e-01,1.250000000000000000e+02,1.279279999999999973e+02
1.975010725010724888e-01,1.250000000000000000e+02,1.279149999999999920e+02
1.979836979836979982e-01,1.250000000000000000e+02,1.279290000000000020e+02
1.984126984126984294e-01,1.250000000000000000e+02,1.279279999999999973e+02
1.991634491634491633e-01,1.250000000000000000e+02,1.279279999999999973e+02
1.995924495924495945e-01,1.250000000000000000e+02,1.279290000000000020e+02
2.000750750750750762e-01,1.250000000000000000e+02,1.279300000000000068e+02
2.007722007722007873e-01,1.250000000000000000e+02,1.279560000000000031e+02
2.012012012012011908e-01,1.250000000000000000e+02,1.279540000000000077e+02
2.016838266838267002e-01,1.250000000000000000e+02,1.279440000000000026e+02
2.024345774345774340e-01,1.250000000000000000e+02,1.279569999999999936e+02
2.028635778635778653e-01,1.250000000000000000e+02,1.279060000000000059e+02
2.032925782925782965e-01,1.250000000000000000e+02,1.278850000000000051e+02
2.040433290433290581e-01,1.250000000000000000e+02,1.278949999999999960e+02
2.045259545259545397e-01,1.250000000000000000e+02,1.279069999999999965e+02
2.049549549549549710e-01,1.250000000000000000e+02,1.279080000000000013e+02
2.056520806520806544e-01,1.250000000000000000e+02,1.279180000000000064e+02
2.061347061347061360e-01,1.250000000000000000e+02,1.279309999999999974e+02
2.068318318318318472e-01,1.250000000000000000e+02,1.279449999999999932e+02
2.073144573144573288e-01,1.250000000000000000e+02,1.278949999999999960e+02
2.077434577434577601e-01,1.250000000000000000e+02,1.279060000000000059e+02
2.084405834405834435e-01,1.250000000000000000e+02,1.279080000000000013e+02
2.089232089232089251e-01,1.250000000000000000e+02,1.278850000000000051e+02
2.096203346203346085e-01,1.250000000000000000e+02,1.278970000000000056e+02
2.101029601029601179e-01,1.250000000000000000e+02,1.279230000000000018e+02
2.105855855855855996e-01,1.250000000000000000e+02,1.279600000000000080e+02
2.112827112827112830e-01,1.250000000000000000e+02,1.279710000000000036e+02
2.117117117117117142e-01,1.250000000000000000e+02,1.279470000000000027e+02
2.121943371943371959e-01,1.250000000000000000e+02,1.279710000000000036e+02
2.128914628914629070e-01,1.250000000000000000e+02,1.279609999999999985e+02
2.133740883740883887e-01,1.250000000000000000e+02,1.279459999999999980e+02
2.140712140712140721e-01,1.250000000000000000e+02,1.279699999999999989e+02
2.145002145002145033e-01,1.250000000000000000e+02,1.279590000000000032e+02
2.149828399828400127e-01,1.250000000000000000e+02,1.279590000000000032e+02
2.156799656799656961e-01,1.250000000000000000e+02,1.279719999999999942e+02
2.161089661089661274e-01,1.250000000000000000e+02,1.279989999999999952e+02
2.168597168597168334e-01,1.250000000000000000e+02,1.280360000000000014e+02
2.173423423423423428e-01,1.250000000000000000e+02,1.280000000000000000e+02
2.179858429858430036e-01,1.250000000000000000e+02,1.280229999999999961e+02
2.184684684684684575e-01,1.250000000000000000e+02,1.280349999999999966e+02
2.191655941655941686e-01,1.250000000000000000e+02,1.280120000000000005e+02
2.196482196482196503e-01,1.250000000000000000e+02,1.280109999999999957e+02
2.203453453453453614e-01,1.250000000000000000e+02,1.279869999999999948e+02
2.208279708279708431e-01,1.250000000000000000e+02,1.279620000000000033e+02
2.215250965250965542e-01,1.250000000000000000e+02,1.279860000000000042e+02
2.219540969540969577e-01,1.250000000000000000e+02,1.279980000000000047e+02
2.226512226512226689e-01,1.250000000000000000e+02,1.280130000000000052e+02
2.231338481338481228e-01,1.250000000000000000e+02,1.279749999999999943e+02
2.238309738309738617e-01,1.250000000000000000e+02,1.279729999999999990e+02
2.243135993135993156e-01,1.250000000000000000e+02,1.279380000000000024e+02
2.250107250107249990e-01,1.250000000000000000e+02,1.279249999999999972e+02
2.254933504933505084e-01,1.250000000000000000e+02,1.279360000000000070e+02
2.259759759759759901e-01,1.250000000000000000e+02,1.279140000000000015e+02
2.266194766194766230e-01,1.250000000000000000e+02,1.279140000000000015e+02
2.271021021021021324e-01,1.250000000000000000e+02,1.279389999999999930e+02
2.277992277992278158e-01,1.250000000000000000e+02,1.279380000000000024e+02
2.282818532818532697e-01,1.250000000000000000e+02,1.279389999999999930e+02
2.287644787644787792e-01,1.250000000000000000e+02,1.279500000000000028e+02
2.294079794079793844e-01,1.250000000000000000e+02,1.279260000000000019e+02
2.299442299442299720e-01,1.250000000000000000e+02,1.279240000000000066e+02
2.305877305877305772e-01,1.250000000000000000e+02,1.279240000000000066e+02
2.310703560703560866e-01,1.250000000000000000e+02,1.279140000000000015e+02
2.318211068211068482e-01,1.250000000000000000e+02,1.279389999999999930e+02
2.322501072501072794e-01,1.250000000000000000e+02,1.279620000000000033e+02
2.329472329472329628e-01,1.250000000000000000e+02,1.279639999999999986e+02
2.334298584298584167e-01,1.250000000000000000e+02,1.280010000000000048e+02
2.340733590733590774e-01,1.250000000000000000e+02,1.280010000000000048e+02
2.345559845559845313e-01,1.250000000000000000e+02,1.280130000000000052e+02
2.352531102531102425e-01,1.250000000000000000e+02,1.279989999999999952e+02
2.357357357357357242e-01,1.250000000000000000e+02,1.279899999999999949e+02
2.364328614328614353e-01,1.250000000000000000e+02,1.280159999999999911e+02
2.369154869154869170e-01,1.250000000000000000e+02,1.280140000000000100e+02
2.376126126126126281e-01,1.250000000000000000e+02,1.280409999999999968e+02
2.380952380952381098e-01,1.250000000000000000e+02,1.280509999999999877e+02
2.387387387387387427e-01,1.250000000000000000e+02,1.280519999999999925e+02
2.392213642213642522e-01,1.250000000000000000e+02,1.280409999999999968e+02
2.399184899184899356e-01,1.250000000000000000e+02,1.280269999999999868e+02
2.404011154011153895e-01,1.250000000000000000e+02,1.280529999999999973e+02
2.410982410982411284e-01,1.250000000000000000e+02,1.280289999999999964e+02
2.417953667953668118e-01,1.250000000000000000e+02,1.280269999999999868e+02
2.422779922779922657e-01,1.250000000000000000e+02,1.280279999999999916e+02
2.429751179751179491e-01,1.250000000000000000e+02,1.280540000000000020e+02
2.434041184041183803e-01,1.250000000000000000e+02,1.281179999999999950e+02
2.441548691548691419e-01,1.250000000000000000e+02,1.281299999999999955e+02
2.445838695838695731e-01,1.250000000000000000e+02,1.281310000000000002e+02
2.453346203346203347e-01,1.250000000000000000e+02,1.281310000000000002e+02
2.457636207636207659e-01,1.250000000000000000e+02,1.280920000000000130e+02
2.464607464607464771e-01,1.250000000000000000e+02,1.280670000000000073e+02
2.471578721578721605e-01,1.250000000000000000e+02,1.280310000000000059e+02
2.475868725868725917e-01,1.250000000000000000e+02,1.280310000000000059e+02
2.483376233376233533e-01,1.250000000000000000e+02,1.280449999999999875e+02
2.487666237666237845e-01,1.250000000000000000e+02,1.280449999999999875e+02
2.494637494637494679e-01,1.250000000000000000e+02,1.280949999999999989e+02
2.499463749463749218e-01,1.250000000000000000e+02,1.281450000000000102e+02
2.506435006435006607e-01,1.250000000000000000e+02,1.281570000000000107e+02
2.511261261261261146e-01,1.250000000000000000e+02,1.281450000000000102e+02
2.518232518232518258e-01,1.250000000000000000e+02,1.281460000000000150e+02
2.522522522522522292e-01,1.250000000000000000e+02,1.281939999999999884e+02
2.530030030030029908e-01,1.250000000000000000e+02,1.281570000000000107e+02
2.534320034320034498e-01,1.250000000000000000e+02,1.281340000000000146e+02
2.541291291291291055e-01,1.250000000000000000e+02,1.281589999999999918e+02
2.546117546117546149e-01,1.250000000000000000e+02,1.281839999999999975e+02
2.553088803088803260e-01,1.250000000000000000e+02,1.281839999999999975e+02
2.560596310596310876e-01,1.250000000000000000e+02,1.281850000000000023e+02
2.564886314886314911e-01,1.250000000000000000e+02,1.281949999999999932e+02
2.571857571857572022e-01,1.250000000000000000e+02,1.281959999999999980e+02
2.576147576147576057e-01,1.250000000000000000e+02,1.281959999999999980e+02
2.583655083655083673e-01,1.250000000000000000e+02,1.282210000000000036e+02
2.590626340626340784e-01,1.250000000000000000e+02,1.282239999999999895e+02
2.597061347061346837e-01,1.250000000000000000e+02,1.281980000000000075e+02
2.602423852423852435e-01,1.250000000000000000e+02,1.282220000000000084e+02
2.608858858858859042e-01,1.250000000000000000e+02,1.281860000000000070e+02
2.613685113685113581e-01,1.250000000000000000e+02,1.281980000000000075e+02
2.620656370656370693e-01,1.250000000000000000e+02,1.282090000000000032e+02
2.625482625482625232e-01,1.250000000000000000e+02,1.282319999999999993e+02
2.632453882453882343e-01,1.250000000000000000e+02,1.281839999999999975e+02
2.636743886743886933e-01,1.250000000000000000e+02,1.281970000000000027e+02
2.644251394251394549e-01,1.250000000000000000e+02,1.281949999999999932e+02
2.649077649077649088e-01,1.250000000000000000e+02,1.281959999999999980e+02
2.655512655512655695e-01,1.250000000000000000e+02,1.281839999999999975e+02
2.660338910338910789e-01,1.250000000000000000e+02,1.281730000000000018e+02
2.667846417846417850e-01,1.250000000000000000e+02,1.281839999999999975e+02
2.672136422136421885e-01,1.250000000000000000e+02,1.281730000000000018e+02
2.679107679107679552e-01,1.250000000000000000e+02,1.281829999999999927e+02
2.683933933933934091e-01,1.250000000000000000e+02,1.281579999999999870e+02
2.690905190905190647e-01,1.250000000000000000e+02,1.281479999999999961e+02
2.695195195195195237e-01,1.250000000000000000e+02,1.281589999999999918e+02
2.702166452166451793e-01,1.250000000000000000e+02,1.281949999999999932e+02
2.709673959673959409e-01,1.250000000000000000e+02,1.282210000000000036e+02
2.714500214500214503e-01,1.250000000000000000e+02,1.282090000000000032e+02
2.721471471471471615e-01,1.250000000000000000e+02,1.282100000000000080e+02
2.725761475761475650e-01,1.250000000000000000e+02,1.282100000000000080e+02
2.732732732732732761e-01,1.250000000000000000e+02,1.282079999999999984e+02
2.737022737022737351e-01,1.250000000000000000e+02,1.281970000000000027e+02
2.744530244530244967e-01,1.250000000000000000e+02,1.281719999999999970e+02
2.749356499356499506e-01,1.250000000000000000e+02,1.281699999999999875e+02
2.756327756327756062e-01,1.250000000000000000e+02,1.281719999999999970e+02
2.760617760617760652e-01,1.250000000000000000e+02,1.281850000000000023e+02
2.767589017589017208e-01,1.250000000000000000e+02,1.281970000000000027e+02
2.774560274560274875e-01,1.250000000000000000e+02,1.281980000000000075e+02
2.779386529386529414e-01,1.250000000000000000e+02,1.282210000000000036e+02
2.786357786357786526e-01,1.250000000000000000e+02,1.282210000000000036e+02
2.790647790647790560e-01,1.250000000000000000e+02,1.281949999999999932e+02
2.798155298155298176e-01,1.250000000000000000e+02,1.281579999999999870e+02
2.802445302445302211e-01,1.250000000000000000e+02,1.281330000000000098e+02
2.809952809952810382e-01,1.250000000000000000e+02,1.281330000000000098e+02
2.814242814242814417e-01,1.250000000000000000e+02,1.281340000000000146e+02
2.821214071214071528e-01,1.250000000000000000e+02,1.281349999999999909e+02
2.828721578721579144e-01,1.250000000000000000e+02,1.281699999999999875e+02
2.835156585156585196e-01,1.250000000000000000e+02,1.281959999999999980e+02
2.839982839982840290e-01,1.250000000000000000e+02,1.281709999999999923e+02
2.846954096954096847e-01,1.250000000000000000e+02,1.281829999999999927e+02
2.851780351780351386e-01,1.250000000000000000e+02,1.281680000000000064e+02
2.858751608751609052e-01,1.250000000000000000e+02,1.281090000000000089e+02
2.863577863577863591e-01,1.250000000000000000e+02,1.280819999999999936e+02
2.870012870012870199e-01,1.250000000000000000e+02,1.280840000000000032e+02
2.876984126984127310e-01,1.250000000000000000e+02,1.281059999999999945e+02
2.884491634491634371e-01,1.250000000000000000e+02,1.281210000000000093e+02
2.890926640926640978e-01,1.250000000000000000e+02,1.281589999999999918e+02
2.895752895752896072e-01,1.250000000000000000e+02,1.282110000000000127e+02
2.902724152724152629e-01,1.250000000000000000e+02,1.281970000000000027e+02
2.910231660231660245e-01,1.250000000000000000e+02,1.281719999999999970e+02
2.914521664521664279e-01,1.250000000000000000e+02,1.281460000000000150e+02
2.922029172029171895e-01,1.250000000000000000e+02,1.281090000000000089e+02
2.928464178464178502e-01,1.250000000000000000e+02,1.280949999999999989e+02
2.933290433290433041e-01,1.250000000000000000e+02,1.281080000000000041e+02
2.940261690261690153e-01,1.250000000000000000e+02,1.281069999999999993e+02
2.944551694551694188e-01,1.250000000000000000e+02,1.280960000000000036e+02
2.952059202059201803e-01,1.250000000000000000e+02,1.281440000000000055e+02
2.956349206349206393e-01,1.250000000000000000e+02,1.281550000000000011e+02
2.963320463320463505e-01,1.250000000000000000e+02,1.281310000000000002e+02
2.968682968682968548e-01,1.250000000000000000e+02,1.280829999999999984e+02
2.975654225654225660e-01,1.250000000000000000e+02,1.280829999999999984e+02
2.979944229944230250e-01,1.250000000000000000e+02,1.280550000000000068e+02
2.986915486915487361e-01,1.250000000000000000e+02,1.280449999999999875e+02
2.993886743886743917e-01,1.250000000000000000e+02,1.280589999999999975e+02
2.998712998712998457e-01,1.250000000000000000e+02,1.280819999999999936e+02
3.005684255684256123e-01,1.250000000000000000e+02,1.280960000000000036e+02
3.012655512655512680e-01,1.250000000000000000e+02,1.281320000000000050e+02
3.019626769626769791e-01,1.250000000000000000e+02,1.281570000000000107e+02
3.026598026598026903e-01,1.250000000000000000e+02,1.280819999999999936e+02
3.031424281424281442e-01,1.250000000000000000e+02,1.280689999999999884e+02
3.037859287859288049e-01,1.250000000000000000e+02,1.280809999999999889e+02
3.044830544830544605e-01,1.250000000000000000e+02,1.280579999999999927e+02
3.050193050193050204e-01,1.250000000000000000e+02,1.280449999999999875e+02
3.057164307164306760e-01,1.250000000000000000e+02,1.280349999999999966e+02
3.061454311454311350e-01,1.250000000000000000e+02,1.280490000000000066e+02
3.068425568425568462e-01,1.250000000000000000e+02,1.280490000000000066e+02
3.075933075933076077e-01,1.250000000000000000e+02,1.280629999999999882e+02
3.082904332904332634e-01,1.250000000000000000e+02,1.280620000000000118e+02
3.089339339339339241e-01,1.250000000000000000e+02,1.280610000000000070e+02
3.096846846846846857e-01,1.250000000000000000e+02,1.280589999999999975e+02
3.103281853281853464e-01,1.250000000000000000e+02,1.281229999999999905e+02
3.108108108108108558e-01,1.250000000000000000e+02,1.280980000000000132e+02
3.115079365079365115e-01,1.250000000000000000e+02,1.280850000000000080e+02
3.119369369369369704e-01,1.250000000000000000e+02,1.280740000000000123e+02
3.126876876876877320e-01,1.250000000000000000e+02,1.280740000000000123e+02
3.133848133848133877e-01,1.250000000000000000e+02,1.280490000000000066e+02
3.140283140283140484e-01,1.250000000000000000e+02,1.280699999999999932e+02
3.145645645645645527e-01,1.250000000000000000e+02,1.281059999999999945e+02
3.152616902616902639e-01,1.250000000000000000e+02,1.280800000000000125e+02
3.156906906906906674e-01,1.250000000000000000e+02,1.280430000000000064e+02
3.163878163878164340e-01,1.250000000000000000e+02,1.280660000000000025e+02
3.171385671385671401e-01,1.250000000000000000e+02,1.281020000000000039e+02
3.177820677820678008e-01,1.250000000000000000e+02,1.280670000000000073e+02
3.182646932646932547e-01,1.250000000000000000e+02,1.280800000000000125e+02
3.189618189618189659e-01,1.250000000000000000e+02,1.281039999999999850e+02
3.196589446589446770e-01,1.250000000000000000e+02,1.280809999999999889e+02
3.203560703560703882e-01,1.250000000000000000e+02,1.280790000000000077e+02
3.210531960531960438e-01,1.250000000000000000e+02,1.281279999999999859e+02
3.217503217503217550e-01,1.250000000000000000e+02,1.280769999999999982e+02
3.222329472329472644e-01,1.250000000000000000e+02,1.280550000000000068e+02
3.229300729300729200e-01,1.250000000000000000e+02,1.280780000000000030e+02
3.236271986271986312e-01,1.250000000000000000e+02,1.280670000000000073e+02
3.243243243243243423e-01,1.250000000000000000e+02,1.280440000000000111e+02
3.250214500214499980e-01,1.250000000000000000e+02,1.280670000000000073e+02
3.257185757185757091e-01,1.250000000000000000e+02,1.280540000000000020e+02
3.264693264693264707e-01,1.250000000000000000e+02,1.280159999999999911e+02
3.271664521664521819e-01,1.250000000000000000e+02,1.280660000000000025e+02
3.278099528099528426e-01,1.250000000000000000e+02,1.280790000000000077e+02
3.285070785070785537e-01,1.250000000000000000e+02,1.280790000000000077e+02
3.292042042042042094e-01,1.250000000000000000e+02,1.281039999999999850e+02
3.296868296868296633e-01,1.250000000000000000e+02,1.281299999999999955e+02
3.303839553839553744e-01,1.250000000000000000e+02,1.281059999999999945e+02
3.310810810810810856e-01,1.250000000000000000e+02,1.280939999999999941e+02
3.318318318318318472e-01,1.250000000000000000e+02,1.280809999999999889e+02
3.325289575289575028e-01,1.250000000000000000e+02,1.280699999999999932e+02
3.332260832260832695e-01,1.250000000000000000e+02,1.280440000000000111e+02
3.338695838695838747e-01,1.250000000000000000e+02,1.280560000000000116e+02
3.346203346203346363e-01,1.250000000000000000e+02,1.280430000000000064e+02
3.353174603174603474e-01,1.250000000000000000e+02,1.280420000000000016e+02
3.359609609609609526e-01,1.250000000000000000e+02,1.280680000000000121e+02
3.367117117117117142e-01,1.250000000000000000e+02,1.280680000000000121e+02
3.374088374088374254e-01,1.250000000000000000e+02,1.280339999999999918e+02
3.381059631059630810e-01,1.250000000000000000e+02,1.280819999999999936e+02
3.388030888030887922e-01,1.250000000000000000e+02,1.280579999999999927e+02
3.395002145002145033e-01,1.250000000000000000e+02,1.280440000000000111e+02
3.401973401973402145e-01,1.250000000000000000e+02,1.280689999999999884e+02
3.408944658944659256e-01,1.250000000000000000e+02,1.280699999999999932e+02
3.413234663234663291e-01,1.250000000000000000e+02,1.280449999999999875e+02
3.420742170742170352e-01,1.250000000000000000e+02,1.280569999999999879e+02
3.427713427713428018e-01,1.250000000000000000e+02,1.280459999999999923e+02
3.434684684684685130e-01,1.250000000000000000e+02,1.280329999999999870e+02
3.441655941655941686e-01,1.250000000000000000e+02,1.280210000000000150e+02
3.446482196482196225e-01,1.250000000000000000e+02,1.280200000000000102e+02
3.453453453453453892e-01,1.250000000000000000e+02,1.280070000000000050e+02
3.460424710424710448e-01,1.250000000000000000e+02,1.279969999999999999e+02
3.466859716859717055e-01,1.250000000000000000e+02,1.280320000000000107e+02
3.474367224367224671e-01,1.250000000000000000e+02,1.280200000000000102e+02
3.481338481338481228e-01,1.250000000000000000e+02,1.279969999999999999e+02
3.488309738309738339e-01,1.250000000000000000e+02,1.280589999999999975e+02
3.495280995280995451e-01,1.250000000000000000e+02,1.280569999999999879e+02
3.502252252252252007e-01,1.250000000000000000e+02,1.279980000000000047e+02
3.509223509223509119e-01,1.250000000000000000e+02,1.280090000000000146e+02
3.516194766194766230e-01,1.250000000000000000e+02,1.280070000000000050e+02
3.523166023166023342e-01,1.250000000000000000e+02,1.280060000000000002e+02
3.530137280137280453e-01,1.250000000000000000e+02,1.280060000000000002e+02
3.537108537108537010e-01,1.250000000000000000e+02,1.280060000000000002e+02
3.544079794079794121e-01,1.250000000000000000e+02,1.279569999999999936e+02
3.551587301587301737e-01,1.250000000000000000e+02,1.279449999999999932e+02
3.558558558558558849e-01,1.250000000000000000e+02,1.279579999999999984e+02
3.564993564993564901e-01,1.250000000000000000e+02,1.279329999999999927e+02
3.571964821964822012e-01,1.250000000000000000e+02,1.279350000000000023e+02
3.578936078936079124e-01,1.250000000000000000e+02,1.279489999999999981e+02
3.585907335907336235e-01,1.250000000000000000e+02,1.279249999999999972e+02
3.592878592878592792e-01,1.250000000000000000e+02,1.279230000000000018e+02
3.599849849849849903e-01,1.250000000000000000e+02,1.279600000000000080e+02
3.607357357357357519e-01,1.250000000000000000e+02,1.279459999999999980e+02
3.614328614328614631e-01,1.250000000000000000e+02,1.279219999999999970e+02
3.621299871299871187e-01,1.250000000000000000e+02,1.279590000000000032e+02
3.628271128271128299e-01,1.250000000000000000e+02,1.279480000000000075e+02
3.635242385242385410e-01,1.250000000000000000e+02,1.279470000000000027e+02
3.642213642213641966e-01,1.250000000000000000e+02,1.279470000000000027e+02
3.649184899184899078e-01,1.250000000000000000e+02,1.279480000000000075e+02
3.656156156156156189e-01,1.250000000000000000e+02,1.279249999999999972e+02
3.663127413127413301e-01,1.250000000000000000e+02,1.279609999999999985e+02
3.670098670098670413e-01,1.250000000000000000e+02,1.279480000000000075e+02
3.677069927069926969e-01,1.250000000000000000e+02,1.279600000000000080e+02
3.684577434577435140e-01,1.250000000000000000e+02,1.279369999999999976e+02
3.691012441012441192e-01,1.250000000000000000e+02,1.279500000000000028e+02
3.697983697983697748e-01,1.250000000000000000e+02,1.279360000000000070e+02
3.704954954954954860e-01,1.250000000000000000e+02,1.279360000000000070e+02
3.711926211926211971e-01,1.250000000000000000e+02,1.279249999999999972e+02
3.718897468897468528e-01,1.250000000000000000e+02,1.279020000000000010e+02
3.725868725868726195e-01,1.250000000000000000e+02,1.278880000000000052e+02
3.732839982839983306e-01,1.250000000000000000e+02,1.279489999999999981e+02
3.739811239811239862e-01,1.250000000000000000e+02,1.279590000000000032e+02
3.747318747318747478e-01,1.250000000000000000e+02,1.279629999999999939e+02
3.753753753753753530e-01,1.250000000000000000e+02,1.279519999999999982e+02
3.761261261261261701e-01,1.250000000000000000e+02,1.279290000000000020e+02
3.768232518232518258e-01,1.250000000000000000e+02,1.279149999999999920e+02
3.775203775203775369e-01,1.250000000000000000e+02,1.279509999999999934e+02
3.782175032175031926e-01,1.250000000000000000e+02,1.279030000000000058e+02
3.789146289146289037e-01,1.250000000000000000e+02,1.279030000000000058e+02
3.796117546117546149e-01,1.250000000000000000e+02,1.279380000000000024e+02
3.803088803088802705e-01,1.250000000000000000e+02,1.279740000000000038e+02
3.810060060060060372e-01,1.250000000000000000e+02,1.279249999999999972e+02
3.817031317031317483e-01,1.250000000000000000e+02,1.279410000000000025e+02
3.824002574002574040e-01,1.250000000000000000e+02,1.279540000000000077e+02
3.830973830973831151e-01,1.250000000000000000e+02,1.279309999999999974e+02
3.837945087945088263e-01,1.250000000000000000e+02,1.279060000000000059e+02
3.845452595452595879e-01,1.250000000000000000e+02,1.279050000000000011e+02
3.851887601887601931e-01,1.250000000000000000e+02,1.278550000000000040e+02
3.858858858858859042e-01,1.250000000000000000e+02,1.278780000000000001e+02
3.865830115830115599e-01,1.250000000000000000e+02,1.279140000000000015e+02
3.872801372801373265e-01,1.250000000000000000e+02,1.279020000000000010e+02
3.879772629772629822e-01,1.250000000000000000e+02,1.279170000000000016e+02
3.886743886743886933e-01,1.250000000000000000e+02,1.279549999999999983e+02
3.893715143715144045e-01,1.250000000000000000e+02,1.279420000000000073e+02
3.900686400686400601e-01,1.250000000000000000e+02,1.279060000000000059e+02
3.907657657657657713e-01,1.250000000000000000e+02,1.278829999999999956e+02
3.914628914628914824e-01,1.250000000000000000e+02,1.278820000000000050e+02
3.922136422136422440e-01,1.250000000000000000e+02,1.278799999999999955e+02
3.929107679107678996e-01,1.250000000000000000e+02,1.279180000000000064e+02
3.936078936078936108e-01,1.250000000000000000e+02,1.279659999999999940e+02
3.943050193050193220e-01,1.250000000000000000e+02,1.279420000000000073e+02
3.950021450021449776e-01,1.250000000000000000e+02,1.279180000000000064e+02
3.956992706992706887e-01,1.250000000000000000e+02,1.279560000000000031e+02
3.963963963963963999e-01,1.250000000000000000e+02,1.279449999999999932e+02
3.970935220935221110e-01,1.250000000000000000e+02,1.279200000000000017e+02
3.977906477906478222e-01,1.250000000000000000e+02,1.279459999999999980e+02
3.984877734877734778e-01,1.250000000000000000e+02,1.279189999999999969e+02
3.991848991848991890e-01,1.250000000000000000e+02,1.279170000000000016e+02
3.999356499356499506e-01,1.250000000000000000e+02,1.279459999999999980e+02
4.006327756327756617e-01,1.250000000000000000e+02,1.279569999999999936e+02
4.012762762762762669e-01,1.250000000000000000e+02,1.279090000000000060e+02
4.019734019734019781e-01,1.250000000000000000e+02,1.279600000000000080e+02
4.026705276705276892e-01,1.250000000000000000e+02,1.279449999999999932e+02
4.033676533676534004e-01,1.250000000000000000e+02,1.279099999999999966e+02
4.040647790647790560e-01,1.250000000000000000e+02,1.279449999999999932e+02
4.047619047619047672e-01,1.250000000000000000e+02,1.279819999999999993e+02
4.054590304590304783e-01,1.250000000000000000e+02,1.279170000000000016e+02
4.061561561561561340e-01,1.250000000000000000e+02,1.279429999999999978e+02
4.068532818532818451e-01,1.250000000000000000e+02,1.279920000000000044e+02
4.075504075504075563e-01,1.250000000000000000e+02,1.279449999999999932e+02
4.083011583011583179e-01,1.250000000000000000e+02,1.279110000000000014e+02
4.089982839982839735e-01,1.250000000000000000e+02,1.279849999999999994e+02
4.096954096954096847e-01,1.250000000000000000e+02,1.279470000000000027e+02
4.103389103389103454e-01,1.250000000000000000e+02,1.279339999999999975e+02
4.110896610896611070e-01,1.250000000000000000e+02,1.279809999999999945e+02
4.117867867867868181e-01,1.250000000000000000e+02,1.279950000000000045e+02
4.124839124839124738e-01,1.250000000000000000e+02,1.279830000000000041e+02
4.131810381810381849e-01,1.250000000000000000e+02,1.280200000000000102e+02
4.138781638781638961e-01,1.250000000000000000e+02,1.280349999999999966e+02
4.145752895752895517e-01,1.250000000000000000e+02,1.279969999999999999e+02
4.152724152724152629e-01,1.250000000000000000e+02,1.279959999999999951e+02
4.159695409695409740e-01,1.250000000000000000e+02,1.280080000000000098e+02
4.166666666666666297e-01,1.250000000000000000e+02,1.279830000000000041e+02
4.173637923637923963e-01,1.250000000000000000e+02,1.279699999999999989e+02
4.180609180609181075e-01,1.250000000000000000e+02,1.280090000000000146e+02
4.187580437580437631e-01,1.250000000000000000e+02,1.279719999999999942e+02
4.194551694551694743e-01,1.250000000000000000e+02,1.279729999999999990e+02
4.202059202059202359e-01,1.250000000000000000e+02,1.280349999999999966e+02
4.208494208494208411e-01,1.250000000000000000e+02,1.280579999999999927e+02
4.215465465465465522e-01,1.250000000000000000e+02,1.279959999999999951e+02
4.222436722436722079e-01,1.250000000000000000e+02,1.280109999999999957e+02
4.229944229944229694e-01,1.250000000000000000e+02,1.280560000000000116e+02
4.236379236379236857e-01,1.250000000000000000e+02,1.280070000000000050e+02
4.243886743886743917e-01,1.250000000000000000e+02,1.279959999999999951e+02
4.250858000858000474e-01,1.250000000000000000e+02,1.280689999999999884e+02
4.257293007293007636e-01,1.250000000000000000e+02,1.280210000000000150e+02
4.264800514800515252e-01,1.250000000000000000e+02,1.280099999999999909e+02
4.271235521235521304e-01,1.250000000000000000e+02,1.280720000000000027e+02
4.278743028743028920e-01,1.250000000000000000e+02,1.280480000000000018e+02
4.285714285714286031e-01,1.250000000000000000e+02,1.279729999999999990e+02
4.292685542685543143e-01,1.250000000000000000e+02,1.280099999999999909e+02
4.299656799656800255e-01,1.250000000000000000e+02,1.280339999999999918e+02
4.306628056628056811e-01,1.250000000000000000e+02,1.279699999999999989e+02
4.313599313599313922e-01,1.250000000000000000e+02,1.279950000000000045e+02
4.320570570570571034e-01,1.250000000000000000e+02,1.280080000000000098e+02
4.327541827541827590e-01,1.250000000000000000e+02,1.279600000000000080e+02
4.334513084513084702e-01,1.250000000000000000e+02,1.279710000000000036e+02
4.341484341484341813e-01,1.250000000000000000e+02,1.280210000000000150e+02
4.348455598455598370e-01,1.250000000000000000e+02,1.279710000000000036e+02
4.355963105963105431e-01,1.250000000000000000e+02,1.279459999999999980e+02
4.362398112398112593e-01,1.250000000000000000e+02,1.279459999999999980e+02
4.369905619905619654e-01,1.250000000000000000e+02,1.279719999999999942e+02
4.376340626340626261e-01,1.250000000000000000e+02,1.279699999999999989e+02
4.383848133848134432e-01,1.250000000000000000e+02,1.279959999999999951e+02
4.390819390819390988e-01,1.250000000000000000e+02,1.280099999999999909e+02
4.397254397254397040e-01,1.250000000000000000e+02,1.279719999999999942e+02
4.404761904761905211e-01,1.250000000000000000e+02,1.279849999999999994e+02
4.411733161733161768e-01,1.250000000000000000e+02,1.280090000000000146e+02
4.418704418704418879e-01,1.250000000000000000e+02,1.279459999999999980e+02
4.425675675675675991e-01,1.250000000000000000e+02,1.279080000000000013e+02
4.432646932646932547e-01,1.250000000000000000e+02,1.279329999999999927e+02
4.439618189618189659e-01,1.250000000000000000e+02,1.279579999999999984e+02
4.446589446589446770e-01,1.250000000000000000e+02,1.279480000000000075e+02
4.453560703560703327e-01,1.250000000000000000e+02,1.279600000000000080e+02
4.460531960531960438e-01,1.250000000000000000e+02,1.279860000000000042e+02
4.467503217503217550e-01,1.250000000000000000e+02,1.279600000000000080e+02
4.474474474474474106e-01,1.250000000000000000e+02,1.279590000000000032e+02
4.481445731445731218e-01,1.250000000000000000e+02,1.279710000000000036e+02
4.488416988416988329e-01,1.250000000000000000e+02,1.279579999999999984e+02
4.495388245388244886e-01,1.250000000000000000e+02,1.279200000000000017e+02
4.502359502359503107e-01,1.250000000000000000e+02,1.279480000000000075e+02
4.509867009867010168e-01,1.250000000000000000e+02,1.279969999999999999e+02
4.516302016302016775e-01,1.250000000000000000e+02,1.279849999999999994e+02
4.523809523809523836e-01,1.250000000000000000e+02,1.279869999999999948e+02
4.530244530244530443e-01,1.250000000000000000e+02,1.280219999999999914e+02
4.537215787215787555e-01,1.250000000000000000e+02,1.279860000000000042e+02
4.544723294723294615e-01,1.250000000000000000e+02,1.279959999999999951e+02
4.551158301158301223e-01,1.250000000000000000e+02,1.280219999999999914e+02
4.558129558129558334e-01,1.250000000000000000e+02,1.279729999999999990e+02
4.565637065637065395e-01,1.250000000000000000e+02,1.279609999999999985e+02
4.572072072072072002e-01,1.250000000000000000e+02,1.279869999999999948e+02
4.579579579579579063e-01,1.250000000000000000e+02,1.280130000000000052e+02
4.586550836550837285e-01,1.250000000000000000e+02,1.279770000000000039e+02
4.593522093522093841e-01,1.250000000000000000e+02,1.280010000000000048e+02
4.600493350493350952e-01,1.250000000000000000e+02,1.280120000000000005e+02
4.607464607464608064e-01,1.250000000000000000e+02,1.279759999999999991e+02
4.614435864435864620e-01,1.250000000000000000e+02,1.279729999999999990e+02
4.621407121407121732e-01,1.250000000000000000e+02,1.280010000000000048e+02
4.628378378378378843e-01,1.250000000000000000e+02,1.279669999999999987e+02
4.635349635349635400e-01,1.250000000000000000e+02,1.279410000000000025e+02
4.642320892320892511e-01,1.250000000000000000e+02,1.279899999999999949e+02
4.649292149292149068e-01,1.250000000000000000e+02,1.280149999999999864e+02
4.656263406263406179e-01,1.250000000000000000e+02,1.279909999999999997e+02
4.663770913770913240e-01,1.250000000000000000e+02,1.279759999999999991e+02
4.670742170742171462e-01,1.250000000000000000e+02,1.279749999999999943e+02
4.677177177177176959e-01,1.250000000000000000e+02,1.279410000000000025e+02
4.684684684684685130e-01,1.250000000000000000e+02,1.279519999999999982e+02
4.691655941655942241e-01,1.250000000000000000e+02,1.279500000000000028e+02
4.698090948090947738e-01,1.250000000000000000e+02,1.279410000000000025e+02
4.705062205062204850e-01,1.250000000000000000e+02,1.279509999999999934e+02
4.712569712569713021e-01,1.250000000000000000e+02,1.279399999999999977e+02
4.719004719004719628e-01,1.250000000000000000e+02,1.279519999999999982e+02
4.725975975975976184e-01,1.250000000000000000e+02,1.279519999999999982e+02
4.733483483483483800e-01,1.250000000000000000e+02,1.279020000000000010e+02
4.740454740454740357e-01,1.250000000000000000e+02,1.279009999999999962e+02
4.747425997425997468e-01,1.250000000000000000e+02,1.279389999999999930e+02
4.754397254397254025e-01,1.250000000000000000e+02,1.279410000000000025e+02
4.761368511368511136e-01,1.250000000000000000e+02,1.279279999999999973e+02
4.768339768339768248e-01,1.250000000000000000e+02,1.279159999999999968e+02
4.775311025311024804e-01,1.250000000000000000e+02,1.279269999999999925e+02
4.782282282282281916e-01,1.250000000000000000e+02,1.279030000000000058e+02
4.789253539253539027e-01,1.250000000000000000e+02,1.279149999999999920e+02
4.796224796224796694e-01,1.250000000000000000e+02,1.279749999999999943e+02
4.803196053196053805e-01,1.250000000000000000e+02,1.279779999999999944e+02
4.810167310167310362e-01,1.250000000000000000e+02,1.279659999999999940e+02
4.817138567138567473e-01,1.250000000000000000e+02,1.280010000000000048e+02
4.824109824109824585e-01,1.250000000000000000e+02,1.280149999999999864e+02
4.831081081081081141e-01,1.250000000000000000e+02,1.279909999999999997e+02
4.838588588588588757e-01,1.250000000000000000e+02,1.280149999999999864e+02
4.845559845559845313e-01,1.250000000000000000e+02,1.280010000000000048e+02
4.851994851994851921e-01,1.250000000000000000e+02,1.279650000000000034e+02
4.858966108966109032e-01,1.250000000000000000e+02,1.279890000000000043e+02
4.866473616473616093e-01,1.250000000000000000e+02,1.280389999999999873e+02
4.873444873444873204e-01,1.250000000000000000e+02,1.280380000000000109e+02
4.879879879879879812e-01,1.250000000000000000e+02,1.280020000000000095e+02
4.887387387387387983e-01,1.250000000000000000e+02,1.280399999999999920e+02
4.894358644358644539e-01,1.250000000000000000e+02,1.280420000000000016e+02
4.901329901329901650e-01,1.250000000000000000e+02,1.280020000000000095e+02
4.908301158301158762e-01,1.250000000000000000e+02,1.279890000000000043e+02
4.915272415272415318e-01,1.250000000000000000e+02,1.279770000000000039e+02
4.922243672243672430e-01,1.250000000000000000e+02,1.279770000000000039e+02
4.929214929214929541e-01,1.250000000000000000e+02,1.280029999999999859e+02
4.936186186186186098e-01,1.250000000000000000e+02,1.280269999999999868e+02
4.943157443157443209e-01,1.250000000000000000e+02,1.280529999999999973e+02
4.950664950664950270e-01,1.250000000000000000e+02,1.280049999999999955e+02
4.957099957099956877e-01,1.250000000000000000e+02,1.279929999999999950e+02
4.964071214071213989e-01,1.250000000000000000e+02,1.280049999999999955e+02
4.971578721578722160e-01,1.250000000000000000e+02,1.279789999999999992e+02
4.978013728013727657e-01,1.250000000000000000e+02,1.279540000000000077e+02
4.984984984984984768e-01,1.250000000000000000e+02,1.279530000000000030e+02
4.992492492492492939e-01,1.250000000000000000e+02,1.279689999999999941e+02
4.998927498927498436e-01,1.250000000000000000e+02,1.279689999999999941e+02
5.005898755898756658e-01,1.250000000000000000e+02,1.279689999999999941e+02
5.013406263406263719e-01,1.250000000000000000e+02,1.280300000000000011e+02
5.019841269841269771e-01,1.250000000000000000e+02,1.280320000000000107e+02
5.026812526812527437e-01,1.250000000000000000e+02,1.279959999999999951e+02
5.033783783783783994e-01,1.250000000000000000e+02,1.280180000000000007e+02
5.041291291291291055e-01,1.250000000000000000e+02,1.279920000000000044e+02
5.047726297726298217e-01,1.250000000000000000e+02,1.279789999999999992e+02
5.054697554697554773e-01,1.250000000000000000e+02,1.279560000000000031e+02
5.062205062205061834e-01,1.250000000000000000e+02,1.279560000000000031e+02
5.069176319176318390e-01,1.250000000000000000e+02,1.279680000000000035e+02
5.076147576147576057e-01,1.250000000000000000e+02,1.279699999999999989e+02
5.083118833118832613e-01,1.250000000000000000e+02,1.280070000000000050e+02
5.090090090090090280e-01,1.250000000000000000e+02,1.280310000000000059e+02
5.097061347061347947e-01,1.250000000000000000e+02,1.279939999999999998e+02
5.104032604032604503e-01,1.250000000000000000e+02,1.279929999999999950e+02
5.111003861003861060e-01,1.250000000000000000e+02,1.280180000000000007e+02
5.118511368511368120e-01,1.250000000000000000e+02,1.279830000000000041e+02
5.127091377091377300e-01,1.250000000000000000e+02,1.279689999999999941e+02
5.136743886743887488e-01,1.250000000000000000e+02,1.279809999999999945e+02
5.143178893178892430e-01,1.250000000000000000e+02,1.279830000000000041e+02
5.150686400686400601e-01,1.250000000000000000e+02,1.279710000000000036e+02
5.157657657657658268e-01,1.250000000000000000e+02,1.279719999999999942e+02
5.165165165165165329e-01,1.250000000000000000e+02,1.279719999999999942e+02
5.171600171600171381e-01,1.250000000000000000e+02,1.279719999999999942e+02
5.178571428571429047e-01,1.250000000000000000e+02,1.279699999999999989e+02
5.186078936078936108e-01,1.250000000000000000e+02,1.279579999999999984e+02
5.193050193050192664e-01,1.250000000000000000e+02,1.279470000000000027e+02
5.200021450021449221e-01,1.250000000000000000e+02,1.279320000000000022e+02
5.209137709137708905e-01,1.250000000000000000e+02,1.279219999999999970e+02
5.216108966108966571e-01,1.250000000000000000e+02,1.279569999999999936e+02
5.223080223080223128e-01,1.250000000000000000e+02,1.279569999999999936e+02
5.230051480051479684e-01,1.250000000000000000e+02,1.279980000000000047e+02
5.237022737022737351e-01,1.250000000000000000e+02,1.279980000000000047e+02
5.243993993993993907e-01,1.250000000000000000e+02,1.279729999999999990e+02
5.250965250965250464e-01,1.250000000000000000e+02,1.279590000000000032e+02
5.257936507936508130e-01,1.250000000000000000e+02,1.279480000000000075e+02
5.264907764907764687e-01,1.250000000000000000e+02,1.279090000000000060e+02
5.271879021879021243e-01,1.250000000000000000e+02,1.279339999999999975e+02
5.278850278850278910e-01,1.250000000000000000e+02,1.279600000000000080e+02
5.285821535821535466e-01,1.250000000000000000e+02,1.279710000000000036e+02
5.292792792792792023e-01,1.250000000000000000e+02,1.279339999999999975e+02
5.299764049764049689e-01,1.250000000000000000e+02,1.279360000000000070e+02
5.307271557271557860e-01,1.250000000000000000e+02,1.279839999999999947e+02
5.314242814242814417e-01,1.250000000000000000e+02,1.279819999999999993e+02
5.321214071214070973e-01,1.250000000000000000e+02,1.279339999999999975e+02
5.330330330330330657e-01,1.250000000000000000e+02,1.279329999999999927e+02
5.337301587301587213e-01,1.250000000000000000e+02,1.278960000000000008e+02
5.343736593736593266e-01,1.250000000000000000e+02,1.278850000000000051e+02
5.351244101244101437e-01,1.250000000000000000e+02,1.278979999999999961e+02
5.358215358215359103e-01,1.250000000000000000e+02,1.278979999999999961e+02
5.365186615186615660e-01,1.250000000000000000e+02,1.279240000000000066e+02
5.372157872157872216e-01,1.250000000000000000e+02,1.279729999999999990e+02
5.379129129129129883e-01,1.250000000000000000e+02,1.279980000000000047e+02
5.386100386100386439e-01,1.250000000000000000e+02,1.279980000000000047e+02
5.393607893607893500e-01,1.250000000000000000e+02,1.279849999999999994e+02
5.400042900042900662e-01,1.250000000000000000e+02,1.279839999999999947e+02
5.407014157014157218e-01,1.250000000000000000e+02,1.279609999999999985e+02
5.414521664521664279e-01,1.250000000000000000e+02,1.279590000000000032e+02
5.420956670956671442e-01,1.250000000000000000e+02,1.279740000000000038e+02
5.427927927927927998e-01,1.250000000000000000e+02,1.279729999999999990e+02
5.434899184899184554e-01,1.250000000000000000e+02,1.279489999999999981e+02
5.442406692406691615e-01,1.250000000000000000e+02,1.280000000000000000e+02
5.449377949377950392e-01,1.250000000000000000e+02,1.279980000000000047e+02
5.456349206349206948e-01,1.250000000000000000e+02,1.279749999999999943e+02
5.463320463320463505e-01,1.250000000000000000e+02,1.280099999999999909e+02
5.469755469755469557e-01,1.250000000000000000e+02,1.280240000000000009e+02
5.477262977262977728e-01,1.250000000000000000e+02,1.279989999999999952e+02
5.484234234234234284e-01,1.250000000000000000e+02,1.279879999999999995e+02
5.493350493350492858e-01,1.250000000000000000e+02,1.279989999999999952e+02
5.500321750321750525e-01,1.250000000000000000e+02,1.279879999999999995e+02
5.507293007293007081e-01,1.250000000000000000e+02,1.279629999999999939e+02
5.514264264264263637e-01,1.250000000000000000e+02,1.280000000000000000e+02
5.521235521235521304e-01,1.250000000000000000e+02,1.280109999999999957e+02
5.528743028743029475e-01,1.250000000000000000e+02,1.280000000000000000e+02
5.537859287859288049e-01,1.250000000000000000e+02,1.280250000000000057e+02
5.544830544830544605e-01,1.250000000000000000e+02,1.280879999999999939e+02
5.551801801801802272e-01,1.250000000000000000e+02,1.280749999999999886e+02
5.558773058773058828e-01,1.250000000000000000e+02,1.280509999999999877e+02
5.565744315744315385e-01,1.250000000000000000e+02,1.280660000000000025e+02
5.572715572715573051e-01,1.250000000000000000e+02,1.280879999999999939e+02
5.579686829686829608e-01,1.250000000000000000e+02,1.280399999999999920e+02
5.586658086658086164e-01,1.250000000000000000e+02,1.280269999999999868e+02
5.593629343629342721e-01,1.250000000000000000e+02,1.280759999999999934e+02
5.600600600600601497e-01,1.250000000000000000e+02,1.280509999999999877e+02
5.608108108108108558e-01,1.250000000000000000e+02,1.280269999999999868e+02
5.614543114543114610e-01,1.250000000000000000e+02,1.280769999999999982e+02
5.621514371514372277e-01,1.250000000000000000e+02,1.281009999999999991e+02
5.629021879021879338e-01,1.250000000000000000e+02,1.280519999999999925e+02
5.635456885456885390e-01,1.250000000000000000e+02,1.280639999999999930e+02
5.642428142428143056e-01,1.250000000000000000e+02,1.280629999999999882e+02
5.649935649935650117e-01,1.250000000000000000e+02,1.280269999999999868e+02
5.659051909051909801e-01,1.250000000000000000e+02,1.280140000000000100e+02
5.666023166023166358e-01,1.250000000000000000e+02,1.280039999999999907e+02
5.672994422994422914e-01,1.250000000000000000e+02,1.280260000000000105e+02
5.679965679965680581e-01,1.250000000000000000e+02,1.280279999999999916e+02
5.686936936936937137e-01,1.250000000000000000e+02,1.280159999999999911e+02
5.693908193908193693e-01,1.250000000000000000e+02,1.280399999999999920e+02
5.701415701415701864e-01,1.250000000000000000e+02,1.280540000000000020e+02
5.710531960531960438e-01,1.250000000000000000e+02,1.280300000000000011e+02
5.717503217503218105e-01,1.250000000000000000e+02,1.279779999999999944e+02
5.724474474474474661e-01,1.250000000000000000e+02,1.279540000000000077e+02
5.731445731445732328e-01,1.250000000000000000e+02,1.279770000000000039e+02
5.738416988416988884e-01,1.250000000000000000e+02,1.280130000000000052e+02
5.745388245388245441e-01,1.250000000000000000e+02,1.280399999999999920e+02
5.752359502359503107e-01,1.250000000000000000e+02,1.280430000000000064e+02
5.758794508794509159e-01,1.250000000000000000e+02,1.280169999999999959e+02
5.766302016302016220e-01,1.250000000000000000e+02,1.280289999999999964e+02
5.773273273273273887e-01,1.250000000000000000e+02,1.280660000000000025e+02
5.780244530244530443e-01,1.250000000000000000e+02,1.280399999999999920e+02
5.787215787215787000e-01,1.250000000000000000e+02,1.280149999999999864e+02
5.794187044187044666e-01,1.250000000000000000e+02,1.280269999999999868e+02
5.801158301158301223e-01,1.250000000000000000e+02,1.280399999999999920e+02
5.808129558129557779e-01,1.250000000000000000e+02,1.280140000000000100e+02
5.815100815100814335e-01,1.250000000000000000e+02,1.280399999999999920e+02
5.822072072072072002e-01,1.250000000000000000e+02,1.280560000000000116e+02
5.831188331188331686e-01,1.250000000000000000e+02,1.280440000000000111e+02
5.838159588159588242e-01,1.250000000000000000e+02,1.280540000000000020e+02
5.845667095667095303e-01,1.250000000000000000e+02,1.280699999999999932e+02
5.854783354783354987e-01,1.250000000000000000e+02,1.280790000000000077e+02
5.861754611754611544e-01,1.250000000000000000e+02,1.280670000000000073e+02
5.869262119262119715e-01,1.250000000000000000e+02,1.280540000000000020e+02
5.875697125697125767e-01,1.250000000000000000e+02,1.280409999999999968e+02
5.882668382668383433e-01,1.250000000000000000e+02,1.280289999999999964e+02
5.890175890175890494e-01,1.250000000000000000e+02,1.280649999999999977e+02
5.897147147147147050e-01,1.250000000000000000e+02,1.280399999999999920e+02
5.904118404118403607e-01,1.250000000000000000e+02,1.280529999999999973e+02
5.911089661089661274e-01,1.250000000000000000e+02,1.280889999999999986e+02
5.917524667524667326e-01,1.250000000000000000e+02,1.280800000000000125e+02
5.925032175032174386e-01,1.250000000000000000e+02,1.280790000000000077e+02
5.934148434148434070e-01,1.250000000000000000e+02,1.281399999999999864e+02
5.941119691119691737e-01,1.250000000000000000e+02,1.281039999999999850e+02
5.948090948090948293e-01,1.250000000000000000e+02,1.280680000000000121e+02
5.955062205062204850e-01,1.250000000000000000e+02,1.280809999999999889e+02
5.962033462033462516e-01,1.250000000000000000e+02,1.281179999999999950e+02
5.969004719004719073e-01,1.250000000000000000e+02,1.280939999999999941e+02
5.975975975975975629e-01,1.250000000000000000e+02,1.280800000000000125e+02
5.982947232947233296e-01,1.250000000000000000e+02,1.281299999999999955e+02
5.990454740454740357e-01,1.250000000000000000e+02,1.281320000000000050e+02
5.997425997425996913e-01,1.250000000000000000e+02,1.281039999999999850e+02
6.006542256542256597e-01,1.250000000000000000e+02,1.281310000000000002e+02
6.013513513513514264e-01,1.250000000000000000e+02,1.281409999999999911e+02
6.020484770484770820e-01,1.250000000000000000e+02,1.280800000000000125e+02
6.029601029601029394e-01,1.250000000000000000e+02,1.280929999999999893e+02
6.036572286572285950e-01,1.250000000000000000e+02,1.280550000000000068e+02
6.044079794079794121e-01,1.250000000000000000e+02,1.280200000000000102e+02
6.051051051051051788e-01,1.250000000000000000e+02,1.280579999999999927e+02
6.060167310167310362e-01,1.250000000000000000e+02,1.280809999999999889e+02
6.067138567138566918e-01,1.250000000000000000e+02,1.280560000000000116e+02
6.074109824109824585e-01,1.250000000000000000e+02,1.280809999999999889e+02
6.081081081081081141e-01,1.250000000000000000e+02,1.280699999999999932e+02
6.090197340197339715e-01,1.250000000000000000e+02,1.280569999999999879e+02
6.097168597168597381e-01,1.250000000000000000e+02,1.280920000000000130e+02
6.104139854139853938e-01,1.250000000000000000e+02,1.280459999999999923e+02
6.111111111111111605e-01,1.250000000000000000e+02,1.279939999999999998e+02
6.120763620763620683e-01,1.250000000000000000e+02,1.280569999999999879e+02
6.127734877734877239e-01,1.250000000000000000e+02,1.280939999999999941e+02
6.134706134706134906e-01,1.250000000000000000e+02,1.280449999999999875e+02
6.141677391677391462e-01,1.250000000000000000e+02,1.280680000000000121e+02
6.148648648648648019e-01,1.250000000000000000e+02,1.281310000000000002e+02
6.155619905619905685e-01,1.250000000000000000e+02,1.280680000000000121e+02
6.165272415272414763e-01,1.250000000000000000e+02,1.280819999999999936e+02
6.172243672243672430e-01,1.250000000000000000e+02,1.281189999999999998e+02
6.178678678678678482e-01,1.250000000000000000e+02,1.280449999999999875e+02
6.185649935649936149e-01,1.250000000000000000e+02,1.280190000000000055e+02
6.193157443157443209e-01,1.250000000000000000e+02,1.280709999999999980e+02
6.200128700128699766e-01,1.250000000000000000e+02,1.280430000000000064e+02
6.206563706563706928e-01,1.250000000000000000e+02,1.280449999999999875e+02
6.214071214071213989e-01,1.250000000000000000e+02,1.280579999999999927e+02
6.223723723723724177e-01,1.250000000000000000e+02,1.280329999999999870e+02
6.230694980694980734e-01,1.250000000000000000e+02,1.280190000000000055e+02
6.239811239811239307e-01,1.250000000000000000e+02,1.280689999999999884e+02
6.246246246246246470e-01,1.250000000000000000e+02,1.280589999999999975e+02
6.253217503217503026e-01,1.250000000000000000e+02,1.281069999999999993e+02
6.260725010725011197e-01,1.250000000000000000e+02,1.280699999999999932e+02
6.269841269841269771e-01,1.250000000000000000e+02,1.280339999999999918e+02
6.276812526812527437e-01,1.250000000000000000e+02,1.280469999999999970e+02
6.284320034320034498e-01,1.250000000000000000e+02,1.280219999999999914e+02
6.291291291291291055e-01,1.250000000000000000e+02,1.279969999999999999e+02
6.299871299871299124e-01,1.250000000000000000e+02,1.279849999999999994e+02
6.306842556842556791e-01,1.250000000000000000e+02,1.279950000000000045e+02
6.313813813813813347e-01,1.250000000000000000e+02,1.280090000000000146e+02
6.323466323466323535e-01,1.250000000000000000e+02,1.279839999999999947e+02
6.330973830973830596e-01,1.250000000000000000e+02,1.279849999999999994e+02
6.337945087945088263e-01,1.250000000000000000e+02,1.279980000000000047e+02
6.347061347061346837e-01,1.250000000000000000e+02,1.279219999999999970e+02
6.353496353496353999e-01,1.250000000000000000e+02,1.278859999999999957e+02
6.363148863148863077e-01,1.250000000000000000e+02,1.278610000000000042e+02
6.370120120120119633e-01,1.250000000000000000e+02,1.278840000000000003e+02
6.377091377091377300e-01,1.250000000000000000e+02,1.278589999999999947e+02
6.384062634062633856e-01,1.250000000000000000e+02,1.278220000000000027e+02
6.393178893178893540e-01,1.250000000000000000e+02,1.278610000000000042e+02
6.400150150150150097e-01,1.250000000000000000e+02,1.278469999999999942e+02
6.409802659802659175e-01,1.250000000000000000e+02,1.278469999999999942e+02
6.416773916773916842e-01,1.250000000000000000e+02,1.278859999999999957e+02
6.423745173745173398e-01,1.250000000000000000e+02,1.278469999999999942e+02
6.432861432861433082e-01,1.250000000000000000e+02,1.278469999999999942e+02
6.440368940368940143e-01,1.250000000000000000e+02,1.278589999999999947e+02
6.447340197340197809e-01,1.250000000000000000e+02,1.278469999999999942e+02
6.456456456456456383e-01,1.250000000000000000e+02,1.278979999999999961e+02
6.463427713427714050e-01,1.250000000000000000e+02,1.278599999999999994e+02
6.470398970398970606e-01,1.250000000000000000e+02,1.278239999999999981e+02
6.480051480051479684e-01,1.250000000000000000e+02,1.278979999999999961e+02
6.486486486486486847e-01,1.250000000000000000e+02,1.278250000000000028e+02
6.496138996138997035e-01,1.250000000000000000e+02,1.278350000000000080e+02
6.503110253110253591e-01,1.250000000000000000e+02,1.278970000000000056e+02
6.510081510081510148e-01,1.250000000000000000e+02,1.278130000000000024e+02
6.519734019734019226e-01,1.250000000000000000e+02,1.278469999999999942e+02
6.526169026169026388e-01,1.250000000000000000e+02,1.278730000000000047e+02
6.533140283140282945e-01,1.250000000000000000e+02,1.278119999999999976e+02
6.540647790647790005e-01,1.250000000000000000e+02,1.278110000000000070e+02
6.549764049764049689e-01,1.250000000000000000e+02,1.278110000000000070e+02
6.556735306735307356e-01,1.250000000000000000e+02,1.277860000000000014e+02
6.563170313170313408e-01,1.250000000000000000e+02,1.278359999999999985e+02
6.570677820677820469e-01,1.250000000000000000e+02,1.278110000000000070e+02
6.577649077649078135e-01,1.250000000000000000e+02,1.277620000000000005e+02
6.586765336765336709e-01,1.250000000000000000e+02,1.278340000000000032e+02
6.594272844272844880e-01,1.250000000000000000e+02,1.277999999999999972e+02
6.600707850707850932e-01,1.250000000000000000e+02,1.277489999999999952e+02
6.609824109824110616e-01,1.250000000000000000e+02,1.277469999999999999e+02
6.617331617331617677e-01,1.250000000000000000e+02,1.277999999999999972e+02
6.624302874302874233e-01,1.250000000000000000e+02,1.277609999999999957e+02
6.631274131274130790e-01,1.250000000000000000e+02,1.277229999999999990e+02
6.640390390390390474e-01,1.250000000000000000e+02,1.277369999999999948e+02
6.647361647361648140e-01,1.250000000000000000e+02,1.277729999999999961e+02
6.654869154869155201e-01,1.250000000000000000e+02,1.277620000000000005e+02
6.663985413985413775e-01,1.250000000000000000e+02,1.277849999999999966e+02
6.670956670956670331e-01,1.250000000000000000e+02,1.277720000000000056e+02
6.677927927927927998e-01,1.250000000000000000e+02,1.277750000000000057e+02
6.684899184899184554e-01,1.250000000000000000e+02,1.277999999999999972e+02
6.694015444015444238e-01,1.250000000000000000e+02,1.277609999999999957e+02
6.701522951522951299e-01,1.250000000000000000e+02,1.277620000000000005e+02
6.707957957957958461e-01,1.250000000000000000e+02,1.277750000000000057e+02
6.717610467610467540e-01,1.250000000000000000e+02,1.276989999999999981e+02
6.724581724581724096e-01,1.250000000000000000e+02,1.277489999999999952e+02
6.731552981552981763e-01,1.250000000000000000e+02,1.277990000000000066e+02
6.738524238524239429e-01,1.250000000000000000e+02,1.277379999999999995e+02
6.745495495495495986e-01,1.250000000000000000e+02,1.277740000000000009e+02
6.754611754611754559e-01,1.250000000000000000e+02,1.278629999999999995e+02
6.762119262119261620e-01,1.250000000000000000e+02,1.277890000000000015e+02
6.771235521235521304e-01,1.250000000000000000e+02,1.278139999999999930e+02
6.778206778206778971e-01,1.250000000000000000e+02,1.277879999999999967e+02
6.785178035178035527e-01,1.250000000000000000e+02,1.277519999999999953e+02
6.794294294294294101e-01,1.250000000000000000e+02,1.278130000000000024e+02
6.801801801801801162e-01,1.250000000000000000e+02,1.278010000000000019e+02
6.810918060918060846e-01,1.250000000000000000e+02,1.278019999999999925e+02
6.817889317889318512e-01,1.250000000000000000e+02,1.279120000000000061e+02
6.827005577005577086e-01,1.250000000000000000e+02,1.278529999999999944e+02
6.833976833976833642e-01,1.250000000000000000e+02,1.278499999999999943e+02
6.843629343629343831e-01,1.250000000000000000e+02,1.278889999999999958e+02
6.850064350064349883e-01,1.250000000000000000e+02,1.278259999999999934e+02
6.860253110253109465e-01,1.250000000000000000e+02,1.278629999999999995e+02
6.866688116688116628e-01,1.250000000000000000e+02,1.278649999999999949e+02
6.873659373659373184e-01,1.250000000000000000e+02,1.278659999999999997e+02
6.883311883311883372e-01,1.250000000000000000e+02,1.278910000000000053e+02
6.890283140283141039e-01,1.250000000000000000e+02,1.278290000000000077e+02
6.897254397254397595e-01,1.250000000000000000e+02,1.278529999999999944e+02
6.906370656370656169e-01,1.250000000000000000e+02,1.278780000000000001e+02
6.913341913341912726e-01,1.250000000000000000e+02,1.278419999999999987e+02
6.920313170313170392e-01,1.250000000000000000e+02,1.278550000000000040e+02
6.929429429429430076e-01,1.250000000000000000e+02,1.278919999999999959e+02
6.938545688545688650e-01,1.250000000000000000e+02,1.278689999999999998e+02
6.948734448734449343e-01,1.250000000000000000e+02,1.278910000000000053e+02
6.955169455169455395e-01,1.250000000000000000e+02,1.278430000000000035e+02
6.964285714285713969e-01,1.250000000000000000e+02,1.278559999999999945e+02
6.971793221793222139e-01,1.250000000000000000e+02,1.278179999999999978e+02
6.980909480909481823e-01,1.250000000000000000e+02,1.278079999999999927e+02
6.988416988416988884e-01,1.250000000000000000e+02,1.278829999999999956e+02
6.997533247533247458e-01,1.250000000000000000e+02,1.278589999999999947e+02
7.004504504504504014e-01,1.250000000000000000e+02,1.279080000000000013e+02
7.013620763620763698e-01,1.250000000000000000e+02,1.279320000000000022e+02
7.020592020592021365e-01,1.250000000000000000e+02,1.278820000000000050e+02
7.029708279708279939e-01,1.250000000000000000e+02,1.279080000000000013e+02
7.036679536679536495e-01,1.250000000000000000e+02,1.278820000000000050e+02
7.044187044187043556e-01,1.250000000000000000e+02,1.278599999999999994e+02
7.053303303303303240e-01,1.250000000000000000e+02,1.279459999999999980e+02
7.060274560274560907e-01,1.250000000000000000e+02,1.278479999999999990e+02
7.067782067782067967e-01,1.250000000000000000e+02,1.278599999999999994e+02
7.076898326898326541e-01,1.250000000000000000e+02,1.279339999999999975e+02
7.083869583869584208e-01,1.250000000000000000e+02,1.278469999999999942e+02
7.090840840840841874e-01,1.250000000000000000e+02,1.278850000000000051e+02
7.099957099957100448e-01,1.250000000000000000e+02,1.279110000000000014e+02
7.106928356928357005e-01,1.250000000000000000e+02,1.278619999999999948e+02
7.113899613899613561e-01,1.250000000000000000e+02,1.279129999999999967e+02
7.123015873015873245e-01,1.250000000000000000e+02,1.279600000000000080e+02
7.130523380523381416e-01,1.250000000000000000e+02,1.278409999999999940e+02
7.139639639639639990e-01,1.250000000000000000e+02,1.279000000000000057e+02
7.146610896610896546e-01,1.250000000000000000e+02,1.278379999999999939e+02
7.155727155727155120e-01,1.250000000000000000e+02,1.277620000000000005e+02
7.162698412698412787e-01,1.250000000000000000e+02,1.279000000000000057e+02
7.172350922350922975e-01,1.250000000000000000e+02,1.278250000000000028e+02
7.179322179322179531e-01,1.250000000000000000e+02,1.278750000000000000e+02
7.188438438438438105e-01,1.250000000000000000e+02,1.279129999999999967e+02
7.195409695409694661e-01,1.250000000000000000e+02,1.278520000000000039e+02
7.202380952380952328e-01,1.250000000000000000e+02,1.279120000000000061e+02
7.212033462033462516e-01,1.250000000000000000e+02,1.279140000000000015e+02
7.219004719004719073e-01,1.250000000000000000e+02,1.278299999999999983e+02
7.228120978120977647e-01,1.250000000000000000e+02,1.279170000000000016e+02
7.235092235092235313e-01,1.250000000000000000e+02,1.278550000000000040e+02
7.244744744744744391e-01,1.250000000000000000e+02,1.278040000000000020e+02
7.253861003861004075e-01,1.250000000000000000e+02,1.279140000000000015e+02
7.260832260832260632e-01,1.250000000000000000e+02,1.277909999999999968e+02
7.270484770484770820e-01,1.250000000000000000e+02,1.278539999999999992e+02
7.277456027456027376e-01,1.250000000000000000e+02,1.279030000000000058e+02
7.286572286572285950e-01,1.250000000000000000e+02,1.278389999999999986e+02
7.293543543543543617e-01,1.250000000000000000e+02,1.279050000000000011e+02
7.303196053196052695e-01,1.250000000000000000e+02,1.278910000000000053e+02
7.309631059631059857e-01,1.250000000000000000e+02,1.278190000000000026e+02
7.318747318747318431e-01,1.250000000000000000e+02,1.278930000000000007e+02
7.326254826254826602e-01,1.250000000000000000e+02,1.277920000000000016e+02
7.335371085371085176e-01,1.250000000000000000e+02,1.277570000000000050e+02
7.342342342342342842e-01,1.250000000000000000e+02,1.278790000000000049e+02
7.351994851994853031e-01,1.250000000000000000e+02,1.277810000000000059e+02
7.358429858429857973e-01,1.250000000000000000e+02,1.278689999999999998e+02
7.365937365937366144e-01,1.250000000000000000e+02,1.278940000000000055e+02
7.375053625053624717e-01,1.250000000000000000e+02,1.278070000000000022e+02
7.382024882024882384e-01,1.250000000000000000e+02,1.279050000000000011e+02
7.389532389532389445e-01,1.250000000000000000e+02,1.279170000000000016e+02
7.398648648648649129e-01,1.250000000000000000e+02,1.278319999999999936e+02
7.407764907764907703e-01,1.250000000000000000e+02,1.279689999999999941e+02
7.414736164736165369e-01,1.250000000000000000e+02,1.279189999999999969e+02
7.424388674388674447e-01,1.250000000000000000e+02,1.278350000000000080e+02
7.430823680823680499e-01,1.250000000000000000e+02,1.279569999999999936e+02
7.439939939939940183e-01,1.250000000000000000e+02,1.278949999999999960e+02
7.447447447447447244e-01,1.250000000000000000e+02,1.278949999999999960e+02
7.456563706563705818e-01,1.250000000000000000e+02,1.279339999999999975e+02
7.463534963534963484e-01,1.250000000000000000e+02,1.278340000000000032e+02
7.473187473187473673e-01,1.250000000000000000e+02,1.279099999999999966e+02
7.480158730158730229e-01,1.250000000000000000e+02,1.279090000000000060e+02
7.489811239811240418e-01,1.250000000000000000e+02,1.278209999999999980e+02
7.496246246246246470e-01,1.250000000000000000e+02,1.279219999999999970e+02
7.505898755898755548e-01,1.250000000000000000e+02,1.279080000000000013e+02
7.512870012870013214e-01,1.250000000000000000e+02,1.278230000000000075e+02
7.521986271986271788e-01,1.250000000000000000e+02,1.278719999999999999e+02
7.528957528957528345e-01,1.250000000000000000e+02,1.278110000000000070e+02
7.538610038610038533e-01,1.250000000000000000e+02,1.277890000000000015e+02
7.547726297726297107e-01,1.250000000000000000e+02,1.278479999999999990e+02
7.554697554697554773e-01,1.250000000000000000e+02,1.277870000000000061e+02
7.563813813813814457e-01,1.250000000000000000e+02,1.278610000000000042e+02
7.573466323466323535e-01,1.250000000000000000e+02,1.278960000000000008e+02
7.580437580437580092e-01,1.250000000000000000e+02,1.278119999999999976e+02
7.587408837408836648e-01,1.250000000000000000e+02,1.278859999999999957e+02
7.596525096525096332e-01,1.250000000000000000e+02,1.278750000000000000e+02
7.605641355641356016e-01,1.250000000000000000e+02,1.277630000000000052e+02
7.613148863148863077e-01,1.250000000000000000e+02,1.277969999999999970e+02
7.622265122265122761e-01,1.250000000000000000e+02,1.278230000000000075e+02
7.629236379236379317e-01,1.250000000000000000e+02,1.277639999999999958e+02
7.638352638352637891e-01,1.250000000000000000e+02,1.278239999999999981e+02
7.645323895323895558e-01,1.250000000000000000e+02,1.277990000000000066e+02
7.652831402831403729e-01,1.250000000000000000e+02,1.278119999999999976e+02
7.661947661947662302e-01,1.250000000000000000e+02,1.278610000000000042e+02
7.668918918918918859e-01,1.250000000000000000e+02,1.277390000000000043e+02
7.678035178035177433e-01,1.250000000000000000e+02,1.277379999999999995e+02
7.685542685542685604e-01,1.250000000000000000e+02,1.278499999999999943e+02
7.694658944658945288e-01,1.250000000000000000e+02,1.277860000000000014e+02
7.701630201630201844e-01,1.250000000000000000e+02,1.277750000000000057e+02
7.710746460746460418e-01,1.250000000000000000e+02,1.277879999999999967e+02
7.718253968253968589e-01,1.250000000000000000e+02,1.276970000000000027e+02
7.727370227370227163e-01,1.250000000000000000e+02,1.277609999999999957e+02
7.736486486486486847e-01,1.250000000000000000e+02,1.277720000000000056e+02
7.746138996138995925e-01,1.250000000000000000e+02,1.277369999999999948e+02
7.752574002574003087e-01,1.250000000000000000e+02,1.278479999999999990e+02
7.762226512226512165e-01,1.250000000000000000e+02,1.277870000000000061e+02
7.769197769197768721e-01,1.250000000000000000e+02,1.277980000000000018e+02
7.778314028314028405e-01,1.250000000000000000e+02,1.278460000000000036e+02
7.785285285285286072e-01,1.250000000000000000e+02,1.278100000000000023e+02
7.794401544401544646e-01,1.250000000000000000e+02,1.277990000000000066e+02
7.801372801372801202e-01,1.250000000000000000e+02,1.277990000000000066e+02
7.811025311025311391e-01,1.250000000000000000e+02,1.277480000000000047e+02
7.817996567996567947e-01,1.250000000000000000e+02,1.277729999999999961e+02
7.827649077649077025e-01,1.250000000000000000e+02,1.277699999999999960e+02
7.834620334620334692e-01,1.250000000000000000e+02,1.277450000000000045e+02
7.843736593736594376e-01,1.250000000000000000e+02,1.278209999999999980e+02
7.850707850707850932e-01,1.250000000000000000e+02,1.278089999999999975e+02
7.859824109824109506e-01,1.250000000000000000e+02,1.277860000000000014e+02
7.866795366795367173e-01,1.250000000000000000e+02,1.278490000000000038e+02
7.876447876447877361e-01,1.250000000000000000e+02,1.278589999999999947e+02
7.886100386100386439e-01,1.250000000000000000e+02,1.278220000000000027e+02
7.893071643071642995e-01,1.250000000000000000e+02,1.278220000000000027e+02
7.902187902187902679e-01,1.250000000000000000e+02,1.278199999999999932e+02
7.909159159159159236e-01,1.250000000000000000e+02,1.277980000000000018e+02
7.918275418275418920e-01,1.250000000000000000e+02,1.278230000000000075e+02
7.927391677391677494e-01,1.250000000000000000e+02,1.278110000000000070e+02
7.934899184899185665e-01,1.250000000000000000e+02,1.278089999999999975e+02
7.944015444015444238e-01,1.250000000000000000e+02,1.278449999999999989e+02
7.953131703131702812e-01,1.250000000000000000e+02,1.278340000000000032e+02
7.960639210639210983e-01,1.250000000000000000e+02,1.278319999999999936e+02
7.969755469755469557e-01,1.250000000000000000e+02,1.278689999999999998e+02
7.976726726726727223e-01,1.250000000000000000e+02,1.278930000000000007e+02
7.985842985842985797e-01,1.250000000000000000e+02,1.278700000000000045e+02
7.995495495495495986e-01,1.250000000000000000e+02,1.278949999999999960e+02
8.002466752466752542e-01,1.250000000000000000e+02,1.278919999999999959e+02
8.011583011583011116e-01,1.250000000000000000e+02,1.278700000000000045e+02
8.021235521235521304e-01,1.250000000000000000e+02,1.278569999999999993e+02
8.028206778206777861e-01,1.250000000000000000e+02,1.278319999999999936e+02
8.037323037323037545e-01,1.250000000000000000e+02,1.278700000000000045e+02
8.046975546975547733e-01,1.250000000000000000e+02,1.278689999999999998e+02
8.053410553410553785e-01,1.250000000000000000e+02,1.278089999999999975e+02
8.062526812526812359e-01,1.250000000000000000e+02,1.278449999999999989e+02
8.070034320034319419e-01,1.250000000000000000e+02,1.279099999999999966e+02
8.079686829686829608e-01,1.250000000000000000e+02,1.278739999999999952e+02
8.086658086658087274e-01,1.250000000000000000e+02,1.278719999999999999e+02
8.095774345774345848e-01,1.250000000000000000e+02,1.278870000000000005e+02
8.102745602745602405e-01,1.250000000000000000e+02,1.278629999999999995e+02
8.111861861861862089e-01,1.250000000000000000e+02,1.278850000000000051e+02
8.119369369369369149e-01,1.250000000000000000e+02,1.278559999999999945e+02
8.128485628485628833e-01,1.250000000000000000e+02,1.278059999999999974e+02
8.135456885456885390e-01,1.250000000000000000e+02,1.278930000000000007e+02
8.144573144573145074e-01,1.250000000000000000e+02,1.279069999999999965e+02
8.151544401544401630e-01,1.250000000000000000e+02,1.278700000000000045e+02
8.161196911196910708e-01,1.250000000000000000e+02,1.279189999999999969e+02
8.170313170313170392e-01,1.250000000000000000e+02,1.279530000000000030e+02
8.177284427284428059e-01,1.250000000000000000e+02,1.279140000000000015e+02
8.186400686400686633e-01,1.250000000000000000e+02,1.279030000000000058e+02
8.196053196053196821e-01,1.250000000000000000e+02,1.279320000000000022e+02
8.203024453024453377e-01,1.250000000000000000e+02,1.279200000000000017e+02
8.212140712140711951e-01,1.250000000000000000e+02,1.279200000000000017e+02
8.221256971256971635e-01,1.250000000000000000e+02,1.279420000000000073e+02
8.230909480909480713e-01,1.250000000000000000e+02,1.278930000000000007e+02
8.237880737880738380e-01,1.250000000000000000e+02,1.279149999999999920e+02
8.247533247533248568e-01,1.250000000000000000e+02,1.279020000000000010e+02
8.256649506649507142e-01,1.250000000000000000e+02,1.278790000000000049e+02
8.263620763620763698e-01,1.250000000000000000e+02,1.279410000000000025e+02
8.272737022737022272e-01,1.250000000000000000e+02,1.279530000000000030e+02
8.282389532389532460e-01,1.250000000000000000e+02,1.279300000000000068e+02
8.288824538824539623e-01,1.250000000000000000e+02,1.279410000000000025e+02
8.298477048477048701e-01,1.250000000000000000e+02,1.279420000000000073e+02
8.305448305448305257e-01,1.250000000000000000e+02,1.279420000000000073e+02
8.314564564564564941e-01,1.250000000000000000e+02,1.279290000000000020e+02
8.321535821535821498e-01,1.250000000000000000e+02,1.278900000000000006e+02
8.331188331188330576e-01,1.250000000000000000e+02,1.278940000000000055e+02
8.340304590304591370e-01,1.250000000000000000e+02,1.279659999999999940e+02
8.349957099957100448e-01,1.250000000000000000e+02,1.279039999999999964e+02
8.359073359073359022e-01,1.250000000000000000e+02,1.278900000000000006e+02
8.366044616044616689e-01,1.250000000000000000e+02,1.279279999999999973e+02
8.375697125697125767e-01,1.250000000000000000e+02,1.279180000000000064e+02
8.382132132132132929e-01,1.250000000000000000e+02,1.279279999999999973e+02
8.391784641784640897e-01,1.250000000000000000e+02,1.279650000000000034e+02
8.400900900900901691e-01,1.250000000000000000e+02,1.279540000000000077e+02
8.408408408408408752e-01,1.250000000000000000e+02,1.279669999999999987e+02
8.417524667524667326e-01,1.250000000000000000e+02,1.279899999999999949e+02
8.426640926640927010e-01,1.250000000000000000e+02,1.279149999999999920e+02
8.433612183612183566e-01,1.250000000000000000e+02,1.279279999999999973e+02
8.442728442728443250e-01,1.250000000000000000e+02,1.279540000000000077e+02
8.450235950235950311e-01,1.250000000000000000e+02,1.279159999999999968e+02
8.459352209352209995e-01,1.250000000000000000e+02,1.278919999999999959e+02
8.468468468468468568e-01,1.250000000000000000e+02,1.279540000000000077e+02
8.478120978120978757e-01,1.250000000000000000e+02,1.279279999999999973e+02
8.487773487773487835e-01,1.250000000000000000e+02,1.279020000000000010e+02
8.494208494208493887e-01,1.250000000000000000e+02,1.279279999999999973e+02
8.503861003861004075e-01,1.250000000000000000e+02,1.279050000000000011e+02
8.512977262977262649e-01,1.250000000000000000e+02,1.279399999999999977e+02
8.522629772629772837e-01,1.250000000000000000e+02,1.279279999999999973e+02
8.531746031746031411e-01,1.250000000000000000e+02,1.278430000000000035e+02
8.540862290862291095e-01,1.250000000000000000e+02,1.278889999999999958e+02
8.549978549978550779e-01,1.250000000000000000e+02,1.279129999999999967e+02
8.557486057486057840e-01,1.250000000000000000e+02,1.278649999999999949e+02
8.566602316602316414e-01,1.250000000000000000e+02,1.278550000000000040e+02
8.576254826254826602e-01,1.250000000000000000e+02,1.279039999999999964e+02
8.583226083226083158e-01,1.250000000000000000e+02,1.278550000000000040e+02
8.592342342342342842e-01,1.250000000000000000e+02,1.278780000000000001e+02
8.601994851994851921e-01,1.250000000000000000e+02,1.279149999999999920e+02
8.608966108966108477e-01,1.250000000000000000e+02,1.278910000000000053e+02
8.618082368082369271e-01,1.250000000000000000e+02,1.279380000000000024e+02
8.627198627198627845e-01,1.250000000000000000e+02,1.279149999999999920e+02
8.634706134706134906e-01,1.250000000000000000e+02,1.279149999999999920e+02
8.643286143286142975e-01,1.250000000000000000e+02,1.279519999999999982e+02
8.652938652938653163e-01,1.250000000000000000e+02,1.279249999999999972e+02
8.662054912054911737e-01,1.250000000000000000e+02,1.278659999999999997e+02
8.671171171171172531e-01,1.250000000000000000e+02,1.278900000000000006e+02
8.681359931359931004e-01,1.250000000000000000e+02,1.279149999999999920e+02
8.690476190476190688e-01,1.250000000000000000e+02,1.278769999999999953e+02
8.697447447447448354e-01,1.250000000000000000e+02,1.279140000000000015e+02
8.706563706563706928e-01,1.250000000000000000e+02,1.279300000000000068e+02
8.715679965679965502e-01,1.250000000000000000e+02,1.279549999999999983e+02
8.725332475332475690e-01,1.250000000000000000e+02,1.279689999999999941e+02
8.732303732303732247e-01,1.250000000000000000e+02,1.279050000000000011e+02
8.741419991419990820e-01,1.250000000000000000e+02,1.278840000000000003e+02
8.750536250536251615e-01,1.250000000000000000e+02,1.279440000000000026e+02
8.758043758043758675e-01,1.250000000000000000e+02,1.279410000000000025e+02
8.767160017160017249e-01,1.250000000000000000e+02,1.279000000000000057e+02
8.776812526812527437e-01,1.250000000000000000e+02,1.279369999999999976e+02
8.785928785928786011e-01,1.250000000000000000e+02,1.279629999999999939e+02
8.795045045045044585e-01,1.250000000000000000e+02,1.278880000000000052e+02
8.802016302016303362e-01,1.250000000000000000e+02,1.278889999999999958e+02
8.811668811668811330e-01,1.250000000000000000e+02,1.279120000000000061e+02
8.820785070785072124e-01,1.250000000000000000e+02,1.279009999999999962e+02
8.829901329901330698e-01,1.250000000000000000e+02,1.279260000000000019e+02
8.839553839553840886e-01,1.250000000000000000e+02,1.279129999999999967e+02
8.846525096525096332e-01,1.250000000000000000e+02,1.279260000000000019e+02
8.855641355641354906e-01,1.250000000000000000e+02,1.279629999999999939e+02
8.864757614757614590e-01,1.250000000000000000e+02,1.279180000000000064e+02
8.874410124410124778e-01,1.250000000000000000e+02,1.278310000000000031e+02
8.881381381381382445e-01,1.250000000000000000e+02,1.278930000000000007e+02
8.890497640497641019e-01,1.250000000000000000e+02,1.279300000000000068e+02
8.900150150150151207e-01,1.250000000000000000e+02,1.278400000000000034e+02
8.907121407121406653e-01,1.250000000000000000e+02,1.278640000000000043e+02
8.916237666237665227e-01,1.250000000000000000e+02,1.278659999999999997e+02
8.925353925353924911e-01,1.250000000000000000e+02,1.278659999999999997e+02
8.935006435006435099e-01,1.250000000000000000e+02,1.279009999999999962e+02
8.941977691977692766e-01,1.250000000000000000e+02,1.278389999999999986e+02
8.951093951093951340e-01,1.250000000000000000e+02,1.278259999999999934e+02
8.960746460746461528e-01,1.250000000000000000e+02,1.278659999999999997e+02
8.969862719862720102e-01,1.250000000000000000e+02,1.279260000000000019e+02
8.977370227370227163e-01,1.250000000000000000e+02,1.278640000000000043e+02
8.986486486486485736e-01,1.250000000000000000e+02,1.278769999999999953e+02
8.995602745602745420e-01,1.250000000000000000e+02,1.279159999999999968e+02
9.004719004719006215e-01,1.250000000000000000e+02,1.278409999999999940e+02
9.013835263835264788e-01,1.250000000000000000e+02,1.278029999999999973e+02
9.021342771342771849e-01,1.250000000000000000e+02,1.278400000000000034e+02
9.033140283140282945e-01,1.250000000000000000e+02,1.278029999999999973e+02
9.042256542256541518e-01,1.250000000000000000e+02,1.278760000000000048e+02
9.049227799227799185e-01,1.250000000000000000e+02,1.278269999999999982e+02
9.058344058344057759e-01,1.250000000000000000e+02,1.278280000000000030e+02
9.067460317460317443e-01,1.250000000000000000e+02,1.278659999999999997e+02
9.077112827112826521e-01,1.250000000000000000e+02,1.278670000000000044e+02
9.086229086229086205e-01,1.250000000000000000e+02,1.278029999999999973e+02
9.095345345345344779e-01,1.250000000000000000e+02,1.278040000000000020e+02
9.104461604461605573e-01,1.250000000000000000e+02,1.279380000000000024e+02
9.114114114114113541e-01,1.250000000000000000e+02,1.278790000000000049e+02
9.123766623766623729e-01,1.250000000000000000e+02,1.279030000000000058e+02
9.130737880737881396e-01,1.250000000000000000e+02,1.278299999999999983e+02
9.139854139854139969e-01,1.250000000000000000e+02,1.277899999999999920e+02
9.148970398970398543e-01,1.250000000000000000e+02,1.278280000000000030e+02
9.158622908622908732e-01,1.250000000000000000e+02,1.278290000000000077e+02
9.167739167739168415e-01,1.250000000000000000e+02,1.278290000000000077e+02
9.177391677391677494e-01,1.250000000000000000e+02,1.278179999999999978e+02
9.186507936507937178e-01,1.250000000000000000e+02,1.278910000000000053e+02
9.193479193479192624e-01,1.250000000000000000e+02,1.278409999999999940e+02
9.203131703131702812e-01,1.250000000000000000e+02,1.277549999999999955e+02
9.212247962247961386e-01,1.250000000000000000e+02,1.277920000000000016e+02
9.221364221364222180e-01,1.250000000000000000e+02,1.278040000000000020e+02
9.230480480480480754e-01,1.250000000000000000e+02,1.278040000000000020e+02
9.237987987987987815e-01,1.250000000000000000e+02,1.277800000000000011e+02
9.249249249249249516e-01,1.250000000000000000e+02,1.277669999999999959e+02
9.256220506220506072e-01,1.250000000000000000e+02,1.277789999999999964e+02
9.265336765336764646e-01,1.250000000000000000e+02,1.277429999999999950e+02
9.274989274989274834e-01,1.250000000000000000e+02,1.277560000000000002e+02
9.284641784641785023e-01,1.250000000000000000e+02,1.277169999999999987e+02
9.293758043758043597e-01,1.250000000000000000e+02,1.277549999999999955e+02
9.300729300729301263e-01,1.250000000000000000e+02,1.278170000000000073e+02
9.309845559845559837e-01,1.250000000000000000e+02,1.277060000000000031e+02
9.319498069498070025e-01,1.250000000000000000e+02,1.277309999999999945e+02
9.328614328614329709e-01,1.250000000000000000e+02,1.277690000000000055e+02
9.335585585585585155e-01,1.250000000000000000e+02,1.277439999999999998e+02
9.344701844701843729e-01,1.250000000000000000e+02,1.277680000000000007e+02
9.357035607035607550e-01,1.250000000000000000e+02,1.277439999999999998e+02
9.365615615615615619e-01,1.250000000000000000e+02,1.277319999999999993e+02
9.375268125268125807e-01,1.250000000000000000e+02,1.277439999999999998e+02
9.384384384384384381e-01,1.250000000000000000e+02,1.277309999999999945e+02
9.393500643500642955e-01,1.250000000000000000e+02,1.276460000000000008e+02
9.403689403689404758e-01,1.250000000000000000e+02,1.276479999999999961e+02
9.412805662805663331e-01,1.250000000000000000e+02,1.277189999999999941e+02
9.421921921921921905e-01,1.250000000000000000e+02,1.276460000000000008e+02
9.431038181038181589e-01,1.250000000000000000e+02,1.276680000000000064e+02
9.440154440154440163e-01,1.250000000000000000e+02,1.276839999999999975e+02
9.449806949806950351e-01,1.250000000000000000e+02,1.277069999999999936e+02
9.456778206778208018e-01,1.250000000000000000e+02,1.277189999999999941e+02
9.466430716430715986e-01,1.250000000000000000e+02,1.276700000000000017e+02
9.475546975546976780e-01,1.250000000000000000e+02,1.277199999999999989e+02
9.484663234663235354e-01,1.250000000000000000e+02,1.276590000000000060e+02
9.494315744315743322e-01,1.250000000000000000e+02,1.276850000000000023e+02
9.503432003432004116e-01,1.250000000000000000e+02,1.277219999999999942e+02
9.512548262548262690e-01,1.250000000000000000e+02,1.276209999999999951e+02
9.522200772200772878e-01,1.250000000000000000e+02,1.277189999999999941e+02
9.531317031317031452e-01,1.250000000000000000e+02,1.277210000000000036e+02
9.540433290433291136e-01,1.250000000000000000e+02,1.276209999999999951e+02
9.550085800085801324e-01,1.250000000000000000e+02,1.276089999999999947e+02
9.559738309738310402e-01,1.250000000000000000e+02,1.276839999999999975e+02
9.568854568854570086e-01,1.250000000000000000e+02,1.276709999999999923e+02
9.577970827970828660e-01,1.250000000000000000e+02,1.276719999999999970e+02
9.587623337623338848e-01,1.250000000000000000e+02,1.277330000000000041e+02
9.596739596739597422e-01,1.250000000000000000e+02,1.277079999999999984e+02
9.606392106392107610e-01,1.250000000000000000e+02,1.276970000000000027e+02
9.615508365508366184e-01,1.250000000000000000e+02,1.276629999999999967e+02
9.624624624624624758e-01,1.250000000000000000e+02,1.276119999999999948e+02
9.634277134277134946e-01,1.250000000000000000e+02,1.276099999999999994e+02
9.643393393393393520e-01,1.250000000000000000e+02,1.276370000000000005e+02
9.652509652509653204e-01,1.250000000000000000e+02,1.276479999999999961e+02
9.662162162162162282e-01,1.250000000000000000e+02,1.276239999999999952e+02
9.671814671814672471e-01,1.250000000000000000e+02,1.276009999999999991e+02
9.683075933075931951e-01,1.250000000000000000e+02,1.276629999999999967e+02
9.692728442728442140e-01,1.250000000000000000e+02,1.275889999999999986e+02
9.701308451308452430e-01,1.250000000000000000e+02,1.275969999999999942e+02
9.710960960960961508e-01,1.250000000000000000e+02,1.276500000000000057e+02
9.720077220077221192e-01,1.250000000000000000e+02,1.276260000000000048e+02
9.729729729729729160e-01,1.250000000000000000e+02,1.277000000000000028e+02
9.739382239382239348e-01,1.250000000000000000e+02,1.276260000000000048e+02
9.748498498498497922e-01,1.250000000000000000e+02,1.275759999999999934e+02
9.757614757614758716e-01,1.250000000000000000e+02,1.275859999999999985e+02
9.764586014586014162e-01,1.250000000000000000e+02,1.276250000000000000e+02
9.773702273702273846e-01,1.250000000000000000e+02,1.275639999999999930e+02
9.783354783354782924e-01,1.250000000000000000e+02,1.275280000000000058e+02
9.792471042471042608e-01,1.250000000000000000e+02,1.276020000000000039e+02
9.802123552123551686e-01,1.250000000000000000e+02,1.275750000000000028e+02
9.811239811239811370e-01,1.250000000000000000e+02,1.275399999999999920e+02
9.820356070356069944e-01,1.250000000000000000e+02,1.275160000000000053e+02
9.830008580008580132e-01,1.250000000000000000e+02,1.275409999999999968e+02
9.839124839124838706e-01,1.250000000000000000e+02,1.275909999999999940e+02
9.848777348777348895e-01,1.250000000000000000e+02,1.276039999999999992e+02
9.857893607893607468e-01,1.250000000000000000e+02,1.276280000000000001e+02
9.867009867009866042e-01,1.250000000000000000e+02,1.275310000000000059e+02
9.876126126126126836e-01,1.250000000000000000e+02,1.275030000000000001e+02
9.885778635778634804e-01,1.250000000000000000e+02,1.275799999999999983e+02
9.895431145431144992e-01,1.250000000000000000e+02,1.275190000000000055e+02
9.904547404547403566e-01,1.250000000000000000e+02,1.275289999999999964e+02
9.916344916344916882e-01,1.250000000000000000e+02,1.275679999999999978e+02
9.925461175461175456e-01,1.250000000000000000e+02,1.275790000000000077e+02
9.934577434577435140e-01,1.250000000000000000e+02,1.275040000000000049e+02
9.944229944229944218e-01,1.250000000000000000e+02,1.275160000000000053e+02
9.953882453882454406e-01,1.250000000000000000e+02,1.275280000000000058e+02
9.962998712998712980e-01,1.250000000000000000e+02,1.275300000000000011e+02
9.972114972114972664e-01,1.250000000000000000e+02,1.275909999999999940e+02
9.981231231231231238e-01,1.250000000000000000e+02,1.275300000000000011e+02
9.990883740883741426e-01,1.250000000000000000e+02,1.275160000000000053e+02
1.000000000000000000e+00,1.250000000000000000e+02,1.275160000000000053e+02
