time,Gap_leftedge,Gap_rightedge,Gap_gap,LT_x,LT_y,LT_z
0.000000000000000000e+00,4.653999999999999915e+00,7.900999999999999801e+00,3.246999999999999886e+00,0.000000000000000000e+00,3.867271429681999848e+02,-2.736196607999670238e-01
9.999999999999786837e-03,4.615999999999999659e+00,7.935956044024968570e+00,3.319956044024968023e+00,5.151905719999945177e-01,3.867384950772000138e+02,-2.825451617999810150e-01
2.000000000000046185e-02,4.613789770058575712e+00,8.000393477251051877e+00,3.386603707192476165e+00,1.014803704000001972e+00,3.867419854341999894e+02,-2.804463197999729762e-01
3.000000000000024869e-02,4.600128320077368826e+00,8.048913714147555964e+00,3.448785394070187138e+00,1.510049280000004046e+00,3.867342510842000252e+02,-2.663087697999629855e-01
4.000000000000003553e-02,4.597623912098256049e+00,8.088459900721016282e+00,3.490835988622760233e+00,2.007322787999996194e+00,3.867436317632000282e+02,-2.602312037999899852e-01
4.999999999999982236e-02,4.616999999999999993e+00,8.161125201044722388e+00,3.544125201044721951e+00,2.506651152000003435e+00,3.867521104322000269e+02,-2.591500308000139752e-01
6.000000000000049738e-02,4.613216345738448076e+00,8.220765226089801203e+00,3.607548880351352238e+00,2.995079992000000857e+00,3.867409678732000202e+02,-2.490019987999670115e-01
7.000000000000028422e-02,4.604595880046608691e+00,8.275610117622992590e+00,3.671014237576383898e+00,3.495774531999998658e+00,3.867255139342000234e+02,-2.398360338000080083e-01
8.000000000000007105e-02,4.604000000000000092e+00,8.325422651577298438e+00,3.721422651577298346e+00,3.986345077999999376e+00,3.867294931961999964e+02,-2.367409217999660032e-01
8.999999999999985789e-02,4.584490713458984068e+00,8.359590420362593477e+00,3.775099706903608521e+00,4.473896686000003342e+00,3.867512691082000060e+02,-2.507093797999759843e-01
1.000000000000005329e-01,4.530372622704950558e+00,8.372430570550811524e+00,3.842057947845861854e+00,4.978047701999997798e+00,3.867629996521999942e+02,-2.576386587999819899e-01
1.100000000000003197e-01,4.494911774451842312e+00,8.401531485455581816e+00,3.906619711003741280e+00,5.472524894000002860e+00,3.867511830792000183e+02,-2.524869357999849906e-01
1.200000000000001066e-01,4.474401640499119814e+00,8.446612784621725822e+00,3.972211144122605120e+00,5.978869688000003180e+00,3.867420295901999907e+02,-2.523420007999849779e-01
1.299999999999998934e-01,4.439631882920432204e+00,8.475336461106168784e+00,4.035704578185736580e+00,6.489240272000003529e+00,3.867500874881999948e+02,-2.652569777999619904e-01
1.399999999999996803e-01,4.417395242386996657e+00,8.508682525376675798e+00,4.091287282989678253e+00,7.001404538000002731e+00,3.867442675692000194e+02,-2.661225157999960178e-01
1.500000000000003553e-01,4.424735776282399335e+00,8.562117276184800119e+00,4.137381499902399895e+00,7.504209599999995817e+00,3.867269344201999957e+02,-2.559494448000049771e-01
1.600000000000001421e-01,4.397461669069797630e+00,8.591987761450408101e+00,4.194526092380608695e+00,8.007759008000007839e+00,3.867316546691999974e+02,-2.528540597999620054e-01
1.699999999999999289e-01,4.380060938303742546e+00,8.637819456646964156e+00,4.257758518343221610e+00,8.487208074000008651e+00,3.867549960211999860e+02,-2.598297977999680097e-01
1.799999999999997158e-01,4.364622287661603650e+00,8.683310933489932992e+00,4.318688645828328454e+00,8.989475228000003426e+00,3.867646334711999998e+02,-2.617520787999759735e-01
1.900000000000003908e-01,4.352488121494570983e+00,8.709942403428430069e+00,4.357454281933859974e+00,9.483295368000000281e+00,3.867467802752000239e+02,-2.535791847999950277e-01
2.000000000000001776e-01,4.339351200632547645e+00,8.759649228336355620e+00,4.420298027703808863e+00,9.984446336000004862e+00,3.867233323361999737e+02,-2.463849277999899945e-01
2.099999999999999645e-01,4.364759535031961235e+00,8.822426583537753331e+00,4.457667048505792096e+00,1.048762701200000436e+01,3.867169712021999999e+02,-2.552506068000049977e-01
2.199999999999997513e-01,4.388583633472824985e+00,8.885999999999999233e+00,4.497416366527175136e+00,1.099391547400000491e+01,3.867088054971999895e+02,-2.581091887999900081e-01
2.300000000000004263e-01,4.361305584588877515e+00,8.885999999999999233e+00,4.524694415411122606e+00,1.147729522400000235e+01,3.866983798392000153e+02,-2.469648027999659934e-01
2.400000000000002132e-01,4.335132350802111567e+00,8.888867649197887744e+00,4.553735298395777953e+00,1.197716730999999868e+01,3.867148812831999862e+02,-2.519118527999619772e-01
2.500000000000000000e-01,4.307235809753392708e+00,8.912773596998956549e+00,4.605537787245563841e+00,1.247980652600000440e+01,3.867355471962000024e+02,-2.568729798000140008e-01
2.599999999999997868e-01,4.264740100291149361e+00,8.926003210716384473e+00,4.661263110425234224e+00,1.297804922199999567e+01,3.867279520911999953e+02,-2.517353127999609752e-01
2.700000000000004619e-01,4.216212491547309149e+00,8.931700395483700206e+00,4.715487903936391056e+00,1.349372026000000346e+01,3.867133390252000140e+02,-2.465690087999659885e-01
2.800000000000002487e-01,4.154323707347860051e+00,8.929818683914810151e+00,4.775494976566950101e+00,1.400876565200000812e+01,3.867096868392000033e+02,-2.474415537999999914e-01
2.900000000000000355e-01,4.118936966201100169e+00,8.952763887877139837e+00,4.833826921676040556e+00,1.451514052000000277e+01,3.867175520211999924e+02,-2.503566747999850239e-01
2.999999999999998224e-01,4.134685860928722256e+00,9.017301344246131833e+00,4.882615483317408689e+00,1.501167616200000055e+01,3.867398620921999850e+02,-2.583249797999669917e-01
3.100000000000004974e-01,4.175810863386749894e+00,9.091726595844439984e+00,4.915915732457690090e+00,1.551414393999999675e+01,3.867635301651999953e+02,-2.612967238000090120e-01
3.200000000000002842e-01,4.149547275385458533e+00,9.106807216490569346e+00,4.957259941105110812e+00,1.600015322999999512e+01,3.867772298311999748e+02,-2.682369857999590268e-01
3.300000000000000711e-01,4.107726860477844966e+00,9.108942032551521351e+00,5.001215172073676385e+00,1.650726929399999676e+01,3.867721127012000011e+02,-2.721061457999769950e-01
3.399999999999998579e-01,4.113865797048491757e+00,9.151833823731021056e+00,5.037968026682527523e+00,1.700131875799999648e+01,3.867502448651999885e+02,-2.699190757999669898e-01
3.500000000000005329e-01,4.104868917971693065e+00,9.184502703123692768e+00,5.079633785151999703e+00,1.750540918200000817e+01,3.867279451232000156e+02,-2.687282547999910176e-01
3.600000000000003197e-01,4.077818828378132920e+00,9.207181171621867222e+00,5.129362343243733413e+00,1.801281156800000360e+01,3.867178149851999933e+02,-2.785797037999829806e-01
3.700000000000001066e-01,4.071147041544003642e+00,9.245412421327847241e+00,5.174265379783843599e+00,1.850272839199999453e+01,3.867157047041999931e+02,-2.874633307999969745e-01
3.799999999999998934e-01,4.092934003445790836e+00,9.315114779303080184e+00,5.222180775857289348e+00,1.898442867800000045e+01,3.867171565991999955e+02,-2.893613078000070171e-01
3.899999999999996803e-01,4.075235557073788151e+00,9.346253161050110947e+00,5.271017603976322796e+00,1.947560127600000612e+01,3.867281391001999964e+02,-2.982908477999630104e-01
4.000000000000003553e-01,4.071957557261455918e+00,9.362448244398928310e+00,5.290490687137472392e+00,1.997695331200000624e+01,3.867187147281999842e+02,-2.941460418000009791e-01
4.100000000000001421e-01,4.060297049263221325e+00,9.364950491789462816e+00,5.304653442526241491e+00,2.047776384600000199e+01,3.867012323011999797e+02,-2.939729528000020187e-01
4.199999999999999289e-01,3.969449673205589502e+00,9.324495533771790079e+00,5.355045860566201021e+00,2.100707235199999445e+01,3.866933721492000018e+02,-2.988275047999969791e-01
4.299999999999997158e-01,3.958793363181219771e+00,9.315525698425421552e+00,5.356732335244202226e+00,2.150896788800000081e+01,3.866919740801999978e+02,-2.997109277999729926e-01
4.400000000000003908e-01,3.971000000000000085e+00,9.339088579760854714e+00,5.368088579760854628e+00,2.201212030799999297e+01,3.867036511531999849e+02,-3.056402338000019925e-01
4.500000000000001776e-01,3.966005650125665749e+00,9.347191863819041657e+00,5.381186213693375464e+00,2.251142419000001382e+01,3.867301080532000128e+02,-3.186225857999789857e-01
4.599999999999999645e-01,3.948837123850060582e+00,9.384747798537684815e+00,5.435910674687625566e+00,2.301095451000000480e+01,3.867525961772000187e+02,-3.245908398000080242e-01
4.699999999999997513e-01,3.954306728401620230e+00,9.413568195630519497e+00,5.459261467228899711e+00,2.350258064999999874e+01,3.867556305421999809e+02,-3.224921657999980096e-01
4.800000000000004263e-01,3.935582325068573084e+00,9.408308494127670230e+00,5.472726169059097145e+00,2.400476095400000531e+01,3.867492441612000107e+02,-3.223579197999970058e-01
4.900000000000002132e-01,3.897915599533340103e+00,9.392542200233329197e+00,5.494626600699989538e+00,2.450805318400000488e+01,3.867409250992000125e+02,-3.202165947999879858e-01
5.000000000000000000e-01,3.891422081460999216e+00,9.416424680562279548e+00,5.525002599101279444e+00,2.501291287999998758e+01,3.867226934682000206e+02,-3.140399227999600140e-01
5.099999999999997868e-01,3.880555575972233218e+00,9.424529422573534987e+00,5.543973846601302213e+00,2.551583127200001400e+01,3.867033741672000247e+02,-3.008597997999840068e-01
5.200000000000004619e-01,3.854547082822415316e+00,9.410999999999999588e+00,5.556452917177584716e+00,2.598748926600001141e+01,3.867052791361999766e+02,-2.957615637999880254e-01
5.300000000000002487e-01,3.880201388169914001e+00,9.443366420680481710e+00,5.563165032510568153e+00,2.648374102799999719e+01,3.867325634072000184e+02,-3.087475137999640129e-01
5.400000000000000355e-01,3.897581347395311813e+00,9.487125308454448458e+00,5.589543961059136201e+00,2.697956439600000067e+01,3.867498069992000183e+02,-3.216981347999979812e-01
5.499999999999998224e-01,3.877355820330933067e+00,9.497585767186762951e+00,5.620229946855829439e+00,2.748142741600000249e+01,3.867314290671999970e+02,-3.085215677999639805e-01
5.600000000000004974e-01,3.843537453130736470e+00,9.489973339228935600e+00,5.646435886098199575e+00,2.799148093799999515e+01,3.867274918862000277e+02,-3.093942177999979837e-01
5.700000000000002842e-01,3.809422866365649529e+00,9.474819890510136844e+00,5.665397024144488647e+00,2.852475734800000851e+01,3.867378556012000104e+02,-3.233122408000079773e-01
5.800000000000000711e-01,3.773107524762914444e+00,9.441107524762914593e+00,5.668000000000000149e+00,2.903287112000001002e+01,3.867328060542000117e+02,-3.241813977999830065e-01
5.899999999999998579e-01,3.753401984945109682e+00,9.410717830259123673e+00,5.657315845314014879e+00,2.954132577000001447e+01,3.867217839392000087e+02,-3.200293747999650162e-01
6.000000000000005329e-01,3.778543247759003965e+00,9.459121630305777018e+00,5.680578382546772609e+00,3.003965575999998805e+01,3.867302056092000271e+02,-3.189482227999880237e-01
6.100000000000003197e-01,3.814185875556023841e+00,9.448888670877044760e+00,5.634702795321021362e+00,3.050612485400000651e+01,3.867528236141999969e+02,-3.209242637999979997e-01
6.200000000000001066e-01,3.751554356975975502e+00,9.460066163111385151e+00,5.708511806135409650e+00,3.100223121400000537e+01,3.867651071181999782e+02,-3.248572637999599944e-01
6.299999999999998934e-01,3.740681233326008215e+00,9.509539451294449108e+00,5.768858217968439561e+00,3.148872141399999691e+01,3.867528345531999889e+02,-3.197057087999650160e-01
6.399999999999996803e-01,3.728172877377536665e+00,9.530985593551871915e+00,5.802812716174335250e+00,3.197811788800001409e+01,3.867247409061999974e+02,-3.034976178000020064e-01
6.500000000000003553e-01,3.740010329689184232e+00,9.530123956270207586e+00,5.790113626581023354e+00,3.246766198399998871e+01,3.867116127461999895e+02,-3.063424167999870273e-01
6.600000000000001421e-01,3.738056798843103934e+00,9.554438133461877314e+00,5.816381334618773380e+00,3.297706000799999515e+01,3.867016142461999948e+02,-3.111938537999829890e-01
6.699999999999999289e-01,3.715141185581073646e+00,9.556858814418927039e+00,5.841717628837852061e+00,3.346905461599999398e+01,3.866806484201999865e+02,-3.040103907999779920e-01
6.799999999999997158e-01,3.713777964149441946e+00,9.555682566307062586e+00,5.841904602157621085e+00,3.397211885400000142e+01,3.866763228301999789e+02,-3.018832057999700225e-01
6.900000000000003908e-01,3.711592926838221285e+00,9.568671535164339659e+00,5.857078608326117042e+00,3.447070824200000061e+01,3.866977485311999772e+02,-3.098479338000070249e-01
7.000000000000001776e-01,3.749829442350009145e+00,9.636035255190897431e+00,5.886205812840888285e+00,3.497001167999999893e+01,3.867242124872000204e+02,-3.208302977999750172e-01
7.099999999999999645e-01,3.723149324024164653e+00,9.636041152314653857e+00,5.912891828290488760e+00,3.549775094399998920e+01,3.867262931281999840e+02,-3.217202448000069936e-01
7.199999999999997513e-01,3.677742631892950254e+00,9.613947347481461847e+00,5.936204715588512038e+00,3.601419236399999591e+01,3.867157305331999737e+02,-3.165680598000120138e-01
7.300000000000004263e-01,3.657205916059039996e+00,9.602772089720787108e+00,5.945566173661746667e+00,3.653568243000000848e+01,3.867044580932000031e+02,-3.104122407999829747e-01
7.400000000000002132e-01,3.629249080147310735e+00,9.583032289570599715e+00,5.953783209423288092e+00,3.704616434600001185e+01,3.867105615912000189e+02,-3.113202197999599963e-01
7.500000000000000000e-01,3.589302830582767445e+00,9.556535220388512997e+00,5.967232389805744219e+00,3.755764374800000382e+01,3.867167362001999891e+02,-3.082282017999740109e-01
7.599999999999997868e-01,3.558199210550524239e+00,9.545655936844042344e+00,5.987456726293517661e+00,3.803429205800000545e+01,3.867189508601999819e+02,-2.961299027999729772e-01
7.700000000000004619e-01,3.549999999999999822e+00,9.547087323172108952e+00,5.997087323172109130e+00,3.852241098199999669e+01,3.867307854282000221e+02,-2.980630827999820043e-01
7.800000000000002487e-01,3.541185275564507240e+00,9.547321944274193228e+00,6.006136668709685544e+00,3.900804776600000423e+01,3.867334636872000146e+02,-2.999645107999929783e-01
7.900000000000000355e-01,3.595348378384548571e+00,9.604692778627418548e+00,6.009344400242870421e+00,3.949134244199998989e+01,3.867069859741999949e+02,-2.947635497999970267e-01
7.999999999999998224e-01,3.644612102258500297e+00,9.664779363613600793e+00,6.020167261355100052e+00,3.998878668000000403e+01,3.866782899752000162e+02,-2.955516537999730020e-01
8.100000000000004974e-01,3.611595014035688500e+00,9.633230714877830891e+00,6.021635700842141503e+00,4.049071069400000056e+01,3.866588501712000152e+02,-3.003714437999689957e-01
8.200000000000002842e-01,3.610529104667850930e+00,9.643440485502663861e+00,6.032911380834812931e+00,4.098807012200001054e+01,3.866491836911999940e+02,-3.002266977999690223e-01
8.300000000000000711e-01,3.625443231022478674e+00,9.679330375617292148e+00,6.053887144594813030e+00,4.147436373600001502e+01,3.866579021012000226e+02,-3.041493027999869758e-01
8.399999999999998579e-01,3.605705546952420626e+00,9.675456832974379751e+00,6.069751286021960013e+00,4.197800065999999219e+01,3.866786355972000138e+02,-3.061104267999970041e-01
8.500000000000005329e-01,3.603000000000000203e+00,9.672212009431211399e+00,6.069212009431210753e+00,4.246571948799999063e+01,3.866974763811999765e+02,-3.030683818000109997e-01
8.600000000000003197e-01,3.603000000000000203e+00,9.660858822774144983e+00,6.057858822774144336e+00,4.297714144799999758e+01,3.867046564141999738e+02,-2.979799107999590024e-01
8.700000000000001066e-01,3.585567697554706612e+00,9.662227687810251098e+00,6.076659990255545374e+00,4.349694894199998885e+01,3.867053109191999738e+02,-2.908665388000110097e-01
8.799999999999998934e-01,3.580049692332430311e+00,9.679294368153955830e+00,6.099244675821525519e+00,4.401592905600000449e+01,3.867029133212000147e+02,-2.837425828000060268e-01
8.899999999999996803e-01,3.597182500427937413e+00,9.701817499572062076e+00,6.104634999144125551e+00,4.453103078000000892e+01,3.866982733511999868e+02,-2.816116107999960261e-01
9.000000000000003553e-01,3.562715672302157355e+00,9.689375246047898571e+00,6.126659573745740772e+00,4.502645068000001061e+01,3.866874909772000137e+02,-2.824633657999729985e-01
9.100000000000001421e-01,3.497518518206122362e+00,9.632280701458432404e+00,6.134762183252309597e+00,4.550812044799999967e+01,3.866719312572000149e+02,-2.793012987999869967e-01
9.199999999999999289e-01,3.469450893236863731e+00,9.618748282236799341e+00,6.149297388999936942e+00,4.598711171200000081e+01,3.866682026752000070e+02,-2.861816337999920079e-01
9.299999999999997158e-01,3.451005734101624700e+00,9.625005734101623744e+00,6.174000000000000377e+00,4.648418836999999826e+01,3.866634927552000249e+02,-2.960545027999830214e-01
9.400000000000003908e-01,3.435999999999999943e+00,9.615894373254143090e+00,6.179894373254144035e+00,4.697213359400001309e+01,3.866432796611999834e+02,-2.938746287999730034e-01
9.500000000000001776e-01,3.441763499421717665e+00,9.629243791040194012e+00,6.187480291618476791e+00,4.747981897200000390e+01,3.866281894351999995e+02,-2.947084568000060134e-01
9.599999999999999645e-01,3.474924969874217062e+00,9.668620636578378225e+00,6.193695666704161162e+00,4.799275384200001326e+01,3.866264164592000157e+02,-2.965881077999589777e-01
9.699999999999997513e-01,3.514809153034825329e+00,9.706108393456716499e+00,6.191299240421891170e+00,4.849148148599999786e+01,3.866278707211999972e+02,-2.894822468000110005e-01
9.800000000000004263e-01,3.507972539898724040e+00,9.701176465326186715e+00,6.193203925427463119e+00,4.899440347199998769e+01,3.866435800741999742e+02,-2.844257587999590164e-01
9.900000000000002132e-01,3.508384261383740821e+00,9.704713956999187374e+00,6.196329695615446553e+00,4.949641504400000258e+01,3.866752386192000017e+02,-2.864257887999689944e-01
1.000000000000000000e+00,3.478365947141421000e+00,9.699995146256769729e+00,6.221629199115348285e+00,5.000187483600001315e+01,3.866991270812000039e+02,-2.753975538000010270e-01
1.009999999999999787e+00,3.441255378018623912e+00,9.694446812715616701e+00,6.253191434696992346e+00,5.049509718400000224e+01,3.867092887161999784e+02,-2.663236247999870021e-01
1.020000000000000462e+00,3.415453325146367458e+00,9.706216671783520766e+00,6.290763346637152864e+00,5.099593512800001349e+01,3.867088672962000260e+02,-2.572106637999719836e-01
1.030000000000000249e+00,3.411000000000000032e+00,9.698665844043061313e+00,6.287665844043061725e+00,5.148068642399999817e+01,3.867095094602000245e+02,-2.541050727999860093e-01
1.040000000000000036e+00,3.433298966547075892e+00,9.708487421266363882e+00,6.275188454719286213e+00,5.197405346600001508e+01,3.866995973442000150e+02,-2.589603807999820151e-01
1.049999999999999822e+00,3.424247132183138920e+00,9.720848801061716671e+00,6.296601668878579083e+00,5.246850147200001402e+01,3.866707479881999916e+02,-2.547485777999620171e-01
1.060000000000000497e+00,3.423000000000000043e+00,9.722615939295733867e+00,6.299615939295732936e+00,5.295579053200000885e+01,3.866444841591999761e+02,-2.535475087999869981e-01
1.070000000000000284e+00,3.418017909291650724e+00,9.712582901246179290e+00,6.294564991954527677e+00,5.345398022599999877e+01,3.866378239182000129e+02,-2.664132687999620219e-01
1.080000000000000071e+00,3.400114728915525131e+00,9.694514490268703710e+00,6.294399761353179024e+00,5.395045771799999557e+01,3.866260648951999883e+02,-2.772614077999859816e-01
1.089999999999999858e+00,3.392281575420068584e+00,9.695328504656746560e+00,6.303046929236677975e+00,5.444889677800000527e+01,3.865974823431999994e+02,-2.620495868000010109e-01
1.100000000000000533e+00,3.391046473930698468e+00,9.701420539494225892e+00,6.310374065563526536e+00,5.494480029400000376e+01,3.865957705042000043e+02,-2.549331837999950223e-01
1.110000000000000320e+00,3.361591993491746866e+00,9.700374153679275580e+00,6.338782160187529158e+00,5.546213012999999137e+01,3.866222832422000124e+02,-2.599116707999920006e-01
1.120000000000000107e+00,3.374974939991413958e+00,9.717932653840650303e+00,6.342957713849235901e+00,5.596234065199999463e+01,3.866328509261999784e+02,-2.488376067999679975e-01
1.129999999999999893e+00,3.415487649982337448e+00,9.734311889468106216e+00,6.318824239485769212e+00,5.647022176999999488e+01,3.866318689391999897e+02,-2.287210297999849873e-01
1.139999999999999680e+00,3.434755344045964165e+00,9.747755344045964776e+00,6.312999999999999723e+00,5.697485329400001319e+01,3.866527194102000067e+02,-2.136822347999990102e-01
1.150000000000000355e+00,3.412539684425338393e+00,9.725539684425339004e+00,6.312999999999999723e+00,5.746653913800000169e+01,3.866897981732000176e+02,-2.157036848000090101e-01
1.160000000000000142e+00,3.398131884821218307e+00,9.711131884821218918e+00,6.312999999999999723e+00,5.796618256600001473e+01,3.867103036731999737e+02,-2.176648927999600136e-01
1.169999999999999929e+00,3.409805131464645367e+00,9.710914652247474521e+00,6.301109520782829598e+00,5.846142991799999322e+01,3.867025410992000047e+02,-2.115272947999889963e-01
1.179999999999999716e+00,3.374683150172872903e+00,9.684926364226678075e+00,6.310243214053804728e+00,5.896400854199998776e+01,3.866891767262000030e+02,-2.083683218000030035e-01
1.190000000000000391e+00,3.347047962902521601e+00,9.661623517732783384e+00,6.314575554830261339e+00,5.946119897400001264e+01,3.866824735981999765e+02,-2.172341267999610137e-01
1.200000000000000178e+00,3.346161752971303915e+00,9.674070701808796358e+00,6.327908948837491998e+00,5.996295399199999565e+01,3.866659971462000271e+02,-2.310644677999710017e-01
1.209999999999999964e+00,3.325995254497822629e+00,9.678995254497822387e+00,6.352999999999999758e+00,6.045035660400000666e+01,3.866377436372000034e+02,-2.278563407999850132e-01
1.219999999999999751e+00,3.347148089716835528e+00,9.701925166318861926e+00,6.354777076602026398e+00,6.093895888000000127e+01,3.866235671662000186e+02,-2.286976377999609955e-01
1.230000000000000426e+00,3.345942151630891814e+00,9.709042599290176767e+00,6.363100447659284953e+00,6.143840168400001289e+01,3.866300420431999783e+02,-2.296093827999949877e-01
1.240000000000000213e+00,3.337569306097329935e+00,9.690752827961425453e+00,6.353183521864094629e+00,6.193518868999998972e+01,3.866303980512000180e+02,-2.185000527999700071e-01
1.250000000000000000e+00,3.356594257725534103e+00,9.714239501433789670e+00,6.357645243708256011e+00,6.244418439800000442e+01,3.866274410472000227e+02,-2.083763247999800006e-01
1.259999999999999787e+00,3.383219358496746931e+00,9.748864767785333285e+00,6.365645409288586798e+00,6.296370668000000137e+01,3.866330909202000043e+02,-2.002806337999979980e-01
1.270000000000000462e+00,3.389423135482096061e+00,9.749722306807472094e+00,6.360299171325376477e+00,6.347646789199998807e+01,3.866343553841999778e+02,-1.901709618000080038e-01
1.280000000000000249e+00,3.367601098692856176e+00,9.720601098692856823e+00,6.352999999999999758e+00,6.397491032400000677e+01,3.866408050141999979e+02,-1.820827817999700060e-01
1.290000000000000036e+00,3.374933258618425302e+00,9.740258833550109685e+00,6.365325574931683938e+00,6.448160025600000722e+01,3.866606970272000012e+02,-1.880402837999979870e-01
1.299999999999999822e+00,3.393125200173448874e+00,9.762999999999999901e+00,6.369874799826551026e+00,6.498635065999999938e+01,3.866794731461999959e+02,-1.949942868000019980e-01
1.310000000000000497e+00,3.391182720648436177e+00,9.761760494663350940e+00,6.370577774014916095e+00,6.547780824800000232e+01,3.866854638071999943e+02,-2.039061517999599948e-01
1.320000000000000284e+00,3.360344892712739728e+00,9.760999999999999233e+00,6.400655107287260392e+00,6.598281578800001057e+01,3.866821941352000067e+02,-2.177823637999700135e-01
1.330000000000000071e+00,3.339232056698502760e+00,9.761674457177038633e+00,6.422442400478535873e+00,6.647275953600001230e+01,3.866620668151999780e+02,-2.236023997999989910e-01
1.339999999999999858e+00,3.363578694902278343e+00,9.771776921940253047e+00,6.408198227037974704e+00,6.696421486200000572e+01,3.866330076542000143e+02,-2.303905938000050113e-01
1.350000000000000533e+00,3.353563129129666365e+00,9.764115352312613183e+00,6.410552223182946818e+00,6.745755182999999988e+01,3.866060768671999881e+02,-2.321858458000130021e-01
1.360000000000000320e+00,3.317895067603872317e+00,9.729310597477759615e+00,6.411415529873887742e+00,6.795924607599999945e+01,3.865906587591999823e+02,-2.290198237999709896e-01
1.370000000000000107e+00,3.311595519922314601e+00,9.720202240038842589e+00,6.408606720116527988e+00,6.845637440400000173e+01,3.865850351432000025e+02,-2.148893017999609911e-01
1.379999999999999893e+00,3.288559347326405646e+00,9.710984364356310294e+00,6.422425017029904204e+00,6.895256583799999817e+01,3.866133707021999726e+02,-2.128788768000079989e-01
1.389999999999999680e+00,3.343843236146361697e+00,9.768761382751858235e+00,6.424918146605497427e+00,6.944975386999999500e+01,3.866417914841999846e+02,-2.028684787999600059e-01
1.400000000000000355e+00,3.361022271831341612e+00,9.789305298406478784e+00,6.428283026575138059e+00,6.994240646000000083e+01,3.866619332711999846e+02,-1.948298937999800029e-01
1.410000000000000142e+00,3.324847013265982199e+00,9.763977322999210173e+00,6.439130309733227975e+00,7.045271582800000942e+01,3.866710565692000046e+02,-1.887485198000080078e-01
1.419999999999999929e+00,3.337190493181583228e+00,9.780095424997416131e+00,6.442904931815832015e+00,7.096819005800000468e+01,3.866774380062000205e+02,-1.916563817999930031e-01
1.429999999999999716e+00,3.335500080505189757e+00,9.790999935595849024e+00,6.455499855090658379e+00,7.148611790800001131e+01,3.866759323851999852e+02,-1.985358977999980012e-01
1.440000000000000391e+00,3.319345541539359346e+00,9.797650079744412821e+00,6.478304538205053476e+00,7.200290287000001399e+01,3.866593548861999921e+02,-2.003624608000069973e-01
1.450000000000000178e+00,3.303281366705599797e+00,9.785677565355134888e+00,6.482396198649536423e+00,7.249937969600000542e+01,3.866476064472000189e+02,-2.082106177999890062e-01
1.459999999999999964e+00,3.285431667983829129e+00,9.779978324113194788e+00,6.494546656129365658e+00,7.298162459200000285e+01,3.866570670052000196e+02,-2.201367937999889890e-01
1.469999999999999751e+00,3.291562613501223034e+00,9.793781306750611648e+00,6.502218693249388615e+00,7.346335739400001330e+01,3.866754987631999825e+02,-2.360947608000079911e-01
1.480000000000000426e+00,3.315182379279828062e+00,9.807071869434151878e+00,6.491889490154322928e+00,7.395800535800000830e+01,3.866606906142000071e+02,-2.299324387999809871e-01
1.490000000000000213e+00,3.329623583539545795e+00,9.820426952616623240e+00,6.490803369077077889e+00,7.444591717800000197e+01,3.866235117691999790e+02,-2.096925987999989915e-01
1.500000000000000000e+00,3.325414064355789456e+00,9.823707032177894760e+00,6.498292967822105304e+00,7.494818007200001375e+01,3.865981311492000145e+02,-2.004912627999839991e-01
1.509999999999999787e+00,3.292428472284068874e+00,9.804454148900044075e+00,6.512025676615975200e+00,7.545135719600000357e+01,3.865918264631999932e+02,-1.933570377999800083e-01
1.520000000000000462e+00,3.267029876383806375e+00,9.792542738510562117e+00,6.525512862126756630e+00,7.593616282600001455e+01,3.865915125952000153e+02,-1.782479837999919881e-01
1.530000000000000249e+00,3.240618196493151526e+00,9.786585458947945071e+00,6.545967262454793989e+00,7.643075427799999488e+01,3.866127808602000187e+02,-1.662129157999920059e-01
1.540000000000000036e+00,3.244202287958321662e+00,9.800427001963532447e+00,6.556224714005209897e+00,7.693037011600000596e+01,3.866513139831999979e+02,-1.682377328000020100e-01
1.549999999999999822e+00,3.261304498172146182e+00,9.827128029245663754e+00,6.565823531073517572e+00,7.743155430799998840e+01,3.866799204252000095e+02,-1.702271788000120079e-01
1.560000000000000497e+00,3.268955285251670784e+00,9.846584689628063103e+00,6.577629404376392763e+00,7.792954319800000462e+01,3.866943181912000114e+02,-1.731672127999970001e-01
1.570000000000000284e+00,3.291771600383250451e+00,9.883283696597871426e+00,6.591512096214620087e+00,7.844467765999999642e+01,3.867066545562000215e+02,-1.860962247999740082e-01
1.580000000000000071e+00,3.288335559119274443e+00,9.883335559119274194e+00,6.594999999999999751e+00,7.895233633600000189e+01,3.867095778411999731e+02,-1.909936377999690016e-01
1.589999999999999858e+00,3.263547922308231097e+00,9.868526623504573436e+00,6.604978701196341895e+00,7.945968061400000693e+01,3.867004637111999727e+02,-1.958486517999639964e-01
1.600000000000000533e+00,3.247982073346147303e+00,9.864304934360946575e+00,6.616322861014798384e+00,7.996197513600000661e+01,3.866920770661999995e+02,-1.967073297999979986e-01
1.610000000000000320e+00,3.234850487849843859e+00,9.827764085511992320e+00,6.592913597662148462e+00,8.044567172600000049e+01,3.866936500151999780e+02,-1.966052767999990070e-01
1.620000000000000107e+00,3.221995351726673729e+00,9.814842220691801344e+00,6.592846868965127172e+00,8.093336136799999281e+01,3.866954580162000070e+02,-1.945031517999880055e-01
1.629999999999999893e+00,3.209496996422333215e+00,9.803715674848159978e+00,6.594218678425827207e+00,8.142050750999999309e+01,3.866892397142000277e+02,-1.873727977999840033e-01
1.639999999999999680e+00,3.234492725655647938e+00,9.839492725655649252e+00,6.605000000000000426e+00,8.191409810400000424e+01,3.866754046862000109e+02,-1.722140857999970021e-01
1.650000000000000355e+00,3.259929244868524645e+00,9.866555206364468589e+00,6.606625961495944388e+00,8.241690072400001554e+01,3.866581103451999866e+02,-1.510410807999819915e-01
1.660000000000000142e+00,3.231782677980906460e+00,9.882586875688943451e+00,6.650804197708035659e+00,8.293028957999999307e+01,3.866483821772000056e+02,-1.438925057999760060e-01
1.669999999999999929e+00,3.222227575531447119e+00,9.899461812754731582e+00,6.677234237223283131e+00,8.344584595599999943e+01,3.866357764311999858e+02,-1.357332897999949939e-01
1.679999999999999716e+00,3.216159603118811994e+00,9.914579801559405325e+00,6.698420198440594220e+00,8.394334967599999686e+01,3.866411283581999783e+02,-1.396415237999590053e-01
1.690000000000000391e+00,3.191846330193889969e+00,9.904603563861067883e+00,6.712757233667178802e+00,8.446319079599999213e+01,3.866587450861999855e+02,-1.515881117999590133e-01
1.700000000000000178e+00,3.173842654414818831e+00,9.898921327207409249e+00,6.725078672792590417e+00,8.495473545600000875e+01,3.866807560501999887e+02,-1.635564977999600100e-01
1.709999999999999964e+00,3.152772837750172030e+00,9.880545675500343350e+00,6.727772837750171320e+00,8.545477942400000870e+01,3.866942482782000070e+02,-1.724929187999729996e-01
1.719999999999999751e+00,3.150555176251168099e+00,9.883054322816297699e+00,6.732499146565128711e+00,8.595382612800000288e+01,3.867076658671999780e+02,-1.864293307999839999e-01
1.730000000000000426e+00,3.180599888872417402e+00,9.932440891718041343e+00,6.751841002845623940e+00,8.645577910599999427e+01,3.867052623742000037e+02,-1.893092067999699868e-01
1.740000000000000213e+00,3.203034003469725111e+00,9.965654173895261536e+00,6.762620170425535093e+00,8.695131122600000140e+01,3.866925114882000116e+02,-1.821539397999639986e-01
1.750000000000000000e+00,3.200594722916656032e+00,9.969211829340267172e+00,6.768617106423612029e+00,8.744983802400000172e+01,3.866799386551999760e+02,-1.729986218000069964e-01
1.759999999999999787e+00,3.178696351103047046e+00,9.964334475042425865e+00,6.785638123939377486e+00,8.794713934399999289e+01,3.866712881831999766e+02,-1.678574408000109985e-01
1.770000000000000462e+00,3.178890650578830801e+00,9.972255604108914540e+00,6.793364953530083739e+00,8.842646771200000444e+01,3.866616470092000100e+02,-1.527166977999689923e-01
1.780000000000000249e+00,3.184000000000000163e+00,9.970029192077248581e+00,6.786029192077249306e+00,8.892020370800000251e+01,3.866628127481999968e+02,-1.466109357999960117e-01
1.790000000000000036e+00,3.155872247234171368e+00,9.957345306841283161e+00,6.801473059607112681e+00,8.941824848600001019e+01,3.866762297861999969e+02,-1.445474647999870077e-01
1.799999999999999822e+00,3.145854787245935036e+00,9.956564361737806124e+00,6.810709574491870200e+00,8.991640836999999919e+01,3.866876324482000200e+02,-1.474768937999720031e-01
1.810000000000000497e+00,3.168580744204066768e+00,1.000306471817629550e+01,6.834483973972229620e+00,9.042677806599999712e+01,3.866957044581999980e+02,-1.563918947999879960e-01
1.820000000000000284e+00,3.182904081584975842e+00,1.003776020396243851e+01,6.854856122377463556e+00,9.094171145999999339e+01,3.866940172562000271e+02,-1.662714557999790121e-01
1.830000000000000071e+00,3.185000000000000053e+00,1.004499021143547388e+01,6.859990211435474272e+00,9.146126377400000251e+01,3.866816006981999863e+02,-1.691120897999640049e-01
1.839999999999999858e+00,3.146559005332574710e+00,1.001891399917960435e+01,6.872354993847029192e+00,9.197670859600000881e+01,3.866709528801999909e+02,-1.719598778000059891e-01
1.850000000000000533e+00,3.161296001536437306e+00,1.001929600153643740e+01,6.857999999999999652e+00,9.249186998199999721e+01,3.866652722061999725e+02,-1.818252987999980086e-01
1.860000000000000320e+00,3.170999999999999819e+00,1.003143477886158053e+01,6.860434778861581151e+00,9.298894464200000698e+01,3.866605940381999744e+02,-1.826982217999749969e-01
1.870000000000000107e+00,3.167573691471348596e+00,1.004371183423937097e+01,6.876138142768023265e+00,9.347229902200001561e+01,3.866681607232000033e+02,-1.816173847999980051e-01
1.879999999999999893e+00,3.154889681013955283e+00,1.005300000000000082e+01,6.898110318986044653e+00,9.397068490000000907e+01,3.866756016652000199e+02,-1.755327277999690072e-01
1.889999999999999680e+00,3.145000000000000018e+00,1.005300000000000082e+01,6.908000000000000362e+00,9.445289550399999712e+01,3.866681105842000079e+02,-1.653989617999780115e-01
1.900000000000000355e+00,3.158680182346654153e+00,1.005997421060809849e+01,6.901294028261443891e+00,9.494694297000000915e+01,3.866462745001999792e+02,-1.542119458000109911e-01
1.910000000000000142e+00,3.196313700685985193e+00,1.007554929245416453e+01,6.879235591768179781e+00,9.544658347000000731e+01,3.866317407622000246e+02,-1.510495007999690109e-01
1.919999999999999929e+00,3.197000000000000064e+00,1.006799999999999962e+01,6.871000000000000441e+00,9.595221421400000850e+01,3.866175490182000090e+02,-1.478869297999829968e-01
1.929999999999999716e+00,3.197000000000000064e+00,1.007287447892796806e+01,6.875874478927968880e+00,9.644341129400001478e+01,3.866105532881999807e+02,-1.427529447999859868e-01
1.940000000000000391e+00,3.186961611286800000e+00,1.007036314683532829e+01,6.883401535548528294e+00,9.693549878799998964e+01,3.866406011391999868e+02,-1.567495777999980133e-01
1.950000000000000178e+00,3.178404171078877294e+00,1.007422725614757297e+01,6.895823085068697011e+00,9.744787015800000063e+01,3.866837946332000229e+02,-1.797881357999639995e-01
1.959999999999999964e+00,3.185550212341561771e+00,1.008749787658438279e+01,6.901947664242820579e+00,9.794286481399998934e+01,3.866980072901999961e+02,-1.867282087999700135e-01
1.969999999999999751e+00,3.163538375086514254e+00,1.006140228373703316e+01,6.897863908650518461e+00,9.844998087799999098e+01,3.866928901602000224e+02,-1.905973687999890087e-01
1.980000000000000426e+00,3.130396857085141704e+00,1.003272283516039565e+01,6.902325978075253943e+00,9.896146361000000979e+01,3.866990118492000192e+02,-2.025052607999890120e-01
1.990000000000000213e+00,3.116591491344935072e+00,1.003137021304927679e+01,6.914778721704340825e+00,9.947451336399998922e+01,3.866952280251999809e+02,-2.083778177999610071e-01
2.000000000000000000e+00,3.120184353318810278e+00,1.004283739665252462e+01,6.922653043333715672e+00,9.998476214000001505e+01,3.866703210371999830e+02,-1.941763438000080055e-01
2.009999999999999787e+00,3.161229630201927154e+00,1.007698746473964668e+01,6.915757834537719972e+00,1.004905051039999933e+02,3.866541607812000052e+02,-1.830067507999829923e-01
2.020000000000000462e+00,3.170907240509325486e+00,1.008546075560009925e+01,6.914553515090773317e+00,1.009960508160000074e+02,3.866590020841999831e+02,-1.779113357999879963e-01
2.030000000000000249e+00,3.158475516603507227e+00,1.007286725094738600e+01,6.914391734343878326e+00,1.014765792919999967e+02,3.866634308921999832e+02,-1.688200047999730002e-01
2.040000000000000036e+00,3.152373611749192062e+00,1.005979355208865123e+01,6.907419940339458719e+00,1.019698868940000125e+02,3.866545559521999849e+02,-1.626789138000019896e-01
2.049999999999999822e+00,3.151950747437816336e+00,1.006202009319748036e+01,6.910069345759663584e+00,1.024652484640000125e+02,3.866447931142000130e+02,-1.575342398000069977e-01
2.060000000000000497e+00,3.174466010728833165e+00,1.007570837474137626e+01,6.901242364012542652e+00,1.029712519360000158e+02,3.866416192492000050e+02,-1.604104967999920028e-01
2.070000000000000284e+00,3.165329607864810324e+00,1.006397227307503073e+01,6.898642665210220848e+00,1.034843036880000113e+02,3.866378036731999828e+02,-1.752829997999789946e-01
2.080000000000000071e+00,3.168850272033428173e+00,1.006730023317151002e+01,6.898449961138081399e+00,1.039867707580000058e+02,3.866263972282000054e+02,-1.831310307999599873e-01
2.089999999999999858e+00,3.191547035220378081e+00,1.008954703522037910e+01,6.897999999999999687e+00,1.044845601339999916e+02,3.866267467312000008e+02,-1.900215717999640119e-01
2.100000000000000533e+00,3.197000000000000064e+00,1.009421950207467589e+01,6.897219502074675823e+00,1.049782729800000141e+02,3.866458695332000275e+02,-2.039792987999760054e-01
2.110000000000000320e+00,3.197000000000000064e+00,1.008493446077303979e+01,6.887934460773039724e+00,1.054851917919999948e+02,3.866617539622000095e+02,-2.139226367999650102e-01
2.120000000000000107e+00,3.185696391669077254e+00,1.005856688125542497e+01,6.872870489586346388e+00,1.059919636479999951e+02,3.866626623202000133e+02,-2.078130667999940062e-01
2.129999999999999893e+00,3.170999999999999819e+00,1.004177981291721622e+01,6.870779812917215956e+00,1.065029561039999919e+02,3.866598193141999786e+02,-1.976892968000029949e-01
2.139999999999999680e+00,3.170999999999999819e+00,1.005113335830136734e+01,6.880133358301368851e+00,1.070167742419999968e+02,3.866601177132000089e+02,-1.945760267999600002e-01
2.150000000000000355e+00,3.149495106966368585e+00,1.003972020758136807e+01,6.890225100614998155e+00,1.075089685860000088e+02,3.866531966222000278e+02,-1.844420507999700032e-01
2.160000000000000142e+00,3.116981638557874579e+00,1.001262237301556013e+01,6.895640734457685106e+00,1.080051568700000075e+02,3.866464964712000096e+02,-1.763079787999889958e-01
2.169999999999999929e+00,3.107316989568628784e+00,1.001014709388234358e+01,6.902830104313714799e+00,1.085007192859999918e+02,3.866507607281999981e+02,-1.732127618000020020e-01
2.179999999999999716e+00,3.125291081238600999e+00,1.003348601098723414e+01,6.908194929748631807e+00,1.089789686880000090e+02,3.866600250422000045e+02,-1.761390757999869994e-01
2.190000000000000391e+00,3.180718551560024032e+00,1.007982259577439521e+01,6.899104044214370290e+00,1.094732501820000152e+02,3.866691853322000156e+02,-1.840614887999700022e-01
2.200000000000000178e+00,3.196000000000000174e+00,1.008219707395252307e+01,6.886197073952522452e+00,1.099641090480000116e+02,3.866681198342000130e+02,-1.959486117999700017e-01
2.209999999999999964e+00,3.185644899831975962e+00,1.005915272467795241e+01,6.873507824845977332e+00,1.104649198040000044e+02,3.866506338791999724e+02,-1.967755168000039911e-01
2.219999999999999751e+00,3.207299894314921129e+00,1.008826139212835216e+01,6.880961497813430583e+00,1.109682129219999922e+02,3.866423007052000003e+02,-1.986341678000130007e-01
2.230000000000000426e+00,3.198087707491978904e+00,1.008178946356455263e+01,6.883701756072574618e+00,1.114869688180000082e+02,3.866438366031999863e+02,-2.085242498000040023e-01
2.240000000000000213e+00,3.144978485563555193e+00,1.005599913942254098e+01,6.911020653858986229e+00,1.120087752800000089e+02,3.866445698261999837e+02,-2.114107757999899861e-01
2.250000000000000000e+00,3.120318813894697563e+00,1.005529604147364786e+01,6.934977227578949410e+00,1.125140052620000120e+02,3.866373948821999988e+02,-2.002729977999659905e-01
2.259999999999999787e+00,3.137058997549050154e+00,1.007173197700984169e+01,6.934672979460791531e+00,1.130240298619999919e+02,3.866515064921999851e+02,-1.952092927999700134e-01
2.270000000000000462e+00,3.187563216054614568e+00,1.013612643210922748e+01,6.948563216054614244e+00,1.135100091200000065e+02,3.866832725891999871e+02,-1.912132298000079889e-01
2.280000000000000249e+00,3.208155591815927021e+00,1.017326579641775197e+01,6.965110204601825394e+00,1.139993811539999911e+02,3.867082422752000070e+02,-1.811923947999599938e-01
2.290000000000000036e+00,3.202471992602330175e+00,1.014672306980993355e+01,6.944251077207602485e+00,1.144945998059999965e+02,3.867185249642000144e+02,-1.701184357999930008e-01
2.299999999999999822e+00,3.180427913161753661e+00,1.012340698778884551e+01,6.942979074627092295e+00,1.149960649500000045e+02,3.867071179682000093e+02,-1.619665838000109992e-01
2.310000000000000497e+00,3.170638992380126808e+00,1.010592677210736845e+01,6.935287779727242530e+00,1.154953899420000027e+02,3.866805644551999990e+02,-1.537617697999739963e-01
2.320000000000000284e+00,3.179703990104889133e+00,1.012029106093866737e+01,6.940587070833778682e+00,1.159860720000000072e+02,3.866475006872000222e+02,-1.475359228000019951e-01
2.330000000000000071e+00,3.175047941796711015e+00,1.011704794179671119e+01,6.942000000000000171e+00,1.164871125239999969e+02,3.866259930361999864e+02,-1.563486397999580002e-01
2.339999999999999858e+00,3.165162416048290961e+00,1.010827878157560811e+01,6.943116365527317591e+00,1.169714950880000117e+02,3.866155538172000092e+02,-1.652041127999729908e-01
2.350000000000000533e+00,3.162381508947087472e+00,1.011110716898737927e+01,6.948725660040291352e+00,1.174638374980000037e+02,3.866235911571999964e+02,-1.761230147999970075e-01
2.360000000000000320e+00,3.163884117375637128e+00,1.011890343114636437e+01,6.955019313770726797e+00,1.179733526679999898e+02,3.866466316312000231e+02,-1.870910287999650035e-01
2.370000000000000107e+00,3.178099140102604636e+00,1.012828096796764044e+01,6.950181827865035800e+00,1.184772754699999950e+02,3.866623591751999811e+02,-1.930344537999940102e-01
2.379999999999999893e+00,3.187786995068075946e+00,1.014036823038985169e+01,6.952581235321775743e+00,1.189878134960000011e+02,3.866674784172000159e+02,-1.899389218000079871e-01
2.389999999999999680e+00,3.164763404209529618e+00,1.013018029457436242e+01,6.965416890364832803e+00,1.194964111060000107e+02,3.866714958772000159e+02,-1.838399147999799921e-01
2.399999999999999467e+00,3.199933994449931429e+00,1.014788791873917972e+01,6.947953924289249628e+00,1.200139938599999994e+02,3.866760298561999889e+02,-1.767407247999739917e-01
2.409999999999999254e+00,3.197456264352359856e+00,1.014064520776407896e+01,6.943188943411719549e+00,1.205290357000000085e+02,3.866724341181999876e+02,-1.616133657999880013e-01
2.420000000000000817e+00,3.171443826990462789e+00,1.011353782033624960e+01,6.942093993345786807e+00,1.210309851259999903e+02,3.866700870732000226e+02,-1.484933378000120041e-01
2.430000000000000604e+00,3.192048154687710859e+00,1.009993688574989967e+01,6.907888731062188370e+00,1.215280891939999890e+02,3.866824381601999789e+02,-1.494263347999879865e-01
2.440000000000000391e+00,3.172071318792620609e+00,1.009724570550340950e+01,6.925174386710788887e+00,1.220003474640000150e+02,3.866913745922000203e+02,-1.483527988000110098e-01
2.450000000000000178e+00,3.158850961690249814e+00,1.009699999999999953e+01,6.938149038309750161e+00,1.224792231780000122e+02,3.866896674422000046e+02,-1.482402458000109946e-01
2.459999999999999964e+00,3.192439623200665544e+00,1.011040958715700988e+01,6.917969963956342561e+00,1.229764129440000033e+02,3.866829748981999728e+02,-1.541060687999840084e-01
2.469999999999999751e+00,3.181078409494989323e+00,1.011186250444488444e+01,6.930784094949893337e+00,1.234731754260000116e+02,3.866662240352000026e+02,-1.649365328000070019e-01
2.479999999999999538e+00,3.180417098065644765e+00,1.012212176168725719e+01,6.941704663621613314e+00,1.239823167160000139e+02,3.866431791681999925e+02,-1.727420177999879902e-01
2.489999999999999325e+00,3.172040608141300844e+00,1.012321718629580758e+01,6.951176578154505847e+00,1.244875776179999889e+02,3.866179236812000113e+02,-1.765405408000070009e-01
2.500000000000000888e+00,3.185165824121471978e+00,1.012400000000000055e+01,6.938834175878527688e+00,1.249969173119999937e+02,3.866089447172000177e+02,-1.753955487999739882e-01
2.510000000000000675e+00,3.194999999999999840e+00,1.012427511246974099e+01,6.929275112469740705e+00,1.254930791159999899e+02,3.866202545492000127e+02,-1.723250557999879973e-01
2.520000000000000462e+00,3.194999999999999840e+00,1.012836594031054638e+01,6.933365940310546094e+00,1.259859347720000073e+02,3.866543881512000098e+02,-1.763358678000070123e-01
2.530000000000000249e+00,3.199879208642329331e+00,1.015026230218527026e+01,6.950383093542940927e+00,1.264971015940000143e+02,3.866835822232000055e+02,-1.733251337999640040e-01
2.540000000000000036e+00,3.208000000000000185e+00,1.017862319930432058e+01,6.970623199304321282e+00,1.269965417340000045e+02,3.866900994362000006e+02,-1.622369507999970040e-01
2.549999999999999822e+00,3.194570731268342012e+00,1.017925234496250475e+01,6.984681613694163183e+00,1.275067063660000031e+02,3.866842113832000223e+02,-1.501026087999970116e-01
2.559999999999999609e+00,3.167644342269693603e+00,1.015801243605765158e+01,6.990368093787956205e+00,1.280022694479999927e+02,3.866884650562000161e+02,-1.500073737999960133e-01
2.569999999999999396e+00,3.142160068257780381e+00,1.013262958505216815e+01,6.990469516794386884e+00,1.284991722260000131e+02,3.866867961042000275e+02,-1.468909258000110074e-01
2.580000000000000959e+00,3.104999999999999982e+00,1.007195698376434123e+01,6.966956983764342581e+00,1.289889425380000034e+02,3.866697026961999768e+02,-1.417216327999590020e-01
2.590000000000000746e+00,3.102539999686249939e+00,1.006766749983005305e+01,6.965127500143802664e+00,1.294727807140000095e+02,3.866512512862000222e+02,-1.415489007999589932e-01
2.600000000000000533e+00,3.078027286182784650e+00,1.005337029162323148e+01,6.975343005440447719e+00,1.299667480319999981e+02,3.866483706331999883e+02,-1.504289087999740038e-01
2.610000000000000320e+00,3.059971708284538128e+00,1.003988390377859119e+01,6.979912195494052618e+00,1.304505040619999932e+02,3.866489064062000125e+02,-1.613232547999980115e-01
2.620000000000000107e+00,3.080999999999999961e+00,1.007213651753476036e+01,6.991136517534760841e+00,1.309537415140000007e+02,3.866415504322000061e+02,-1.691854047999790112e-01
2.629999999999999893e+00,3.090241511760638105e+00,1.009374105293688828e+01,7.003499541176251064e+00,1.314682451820000040e+02,3.866298437191999824e+02,-1.730296727999980078e-01
2.639999999999999680e+00,3.133206708585650091e+00,1.013850487934223210e+01,7.005298170756581122e+00,1.319865709080000045e+02,3.866213671621999879e+02,-1.748844738000069898e-01
2.649999999999999467e+00,3.158871327466448165e+00,1.017013823718389531e+01,7.011266909717447149e+00,1.325116004840000130e+02,3.866182779101999927e+02,-1.777567967999930110e-01
2.659999999999999254e+00,3.144000000000000128e+00,1.016249160925715955e+01,7.018491609257158537e+00,1.330243636940000158e+02,3.866195106221999822e+02,-1.766470707999610035e-01
2.670000000000000817e+00,3.139507133827931007e+00,1.016200000000000081e+01,7.022492866172068915e+00,1.335347875020000004e+02,3.866266301282000200e+02,-1.725586147999970121e-01
2.680000000000000604e+00,3.129423740901199125e+00,1.015695053216635024e+01,7.027526791265151118e+00,1.340324902920000056e+02,3.866460373741999774e+02,-1.705163537999880019e-01
2.690000000000000391e+00,3.105815951893849292e+00,1.011283085027054973e+01,7.007014898376700884e+00,1.345131069500000081e+02,3.866664688451999723e+02,-1.694815138000130006e-01
2.700000000000000178e+00,3.085914590759420317e+00,1.010391459075942144e+01,7.017999999999999794e+00,1.349973448199999950e+02,3.866761033771999791e+02,-1.644077497999600068e-01
2.709999999999999964e+00,3.063893768982263399e+00,1.008165972243009811e+01,7.017765953447835159e+00,1.354834358120000104e+02,3.866708229161999952e+02,-1.582809457999869995e-01
2.719999999999999751e+00,3.095518742414892444e+00,1.011130974605574373e+01,7.015791003640852175e+00,1.359761451360000137e+02,3.866548847611999804e+02,-1.571151008000110094e-01
2.729999999999999538e+00,3.112631593114553397e+00,1.012020842841956636e+01,7.007576835305014740e+00,1.364649762919999887e+02,3.866367007061999743e+02,-1.619422338000069961e-01
2.739999999999999325e+00,3.109019601707263991e+00,1.012161840026265658e+01,7.012598798555392143e+00,1.369598549119999973e+02,3.866178567491999729e+02,-1.677656997999789901e-01
2.750000000000000888e+00,3.115522263420279270e+00,1.012342821463544951e+01,7.007905951215169793e+00,1.374684266659999992e+02,3.866047885062000091e+02,-1.776065227999699958e-01
2.760000000000000675e+00,3.107869651007786338e+00,1.011218125950908409e+01,7.004311608501297748e+00,1.379695540399999913e+02,3.865993046862000142e+02,-1.884757667999940045e-01
2.770000000000000462e+00,3.105999999999999872e+00,1.011712883360256754e+01,7.011128833602567667e+00,1.384708252620000053e+02,3.866088463291999915e+02,-2.013980027999699995e-01
2.780000000000000249e+00,3.100490440877330389e+00,1.012115237551958913e+01,7.020661934642259183e+00,1.389702433619999908e+02,3.866333029652000164e+02,-2.153732787999800002e-01
2.790000000000000036e+00,3.086533416041957523e+00,1.011602056371812708e+01,7.029487147676170444e+00,1.394737110680000001e+02,3.866570033411999816e+02,-2.253449597999709897e-01
2.799999999999999822e+00,3.097183680990215571e+00,1.013645369987069067e+01,7.039270018880475988e+00,1.399850190319999967e+02,3.866661801102000027e+02,-2.202635587999760003e-01
2.809999999999999609e+00,3.132712508497399906e+00,1.015040592149986232e+01,7.017693413002462854e+00,1.404815780460000099e+02,3.866705295901999762e+02,-2.091683688000089969e-01
2.819999999999999396e+00,3.134536113221321418e+00,1.016919978226668952e+01,7.034663669045368550e+00,1.409883499020000102e+02,3.866714379481999799e+02,-2.030587987999810107e-01
2.830000000000000959e+00,3.121322515434772349e+00,1.018418864078596187e+01,7.062866125351189517e+00,1.414908699739999918e+02,3.866590966392000155e+02,-1.929034027999889933e-01
2.840000000000000746e+00,3.108517372818598634e+00,1.016544857458772455e+01,7.056931201769125472e+00,1.419960698820000005e+02,3.866349030242000140e+02,-1.787055687999800080e-01
2.850000000000000533e+00,3.094351644796395018e+00,1.016019309211377042e+01,7.065841447317375845e+00,1.425033556079999926e+02,3.866268119581999940e+02,-1.765641597999690060e-01
2.860000000000000320e+00,3.092999999999999972e+00,1.016000000000000014e+01,7.067000000000000171e+00,1.429902192019999916e+02,3.866255466882000178e+02,-1.804514147999879969e-01
2.870000000000000107e+00,3.055179333182557855e+00,1.013310530359648531e+01,7.077925970413927459e+00,1.434729766359999985e+02,3.866260289901999840e+02,-1.903457877999789882e-01
2.879999999999999893e+00,2.997447668731919812e+00,1.009044766873191890e+01,7.092999999999999972e+00,1.439629506800000058e+02,3.866229168131999927e+02,-2.002258737999700056e-01
2.889999999999999680e+00,2.986460250764980007e+00,1.008816143679876909e+01,7.101701186033788638e+00,1.444692409179999970e+02,3.866147228841999777e+02,-2.110844077999949886e-01
2.899999999999999467e+00,2.984506483832079837e+00,1.009940518706566515e+01,7.114898703233583532e+00,1.449737034039999912e+02,3.866034516052000072e+02,-2.129324328000050115e-01
2.909999999999999254e+00,3.030546497854178067e+00,1.013703486559760236e+01,7.106488367743424739e+00,1.454804207040000108e+02,3.866053195232000235e+02,-2.178263317999999948e-01
2.920000000000000817e+00,3.064136178955720435e+00,1.018500000000000050e+01,7.120863821044279618e+00,1.460068783799999892e+02,3.866123067812000045e+02,-2.267339268000140018e-01
2.930000000000000604e+00,3.055225858124616778e+00,1.018816201374463226e+01,7.132936155620015484e+00,1.465151622580000037e+02,3.866042762422000010e+02,-2.235925027999720038e-01
2.940000000000000391e+00,3.055877459962144105e+00,1.019728443947001573e+01,7.141406979507872066e+00,1.470162843040000098e+02,3.865988770942000201e+02,-2.104618907999949995e-01
2.950000000000000178e+00,3.043444061735073092e+00,1.022052446559701799e+01,7.177080403861944013e+00,1.475046595180000111e+02,3.866237650851999774e+02,-2.074410348000080007e-01
2.959999999999999964e+00,3.053710562839017761e+00,1.023471056283901781e+01,7.181000000000000050e+00,1.479953478760000110e+02,3.866607727371999772e+02,-2.134624817999800084e-01
2.969999999999999751e+00,3.046858494725959599e+00,1.024414150527404033e+01,7.197283010548081172e+00,1.484916230100000121e+02,3.866700964171999999e+02,-2.073849368000089954e-01
2.979999999999999538e+00,3.030693760476954157e+00,1.023136226634404977e+01,7.200668505867094282e+00,1.489821053740000139e+02,3.866580730161999782e+02,-1.962333337999850047e-01
2.989999999999999325e+00,3.022827395785316451e+00,1.021044826121425508e+01,7.187620865428938188e+00,1.494745303739999827e+02,3.866471161172000279e+02,-1.980851457999940057e-01
3.000000000000000888e+00,3.023169192065763067e+00,1.020416919206576267e+01,7.181000000000000050e+00,1.499782231440000260e+02,3.866317837831999782e+02,-2.029190337999899896e-01
3.010000000000000675e+00,3.023834050229343706e+00,1.020378265788636796e+01,7.179948607657023807e+00,1.504755527199999960e+02,3.866050951042000179e+02,-2.007142257999809942e-01
3.020000000000000462e+00,3.036738997551252872e+00,1.020169941931947655e+01,7.164960421768223675e+00,1.509828974420000236e+02,3.865959739182000021e+02,-2.075692277999859892e-01
3.030000000000000249e+00,3.019355804781195474e+00,1.017335580478119539e+01,7.153999999999999915e+00,1.514926417140000012e+02,3.866150032802000283e+02,-2.235230718000049965e-01
3.040000000000000036e+00,2.996359347981777166e+00,1.014264188688801838e+01,7.146282538906240767e+00,1.519956803599999944e+02,3.866286735612000030e+02,-2.304594418000099898e-01
3.049999999999999822e+00,3.010050917047556229e+00,1.012805091704755611e+01,7.118000000000000327e+00,1.525017397199999891e+02,3.866245189681999932e+02,-2.283321938000009987e-01
3.059999999999999609e+00,2.983767147259524410e+00,1.010176714725952429e+01,7.118000000000000327e+00,1.530056313380000006e+02,3.866232454812000014e+02,-2.262155927999900118e-01
3.069999999999999396e+00,2.971922683378872332e+00,1.009538977572860041e+01,7.123467092349728524e+00,1.535181678879999936e+02,3.866284504971999922e+02,-2.311199707999860020e-01
3.080000000000000959e+00,2.979000000000000092e+00,1.011745271052959261e+01,7.138452710529592515e+00,1.540282766320000292e+02,3.866235431722000158e+02,-2.239891337999810050e-01
3.090000000000000746e+00,2.979321884196949544e+00,1.013381114817631179e+01,7.154489263979363578e+00,1.545321359559999905e+02,3.866052862942000274e+02,-2.088125367999940085e-01
3.100000000000000533e+00,3.005563968812555053e+00,1.020082223717204428e+01,7.195258268359490117e+00,1.550303766540000083e+02,3.865977229412000042e+02,-1.946749237999839954e-01
3.110000000000000320e+00,3.015030144258197264e+00,1.023396985574180285e+01,7.218939711483605137e+00,1.555002961879999930e+02,3.866125355831999855e+02,-1.936226398000089888e-01
3.120000000000000107e+00,3.002430152885389170e+00,1.024447671762846213e+01,7.242046564743073844e+00,1.559834806840000283e+02,3.866230797321999830e+02,-1.975523777999700081e-01
3.129999999999999893e+00,2.975910271982056710e+00,1.023563675732735234e+01,7.259726485345295188e+00,1.564690860619999739e+02,3.866087604882000051e+02,-1.903937857999659922e-01
3.139999999999999680e+00,2.964999999999999858e+00,1.022521466041574811e+01,7.260214660415749144e+00,1.569738322059999973e+02,3.865925185372000215e+02,-1.862241718000030022e-01
3.149999999999999467e+00,2.946776511468724102e+00,1.021006590688123339e+01,7.263289395412510174e+00,1.574836034020000284e+02,3.865935308602000191e+02,-1.991144247999810102e-01
3.159999999999999254e+00,2.919785956377874747e+00,1.020599999999999952e+01,7.286214043622125658e+00,1.579871000300000219e+02,3.865991824451999719e+02,-2.150224608000000093e-01
3.170000000000000817e+00,2.892188572514647671e+00,1.018167186934326018e+01,7.289483296828612957e+00,1.585118715400000156e+02,3.865830679942000074e+02,-2.148488678000000096e-01
3.180000000000000604e+00,2.887999999999999901e+00,1.017765976028188035e+01,7.289659760281880452e+00,1.590264295420000167e+02,3.865704052492000073e+02,-2.066896727999610051e-01
3.190000000000000391e+00,2.910518079224508448e+00,1.019878591928416256e+01,7.288267840059653224e+00,1.595361722600000007e+02,3.865894593072000021e+02,-2.156435587999759873e-01
3.200000000000000178e+00,2.933586071914234594e+00,1.022178353953500540e+01,7.288197467620769920e+00,1.600411230660000115e+02,3.866222695771999724e+02,-2.226470307999809939e-01
3.209999999999999964e+00,2.943286237706400854e+00,1.023757247541280258e+01,7.294286237706400833e+00,1.605298966000000291e+02,3.866401795762000120e+02,-2.166014478000100052e-01
3.219999999999999751e+00,2.951149769645023291e+00,1.025524654467534624e+01,7.304096775030322952e+00,1.610276822019999940e+02,3.866405890551999960e+02,-2.064920907999610034e-01
3.229999999999999538e+00,2.956043024341721281e+00,1.027157652153306167e+01,7.315533497191339940e+00,1.615163704400000029e+02,3.866424505272000260e+02,-2.053899387999859882e-01
3.239999999999999325e+00,2.977829227628149056e+00,1.028912150390963909e+01,7.311292276281489144e+00,1.620094507160000035e+02,3.866375584752000236e+02,-2.022629697999999976e-01
3.250000000000000888e+00,2.977130975534270529e+00,1.028144073087697841e+01,7.304309755342707433e+00,1.625080926200000135e+02,3.866229712662000111e+02,-1.981005517999800125e-01
3.260000000000000675e+00,2.935401177768045322e+00,1.024838489510371531e+01,7.312983717335669098e+00,1.630129525379999791e+02,3.866047361071999831e+02,-1.929238737999849906e-01
3.270000000000000462e+00,2.916049429143261928e+00,1.023189178074762751e+01,7.315842351604364246e+00,1.635124788200000125e+02,3.865922026331999746e+02,-1.887685047999649868e-01
3.280000000000000249e+00,2.904007469203082170e+00,1.023832710899743148e+01,7.334319639794349754e+00,1.640021093220000239e+02,3.865951053602000229e+02,-1.916698428000080112e-01
3.290000000000000036e+00,2.908337881195698582e+00,1.025498044646255913e+01,7.346642565266860991e+00,1.644962768199999914e+02,3.866062623862000009e+02,-1.995993257999900128e-01
3.299999999999999822e+00,2.934122428381992442e+00,1.026641416526239148e+01,7.332291736880399036e+00,1.650037072819999935e+02,3.866131826711999793e+02,-2.035108848000090065e-01
3.309999999999999609e+00,2.957581786802798707e+00,1.025366986489811971e+01,7.296088078095321450e+00,1.655103092539999921e+02,3.866170684932000086e+02,-2.024118897999749866e-01
3.319999999999999396e+00,2.945710237275135590e+00,1.022942047455027215e+01,7.283710237275135668e+00,1.660233884159999889e+02,3.866303139241999816e+02,-2.083445208000040128e-01
3.330000000000000959e+00,2.935663029147506098e+00,1.021579766988653404e+01,7.280134640739028384e+00,1.665358109700000000e+02,3.866375156761999961e+02,-2.132559687999990017e-01
3.340000000000000746e+00,2.930380084180041145e+00,1.022923850301740778e+01,7.298858418837367523e+00,1.670424387560000241e+02,3.866234020992000069e+02,-2.040934127999839975e-01
3.350000000000000533e+00,2.957335549457167811e+00,1.025548461394513744e+01,7.298149064487969184e+00,1.675490090999999779e+02,3.866102939461999881e+02,-1.929344037999609907e-01
3.360000000000000320e+00,2.918667715188448586e+00,1.022970662248596341e+01,7.311038907297514378e+00,1.680374689020000005e+02,3.866161559462000241e+02,-1.898464037999749998e-01
3.370000000000000107e+00,2.901451396384639558e+00,1.023642765391663900e+01,7.334976257532000332e+00,1.685295238799999993e+02,3.866292239342000130e+02,-1.897830467999750137e-01
3.379999999999999893e+00,2.915334960388308527e+00,1.026130913979022807e+01,7.345974179401920878e+00,1.690273664800000120e+02,3.866286350451999851e+02,-1.796701547999839943e-01
3.389999999999999680e+00,2.941176805834833541e+00,1.030213176327165492e+01,7.360954957436820933e+00,1.695085206019999760e+02,3.866221029732000147e+02,-1.645399747999979900e-01
3.399999999999999467e+00,2.969121398526379352e+00,1.033900000000000041e+01,7.369878601473621060e+00,1.700088468960000228e+02,3.866306456972000092e+02,-1.614587928000119910e-01
3.409999999999999254e+00,2.968769250597630638e+00,1.033205848057372656e+01,7.363289229976095029e+00,1.704987909079999895e+02,3.866455999511999835e+02,-1.604025537999790030e-01
3.420000000000000817e+00,2.951106189319137929e+00,1.031510194174637185e+01,7.363995752427234365e+00,1.710033389120000038e+02,3.866503736711999863e+02,-1.583071417999699915e-01
3.430000000000000604e+00,2.951000000000000068e+00,1.031155247928303886e+01,7.360552479283039240e+00,1.715171581600000081e+02,3.866506544302000066e+02,-1.601938417999800024e-01
3.440000000000000391e+00,2.949397426548983070e+00,1.029531555452779656e+01,7.345918127978813494e+00,1.720282670540000254e+02,3.866457758802000058e+02,-1.610629358000119915e-01
3.450000000000000178e+00,2.940082276859592003e+00,1.026808665543573085e+01,7.328004378576137512e+00,1.725399760020000031e+02,3.866479323212000168e+02,-1.649567357999739969e-01
3.459999999999999964e+00,2.908706560275155173e+00,1.022422688035480576e+01,7.315520320079650141e+00,1.730354823079999846e+02,3.866531808341999863e+02,-1.658650298000070022e-01
3.469999999999999751e+00,2.899999999999999911e+00,1.023855313226027519e+01,7.338553132260274836e+00,1.735315884460000007e+02,3.866654678662000038e+02,-1.687980357999930014e-01
3.479999999999999538e+00,2.899999999999999911e+00,1.024773237436470907e+01,7.347732374364707830e+00,1.740238133080000011e+02,3.866755583902000240e+02,-1.637241037999969950e-01
3.489999999999999325e+00,2.899999999999999911e+00,1.025349721655245183e+01,7.353497216552452365e+00,1.745082223940000290e+02,3.866821942902000160e+02,-1.596397287999790082e-01
3.500000000000000888e+00,2.895217891309471270e+00,1.025143578261894284e+01,7.356217891309471568e+00,1.750133397120000041e+02,3.866769949142000087e+02,-1.545089847999830124e-01
3.510000000000000675e+00,2.894636049546984502e+00,1.023835986180067259e+01,7.343723812253688976e+00,1.755092697079999766e+02,3.866572730922000005e+02,-1.423290027999840057e-01
3.520000000000000462e+00,2.911999999999999922e+00,1.024613607452077346e+01,7.334136074520773541e+00,1.760100789100000043e+02,3.866398118331999854e+02,-1.361559498000110002e-01
3.530000000000000249e+00,2.911327603295448707e+00,1.026002689586818128e+01,7.348699292572733022e+00,1.765114901640000085e+02,3.866293538131999981e+02,-1.420075487999830077e-01
3.540000000000000036e+00,2.885397420822495729e+00,1.025804139228768364e+01,7.372643971465188351e+00,1.770068530660000192e+02,3.866195698071999800e+02,-1.428628387999600069e-01
3.549999999999999822e+00,2.874568820716152384e+00,1.023638742384414435e+01,7.361818603127991523e+00,1.775076930079999897e+02,3.866191166351999868e+02,-1.427498237999600128e-01
3.559999999999999609e+00,2.890765939659712291e+00,1.022902550345554040e+01,7.338259563795827667e+00,1.780024026739999954e+02,3.866383211322000193e+02,-1.497075717999649946e-01
3.569999999999999396e+00,2.914934069799631100e+00,1.026570837212273624e+01,7.350774302323105580e+00,1.784967142419999959e+02,3.866645000931999903e+02,-1.606900407999889979e-01
3.580000000000000959e+00,2.934906542367783810e+00,1.028414450064718544e+01,7.349237958279401184e+00,1.790030899980000072e+02,3.866723511632000054e+02,-1.676051377999930037e-01
3.590000000000000746e+00,2.917588753306321614e+00,1.025716817790923940e+01,7.339579424602917790e+00,1.795127707920000262e+02,3.866573961032000284e+02,-1.624389597999980062e-01
3.600000000000000533e+00,2.919741354493911256e+00,1.026388722018059951e+01,7.344145865686687813e+00,1.800233940719999737e+02,3.866434787701999767e+02,-1.622762657999979874e-01
3.610000000000000320e+00,2.924999999999999822e+00,1.026860287877327238e+01,7.343602878773272558e+00,1.805326206579999848e+02,3.866364824301999761e+02,-1.651383197999840013e-01
3.620000000000000107e+00,2.924999999999999822e+00,1.026750091428688805e+01,7.342500914286888225e+00,1.810316916219999825e+02,3.866319253162000109e+02,-1.640112128000079939e-01
3.629999999999999893e+00,2.914801514686212958e+00,1.025631418114814686e+01,7.341512666461933456e+00,1.815376374300000180e+02,3.866297604032000095e+02,-1.638910228000080016e-01
3.639999999999999680e+00,2.897642657697683699e+00,1.023155465355815252e+01,7.333911995860469268e+00,1.820377940619999890e+02,3.866412770631999933e+02,-1.668204097999929914e-01
3.649999999999999467e+00,2.878195438853224708e+00,1.020012601326318702e+01,7.321930574409962311e+00,1.825235172519999765e+02,3.866599862091999853e+02,-1.687783768000019891e-01
3.659999999999999254e+00,2.926501285084948112e+00,1.023487489290958763e+01,7.308373607824639073e+00,1.830161718400000268e+02,3.866800962442000014e+02,-1.697397377999790014e-01
3.670000000000000817e+00,2.934843431719303286e+00,1.023417971402339077e+01,7.299336282304087931e+00,1.835126190780000002e+02,3.866864071801999785e+02,-1.686515578000029880e-01
3.680000000000000604e+00,2.936999999999999833e+00,1.024334180781626813e+01,7.306341807816266964e+00,1.840258380500000044e+02,3.866796564762000230e+02,-1.665135577999929950e-01
3.690000000000000391e+00,2.937565546677173955e+00,1.023921343987391097e+01,7.301647893196737016e+00,1.845392280159999814e+02,3.866699106681999751e+02,-1.643649527999830051e-01
3.700000000000000178e+00,2.937604936973982284e+00,1.023399999999999999e+01,7.296395063026017702e+00,1.850448015399999804e+02,3.866567208202000074e+02,-1.602059227999640123e-01
3.709999999999999964e+00,2.944627125979615734e+00,1.023458670199843290e+01,7.289959576018815390e+00,1.855533708520000005e+02,3.866436913851999861e+02,-1.590468117999880027e-01
3.719999999999999751e+00,2.962591668015056801e+00,1.023596858984731206e+01,7.273376921832254816e+00,1.860467937820000088e+02,3.866327985411999748e+02,-1.588986147999890131e-01
3.729999999999999538e+00,2.950000000000000178e+00,1.022327643631685135e+01,7.273276436316851168e+00,1.865405328859999941e+02,3.866339148882000245e+02,-1.667927687999699871e-01
3.739999999999999325e+00,2.950000000000000178e+00,1.021492512703236955e+01,7.264925127032368479e+00,1.870375253999999927e+02,3.866482239032000052e+02,-1.787327697999699927e-01
3.750000000000000888e+00,2.950000000000000178e+00,1.022020968139128705e+01,7.270209681391288647e+00,1.875238203459999795e+02,3.866569211451999877e+02,-1.886553387999599929e-01
3.760000000000000675e+00,2.959372466633335641e+00,1.024086109737949002e+01,7.281488630746155266e+00,1.880228340900000035e+02,3.866533659272000136e+02,-1.865317728000089881e-01
3.770000000000000462e+00,2.979909886755360393e+00,1.024767639547021325e+01,7.267766508714854190e+00,1.885170267359999912e+02,3.866465341382000247e+02,-1.833977127999650014e-01
3.780000000000000249e+00,2.987999999999999989e+00,1.024705804674971787e+01,7.259058046749718329e+00,1.890311303080000016e+02,3.866418336411999803e+02,-1.822667557999899934e-01
3.790000000000000036e+00,2.991797735202430975e+00,1.025330333692775220e+01,7.261505601725320780e+00,1.895373032200000125e+02,3.866356893682000191e+02,-1.781324497999690060e-01
3.799999999999999822e+00,3.005801016834656725e+00,1.027660118630710073e+01,7.270800169472442676e+00,1.900461855980000223e+02,3.866347185161999960e+02,-1.710157737999649930e-01
3.809999999999999609e+00,3.005524342706292096e+00,1.028440194741650338e+01,7.278877604710211280e+00,1.905563250820000007e+02,3.866468192781999846e+02,-1.699449747999879912e-01
3.819999999999999396e+00,2.988203742427414600e+00,1.028301629939419293e+01,7.294812556966778772e+00,1.910510906360000263e+02,3.866650430472000153e+02,-1.718992177999980053e-01
3.830000000000000959e+00,2.975999999999999979e+00,1.024600000000000044e+01,7.269999999999999574e+00,1.915370427060000225e+02,3.866797446091999859e+02,-1.778430207999709967e-01
3.840000000000000746e+00,2.975999999999999979e+00,1.024600000000000044e+01,7.269999999999999574e+00,1.920354310260000261e+02,3.866871467432000031e+02,-1.827582977999649971e-01
3.850000000000000533e+00,3.002313447967076776e+00,1.025638688735542381e+01,7.254073439388347921e+00,1.925402092420000031e+02,3.866878917111999954e+02,-1.906486858000039919e-01
3.860000000000000320e+00,3.013354895940539624e+00,1.026874124871352123e+01,7.255386352772981162e+00,1.930433329200000117e+02,3.866825289451999765e+02,-1.995178997999620119e-01
3.870000000000000107e+00,3.005210555920869719e+00,1.024750727392284588e+01,7.242296718001976608e+00,1.935493947219999882e+02,3.866783355442000243e+02,-2.083905857999759914e-01
3.879999999999999893e+00,3.008048253228283286e+00,1.024960052755892548e+01,7.241552274330641303e+00,1.940536296600000128e+02,3.866710506811999721e+02,-2.122527387999950110e-01
3.889999999999999680e+00,3.021667006027107139e+00,1.026583350301355324e+01,7.244166496986446546e+00,1.945536125919999790e+02,3.866505196791999879e+02,-2.110690717999620103e-01
3.899999999999999467e+00,3.044380865957521110e+00,1.028005484533560043e+01,7.235673979378080212e+00,1.950503140800000210e+02,3.866348306881999974e+02,-2.039031788000129908e-01
3.909999999999999254e+00,3.048951072744411128e+00,1.028942158182062983e+01,7.240470509076218697e+00,1.955482156759999839e+02,3.866332116791999738e+02,-2.027866977999810139e-01
3.920000000000000817e+00,3.039239266879393053e+00,1.028803418098277156e+01,7.248794914103377174e+00,1.960436070979999954e+02,3.866404710401999978e+02,-1.997020857999939891e-01
3.930000000000000604e+00,2.990718910887700588e+00,1.025013247912760761e+01,7.259413568239907910e+00,1.965238514719999898e+02,3.866498775762000264e+02,-1.946284057999989880e-01
3.940000000000000391e+00,2.997212431739297411e+00,1.024865803083852178e+01,7.251445599099223926e+00,1.970201274940000076e+02,3.866591871442000183e+02,-1.925508367999899939e-01
3.950000000000000178e+00,2.996892897373601539e+00,1.024863520695525665e+01,7.251742309581655554e+00,1.975248467139999775e+02,3.866609622322000064e+02,-1.914448138000129918e-01
3.959999999999999964e+00,2.996183716211742620e+00,1.025338402382351433e+01,7.257200307611771706e+00,1.980317031580000275e+02,3.866428445991999752e+02,-1.852680997999839874e-01
3.969999999999999751e+00,3.064108135024103952e+00,1.030070337560260008e+01,7.236595240578496124e+00,1.985500854379999964e+02,3.866333767301999842e+02,-1.851193777999859957e-01
3.979999999999999538e+00,3.064825604764312761e+00,1.031864011910781720e+01,7.253814514343503994e+00,1.990624512159999995e+02,3.866415733221999744e+02,-1.910343548000129899e-01
3.989999999999999325e+00,3.076269113545690104e+00,1.033600282332194986e+01,7.259733709776259758e+00,1.995679432599999927e+02,3.866473600731999909e+02,-2.009423848000040091e-01
4.000000000000000888e+00,3.070109365010271318e+00,1.033071633693255897e+01,7.260606971922286768e+00,2.000599118320000116e+02,3.866443971741999803e+02,-2.008224888000040009e-01
4.010000000000000675e+00,3.049507127673082074e+00,1.031539961367105640e+01,7.265892485997974326e+00,2.005421536200000219e+02,3.866539071241999750e+02,-1.987487487999939906e-01
4.020000000000000462e+00,3.027000000000000135e+00,1.029708154503727435e+01,7.270081545037273330e+00,2.010433965860000285e+02,3.866814869742000269e+02,-2.087346117999860085e-01
4.030000000000000249e+00,3.027000000000000135e+00,1.029013853890515584e+01,7.263138538905156594e+00,2.015392166240000051e+02,3.866987834862000000e+02,-2.066853227999770060e-01
4.040000000000000036e+00,3.014069016967240167e+00,1.028900530899747956e+01,7.274936292030240281e+00,2.020408821699999748e+02,3.867014106412000274e+02,-1.985829397999940016e-01
4.049999999999999822e+00,3.023143244519624684e+00,1.029673659151660559e+01,7.273593346996980458e+00,2.025457726060000141e+02,3.867001870972000006e+02,-1.984663057999949964e-01
4.059999999999999609e+00,3.026413767709433600e+00,1.031406957497359045e+01,7.287655807264155960e+00,2.030474670739999965e+02,3.866847654612000156e+02,-1.963002777999839910e-01
4.069999999999999396e+00,3.043980589861625674e+00,1.034059746756457798e+01,7.296616877702952308e+00,2.035559486480000260e+02,3.866557263071999841e+02,-1.890846637999790136e-01
4.080000000000000959e+00,3.051521014134262799e+00,1.035422681625458452e+01,7.302705802120319944e+00,2.040598660800000061e+02,3.866364534211999739e+02,-1.789045017999890130e-01
4.090000000000000746e+00,3.042860494306762753e+00,1.035521666700743637e+01,7.312356172700673618e+00,2.045546901860000162e+02,3.866536541262000242e+02,-1.878551678000039971e-01
4.100000000000000533e+00,3.010719470711110901e+00,1.032962898552962905e+01,7.318909514818518147e+00,2.050461776259999738e+02,3.866766669862000185e+02,-1.988270947999709881e-01
4.110000000000000320e+00,3.003176595803871862e+00,1.031517180862408800e+01,7.311995212820215251e+00,2.055295890040000018e+02,3.866832353031999787e+02,-1.977427227999939974e-01
4.120000000000000107e+00,2.990264498138420990e+00,1.029035480411234893e+01,7.300090305973927052e+00,2.060319964120000122e+02,3.866728695621999918e+02,-1.935943607999759952e-01
4.129999999999999893e+00,2.962860708888883199e+00,1.027343035444444119e+01,7.310569645555558438e+00,2.065334633319999966e+02,3.866614343421999820e+02,-1.934424607999760126e-01
4.139999999999999680e+00,2.962627422977782032e+00,1.027362742297778198e+01,7.310999999999999943e+00,2.070305384360000289e+02,3.866567491182000254e+02,-1.963153717999620018e-01
4.149999999999999467e+00,2.963000000000000078e+00,1.027917186415102968e+01,7.316171864151030491e+00,2.075443579060000161e+02,3.866570263492000095e+02,-1.992020658000049904e-01
4.159999999999999254e+00,2.973880260091477545e+00,1.029531547049513662e+01,7.321435210403659077e+00,2.080673332920000007e+02,3.866548285232000239e+02,-2.000779777999809883e-01
4.170000000000000817e+00,2.996418598947826251e+00,1.031280619964927503e+01,7.316387600701449223e+00,2.085773870360000046e+02,3.866508878142000185e+02,-2.019506217999909869e-01
4.180000000000000604e+00,3.026846446887317743e+00,1.032284644688731845e+01,7.296000000000000263e+00,2.090747193180000068e+02,3.866592419012000050e+02,-2.038694728000000067e-01
4.190000000000000391e+00,3.026162249883391109e+00,1.032216224988339093e+01,7.296000000000000263e+00,2.095633240779999937e+02,3.866801117242000032e+02,-2.078344347999619979e-01
4.200000000000000178e+00,3.005901448265763776e+00,1.029339821483974049e+01,7.287496766573977602e+00,2.100613706319999778e+02,3.866935005381999986e+02,-2.137709157999909959e-01
4.209999999999999964e+00,2.986109659341583455e+00,1.027110965934158315e+01,7.285000000000000142e+00,2.105703678940000145e+02,3.866905188381999778e+02,-2.106471458000049868e-01
4.219999999999999751e+00,2.975398250479738049e+00,1.025920349904052387e+01,7.283805248560786261e+00,2.110627336759999935e+02,3.866805955872000027e+02,-2.025025527999670116e-01
4.229999999999999538e+00,2.972033978804373699e+00,1.024671209352013967e+01,7.274678114715766419e+00,2.115618050840000137e+02,3.866760314172000221e+02,-2.033754338000000050e-01
4.239999999999999325e+00,2.963509590764763058e+00,1.022245037371509468e+01,7.258940782950332071e+00,2.120660959100000014e+02,3.866677658262000250e+02,-2.022340817999659923e-01
4.250000000000000888e+00,2.978970491488222017e+00,1.024901993421199009e+01,7.270049442723768962e+00,2.125650784700000031e+02,3.866472095771999875e+02,-1.920504897999749938e-01
4.260000000000000675e+00,3.024453071701871387e+00,1.027963156342857864e+01,7.255178491726707257e+00,2.130725919660000045e+02,3.866351285672000131e+02,-1.888949467999909981e-01
4.270000000000000462e+00,3.006388748081232354e+00,1.026365158484109052e+01,7.257262836759857727e+00,2.135687555459999771e+02,3.866464101752000033e+02,-1.938244057999850001e-01
4.280000000000000249e+00,3.018116564770649823e+00,1.025799999999999912e+01,7.239883435229350184e+00,2.140626950519999809e+02,3.866615606731999719e+02,-2.017680287999669975e-01
4.290000000000000036e+00,3.018703219045304920e+00,1.024589080585635514e+01,7.227187586811051112e+00,2.145562046100000089e+02,3.866666951881999807e+02,-2.026763647999990092e-01
4.299999999999999822e+00,3.012000000000000011e+00,1.023021373619540242e+01,7.218213736195402852e+00,2.150469470379999848e+02,3.866676652342000011e+02,-2.035706237999750090e-01
4.309999999999999609e+00,3.006354213462830050e+00,1.021435421346282979e+01,7.208000000000000185e+00,2.155534942319999914e+02,3.866725141442000222e+02,-2.124751037999899894e-01
4.319999999999999396e+00,2.988716079481660071e+00,1.019671607948166070e+01,7.208000000000000185e+00,2.160573301840000227e+02,3.866722178571999962e+02,-2.163620018000090017e-01
4.330000000000000959e+00,2.976962493498779505e+00,1.018412603462367905e+01,7.207163541124898209e+00,2.165658420540000293e+02,3.866601938462000021e+02,-2.132064377999680072e-01
4.340000000000000746e+00,2.999476926463310544e+00,1.018200000000000038e+01,7.182523073536689395e+00,2.170802876139999853e+02,3.866495031412000003e+02,-2.120542707999900078e-01
4.350000000000000533e+00,3.012632678309342893e+00,1.017281695773356986e+01,7.160184279424226084e+00,2.175771908359999998e+02,3.866478271331999963e+02,-2.109378108000140029e-01
4.360000000000000320e+00,3.013210347546305012e+00,1.015923448777779470e+01,7.146024140231488353e+00,2.180750347680000232e+02,3.866472170761999791e+02,-2.068248827999950024e-01
4.370000000000000107e+00,3.026231096792571851e+00,1.018212850539319092e+01,7.155897408600618625e+00,2.185684866619999980e+02,3.866533605431999945e+02,-2.047367717999860059e-01
4.379999999999999893e+00,3.035588632005290943e+00,1.019046032582395434e+01,7.154871693818662948e+00,2.190615406800000073e+02,3.866664749462000259e+02,-2.076733757999700003e-01
4.389999999999999680e+00,3.028545807858169070e+00,1.018277724493618486e+01,7.154231437078015787e+00,2.195539376460000085e+02,3.866735527262000005e+02,-2.075888087999719911e-01
4.399999999999999467e+00,3.025366945974774957e+00,1.017936694597477576e+01,7.153999999999999915e+00,2.200449069559999771e+02,3.866705469401999835e+02,-2.034689578000100085e-01
4.409999999999999254e+00,3.016511631405342175e+00,1.017769409713928397e+01,7.161182465733941349e+00,2.205491410060000135e+02,3.866632761892000190e+02,-2.033311348000090002e-01
4.420000000000000817e+00,3.012000000000000011e+00,1.018327686530419207e+01,7.171276865304192505e+00,2.210655276479999998e+02,3.866536766822000004e+02,-2.081824248000040123e-01
4.430000000000000604e+00,2.996776847538007882e+00,1.017938537739242477e+01,7.182608529854418222e+00,2.215779764600000021e+02,3.866428719791999811e+02,-2.070302997999710071e-01
4.440000000000000391e+00,2.962787127568258239e+00,1.015762311024227493e+01,7.194835982674017139e+00,2.220850353040000300e+02,3.866387567451999985e+02,-2.099030008000140057e-01
4.450000000000000178e+00,2.936259768317178498e+00,1.014051953663435768e+01,7.204259768317178292e+00,2.225935792459999902e+02,3.866437196531999803e+02,-2.188074387999719983e-01
4.459999999999999964e+00,2.961261627380477712e+00,1.019014651133306693e+01,7.228884883952590101e+00,2.230903123620000201e+02,3.866450246371999810e+02,-2.217015597999580090e-01
4.469999999999999751e+00,2.978470359738401019e+00,1.019978340145350515e+01,7.221313041715103687e+00,2.235818823920000114e+02,3.866490432581999812e+02,-2.236063967999679936e-01
4.479999999999999538e+00,3.016286548215457053e+00,1.021914327410772927e+01,7.202856725892271328e+00,2.240849210380000045e+02,3.866627135392000127e+02,-2.305427667999719876e-01
4.489999999999999325e+00,3.032279690281135753e+00,1.023484026206980779e+01,7.202560571788672483e+00,2.245814263839999967e+02,3.866680084672000248e+02,-2.344510217999919988e-01
4.500000000000000888e+00,3.017953708704111282e+00,1.022772045101928740e+01,7.209766742315175669e+00,2.250845473979999838e+02,3.866626880371999846e+02,-2.313203078000060087e-01
4.510000000000000675e+00,3.001396935529472731e+00,1.019181562034388655e+01,7.190418684814413375e+00,2.255766279680000252e+02,3.866577601541999911e+02,-2.221933957999910059e-01
4.520000000000000462e+00,3.010291982663720667e+00,1.019113138594894608e+01,7.180839403285223632e+00,2.260652594300000260e+02,3.866606164661999969e+02,-2.220947727999910137e-01
4.530000000000000249e+00,2.980185762308781072e+00,1.018039525410292789e+01,7.200209491794145933e+00,2.265623899779999988e+02,3.866549575701999970e+02,-2.179641907999720074e-01
4.540000000000000036e+00,2.980308908056256367e+00,1.019205559241587800e+01,7.211746684359621185e+00,2.270549828640000101e+02,3.866410549592000052e+02,-2.058054817999709907e-01
4.549999999999999822e+00,2.981182492904874692e+00,1.020299999999999940e+01,7.221817507095125599e+00,2.275660915359999876e+02,3.866361799371999837e+02,-2.056745817999710013e-01
4.559999999999999609e+00,2.977516852529522140e+00,1.020680992357364758e+01,7.229293071044127217e+00,2.280712988120000091e+02,3.866469550002000233e+02,-2.166002807999949931e-01
4.569999999999999396e+00,2.985722891306235471e+00,1.021569979891508773e+01,7.229976907608853587e+00,2.285596461719999866e+02,3.866547890402000007e+02,-2.205193087999580137e-01
4.580000000000000959e+00,3.050057862642320927e+00,1.027630564829214421e+01,7.226247785649824174e+00,2.290569223439999860e+02,3.866641273832000252e+02,-2.264416707999870049e-01
4.590000000000000746e+00,3.050762431468187152e+00,1.026785082238175484e+01,7.217088390913568574e+00,2.295600752080000007e+02,3.866757974001999969e+02,-2.343709647999669965e-01
4.600000000000000533e+00,3.076964000618382045e+00,1.028464843290039710e+01,7.207684432282015052e+00,2.300766626960000281e+02,3.866802249881999956e+02,-2.412717117999740035e-01
4.610000000000000320e+00,3.068490480967573486e+00,1.029145977481322838e+01,7.222969293845656225e+00,2.305907662679999817e+02,3.866755244912000080e+02,-2.401407547999969971e-01
4.620000000000000107e+00,3.045986500419126219e+00,1.028629523115611555e+01,7.240308730736990661e+00,2.310908908279999991e+02,3.866700542322000160e+02,-2.310101397999820005e-01
4.629999999999999893e+00,3.030415094928093023e+00,1.027166836050778187e+01,7.241253265579688403e+00,2.315996037660000297e+02,3.866720537882000031e+02,-2.309040267999820095e-01
4.639999999999999680e+00,3.011417568785589083e+00,1.025320878439279504e+01,7.241791215607205956e+00,2.321006703680000101e+02,3.866676283122000086e+02,-2.247769078000100007e-01
4.649999999999999467e+00,3.034679496170678004e+00,1.026483974808533972e+01,7.230160251914661274e+00,2.325921499959999892e+02,3.866556795501999773e+02,-2.086253137999909968e-01
4.659999999999999254e+00,3.045072118363975733e+00,1.028835355854639388e+01,7.243281440182418152e+00,2.330846032939999759e+02,3.866617695461999915e+02,-2.055372298000049947e-01
4.670000000000000817e+00,3.060973901237868056e+00,1.029629357135630841e+01,7.235319670118441238e+00,2.335723250080000071e+02,3.866805644661999963e+02,-2.154951067999960057e-01
4.680000000000000604e+00,3.075000000000000178e+00,1.028553498128385435e+01,7.210534981283855060e+00,2.340559091559999843e+02,3.866841094551999731e+02,-2.224000818000000101e-01
4.690000000000000391e+00,3.075000000000000178e+00,1.027730882546278224e+01,7.202308825462783837e+00,2.345454536959999814e+02,3.866709742392000067e+02,-2.272448687999960026e-01
4.700000000000000178e+00,3.075142503913684155e+00,1.023967251062285833e+01,7.164530006709173726e+00,2.350470361659999980e+02,3.866575175872000045e+02,-2.340858568000009909e-01
4.709999999999999964e+00,3.065130948850597559e+00,1.021249828973733820e+01,7.147367340886739306e+00,2.355577175540000212e+02,3.866425842461999878e+02,-2.389195977999959974e-01
4.719999999999999751e+00,3.082751079707176434e+00,1.021357742140331126e+01,7.130826341696136161e+00,2.360681689520000077e+02,3.866316761292000024e+02,-2.347675327999770023e-01
4.729999999999999538e+00,3.074112631683656005e+00,1.020798805674056986e+01,7.133875425056914743e+00,2.365676672000000167e+02,3.866371773341999756e+02,-2.286757848000059989e-01
4.739999999999999325e+00,3.053629983238658419e+00,1.018844497485798861e+01,7.134814991619329305e+00,2.370674241799999891e+02,3.866556931541999802e+02,-2.286299348000050136e-01
4.750000000000000888e+00,3.036261351542591136e+00,1.015625026606300096e+01,7.119988914520408940e+00,2.375664096680000057e+02,3.866701761432000239e+02,-2.235699958000089971e-01
4.760000000000000675e+00,3.036895040425670267e+00,1.014230911063525298e+01,7.105414070209582711e+00,2.380537555459999908e+02,3.866780025762000150e+02,-2.134891287999620135e-01
4.770000000000000462e+00,3.044110401551488376e+00,1.015303573617772948e+01,7.108925334626240655e+00,2.385576211279999939e+02,3.866947320162000210e+02,-2.184360947999580138e-01
4.780000000000000249e+00,3.065322519585342409e+00,1.017876366876332561e+01,7.113441149177982759e+00,2.390667074599999751e+02,3.867077388672000211e+02,-2.273687917999729913e-01
4.790000000000000036e+00,3.077340228183831350e+00,1.018683714683942299e+01,7.109496918655592523e+00,2.395713409400000273e+02,3.866934724842000151e+02,-2.292062117999819904e-01
4.799999999999999822e+00,3.062534136834119902e+00,1.016353413683412121e+01,7.100999999999999979e+00,2.400864720299999817e+02,3.866707766672000162e+02,-2.350115828000099993e-01
4.809999999999999609e+00,3.071780212028040413e+00,1.017278021202804084e+01,7.100999999999999979e+00,2.405943865099999925e+02,3.866516753291999748e+02,-2.408312407999819993e-01
4.819999999999999396e+00,3.036716714842112808e+00,1.015685835742105603e+01,7.120141642578943220e+00,2.410947998340000140e+02,3.866411532541999918e+02,-2.486828487999629966e-01
4.830000000000000959e+00,3.029990911100040929e+00,1.015107552478462161e+01,7.121084613684580233e+00,2.415947545100000298e+02,3.866386604592000253e+02,-2.445628088000010025e-01
4.840000000000000746e+00,3.036000000000000032e+00,1.014754665074405793e+01,7.111546650744059228e+00,2.420753967599999896e+02,3.866410960591999810e+02,-2.344644138000100131e-01
4.850000000000000533e+00,3.036296876146101553e+00,1.013870312385389738e+01,7.102406247707796716e+00,2.425763233299999797e+02,3.866566702462000080e+02,-2.354079317999860088e-01
4.860000000000000320e+00,3.036977753289348048e+00,1.013802224671065133e+01,7.101044493421303727e+00,2.430625572820000002e+02,3.866664293602000271e+02,-2.273341438000049952e-01
4.870000000000000107e+00,3.069319127708182826e+00,1.019073120836598179e+01,7.121412080657799848e+00,2.435456511539999838e+02,3.866610096541999724e+02,-2.122074567999620021e-01
4.879999999999999893e+00,3.075593321519070500e+00,1.018635360506138632e+01,7.110760283542315818e+00,2.440514820779999923e+02,3.866608555892000254e+02,-2.080943607999999889e-01
4.889999999999999680e+00,3.080832246782790218e+00,1.019971155987911438e+01,7.118879313096324601e+00,2.445542626580000274e+02,3.866615006711999740e+02,-2.119848147999630061e-01
4.899999999999999467e+00,3.085999999999999854e+00,1.021937863907410637e+01,7.133378639074106964e+00,2.450563872960000253e+02,3.866560914902000263e+02,-2.178540677999910025e-01
4.909999999999999254e+00,3.086091323606968029e+00,1.020852970293521622e+01,7.122438379328248637e+00,2.455657289879999894e+02,3.866470807741999920e+02,-2.257090217999729864e-01
4.920000000000000817e+00,3.086746826886766826e+00,1.018362057830285750e+01,7.096873751416089782e+00,2.460698514840000257e+02,3.866417679511999950e+02,-2.365782027999960013e-01
4.930000000000000604e+00,3.076883029031391548e+00,1.017399999999999949e+01,7.097116970968608385e+00,2.465821317439999802e+02,3.866339195442000118e+02,-2.464366167999879897e-01
4.940000000000000391e+00,3.074052429649253071e+00,1.016663299245522722e+01,7.092580562805975042e+00,2.470798062360000245e+02,3.866362798952000048e+02,-2.493342517999730112e-01
4.950000000000000178e+00,3.083170647205786263e+00,1.016439957926465354e+01,7.081228932058867720e+00,2.475735168620000195e+02,3.866554379771999947e+02,-2.532920387999920142e-01
4.959999999999999964e+00,3.097652099875177978e+00,1.016864335980028500e+01,7.070991259925107464e+00,2.480719354780000003e+02,3.866798552541999925e+02,-2.622673658000069796e-01
4.969999999999999751e+00,3.087153161953315905e+00,1.015184505912530533e+01,7.064691897171989865e+00,2.485717750480000063e+02,3.866793768352000029e+02,-2.531544257999919778e-01
4.979999999999999538e+00,3.109032884685940523e+00,1.016151644234297002e+01,7.052483557657029500e+00,2.490646518140000012e+02,3.866605000242000187e+02,-2.359780717999959976e-01
4.989999999999999325e+00,3.120640928873394504e+00,1.016978930125766745e+01,7.049148372384272498e+00,2.495618391379999821e+02,3.866538462881999862e+02,-2.308439608000009968e-01
5.000000000000000888e+00,3.125486659471119033e+00,1.016835325418230873e+01,7.042866594711190587e+00,2.500607956619999754e+02,3.866512929662000033e+02,-2.277239357999590041e-01
5.010000000000000675e+00,3.129780428303094109e+00,1.016778042830309481e+01,7.038000000000000256e+00,2.505591516879999858e+02,3.866417117092000240e+02,-2.195792167999769950e-01
5.020000000000000462e+00,3.132715721174505141e+00,1.016840880180693141e+01,7.035693080632426266e+00,2.510702603600000202e+02,3.866368366872000024e+02,-2.194483167999770057e-01
5.030000000000000249e+00,3.111121704906640861e+00,1.013341783621367220e+01,7.022296131307031786e+00,2.515701034819999791e+02,3.866363018202000035e+02,-2.263352807999819971e-01
5.040000000000000036e+00,3.111809217049408716e+00,1.012448017835768788e+01,7.012670961308279161e+00,2.520610756780000088e+02,3.866332501701999718e+02,-2.352153517999970023e-01
5.049999999999999822e+00,3.112000000000000099e+00,1.011254727086693705e+01,7.000547270866936955e+00,2.525568115300000045e+02,3.866344805151999822e+02,-2.431094637999779984e-01
5.059999999999999609e+00,3.097858115404388268e+00,1.010791216272341408e+01,7.010054047319026260e+00,2.530502649780000297e+02,3.866405992861999721e+02,-2.480213107999739985e-01
5.069999999999999396e+00,3.090863229329327222e+00,1.010812228369138310e+01,7.017259054362055437e+00,2.535564131859999861e+02,3.866524367722000193e+02,-2.569505357999889994e-01
5.080000000000000959e+00,3.098769270398507913e+00,1.011230729601492229e+01,7.013538025616416149e+00,2.540650123500000177e+02,3.866564295361999939e+02,-2.578514867999650018e-01
5.090000000000000746e+00,3.098077090870566153e+00,1.011922909129433812e+01,7.021152000423772854e+00,2.545593176599999765e+02,3.866476221792000274e+02,-2.487103928000060082e-01
5.100000000000000533e+00,3.124000000000000110e+00,1.010774619307326994e+01,6.983746193073270270e+00,2.550703116700000237e+02,3.866447544772000242e+02,-2.455865807999640105e-01
5.110000000000000320e+00,3.124000000000000110e+00,1.009992480608523557e+01,6.975924806085235019e+00,2.555780823439999949e+02,3.866457127781999930e+02,-2.414769778000009914e-01
5.120000000000000107e+00,3.100095966623607424e+00,1.008167690168179931e+01,6.981580935058191884e+00,2.560709907379999777e+02,3.866438299422000000e+02,-2.343606377999969959e-01
5.129999999999999893e+00,3.107586336233921109e+00,1.008893975217544003e+01,6.981353415941519813e+00,2.565725436199999763e+02,3.866484326652000050e+02,-2.322652887999860083e-01
5.139999999999999680e+00,3.132068945923893288e+00,1.010625860184989833e+01,6.974189655926004150e+00,2.570598356080000144e+02,3.866572080742000139e+02,-2.361878728000059990e-01
5.149999999999999467e+00,3.109078489469412343e+00,1.008390380669390396e+01,6.974825317224492061e+00,2.575502943779999896e+02,3.866631487921999906e+02,-2.430997708000119939e-01
5.159999999999999254e+00,3.102041802228764578e+00,1.007622742061319698e+01,6.974185618384432850e+00,2.580422622840000031e+02,3.866601964771999747e+02,-2.399798927999690079e-01
5.170000000000000817e+00,3.117679508072581651e+00,1.009072385898757673e+01,6.973044350914995526e+00,2.585262425320000261e+02,3.866567987541999969e+02,-2.338602007999960042e-01
5.180000000000000604e+00,3.136817446380419927e+00,1.011100808981538357e+01,6.974190643434964088e+00,2.590295098359999884e+02,3.866664649791999864e+02,-2.437824127999869972e-01
5.190000000000000391e+00,3.136104009859638442e+00,1.011885589154397991e+01,6.982751881684342798e+00,2.595389953760000026e+02,3.866724797261999811e+02,-2.536903587999779774e-01
5.200000000000000178e+00,3.159817274446913515e+00,1.015725266003235205e+01,6.997435385585438539e+00,2.600493897759999982e+02,3.866625699772000075e+02,-2.495418287999590090e-01
5.209999999999999964e+00,3.161153483155942912e+00,1.017407674157797004e+01,7.012923258422028461e+00,2.605614407119999782e+02,3.866587362102000043e+02,-2.534144187999790021e-01
5.219999999999999751e+00,3.165014132051163553e+00,1.018317128299583985e+01,7.018157150944675848e+00,2.610678158019999842e+02,3.866665978642000141e+02,-2.573295337999970123e-01
5.229999999999999538e+00,3.180266571218199889e+00,1.019124192441343091e+01,7.010975353195231463e+00,2.615685980800000152e+02,3.866671536442000274e+02,-2.542200718000119930e-01
5.239999999999999325e+00,3.152405390526017204e+00,1.013383367182170147e+01,6.981428281295683824e+00,2.620689241520000223e+02,3.866756998962000011e+02,-2.501388957999919893e-01
5.250000000000000888e+00,3.170580819566463759e+00,1.014362044130501950e+01,6.973039621738554850e+00,2.625681394079999791e+02,3.866861611891999928e+02,-2.530647687999790230e-01
5.260000000000000675e+00,3.184117481626271839e+00,1.015587727176179555e+01,6.971759790135522827e+00,2.630651566259999754e+02,3.866824884452000219e+02,-2.519412388000020209e-01
5.270000000000000462e+00,3.167248772993237704e+00,1.013924877299323768e+01,6.972000000000000419e+00,2.635550977099999841e+02,3.866624034611999718e+02,-2.457613467999729961e-01
5.280000000000000249e+00,3.152927375345467631e+00,1.012525465662425717e+01,6.972327281278789535e+00,2.640418726780000043e+02,3.866451425842000162e+02,-2.395921228000019998e-01
5.290000000000000036e+00,3.164469728472615095e+00,1.013693592409221367e+01,6.972466195619597684e+00,2.645427725040000269e+02,3.866436451801999965e+02,-2.524754947999779953e-01
5.299999999999999822e+00,3.173142197444335011e+00,1.014427416706828211e+01,6.971131969623948876e+00,2.650558235899999886e+02,3.866398401882000258e+02,-2.643480157999790192e-01
5.309999999999999609e+00,3.198999999999999844e+00,1.015694731064127332e+01,6.957947310641272587e+00,2.655648473319999994e+02,3.866188485051999919e+02,-2.561606667999969944e-01
5.319999999999999396e+00,3.198999999999999844e+00,1.015553378685056529e+01,6.956533786850566337e+00,2.660695663299999865e+02,3.866206271212000161e+02,-2.540546497999869868e-01
5.330000000000000959e+00,3.191593763847609733e+00,1.012651447633696122e+01,6.934920712489351047e+00,2.665731215519999751e+02,3.866603407442000275e+02,-2.690828397999739940e-01
5.340000000000000746e+00,3.185999999999999943e+00,1.010461999943883704e+01,6.918619999438837986e+00,2.670599871860000007e+02,3.866941288241999928e+02,-2.740937717999700207e-01
5.350000000000000533e+00,3.185999999999999943e+00,1.010318616933030533e+01,6.917186169330306278e+00,2.675491592619999892e+02,3.867050573032000216e+02,-2.660234557999879845e-01
5.360000000000000320e+00,3.187512096518869242e+00,1.009921601378841061e+01,6.911703917269540476e+00,2.680402158659999827e+02,3.867180682921999733e+02,-2.659601197999880151e-01
5.370000000000000107e+00,3.197203256068033017e+00,1.010060046515257604e+01,6.903397209084543462e+00,2.685345541359999970e+02,3.867262337422000087e+02,-2.728790037999930251e-01
5.379999999999999893e+00,3.208639039047627151e+00,1.010028008007936506e+01,6.891641041031737025e+00,2.690331399300000044e+02,3.867126307891999772e+02,-2.727200967999939829e-01
5.389999999999999680e+00,3.205479326417688402e+00,1.008595547228425104e+01,6.880476145866563087e+00,2.695298106779999898e+02,3.866799337112000217e+02,-2.594941657999589868e-01
5.399999999999999467e+00,3.206452780783461520e+00,1.006999348209675915e+01,6.863540701313299408e+00,2.700274559840000279e+02,3.866652612792000241e+02,-2.633317207999780196e-01
5.409999999999999254e+00,3.228073822898476219e+00,1.006854671872901008e+01,6.840472895830534306e+00,2.705360017020000214e+02,3.866701959632000012e+02,-2.802361107999740142e-01
5.420000000000000817e+00,3.237940177787282270e+00,1.007993097436994034e+01,6.841990796582658518e+00,2.710362985880000224e+02,3.866617094321999843e+02,-2.770948547999890210e-01
5.430000000000000604e+00,3.221151232283633981e+00,1.006898349803160642e+01,6.847832265747972436e+00,2.715377067339999826e+02,3.866513008041999910e+02,-2.689465378000069906e-01
5.440000000000000391e+00,3.203512477971953487e+00,1.005842979583105290e+01,6.854917317859098524e+00,2.720415162059999830e+02,3.866690145001999781e+02,-2.778970147999649809e-01
5.450000000000000178e+00,3.185492844297519888e+00,1.004851235028607626e+01,6.863019505988557256e+00,2.725364523100000156e+02,3.866842502211999886e+02,-2.778406647999649981e-01
5.459999999999999964e+00,3.167418249834448307e+00,1.003113293253312222e+01,6.863714682698675240e+00,2.730328979939999954e+02,3.866905858531999911e+02,-2.697525267999840159e-01
5.469999999999999751e+00,3.170716639626159683e+00,1.003430446117899955e+01,6.863587821552839863e+00,2.735309997699999940e+02,3.867030045231999793e+02,-2.676855207999739861e-01
5.479999999999999538e+00,3.185999999999999943e+00,1.004769479550339462e+01,6.861694795503395561e+00,2.740314411699999937e+02,3.867095328711999969e+02,-2.695972387999839848e-01
5.489999999999999325e+00,3.192557890443814550e+00,1.005188609813673217e+01,6.859328207692917623e+00,2.745388404479999735e+02,3.866994521252000254e+02,-2.654487717999640117e-01
5.500000000000000888e+00,3.227320511681570192e+00,1.010959204939140577e+01,6.882271537709836018e+00,2.750353402019999862e+02,3.866697501511999917e+02,-2.522334457999880208e-01
5.510000000000000675e+00,3.216986060305419226e+00,1.008901435096197119e+01,6.872028290656552407e+00,2.755353229120000265e+02,3.866492226771999867e+02,-2.500497847999780254e-01
5.520000000000000462e+00,3.204453116984741001e+00,1.007264345935115202e+01,6.868190342366411016e+00,2.760460368160000257e+02,3.866512691991999873e+02,-2.689435157999829906e-01
5.530000000000000249e+00,3.203551350936170827e+00,1.006900000000000084e+01,6.865448649063829123e+00,2.765434547959999918e+02,3.866405796551999856e+02,-2.757951927999889863e-01
5.540000000000000036e+00,3.210817702976778154e+00,1.006862021453495615e+01,6.857802511558175773e+00,2.770378756559999829e+02,3.866297508662000268e+02,-2.736469867999790084e-01
5.549999999999999822e+00,3.202451544067758782e+00,1.005119071680783094e+01,6.848739172740071268e+00,2.775357518819999996e+02,3.866461242002000063e+02,-2.825940547999939989e-01
5.559999999999999609e+00,3.198999999999999844e+00,1.004282608416957601e+01,6.843826084169577051e+00,2.780313459260000286e+02,3.866673824321999859e+02,-2.895588517999990175e-01
5.569999999999999396e+00,3.188658525830829760e+00,1.002586730029609541e+01,6.837208774465264760e+00,2.785309583920000023e+02,3.866708833732000130e+02,-2.844600278000030125e-01
5.580000000000000959e+00,3.176696060602972160e+00,1.000580839646142906e+01,6.829112335858456895e+00,2.790360746000000063e+02,3.866657016372000157e+02,-2.743293138000120202e-01
5.590000000000000746e+00,3.192477910385637330e+00,1.002224782331837361e+01,6.829769912932734499e+00,2.795417919719999986e+02,3.866675372522000202e+02,-2.722232758000019959e-01
5.600000000000000533e+00,3.185556426481831682e+00,1.001456094060037749e+01,6.829004514118547142e+00,2.800468531800000278e+02,3.866633221321999940e+02,-2.710960427999700162e-01
5.610000000000000320e+00,3.188289946561582155e+00,1.001677534169052031e+01,6.828485395128939039e+00,2.805512562260000209e+02,3.866530880291999779e+02,-2.619476688000130227e-01
5.620000000000000107e+00,3.231892189324008680e+00,1.006176178263588206e+01,6.829869593311872933e+00,2.810455040940000231e+02,3.866452860961999818e+02,-2.508101217999880173e-01
5.629999999999999893e+00,3.228511189045221386e+00,1.006537593242043549e+01,6.836864743375214104e+00,2.815377322859999936e+02,3.866553237001999719e+02,-2.607360997999790264e-01
5.639999999999999680e+00,3.224306189341494377e+00,1.005795764514563473e+01,6.833651455804140795e+00,2.820248550559999785e+02,3.866670659892000117e+02,-2.726692407999790069e-01
5.649999999999999467e+00,3.224979479556050688e+00,1.004247197021083871e+01,6.817492490654788462e+00,2.825056709639999895e+02,3.866664641492000101e+02,-2.745601687999880136e-01
5.659999999999999254e+00,3.241697755486170340e+00,1.005068283285280906e+01,6.808985077366638272e+00,2.829972991019999995e+02,3.866694667621999884e+02,-2.814614407999940227e-01
5.670000000000000817e+00,3.244883168577532118e+00,1.005499999999999972e+01,6.810116831422467598e+00,2.834954594299999826e+02,3.866808623681999961e+02,-2.863908577999890182e-01
5.680000000000000604e+00,3.234683945877660616e+00,1.005489032882313793e+01,6.820206382945477763e+00,2.839877424000000019e+02,3.866899368841999944e+02,-2.863133607999899799e-01
5.690000000000000391e+00,3.217502100724115355e+00,1.005345850839367650e+01,6.835956407669560697e+00,2.844989944760000071e+02,3.867000943812000173e+02,-2.862354647999890145e-01
5.700000000000000178e+00,3.199160125494495244e+00,1.004114780814876440e+01,6.841987682654269598e+00,2.850153777880000234e+02,3.866905477941999720e+02,-2.760868447999990094e-01
5.709999999999999964e+00,3.188696079119679894e+00,1.004123605138931730e+01,6.852539972269637403e+00,2.855249439199999983e+02,3.866776000542000133e+02,-2.679277547999610043e-01
5.719999999999999751e+00,3.197975885269767726e+00,1.008335209468586946e+01,6.885376209416102178e+00,2.860347113419999800e+02,3.866786723531999996e+02,-2.638181097999979796e-01
5.729999999999999538e+00,3.198121187113898589e+00,1.007921187113898576e+01,6.881090684025087612e+00,2.865254513279999742e+02,3.866796812072000193e+02,-2.537124348000069918e-01
5.739999999999999325e+00,3.228720901524872122e+00,1.009968534225285097e+01,6.870964440727978406e+00,2.870155360379999934e+02,3.866746252141999776e+02,-2.485855408000109956e-01
5.750000000000000888e+00,3.244787301063473794e+00,1.010978730106347356e+01,6.865000000000000213e+00,2.875143810079999867e+02,3.866740298202000190e+02,-2.564725197999930262e-01
5.760000000000000675e+00,3.235039139911638273e+00,1.010003913991163849e+01,6.865000000000000213e+00,2.880116268840000089e+02,3.866663530202000061e+02,-2.583348318000019961e-01
5.770000000000000462e+00,3.249991018495548722e+00,1.008900898150445080e+01,6.839017963008902967e+00,2.885144341660000009e+02,3.866489845912000192e+02,-2.581617008000030022e-01
5.780000000000000249e+00,3.249286013826714559e+00,1.008971398617328497e+01,6.840427972346571295e+00,2.890178982780000183e+02,3.866376563132000115e+02,-2.600097468000119871e-01
5.790000000000000036e+00,3.234127995447130921e+00,1.006739455307963915e+01,6.833266557632508231e+00,2.895162558580000223e+02,3.866280503602000067e+02,-2.588649857999790194e-01
5.799999999999999822e+00,3.228749893530414194e+00,1.006322702107188860e+01,6.834477127541473962e+00,2.900249126859999933e+02,3.866310341721999748e+02,-2.627623837999970013e-01
5.809999999999999609e+00,3.227286716374766051e+00,1.006986978212475314e+01,6.842583065749987092e+00,2.905337400640000283e+02,3.866310299361999796e+02,-2.646491888000069848e-01
5.819999999999999396e+00,3.199899079152000780e+00,1.004089907915200008e+01,6.841000000000000192e+00,2.910380870000000186e+02,3.866217800892000014e+02,-2.595043258000109820e-01
5.830000000000000959e+00,3.208378302612111099e+00,1.004937830261211040e+01,6.841000000000000192e+00,2.915426917799999842e+02,3.866255589691999717e+02,-2.564053847999699931e-01
5.840000000000000746e+00,3.224350176799808398e+00,1.005762315852298983e+01,6.833272981723180095e+00,2.920333491760000015e+02,3.866455620621999856e+02,-2.553667997999929939e-01
5.850000000000000533e+00,3.236000000000000210e+00,1.005779055756995000e+01,6.821790557569949343e+00,2.925150773159999744e+02,3.866640679082000247e+02,-2.503248927999969786e-01
5.860000000000000320e+00,3.236000000000000210e+00,1.004204486208473490e+01,6.806044862084736913e+00,2.930039666220000072e+02,3.866799529471999790e+02,-2.522721918000079833e-01
5.870000000000000107e+00,3.273626521930697031e+00,1.006150086967468305e+01,6.787874347743986903e+00,2.934939685200000099e+02,3.866938947212000244e+02,-2.552123937999929981e-01
5.879999999999999893e+00,3.276901580465420238e+00,1.006107639200262227e+01,6.784174811537201144e+00,2.939865360360000182e+02,3.866979844531999788e+02,-2.531172337999840205e-01
5.889999999999999680e+00,3.223280548395517364e+00,1.002486478592943975e+01,6.801584237533922384e+00,2.944838389099999745e+02,3.866893092852000109e+02,-2.549760107999929915e-01
5.899999999999999467e+00,3.222688851504277086e+00,1.003502162406843112e+01,6.812332772564155370e+00,2.949876439000000232e+02,3.866720084391999990e+02,-2.518028768000070139e-01
5.909999999999999254e+00,3.212291196938350080e+00,1.002270116428502611e+01,6.810409967346677362e+00,2.954813515980000034e+02,3.866561272832000213e+02,-2.506370107999730257e-01
5.920000000000000817e+00,3.201164859390995598e+00,1.000216485939099442e+01,6.801000000000000156e+00,2.959922333879999883e+02,3.866552280931999803e+02,-2.555202207999690001e-01
5.930000000000000604e+00,3.218158701509072017e+00,1.001915870150907217e+01,6.801000000000000156e+00,2.964948993059999793e+02,3.866578804952000041e+02,-2.564177628000030018e-01
5.940000000000000391e+00,3.203987472588519125e+00,1.000596247399423611e+01,6.801975001405716981e+00,2.969862397900000133e+02,3.866659172842000203e+02,-2.513367818000060150e-01
5.950000000000000178e+00,3.193298406476324125e+00,9.992105007477197987e+00,6.798806601000873862e+00,2.974824314460000210e+02,3.866942493152000111e+02,-2.503263507999730075e-01
5.959999999999999964e+00,3.227949934269701782e+00,1.001112937567748418e+01,6.783179441407781951e+00,2.979676403220000225e+02,3.867219649411999853e+02,-2.463161688000110039e-01
5.969999999999999751e+00,3.214565989060980122e+00,9.992909177363221929e+00,6.778343188302241806e+00,2.984607513380000228e+02,3.867340809762000049e+02,-2.492492377999979969e-01
5.979999999999999538e+00,3.205097933091785034e+00,9.975283917323672256e+00,6.770185984231886778e+00,2.989832413319999773e+02,3.867228408391999892e+02,-2.500933557999739931e-01
5.989999999999999325e+00,3.222846717496385960e+00,9.975993868699855938e+00,6.753147151203469534e+00,2.994902380300000004e+02,3.866847200152000141e+02,-2.378459987999730074e-01
6.000000000000000888e+00,3.223694716667329985e+00,9.984336600007958751e+00,6.760641883340629654e+00,2.999907337220000159e+02,3.866552072292000162e+02,-2.356305227999639929e-01
6.010000000000000675e+00,3.208147541714020168e+00,9.971741068424636367e+00,6.763593526710615755e+00,3.004990195980000180e+02,3.866471449381999719e+02,-2.414890447999930023e-01
6.020000000000000462e+00,3.184893520439728398e+00,9.947893520439729187e+00,6.762999999999999901e+00,3.010047634499999845e+02,3.866309705702000201e+02,-2.343194277999879893e-01
6.030000000000000249e+00,3.184238728195166956e+00,9.947238728195166857e+00,6.762999999999999901e+00,3.015083391160000019e+02,3.866176843641999881e+02,-2.251604697999740057e-01
6.040000000000000036e+00,3.210894933604948154e+00,9.956449571266603016e+00,6.745554637661655306e+00,3.020113777619999951e+02,3.866313546452000196e+02,-2.320968397999770005e-01
6.049999999999999822e+00,3.241386146117480660e+00,9.973068042382999820e+00,6.731681896265519605e+00,3.025046902899999850e+02,3.866574871912000049e+02,-2.400793477999589864e-01
6.059999999999999609e+00,3.254327775986244564e+00,9.979100887025694533e+00,6.724773111039449525e+00,3.030075563880000118e+02,3.866741772721999837e+02,-2.400263647999600070e-01
6.069999999999999396e+00,3.236656795407628628e+00,9.960723067223932858e+00,6.724066271816305118e+00,3.035123306080000134e+02,3.866749857442000007e+02,-2.299168607999680092e-01
6.080000000000000959e+00,3.234999999999999876e+00,9.967887427863052707e+00,6.732887427863053276e+00,3.040129977799999779e+02,3.866775559001999909e+02,-2.218144987999869922e-01
6.090000000000000746e+00,3.222594991008205234e+00,9.968641483327207453e+00,6.746046492319002219e+00,3.045132122979999849e+02,3.866880600801999890e+02,-2.287403267999920109e-01
6.100000000000000533e+00,3.197190078208913988e+00,9.960289257782530825e+00,6.763099179573615949e+00,3.050133384119999960e+02,3.866825651251999716e+02,-2.266096697999820109e-01
6.110000000000000320e+00,3.184118104888460365e+00,9.966181048884603655e+00,6.782062943996143289e+00,3.055117206959999976e+02,3.866549774132000152e+02,-2.124013777999720076e-01
6.120000000000000107e+00,3.184810844984776956e+00,9.973108449847766011e+00,6.788297604862989942e+00,3.060064263240000173e+02,3.866391603121999765e+02,-2.092355027999870110e-01
6.129999999999999893e+00,3.167890892611346043e+00,9.972367829632514002e+00,6.804476937021168403e+00,3.065029897780000283e+02,3.866434392322000235e+02,-2.181401928000019919e-01
6.139999999999999680e+00,3.175258734747362421e+00,9.987686596188082078e+00,6.812427861440720100e+00,3.069963853400000175e+02,3.866505704831999992e+02,-2.190555987999769916e-01
6.149999999999999467e+00,3.200245849370418227e+00,1.001324584937041706e+01,6.812999999999999723e+00,3.074905519499999969e+02,3.866617416212000080e+02,-2.229851057999970021e-01
6.159999999999999254e+00,3.219207838368967955e+00,1.003220783836896857e+01,6.812999999999999723e+00,3.079905384759999833e+02,3.866762392731999967e+02,-2.299250738000019889e-01
6.170000000000000817e+00,3.229085373202176257e+00,1.004267582096902522e+01,6.813590447766848079e+00,3.084858174560000066e+02,3.866854706742000189e+02,-2.338474897999630042e-01
6.180000000000000604e+00,3.240728003239871757e+00,1.005445888311027680e+01,6.813730879870405488e+00,3.089852604820000010e+02,3.866919420231999993e+02,-2.357592287999729919e-01
6.190000000000000391e+00,3.257236029920386855e+00,1.007030658872356987e+01,6.813070558803183907e+00,3.094930881540000200e+02,3.866919019562000130e+02,-2.316460908000110008e-01
6.200000000000000178e+00,3.268416104454917370e+00,1.008078836415792345e+01,6.812372259703005639e+00,3.099956396320000067e+02,3.866965581502000191e+02,-2.305507147999779904e-01
6.209999999999999964e+00,3.265133577351920113e+00,1.009043321132404003e+01,6.825299633972120361e+00,3.105050105099999769e+02,3.867045802171999753e+02,-2.374657487999820016e-01
6.219999999999999751e+00,3.246029910293357634e+00,1.009799564054171128e+01,6.851965730248354092e+00,3.110031959859999802e+02,3.866979870082000161e+02,-2.313316228000109886e-01
6.229999999999999538e+00,3.210679955311629197e+00,1.007997409486475249e+01,6.869294139553122847e+00,3.114981846059999953e+02,3.866772098192000158e+02,-2.191481268000100013e-01
6.239999999999999325e+00,3.218522958670706924e+00,1.008892698941632382e+01,6.870404030745616453e+00,3.119971417959999940e+02,3.866746459131999814e+02,-2.190280838000109864e-01
6.250000000000000888e+00,3.243941563522638738e+00,1.010630438925652186e+01,6.862362825733883120e+00,3.124948721760000012e+02,3.866760255361999725e+02,-2.169222138000010125e-01
6.260000000000000675e+00,3.227299503377091483e+00,1.008619523324731837e+01,6.858895729870226887e+00,3.129900627520000285e+02,3.866692578021999793e+02,-2.117881448000059896e-01
6.270000000000000462e+00,3.235830590571461052e+00,1.010078049379766973e+01,6.864949903226208683e+00,3.134997749519999957e+02,3.866713002451999728e+02,-2.156819867999680007e-01
6.280000000000000249e+00,3.247350782229347477e+00,1.013062816025651358e+01,6.883277378027165661e+00,3.140055504320000068e+02,3.866721198522000122e+02,-2.185723838000100117e-01
6.290000000000000036e+00,3.260562906685490869e+00,1.015502554340289620e+01,6.894462636717406667e+00,3.145096141540000190e+02,3.866678336211999749e+02,-2.214451477999959950e-01
6.299999999999999822e+00,3.295761898401768253e+00,1.015789893048177639e+01,6.862137032080008581e+00,3.150226062439999737e+02,3.866650587492000000e+02,-2.243212577999809942e-01
6.309999999999999609e+00,3.297000000000000153e+00,1.013239468640591845e+01,6.835394686405918740e+00,3.155218475359999957e+02,3.866575171151999939e+02,-2.201835637999640105e-01
6.319999999999999396e+00,3.292331337836809979e+00,1.010132535134723852e+01,6.808994013510430321e+00,3.160326146639999934e+02,3.866586252452000281e+02,-2.220738617999729880e-01
6.330000000000000959e+00,3.282402795562554321e+00,1.006940279556255291e+01,6.786999999999999922e+00,3.165430974679999849e+02,3.866647146312000132e+02,-2.269818167999680114e-01
6.340000000000000746e+00,3.265034368614630811e+00,1.005203436861463118e+01,6.786999999999999922e+00,3.170392291979999868e+02,3.866590057921999914e+02,-2.208512677999970031e-01
6.350000000000000533e+00,3.247443638568143331e+00,1.004796587395629714e+01,6.800522235388153369e+00,3.175279158820000021e+02,3.866608919601999901e+02,-2.127491577999580108e-01
6.360000000000000320e+00,3.242117590000223704e+00,1.005664926750021060e+01,6.814531677499987339e+00,3.180086463139999751e+02,3.866793302231999974e+02,-2.107072538000049899e-01
6.370000000000000107e+00,3.277041410307363289e+00,1.008955825202040124e+01,6.812516841713036619e+00,3.184882637100000125e+02,3.866997188071999858e+02,-2.056724588000090059e-01
6.379999999999999893e+00,3.291670572606472334e+00,1.010263955940529534e+01,6.810968986798823011e+00,3.189794323120000286e+02,3.867107648122000114e+02,-1.966021067999950134e-01
6.389999999999999680e+00,3.299685433801481160e+00,1.010472770986028479e+01,6.805042276058804518e+00,3.194729418699999997e+02,3.867158993272000203e+02,-1.975104427999709866e-01
6.399999999999999467e+00,3.308765325589601236e+00,1.009704472450110657e+01,6.788279398911504892e+00,3.199717274000000202e+02,3.867163411092000160e+02,-1.944010227999860008e-01
6.409999999999999254e+00,3.325201808962370720e+00,1.008870313169806110e+01,6.763501322735691268e+00,3.204737937080000165e+02,3.867119514642000127e+02,-1.942738467999859941e-01
6.420000000000000817e+00,3.343469168603616648e+00,1.008758310979383843e+01,6.744113941190221340e+00,3.209862988520000044e+02,3.867001589771999761e+02,-1.901182047999669944e-01
6.430000000000000604e+00,3.360481257151213708e+00,1.009396251430242764e+01,6.733481257151213484e+00,3.214875373360000026e+02,3.866927242851999722e+02,-1.879804568000139897e-01
6.440000000000000391e+00,3.347359426589935794e+00,1.006717682952520398e+01,6.719817402935266415e+00,3.219973947159999739e+02,3.867097710232000054e+02,-1.999272547999579874e-01
6.450000000000000178e+00,3.338080049945023831e+00,1.004076629599737558e+01,6.702686246052351748e+00,3.225071385439999858e+02,3.867288074411999901e+02,-2.138811107999679939e-01
6.459999999999999964e+00,3.329067671841415166e+00,1.003291266587055119e+01,6.703844994029136473e+00,3.230022153460000141e+02,3.867240329151999845e+02,-2.097541058000060021e-01
6.469999999999999751e+00,3.320303640381781829e+00,1.003230364038178202e+01,6.711999999999999744e+00,3.234914152339999873e+02,3.867169302432000109e+02,-2.026201748000009961e-01
6.479999999999999538e+00,3.311830159852376720e+00,1.002383015985237691e+01,6.711999999999999744e+00,3.239956782479999902e+02,3.867266958032000161e+02,-2.005424377999910079e-01
6.489999999999999325e+00,3.324004343998272493e+00,1.003169531507572643e+01,6.707690971077454378e+00,3.244892425840000101e+02,3.867308672301999763e+02,-1.914472987999769893e-01
6.500000000000000888e+00,3.351300958383944817e+00,1.003921533546748890e+01,6.687914377083544970e+00,3.249911370099999885e+02,3.867294868011999824e+02,-1.873307518000139893e-01
6.510000000000000675e+00,3.370481313270200285e+00,1.002960815321608656e+01,6.659126839945885834e+00,3.255064099499999770e+02,3.867218481991999965e+02,-1.861891687999809863e-01
6.520000000000000462e+00,3.361532286360871868e+00,1.001298853181304871e+01,6.651456245452175509e+00,3.259980066819999820e+02,3.867078533092000043e+02,-1.840304207999720054e-01
6.530000000000000249e+00,3.344524369711399103e+00,9.995524369711398904e+00,6.650999999999999801e+00,3.264978756180000232e+02,3.866893190431999869e+02,-1.828538237999950133e-01
6.540000000000000036e+00,3.329672817318506617e+00,9.979091021648132553e+00,6.649418204329626825e+00,3.270020537799999829e+02,3.866830290202000242e+02,-1.877195057999899996e-01
6.549999999999999822e+00,3.323999999999999844e+00,9.978063415632290045e+00,6.654063415632290202e+00,3.275022375579999903e+02,3.866765251132000003e+02,-1.885852957999669954e-01
6.559999999999999609e+00,3.321891734418204400e+00,9.981126974450713618e+00,6.659235240032508329e+00,3.280025090739999882e+02,3.866860309251999865e+02,-1.955075887999719875e-01
6.569999999999999396e+00,3.312065798311929044e+00,9.953754723868945220e+00,6.641688925557015288e+00,3.285037221879999834e+02,3.866965885761999857e+02,-2.034333898000109941e-01
6.580000000000000959e+00,3.310000000000000053e+00,9.948000000000000398e+00,6.637999999999999901e+00,3.290017366700000139e+02,3.866929904712000052e+02,-1.973098687999819967e-01
6.590000000000000746e+00,3.314157799045401198e+00,9.950162055503609437e+00,6.636004256458207351e+00,3.294969268020000186e+02,3.866862297932000274e+02,-1.901758117999770015e-01
6.600000000000000533e+00,3.331479295241140282e+00,9.959169233525393850e+00,6.627689938284253124e+00,3.299917179480000300e+02,3.866864576912000189e+02,-1.830664997999709998e-01
6.610000000000000320e+00,3.342720621360342204e+00,9.968169148406031965e+00,6.625448527045690206e+00,3.304861101079999912e+02,3.866936741651999796e+02,-1.759819327999669891e-01
6.620000000000000107e+00,3.352173140927037664e+00,9.977437569337624268e+00,6.625264428410586603e+00,3.309952521060000095e+02,3.867057038162000140e+02,-1.789111308000090050e-01
6.629999999999999893e+00,3.360624554578845569e+00,9.986593267460415646e+00,6.625968712881570966e+00,3.314982019039999841e+02,3.867033820181999886e+02,-1.747910277999900064e-01
6.639999999999999680e+00,3.371087149993471588e+00,1.001149736426986081e+01,6.640410214276387890e+00,3.319955025579999983e+02,3.866947421301999839e+02,-1.666498648000090121e-01
6.649999999999999467e+00,3.375000000000000000e+00,1.002181741577149587e+01,6.646817415771494986e+00,3.324940623159999973e+02,3.866991421042000070e+02,-1.735545248000129881e-01
6.659999999999999254e+00,3.374938718562708218e+00,1.002195821556604116e+01,6.647019497003332944e+00,3.329925652979999882e+02,3.867045369182000059e+02,-1.814627137999950124e-01
6.670000000000000817e+00,3.374247653643281719e+00,1.001021011193579113e+01,6.635962458292508970e+00,3.334860746339999764e+02,3.867096749611999940e+02,-1.813710557999949902e-01
6.680000000000000604e+00,3.385617036245153866e+00,9.989021254718620568e+00,6.603404218473467147e+00,3.339820104440000250e+02,3.867249465131999955e+02,-1.873146487999670096e-01
6.690000000000000391e+00,3.393984114370813820e+00,9.962292621326156450e+00,6.568308506955342629e+00,3.344872168320000014e+02,3.867357356882000090e+02,-1.942403717999720003e-01
6.700000000000000178e+00,3.366691618826173737e+00,9.936399740937650549e+00,6.569708122111478588e+00,3.349869695520000050e+02,3.867192334381999785e+02,-1.830709048000050132e-01
6.709999999999999964e+00,3.382225415614072528e+00,9.940796345668033496e+00,6.558570930053961412e+00,3.354798472059999881e+02,3.867003425152000204e+02,-1.698945267999709963e-01
6.719999999999999751e+00,3.406030373243323250e+00,9.959613456908249063e+00,6.553583083664925368e+00,3.359775760320000018e+02,3.867017468341999802e+02,-1.607886988000130080e-01
6.729999999999999538e+00,3.423327932789415051e+00,9.990057161709371414e+00,6.566729228919955474e+00,3.364716834239999912e+02,3.867139516202000209e+02,-1.547218007999839884e-01
6.739999999999999325e+00,3.424372703691934472e+00,1.000429133354517397e+01,6.579918629853239942e+00,3.369674166120000223e+02,3.867152243012000099e+02,-1.506159847999659906e-01
6.750000000000000888e+00,3.428730464231541042e+00,1.002451561209011643e+01,6.595785147858576281e+00,3.374748722219999877e+02,3.867041557712000213e+02,-1.434640007999599953e-01
6.760000000000000675e+00,3.436838596280289870e+00,1.005018387846723016e+01,6.613345282186941176e+00,3.379701197960000059e+02,3.866963896692000162e+02,-1.383263967999660005e-01
6.770000000000000462e+00,3.410958716404411284e+00,1.003199801693283000e+01,6.621039300528417826e+00,3.384696215960000245e+02,3.867018344261999800e+02,-1.482345528000129919e-01
6.780000000000000249e+00,3.389272898004342949e+00,1.001935361755764653e+01,6.630080719553303581e+00,3.389720051880000256e+02,3.867094363322000277e+02,-1.611496977999890001e-01
6.790000000000000036e+00,3.368878649794717184e+00,1.000385836634031911e+01,6.634979716545601924e+00,3.394769519559999935e+02,3.867072250041999837e+02,-1.580295468000030013e-01
6.799999999999999822e+00,3.343000143438247473e+00,9.962718176747982213e+00,6.619718033309736072e+00,3.399872639879999952e+02,3.867163059662000251e+02,-1.639481007999749884e-01
6.809999999999999609e+00,3.329102187634059629e+00,9.929625739099479986e+00,6.600523551465419914e+00,3.404984606200000030e+02,3.867274371351999775e+02,-1.708736977999799900e-01
6.819999999999999396e+00,3.323999999999999844e+00,9.915466604813570228e+00,6.591466604813568608e+00,3.409946497920000184e+02,3.867207228721999854e+02,-1.667396017999620006e-01
6.830000000000000959e+00,3.323999999999999844e+00,9.924616555387441252e+00,6.600616555387440521e+00,3.414972838599999818e+02,3.867063848271999973e+02,-1.565771357999700131e-01
6.840000000000000746e+00,3.338931263204490740e+00,9.955484662375836180e+00,6.616553399171344552e+00,3.419968085880000217e+02,3.866938760492000142e+02,-1.454218088000039932e-01
6.850000000000000533e+00,3.344227357649783627e+00,9.974628773725036979e+00,6.630401416075252463e+00,3.424946518539999829e+02,3.866932765761999917e+02,-1.383088987999969988e-01
6.860000000000000320e+00,3.336981907594597008e+00,9.975228501175674722e+00,6.638246593581076382e+00,3.429966914600000223e+02,3.867069004421999807e+02,-1.422453077999600024e-01
6.870000000000000107e+00,3.346679723708019694e+00,9.967608788515127216e+00,6.620929064807107522e+00,3.434913692760000004e+02,3.867091144922000012e+02,-1.381430477999980033e-01
6.879999999999999893e+00,3.355304445670178382e+00,9.970304445670178595e+00,6.615000000000000213e+00,3.439764053399999852e+02,3.867047683441999766e+02,-1.340197877999790010e-01
6.889999999999999680e+00,3.362000000000000099e+00,9.973854407038027503e+00,6.611854407038028292e+00,3.444716288760000111e+02,3.867149734171999853e+02,-1.449456968000029933e-01
6.899999999999999467e+00,3.362000000000000099e+00,9.957617066750955814e+00,6.595617066750956603e+00,3.449711295660000019e+02,3.867204358142000160e+02,-1.498538827999990053e-01
6.909999999999999254e+00,3.355589706979274389e+00,9.940165612884815260e+00,6.584575905905539983e+00,3.454689734980000253e+02,3.867198257571999989e+02,-1.457409547999800048e-01
6.920000000000000817e+00,3.352169527395937099e+00,9.930925717596249314e+00,6.578756190200312659e+00,3.459772317840000255e+02,3.867297910891999777e+02,-1.516630858000080073e-01
6.930000000000000604e+00,3.361372542156504828e+00,9.939420808144465269e+00,6.578048265987961329e+00,3.464827808260000097e+02,3.867345794721999823e+02,-1.615675807999989999e-01
6.940000000000000391e+00,3.377224331627842524e+00,9.954006385097613929e+00,6.576782053469772293e+00,3.469855869979999738e+02,3.867172286832000054e+02,-1.563944798000030112e-01
6.950000000000000178e+00,3.393913623540752766e+00,9.972955617898684011e+00,6.579041994357931245e+00,3.474837993979999737e+02,3.866926184352000178e+02,-1.471967627999890005e-01
6.959999999999999964e+00,3.411361928870507487e+00,9.998081177573531875e+00,6.586719248703023055e+00,3.479822128659999976e+02,3.866820317542000112e+02,-1.410484967999610095e-01
6.969999999999999751e+00,3.411999999999999922e+00,9.991622784762032694e+00,6.579622784762031884e+00,3.484793741540000269e+02,3.866933809451999764e+02,-1.429779527999699984e-01
6.979999999999999538e+00,3.401839858168898889e+00,9.977433452495654720e+00,6.575593594326755387e+00,3.489824691320000056e+02,3.867060634421999907e+02,-1.469108057999889971e-01
6.989999999999999325e+00,3.381272648819442228e+00,9.956427442094591740e+00,6.575154793275149956e+00,3.494843063380000103e+02,3.867056849091999879e+02,-1.417977997999929907e-01
7.000000000000000888e+00,3.355314659032723412e+00,9.931171019599407401e+00,6.575856360566683101e+00,3.499853157200000169e+02,3.867022613291999846e+02,-1.346742217999890023e-01
7.010000000000000675e+00,3.363934345451892849e+00,9.946622831268800979e+00,6.582688485816908575e+00,3.504859294460000001e+02,3.867057734051999773e+02,-1.425752987999699961e-01
7.020000000000000462e+00,3.371471185068559695e+00,9.959199737766139648e+00,6.587728552697581286e+00,3.509958698600000275e+02,3.867038188482000010e+02,-1.474549947999659882e-01
7.030000000000000249e+00,3.362322276127567733e+00,9.949347066598919653e+00,6.587024790471351032e+00,3.514984467080000172e+02,3.866904826992000039e+02,-1.362960697999990034e-01
7.040000000000000036e+00,3.354364390618790992e+00,9.935637683582884350e+00,6.581273292964093358e+00,3.520055048859999829e+02,3.866863780492000160e+02,-1.361687887999979973e-01
7.049999999999999822e+00,3.349668293715372336e+00,9.931648769130905663e+00,6.581980475415533327e+00,3.525220930400000157e+02,3.866907950532000200e+02,-1.460695177999900007e-01
7.059999999999999609e+00,3.349892737735324033e+00,9.940785475470647725e+00,6.590892737735323692e+00,3.530248419920000060e+02,3.866744461601999774e+02,-1.398999577999610056e-01
7.069999999999999396e+00,3.367215160934754703e+00,9.975430321869509953e+00,6.608215160934754806e+00,3.535196596179999915e+02,3.866566640752000126e+02,-1.277270667999589882e-01
7.080000000000000959e+00,3.368475729167855537e+00,9.983475729167857082e+00,6.615000000000000213e+00,3.540169342359999973e+02,3.866660271142000056e+02,-1.266494707999840097e-01
7.090000000000000746e+00,3.358670078758279942e+00,9.975902919948262948e+00,6.617232841189982118e+00,3.545022588840000139e+02,3.866917177802000083e+02,-1.306321708000030002e-01
7.100000000000000533e+00,3.343242382615278174e+00,9.975260099275637060e+00,6.632017716660358886e+00,3.549966276719999883e+02,3.867168948451999881e+02,-1.426110988000030000e-01
7.110000000000000320e+00,3.336548218562969126e+00,9.975451781437030263e+00,6.638903562874061137e+00,3.554944724919999999e+02,3.867162706761999971e+02,-1.424981468000030005e-01
7.120000000000000107e+00,3.331790383248113052e+00,9.969601382537133460e+00,6.637810999289018632e+00,3.559853540639999778e+02,3.866972551712000268e+02,-1.323217928000119947e-01
7.129999999999999893e+00,3.315568836101298267e+00,9.944944630873973068e+00,6.629375794772674801e+00,3.564843689180000297e+02,3.866936823131999859e+02,-1.351981967999990042e-01
7.139999999999999680e+00,3.310999999999999943e+00,9.939110265204780248e+00,6.628110265204779417e+00,3.569908586700000228e+02,3.866995366471999773e+02,-1.421062238000030120e-01
7.149999999999999467e+00,3.303258474326190797e+00,9.935235984200732062e+00,6.631977509874541710e+00,3.574967459260000169e+02,3.866983947982000132e+02,-1.349896107999969952e-01
7.159999999999999254e+00,3.285254429422623357e+00,9.924274000916671667e+00,6.639019571494047867e+00,3.580052304280000044e+02,3.867043948822000061e+02,-1.328976497999889983e-01
7.170000000000000817e+00,3.303742536046719191e+00,9.944184269588774328e+00,6.640441733542055580e+00,3.585130338399999914e+02,3.867223295182000129e+02,-1.438480308000139873e-01
7.180000000000000604e+00,3.316414827176039637e+00,9.957414827176039651e+00,6.641000000000000014e+00,3.590098235099999897e+02,3.867226431902000172e+02,-1.447386287999889998e-01
7.190000000000000391e+00,3.330396165728363389e+00,9.968997603580227462e+00,6.638601437851863629e+00,3.595033597699999746e+02,3.867097641941999768e+02,-1.415833798000029897e-01
7.200000000000000178e+00,3.371370057474159854e+00,9.994606285921349809e+00,6.623236228447190399e+00,3.599957262180000157e+02,3.866998303592000070e+02,-1.364387688000069931e-01
7.209999999999999964e+00,3.387999999999999901e+00,9.998918617188365943e+00,6.610918617188364266e+00,3.604819058360000099e+02,3.867105455052000025e+02,-1.403684437999699886e-01
7.219999999999999751e+00,3.381649310522989449e+00,9.986880633852749156e+00,6.605231323329760151e+00,3.609773304400000029e+02,3.867347741451999923e+02,-1.543438037999800005e-01
7.229999999999999538e+00,3.355323278462031933e+00,9.969804288732129649e+00,6.614481010270096384e+00,3.614854433240000162e+02,3.867297387102000243e+02,-1.512129847999940102e-01
7.239999999999999325e+00,3.357585306302818484e+00,9.965902448949529813e+00,6.608317142646711773e+00,3.619909282219999795e+02,3.867005532552000204e+02,-1.369974757999840032e-01
7.250000000000000888e+00,3.357263705149646338e+00,9.959704958599672864e+00,6.602441253450027858e+00,3.624955035940000130e+02,3.866873028801999794e+02,-1.338384607999980047e-01
7.260000000000000675e+00,3.338594925209056985e+00,9.942472238654515237e+00,6.603877313445456920e+00,3.630082694679999804e+02,3.866884932561999904e+02,-1.447286627999649911e-01
7.270000000000000462e+00,3.319033136101648740e+00,9.930938556216922564e+00,6.611905420115274268e+00,3.635258237020000252e+02,3.866759838681999781e+02,-1.415693747999789975e-01
7.280000000000000249e+00,3.323034031624014784e+00,9.937592670359054026e+00,6.614558638735039686e+00,3.640264610219999781e+02,3.866615318251999724e+02,-1.314069507999889863e-01
7.290000000000000036e+00,3.337000000000000188e+00,9.949543876137834530e+00,6.612543876137833898e+00,3.645293870040000002e+02,3.866771776741999815e+02,-1.443503547999649972e-01
7.299999999999999822e+00,3.337000000000000188e+00,9.942583656695402894e+00,6.605583656695402262e+00,3.650264362940000069e+02,3.866904918491999865e+02,-1.552868267999900076e-01
7.309999999999999609e+00,3.337000000000000188e+00,9.941000000000000725e+00,6.604000000000000092e+00,3.655033980719999818e+02,3.866696729341999799e+02,-1.471072198000089870e-01
7.319999999999999396e+00,3.338715666432678475e+00,9.942470571228010812e+00,6.603754904795331448e+00,3.659961062859999856e+02,3.866537524191999751e+02,-1.409414047999789921e-01
7.330000000000000959e+00,3.348459951891300079e+00,9.950822815906828822e+00,6.602362864015528743e+00,3.664931544660000213e+02,3.866670842341999901e+02,-1.468779068000080068e-01
7.340000000000000746e+00,3.376282105797845823e+00,9.960078989623397661e+00,6.583796883825550950e+00,3.669838138599999979e+02,3.866870555752000200e+02,-1.548392677999899936e-01
7.350000000000000533e+00,3.395261470002991278e+00,9.967000000000000526e+00,6.571738529997007916e+00,3.674944663260000084e+02,3.866901710252000157e+02,-1.537366538000130012e-01
7.360000000000000320e+00,3.376672877881422785e+00,9.967000000000000526e+00,6.590327122118576852e+00,3.680050297220000175e+02,3.866772979241999906e+02,-1.405775727999790115e-01
7.370000000000000107e+00,3.359348960294523234e+00,9.960113542529590802e+00,6.600764582235067124e+00,3.684980521119999821e+02,3.866734183521999739e+02,-1.334541627999739910e-01
7.379999999999999893e+00,3.332731376654613165e+00,9.951259593591462504e+00,6.618528216936849340e+00,3.690069108960000221e+02,3.866904116192000060e+02,-1.444009877999989921e-01
7.389999999999999680e+00,3.301674000849140977e+00,9.943887530011158660e+00,6.642213529162017238e+00,3.695166780960000210e+02,3.866914874461999716e+02,-1.392913488000029898e-01
7.399999999999999467e+00,3.337117692497808097e+00,9.968906606469040810e+00,6.631788913971233157e+00,3.700129792660000021e+02,3.866828081991999966e+02,-1.261502367999700058e-01
7.409999999999999254e+00,3.373252373818969918e+00,9.994869369241213164e+00,6.621616995422243690e+00,3.705189560360000200e+02,3.866976478451999810e+02,-1.330900787999740043e-01
7.420000000000000817e+00,3.398939201227475060e+00,1.001529439982464709e+01,6.616355198597171139e+00,3.710126125500000285e+02,3.867177584312000249e+02,-1.500513227999709931e-01
7.430000000000000604e+00,3.389425917953008849e+00,1.001665344029242632e+01,6.627227522339418364e+00,3.714978774940000221e+02,3.867094046991999789e+02,-1.499138987999709960e-01
7.440000000000000391e+00,3.387516743373947037e+00,1.001028233613868679e+01,6.622765592764739750e+00,3.719906429279999998e+02,3.866924822881999830e+02,-1.447445427999750067e-01
7.450000000000000178e+00,3.383168474751896859e+00,1.000399999999999956e+01,6.620831525248102700e+00,3.724843800340000257e+02,3.866936303872000167e+02,-1.436387507999979940e-01
7.459999999999999964e+00,3.367211128368426731e+00,1.000399999999999956e+01,6.636788871631573272e+00,3.729752674200000229e+02,3.867096082561999992e+02,-1.515859717999810119e-01
7.469999999999999751e+00,3.348626496192899538e+00,1.001147422197969128e+01,6.662847725786792630e+00,3.734838102520000120e+02,3.867145888041999910e+02,-1.554904397999989918e-01
7.479999999999999538e+00,3.338000000000000078e+00,1.001319512288408831e+01,6.675195122884088228e+00,3.739904389260000244e+02,3.867004611152000280e+02,-1.503278598000039878e-01
7.489999999999999325e+00,3.338345640016839422e+00,1.000601033235691695e+01,6.667664692340076193e+00,3.744971237099999826e+02,3.866853491702000269e+02,-1.411617687999890125e-01
7.500000000000000888e+00,3.347637415224111734e+00,1.003317090603971096e+01,6.685533490815600111e+00,3.750075486279999950e+02,3.866924510361999978e+02,-1.420732827999650061e-01
7.510000000000000675e+00,3.350576337593061282e+00,1.004215267518612187e+01,6.691576337593061474e+00,3.755180879860000118e+02,3.866975491101999864e+02,-1.449777148000090110e-01
7.520000000000000462e+00,3.348911998671047385e+00,1.004000266544846021e+01,6.691090666777412821e+00,3.760210943380000117e+02,3.866942360002000214e+02,-1.388540887999789863e-01
7.530000000000000249e+00,3.339985798776743842e+00,1.003182031554534781e+01,6.691834516768604857e+00,3.765114371139999889e+02,3.867022052062000057e+02,-1.367731107999700102e-01
7.540000000000000036e+00,3.344429582336746254e+00,1.004339496320155511e+01,6.698965380864808417e+00,3.770031521020000014e+02,3.867212316502000249e+02,-1.457309097999839875e-01
7.549999999999999822e+00,3.350000000000000089e+00,1.006006077867901283e+01,6.710060778679014071e+00,3.774917842300000075e+02,3.867240773781999792e+02,-1.486322687999699910e-01
7.559999999999999609e+00,3.350000000000000089e+00,1.007580448692316466e+01,6.725804486923165015e+00,3.779806118340000012e+02,3.867059497711999825e+02,-1.374594978000029943e-01
7.569999999999999396e+00,3.334841227776935924e+00,1.006284122777693568e+01,6.727999999999999758e+00,3.784817930980000256e+02,3.866995169752000265e+02,-1.343252907999610002e-01
7.580000000000000959e+00,3.332869945899584962e+00,1.005754035340360630e+01,6.724670407504021341e+00,3.789790690479999853e+02,3.867088588461999734e+02,-1.392476588000129967e-01
7.590000000000000746e+00,3.350999999999999979e+00,1.006805762064427689e+01,6.717057620644276916e+00,3.794786839559999976e+02,3.867123209792000011e+02,-1.451487687999840070e-01
7.600000000000000533e+00,3.350999999999999979e+00,1.008620900205229276e+01,6.735209002052292782e+00,3.799971808980000105e+02,3.867008457901999918e+02,-1.479929587999709861e-01
7.610000000000000320e+00,3.339870358751122925e+00,1.008276073005103335e+01,6.742890371299909980e+00,3.805090866539999865e+02,3.866820077282000057e+02,-1.438125928000079934e-01
7.620000000000000107e+00,3.324360571725233360e+00,1.006684725331775532e+01,6.742486681592522402e+00,3.810022818140000140e+02,3.866751048282000056e+02,-1.446785297999849951e-01
7.629999999999999893e+00,3.315758000998190180e+00,1.005030384807344213e+01,6.734545847075252389e+00,3.815111978180000278e+02,3.866910961991999898e+02,-1.566218137999859927e-01
7.639999999999999680e+00,3.319120676415159732e+00,1.003935014484754440e+01,6.720229468432385111e+00,3.820105842899999971e+02,3.866985588602000234e+02,-1.605370758000040088e-01
7.649999999999999467e+00,3.322331395526261222e+00,1.003079883731575705e+01,6.708467441789495389e+00,3.824932802860000152e+02,3.867001100901999848e+02,-1.504351038000139862e-01
7.659999999999999254e+00,3.304913901096646622e+00,1.002034834065798918e+01,6.715434439561341229e+00,3.829908136359999844e+02,3.867224877442000093e+02,-1.554034058000079987e-01
7.670000000000000817e+00,3.293528028044668599e+00,1.002440454739028475e+01,6.730876519345615705e+00,3.834837541019999776e+02,3.867375918271999922e+02,-1.603470678000039895e-01
7.680000000000000604e+00,3.290190280234206455e+00,1.003588974812468848e+01,6.745699467890482914e+00,3.839785142860000065e+02,3.867208151661999977e+02,-1.461777237999929979e-01
7.690000000000000391e+00,3.300013560211626729e+00,1.005387795809535767e+01,6.753864397883731385e+00,3.844863679939999770e+02,3.867027721722000138e+02,-1.350010187999710065e-01
7.700000000000000178e+00,3.300676478776400469e+00,1.004791169101239490e+01,6.747235212235993984e+00,3.849961933019999947e+02,3.867028319912000143e+02,-1.348878147999710009e-01
7.709999999999999964e+00,3.296397974709718959e+00,1.004004397276431249e+01,6.743645998054593527e+00,3.854978040700000292e+02,3.867064222341999766e+02,-1.367889067999799868e-01
7.719999999999999751e+00,3.289849639209878163e+00,1.003299761034666915e+01,6.743147971136790986e+00,3.860119650839999963e+02,3.867007163132000187e+02,-1.376544028000120101e-01
7.729999999999999538e+00,3.307334929536416723e+00,1.005188172389932966e+01,6.744546794362913822e+00,3.865114350339999874e+02,3.866891706232000274e+02,-1.365025507999790000e-01
7.739999999999999325e+00,3.313000000000000167e+00,1.005845958893209158e+01,6.745459588932092743e+00,3.870014643000000092e+02,3.866850883021999721e+02,-1.383791497999899978e-01
7.750000000000000888e+00,3.313000000000000167e+00,1.005869732606155686e+01,6.745697326061557142e+00,3.874954614700000093e+02,3.866992298481999910e+02,-1.493192198000130033e-01
7.760000000000000675e+00,3.313000000000000167e+00,1.005729841612278008e+01,6.744298416122780360e+00,3.879949623819999829e+02,3.867046887171999856e+02,-1.552273997999850108e-01
7.770000000000000462e+00,3.325725276559901022e+00,1.005750901106239681e+01,6.731783734502495342e+00,3.884929770859999962e+02,3.867010870842000259e+02,-1.501038727999899902e-01
7.780000000000000249e+00,3.340321824622044300e+00,1.005567817537795605e+01,6.715356350755911308e+00,3.889883115100000168e+02,3.867093448132000049e+02,-1.470227958000049906e-01
7.790000000000000036e+00,3.350043094795905674e+00,1.004595690520409335e+01,6.695913810408188560e+00,3.894812515319999875e+02,3.867244559522000031e+02,-1.499664697999890106e-01
7.799999999999999822e+00,3.350999999999999979e+00,1.003075286450905601e+01,6.679752864509056032e+00,3.899863122959999941e+02,3.867202478881999923e+02,-1.468392488000040130e-01
7.809999999999999609e+00,3.351296661011502476e+00,1.002752654225305839e+01,6.676229881241555475e+00,3.904943931079999970e+02,3.866982255341999917e+02,-1.316484277999609986e-01
7.819999999999999396e+00,3.350524408312351099e+00,1.004169466889169549e+01,6.691170260579343498e+00,3.910016781680000122e+02,3.866901450522000232e+02,-1.265070367999659995e-01
7.830000000000000959e+00,3.333458190642655694e+00,1.002659763018388794e+01,6.693139439541232250e+00,3.915064849039999899e+02,3.867079333872000007e+02,-1.304575227999829889e-01
7.840000000000000746e+00,3.320969771045912289e+00,1.001496977104591224e+01,6.693999999999999950e+00,3.920034184219999815e+02,3.867232725221999772e+02,-1.334011127999699953e-01
7.850000000000000533e+00,3.313000000000000167e+00,1.000970655852656854e+01,6.696706558526568820e+00,3.925125877880000189e+02,3.867172780782000245e+02,-1.352667077999800127e-01
7.860000000000000320e+00,3.313000000000000167e+00,1.002876471645066836e+01,6.715764716450668637e+00,3.930151100799999995e+02,3.867049014891999832e+02,-1.351112517999789875e-01
7.870000000000000107e+00,3.334308245729913800e+00,1.004545783940836579e+01,6.711149593678452874e+00,3.935008604160000232e+02,3.867055900682000242e+02,-1.350056217999789920e-01
7.879999999999999893e+00,3.353959913610735200e+00,1.005624665946756124e+01,6.702286745856826045e+00,3.939906928739999898e+02,3.867225022502000229e+02,-1.449563867999699995e-01
7.889999999999999680e+00,3.362421414115746909e+00,1.005695178450964633e+01,6.694530370393898977e+00,3.944942429480000214e+02,3.867272119151999732e+02,-1.448609837999700056e-01
7.899999999999999467e+00,3.371862225774941990e+00,1.006586222577494283e+01,6.693999999999999950e+00,3.949807300400000258e+02,3.867149887421999779e+02,-1.257095127999650064e-01
7.909999999999999254e+00,3.376695469829004370e+00,1.006978187931601809e+01,6.693086409487013277e+00,3.954770062840000264e+02,3.867242947821999905e+02,-1.246319377999890038e-01
7.920000000000000817e+00,3.376033365071450021e+00,1.006713346028580069e+01,6.691100095214350674e+00,3.959862057240000013e+02,3.867353190091999977e+02,-1.295575887999849962e-01
7.930000000000000604e+00,3.341702221701410291e+00,1.005892993451797857e+01,6.717227712816568719e+00,3.964921210140000198e+02,3.867161424811999950e+02,-1.243773547999890011e-01
7.940000000000000391e+00,3.325424498649768967e+00,1.005117951215208194e+01,6.725755013502313417e+00,3.970058220060000167e+02,3.866834019062000039e+02,-1.151475077999739999e-01
7.950000000000000178e+00,3.321633957423800076e+00,1.004566415057106177e+01,6.724030193147260803e+00,3.975143345420000287e+02,3.866713673112000151e+02,-1.149919257999739985e-01
7.959999999999999964e+00,3.305103887639314397e+00,1.004439260674148571e+01,6.739288719102170866e+00,3.980032823999999891e+02,3.866862292861999890e+02,-1.239356477999880024e-01
7.969999999999999751e+00,3.300489334029605537e+00,1.003176664925986294e+01,6.731277315230256519e+00,3.985036993179999740e+02,3.867107358651999789e+02,-1.399108908000090135e-01
7.979999999999999538e+00,3.298255986158647346e+00,1.001900000000000013e+01,6.720744013841352782e+00,3.990191174380000234e+02,3.867181015581999759e+02,-1.468222638000140079e-01
7.989999999999999325e+00,3.289400948066863783e+00,1.001900000000000013e+01,6.729599051933136344e+00,3.995055510839999897e+02,3.867068203051999831e+02,-1.436742317999699925e-01
8.000000000000000000e+00,3.324909350607560654e+00,1.006282985384647866e+01,6.737920503238918002e+00,3.999943535400000201e+02,3.867066815132000102e+02,-1.435650037999710027e-01
8.010000000000001563e+00,3.362056941474593774e+00,1.009798990151947429e+01,6.735932960044880069e+00,4.004907448899999736e+02,3.867139731771999891e+02,-1.474803287999900125e-01
8.019999999999999574e+00,3.387643970348156675e+00,1.010559685604945201e+01,6.717952885701294896e+00,4.009845944379999878e+02,3.867131492362000245e+02,-1.393675088000080053e-01
8.030000000000001137e+00,3.364817866789302059e+00,1.008966072080358245e+01,6.724842854014280391e+00,4.014775008340000113e+02,3.867112981522000155e+02,-1.232512227999889992e-01
8.039999999999999147e+00,3.360696778983294664e+00,1.007717341724734972e+01,6.716476638264055055e+00,4.019733204280000223e+02,3.867286017202000039e+02,-1.192019457999699966e-01
8.050000000000000711e+00,3.377043891549233123e+00,1.006986832535230114e+01,6.692824433803066242e+00,4.024703686080000011e+02,3.867419335352000189e+02,-1.251384477999979983e-01
8.059999999999998721e+00,3.377756122707558095e+00,1.006773163187732578e+01,6.689975509169767243e+00,4.029789933640000186e+02,3.867279304282000112e+02,-1.169758437999609962e-01
8.070000000000000284e+00,3.371414534195909418e+00,1.005618102046470774e+01,6.684766486268798324e+00,4.034890724780000255e+02,3.867059973762000027e+02,-1.087849387999779982e-01
8.080000000000001847e+00,3.363999999999999879e+00,1.004821119160106235e+01,6.684211191601061586e+00,4.039875752379999767e+02,3.867113957181999808e+02,-1.156931337999839993e-01
8.089999999999999858e+00,3.363999999999999879e+00,1.006546398674098519e+01,6.701463986740985312e+00,4.044804039279999870e+02,3.867284612572000242e+02,-1.306438057999710078e-01
8.100000000000001421e+00,3.356148644287122007e+00,1.006227026653181866e+01,6.706121622244697100e+00,4.049819020320000504e+02,3.867340270682000209e+02,-1.385519318000089928e-01
8.109999999999999432e+00,3.343189804898537787e+00,1.005018980489853853e+01,6.706999999999999851e+00,4.054900736899999742e+02,3.867279650411999796e+02,-1.434175298000039955e-01
8.120000000000000995e+00,3.325722465116304871e+00,1.003272246511630428e+01,6.706999999999999851e+00,4.059890308800000298e+02,3.867254011352000020e+02,-1.432974868000030100e-01
8.129999999999999005e+00,3.350005930159183798e+00,1.003265805079366224e+01,6.682652120634479331e+00,4.064796012039999482e+02,3.867293839252000112e+02,-1.392023807999840102e-01
8.140000000000000568e+00,3.371205526020813359e+00,1.004514417851080310e+01,6.673938652489990631e+00,4.069762192139999684e+02,3.867327032851999888e+02,-1.371036017999739953e-01
8.149999999999998579e+00,3.387791373436029652e+00,1.006969123268532407e+01,6.681899859249294416e+00,4.074864408440000147e+02,3.867258168641999987e+02,-1.249657247999750032e-01
8.160000000000000142e+00,3.361451297370138480e+00,1.006790404979238041e+01,6.706452752422240593e+00,4.079917848220000565e+02,3.867166451841999901e+02,-1.138208768000080057e-01
8.170000000000001705e+00,3.350897605928864209e+00,1.005667753181806212e+01,6.705779925889197024e+00,4.085028364960000431e+02,3.867127685301999804e+02,-1.136935118000070022e-01
8.179999999999999716e+00,3.354142899699301683e+00,1.004400000000000048e+01,6.689857100300698356e+00,4.090053020119999587e+02,3.867013867811999717e+02,-1.145415847999829984e-01
8.190000000000001279e+00,3.361843444300806283e+00,1.004400000000000048e+01,6.682156555699194200e+00,4.095052275019999684e+02,3.866818612032000146e+02,-1.113614647999980056e-01
8.199999999999999289e+00,3.335038524442493379e+00,1.002974513010793878e+01,6.694706605665444954e+00,4.100019610620000208e+02,3.866831591312000000e+02,-1.162555737999940025e-01
8.210000000000000853e+00,3.314750665395253648e+00,1.001564228680406821e+01,6.700891621408814558e+00,4.104896829979999779e+02,3.867019505232000256e+02,-1.272134447999599960e-01
8.219999999999998863e+00,3.324265145238244124e+00,1.000748701836721999e+01,6.683221873128974977e+00,4.109750089779999485e+02,3.867276200211999821e+02,-1.371961088000089868e-01
8.230000000000000426e+00,3.349535468226252366e+00,1.001999406218858368e+01,6.670458593962329985e+00,4.114828128339999580e+02,3.867455476011999735e+02,-1.501464777999859945e-01
8.239999999999998437e+00,3.358842321034189560e+00,1.002003111531553081e+01,6.661188794281340364e+00,4.119891576279999867e+02,3.867363941122000028e+02,-1.500015427999850104e-01
8.250000000000000000e+00,3.351194037508511858e+00,1.000537190522464925e+01,6.654177867716136063e+00,4.124793244839999602e+02,3.867123509361999822e+02,-1.338075707999659969e-01
8.260000000000001563e+00,3.342112219770312365e+00,9.997479570574880015e+00,6.655367350804566762e+00,4.129799923219999869e+02,3.867149105081999778e+02,-1.287051907999710032e-01
8.269999999999999574e+00,3.354385471422008269e+00,1.001599102743480074e+01,6.661605556012792029e+00,4.134901318059999653e+02,3.867270112702000233e+02,-1.276343917999930022e-01
8.280000000000001137e+00,3.380424638129496007e+00,1.004278768093525187e+01,6.662363042805755420e+00,4.139959622859999513e+02,3.867268642611999780e+02,-1.215213077999640068e-01
8.289999999999999147e+00,3.397326805116819948e+00,1.003433659744158923e+01,6.637009792324770174e+00,4.144959165180000014e+02,3.867243785222000270e+02,-1.154012797999929979e-01
8.300000000000000711e+00,3.375677099116802360e+00,1.001225782433760259e+01,6.636580725220799337e+00,4.149956451999999558e+02,3.867258474472000103e+02,-1.202953257999880010e-01
8.309999999999998721e+00,3.357770117135263632e+00,9.995789272817786397e+00,6.638019155682522765e+00,4.154905536719999759e+02,3.867240256892000048e+02,-1.281788537999709876e-01
8.320000000000000284e+00,3.385104878763514957e+00,1.000560175135100494e+01,6.620496872587490422e+00,4.159910803260000307e+02,3.867115174621999927e+02,-1.330234097999649923e-01
8.330000000000001847e+00,3.381236603820926501e+00,9.998639419499459891e+00,6.617402815678532946e+00,4.164888703680000503e+02,3.867118563811999934e+02,-1.429139328000139930e-01
8.339999999999999858e+00,3.375999999999999890e+00,9.994137359257070585e+00,6.618137359257071139e+00,4.169795878699999889e+02,3.867308117142000015e+02,-1.558717287999910051e-01
8.350000000000001421e+00,3.375999999999999890e+00,9.996879745613309609e+00,6.620879745613310163e+00,4.174691921140000090e+02,3.867517208962000268e+02,-1.648366398000050137e-01
8.359999999999999432e+00,3.400919697560966792e+00,1.003673681502965032e+01,6.635817117468683080e+00,4.179716309280000246e+02,3.867583526582000104e+02,-1.697482978000010023e-01
8.370000000000000995e+00,3.427795257869980183e+00,1.006598679906223559e+01,6.638191541192256295e+00,4.184689331359999755e+02,3.867496880741999803e+02,-1.686070927999669955e-01
8.379999999999999005e+00,3.450236967403295552e+00,1.008030781439295431e+01,6.630070846989658762e+00,4.189695127919999891e+02,3.867362449831999811e+02,-1.554482217999899885e-01
8.390000000000000568e+00,3.422600150625886517e+00,1.005337963394317136e+01,6.630779483317285283e+00,4.194755703760000074e+02,3.867321186141999760e+02,-1.453210217999990062e-01
8.399999999999998579e+00,3.433793826033720187e+00,1.006986916604236626e+01,6.636075340008646073e+00,4.199954923099999746e+02,3.867307693271999938e+02,-1.402005678000040056e-01
8.410000000000000142e+00,3.461314571280573738e+00,1.010231457128057286e+01,6.641000000000000014e+00,4.205076541340000063e+02,3.867249882162000176e+02,-1.300661718000120093e-01
8.420000000000001705e+00,3.486867591886634976e+00,1.012786759188663410e+01,6.641000000000000014e+00,4.210008472960000176e+02,3.867181170682000015e+02,-1.219321627999749996e-01
8.429999999999999716e+00,3.451448130952658122e+00,1.009305050390652170e+01,6.641602372953864908e+00,4.214914770600000224e+02,3.867210626821999995e+02,-1.288334557999790131e-01
8.440000000000001279e+00,3.422521363918729520e+00,1.005669443273587049e+01,6.634173068817141861e+00,4.219824501439999835e+02,3.867179969201999938e+02,-1.417135028000129915e-01
8.449999999999999289e+00,3.414023905394193203e+00,1.002907769253112669e+01,6.615053787136934815e+00,4.224881401060000030e+02,3.867027715282000031e+02,-1.485473367999619876e-01
8.460000000000000853e+00,3.430339483598602079e+00,1.003815011081521646e+01,6.607810627216615273e+00,4.229922056040000484e+02,3.866984570732000179e+02,-1.594200527999860006e-01
8.469999999999998863e+00,3.438654417861311430e+00,1.003885301433573574e+01,6.600198596474425194e+00,4.234864307659999554e+02,3.867086051471999895e+02,-1.703459828000100096e-01
8.480000000000000426e+00,3.440212907829377276e+00,1.003202134207509744e+01,6.591808434245719717e+00,4.239786010720000036e+02,3.867196552312000222e+02,-1.762755197999809897e-01
8.489999999999998437e+00,3.458738270759870836e+00,1.004057150958147915e+01,6.581833238821607424e+00,4.244874277839999763e+02,3.867196615792000216e+02,-1.751623428000040061e-01
8.500000000000000000e+00,3.494872248674392612e+00,1.006769779893951444e+01,6.572825550265121386e+00,4.249972207980000007e+02,3.867027380072000255e+02,-1.619891427999720079e-01
8.510000000000001563e+00,3.528867661035314462e+00,1.009341193242377344e+01,6.564544271388458085e+00,4.254955178280000041e+02,3.866941868701999852e+02,-1.448480127999760003e-01
8.519999999999999574e+00,3.528143760776915716e+00,1.008472512932298848e+01,6.556581368546071431e+00,4.260124758239999778e+02,3.867096676172000116e+02,-1.477876477999620075e-01
8.530000000000001137e+00,3.514598216603901371e+00,1.007462388537743792e+01,6.560025668773536545e+00,4.265139144880000117e+02,3.867162706042000195e+02,-1.446993747999759938e-01
8.539999999999999147e+00,3.503450310598159589e+00,1.006415217418711805e+01,6.560701863588959348e+00,4.270104447599999844e+02,3.867035802451999871e+02,-1.365440927999939935e-01
8.550000000000000711e+00,3.502198184152660154e+00,1.005380181584733990e+01,6.551603631694678853e+00,4.275001883699999894e+02,3.867045003481999856e+02,-1.354383847999610091e-01
8.559999999999998721e+00,3.510496026787814028e+00,1.004550397321218647e+01,6.535007946424371994e+00,4.279910770880000541e+02,3.867204570491999789e+02,-1.493855697999720011e-01
8.570000000000000284e+00,3.493960269334763336e+00,1.001601531983503079e+01,6.522055050500267903e+00,4.284922926439999742e+02,3.867309758921999787e+02,-1.683113047999769962e-01
8.580000000000001847e+00,3.451542634636480589e+00,9.966085269272960900e+00,6.514542634636480756e+00,4.290014631199999826e+02,3.867249638082000160e+02,-1.751768697999810109e-01
8.589999999999999858e+00,3.460594498563183130e+00,9.984188997126366871e+00,6.523594498563183741e+00,4.294987089959999480e+02,3.867172870082000031e+02,-1.770391817999900086e-01
8.600000000000001421e+00,3.463578045891258395e+00,9.995641495196156967e+00,6.532063449304899017e+00,4.299871129100000076e+02,3.867241297361999841e+02,-1.789546868000010116e-01
8.609999999999999432e+00,3.461725169728818052e+00,9.999450339457636616e+00,6.537725169728817676e+00,4.304826751039999522e+02,3.867283975212000087e+02,-1.748594757999820115e-01
8.620000000000000995e+00,3.453940277271396297e+00,9.983880554542793107e+00,6.529940277271395921e+00,4.309880765239999505e+02,3.867182204171999729e+02,-1.657110807999669921e-01
8.629999999999999005e+00,3.492642029315898622e+00,1.001422486679233614e+01,6.521582837476437078e+00,4.314959308980000401e+02,3.867001668391999942e+02,-1.575343577999850087e-01
8.640000000000000568e+00,3.534211805915417060e+00,1.005269652828158478e+01,6.518484722366166828e+00,4.320056108040000140e+02,3.866852258911999911e+02,-1.483682037999710102e-01
8.649999999999998579e+00,3.551658092561600810e+00,1.007712132958624274e+01,6.525463237024640151e+00,4.325039666079999847e+02,3.866756481621999910e+02,-1.392234908000130056e-01
8.660000000000000142e+00,3.544552425206927371e+00,1.005625652940326731e+01,6.511704104196338605e+00,4.330063488679999750e+02,3.866832712362000279e+02,-1.461386717999610119e-01
8.670000000000001705e+00,3.521775763910125256e+00,1.003435187501124304e+01,6.512576111101116894e+00,4.335116124760000389e+02,3.866930585151999935e+02,-1.540608538000000083e-01
8.679999999999999716e+00,3.489523287007263885e+00,1.001845772809166313e+01,6.528934441084399687e+00,4.339972483720000014e+02,3.866957508862000168e+02,-1.519623057999900106e-01
8.690000000000001279e+00,3.499290518876745804e+00,1.004566644544236276e+01,6.546375926565617398e+00,4.344954670300000430e+02,3.867061269562000234e+02,-1.628881518000140083e-01
8.699999999999999289e+00,3.485758678055285831e+00,1.004362161501405026e+01,6.557862936958765765e+00,4.350003904260000240e+02,3.867218762191999986e+02,-1.788314957999770083e-01
8.710000000000000853e+00,3.460454596695974772e+00,1.002459095836151448e+01,6.564136361665539710e+00,4.355036839879999775e+02,3.867135359892000110e+02,-1.826901347999949909e-01
8.719999999999998863e+00,3.443521613426129502e+00,1.000830924367897090e+01,6.564787630252841844e+00,4.360045497440000304e+02,3.866950834181999994e+02,-1.745135587999570026e-01
8.730000000000000426e+00,3.457262153437664409e+00,1.002276905221233960e+01,6.565506898774675193e+00,4.365020207260000120e+02,3.866834590102000107e+02,-1.633618087999899882e-01
8.739999999999998437e+00,3.482353345658272481e+00,1.005055258069382873e+01,6.568199235035556249e+00,4.370015750839999669e+02,3.866879759592000028e+02,-1.532665497999990134e-01
8.750000000000000000e+00,3.500942117125650288e+00,1.007557592689991388e+01,6.574633809774264037e+00,4.375121434060000070e+02,3.867101103442000181e+02,-1.542310677999760016e-01
8.760000000000001563e+00,3.485712722196335545e+00,1.005570125210289945e+01,6.569988529906565233e+00,4.380229659779999452e+02,3.867102448022000090e+02,-1.491178727999800113e-01
8.769999999999999574e+00,3.486761397325547573e+00,1.005320953079603186e+01,6.566448133470484727e+00,4.385073133620000476e+02,3.866828680561999931e+02,-1.319134277999849947e-01
8.780000000000001137e+00,3.513505620829711074e+00,1.007858225565895616e+01,6.565076634829245528e+00,4.389970266759999618e+02,3.866667730162000112e+02,-1.267476697999899982e-01
8.789999999999999147e+00,3.531619385773078434e+00,1.008797730517107816e+01,6.556357919397998835e+00,4.394991255000000479e+02,3.866793632342000251e+02,-1.406804838000000057e-01
8.800000000000000711e+00,3.515583876441576106e+00,1.007349100310893597e+01,6.557907126667360309e+00,4.399981158720000280e+02,3.866937686072000133e+02,-1.576204127999950022e-01
8.809999999999998721e+00,3.479660995716884919e+00,1.004956773822143390e+01,6.569906742504548980e+00,4.404965618560000280e+02,3.867001617892000240e+02,-1.655321367999759985e-01
8.820000000000000284e+00,3.488004118780192453e+00,1.007251132664552884e+01,6.584507207865336831e+00,4.409930672019999633e+02,3.867054567171999793e+02,-1.694403917999950104e-01
8.830000000000001847e+00,3.489471221876578877e+00,1.008540289372789545e+01,6.595931671851316125e+00,4.414894592180000359e+02,3.867127377972000204e+02,-1.763556988000009873e-01
8.839999999999999858e+00,3.482996654835596839e+00,1.008311504915668344e+01,6.600118394321086157e+00,4.419974587720000159e+02,3.867096885142000247e+02,-1.762319318000009905e-01
8.850000000000001421e+00,3.465223870137364770e+00,1.005681132780330067e+01,6.591587457665935013e+00,4.425051410420000479e+02,3.866946476801999779e+02,-1.630658437999679966e-01
8.859999999999999432e+00,3.447120426510975388e+00,1.003682199778105044e+01,6.589701571270075497e+00,4.430037237280000113e+02,3.866810941191999973e+02,-1.489070208000130013e-01
8.870000000000000995e+00,3.460836635789644955e+00,1.004584928668351651e+01,6.585012650893871999e+00,4.435130917199999772e+02,3.866891620502000251e+02,-1.428221327999850132e-01
8.879999999999999005e+00,3.501072803752201867e+00,1.007725270994715672e+01,6.576179906194955294e+00,4.440203498559999957e+02,3.866990986072000283e+02,-1.407443327999750027e-01
8.890000000000000568e+00,3.501773293204498927e+00,1.006044096309202374e+01,6.558667669887524809e+00,4.445205895219999661e+02,3.866916139722000025e+02,-1.366066178000140130e-01
8.899999999999998579e+00,3.507624720472167557e+00,1.005067329194448611e+01,6.543048571472318997e+00,4.450152379299999552e+02,3.866767987672000118e+02,-1.324442837999940115e-01
8.910000000000000142e+00,3.518183211760697926e+00,1.004809944303015357e+01,6.529916231269455196e+00,4.455113707700000418e+02,3.866710722881999800e+02,-1.313137047999609897e-01
8.920000000000001705e+00,3.544873466877083157e+00,1.007408732301189680e+01,6.529213856134813199e+00,4.460129570559999479e+02,3.866926407622000283e+02,-1.472783217999799887e-01
8.929999999999999716e+00,3.540445467693245973e+00,1.006944546769324589e+01,6.528999999999999915e+00,4.465242999779999877e+02,3.867187585862000105e+02,-1.672568447999620012e-01
8.940000000000001279e+00,3.515238649252818703e+00,1.004184589598772170e+01,6.526607246734903889e+00,4.470222011300000418e+02,3.867171466332000023e+02,-1.641403757999760071e-01
8.949999999999999289e+00,3.471291967099660702e+00,9.989659210930847522e+00,6.518367243831186819e+00,4.475125697200000445e+02,3.867071164402000250e+02,-1.539958367999859912e-01
8.960000000000000853e+00,3.463999999999999968e+00,9.973332721587743421e+00,6.509332721587742121e+00,4.480151218640000366e+02,3.867117620501999795e+02,-1.559004427999949871e-01
8.969999999999998863e+00,3.478556017981293103e+00,9.986049462296803014e+00,6.507493444315509912e+00,4.485159615839999674e+02,3.867113124062000225e+02,-1.547874337999619876e-01
8.980000000000000426e+00,3.513398596788280148e+00,1.002925426001746700e+01,6.515855663229187300e+00,4.490136033379999958e+02,3.866966964221999774e+02,-1.426250847999609994e-01
8.989999999999998437e+00,3.487089329858289677e+00,1.002792994845063745e+01,6.540840618592348221e+00,4.495149540420000562e+02,3.866872932182000113e+02,-1.324803147999709940e-01
9.000000000000000000e+00,3.480117616729337282e+00,1.003172395390400240e+01,6.551606337174666450e+00,4.500174476340000069e+02,3.866929618922000031e+02,-1.273884977999749923e-01
9.010000000000001563e+00,3.489829065524499896e+00,1.004167324961272989e+01,6.551844184088230882e+00,4.505006884620000278e+02,3.867025182571999835e+02,-1.283147188000079986e-01
9.019999999999999574e+00,3.507982720542100363e+00,1.006820551463845526e+01,6.560222794096353560e+00,4.509993056620000402e+02,3.867059128071999794e+02,-1.372158317999669919e-01
9.030000000000001137e+00,3.513999999999999790e+00,1.008395917318798318e+01,6.569959173187982948e+00,4.514958955960000253e+02,3.866921817442000133e+02,-1.410569427999850134e-01
9.039999999999999147e+00,3.520395817520225012e+00,1.009626387834681793e+01,6.575868060826591588e+00,4.519958217520000403e+02,3.866726455822000048e+02,-1.408768047999849893e-01
9.050000000000000711e+00,3.548188750454537299e+00,1.011479250030302524e+01,6.566603749848487936e+00,4.525047379780000369e+02,3.866886334252000097e+02,-1.538200827999630094e-01
9.059999999999998721e+00,3.568061566204881352e+00,1.014812313240976316e+01,6.580061566204881807e+00,4.530065251100000410e+02,3.867242289942000184e+02,-1.718341567999920050e-01
9.070000000000000284e+00,3.575440196151031369e+00,1.016338893570905810e+01,6.587948739558026290e+00,4.535025161420000472e+02,3.867385304022000128e+02,-1.697742627999820064e-01
9.080000000000001847e+00,3.566297537007320440e+00,1.014640971158502403e+01,6.580112174577703144e+00,4.540047496699999670e+02,3.867312056292000193e+02,-1.526365837999859865e-01
9.089999999999999858e+00,3.542735736894415677e+00,1.011369586410628862e+01,6.570960127211872503e+00,4.545176814319999608e+02,3.867294820451999726e+02,-1.405163187999849961e-01
9.100000000000001421e+00,3.532677103682187791e+00,1.009366287138829499e+01,6.560985767706107197e+00,4.550288765099999750e+02,3.867406379102000074e+02,-1.404419577999850011e-01
9.109999999999999432e+00,3.540554843637551574e+00,1.009151216335773960e+01,6.550957319720188465e+00,4.555347639879999520e+02,3.867394925332000071e+02,-1.343253388000129889e-01
9.120000000000000995e+00,3.549602978620488791e+00,1.009986428795737368e+01,6.550261309336885773e+00,4.560318050220000146e+02,3.867178521422000017e+02,-1.161383017999839951e-01
9.129999999999999005e+00,3.552576879786661479e+00,1.010215375957332284e+01,6.549576879786661365e+00,4.565205758500000570e+02,3.867007193751999807e+02,-1.059690597999930067e-01
9.140000000000000568e+00,3.552000000000000046e+00,1.010136305163477211e+01,6.549363051634772503e+00,4.570189641699999470e+02,3.867081215091999979e+02,-1.108843367999880064e-01
9.149999999999998579e+00,3.552000000000000046e+00,1.010344249636676928e+01,6.551442496366770563e+00,4.575139612679999459e+02,3.867222953581999718e+02,-1.288243437999619934e-01
9.160000000000000142e+00,3.566334254393474179e+00,1.011833425439347423e+01,6.551999999999999602e+00,4.580100972160000197e+02,3.867165194872000029e+02,-1.416936807999950032e-01
9.170000000000001705e+00,3.581410002141145021e+00,1.013369416898624031e+01,6.552284166845095292e+00,4.585087985600000025e+02,3.867008951021999792e+02,-1.485276617999999882e-01
9.179999999999999716e+00,3.589783310449916165e+00,1.014276525298740950e+01,6.552981942537493332e+00,4.590071002520000434e+02,3.866922698771999762e+02,-1.523864057999619881e-01
9.190000000000001279e+00,3.591370228530343489e+00,1.012587214337070662e+01,6.534501914840363135e+00,4.595092554080000014e+02,3.867038723111999730e+02,-1.633157027999870003e-01
9.199999999999999289e+00,3.591587950281500241e+00,1.010811080675600415e+01,6.516522856474504799e+00,4.600283809240000323e+02,3.867164754802000175e+02,-1.652446967999950111e-01
9.210000000000000853e+00,3.588192631182737902e+00,1.009108033643004632e+01,6.502887705247309746e+00,4.605284460439999634e+02,3.867120423971999799e+02,-1.451176828000139973e-01
9.219999999999998863e+00,3.570607553949828539e+00,1.007279185610782157e+01,6.502184302157992590e+00,4.610307664219999992e+02,3.867207414552000273e+02,-1.300365307999699904e-01
9.230000000000000426e+00,3.559174256086559573e+00,1.006166180922323328e+01,6.502487553136674592e+00,4.615373403599999733e+02,3.867426619561999814e+02,-1.270011567999839996e-01
9.239999999999998437e+00,3.553861599728116882e+00,1.006027453256299786e+01,6.506412932834881424e+00,4.620422287980000533e+02,3.867414701641999955e+02,-1.178845767999709970e-01
9.250000000000000000e+00,3.562265972720390028e+00,1.008408692270777252e+01,6.521820949987382043e+00,4.625423791720000395e+02,3.867180005061999850e+02,-1.006904007999740031e-01
9.260000000000001563e+00,3.585449273156479766e+00,1.012399618251846789e+01,6.538546909361987680e+00,4.630486656359999529e+02,3.867098665532000155e+02,-9.454903680000299737e-02
9.269999999999999574e+00,3.605206719068029031e+00,1.014458656186394236e+01,6.539379842795913333e+00,4.635505353579999905e+02,3.867264678831999731e+02,-1.034960207999599952e-01
9.280000000000001137e+00,3.613433889328004689e+00,1.012813222134399105e+01,6.514698332015984583e+00,4.640401402680000160e+02,3.867473664812000038e+02,-1.154609137999599994e-01
9.289999999999999147e+00,3.581339964531664144e+00,1.011132318297519816e+01,6.529983218443534909e+00,4.645402993419999689e+02,3.867588443331999883e+02,-1.293902347999709990e-01
9.300000000000000711e+00,3.568653573306991955e+00,1.011159121225906254e+01,6.542937638952070145e+00,4.650435933480000017e+02,3.867504970471999854e+02,-1.352488617999990095e-01
9.309999999999998721e+00,3.579522912495507470e+00,1.012784097083183710e+01,6.548318058336327852e+00,4.655374145979999980e+02,3.867326262111999995e+02,-1.320759378000130047e-01
9.320000000000000284e+00,3.615496628130966617e+00,1.013983220937698881e+01,6.524335581246022642e+00,4.660411374419999788e+02,3.867343125482000232e+02,-1.399698817999950051e-01
9.330000000000001847e+00,3.610662155867295553e+00,1.012666215586729557e+01,6.516000000000000014e+00,4.665508500860000254e+02,3.867363479352000013e+02,-1.458637117999669885e-01
9.339999999999999858e+00,3.588946618326195548e+00,1.010682888486051567e+01,6.517882266534321012e+00,4.670525432219999971e+02,3.867209474672000056e+02,-1.376977197999859903e-01
9.350000000000001421e+00,3.580519209488211896e+00,1.010612660079068448e+01,6.525607391302473026e+00,4.675540644759999509e+02,3.867085562152000193e+02,-1.255423567999839896e-01
9.359999999999999432e+00,3.570549247624623668e+00,1.010487323301661533e+01,6.534323985391992551e+00,4.680468020980000006e+02,3.867096649552000258e+02,-1.194366158000129963e-01
9.370000000000000995e+00,3.560996001589499027e+00,1.010024500198687392e+01,6.539249000397374445e+00,4.685373726439999587e+02,3.867136442171999988e+02,-1.163415037999700058e-01
9.379999999999999005e+00,3.552524934507203636e+00,1.008965616813400423e+01,6.537131233626801041e+00,4.690414920320000078e+02,3.867083807861999958e+02,-1.132107687999839990e-01
9.390000000000000568e+00,3.559968651875299095e+00,1.008833594567705738e+01,6.528367293801759175e+00,4.695469515599999681e+02,3.866971876741999949e+02,-1.090588087999650041e-01
9.399999999999998579e+00,3.563643322475627429e+00,1.010119706840177933e+01,6.537553745926152793e+00,4.700415737100000229e+02,3.867003789241999812e+02,-1.109600477999739959e-01
9.410000000000000142e+00,3.563776890814118303e+00,1.012562151265129451e+01,6.561844621837177094e+00,4.705408205939999675e+02,3.867278341922000209e+02,-1.239459348000089972e-01
9.420000000000001705e+00,3.573515456386897604e+00,1.013341236510951759e+01,6.559896908722620879e+00,4.710401244760000168e+02,3.867542910921999919e+02,-1.369282867999860043e-01
9.429999999999999716e+00,3.567922568454241272e+00,1.012808534901721380e+01,6.560162780562972529e+00,4.715468422199999736e+02,3.867561519541999928e+02,-1.438221737999909877e-01
9.440000000000001279e+00,3.551894421081094322e+00,1.011410557891890605e+01,6.562211157837811726e+00,4.720595762439999703e+02,3.867403518831999918e+02,-1.436523677999899939e-01
9.449999999999999289e+00,3.551186383393408530e+00,1.011481361660659140e+01,6.563627233213183310e+00,4.725652063220000514e+02,3.867261707232000276e+02,-1.374898147999610021e-01
9.460000000000000853e+00,3.544421995270487624e+00,1.010897016233128021e+01,6.564548167060793027e+00,4.730596574780000196e+02,3.867323570771999925e+02,-1.394016587999709900e-01
9.469999999999998863e+00,3.542422677839880407e+00,1.009399524939111892e+01,6.551572571551239399e+00,4.735599846599999978e+02,3.867408856892000131e+02,-1.403204528000039919e-01
9.480000000000000426e+00,3.550869369038615719e+00,1.006930492127174048e+01,6.518435552233123431e+00,4.740596790500000566e+02,3.867254029751999838e+02,-1.231545568000090018e-01
9.489999999999998437e+00,3.559082490675256505e+00,1.007367269823152789e+01,6.514590207556270940e+00,4.745480497819999641e+02,3.867152764241999989e+02,-1.080100897999650006e-01
9.500000000000000000e+00,3.556408535913341940e+00,1.007491228856872212e+01,6.518503752655380623e+00,4.750492052320000198e+02,3.867268430272000046e+02,-1.129394437999600015e-01
9.510000000000001563e+00,3.538291262026639128e+00,1.006515683339895872e+01,6.526865571372320929e+00,4.755468231699999819e+02,3.867301946901999941e+02,-1.178406018000140026e-01
9.519999999999999574e+00,3.512201763227406293e+00,1.004531187193670405e+01,6.533110108709298203e+00,4.760396458240000470e+02,3.867122703832000070e+02,-1.136677047999929968e-01
9.530000000000001137e+00,3.494978053758559966e+00,1.002672871463118653e+01,6.531750660872627456e+00,4.765448223599999551e+02,3.867060373592000246e+02,-1.185333657999889934e-01
9.539999999999999147e+00,3.491869275682128126e+00,1.001540849297749070e+01,6.523539217295361681e+00,4.770526264380000043e+02,3.867239614111999799e+02,-1.324837288000000057e-01
9.550000000000000711e+00,3.526362769403970976e+00,1.003955393858278100e+01,6.513191169178808693e+00,4.775452823579999517e+02,3.867440502782000067e+02,-1.394450538000039930e-01
9.559999999999998721e+00,3.531121586509719634e+00,1.004797973558171265e+01,6.516858149071993900e+00,4.780470380840000075e+02,3.867626483441999881e+02,-1.483991077999619879e-01
9.570000000000000284e+00,3.519870532761316451e+00,1.004408426056292747e+01,6.524213727801611462e+00,4.785639673380000545e+02,3.867610892522000086e+02,-1.542786507999910073e-01
9.580000000000001847e+00,3.503083786506816288e+00,1.002799696206903235e+01,6.524913175562216061e+00,4.790634631019999574e+02,3.867315441631999988e+02,-1.450632377999760136e-01
9.589999999999999858e+00,3.509121455332353534e+00,1.005036436599706029e+01,6.541242910664707644e+00,4.795716026880000413e+02,3.867084952171999817e+02,-1.378688337999710023e-01
9.600000000000001421e+00,3.513656406760951256e+00,1.006877952562953560e+01,6.555123118868585230e+00,4.800849655080000389e+02,3.867167699761999984e+02,-1.377838257999700056e-01
9.609999999999999432e+00,3.513529409581783725e+00,1.007460084610528561e+01,6.561071436523500999e+00,4.805807292139999731e+02,3.867350542721999886e+02,-1.387380538000040076e-01
9.620000000000000995e+00,3.523205401042833973e+00,1.004902858295822377e+01,6.525823181915390236e+00,4.810742937719999759e+02,3.867392221712000264e+02,-1.306429087999670113e-01
9.629999999999999005e+00,3.526153090919639244e+00,1.003942345454017904e+01,6.513270363620541126e+00,4.815702542859999653e+02,3.867365119642000195e+02,-1.235229707999619952e-01
9.640000000000000568e+00,3.529215047323410293e+00,1.004364544633375900e+01,6.514430399010350037e+00,4.820633356720000506e+02,3.867316022722000071e+02,-1.253959717999700019e-01
9.649999999999998579e+00,3.554564262045202927e+00,1.006556909149855272e+01,6.511004829453351128e+00,4.825525952219999795e+02,3.867234588961999862e+02,-1.302584337999649899e-01
9.660000000000000142e+00,3.549614690183201304e+00,1.006011010257587301e+01,6.510495412392671710e+00,4.830498989839999808e+02,3.867147696161999875e+02,-1.361171867999949880e-01
9.670000000000001705e+00,3.534522856800518920e+00,1.005009604424571457e+01,6.515573187445195202e+00,4.835463163700000564e+02,3.867040583532000255e+02,-1.329689448000080099e-01
9.679999999999999716e+00,3.525487590298000296e+00,1.005774126974784544e+01,6.532253679449845585e+00,4.840426504999999793e+02,3.867123519131999956e+02,-1.358878107999940132e-01
9.690000000000001279e+00,3.531660394972031547e+00,1.008080266261270452e+01,6.549142267640673865e+00,4.845451766079999629e+02,3.867350004502000047e+02,-1.448559838000089972e-01
9.699999999999999289e+00,3.537267130063098897e+00,1.009680139018929701e+01,6.559534260126198113e+00,4.850439365459999976e+02,3.867534381031999828e+02,-1.508101187999819903e-01
9.710000000000000853e+00,3.537930493598646642e+00,1.009879148079594025e+01,6.560860987197293603e+00,4.855541040640000006e+02,3.867475041861999898e+02,-1.516756988000139972e-01
9.719999999999998863e+00,3.537999999999999812e+00,1.007577688249668135e+01,6.537776882496680209e+00,4.860682336719999626e+02,3.867248007622000046e+02,-1.434811747999769904e-01
9.730000000000000426e+00,3.515871396371093915e+00,1.004614011152083464e+01,6.530268715149739833e+00,4.865725236100000188e+02,3.867165492831999813e+02,-1.383398467999799875e-01
9.739999999999998437e+00,3.475838409244096816e+00,1.001332318151180623e+01,6.537484772267709410e+00,4.870783298299999728e+02,3.867343769771999860e+02,-1.472902817999950098e-01
9.750000000000000000e+00,3.485799323172543929e+00,9.993401353654912000e+00,6.507602030482368072e+00,4.875834215560000189e+02,3.867471734722000178e+02,-1.512230928000140029e-01
9.760000000000001563e+00,3.492516176266741823e+00,9.988623651977771800e+00,6.496107475711029977e+00,4.880671426279999991e+02,3.867307681902000240e+02,-1.370575148000039989e-01
9.769999999999999574e+00,3.498417462505605258e+00,9.988131878124532292e+00,6.489714415618927923e+00,4.885534055019999755e+02,3.867224785131999738e+02,-1.349200817999940127e-01
9.780000000000001137e+00,3.506150024130649800e+00,1.001772511663147291e+01,6.511575092500823558e+00,4.890497981840000534e+02,3.867297490092000203e+02,-1.448353707999870121e-01
9.789999999999999147e+00,3.509489674660095204e+00,1.004348967466009412e+01,6.533999999999999808e+00,4.895358341760000371e+02,3.867254351642000074e+02,-1.477120477999719905e-01
9.800000000000000711e+00,3.500653844518911928e+00,1.003465384451891040e+01,6.533999999999999808e+00,4.900212126719999901e+02,3.867150917522000100e+02,-1.455675657999619954e-01
9.809999999999998721e+00,3.491539675072095950e+00,1.004046032492790452e+01,6.548920649855808129e+00,4.905218811760000222e+02,3.867176407402000109e+02,-1.434651678000100072e-01
9.820000000000000284e+00,3.486000000000000210e+00,1.004570904758831773e+01,6.559709047588317077e+00,4.910179866479999760e+02,3.867299383562000230e+02,-1.433981918000100109e-01
9.830000000000001847e+00,3.487071030707061592e+00,1.004619461117326118e+01,6.559123580466199144e+00,4.915148052820000544e+02,3.867472883391999972e+02,-1.423488757999759879e-01
9.839999999999999858e+00,3.506007733624481926e+00,1.006731631827346085e+01,6.561308584648978481e+00,4.920349300600000220e+02,3.867599343951999913e+02,-1.482778248000040100e-01
9.850000000000001421e+00,3.518019984344809448e+00,1.007446307571883182e+01,6.556443091374021925e+00,4.925556504100000552e+02,3.867446009001999983e+02,-1.451078687999609873e-01
9.859999999999999432e+00,3.519944384594063891e+00,1.007007742710474574e+01,6.550133042510682735e+00,4.930635878180000304e+02,3.867075460272000100e+02,-1.298640437999749875e-01
9.870000000000000995e+00,3.492806689171954027e+00,1.004365388156216632e+01,6.550847192390211404e+00,4.935735827880000102e+02,3.867046319102000211e+02,-1.237402708000029938e-01
9.879999999999999005e+00,3.471920279567236367e+00,1.001161048924266339e+01,6.539690209675427468e+00,4.940738837120000539e+02,3.867311669772000187e+02,-1.307226378000090061e-01
9.890000000000000568e+00,3.453193590539581859e+00,9.978838783444267335e+00,6.525645192904686809e+00,4.945596647880000205e+02,3.867488636432000249e+02,-1.366770457999809951e-01
9.899999999999998579e+00,3.457737476023378331e+00,9.973775004359385576e+00,6.516037528336007689e+00,4.950539700979999793e+02,3.867400562862000015e+02,-1.275359517999659908e-01
9.910000000000000142e+00,3.461719235825618135e+00,9.978896047662018987e+00,6.517176811836399963e+00,4.955466215360000319e+02,3.867251306111999725e+02,-1.223736657999709987e-01
9.920000000000001705e+00,3.461077308324451263e+00,9.992376525186521974e+00,6.531299216862070267e+00,4.960403034200000434e+02,3.867272488542000133e+02,-1.292713607999750047e-01
9.929999999999999716e+00,3.460328077809677438e+00,1.000340691066451626e+01,6.543078832854840599e+00,4.965426865679999651e+02,3.867348578162000194e+02,-1.401865177999999934e-01
9.940000000000001279e+00,3.465344959741010200e+00,1.001293380899170060e+01,6.547588849250691290e+00,4.970525686520000477e+02,3.867339227951999874e+02,-1.390697847999660119e-01
9.949999999999999289e+00,3.471590353693833286e+00,1.001718070738766642e+01,6.545590353693833130e+00,4.975569719199999668e+02,3.867236851641999920e+02,-1.309214047999839869e-01
9.960000000000000853e+00,3.463145625827905860e+00,1.000029125165581156e+01,6.537145625827905704e+00,4.980595238420000328e+02,3.867283343021999826e+02,-1.318260167999610044e-01
9.969999999999998863e+00,3.461515659955571422e+00,9.997546979866715589e+00,6.536031319911143278e+00,4.985554592079999452e+02,3.867436129101999995e+02,-1.357696217999800059e-01
9.980000000000000426e+00,3.469288835142492644e+00,1.000130173741341899e+01,6.532012902270926347e+00,4.990488552139999570e+02,3.867507371052000167e+02,-1.386850157999660049e-01
9.989999999999998437e+00,3.494527607075290643e+00,1.000927187591851286e+01,6.514744268843222663e+00,4.995596492660000081e+02,3.867338281962000224e+02,-1.375117227999899938e-01
1.000000000000000000e+01,3.507260479147112697e+00,1.001826047914711104e+01,6.511000000000000121e+00,5.000692418780000139e+02,3.867028704731999937e+02,-1.242890538000129969e-01
1.001000000000000156e+01,3.500441456977115617e+00,1.001784385145936973e+01,6.517402394482254557e+00,5.005603821819999553e+02,3.866968695831999980e+02,-1.201585977999939936e-01
1.001999999999999957e+01,3.465131776446569667e+00,1.000053518453263202e+01,6.535403408086062349e+00,5.010548068579999494e+02,3.867210659201999761e+02,-1.271340207999989980e-01
1.003000000000000114e+01,3.437426113366513825e+00,9.991438804112773298e+00,6.554012690746259473e+00,5.015486319239999489e+02,3.867382202101999837e+02,-1.330847257999709932e-01
1.003999999999999915e+01,3.431169426331776240e+00,9.990142087050683628e+00,6.558972660718906944e+00,5.020371738719999826e+02,3.867250950271999841e+02,-1.189296477999600005e-01
1.005000000000000071e+01,3.448811270495899528e+00,9.996804280514266949e+00,6.547993010018366533e+00,5.025319089080000481e+02,3.867263071812000135e+02,-1.158238467999749971e-01
1.005999999999999872e+01,3.429807281998487944e+00,9.977096440591024518e+00,6.547289158592536573e+00,5.030345494559999793e+02,3.867469519261999835e+02,-1.267849377999989979e-01
1.007000000000000028e+01,3.427628932093431668e+00,9.984680596545986830e+00,6.557051664452556494e+00,5.035281732320000287e+02,3.867500861771999894e+02,-1.286861978000090057e-01
1.008000000000000185e+01,3.438513945133139682e+00,1.001081561854911506e+01,6.572301673415976708e+00,5.040269859079999719e+02,3.867325073921999774e+02,-1.235131808000139997e-01
1.008999999999999986e+01,3.456397653734893716e+00,1.003084537218308014e+01,6.574447718448187317e+00,5.045378367359999743e+02,3.867146036432000074e+02,-1.213363588000039989e-01
1.010000000000000142e+01,3.461517875934169375e+00,1.002978548878996712e+01,6.568267612855798632e+00,5.050391335500000309e+02,3.867061494152000023e+02,-1.251950397999649911e-01
1.010999999999999943e+01,3.453737128293159486e+00,1.002399999999999913e+01,6.570262871706840535e+00,5.055429120599999919e+02,3.867068585522000035e+02,-1.270854847999760007e-01
1.012000000000000099e+01,3.427489298160060205e+00,1.002399999999999913e+01,6.596510701839939372e+00,5.060495155860000409e+02,3.867107196782000074e+02,-1.329864478000039874e-01
1.012999999999999901e+01,3.448702247504335183e+00,1.003296841797461347e+01,6.584266170470278290e+00,5.065550327779999975e+02,3.866985176142000000e+02,-1.318309347999719883e-01
1.014000000000000057e+01,3.474029717566711195e+00,1.004941280897354616e+01,6.575383091406835412e+00,5.070489101380000534e+02,3.866796625221999761e+02,-1.246544997999669974e-01
1.014999999999999858e+01,3.499335263568495780e+00,1.007342063466754745e+01,6.574085371099051223e+00,5.075479236599999808e+02,3.866761108321999814e+02,-1.215309397999800034e-01
1.016000000000000014e+01,3.491898185642525743e+00,1.004119326095795195e+01,6.549295075315426651e+00,5.080450277279999796e+02,3.866884619191999946e+02,-1.224639368000129958e-01
1.017000000000000171e+01,3.468519598263181347e+00,1.000913969869738551e+01,6.540620100434204609e+00,5.085291533779999895e+02,3.867000649632000204e+02,-1.253971947999990011e-01
1.017999999999999972e+01,3.435905464297960066e+00,9.985601975296390265e+00,6.549696510998431087e+00,5.090229465939999614e+02,3.867002288062000162e+02,-1.202878918000040015e-01
1.019000000000000128e+01,3.442398280596864701e+00,9.997089265671375458e+00,6.554690985074511644e+00,5.095167970299999638e+02,3.866993907532000208e+02,-1.161750477999849984e-01
1.019999999999999929e+01,3.453294756679881949e+00,1.001341480136216511e+01,6.560120044682283158e+00,5.100155838920000519e+02,3.866998113672000272e+02,-1.190655917999700053e-01
1.021000000000000085e+01,3.490127551388832128e+00,1.005803914879800764e+01,6.567911597409175961e+00,5.105214177019999511e+02,3.866996114382000087e+02,-1.279524177999850076e-01
1.021999999999999886e+01,3.493265673148336248e+00,1.003943651659629488e+01,6.546170843447958632e+00,5.110269351159999474e+02,3.866874058462000221e+02,-1.277968987999859862e-01
1.023000000000000043e+01,3.492809094430915362e+00,1.000831887949342303e+01,6.515509785062508108e+00,5.115306826640000395e+02,3.866711104241999806e+02,-1.226273117999899936e-01
1.023999999999999844e+01,3.511403036926531218e+00,9.999737059880063228e+00,6.488334022953530678e+00,5.120413930160000291e+02,3.866732133941999905e+02,-1.255211387999760064e-01
1.025000000000000000e+01,3.496816538406119612e+00,9.999647338463756086e+00,6.502830800057634697e+00,5.125475390040001002e+02,3.866850861602000009e+02,-1.244504238000000013e-01
1.026000000000000156e+01,3.479107008082946262e+00,9.991791084384258781e+00,6.512684076301311187e+00,5.130436440319999747e+02,3.866973908322000284e+02,-1.223834597999900048e-01
1.026999999999999957e+01,3.463422521379071473e+00,9.976000000000000867e+00,6.512577478620928950e+00,5.135525851840000087e+02,3.866953933881999887e+02,-1.232632007999669987e-01
1.028000000000000114e+01,3.481953031090078365e+00,9.976000000000000867e+00,6.494046968909922057e+00,5.140615532599999824e+02,3.866753789051999775e+02,-1.210793508000140017e-01
1.028999999999999915e+01,3.505220572919976796e+00,9.986876151317881423e+00,6.481655578397903739e+00,5.145512661299999309e+02,3.866592909212000109e+02,-1.139136048000080059e-01
1.030000000000000071e+01,3.525752260401029847e+00,9.999876130200515689e+00,6.474123869799485398e+00,5.150302300260000266e+02,3.866735864341999900e+02,-1.218575427999900040e-01
1.030999999999999872e+01,3.524403274220897053e+00,9.999201637110449070e+00,6.474798362889551129e+00,5.155119049420000010e+02,3.866930306721999955e+02,-1.338190687999910033e-01
1.032000000000000028e+01,3.512325702260969074e+00,9.985379985971130523e+00,6.473054283710161450e+00,5.160032727939999404e+02,3.866830433662000246e+02,-1.276744847999619903e-01
1.033000000000000185e+01,3.502030597769842934e+00,9.971000000000000085e+00,6.468969402230157151e+00,5.165018565899999885e+02,3.866694721651999771e+02,-1.185156318000040038e-01
1.033999999999999986e+01,3.509941655099316549e+00,9.971000000000000085e+00,6.461058344900683537e+00,5.170154487340000742e+02,3.866737322842000140e+02,-1.244164477999760016e-01
1.035000000000000142e+01,3.526007175953597361e+00,9.979404018534014043e+00,6.453396842580417569e+00,5.175128395679998903e+02,3.866810633072000201e+02,-1.333317217999900051e-01
1.035999999999999943e+01,3.521306974711706950e+00,9.977503558526381156e+00,6.456196583814674206e+00,5.180124230700000680e+02,3.866675279372000205e+02,-1.301728118000040069e-01
1.037000000000000099e+01,3.487851533707518215e+00,9.960655025928859985e+00,6.472803492221341770e+00,5.185292067000000316e+02,3.866509716062000166e+02,-1.259994107999860002e-01
1.038000000000000256e+01,3.513970040385524296e+00,9.980746184911941654e+00,6.466776144526417802e+00,5.190442514260000735e+02,3.866473300042000005e+02,-1.238719737999749992e-01
1.039000000000000057e+01,3.521160118185445054e+00,9.980692534972009256e+00,6.459532416786564646e+00,5.195473457380001037e+02,3.866600230852000095e+02,-1.248048448000080024e-01
1.040000000000000213e+01,3.510280089007888460e+00,9.963235733410522599e+00,6.452955644402633695e+00,5.200481017580000298e+02,3.866785853201999998e+02,-1.277589557999949943e-01
1.041000000000000014e+01,3.484534822051968739e+00,9.946536100790467572e+00,6.462001278738497057e+00,5.205450054240000100e+02,3.866769022561999805e+02,-1.286424837999700088e-01
1.042000000000000171e+01,3.470021139994670989e+00,9.940540087691898563e+00,6.470518947697226686e+00,5.210381707320000260e+02,3.866529771571999845e+02,-1.274483587999949985e-01
1.042999999999999972e+01,3.464873047537280648e+00,9.941560872947732719e+00,6.476687825410453847e+00,5.215353293139999096e+02,3.866292835822000029e+02,-1.252541557999850008e-01
1.044000000000000128e+01,3.473232946970095991e+00,9.948527455808411801e+00,6.475294508838317142e+00,5.220328330340000775e+02,3.866346355091999953e+02,-1.291623898000039961e-01
1.044999999999999929e+01,3.490202656051146768e+00,9.957601328025573295e+00,6.467398671974426527e+00,5.225234349859999838e+02,3.866556122741999957e+02,-1.351272977999750102e-01
1.046000000000000085e+01,3.508776115954261865e+00,9.970154026677921166e+00,6.461377910723658857e+00,5.230193133539999053e+02,3.866718892502000244e+02,-1.390744377999960091e-01
1.047000000000000242e+01,3.525780467956220132e+00,9.985814242116802575e+00,6.460033774160581110e+00,5.235233757440000772e+02,3.866676241871999764e+02,-1.359472378000100012e-01
1.048000000000000043e+01,3.516596211434635855e+00,9.978042948137000323e+00,6.461446736702363580e+00,5.240278943400001026e+02,3.866553686522000248e+02,-1.337917517999999972e-01
1.049000000000000199e+01,3.507296107205611690e+00,9.963592214411223225e+00,6.456296107205611534e+00,5.245387767960000929e+02,3.866544588781999892e+02,-1.416749437999799965e-01
1.050000000000000000e+01,3.504042251499072780e+00,9.945424162135434898e+00,6.441381910636362562e+00,5.250506001839999044e+02,3.866546115272000179e+02,-1.475616618000089864e-01
1.051000000000000156e+01,3.522440879710702522e+00,9.929148452563609339e+00,6.406707572852906374e+00,5.255559459379999225e+02,3.866454116232000047e+02,-1.444167657999660126e-01
1.051999999999999957e+01,3.512040155421659815e+00,9.912577072520827315e+00,6.400536917099167056e+00,5.260666248840000208e+02,3.866305170901999873e+02,-1.382505727999950029e-01
1.053000000000000114e+01,3.500197272371138979e+00,9.898632731546332053e+00,6.398435459175193074e+00,5.265636421019999034e+02,3.866268443462000164e+02,-1.371270427999609909e-01
1.054000000000000270e+01,3.500881027255917211e+00,9.890427672928989722e+00,6.389546645673072511e+00,5.270519311319999360e+02,3.866356979221999950e+02,-1.350496418000090015e-01
1.055000000000000071e+01,3.500441207190951420e+00,9.894587928090485818e+00,6.394146720899535730e+00,5.275359430080000038e+02,3.866492941742000085e+02,-1.389899637999710003e-01
1.056000000000000227e+01,3.496676014906134888e+00,9.899255691161066295e+00,6.402579676254931407e+00,5.280336181659999966e+02,3.866516439412000068e+02,-1.448875807999999987e-01
1.057000000000000028e+01,3.487565501659903866e+00,9.899956499872315518e+00,6.412390998212411652e+00,5.285340858239999307e+02,3.866401658341999905e+02,-1.407357257999810041e-01
1.058000000000000185e+01,3.496012763766298548e+00,9.900643768840449610e+00,6.404631005074151062e+00,5.290248843619999661e+02,3.866401516241999730e+02,-1.376264737999939869e-01
1.058999999999999986e+01,3.513758461067374217e+00,9.913413637795283506e+00,6.399655176727908845e+00,5.295255274959999952e+02,3.866606929551999770e+02,-1.455876247999760009e-01
1.060000000000000142e+01,3.539224817834990322e+00,9.938812730395785167e+00,6.399587912560795289e+00,5.300283951480000724e+02,3.866773583401999872e+02,-1.525345997999809911e-01
1.060999999999999943e+01,3.556987687864650471e+00,9.965101778039683111e+00,6.408114090175032196e+00,5.305357942040000125e+02,3.866672811221999950e+02,-1.473861387999859940e-01
1.062000000000000099e+01,3.533036270762056397e+00,9.955926639507271858e+00,6.422890368745215461e+00,5.310471869779998997e+02,3.866574283722000018e+02,-1.432375877999670089e-01
1.063000000000000256e+01,3.497607792190093434e+00,9.929191408541035102e+00,6.431583616350941668e+00,5.315530766760000461e+02,3.866562477151999815e+02,-1.471209087999869880e-01
1.064000000000000057e+01,3.488560074588470172e+00,9.903440212290259836e+00,6.414880137701790552e+00,5.320500947820000874e+02,3.866525608591999799e+02,-1.499973547999720047e-01
1.065000000000000213e+01,3.501456174451003101e+00,9.914034421429043675e+00,6.412578246978040575e+00,5.325487371300000632e+02,3.866379665942000088e+02,-1.478349247999619920e-01
1.066000000000000014e+01,3.504984627402554676e+00,9.921632621153227305e+00,6.416647993750672185e+00,5.330503182679999554e+02,3.866245311101999960e+02,-1.486759487999949891e-01
1.067000000000000171e+01,3.487769877852463729e+00,9.913369541369183580e+00,6.425599663516718962e+00,5.335420601799999076e+02,3.866255405151999867e+02,-1.545701567999669956e-01
1.067999999999999972e+01,3.479804687811502095e+00,9.914308238579726762e+00,6.434503550768225111e+00,5.340311772560000918e+02,3.866374356101999865e+02,-1.555033218000000106e-01
1.069000000000000128e+01,3.479427905239315333e+00,9.918116277490286237e+00,6.438688372250971348e+00,5.345178416000001107e+02,3.866572036512000068e+02,-1.564648087999770121e-01
1.069999999999999929e+01,3.486556418228011545e+00,9.924596743843647317e+00,6.438040325615634885e+00,5.350162294760000350e+02,3.866646128411999825e+02,-1.593800977999620117e-01
1.071000000000000085e+01,3.487668248599510967e+00,9.917649265405382053e+00,6.429981016805871086e+00,5.355244579099999100e+02,3.866575559742000223e+02,-1.632421667999829906e-01
1.072000000000000242e+01,3.482960828087334093e+00,9.908185570869999736e+00,6.425224742782667420e+00,5.360381878660000439e+02,3.866418517102000010e+02,-1.520724057999580103e-01
1.073000000000000043e+01,3.477392718001848682e+00,9.902349805202586452e+00,6.424957087200739991e+00,5.365438482399999884e+02,3.866446856932000173e+02,-1.499699028000049950e-01
1.074000000000000199e+01,3.494674423404283026e+00,9.926544192765994978e+00,6.431869769361713729e+00,5.370375027560000945e+02,3.866648280311999883e+02,-1.579312007999869871e-01
1.075000000000000000e+01,3.524227811490682871e+00,9.946598461975154848e+00,6.422370650484472421e+00,5.375356641939999918e+02,3.866762059971999861e+02,-1.678605877999780061e-01
1.076000000000000156e+01,3.552308276061946213e+00,9.957691723938054906e+00,6.405383447876107361e+00,5.380411246099999971e+02,3.866649987732000113e+02,-1.677086037999770129e-01
1.076999999999999957e+01,3.560712697549674122e+00,9.949287302450326109e+00,6.388574604900651543e+00,5.385412778699999308e+02,3.866414832511999862e+02,-1.635143497999589912e-01
1.078000000000000114e+01,3.538576343207008978e+00,9.907659257745404346e+00,6.369082914538395812e+00,5.390467966159999378e+02,3.866292564912000103e+02,-1.693587947999870003e-01
1.079000000000000270e+01,3.511693816441080251e+00,9.878711944224701114e+00,6.367018127783620862e+00,5.395439850499999466e+02,3.866225851152000246e+02,-1.692246537999869960e-01
1.080000000000000071e+01,3.485421858433096265e+00,9.865328116560256433e+00,6.379906258127160612e+00,5.400341274239999620e+02,3.866165201701999763e+02,-1.670942067999769964e-01
1.081000000000000227e+01,3.497136311209624981e+00,9.878610752857820643e+00,6.381474441648195217e+00,5.405351949139999306e+02,3.866120805822000079e+02,-1.649670637999680056e-01
1.082000000000000028e+01,3.536162848298475048e+00,9.910923895299861286e+00,6.374761047001386238e+00,5.410343529500000841e+02,3.866235437711999907e+02,-1.668964777999769888e-01
1.083000000000000185e+01,3.528524663591031452e+00,9.910229514871911505e+00,6.381704851280880497e+00,5.415302299859999948e+02,3.866398419152000088e+02,-1.648436537999679874e-01
1.083999999999999986e+01,3.519499682298999677e+00,9.904428299113428480e+00,6.384928616814429247e+00,5.420257091460000538e+02,3.866631109951999861e+02,-1.678155448000100136e-01
1.085000000000000142e+01,3.516433638585954036e+00,9.895871853478741542e+00,6.379438214892787506e+00,5.425349094739999600e+02,3.866741211102000193e+02,-1.767411717999680110e-01
1.085999999999999943e+01,3.534171573546588174e+00,9.887357644697637227e+00,6.353186071151049497e+00,5.430415962560000480e+02,3.866589774131999775e+02,-1.765750267999690037e-01
1.087000000000000099e+01,3.544630871166761121e+00,9.892456890987260110e+00,6.347826019820498544e+00,5.435415771899999982e+02,3.866384781631999772e+02,-1.663914137999779885e-01
1.088000000000000256e+01,3.549999999999999822e+00,9.897000000000000242e+00,6.347000000000000419e+00,5.440491225359999135e+02,3.866433876002000147e+02,-1.742958787999600023e-01
1.089000000000000057e+01,3.550021622265598253e+00,9.897043244531197104e+00,6.347021622265598850e+00,5.445519349660000898e+02,3.866610231291999753e+02,-1.892463408000009950e-01
1.090000000000000213e+01,3.558445237300361441e+00,9.913890474600723479e+00,6.355445237300362038e+00,5.450532304480000221e+02,3.866525900692000164e+02,-1.871050577999920084e-01
1.091000000000000014e+01,3.577407285974033346e+00,9.936407285974032888e+00,6.358999999999999986e+00,5.455543239739999990e+02,3.866301475541999935e+02,-1.779143477999780010e-01
1.092000000000000171e+01,3.593178696687783891e+00,9.955056434022624856e+00,6.361877737334840965e+00,5.460550196239998968e+02,3.866146759751999866e+02,-1.737483527999590105e-01
1.092999999999999972e+01,3.548924941441648162e+00,9.929472231770953172e+00,6.380547290329304566e+00,5.465488146160000724e+02,3.866148115941999777e+02,-1.766390018000009998e-01
1.094000000000000128e+01,3.505766676987673858e+00,9.891279042745539485e+00,6.385512365757866071e+00,5.470412681360000988e+02,3.866208980622000126e+02,-1.745509117999919924e-01
1.094999999999999929e+01,3.475957395021362473e+00,9.863241022546285208e+00,6.387283627524921847e+00,5.475326097300001038e+02,3.866289172112000188e+02,-1.744699007999920004e-01
1.096000000000000085e+01,3.483688988809765963e+00,9.879992809087825734e+00,6.396303820278060215e+00,5.480281158140001025e+02,3.866341692522000244e+02,-1.743782007999910011e-01
1.097000000000000242e+01,3.490770268342872740e+00,9.893745491961933425e+00,6.402975223619060685e+00,5.485256184239999584e+02,3.866395388192000269e+02,-1.732864647999589891e-01
1.098000000000000043e+01,3.497586823333836747e+00,9.906242509445366551e+00,6.408655686111530692e+00,5.490248900120000144e+02,3.866490123282000013e+02,-1.732088207999590013e-01
1.099000000000000199e+01,3.482662020716153162e+00,9.907000000000000028e+00,6.424337979283847311e+00,5.495269868380000844e+02,3.866616342981999992e+02,-1.781416888000109944e-01
1.100000000000000000e+01,3.476720606984778694e+00,9.903851794089803207e+00,6.427131187105024068e+00,5.500285984940001072e+02,3.866652104291999876e+02,-1.840427567999819991e-01
1.101000000000000156e+01,3.485979628208154324e+00,9.896017237670024613e+00,6.410037609461869401e+00,5.505372241380000560e+02,3.866511932102000060e+02,-1.798801287999640119e-01
1.101999999999999957e+01,3.485291053503198011e+00,9.905216304458427601e+00,6.419925250955228258e+00,5.510446223060000648e+02,3.866411301041999877e+02,-1.707316918000059969e-01
1.103000000000000114e+01,3.495941402712179791e+00,9.914049878174852282e+00,6.418108475462672935e+00,5.515529939220000415e+02,3.866491092841999944e+02,-1.736467707999929944e-01
1.104000000000000270e+01,3.514147003499124455e+00,9.923904926306883922e+00,6.409757922807759911e+00,5.520530378900000414e+02,3.866626015122000126e+02,-1.825831918000060117e-01
1.105000000000000071e+01,3.532402311691571928e+00,9.940755980022990101e+00,6.408353668331417730e+00,5.525544471460000295e+02,3.866521752442000093e+02,-1.794348447999639939e-01
1.106000000000000227e+01,3.543751398342210646e+00,9.958502796684420844e+00,6.414751398342210642e+00,5.530516039520000504e+02,3.866285098931999755e+02,-1.692406897999730042e-01
1.107000000000000028e+01,3.549573520992284958e+00,9.965455772899705522e+00,6.415882251907421008e+00,5.535471387360000790e+02,3.866157166712000048e+02,-1.740853507999680083e-01
1.108000000000000185e+01,3.548171970269244024e+00,9.947235613500174267e+00,6.399063643230929799e+00,5.540475825779999468e+02,3.866222062112000231e+02,-1.869970028000010054e-01
1.108999999999999986e+01,3.520387101537504559e+00,9.917387101537505245e+00,6.397000000000000242e+00,5.545423752780000086e+02,3.866224094131999891e+02,-1.868876488000019986e-01
1.110000000000000142e+01,3.489932726142358721e+00,9.892659425420870178e+00,6.402726699278510125e+00,5.550353411139999480e+02,3.866195211532000258e+02,-1.817677618000070050e-01
1.110999999999999943e+01,3.461078666638354839e+00,9.882122719955832579e+00,6.421044053317478628e+00,5.555394916860000194e+02,3.866312587531999725e+02,-1.866970528000010121e-01
1.112000000000000099e+01,3.478405221935740421e+00,9.909152146219753376e+00,6.430746924284014732e+00,5.560344273460000295e+02,3.866465015301999983e+02,-1.846407147999920006e-01
1.113000000000000256e+01,3.499754256573115452e+00,9.934401583327650442e+00,6.434647326754535435e+00,5.565226008259999162e+02,3.866573765382000261e+02,-1.755704257999780027e-01
1.114000000000000057e+01,3.524973105242039217e+00,9.958950052592358659e+00,6.433976947350319442e+00,5.570217014199999994e+02,3.866698451511999792e+02,-1.755033867999780117e-01
1.115000000000000213e+01,3.514101789604170634e+00,9.938760466407744687e+00,6.424658676803574942e+00,5.575335818060000292e+02,3.866689994321999961e+02,-1.813865698000060034e-01
1.116000000000000014e+01,3.511000000000000121e+00,9.932999999999999829e+00,6.421999999999999709e+00,5.580470548060000056e+02,3.866402523291999955e+02,-1.721708627999909980e-01
1.117000000000000171e+01,3.511000000000000121e+00,9.932999999999999829e+00,6.421999999999999709e+00,5.585521422720000828e+02,3.866180307541999923e+02,-1.649800567999870071e-01
1.117999999999999972e+01,3.525347839517999127e+00,9.961121765455278165e+00,6.435773925937279039e+00,5.590548665199999050e+02,3.866196636202000150e+02,-1.718740277999920019e-01
1.119000000000000128e+01,3.532950172744438344e+00,9.976154497760173712e+00,6.443204325015734923e+00,5.595500893900000392e+02,3.866298792772000184e+02,-1.797999547999729886e-01
1.119999999999999929e+01,3.523896261923569639e+00,9.958992590137397016e+00,6.435096328213827377e+00,5.600474477079999360e+02,3.866202304372000071e+02,-1.746552387999769917e-01
1.121000000000000085e+01,3.514737446984711244e+00,9.958338389070336305e+00,6.443600942085625505e+00,5.605505687219999800e+02,3.866149100072000238e+02,-1.715245247999930001e-01
1.122000000000000242e+01,3.523162986030815791e+00,9.966437811558215287e+00,6.443274825527399940e+00,5.610518381679999038e+02,3.866244798742000057e+02,-1.764468087999870038e-01
1.123000000000000043e+01,3.549030259145692145e+00,9.982909222562923901e+00,6.433878963417230423e+00,5.615465484999999717e+02,3.866436737871999867e+02,-1.864045387999780090e-01
1.124000000000000199e+01,3.549736543396091903e+00,9.980790369811725071e+00,6.431053826415632280e+00,5.620509263980000014e+02,3.866514284991999943e+02,-1.883197077999889946e-01
1.125000000000000000e+01,3.521076293093715837e+00,9.946556963889609193e+00,6.425480670795892912e+00,5.625618066340000496e+02,3.866505540051999787e+02,-1.862029597999780017e-01
1.126000000000000156e+01,3.491820004048216575e+00,9.910247029981132272e+00,6.418427025932914809e+00,5.630655277020000540e+02,3.866522685662000072e+02,-1.860969517999780110e-01
1.126999999999999957e+01,3.517274150709311265e+00,9.928821677544632962e+00,6.411547526835321698e+00,5.635568125199999940e+02,3.866612825551999890e+02,-1.870194698000119948e-01
1.128000000000000114e+01,3.549677600066905025e+00,9.971708674606881928e+00,6.422031074539976458e+00,5.640408796179999626e+02,3.866739086631999953e+02,-1.829563047999920034e-01
1.129000000000000270e+01,3.571339057958372365e+00,1.000208749161545718e+01,6.430748433657083929e+00,5.645276281060000656e+02,3.866746577691999960e+02,-1.818506597999590135e-01
1.130000000000000071e+01,3.562189050806469748e+00,9.985195170719636693e+00,6.423006119913166501e+00,5.650302652820000731e+02,3.866602703322000139e+02,-1.856881097999789898e-01
1.131000000000000227e+01,3.577098387145535963e+00,9.983000000000000540e+00,6.405901612854464133e+00,5.655377495919999546e+02,3.866311565391999920e+02,-1.834724867999689979e-01
1.132000000000000028e+01,3.599210632452059411e+00,9.990711978390773851e+00,6.391501345938714884e+00,5.660391848839999511e+02,3.866027273441999910e+02,-1.732605727999780021e-01
1.133000000000000185e+01,3.624594452981130033e+00,1.000657823110037548e+01,6.381983778119244555e+00,5.665363165419998950e+02,3.865970508081999810e+02,-1.741299608000100030e-01
1.133999999999999986e+01,3.608424706031466922e+00,9.989761694272726089e+00,6.381336988241258723e+00,5.670337378940000690e+02,3.866213934461999884e+02,-1.881052787999639986e-01
1.135000000000000142e+01,3.586212688708414476e+00,9.962970439080233831e+00,6.376757750371820244e+00,5.675453620319999573e+02,3.866425794062000136e+02,-1.910662288000070097e-01
1.135999999999999943e+01,3.561835080297822476e+00,9.930974260347460003e+00,6.369139180049637083e+00,5.680567276599999786e+02,3.866507472232000282e+02,-1.889812747999969900e-01
1.137000000000000099e+01,3.570315276456467402e+00,9.940867822532545972e+00,6.370552546076078571e+00,5.685613903260000370e+02,3.866535136232000127e+02,-1.898787747999740039e-01
1.138000000000000256e+01,3.573519397485872329e+00,9.937767230169534116e+00,6.364247832683661343e+00,5.690635448160001033e+02,3.866651266412000041e+02,-1.978080898000129928e-01
1.139000000000000057e+01,3.570834812808255876e+00,9.928591336870429274e+00,6.357756524062173398e+00,5.695542291360000036e+02,3.866671126951999895e+02,-1.937059137999929959e-01
1.140000000000000213e+01,3.561856700239481643e+00,9.918922600257902289e+00,6.357065900018421978e+00,5.700474236299999120e+02,3.866602203791999841e+02,-1.915718687999840020e-01
1.141000000000000014e+01,3.545656984715010562e+00,9.903837216660010156e+00,6.358180231944999150e+00,5.705483203480000611e+02,3.866587723672000152e+02,-1.904553248000059873e-01
1.142000000000000171e+01,3.538578982618419744e+00,9.897323341002818964e+00,6.358744358384398332e+00,5.710461075040000196e+02,3.866591571501999738e+02,-1.873459257999640082e-01
1.142999999999999972e+01,3.548300832083933987e+00,9.906350772649368253e+00,6.358049940565432934e+00,5.715420112419999441e+02,3.866574417831999995e+02,-1.812295167999919965e-01
1.144000000000000128e+01,3.561430914021258332e+00,9.925397752751463187e+00,6.363966838730203968e+00,5.720420249139999669e+02,3.866539188681999804e+02,-1.861058877999889893e-01
1.144999999999999929e+01,3.574507289184771786e+00,9.945014578369544722e+00,6.370507289184772048e+00,5.725417250759999206e+02,3.866383444261999784e+02,-1.949398358000019871e-01
1.146000000000000085e+01,3.582917457333627986e+00,9.961834914667257124e+00,6.378917457333628249e+00,5.730422203240000272e+02,3.866088386961999959e+02,-1.907243717999830002e-01
1.147000000000000242e+01,3.585999999999999854e+00,9.973298386822612827e+00,6.387298386822613416e+00,5.735409755579999000e+02,3.865922653352000111e+02,-1.835549017999779930e-01
1.148000000000000043e+01,3.582213656499047438e+00,9.978031101379505330e+00,6.395817444880457003e+00,5.740479509239999061e+02,3.866071584521999966e+02,-1.914947167999599964e-01
1.149000000000000199e+01,3.564676258272732934e+00,9.968911654301821912e+00,6.404235396029087646e+00,5.745489093440000943e+02,3.866397230861999788e+02,-2.034982427999600108e-01
1.150000000000000000e+01,3.547374700218046240e+00,9.965364964026166561e+00,6.417990263808118989e+00,5.750431309539999347e+02,3.866499276082000165e+02,-1.984242687999649979e-01
1.151000000000000156e+01,3.533126827355395516e+00,9.958493085764509090e+00,6.425366258409112241e+00,5.755390355800000179e+02,3.866481981292000114e+02,-1.963078358000109880e-01
1.151999999999999957e+01,3.524622188881993967e+00,9.942192528690489084e+00,6.417570339808494673e+00,5.760451528260000487e+02,3.866430310562000159e+02,-1.981770287999649882e-01
1.153000000000000114e+01,3.524000000000000021e+00,9.925173719617784940e+00,6.401173719617784919e+00,5.765530964919998951e+02,3.866409625012000220e+02,-2.030567667999610137e-01
1.154000000000000270e+01,3.533118368982168800e+00,9.921559184491083982e+00,6.388440815508915627e+00,5.770676289020000240e+02,3.866462956272000042e+02,-2.039611267999930089e-01
1.155000000000000071e+01,3.546066277318110860e+00,9.926060741523528463e+00,6.379994464205418048e+00,5.775656743459999234e+02,3.866597020812000096e+02,-2.048976377999700005e-01
1.156000000000000227e+01,3.528995383757769222e+00,9.900112983311808890e+00,6.371117599554040112e+00,5.780533069900000100e+02,3.866625084501999936e+02,-2.027990477999599972e-01
1.157000000000000028e+01,3.517104187900129020e+00,9.884650663892447398e+00,6.367546475992317490e+00,5.785484405679999327e+02,3.866567390842000123e+02,-1.976685137999640018e-01
1.158000000000000185e+01,3.517005956179291459e+00,9.884146075302878032e+00,6.367140119123585684e+00,5.790464550500000769e+02,3.866531409791999749e+02,-1.915449927999930135e-01
1.158999999999999986e+01,3.549354496426378347e+00,9.917141586354906835e+00,6.367787089928527600e+00,5.795440155460000824e+02,3.866574980661999916e+02,-1.944496977999790044e-01
1.160000000000000142e+01,3.577775419211083108e+00,9.940798301831980766e+00,6.363022882620897214e+00,5.800397518419999869e+02,3.866587213551999866e+02,-2.043437977999700006e-01
1.160999999999999943e+01,3.604435145514713223e+00,9.959993304770593525e+00,6.355558159255880746e+00,5.805376812500001051e+02,3.866390711952000174e+02,-2.041637017999690107e-01
1.162000000000000099e+01,3.595969683765984914e+00,9.949969683765985451e+00,6.354000000000000092e+00,5.810423953219999476e+02,3.866058423252000011e+02,-1.879340858000070058e-01
1.163000000000000256e+01,3.581944406943638359e+00,9.935944406943638896e+00,6.354000000000000092e+00,5.815375865640000939e+02,3.865990640072000133e+02,-1.857999987999980063e-01
1.164000000000000057e+01,3.573617970014006495e+00,9.927617970014006588e+00,6.354000000000000092e+00,5.820330989060000775e+02,3.866393023662000132e+02,-2.058318617999790046e-01
1.165000000000000213e+01,3.572355912643366160e+00,9.917982777007125605e+00,6.345626864363759445e+00,5.825298360599999796e+02,3.866756289482000284e+02,-2.188496058000130029e-01
1.166000000000000014e+01,3.555006166730019679e+00,9.892191224567371322e+00,6.337185057837351643e+00,5.830316726000000926e+02,3.866752609992000203e+02,-2.107366177999749901e-01
1.167000000000000171e+01,3.524472150176694907e+00,9.854472150176693646e+00,6.330000000000000071e+00,5.835401844699999856e+02,3.866632369882000262e+02,-2.075810537999890071e-01
1.167999999999999972e+01,3.542263135584200473e+00,9.872263135584200100e+00,6.330000000000000071e+00,5.840483866459999263e+02,3.866741865761999861e+02,-2.175066957999799988e-01
1.169000000000000128e+01,3.548000000000000043e+00,9.882657841243021934e+00,6.334657841243021004e+00,5.845448908819998906e+02,3.866794991442000082e+02,-2.164149808000029873e-01
1.169999999999999929e+01,3.545901469477637846e+00,9.888299790074622564e+00,6.342398320596985606e+00,5.850334341620000487e+02,3.866663527932000193e+02,-2.082598667999659980e-01
1.171000000000000085e+01,3.535985559165958581e+00,9.889716348690578585e+00,6.353730789524618672e+00,5.855392367879999256e+02,3.866491518331999941e+02,-2.090866667999979889e-01
1.172000000000000242e+01,3.527108598651342408e+00,9.889425716554278267e+00,6.362317117902936303e+00,5.860506308940000508e+02,3.866392779152000116e+02,-2.109380798000080048e-01
1.173000000000000043e+01,3.518147609804714637e+00,9.888449658543530418e+00,6.370302048738815337e+00,5.865511546620000445e+02,3.866268155522000143e+02,-2.027827137999690110e-01
1.174000000000000199e+01,3.508470470472241587e+00,9.887067210067463918e+00,6.378596739595221443e+00,5.870447777720000886e+02,3.866299603872000148e+02,-2.016839917999929954e-01
1.175000000000000000e+01,3.533734515060904968e+00,9.902836624652865183e+00,6.369102109591959326e+00,5.875400006419999954e+02,3.866401760442000182e+02,-2.096099187999740099e-01
1.176000000000000156e+01,3.560536953503770530e+00,9.924902817111979303e+00,6.364365863608210105e+00,5.880441785820000860e+02,3.866338895491999779e+02,-2.134756067999930007e-01
1.176999999999999957e+01,3.583926620327122059e+00,9.949073379672878303e+00,6.365146759345756244e+00,5.885494361539999773e+02,3.866086869822000267e+02,-2.022742197999690128e-01
1.178000000000000114e+01,3.583230802612154431e+00,9.949769197387844599e+00,6.366538394775691501e+00,5.890463395980000314e+02,3.866070074461999866e+02,-2.021577537999700025e-01
1.179000000000000270e+01,3.577832490919242048e+00,9.930739284335356132e+00,6.352906793416114972e+00,5.895466411879999669e+02,3.866335319291999895e+02,-2.121401027999610112e-01
1.180000000000000071e+01,3.569869567316465986e+00,9.907326088605795888e+00,6.337456521289328570e+00,5.900339628060000905e+02,3.866593330651999736e+02,-2.171227548000140006e-01
1.181000000000000227e+01,3.560137093374815098e+00,9.899679144794497176e+00,6.339542051419682522e+00,5.905304084899998998e+02,3.866656686971999761e+02,-2.090346167999740101e-01
1.182000000000000028e+01,3.553281817640142837e+00,9.897213636273356485e+00,6.343931818633214093e+00,5.910281956460000856e+02,3.866660534801999916e+02,-2.059252177999890132e-01
1.183000000000000185e+01,3.547286357400510237e+00,9.896214392900086310e+00,6.348928035499574740e+00,5.915222184080000716e+02,3.866621991552000281e+02,-2.078017327999980013e-01
1.183999999999999986e+01,3.538773813730246243e+00,9.869874557332430243e+00,6.331100743602182668e+00,5.920251695380000001e+02,3.866598561892000134e+02,-2.096815938000080037e-01
1.185000000000000142e+01,3.537163623793880163e+00,9.859706461184263304e+00,6.322542837390383141e+00,5.925383882880000783e+02,3.866531090131999804e+02,-2.065435997999650053e-01
1.185999999999999943e+01,3.547717782863913261e+00,9.885065252987628170e+00,6.337347470123715354e+00,5.930517216999999164e+02,3.866443545171999858e+02,-2.063985177999649867e-01
1.187000000000000099e+01,3.554920975336277600e+00,9.885720088666934302e+00,6.330799113330656702e+00,5.935553307699999550e+02,3.866480340621999972e+02,-2.152995257999809897e-01
1.188000000000000256e+01,3.561958278935669409e+00,9.889349312945565629e+00,6.327391034009896664e+00,5.940549445680001099e+02,3.866515138351999781e+02,-2.162006658000129866e-01
1.189000000000000057e+01,3.568822288982269608e+00,9.895157321446536258e+00,6.326335032464266206e+00,5.945480237340000258e+02,3.866466394231999857e+02,-2.080737267999749895e-01
1.190000000000000213e+01,3.564342725243323962e+00,9.902706235505723598e+00,6.338363510262398748e+00,5.950440427999999429e+02,3.866429061521999984e+02,-2.079502117999749988e-01
1.191000000000000014e+01,3.564222768199194036e+00,9.908819430795020367e+00,6.344596662595826331e+00,5.955475389840000844e+02,3.866485647932000234e+02,-2.218582597999839978e-01
1.192000000000000171e+01,3.592252035972213431e+00,9.908118699100693760e+00,6.315866663128480774e+00,5.960479516420000436e+02,3.866380533021999781e+02,-2.267098857999809980e-01
1.192999999999999972e+01,3.583915211917267918e+00,9.895438603440577907e+00,6.311523391523309101e+00,5.965352384820000680e+02,3.866118247531999828e+02,-2.155088768000129884e-01
1.194000000000000128e+01,3.569406202400643213e+00,9.883827080160042300e+00,6.314420877759400419e+00,5.970252668600001016e+02,3.866077565442000150e+02,-2.133854998000029868e-01
1.194999999999999929e+01,3.558953853513883825e+00,9.883130256900924948e+00,6.324176403387041567e+00,5.975228883919999134e+02,3.866461368611999774e+02,-2.264102927999810111e-01
1.196000000000000085e+01,3.551397493362212110e+00,9.876535569264090597e+00,6.325138075901878487e+00,5.980183671079998931e+02,3.866694129972000269e+02,-2.273821958000140087e-01
1.197000000000000242e+01,3.544464002232727395e+00,9.868535387191608166e+00,6.324071384958880770e+00,5.985164374779999434e+02,3.866648341641999878e+02,-2.162551697999899880e-01
1.198000000000000043e+01,3.527256199394110947e+00,9.852595703442583286e+00,6.325339504048471007e+00,5.990280584659999477e+02,3.866509844142000247e+02,-2.130924728000030133e-01
1.199000000000000199e+01,3.523661016634885179e+00,9.848495762476163762e+00,6.324834745841278583e+00,5.995412785480000366e+02,3.866442160702000024e+02,-2.159544427999889882e-01
1.200000000000000000e+01,3.531000000000000139e+00,9.854217902379714289e+00,6.323217902379715483e+00,6.000498469720000685e+02,3.866312007472000118e+02,-2.107953557999940053e-01
1.201000000000000156e+01,3.531000000000000139e+00,9.855728881685843490e+00,6.324728881685842907e+00,6.005478625640000701e+02,3.866275850022000213e+02,-2.096718047999600043e-01
1.201999999999999957e+01,3.531541384954384633e+00,9.861955234498232414e+00,6.330413849543847782e+00,6.010535810460000903e+02,3.866294029772000158e+02,-2.125657368000030134e-01
1.203000000000000114e+01,3.536911380058385568e+00,9.874980992594878160e+00,6.338069612536490816e+00,6.015524242399999366e+02,3.866288358072000051e+02,-2.124527638000029972e-01
1.204000000000000270e+01,3.553588915957493377e+00,9.902081988430927240e+00,6.348493072473432974e+00,6.020486704100001134e+02,3.866211231762000011e+02,-2.083151327999830105e-01
1.205000000000000071e+01,3.541101059287848241e+00,9.889909144030875510e+00,6.348808084743027713e+00,6.025460035799999332e+02,3.866294631512000137e+02,-2.142339598000120027e-01
1.206000000000000227e+01,3.523618652474907353e+00,9.864827812751821412e+00,6.341209160276914503e+00,6.030453911619999872e+02,3.866369081721999805e+02,-2.231491917999710028e-01
1.207000000000000028e+01,3.506447911304859222e+00,9.831859989705330705e+00,6.325412078400471039e+00,6.035358759680000276e+02,3.866248459632000163e+02,-2.229975227999710097e-01
1.208000000000000185e+01,3.521766595774627362e+00,9.844874604281672603e+00,6.323108008507045241e+00,6.040336900479999258e+02,3.866072137072000032e+02,-2.168245327999979988e-01
1.208999999999999986e+01,3.542579475760210705e+00,9.873029363477121123e+00,6.330449887716910418e+00,6.045240334899999652e+02,3.866151723291999929e+02,-2.177435367999739912e-01
1.210000000000000142e+01,3.566503796149030237e+00,9.915989051452047676e+00,6.349485255303017439e+00,6.050146915519999311e+02,3.866351648382000121e+02,-2.197049337999850138e-01
1.210999999999999943e+01,3.546868126905024621e+00,9.902721707368259629e+00,6.355853580463235453e+00,6.055102855959999033e+02,3.866564230701999918e+02,-2.266697307999890054e-01
1.212000000000000099e+01,3.529097587189713447e+00,9.893609733916395754e+00,6.364512146726682751e+00,6.060233329079999294e+02,3.866526780542000097e+02,-2.215423537999950121e-01
1.213000000000000256e+01,3.520525976764837583e+00,9.900862635045138305e+00,6.380336658280299389e+00,6.065304173439999431e+02,3.866305669491999879e+02,-2.153514997999660119e-01
1.214000000000000057e+01,3.511423866971688845e+00,9.914128840509450313e+00,6.402704973537759692e+00,6.070410971779999727e+02,3.866156583041999966e+02,-2.131852828000120048e-01
1.215000000000000213e+01,3.509113673443307491e+00,9.925329093875465247e+00,6.416215420432156868e+00,6.075476432620000651e+02,3.866205248542000277e+02,-2.170897927999750066e-01
1.216000000000000014e+01,3.522778007146625701e+00,9.926422240571730171e+00,6.403644233425104026e+00,6.080580666260000271e+02,3.866276514162000240e+02,-2.110013488000030135e-01
1.217000000000000171e+01,3.526287888487620314e+00,9.930402768886347431e+00,6.404114880398728005e+00,6.085487505020000754e+02,3.866296445262000248e+02,-2.048991847999749871e-01
1.217999999999999972e+01,3.518425394165951570e+00,9.938279864582863610e+00,6.419854470416911596e+00,6.090499631719999343e+02,3.866402092331999825e+02,-2.108249978000039937e-01
1.219000000000000128e+01,3.545185277420272119e+00,9.955885050934389469e+00,6.410699773514117794e+00,6.095528579700001046e+02,3.866388540511999850e+02,-2.157083757999979923e-01
1.219999999999999929e+01,3.563351252008363446e+00,9.974333180179559832e+00,6.410981928171196387e+00,6.100421411140000600e+02,3.866127465562000225e+02,-2.025073367999649931e-01
1.221000000000000085e+01,3.575825342327465073e+00,9.993564069421507767e+00,6.417738727094043583e+00,6.105275187219999680e+02,3.866024172561999990e+02,-1.963628787999930070e-01
1.222000000000000242e+01,3.547451691033391974e+00,9.973093397920937520e+00,6.425641706887545546e+00,6.110237137080000593e+02,3.866306963672000165e+02,-2.103523578000029981e-01
1.223000000000000043e+01,3.506213795942906053e+00,9.936692835138408952e+00,6.430479039195502899e+00,6.115256974260000788e+02,3.866453009612000074e+02,-2.192922717999619964e-01
1.224000000000000199e+01,3.515369963983753898e+00,9.926832346479033120e+00,6.411462382495279222e+00,6.120286730380000790e+02,3.866249797642000203e+02,-2.071086077999609865e-01
1.225000000000000000e+01,3.529259674142524617e+00,9.947498450384399504e+00,6.418238776241874888e+00,6.125227512439998918e+02,3.866201517672000136e+02,-2.019816297999650068e-01
1.226000000000000156e+01,3.536668386016759147e+00,9.965408413503764606e+00,6.428740027487005015e+00,6.130217701359999865e+02,3.866516005071999871e+02,-2.149816567999990047e-01
1.226999999999999957e+01,3.520862045443081900e+00,9.941355286543819503e+00,6.420493241100738047e+00,6.135125424160000875e+02,3.866695927522000034e+02,-2.179359777999859971e-01
1.228000000000000114e+01,3.495205671985031959e+00,9.930161701595510593e+00,6.434956029610477302e+00,6.140083584159999646e+02,3.866518676662000189e+02,-2.057630657999839907e-01
1.229000000000000270e+01,3.485833880982785349e+00,9.929535404779507246e+00,6.443701523796722341e+00,6.145193795719999343e+02,3.866309793972000080e+02,-2.005756567999900097e-01
1.230000000000000071e+01,3.505710709467950270e+00,9.941043042323549628e+00,6.435332332855599802e+00,6.150365922620001129e+02,3.866244531611999946e+02,-1.994375668000130108e-01
1.231000000000000227e+01,3.520250670900184620e+00,9.944057227838333901e+00,6.423806556938148837e+00,6.155378307460000542e+02,3.866170184691999907e+02,-1.972998188000029962e-01
1.232000000000000028e+01,3.529657243364698438e+00,9.938893850975990318e+00,6.409236607611290992e+00,6.160357875639999747e+02,3.866144293162000167e+02,-1.881798507999890013e-01
1.233000000000000185e+01,3.548638653528195519e+00,9.964708568798345212e+00,6.416069915270150581e+00,6.165362861839998914e+02,3.866199557681999863e+02,-1.910880277999739973e-01
1.233999999999999986e+01,3.553999999999999826e+00,9.978592157814192731e+00,6.424592157814193349e+00,6.170397801480000908e+02,3.866256496891999745e+02,-1.949961357999930034e-01
1.235000000000000142e+01,3.559082654053877803e+00,9.995368614269910523e+00,6.436285960216032720e+00,6.175369688040000256e+02,3.866189747852000096e+02,-1.958619887999699938e-01
1.235999999999999943e+01,3.576584929062489149e+00,1.003107325528747751e+01,6.454488326224988803e+00,6.180369239239998933e+02,3.866164749342000277e+02,-1.937419367999599906e-01
1.237000000000000099e+01,3.571828792066016778e+00,1.004151631379537157e+01,6.469687521729355240e+00,6.185301493800000117e+02,3.866265871772000082e+02,-1.986679238000129966e-01
1.238000000000000256e+01,3.560956944743258745e+00,1.003528350757942533e+01,6.474326562836166588e+00,6.190250304839998989e+02,3.866427895141999898e+02,-2.076150547999700002e-01
1.239000000000000057e+01,3.544083786845352524e+00,9.999428047046373891e+00,6.455344260201021811e+00,6.195270974580000711e+02,3.866383892851999917e+02,-2.104878608000129991e-01
1.240000000000000213e+01,3.534098745168064770e+00,9.972511813170646278e+00,6.438413068002581952e+00,6.200231407839999065e+02,3.866166813112000114e+02,-1.953008267999689906e-01
1.241000000000000014e+01,3.534345483074524896e+00,9.958000000000000185e+00,6.423654516925475733e+00,6.205112274139999045e+02,3.866115324881999982e+02,-1.841740108000020082e-01
1.242000000000000171e+01,3.547251491092210607e+00,9.958000000000000185e+00,6.410748508907789578e+00,6.210134113120000166e+02,3.866401747612000008e+02,-1.921633997999830090e-01
1.242999999999999972e+01,3.533238834411011720e+00,9.947328970581946095e+00,6.414090136170934819e+00,6.215193310839999867e+02,3.866560127751999971e+02,-1.991067767999890048e-01
1.244000000000000128e+01,3.499064056497132036e+00,9.929757070472778224e+00,6.430693013975646188e+00,6.220251871559999017e+02,3.866378698952000263e+02,-1.839301378000020026e-01
1.244999999999999929e+01,3.473152908674684625e+00,9.921574602739374527e+00,6.448421694064689014e+00,6.225121317860000545e+02,3.866176350822000245e+02,-1.717503448000020083e-01
1.246000000000000085e+01,3.479029669290098603e+00,9.938338192805272087e+00,6.459308523515172595e+00,6.230194498060000114e+02,3.866265274072000011e+02,-1.826689317999700135e-01
1.247000000000000242e+01,3.499376208621195694e+00,9.966383422694081062e+00,6.467007214072884480e+00,6.235329858400000376e+02,3.866317717822000191e+02,-1.925732587999600121e-01
1.248000000000000043e+01,3.487590052814065977e+00,9.968847204225125935e+00,6.481257151411059070e+00,6.240424945300001127e+02,3.866198294661999739e+02,-1.824177157999699872e-01
1.249000000000000199e+01,3.483401288095782533e+00,9.971328669809807366e+00,6.487927381714023944e+00,6.245370587939999041e+02,3.866240331962000027e+02,-1.803225137999590055e-01
1.250000000000000000e+01,3.502425126082868267e+00,9.981414225414077634e+00,6.478989099331208479e+00,6.250352509720000853e+02,3.866524192492000225e+02,-1.963119387999779919e-01
1.251000000000000156e+01,3.529283199660333548e+00,1.000758363043827437e+01,6.478300430777940377e+00,6.255270489940000971e+02,3.866524443981999752e+02,-1.982026357999890076e-01
1.251999999999999957e+01,3.536311108407473203e+00,1.001467179237612903e+01,6.478360683968655387e+00,6.260189834959999189e+02,3.866325263321999728e+02,-1.770227917999749878e-01
1.253000000000000114e+01,3.527941641151904673e+00,1.000694613029406632e+01,6.479004489142161205e+00,6.265138628239999434e+02,3.866487568932000158e+02,-1.779699708000070102e-01
1.254000000000000270e+01,3.518934324961758175e+00,9.998631684580084666e+00,6.479697359618326935e+00,6.270086615600000641e+02,3.866839499412000123e+02,-1.969841858000130064e-01
1.255000000000000071e+01,3.510003476494013785e+00,9.990003476494013768e+00,6.480000000000000426e+00,6.274992596960000810e+02,3.866699015802000190e+02,-1.938254647999700098e-01
1.256000000000000227e+01,3.498726046059265293e+00,9.980428502108447120e+00,6.481702456049182715e+00,6.280000628620000498e+02,3.866174504751999734e+02,-1.685288427999930005e-01
1.257000000000000028e+01,3.472078586146261969e+00,9.967637721350206093e+00,6.495559135203944123e+00,6.284977631679998922e+02,3.866018114272000048e+02,-1.633629167999970100e-01
1.258000000000000185e+01,3.454033458693389402e+00,9.959525094020042602e+00,6.505491635326652755e+00,6.289937878260000161e+02,3.866330750582000064e+02,-1.803629827999929935e-01
1.258999999999999986e+01,3.462382822580806874e+00,9.965787116935604928e+00,6.503404294354798054e+00,6.294906645680000565e+02,3.866494090332000155e+02,-1.843101018000120050e-01
1.260000000000000142e+01,3.456414058449335691e+00,9.959997592414771006e+00,6.503583533965435315e+00,6.300036223659999450e+02,3.866296825222000280e+02,-1.651262698000069973e-01
1.260999999999999943e+01,3.451305710968780804e+00,9.951025757405853156e+00,6.499720046437071908e+00,6.305193497360000947e+02,3.866140816721999727e+02,-1.569564487999690061e-01
1.262000000000000099e+01,3.451981366410261653e+00,9.942223603076859817e+00,6.490242236666599496e+00,6.310294918839999809e+02,3.866261400981999827e+02,-1.678855777999919974e-01
1.263000000000000256e+01,3.451346300912096154e+00,9.949844389054849358e+00,6.498498088142752316e+00,6.315178964639999322e+02,3.866329722422000259e+02,-1.728010647999879967e-01
1.264000000000000057e+01,3.460697127232684522e+00,9.957232375744228037e+00,6.496535248511543514e+00,6.320164223740000580e+02,3.866204135212000210e+02,-1.596457708000109943e-01
1.265000000000000213e+01,3.481249852788413701e+00,9.964083284262805762e+00,6.482833431474391617e+00,6.325085603859999992e+02,3.866144802142000003e+02,-1.525153118000059926e-01
1.266000000000000014e+01,3.484270968774614730e+00,9.976821196386374879e+00,6.492550227611760150e+00,6.330103172219999124e+02,3.866330606401999717e+02,-1.664693357999590118e-01
1.267000000000000171e+01,3.474780407992694276e+00,9.989874222762486156e+00,6.515093814769792324e+00,6.334992085260000749e+02,3.866489139271999989e+02,-1.774165807999829869e-01
1.267999999999999972e+01,3.465835588027766256e+00,9.981617465871783779e+00,6.515781877844017522e+00,6.339905741580000722e+02,3.866389619011999912e+02,-1.612720567999630095e-01
1.269000000000000128e+01,3.476834293431295464e+00,9.987513411342336056e+00,6.510679117911040592e+00,6.344776056380001137e+02,3.866347509191999734e+02,-1.511487907999740088e-01
1.269999999999999929e+01,3.497654098838104186e+00,1.000032559928498799e+01,6.502671500446883357e+00,6.349761389160000817e+02,3.866571608762000096e+02,-1.631170297999730012e-01
1.271000000000000085e+01,3.495376718668692817e+00,1.000300000000000011e+01,6.507623281331307297e+00,6.354743584620000547e+02,3.866675228341999855e+02,-1.780428517999589899e-01
1.272000000000000242e+01,3.476877864897302661e+00,9.990135161664021268e+00,6.513257296766719939e+00,6.359780739380000796e+02,3.866342404932000250e+02,-1.608132627999629971e-01
1.273000000000000043e+01,3.441638103186157149e+00,9.955586375672702104e+00,6.513948272486546287e+00,6.364715195740000127e+02,3.866053976421999891e+02,-1.386015887999730023e-01
1.274000000000000199e+01,3.419190397550230909e+00,9.933698336074582969e+00,6.514507938524353392e+00,6.369828035000000455e+02,3.866325455862000240e+02,-1.495837007999969992e-01
1.275000000000000000e+01,3.403509684266408986e+00,9.917477424188053448e+00,6.513967739921644018e+00,6.374914648100000250e+02,3.866705439401999911e+02,-1.656047097999580053e-01
1.276000000000000156e+01,3.439318030724573649e+00,9.942753904040875668e+00,6.503435873316301574e+00,6.379928720679999969e+02,3.866601494241999717e+02,-1.534564167999590001e-01
1.276999999999999957e+01,3.439621276833622954e+00,9.951000000000000512e+00,6.511378723166377114e+00,6.384930237739999939e+02,3.866366585981999719e+02,-1.422622047999909933e-01
1.278000000000000114e+01,3.423942028281242056e+00,9.949853863971346968e+00,6.525911835690103580e+00,6.390078440600000249e+02,3.866369540201999939e+02,-1.561488118000010084e-01
1.279000000000000270e+01,3.417404363079514784e+00,9.942771393336142793e+00,6.525367030256626677e+00,6.395166164380000282e+02,3.866379164002000266e+02,-1.670390977999690052e-01
1.280000000000000071e+01,3.415654908126109390e+00,9.943309816252218880e+00,6.527654908126109490e+00,6.400173670879999008e+02,3.866214782051999919e+02,-1.538696217999920013e-01
1.281000000000000227e+01,3.423597265379577426e+00,9.959194530759154063e+00,6.535597265379577081e+00,6.404900225680000858e+02,3.866234542852000118e+02,-1.447713887999770022e-01
1.282000000000000028e+01,3.424999999999999822e+00,9.969382754611016750e+00,6.544382754611016040e+00,6.409790570539998953e+02,3.866543436192000058e+02,-1.547716437999679950e-01
1.283000000000000185e+01,3.424999999999999822e+00,9.977228474549576731e+00,6.552228474549576021e+00,6.414768186179999248e+02,3.866727242732000036e+02,-1.607257997999959886e-01
1.283999999999999986e+01,3.424999999999999822e+00,9.983164795471543229e+00,6.558164795471542519e+00,6.419807910500001071e+02,3.866524847712000224e+02,-1.415421567999909924e-01
1.285000000000000142e+01,3.424999999999999822e+00,9.982061124424138399e+00,6.557061124424137688e+00,6.424739263260000826e+02,3.866466261031999920e+02,-1.294117067999900061e-01
1.285999999999999943e+01,3.424999999999999822e+00,9.974288504260131916e+00,6.549288504260132981e+00,6.429720617279999715e+02,3.866760069961999875e+02,-1.464046607999870131e-01
1.287000000000000099e+01,3.408306684605426184e+00,9.966654941226387621e+00,6.558348256620961436e+00,6.434673985940000875e+02,3.866842259172000240e+02,-1.543235177999680019e-01
1.288000000000000256e+01,3.396175870979684319e+00,9.958881707208890433e+00,6.562705836229206113e+00,6.439793882720000511e+02,3.866463724481999975e+02,-1.470760257999630116e-01
1.289000000000000057e+01,3.389041062805782989e+00,9.951198067636996214e+00,6.562157004831214557e+00,6.444919203399999788e+02,3.866165629221999893e+02,-1.398567927999579963e-01
1.290000000000000213e+01,3.355869021638107075e+00,9.918363164151788425e+00,6.562494142513680906e+00,6.449914223620000939e+02,3.866220041511999739e+02,-1.507649427999830094e-01
1.291000000000000014e+01,3.331098780153641581e+00,9.893725160145555364e+00,6.562626379991913339e+00,6.454860761400000229e+02,3.866421893762000082e+02,-1.627261957999819875e-01
1.292000000000000171e+01,3.357873662826209582e+00,9.919090838466935622e+00,6.561217175640726040e+00,6.459892528200000470e+02,3.866358917462000022e+02,-1.535919827999679965e-01
1.292999999999999972e+01,3.382320816252837758e+00,9.929590535000921037e+00,6.547269718748082390e+00,6.464891758680000748e+02,3.866164049761999877e+02,-1.394119287999580070e-01
1.294000000000000128e+01,3.399000000000000021e+00,9.934834039670828787e+00,6.535834039670828766e+00,6.469908440780000092e+02,3.866189897951999797e+02,-1.433094737999769941e-01
1.294999999999999929e+01,3.399000000000000021e+00,9.934297389434460612e+00,6.535297389434461479e+00,6.474920006380000359e+02,3.866305387581999753e+02,-1.532387977999689899e-01
1.296000000000000085e+01,3.395828918861282464e+00,9.925218544538935816e+00,6.529389625677653797e+00,6.479975169419999474e+02,3.866183508061999987e+02,-1.480833087999730013e-01
1.297000000000000242e+01,3.388905367811831493e+00,9.906045633940456341e+00,6.517140266128624404e+00,6.484948732620000555e+02,3.866087337182000283e+02,-1.339386467999630070e-01
1.298000000000000043e+01,3.391163793271168903e+00,9.907533156808312924e+00,6.516369363537142689e+00,6.489872441919999346e+02,3.866338144252000006e+02,-1.409176467999669891e-01
1.299000000000000199e+01,3.396801133426856190e+00,9.923099433286571625e+00,6.526298299859715435e+00,6.494781055420000939e+02,3.866677952211999809e+02,-1.559284348000110065e-01
1.300000000000000000e+01,3.378808567571295551e+00,9.932095716214352166e+00,6.553287148643057058e+00,6.499722981879999679e+02,3.866609634321999920e+02,-1.527943747999679913e-01
1.301000000000000156e+01,3.373346891408774972e+00,9.934653108591225745e+00,6.561306217182450773e+00,6.504748431860000437e+02,3.866306368361999830e+02,-1.305754417999769879e-01
1.301999999999999957e+01,3.373844032790297653e+00,9.934155967209701288e+00,6.560311934419404523e+00,6.509664134380000178e+02,3.866346519292000039e+02,-1.334802727999639949e-01
1.303000000000000114e+01,3.360514020387338263e+00,9.933999999999999275e+00,6.573485979612661900e+00,6.514625520919998962e+02,3.866639188241999818e+02,-1.504732687999590091e-01
1.304000000000000270e+01,3.347999999999999865e+00,9.936807256385764120e+00,6.588807256385765143e+00,6.519620779300000777e+02,3.866513924061999887e+02,-1.443179117999880134e-01
1.305000000000000071e+01,3.347999999999999865e+00,9.944621056621548050e+00,6.596621056621548185e+00,6.524693560660000458e+02,3.866083361902000206e+02,-1.160529757999669981e-01
1.306000000000000227e+01,3.347999999999999865e+00,9.937004159316220608e+00,6.589004159316221632e+00,6.529697956899999554e+02,3.866148927621999860e+02,-1.099647417999950055e-01
1.307000000000000028e+01,3.331079149349593926e+00,9.916624983241542068e+00,6.585545833891948142e+00,6.534779446840000219e+02,3.866618658442000083e+02,-1.290175478000009923e-01
1.308000000000000185e+01,3.299971985467285762e+00,9.886521276258664059e+00,6.586549290791377409e+00,6.539740506000000551e+02,3.866741564042000050e+02,-1.309505598000099968e-01
1.308999999999999986e+01,3.310742837468965583e+00,9.901733617705895441e+00,6.590990780236929858e+00,6.544818729020000774e+02,3.866391159071999937e+02,-1.107138347999710032e-01
1.310000000000000142e+01,3.350815778212292262e+00,9.949054720625701620e+00,6.598238942413408914e+00,6.549914416980000169e+02,3.866261258311999995e+02,-1.145546727999900011e-01
1.310999999999999943e+01,3.368685800486720616e+00,9.974787552700876248e+00,6.606101752214156519e+00,6.555019015739999304e+02,3.866501687521999884e+02,-1.405261108000019910e-01
1.312000000000000099e+01,3.353769665888770124e+00,9.955532800771614177e+00,6.601763134882844497e+00,6.559962977299999238e+02,3.866573217221999812e+02,-1.514414357999679939e-01
1.313000000000000256e+01,3.339909797329018826e+00,9.937538879549443038e+00,6.597629082220424657e+00,6.564913996800000859e+02,3.866345583812000086e+02,-1.362508877999820123e-01
1.314000000000000057e+01,3.352265142553492616e+00,9.955042285284115167e+00,6.602777142730621662e+00,6.569721568140000727e+02,3.866349831332000235e+02,-1.301453988000099982e-01
1.315000000000000213e+01,3.356803156459348791e+00,9.960344046043463351e+00,6.603540889584114559e+00,6.574622475599999234e+02,3.866649169862000122e+02,-1.441420737999629942e-01
1.316000000000000014e+01,3.348346713440224054e+00,9.945382646855779996e+00,6.597035933415557274e+00,6.579625188540001091e+02,3.866744263261999777e+02,-1.500643727999909915e-01
1.317000000000000171e+01,3.339335229829158980e+00,9.935335229829158621e+00,6.596000000000000085e+00,6.584632372099999884e+02,3.866410047402000032e+02,-1.238349007999809959e-01
1.317999999999999972e+01,3.334999999999999964e+00,9.927912745765247848e+00,6.592912745765247884e+00,6.589557724320000034e+02,3.866281110812000179e+02,-1.086797447999959948e-01
1.319000000000000128e+01,3.334999999999999964e+00,9.921820995419071920e+00,6.586820995419071068e+00,6.594577294480000091e+02,3.866607291862000011e+02,-1.216832437999720018e-01
1.319999999999999929e+01,3.344540641523420010e+00,9.914038866407821615e+00,6.569498224884401161e+00,6.599627078440000787e+02,3.866755118332000052e+02,-1.286231067999769884e-01
1.321000000000000085e+01,3.359999999999999876e+00,9.906000000000000583e+00,6.546000000000000263e+00,6.604823414160000539e+02,3.866441222042000163e+02,-1.163966867999760013e-01
1.322000000000000242e+01,3.359999999999999876e+00,9.906000000000000583e+00,6.546000000000000263e+00,6.610019754320001084e+02,3.866127255192000121e+02,-1.061702547999859997e-01
1.323000000000000043e+01,3.354229390078802275e+00,9.889512543082291884e+00,6.535283153003489609e+00,6.615033602060000248e+02,3.866202774821999810e+02,-1.170854328000090067e-01
1.324000000000000199e+01,3.346803062059459766e+00,9.868294463027027064e+00,6.521491400967567742e+00,6.619987284779999754e+02,3.866454939061999880e+02,-1.340643098000059985e-01
1.325000000000000000e+01,3.339764779511912973e+00,9.857894213365486991e+00,6.518129433853573573e+00,6.624975712279999698e+02,3.866449337921999927e+02,-1.319513487999970092e-01
1.326000000000000156e+01,3.341531677209622408e+00,9.867290166124858430e+00,6.525758488915236022e+00,6.629943286039999748e+02,3.866282640732000004e+02,-1.197819507999959981e-01
1.326999999999999957e+01,3.353510178920087181e+00,9.898234628876890540e+00,6.544724449956804690e+00,6.634878397160000532e+02,3.866333738921999839e+02,-1.276902447999770096e-01
1.328000000000000114e+01,3.376228197404368636e+00,9.923763226598358855e+00,6.547535029193990219e+00,6.639869990839999900e+02,3.866448159131999773e+02,-1.356196227999590109e-01
1.329000000000000270e+01,3.409739764502766501e+00,9.941739764502766974e+00,6.532000000000000028e+00,6.644836429080000926e+02,3.866301358741999934e+02,-1.254572827999670126e-01
1.330000000000000071e+01,3.400732148893232054e+00,9.932732148893231638e+00,6.532000000000000028e+00,6.649784580919999826e+02,3.866123925972000279e+02,-1.022844577999990068e-01
1.331000000000000227e+01,3.401608558352362977e+00,9.932456418764273209e+00,6.530847860411909345e+00,6.654577348319999146e+02,3.866387502211999845e+02,-1.032708367999760068e-01
1.332000000000000028e+01,3.409090577432760671e+00,9.936007296479264284e+00,6.526916719046503168e+00,6.659622888720000446e+02,3.866785137872000178e+02,-1.202989937999719983e-01
1.333000000000000185e+01,3.409799456002414964e+00,9.920411967946872522e+00,6.510612511944457559e+00,6.664685194480000519e+02,3.866713605621999932e+02,-1.191611347999950027e-01
1.333999999999999986e+01,3.410000000000000142e+00,9.907089316877438989e+00,6.497089316877438847e+00,6.669788514800000030e+02,3.866274487512000064e+02,-9.889255280001399417e-02
1.335000000000000142e+01,3.410000000000000142e+00,9.895055443599007461e+00,6.485055443599008207e+00,6.674746438859999671e+02,3.866276877842000204e+02,-1.047831417999850051e-01
1.335999999999999943e+01,3.422267567428513235e+00,9.903734194931621104e+00,6.481466627503108313e+00,6.679814239980000821e+02,3.866635507081999776e+02,-1.277970808000100100e-01
1.337000000000000099e+01,3.426363771875313713e+00,9.909695419594797272e+00,6.483331647719484003e+00,6.684821510540000418e+02,3.866650766321999981e+02,-1.326911058000050103e-01
1.338000000000000256e+01,3.405834520683837852e+00,9.896379148551678995e+00,6.490544627867840255e+00,6.690002986399999827e+02,3.866246229732000188e+02,-1.104329728000150029e-01
1.339000000000000057e+01,3.409416485369187733e+00,9.910830858862686554e+00,6.501414373493497934e+00,6.695006509699999242e+02,3.866151627702000155e+02,-1.002882237999670051e-01
1.340000000000000213e+01,3.432488919979694852e+00,9.947547038442014156e+00,6.515058118462318859e+00,6.700041496379999444e+02,3.866558677052000235e+02,-1.173199367999619991e-01
1.341000000000000014e+01,3.414485831192699106e+00,9.930236376146826416e+00,6.515750544954126866e+00,6.704986313120000432e+02,3.866790656741999896e+02,-1.242918247999680037e-01
1.342000000000000171e+01,3.391391677472635369e+00,9.903737846516614596e+00,6.512346169043979671e+00,6.709869715259999339e+02,3.866519275082000036e+02,-1.040873137999849957e-01
1.342999999999999972e+01,3.365005455989102057e+00,9.871546656306703582e+00,6.506541200317601970e+00,6.714797926260000622e+02,3.866340278971999851e+02,-9.291445879996169943e-02
1.344000000000000128e+01,3.384417795861369260e+00,9.913245611736330787e+00,6.528827815874960194e+00,6.719805508659999305e+02,3.866525548522000122e+02,-1.058685097999950003e-01
1.344999999999999929e+01,3.408999999999999808e+00,9.957799921050911607e+00,6.548799921050911799e+00,6.724818777539999246e+02,3.866611192952000238e+02,-1.127872468000000045e-01
1.346000000000000085e+01,3.408999999999999808e+00,9.950760699385167385e+00,6.541760699385168465e+00,6.729845688200000495e+02,3.866457828822000238e+02,-1.026212458000090033e-01
1.347000000000000242e+01,3.368914512125565697e+00,9.933715270551010335e+00,6.564800758425445082e+00,6.734861769239998921e+02,3.866494154612000216e+02,-9.252240979996109727e-02
1.348000000000000043e+01,3.350660990821609619e+00,9.923773560367134650e+00,6.573112569545525474e+00,6.739769233899999108e+02,3.866854071051999995e+02,-1.035402917999860006e-01
1.349000000000000199e+01,3.363391790593110997e+00,9.923264328376275145e+00,6.559872537783165036e+00,6.744804487599999447e+02,3.867080985292000150e+02,-1.165084197999620014e-01
1.350000000000000000e+01,3.357562762482793062e+00,9.910217283662870358e+00,6.552654521180077296e+00,6.749885313479999240e+02,3.866860479512000097e+02,-1.093175508000139989e-01
1.351000000000000156e+01,3.333199974367508922e+00,9.884628527487157257e+00,6.551428553119648335e+00,6.754967524139999568e+02,3.866440224062000084e+02,-8.805608679999929467e-02
1.351999999999999957e+01,3.323690069424970250e+00,9.868325833299948613e+00,6.544635763874978807e+00,6.759818450319999101e+02,3.866386849461999873e+02,-8.192930379997109824e-02
1.353000000000000114e+01,3.325809271665703726e+00,9.861553132948792211e+00,6.535743861283087597e+00,6.764891931259999183e+02,3.866645959421999805e+02,-9.590794679998039529e-02
1.354000000000000270e+01,3.336883263355938212e+00,9.864584550790096884e+00,6.527701287434157784e+00,6.769908608920000006e+02,3.866671878171999879e+02,-9.780550379999050636e-02
1.355000000000000071e+01,3.355549675611469773e+00,9.881815085179818325e+00,6.526265409568348552e+00,6.775035617339999590e+02,3.866344184672000210e+02,-8.057572579999329465e-02
1.356000000000000227e+01,3.347450107902165684e+00,9.884999999999999787e+00,6.537549892097834103e+00,6.779978111559998979e+02,3.866265918381999995e+02,-7.643813679997579769e-02
1.357000000000000028e+01,3.332727099445068841e+00,9.884999999999999787e+00,6.552272900554930501e+00,6.785070422240000880e+02,3.866546100401999979e+02,-9.142380179996130452e-02
1.358000000000000185e+01,3.331999999999999851e+00,9.883645952685849778e+00,6.551645952685849927e+00,6.790156727940000110e+02,3.866756003071999999e+02,-1.013847728000100007e-01
1.358999999999999986e+01,3.325349862833129944e+00,9.879120753319325487e+00,6.553770890486195988e+00,6.795203033880000021e+02,3.866613797882000085e+02,-9.022227079998529353e-02
1.360000000000000142e+01,3.313691361374534683e+00,9.872319960801812400e+00,6.558628599427277273e+00,6.800006305740000698e+02,3.866517885572000068e+02,-7.708149480000760223e-02
1.360999999999999943e+01,3.312019400494304211e+00,9.875211800763924685e+00,6.563192400269620919e+00,6.804960558440000113e+02,3.866760066132000020e+02,-9.405683680000390123e-02
1.362000000000000099e+01,3.320502592028766742e+00,9.886601036811505594e+00,6.566098444782739740e+00,6.810053703900000528e+02,3.866850164641999754e+02,-1.039753877999950032e-01
1.363000000000000256e+01,3.333684204695803732e+00,9.891873681878321278e+00,6.558189477182517990e+00,6.814977619860001141e+02,3.866570938141999818e+02,-8.776723379997490582e-02
1.364000000000000057e+01,3.342563739239488907e+00,9.891451840925050476e+00,6.548888101685559349e+00,6.819751503820000380e+02,3.866463438022000219e+02,-7.162300380001250522e-02
1.365000000000000213e+01,3.335153871608596443e+00,9.867987260093888935e+00,6.532833388485292048e+00,6.824500375259999601e+02,3.866794161422000116e+02,-8.563413379996659414e-02
1.366000000000000014e+01,3.326239675321319922e+00,9.857556898101639931e+00,6.531317222780320009e+00,6.829685961699999552e+02,3.867019535992000101e+02,-1.015983937999860032e-01
1.367000000000000171e+01,3.318999999999999950e+00,9.855075618074664590e+00,6.536075618074666416e+00,6.834912255300000652e+02,3.866707243832000245e+02,-9.237189279997079505e-02
1.367999999999999972e+01,3.318999999999999950e+00,9.847192803867510946e+00,6.528192803867510996e+00,6.840029841079999642e+02,3.866369137781999825e+02,-7.113862480001230393e-02
1.369000000000000128e+01,3.318999999999999950e+00,9.840680986791912943e+00,6.521680986791913881e+00,6.844943566639999517e+02,3.866619374861999745e+02,-7.811764579996149926e-02
1.369999999999999929e+01,3.318999999999999950e+00,9.834030014617169968e+00,6.515030014617170018e+00,6.850119467859999531e+02,3.867014401431999886e+02,-9.614198879998990532e-02
1.371000000000000085e+01,3.336948741157442111e+00,9.849794892218548981e+00,6.512846151061106426e+00,6.855269910679999157e+02,3.866978055971999879e+02,-9.201456379997099977e-02
1.372000000000000242e+01,3.310766170388385721e+00,9.829325478864362253e+00,6.518559308475976088e+00,6.860406907280000723e+02,3.866650861901999860e+02,-7.678475279998500658e-02
1.373000000000000043e+01,3.271263182411223269e+00,9.797175454940814987e+00,6.525912272529592606e+00,6.865206774799999039e+02,3.866614604711999732e+02,-7.066514480001330478e-02
1.374000000000000199e+01,3.291670787865581094e+00,9.810780525243719907e+00,6.519109737378140146e+00,6.870093405699999494e+02,3.866813107582000271e+02,-8.062653580000329889e-02
1.375000000000000000e+01,3.318599844165484924e+00,9.829793430254481379e+00,6.511193586088995566e+00,6.875100101840000661e+02,3.866838421062000180e+02,-8.352410779999000501e-02
1.376000000000000156e+01,3.361963209984617063e+00,9.862665659181887534e+00,6.500702449197270028e+00,6.880094783580000239e+02,3.866723246401999745e+02,-7.437230379997529506e-02
1.376999999999999957e+01,3.326109565519431488e+00,9.819466087298303947e+00,6.493356521778872015e+00,6.884935465660000773e+02,3.866849331082000276e+02,-7.530910880000910024e-02
1.378000000000000114e+01,3.302353815521317237e+00,9.788235877014210828e+00,6.485882061492894479e+00,6.889759359760000734e+02,3.867094085452000058e+02,-9.228825880000419979e-02
1.379000000000000270e+01,3.330057800580532135e+00,9.806705200387021648e+00,6.476647399806489069e+00,6.894832234779998998e+02,3.867012892551999812e+02,-9.814680179997510578e-02
1.380000000000000071e+01,3.344067976866369474e+00,9.831170515583428582e+00,6.487102538717059552e+00,6.899960966460000691e+02,3.866655036331999895e+02,-8.690638280000960447e-02
1.381000000000000227e+01,3.356701961596734396e+00,9.855427766265728806e+00,6.498725804668994854e+00,6.904957928119999906e+02,3.866499926952000123e+02,-7.774043879999359419e-02
1.382000000000000028e+01,3.315851451633387903e+00,9.815504603194762367e+00,6.499653151561374465e+00,6.909740150679999715e+02,3.866772775762000265e+02,-8.273034979998919458e-02
1.383000000000000185e+01,3.293705799885827012e+00,9.790763798744094970e+00,6.497057998858268846e+00,6.914964514359999157e+02,3.867020679891999748e+02,-9.070164379997190662e-02
1.383999999999999986e+01,3.293136745550726996e+00,9.784504201057995232e+00,6.491367455507269568e+00,6.920278689100000520e+02,3.866923533231999954e+02,-8.754913179998440043e-02
1.385000000000000142e+01,3.286415063299457984e+00,9.782451255274954960e+00,6.496036191975496976e+00,6.925474445960001049e+02,3.866619761741999923e+02,-7.132627079996510522e-02
1.385999999999999943e+01,3.274951356685245063e+00,9.782000000000000028e+00,6.507048643314755410e+00,6.930270900259999962e+02,3.866643300791999991e+02,-6.822785479998040581e-02
1.387000000000000099e+01,3.255841693927068903e+00,9.782000000000000028e+00,6.526158306072931126e+00,6.935243403839999701e+02,3.866916678211999852e+02,-8.221377779998979840e-02
1.388000000000000256e+01,3.252458093809595496e+00,9.794014335379756631e+00,6.541556241570161134e+00,6.940410412020000877e+02,3.866941092572000116e+02,-8.610747280000889681e-02
1.389000000000000057e+01,3.279116532688943320e+00,9.827877757740010267e+00,6.548761225051066504e+00,6.945555697960000998e+02,3.866644172572000002e+02,-7.788820379997130061e-02
1.390000000000000213e+01,3.267610792833271827e+00,9.811159541679911555e+00,6.543548748846640173e+00,6.950354131439999037e+02,3.866457590191999998e+02,-7.171559179999849321e-02
1.391000000000000014e+01,3.255058051757793613e+00,9.793058051757792981e+00,6.538000000000000256e+00,6.955096710479999729e+02,3.866547635851999871e+02,-8.364193579999890105e-02
1.392000000000000171e+01,3.264242871911625876e+00,9.802242871911625244e+00,6.538000000000000256e+00,6.960142206059999808e+02,3.866595126092000214e+02,-8.854648179999480284e-02
1.392999999999999972e+01,3.282867564773711333e+00,9.823841077728452831e+00,6.540973512954742830e+00,6.965146299339999132e+02,3.866490540382000063e+02,-7.839819780000320537e-02
1.394000000000000128e+01,3.307665379324176591e+00,9.853598455189011673e+00,6.545933075864835082e+00,6.970050283759999274e+02,3.866560460442000249e+02,-7.031372079996579816e-02
1.394999999999999929e+01,3.294009417522138605e+00,9.847039700944915097e+00,6.553030283422777380e+00,6.974857329940000454e+02,3.866924837061999938e+02,-7.633537779999439998e-02
1.396000000000000085e+01,3.260508578180802086e+00,9.822680808507811889e+00,6.562172230327008471e+00,6.980077409680000073e+02,3.867072334402000138e+02,-8.427134279997479382e-02
1.397000000000000242e+01,3.288799274838333453e+00,9.858327086296300834e+00,6.569527811457966493e+00,6.985361323580000317e+02,3.866803432181999938e+02,-7.405886179998469321e-02
1.398000000000000043e+01,3.309004206922660174e+00,9.889558840208463764e+00,6.580554633285803590e+00,6.990524294859999372e+02,3.866547622162000266e+02,-6.485369679997070314e-02
1.399000000000000199e+01,3.316328723575219684e+00,9.912864120466608142e+00,6.596535396891388459e+00,6.995279429419999815e+02,3.866768630921999943e+02,-7.582595979999440239e-02
1.400000000000000000e+01,3.286552655720520022e+00,9.879641793739958544e+00,6.593089138019438522e+00,7.000301288380001097e+02,3.867054736132000130e+02,-9.281529479999049703e-02
1.401000000000000156e+01,3.256717671252271185e+00,9.845114056925872603e+00,6.588396385673600975e+00,7.005525618340000165e+02,3.866952318442000092e+02,-9.366294779996689468e-02
1.401999999999999957e+01,3.275557567190911179e+00,9.868301621158044767e+00,6.592744053967133588e+00,7.010700276640000084e+02,3.866667233211999815e+02,-8.144717479996629872e-02
1.403000000000000114e+01,3.274914982253744000e+00,9.859352811509626946e+00,6.584437829255883834e+00,7.015537803639999765e+02,3.866673120141999789e+02,-7.734161080000380439e-02
1.404000000000000270e+01,3.265854942694702778e+00,9.837900744986914248e+00,6.572045802292212358e+00,7.020313469000000168e+02,3.866885391042000037e+02,-8.531031479998589517e-02
1.405000000000000071e+01,3.252084505853022112e+00,9.824681125618901945e+00,6.572596619765879389e+00,7.025457336859999486e+02,3.866788749912000185e+02,-7.616173079997050344e-02
1.406000000000000227e+01,3.254310021971160705e+00,9.834344320240393955e+00,6.580034298269234583e+00,7.030619733720000113e+02,3.866542994132000217e+02,-6.496011280000280053e-02
1.407000000000000028e+01,3.299736952845428117e+00,9.905729497328529476e+00,6.605992544483101803e+00,7.035769047680000767e+02,3.866526439631999779e+02,-6.583972779997940283e-02
1.408000000000000185e+01,3.288195574526656451e+00,9.892773357296828607e+00,6.604577782770173044e+00,7.040495368760000474e+02,3.866725806342000169e+02,-7.580498979997020437e-02
1.408999999999999986e+01,3.268013012396495665e+00,9.867279594606099380e+00,6.599266582209604159e+00,7.045455290180000247e+02,3.866868644022000012e+02,-7.874506580001390532e-02
1.410000000000000142e+01,3.317314786838391871e+00,9.899101833446311005e+00,6.581787046607918690e+00,7.050432035100000121e+02,3.866892247531999942e+02,-8.164270079999889906e-02
1.410999999999999943e+01,3.346892276668809174e+00,9.920216633057876265e+00,6.573324356389067979e+00,7.055340029359999789e+02,3.866891964312000027e+02,-8.253342479997580194e-02
1.412000000000000099e+01,3.354358161045172260e+00,9.928304674465604052e+00,6.573946513420430904e+00,7.060124801080000907e+02,3.866944708011999978e+02,-8.444560479998579339e-02
1.413000000000000256e+01,3.317612853383330229e+00,9.873168527719107246e+00,6.555555674335776573e+00,7.065191397440000856e+02,3.866973476712000206e+02,-8.634305679999410010e-02
1.414000000000000057e+01,3.283219646060438368e+00,9.821176838132460674e+00,6.537957192072021861e+00,7.070496169519999512e+02,3.866865599981999821e+02,-8.818700080000499431e-02
1.415000000000000213e+01,3.309733298129104107e+00,9.855572927302620911e+00,6.545839629173517693e+00,7.075613510480000059e+02,3.866707276242000262e+02,-8.101725779999950638e-02
1.416000000000000014e+01,3.321610223251319383e+00,9.860744409306475333e+00,6.539134186055155062e+00,7.080522624719999385e+02,3.866687343181999950e+02,-7.290096579996059589e-02
1.417000000000000171e+01,3.327996919797437059e+00,9.854848997110057240e+00,6.526852077312621070e+00,7.085380413279999630e+02,3.866864662642000212e+02,-6.885543379999910230e-02
1.417999999999999972e+01,3.294211292218351073e+00,9.811530544951422073e+00,6.517319252733071444e+00,7.090648701780000920e+02,3.867044960971999785e+02,-7.680189879997989522e-02
1.419000000000000128e+01,3.276606942783731657e+00,9.785971883352049261e+00,6.509364940568317159e+00,7.095920677179999529e+02,3.866985222111999860e+02,-8.066356879999879437e-02
1.419999999999999929e+01,3.296515815378887382e+00,9.798347669019308981e+00,6.501831853640420711e+00,7.100945572719999745e+02,3.866691692872000203e+02,-6.544812880001260602e-02
1.421000000000000085e+01,3.295336184985498740e+00,9.784950385386457228e+00,6.489614200400956712e+00,7.105610795479999524e+02,3.866557637981999846e+02,-5.829700580000789917e-02
1.422000000000000242e+01,3.279918060092663179e+00,9.753006303069795990e+00,6.473088242977131479e+00,7.110570171340000343e+02,3.866710071261999815e+02,-7.224055079996109796e-02
1.423000000000000043e+01,3.270822012509401411e+00,9.753705999037737939e+00,6.482883986528336528e+00,7.115566901499998949e+02,3.866734532511999873e+02,-8.313809579998590604e-02
1.424000000000000199e+01,3.290217088129515854e+00,9.780312699880116867e+00,6.490095611750602345e+00,7.120557317059999605e+02,3.866518668822000109e+02,-8.195091480000879502e-02
1.425000000000000000e+01,3.329301743091950705e+00,9.824608642170877815e+00,6.495306899078927110e+00,7.125423933439999473e+02,3.866365921572000275e+02,-7.878874279996560259e-02
1.426000000000000156e+01,3.330408224616984381e+00,9.821844172433136677e+00,6.491435947816152741e+00,7.130316261919999761e+02,3.866464622921999990e+02,-8.771478979997990311e-02
1.426999999999999957e+01,3.318529387380959594e+00,9.805186223710331106e+00,6.486656836329372844e+00,7.135406548599999041e+02,3.866604780952000056e+02,-9.365103980000920314e-02
1.428000000000000114e+01,3.324590603696768731e+00,9.817813757701600252e+00,6.493223154004832409e+00,7.140400958879999962e+02,3.866669811962000267e+02,-8.656283280000430513e-02
1.429000000000000270e+01,3.341896218846094779e+00,9.836825690549405365e+00,6.494929471703311030e+00,7.145383664379999118e+02,3.866764400421999994e+02,-7.448528180000299481e-02
1.430000000000000071e+01,3.389631298835924067e+00,9.873195275303560337e+00,6.483563976467636714e+00,7.150378388720000657e+02,3.866999406461999911e+02,-7.645709480001379454e-02
1.431000000000000227e+01,3.333788341780918429e+00,9.830182174645486270e+00,6.496393832864567841e+00,7.155719981059999100e+02,3.867123827922000032e+02,-8.338220879996209589e-02
1.432000000000000028e+01,3.281961604353976103e+00,9.791020836441056474e+00,6.509059232087079927e+00,7.160937166080000225e+02,3.866971098242000267e+02,-7.921223779999950199e-02
1.433000000000000185e+01,3.317185694471181279e+00,9.826949408360604821e+00,6.509763713889423542e+00,7.165968073260000892e+02,3.866747742512000059e+02,-7.202147379999450372e-02
1.433999999999999986e+01,3.339896106848206259e+00,9.848588574026422293e+00,6.508692467178215146e+00,7.170767949660000795e+02,3.866711344202000191e+02,-6.990184179998530645e-02
1.435000000000000142e+01,3.347954466482700564e+00,9.858757302082292284e+00,6.510802835599591276e+00,7.175707342499999868e+02,3.866862884462000238e+02,-7.684547079998900465e-02
1.435999999999999943e+01,3.314133039878472520e+00,9.846210643825884290e+00,6.532077603947412214e+00,7.180801616819999253e+02,3.866933192011999836e+02,-8.175698179998459880e-02
1.437000000000000099e+01,3.300374669661818583e+00,9.845713511530622242e+00,6.545338841868804103e+00,7.185830259619999651e+02,3.866749524041999848e+02,-8.158031579998480110e-02
1.438000000000000256e+01,3.324430762785916649e+00,9.867870439408081396e+00,6.543439676622164747e+00,7.190698844080000072e+02,3.866386831762000043e+02,-7.034397779996100220e-02
1.439000000000000057e+01,3.315006175523997456e+00,9.858390632561842892e+00,6.543384457037846325e+00,7.195416265460000886e+02,3.866215692101999934e+02,-6.317860980001330229e-02
1.440000000000000213e+01,3.294167382886879381e+00,9.838086167941062499e+00,6.543918785054182230e+00,7.200406144759999734e+02,3.866360133911999810e+02,-6.911860479998480078e-02
1.441000000000000014e+01,3.283932733324717912e+00,9.821454405539043364e+00,6.537521672214325008e+00,7.205370361220000177e+02,3.866603201981999973e+02,-7.709397979996640560e-02
1.442000000000000171e+01,3.313241361808362928e+00,9.845324182474209707e+00,6.532082820665848111e+00,7.210489147319999574e+02,3.866595027032000189e+02,-7.497721080001290561e-02
1.442999999999999972e+01,3.390449213340469559e+00,9.920463900984723082e+00,6.530014687644253968e+00,7.215519769719999204e+02,3.866552088651999952e+02,-6.385007979998920391e-02
1.444000000000000128e+01,3.351491052298665174e+00,9.882544624237366904e+00,6.531053571938702618e+00,7.220655980799999725e+02,3.866765052952000019e+02,-6.781098180000899589e-02
1.444999999999999929e+01,3.316769878517337400e+00,9.848710657092928145e+00,6.531940778575589412e+00,7.225725476319998961e+02,3.867093978112000059e+02,-8.381435779997149782e-02
1.446000000000000085e+01,3.326526565674541747e+00,9.857716829853423235e+00,6.531190264178881044e+00,7.230672835559998930e+02,3.867105958532000045e+02,-8.470853280000459340e-02
1.447000000000000242e+01,3.374766738901450402e+00,9.899454085259870695e+00,6.524687346358420292e+00,7.235683755279999332e+02,3.866881780342000070e+02,-6.851786479998489554e-02
1.448000000000000043e+01,3.405696600180967426e+00,9.922868577632430132e+00,6.517171977451462261e+00,7.240711552200000369e+02,3.866888372281999864e+02,-6.840834279998420087e-02
1.449000000000000199e+01,3.373229853624884367e+00,9.884641601848654702e+00,6.511411748223769891e+00,7.245889441480001096e+02,3.867073136302000194e+02,-8.735846579998969574e-02
1.450000000000000000e+01,3.354259097043780447e+00,9.861481805912438503e+00,6.507222708868658501e+00,7.250806559860000107e+02,3.866913043641999934e+02,-9.019261779997610196e-02
1.451000000000000156e+01,3.354936289787047166e+00,9.860127420425905953e+00,6.505191130638858787e+00,7.255642588020000403e+02,3.866418777481999882e+02,-6.491049279999820676e-02
1.451999999999999957e+01,3.381360624094038148e+00,9.886792765472629085e+00,6.505432141378590494e+00,7.260370547580000675e+02,3.866238471092000282e+02,-5.074161079998940060e-02
1.453000000000000114e+01,3.412029656505240371e+00,9.917964568906965539e+00,6.505934912401725612e+00,7.265341915639999115e+02,3.866531745312000226e+02,-6.673459180000800017e-02
1.454000000000000270e+01,3.374579289501761448e+00,9.863209314131532679e+00,6.488630024629770787e+00,7.270389426340000227e+02,3.866719400662000226e+02,-7.668857679999989407e-02
1.455000000000000071e+01,3.357385920914422339e+00,9.853084281517652698e+00,6.495698360603230803e+00,7.275451981359999536e+02,3.866468015542000103e+02,-6.348718079996600039e-02
1.456000000000000227e+01,3.363350479632757573e+00,9.886702703384631974e+00,6.523352223751873957e+00,7.280515678560000197e+02,3.866196627781999950e+02,-5.127870879996530157e-02
1.457000000000000028e+01,3.365000000000000213e+00,9.889004426688774885e+00,6.524004426688774672e+00,7.285484448199999861e+02,3.866359932252000249e+02,-5.622582179996010038e-02
1.458000000000000185e+01,3.355634668153452793e+00,9.876012328819420816e+00,6.520377660665968023e+00,7.290659783880000759e+02,3.866764871941999786e+02,-7.625368779999859570e-02
1.458999999999999986e+01,3.325884860200973847e+00,9.856991959800621927e+00,6.531107099599648969e+00,7.295750057239999933e+02,3.866905241651999745e+02,-7.618997379999889463e-02
1.460000000000000142e+01,3.328642281023872940e+00,9.871162606884427149e+00,6.542520325860553321e+00,7.300944981539998935e+02,3.866791518392000171e+02,-6.603422080000780070e-02
1.460999999999999943e+01,3.415244309496642483e+00,9.970136353710449484e+00,6.554892044213805669e+00,7.306042096880000827e+02,3.866812048662000052e+02,-6.692808079998549542e-02
1.462000000000000099e+01,3.396459147135141077e+00,9.950402884818121407e+00,6.553943737682980775e+00,7.311018583659999877e+02,3.867015646162000166e+02,-7.788927680000880260e-02
1.463000000000000256e+01,3.373086764111673297e+00,9.926906420571441458e+00,6.553819656459768161e+00,7.315843281459999616e+02,3.867070810942000207e+02,-7.580139679999929603e-02
1.464000000000000057e+01,3.304964004079115725e+00,9.868226419355279333e+00,6.563262415276162720e+00,7.320659956940000939e+02,3.866915566541999851e+02,-6.263938979996530598e-02
1.465000000000000213e+01,3.312181466048788270e+00,9.882538574321436897e+00,6.570357108272649072e+00,7.325584184740000637e+02,3.866806350351999981e+02,-5.449126179998459857e-02
1.466000000000000014e+01,3.367596393711760783e+00,9.943396039522736984e+00,6.575799645810977090e+00,7.330476499900000817e+02,3.866905263382000157e+02,-5.741734479997039758e-02
1.467000000000000171e+01,3.363499591046355430e+00,9.935851962908692769e+00,6.572352371862338671e+00,7.335556816159999016e+02,3.867044639741999958e+02,-6.935357979997000544e-02
1.467999999999999972e+01,3.326401922786852428e+00,9.891501848833511801e+00,6.565099926046659817e+00,7.340583755679999740e+02,3.866890816971999811e+02,-7.218750080001279379e-02
1.469000000000000128e+01,3.313257351129768047e+00,9.878862837624776461e+00,6.565605486495009302e+00,7.345582705399999668e+02,3.866525445042000229e+02,-6.394733679997480214e-02
1.469999999999999929e+01,3.323481577536411269e+00,9.888935402135439645e+00,6.565453824599028820e+00,7.350458728880000763e+02,3.866383357302000263e+02,-5.778869680000300185e-02
1.471000000000000085e+01,3.428322381028164223e+00,9.990980450867413154e+00,6.562658069839248931e+00,7.355450051099999200e+02,3.866677983182000276e+02,-6.778167179999460001e-02
1.472000000000000242e+01,3.410208027038255540e+00,9.979482662441752083e+00,6.569274635403496987e+00,7.360621091739999429e+02,3.866982692482000061e+02,-8.277423879998009604e-02
1.473000000000000043e+01,3.354377731834008003e+00,9.933143517422227120e+00,6.578765785588218229e+00,7.365834863540001152e+02,3.866889759041999923e+02,-8.162545980000460166e-02
1.474000000000000199e+01,3.360707442676662993e+00,9.946772598463603288e+00,6.586065155786940295e+00,7.370903107260000979e+02,3.866538713521999853e+02,-6.338874379997450070e-02
1.475000000000000000e+01,3.379947377080609439e+00,9.969235597219627820e+00,6.589288220139018826e+00,7.375739485419999255e+02,3.866564708931999803e+02,-5.529027379999450209e-02
1.476000000000000156e+01,3.415544487780666660e+00,1.000313760741015834e+01,6.587593119629492122e+00,7.380705721439999252e+02,3.866947871552000038e+02,-7.031507579998000357e-02
1.476999999999999957e+01,3.382383529127919175e+00,9.964821882040711287e+00,6.582438352912792112e+00,7.385701022420000754e+02,3.867172788071999889e+02,-7.528333579997580072e-02
1.478000000000000114e+01,3.336435579488899794e+00,9.913323105095713572e+00,6.576887525606814222e+00,7.390696846339999411e+02,3.867037610771999994e+02,-6.712445579999459788e-02
1.479000000000000270e+01,3.373575977380092628e+00,9.949968297681690999e+00,6.576392320301598815e+00,7.395593405059998986e+02,3.866886714611999878e+02,-5.996224479998950307e-02
1.480000000000000071e+01,3.404351347319324539e+00,9.983299741470577970e+00,6.578948394151253432e+00,7.400349948820000918e+02,3.866907585622000170e+02,-6.786384679997059521e-02
1.481000000000000227e+01,3.411944737567194075e+00,1.000746052862288948e+01,6.595515791055695409e+00,7.405279638259999047e+02,3.866878209102000028e+02,-7.674387579998520614e-02
1.482000000000000028e+01,3.385828798355054126e+00,9.982021879213844429e+00,6.596193080858791191e+00,7.410169063139999253e+02,3.866676824552000085e+02,-6.956401079997930059e-02
1.483000000000000185e+01,3.346878903122135984e+00,9.937808484625128003e+00,6.590929581502991574e+00,7.415084438280000541e+02,3.866547212131999913e+02,-5.740885779997979832e-02
1.483999999999999986e+01,3.382394730290450457e+00,9.984425667264767768e+00,6.602030936974316866e+00,7.420043794159998924e+02,3.866699962931999721e+02,-6.235245679997580143e-02
1.485000000000000142e+01,3.408638679214103906e+00,1.001740479555331298e+01,6.608766116339209518e+00,7.425302675559998988e+02,3.866869601751999994e+02,-7.329538979999840331e-02
1.485999999999999943e+01,3.395969999300116005e+00,9.999457499008498118e+00,6.603487499708381669e+00,7.430522138280000490e+02,3.866676972632000115e+02,-6.811128480000319674e-02
1.487000000000000099e+01,3.357738656259052767e+00,9.945907439998448396e+00,6.588168783739395629e+00,7.435599802419999378e+02,3.866336374942000020e+02,-5.287806479996119691e-02
1.488000000000000256e+01,3.305117328138666544e+00,9.871034199388303065e+00,6.565916871249635633e+00,7.440511203240000668e+02,3.866276401321999856e+02,-4.774761479996510183e-02
1.489000000000000057e+01,3.344967462639619526e+00,9.909821663635897337e+00,6.564854200996276923e+00,7.445473133119999147e+02,3.866559509951999871e+02,-5.273714779996049873e-02
1.490000000000000213e+01,3.372646663298490388e+00,9.934382928213706165e+00,6.561736264915214889e+00,7.450705193960000088e+02,3.866848024632000147e+02,-5.772257880001219893e-02
1.491000000000000014e+01,3.354672989198442590e+00,9.907062943581633974e+00,6.552389954383190052e+00,7.455839401020000423e+02,3.866920647421999888e+02,-6.163401179997499840e-02
1.492000000000000171e+01,3.352420237591624996e+00,9.898377386492125396e+00,6.545957148900500400e+00,7.460758227119999901e+02,3.866730639002000203e+02,-6.345756479998419797e-02
1.492999999999999972e+01,3.352903009117831790e+00,9.893066899703852002e+00,6.540163890586020656e+00,7.465531841419999637e+02,3.866452458251999929e+02,-5.825319479998940231e-02
1.494000000000000128e+01,3.379986105795351747e+00,9.910725053000856377e+00,6.530738947205504630e+00,7.470423851400000785e+02,3.866381255132000092e+02,-5.611923379998030176e-02
1.494999999999999929e+01,3.394730797491164243e+00,9.914331017025290294e+00,6.519600219534125607e+00,7.475418595720000212e+02,3.866615943652000169e+02,-6.709099280000410670e-02
1.496000000000000085e+01,3.374657272322398427e+00,9.882107726622797017e+00,6.507450454300399478e+00,7.480351720999999543e+02,3.866877269112000022e+02,-7.507350079998560688e-02
1.497000000000000242e+01,3.360016681871248689e+00,9.869315261306146780e+00,6.509298579434898535e+00,7.485341277360000731e+02,3.866851877011999932e+02,-6.795349979998069334e-02
1.498000000000000043e+01,3.354895438301117139e+00,9.879824126129703288e+00,6.524928687828586149e+00,7.490318834859999697e+02,3.866685749811999813e+02,-5.578408079997990154e-02
1.499000000000000199e+01,3.425232157684008349e+00,9.924136259340926358e+00,6.498904101656917121e+00,7.495341782299999522e+02,3.866601848081999719e+02,-5.764275279998880286e-02
1.500000000000000000e+01,3.429596361945272509e+00,9.914660587692415206e+00,6.485064225747142252e+00,7.500246942199999012e+02,3.866651236302000143e+02,-6.555110979997129383e-02
1.501000000000000156e+01,3.392176138331152391e+00,9.870666541010947981e+00,6.478490402679796922e+00,7.505247061160000612e+02,3.866616289391999999e+02,-6.242752879998469950e-02
1.501999999999999957e+01,3.389302352315831435e+00,9.853999999999999204e+00,6.464697647684168658e+00,7.510369821580000007e+02,3.866538475642000208e+02,-5.328605679997090033e-02
1.503000000000000114e+01,3.412183499270038389e+00,9.858310622106344567e+00,6.446127122836306178e+00,7.515620983619999151e+02,3.866667856711999889e+02,-5.721491279998899837e-02
1.504000000000000270e+01,3.448244102171815761e+00,9.875237027550037183e+00,6.426992925378219645e+00,7.520876476220000768e+02,3.866896903691999796e+02,-8.217897179996609680e-02
1.505000000000000071e+01,3.430430508582010152e+00,9.860712833010905953e+00,6.430282324428895357e+00,7.525776470359999166e+02,3.866685858491999852e+02,-8.199550879996619912e-02
1.506000000000000227e+01,3.406349468986989315e+00,9.842529190867725930e+00,6.436179721880737503e+00,7.530635894760000610e+02,3.866132689112000094e+02,-6.069210780000759697e-02
1.507000000000000028e+01,3.402398954485738258e+00,9.831585362800336014e+00,6.429186408314598644e+00,7.535604038500000570e+02,3.865956008242000053e+02,-4.851917480000780131e-02
1.508000000000000185e+01,3.421082877352490392e+00,9.837813209789636915e+00,6.416730332437146522e+00,7.540616203360000327e+02,3.866411906572000134e+02,-6.356861679999339931e-02
1.508999999999999986e+01,3.464673318654959200e+00,9.864797768691165203e+00,6.400124450036206447e+00,7.545557344300000295e+02,3.866883747051999762e+02,-7.962526980001370658e-02
1.510000000000000142e+01,3.444821538689991858e+00,9.832278170848635312e+00,6.387456632158643899e+00,7.550387728579999020e+02,3.866839286712000217e+02,-7.150207579997509832e-02
1.510999999999999943e+01,3.430386015841697667e+00,9.807286598514959763e+00,6.376900582673262541e+00,7.555366684180000902e+02,3.866473198162000244e+02,-5.126202579999319942e-02
1.512000000000000099e+01,3.442239798744254564e+00,9.818646473796576402e+00,6.376406675052322726e+00,7.560250411479999002e+02,3.866371615131999988e+02,-4.511750479996429891e-02
1.513000000000000256e+01,3.450374564630230623e+00,9.823123693890691399e+00,6.372749129260461665e+00,7.565238897120000274e+02,3.866715947732000132e+02,-6.112811879998499703e-02
1.514000000000000057e+01,3.442105700175107863e+00,9.798317100525324008e+00,6.356211400350216145e+00,7.570159758740001053e+02,3.867016637922000086e+02,-6.912478779996629463e-02
1.515000000000000213e+01,3.439999999999999947e+00,9.786304431414771798e+00,6.346304431414772296e+00,7.575212067439999828e+02,3.866944747361999930e+02,-6.198698579996109875e-02
1.516000000000000014e+01,3.439999999999999947e+00,9.778439877334092145e+00,6.338439877334090866e+00,7.580458065939999415e+02,3.866813659732000019e+02,-5.882401579997489915e-02
1.517000000000000171e+01,3.473283862493693253e+00,9.819937666742053040e+00,6.346653804248360231e+00,7.585505275900000015e+02,3.866831128371999853e+02,-6.571794479997959681e-02
1.517999999999999972e+01,3.486958058807914540e+00,9.834662622516487929e+00,6.347704563708574277e+00,7.590399314320000030e+02,3.866899878681999780e+02,-7.463338679999509395e-02
1.519000000000000128e+01,3.481021107413611926e+00,9.822293973778357667e+00,6.341272866364746186e+00,7.595291330959998959e+02,3.866828569721999997e+02,-7.549940779997039997e-02
1.519999999999999929e+01,3.464038975980296087e+00,9.811591255572725601e+00,6.347552279592429514e+00,7.600404383539998889e+02,3.866569909752000171e+02,-6.629434780001329519e-02
1.521000000000000085e+01,3.441654387214141853e+00,9.807176423451151592e+00,6.365522036237010184e+00,7.605539982039999813e+02,3.866442677032000006e+02,-5.913516780000849932e-02
1.522000000000000242e+01,3.455070601521826656e+00,9.832935554921908405e+00,6.377864953400080417e+00,7.610551532100000713e+02,3.866558413622000216e+02,-6.206453379999320175e-02
1.523000000000000043e+01,3.464999999999999858e+00,9.850085992749537667e+00,6.385085992749536921e+00,7.615503190819999872e+02,3.866670553871999800e+02,-6.999399579997529763e-02
1.524000000000000199e+01,3.464999999999999858e+00,9.842598128101409216e+00,6.377598128101409358e+00,7.620364372199999252e+02,3.866437543591999884e+02,-6.180359479999419925e-02
1.525000000000000000e+01,3.454459809357417033e+00,9.831675985200790890e+00,6.377216175843375190e+00,7.625410379620000185e+02,3.866125116412000011e+02,-4.858103079996080320e-02
1.526000000000000156e+01,3.441271643509522526e+00,9.820009530796884434e+00,6.378737887287362796e+00,7.630425908439999603e+02,3.866171143642000061e+02,-4.648568180000860195e-02
1.526999999999999957e+01,3.461730718530284356e+00,9.823828389366738634e+00,6.362097670836455165e+00,7.635452046899999914e+02,3.866557726202000254e+02,-6.151035779999400321e-02
1.528000000000000114e+01,3.475140804615098666e+00,9.825140804615097423e+00,6.349999999999999645e+00,7.640485029559999930e+02,3.866824434042000007e+02,-7.849260179999030529e-02
1.529000000000000270e+01,3.468158441116863777e+00,9.818158441116862534e+00,6.349999999999999645e+00,7.645500840940001126e+02,3.866690079201999879e+02,-7.933362579996680597e-02
1.530000000000000071e+01,3.455582513409110490e+00,9.810479606436373956e+00,6.354897093027262578e+00,7.650459840159999203e+02,3.866322674272000199e+02,-6.409358779998020061e-02
1.531000000000000227e+01,3.441945583965845490e+00,9.804905878170625755e+00,6.362960294204778933e+00,7.655303616959999999e+02,3.866219058241999846e+02,-5.094919280000340112e-02
1.532000000000000028e+01,3.467009667574794118e+00,9.829458449869187930e+00,6.362448782294392480e+00,7.660361414359999799e+02,3.866577435012000024e+02,-6.496320680001339831e-02
1.533000000000000185e+01,3.484431559495003050e+00,9.847619354026303284e+00,6.363187794531299346e+00,7.665451436240000476e+02,3.866897692872000221e+02,-7.596303579997989996e-02
1.533999999999999986e+01,3.449271336711490665e+00,9.821600789166502921e+00,6.372329452455012699e+00,7.670473221520001061e+02,3.866834111301999997e+02,-6.782883779999919482e-02
1.535000000000000142e+01,3.463948545803741563e+00,9.826718866488182158e+00,6.362770320684440151e+00,7.675433659220000209e+02,3.866616961002000039e+02,-5.464179179996619951e-02
1.535999999999999943e+01,3.499845401366466380e+00,9.848270137147832060e+00,6.348424735781365236e+00,7.680307418320001034e+02,3.866514561021999725e+02,-5.549724979999930141e-02
1.537000000000000099e+01,3.540224739639795004e+00,9.882188781297427838e+00,6.341964041657632833e+00,7.685335241880000012e+02,3.866520729601999733e+02,-6.738765579999909938e-02
1.538000000000000256e+01,3.550252906851335322e+00,9.886118459158765859e+00,6.335865552307430093e+00,7.690338789600000382e+02,3.866425739492000275e+02,-6.824284079997509911e-02
1.539000000000000057e+01,3.511534249838316413e+00,9.841795785999126522e+00,6.330261536160809221e+00,7.695376258419998976e+02,3.866262891111999807e+02,-6.007327179999370076e-02
1.540000000000000213e+01,3.493086120947852979e+00,9.823588510331727974e+00,6.330502389383874551e+00,7.700392361659999096e+02,3.866298864102000152e+02,-5.997437579999329721e-02
1.541000000000000014e+01,3.502884662778734004e+00,9.841785802303363084e+00,6.338901139524629968e+00,7.705390519200000199e+02,3.866473756382000033e+02,-6.792494279997489393e-02
1.542000000000000171e+01,3.523490388414345809e+00,9.868182162973885951e+00,6.344691774559541031e+00,7.710452010159999645e+02,3.866591990122000198e+02,-8.085414380000900680e-02
1.542999999999999972e+01,3.533208475260149140e+00,9.876730005911641186e+00,6.343521530651492490e+00,7.715442423500001041e+02,3.866376161712000226e+02,-7.866696879999900138e-02
1.544000000000000128e+01,3.508920865713303527e+00,9.829467630577239490e+00,6.320546764863935962e+00,7.720490713060000871e+02,3.866023764532000087e+02,-6.643025879999919781e-02
1.544999999999999929e+01,3.501999999999999780e+00,9.811358532621385464e+00,6.309358532621383908e+00,7.725541316260000713e+02,3.865981754452000132e+02,-6.130304980000399889e-02
1.546000000000000085e+01,3.501999999999999780e+00,9.804858604311659676e+00,6.302858604311658119e+00,7.730599672539999574e+02,3.866330323941999723e+02,-7.031355879996130376e-02
1.547000000000000242e+01,3.502431762435685769e+00,9.813930536020773587e+00,6.311498773585086930e+00,7.735537092859999575e+02,3.866691879791999895e+02,-8.333136579999569915e-02
1.548000000000000043e+01,3.502919700206525988e+00,9.825153104750091515e+00,6.322233404543565527e+00,7.740361790659999315e+02,3.866747044571999936e+02,-8.124348579998490194e-02
1.549000000000000199e+01,3.507880808676397066e+00,9.832768228435741165e+00,6.324887419759344986e+00,7.745299422079999658e+02,3.866578496291999727e+02,-7.307412680000480165e-02
1.550000000000000000e+01,3.513692176706292969e+00,9.839636208834710018e+00,6.325944032128416161e+00,7.750233065859999897e+02,3.866479798491999986e+02,-6.592950679999959318e-02
1.551000000000000156e+01,3.530858167652155544e+00,9.857532494358240527e+00,6.326674326706085871e+00,7.755309957800000120e+02,3.866679147492000084e+02,-7.588696379999060326e-02
1.551999999999999957e+01,3.524297331793838861e+00,9.847180584696113570e+00,6.322883252902275153e+00,7.760381733239998994e+02,3.866968137932000218e+02,-9.187619980001020259e-02
1.553000000000000114e+01,3.497701680143578962e+00,9.813138150583780472e+00,6.315436470440201511e+00,7.765349059959999067e+02,3.866981258331999811e+02,-9.277033279998650461e-02
1.554000000000000270e+01,3.497959583809628459e+00,9.806824391282107811e+00,6.308864807472478908e+00,7.770381668200000149e+02,3.866728092682000124e+02,-8.156898779996189786e-02
1.555000000000000071e+01,3.511083161384131124e+00,9.813890933052993759e+00,6.302807771668862635e+00,7.775372633760000554e+02,3.866502562832000081e+02,-7.137832579997140103e-02
1.556000000000000227e+01,3.546110781753883945e+00,9.845629315956079708e+00,6.299518534202196207e+00,7.780388752540000041e+02,3.866538288862000172e+02,-7.827938779997589691e-02
1.557000000000000028e+01,3.569027502128698348e+00,9.865625549336307643e+00,6.296598047207608850e+00,7.785389757759999156e+02,3.866663298021999822e+02,-8.521228579998059438e-02
1.558000000000000185e+01,3.536717646673800619e+00,9.828267278966581699e+00,6.291549632292781524e+00,7.790381598480000775e+02,3.866597900642000241e+02,-8.007813279998579614e-02
1.558999999999999986e+01,3.511257582159871493e+00,9.796515164319743008e+00,6.285257582159871959e+00,7.795397944320000079e+02,3.866454126602000088e+02,-6.491571779999910641e-02
1.560000000000000142e+01,3.502205190972508930e+00,9.778410381945018770e+00,6.276205190972508952e+00,7.800370692720000534e+02,3.866547721712000225e+02,-6.483811579999980423e-02
1.560999999999999943e+01,3.527242212117955411e+00,9.790621106058978285e+00,6.263378893941021985e+00,7.805475278159999561e+02,3.866788362602000007e+02,-8.480958979998119707e-02
1.562000000000000099e+01,3.551089315967031812e+00,9.801777766166280159e+00,6.250688450199247903e+00,7.810529325659999813e+02,3.866686062361999916e+02,-9.066110480000899585e-02
1.563000000000000256e+01,3.521555521533259903e+00,9.762140305215691427e+00,6.240584783682431969e+00,7.815652629000001070e+02,3.866247837271999970e+02,-7.739243879997580178e-02
1.564000000000000057e+01,3.504944245988154794e+00,9.738959714222943376e+00,6.234015468234788138e+00,7.820743997500001115e+02,3.866018094202000270e+02,-6.519804379997480581e-02
1.565000000000000213e+01,3.493140373433126111e+00,9.721962137743702215e+00,6.228821764310575659e+00,7.825672004059999836e+02,3.866369096381999952e+02,-7.821233680000870547e-02
1.566000000000000014e+01,3.494767203154383495e+00,9.733301609463151038e+00,6.238534406308767544e+00,7.830568667959998947e+02,3.866918244102000131e+02,-1.022973058000099938e-01
1.567000000000000171e+01,3.497656617375493493e+00,9.750189001078393147e+00,6.252532383702899210e+00,7.835369993940000768e+02,3.867031924021999885e+02,-1.072306358000049975e-01
1.567999999999999972e+01,3.485473371976043122e+00,9.743589743153691529e+00,6.258116371177647075e+00,7.840389458919999015e+02,3.866658061191999991e+02,-8.898695479997660585e-02
1.569000000000000128e+01,3.490335645061529490e+00,9.752547321967268701e+00,6.262211676905738322e+00,7.845392111500000283e+02,3.866403256131999910e+02,-7.578568479999960028e-02
1.569999999999999929e+01,3.533880533931878620e+00,9.796783399549845228e+00,6.262902865617966164e+00,7.850328088900000694e+02,3.866614627911999946e+02,-8.475051180001380580e-02
1.571000000000000085e+01,3.556869306493488203e+00,9.830811559354129869e+00,6.273942252860640778e+00,7.855279478380000455e+02,3.866906938551999815e+02,-9.574356479998200053e-02
1.572000000000000242e+01,3.576328472484093801e+00,9.862892887068371195e+00,6.286564414584276506e+00,7.860190870320000158e+02,3.866847106051999958e+02,-8.661313879996709875e-02
1.573000000000000043e+01,3.526802256207761221e+00,9.820829940338674291e+00,6.294027684130913514e+00,7.865323881500000880e+02,3.866589727182000047e+02,-7.340806079999100120e-02
1.574000000000000199e+01,3.477772050055464081e+00,9.779001578450332133e+00,6.301229528394867607e+00,7.870397308740000426e+02,3.866498832841999729e+02,-7.126311679998109661e-02
1.575000000000000000e+01,3.503780567547930325e+00,9.812742357900019030e+00,6.308961790352087817e+00,7.875417154799999935e+02,3.866644737661999898e+02,-8.420300680001439886e-02
1.576000000000000156e+01,3.513999999999999790e+00,9.829722272219031609e+00,6.315722272219032263e+00,7.880549660799999856e+02,3.866747170372000255e+02,-9.212502079999490556e-02
1.576999999999999957e+01,3.513999999999999790e+00,9.835724484277289292e+00,6.321724484277289946e+00,7.885645324340000570e+02,3.866617657691999739e+02,-8.496592479999010017e-02
1.578000000000000114e+01,3.497921363205055645e+00,9.826136056219631598e+00,6.328214693014576397e+00,7.890786355620000450e+02,3.866570723282000017e+02,-8.183497980000399574e-02
1.579000000000000270e+01,3.478155751971518939e+00,9.812780913494268731e+00,6.334625161522750680e+00,7.895775092740000218e+02,3.866735167731999923e+02,-8.678205080000030158e-02
1.580000000000000071e+01,3.510476913867622617e+00,9.836287172805922907e+00,6.325810258938299846e+00,7.900754411660000187e+02,3.866889129072000060e+02,-8.972561979998669446e-02
1.581000000000000227e+01,3.517861803609253268e+00,9.836262266073164895e+00,6.318400462463911182e+00,7.905778492399999777e+02,3.866785365822000244e+02,-8.857723980000950514e-02
1.582000000000000028e+01,3.498283304005469052e+00,9.811663638365846651e+00,6.313380334360376267e+00,7.910742363300000761e+02,3.866508101762000251e+02,-8.136894780000439309e-02
1.583000000000000185e+01,3.492516847351601506e+00,9.803787374070955352e+00,6.311270526719353846e+00,7.915622365540000374e+02,3.866296304662000125e+02,-7.018559279998019818e-02
1.583999999999999986e+01,3.499036195365137658e+00,9.810808210393226148e+00,6.311772015028087601e+00,7.920305567719999544e+02,3.866373652301999755e+02,-6.210864779999970137e-02
1.585000000000000142e+01,3.505595864109138926e+00,9.818195174793995506e+00,6.312599310684857024e+00,7.925232993199999783e+02,3.866734814562000224e+02,-7.012650579998029599e-02
1.585999999999999943e+01,3.512041563910753172e+00,9.825715157895878349e+00,6.313673593985125621e+00,7.930249147919998904e+02,3.867120827132000045e+02,-8.515120279996750419e-02
1.587000000000000099e+01,3.501395303813290560e+00,9.839150308165166336e+00,6.337755004351875776e+00,7.935235304380000798e+02,3.867155019592000258e+02,-8.705235779997670675e-02
1.588000000000000256e+01,3.496676828085529376e+00,9.861168157912731047e+00,6.364491329827200339e+00,7.940255085639998924e+02,3.866951096512000277e+02,-7.886869079999539456e-02
1.589000000000000057e+01,3.529623545092034576e+00,9.899777591904728169e+00,6.370154046812693593e+00,7.945345320839999204e+02,3.866741214961999731e+02,-6.968134779998029493e-02
1.590000000000000213e+01,3.549554991743743670e+00,9.921298061045661143e+00,6.371743069301916584e+00,7.950558843379999416e+02,3.866828134392000038e+02,-8.059610580000529934e-02
1.591000000000000014e+01,3.542390300937129588e+00,9.907519809494479190e+00,6.365129508557350491e+00,7.955705630380000457e+02,3.867031332202000158e+02,-9.455339179995840559e-02
1.592000000000000171e+01,3.535631868838832403e+00,9.891413780541292056e+00,6.355781911702459652e+00,7.960702903880001031e+02,3.867046233131999884e+02,-9.344747379998200043e-02
1.592999999999999972e+01,3.528951205834077509e+00,9.872399585835452740e+00,6.343448380001373899e+00,7.965784286420000626e+02,3.866815955352000174e+02,-8.025310580000490079e-02
1.594000000000000128e+01,3.511481621330317715e+00,9.854582673295341877e+00,6.343101051965023274e+00,7.970831164559999706e+02,3.866663731201999781e+02,-7.008706280001429645e-02
1.594999999999999929e+01,3.489934096017246468e+00,9.841601307458136105e+00,6.351667211440890526e+00,7.975793374780000704e+02,3.866766493041999979e+02,-7.701297479996239981e-02
1.596000000000000085e+01,3.497041357247288040e+00,9.853785183852494356e+00,6.356743826605205427e+00,7.980534226120000767e+02,3.866886771982000255e+02,-8.094997179998179859e-02
1.597000000000000242e+01,3.498442606078609796e+00,9.859585024638652939e+00,6.361142418560043588e+00,7.985330364139999801e+02,3.866740371281999842e+02,-6.779154180000389329e-02
1.598000000000000043e+01,3.470593531867866677e+00,9.832606233996996181e+00,6.362012702129129060e+00,7.990350127639999300e+02,3.866536730441999907e+02,-5.160792279998419746e-02
1.599000000000000199e+01,3.442953040961530320e+00,9.805829508431482822e+00,6.362876467469952502e+00,7.995332294239999555e+02,3.866640808661999813e+02,-5.353382279999349680e-02
1.600000000000000000e+01,3.424661182682513516e+00,9.772127463921902901e+00,6.347466281239389829e+00,8.000311392759999762e+02,3.866974164232000248e+02,-8.154085080001420571e-02
1.601000000000000156e+01,3.422878515908141850e+00,9.765201837467698098e+00,6.342323321559555360e+00,8.005174609240000336e+02,3.866881001542000149e+02,-8.739983479998669758e-02
1.601999999999999957e+01,3.442904891487599706e+00,9.798759547898139743e+00,6.355854656410540038e+00,8.010229161919999115e+02,3.866418889721999790e+02,-7.212425779999920294e-02
1.603000000000000114e+01,3.452297550235438717e+00,9.821141205650530281e+00,6.368843655415091121e+00,8.015466877740000200e+02,3.866257422182000028e+02,-6.495072779999480628e-02
1.604000000000000270e+01,3.452808312549604075e+00,9.833399501190497105e+00,6.380591188640893030e+00,8.020517263179999645e+02,3.866745622071999833e+02,-7.801070279997170120e-02
1.605000000000000071e+01,3.441407938376571440e+00,9.821685246604063835e+00,6.380277308227491950e+00,8.025478665680000177e+02,3.867388895081999749e+02,-9.412738779999130223e-02
1.606000000000000227e+01,3.431091291908807239e+00,9.804891633402579743e+00,6.373800341493772059e+00,8.030486210340000071e+02,3.867574764391999906e+02,-9.008154079997149344e-02
1.607000000000000028e+01,3.459511544149197704e+00,9.832197365947269674e+00,6.372685821798070194e+00,8.035690240999999787e+02,3.867301513932000034e+02,-7.386926380000939651e-02
1.608000000000000185e+01,3.474592380800511027e+00,9.852210158932651396e+00,6.377617778132140813e+00,8.040766201859999001e+02,3.866990761441999780e+02,-6.164663080000939988e-02
1.608999999999999986e+01,3.468328209976206278e+00,9.860562386698392245e+00,6.392234176722184635e+00,8.045641087599999537e+02,3.866868605782000259e+02,-5.649505480001380114e-02
1.610000000000000142e+01,3.468944215685654697e+00,9.861055784314345374e+00,6.392111568628690677e+00,8.050564500600000883e+02,3.866949155582000230e+02,-6.241398679998579752e-02
1.610999999999999943e+01,3.477360617017337674e+00,9.852639382982662397e+00,6.375278765965324723e+00,8.055543525440000394e+02,3.866932824372000255e+02,-6.529748179997099666e-02
1.612000000000000099e+01,3.465346468004552261e+00,9.839346468004553259e+00,6.373999999999999666e+00,8.060466635479999695e+02,3.866843222741999853e+02,-6.715636379998120298e-02
1.613000000000000256e+01,3.451090299024518249e+00,9.825345015297653362e+00,6.374254716273134669e+00,8.065390311060000386e+02,3.866743707992000054e+02,-6.701172279998110493e-02
1.614000000000000057e+01,3.417180213676126233e+00,9.800929753846810755e+00,6.383749540170684078e+00,8.070233544519999214e+02,3.866649652282000034e+02,-6.587079080000400599e-02
1.615000000000000213e+01,3.412792529462333135e+00,9.800500839476864456e+00,6.387708310014531321e+00,8.075285882079999737e+02,3.866577303081999730e+02,-7.173291079997559661e-02
1.616000000000000014e+01,3.431768482806926812e+00,9.818963929217551012e+00,6.387195446410623312e+00,8.080357044939999014e+02,3.866526096502000200e+02,-7.660206479997209994e-02
1.617000000000000171e+01,3.460633354799782069e+00,9.842441349647835125e+00,6.381807994848052168e+00,8.085379406859999563e+02,3.866452425411999911e+02,-7.146431379997640609e-02
1.617999999999999972e+01,3.480820247318407112e+00,9.859855591974660882e+00,6.379035344656252882e+00,8.090449394239999492e+02,3.866421750672000144e+02,-6.034063380000900118e-02
1.619000000000000128e+01,3.440024175956081454e+00,9.839185582484414994e+00,6.399161406528333096e+00,8.095529107219999787e+02,3.866571639911999796e+02,-5.728049379996560247e-02
1.619999999999999929e+01,3.404054720314693583e+00,9.819817799114540335e+00,6.415763078799845864e+00,8.100689017499998954e+02,3.866895852421999962e+02,-6.928016979996649838e-02
1.621000000000000085e+01,3.378322591896924187e+00,9.803822151719710831e+00,6.425499559822785756e+00,8.105655518319999828e+02,3.867098915212000065e+02,-7.924139280001510355e-02
1.622000000000000242e+01,3.412608710466969342e+00,9.838133927660743794e+00,6.425525217193773564e+00,8.110605411179999464e+02,3.866891037482000115e+02,-7.005787879999879342e-02
1.623000000000000043e+01,3.450789623209182366e+00,9.875805761566393670e+00,6.425016138357210416e+00,8.115639150500001051e+02,3.866618045591999930e+02,-5.484948780001389773e-02
1.624000000000000199e+01,3.460663773697511214e+00,9.885663773697512369e+00,6.424999999999999822e+00,8.120557994779999262e+02,3.866778605952000021e+02,-5.679672379996630188e-02
1.625000000000000000e+01,3.451533408471676889e+00,9.879702018243047945e+00,6.428168609771369724e+00,8.125405879939999068e+02,3.867304936361999808e+02,-8.087472779996750238e-02
1.626000000000000156e+01,3.425616053790989213e+00,9.859882864663697788e+00,6.434266810872708575e+00,8.130151605179999024e+02,3.867515320891999977e+02,-9.384346479999990109e-02
1.626999999999999957e+01,3.438963455207967534e+00,9.870502699381225042e+00,6.431539244173257508e+00,8.135064107799998965e+02,3.867085128652000208e+02,-7.958231579999000549e-02
1.628000000000000114e+01,3.472455520739697210e+00,9.896712269372033077e+00,6.424256748632335423e+00,8.140150887180000154e+02,3.866584862642000076e+02,-6.229254779999519875e-02
1.629000000000000270e+01,3.434819471011298919e+00,9.867607057582070240e+00,6.432787586570772653e+00,8.145112792219999847e+02,3.866517508332000261e+02,-6.415841580000390676e-02
1.630000000000000071e+01,3.404189924820819613e+00,9.842999999999999972e+00,6.438810075179181247e+00,8.150015977380001004e+02,3.866776947422000035e+02,-7.714095679998080046e-02
1.631000000000000227e+01,3.412562735941939707e+00,9.842999999999999972e+00,6.430437264058060265e+00,8.154998698419999528e+02,3.866871288922000076e+02,-7.206336379998609654e-02
1.632000000000000028e+01,3.434733750979909850e+00,9.857208300705535109e+00,6.422474549725625259e+00,8.160134846920000200e+02,3.866734390042000200e+02,-5.590070279996609687e-02
1.633000000000000185e+01,3.462630540597607887e+00,9.877293989230278015e+00,6.414663448632669684e+00,8.165345189960000880e+02,3.866701499801999944e+02,-5.077315779997079725e-02
1.633999999999999986e+01,3.417557151742084187e+00,9.817452521178919866e+00,6.399895369436835679e+00,8.170366158219999306e+02,3.866827719501999923e+02,-5.570602579996619674e-02
1.635000000000000142e+01,3.387762250404983799e+00,9.788977383867722537e+00,6.401215133462738294e+00,8.175391692979999334e+02,3.866873963922000144e+02,-6.361059580000480440e-02
1.635999999999999943e+01,3.381124691695106765e+00,9.801231338409033711e+00,6.420106646713927390e+00,8.180440289939999730e+02,3.866691647612000224e+02,-5.743392379997590280e-02
1.637000000000000099e+01,3.404436617428081124e+00,9.825839888282080992e+00,6.421403270854000311e+00,8.185487753600000360e+02,3.866529192822000027e+02,-5.426430379998990056e-02
1.638000000000000256e+01,3.453989447686880432e+00,9.861153399500995675e+00,6.407163951814114355e+00,8.190493886419999399e+02,3.866564384142000108e+02,-6.016539279996119954e-02
1.639000000000000057e+01,3.423569341899165064e+00,9.818238112597175160e+00,6.394668770698009652e+00,8.195296904580000046e+02,3.866648395262000122e+02,-5.708816579997619961e-02
1.640000000000000213e+01,3.369328091511027967e+00,9.751780364373871635e+00,6.382452272862844112e+00,8.200128742879999209e+02,3.866753942592000044e+02,-5.801792180000830274e-02
1.641000000000000014e+01,3.368343248781627608e+00,9.751995113251345160e+00,6.383651864469716664e+00,8.205114338240000507e+02,3.866797977612000068e+02,-6.392258779998050144e-02
1.642000000000000171e+01,3.387974259054499004e+00,9.777992937666768469e+00,6.390018678612269909e+00,8.210069102780000776e+02,3.866680240751999804e+02,-6.277081980000430439e-02
1.642999999999999972e+01,3.390574672504814036e+00,9.781574672504813606e+00,6.391000000000000014e+00,8.215038395359999868e+02,3.866483451401999787e+02,-5.459079279996539857e-02
1.644000000000000128e+01,3.390077590563397081e+00,9.781077590563397095e+00,6.391000000000000014e+00,8.219953510140001072e+02,3.866533868252000161e+02,-4.949920679997110023e-02
1.644999999999999929e+01,3.390000000000000124e+00,9.781595619258066421e+00,6.391595619258066741e+00,8.224974209160000100e+02,3.866840258341999856e+02,-5.749566580000919913e-02
1.646000000000000085e+01,3.387375842222262179e+00,9.782218679814810969e+00,6.394842837592549678e+00,8.230024300519999088e+02,3.867158165682000117e+02,-7.049556679998489339e-02
1.647000000000000242e+01,3.381148792150949767e+00,9.782737600654087373e+00,6.401588808503138495e+00,8.235155356939999365e+02,3.867110520161999716e+02,-7.136461879996240654e-02
1.648000000000000043e+01,3.374703703547349942e+00,9.776956789836807715e+00,6.402253086289458217e+00,8.240315179799999896e+02,3.866734406552000110e+02,-6.011706679999510167e-02
1.649000000000000199e+01,3.368250425424817340e+00,9.765125779945497797e+00,6.396875354520680901e+00,8.245337232100000620e+02,3.866490689871999962e+02,-4.791928379999330079e-02
1.650000000000000000e+01,3.374155721273444986e+00,9.768503263571568951e+00,6.394347542298124409e+00,8.250314282199999525e+02,3.866684409531999904e+02,-5.587696279997469984e-02
1.651000000000000156e+01,3.386646382372146213e+00,9.779994671782374027e+00,6.393348289410227814e+00,8.255254556859999866e+02,3.866995976421999899e+02,-7.087708279996160488e-02
1.651999999999999957e+01,3.399431505710816648e+00,9.792094245482385162e+00,6.392662739771567182e+00,8.260126029380001000e+02,3.866933617002000005e+02,-6.874669880000849886e-02
1.653000000000000114e+01,3.412872002066392518e+00,9.804997121983737074e+00,6.392125119917344556e+00,8.265146649860000707e+02,3.866539539852000189e+02,-5.749590579998530016e-02
1.654000000000000270e+01,3.389088618073903714e+00,9.781626845712425578e+00,6.392538227638522308e+00,8.270158733959999608e+02,3.866295006221999984e+02,-5.229810179999039993e-02
1.655000000000000071e+01,3.363893674953688961e+00,9.752856551948259067e+00,6.388962876994569662e+00,8.275095561680000174e+02,3.866316047532000084e+02,-6.319577280001340003e-02
1.656000000000000227e+01,3.357499331582979973e+00,9.734206383783691408e+00,6.376707052200711878e+00,8.280071749940000245e+02,3.866349423042000240e+02,-7.209690679997080021e-02
1.657000000000000028e+01,3.369721769410255252e+00,9.750412572609228334e+00,6.380690803198973526e+00,8.285040463660000114e+02,3.866162758492000080e+02,-5.992043879997029782e-02
1.658000000000000185e+01,3.403039979703173845e+00,9.806867176049744117e+00,6.403827196346571604e+00,8.290126130139999532e+02,3.866032887502000222e+02,-4.676139979999360125e-02
1.658999999999999986e+01,3.377946283303569164e+00,9.777256614298211801e+00,6.399310330994642193e+00,8.295088627780000934e+02,3.866306047731999911e+02,-5.074740380001369761e-02
1.660000000000000142e+01,3.352526788989913520e+00,9.747830784912629554e+00,6.395303995922716034e+00,8.300042591260000790e+02,3.866728716201999987e+02,-6.178639079997980121e-02
1.660999999999999943e+01,3.318864168890336863e+00,9.721114419754234959e+00,6.402250250863898984e+00,8.305032463899999584e+02,3.866873263851999809e+02,-6.472640379996709437e-02
1.662000000000000099e+01,3.305694647996970659e+00,9.710214336629267251e+00,6.404519688632296592e+00,8.310083336340001097e+02,3.866651083382000138e+02,-5.653560379998579660e-02
1.663000000000000256e+01,3.386952904840730749e+00,9.772227216852137133e+00,6.385274312011405939e+00,8.315173587080000743e+02,3.866440954871999907e+02,-5.434821879997549926e-02
1.664000000000000057e+01,3.404999999999999805e+00,9.795480936922668747e+00,6.390480936922668498e+00,8.320210230000000138e+02,3.866468048881999948e+02,-5.524573980000919982e-02
1.665000000000000213e+01,3.404999999999999805e+00,9.807462876227949877e+00,6.402462876227948740e+00,8.325146757400000297e+02,3.866669754502000274e+02,-5.520708580000840277e-02
1.666000000000000014e+01,3.374272259587075773e+00,9.788912335010738985e+00,6.414640075423662324e+00,8.330163731360000838e+02,3.866865930522000099e+02,-5.816471079999410015e-02
1.667000000000000171e+01,3.366154215223658319e+00,9.780481312747925315e+00,6.414327097524266108e+00,8.335140476280000712e+02,3.866889534032000029e+02,-6.106234579998059964e-02
1.667999999999999972e+01,3.391667259513372557e+00,9.791987195466814953e+00,6.400319935953442396e+00,8.340086973679999574e+02,3.866741170302000228e+02,-6.289997579999000166e-02
1.669000000000000128e+01,3.395960678393082688e+00,9.789322251257360108e+00,6.393361572864276532e+00,8.345055413299999145e+02,3.866383895682000116e+02,-5.966337980000459978e-02
1.669999999999999929e+01,3.381897537508399942e+00,9.776600329178176452e+00,6.394702791669778286e+00,8.349958813999999165e+02,3.866113160081999922e+02,-5.345874279997490236e-02
1.671000000000000085e+01,3.395807956904659086e+00,9.795662755758236528e+00,6.399854798853577442e+00,8.355053086099999291e+02,3.866183502911999881e+02,-5.737025979999409858e-02
1.672000000000000242e+01,3.406819231545676452e+00,9.811180768454324408e+00,6.404361536908647068e+00,8.360045548279999821e+02,3.866458161432000225e+02,-6.735616479998589312e-02
1.673000000000000043e+01,3.405814738850782675e+00,9.812185261149217297e+00,6.406370522298434622e+00,8.365011728380000022e+02,3.866491355032000001e+02,-6.525738579997590605e-02
1.674000000000000199e+01,3.403543830744704124e+00,9.802685467774988837e+00,6.399141637030284713e+00,8.370172987500000090e+02,3.866265531331999910e+02,-5.506283179998480021e-02
1.675000000000000000e+01,3.397003682226113153e+00,9.756359415768304899e+00,6.359355733542190414e+00,8.375262643840001147e+02,3.866065774581999790e+02,-4.187904780000799992e-02
1.676000000000000156e+01,3.382711927022693743e+00,9.728278056026413267e+00,6.345566129003719524e+00,8.380364056440000695e+02,3.866186499962000198e+02,-4.880820080001350286e-02
1.676999999999999957e+01,3.357016771519858889e+00,9.728972519688651843e+00,6.371955748168793399e+00,8.385323421200000666e+02,3.866339109642000267e+02,-5.775177579997149702e-02
1.678000000000000114e+01,3.368170615090972486e+00,9.759933646689555431e+00,6.391763031598583389e+00,8.390255357260000437e+02,3.866270327601999952e+02,-5.161775479999849980e-02
1.679000000000000270e+01,3.380644248727138201e+00,9.790049557594395324e+00,6.409405308867256679e+00,8.395321071799999118e+02,3.866139069672000232e+02,-4.545871579997039919e-02
1.680000000000000071e+01,3.387548019093883145e+00,9.790580616853375773e+00,6.403032597759492184e+00,8.400280425460000515e+02,3.866291855751999833e+02,-4.940232079998960191e-02
1.681000000000000227e+01,3.388036294927613490e+00,9.786166918745308863e+00,6.398130623817694485e+00,8.405129702060000909e+02,3.866618330652000282e+02,-6.240971179996689794e-02
1.682000000000000028e+01,3.362059498031180649e+00,9.760873721767202582e+00,6.398814223736021489e+00,8.410011485699999412e+02,3.866726304572000004e+02,-7.533929079999950040e-02
1.683000000000000185e+01,3.364704113848556055e+00,9.772661757401069238e+00,6.407957643552513183e+00,8.415028692959999717e+02,3.866392023661999815e+02,-6.710968979996169426e-02
1.683999999999999986e+01,3.377902653047630377e+00,9.798043563553136437e+00,6.420140910505504728e+00,8.420048166819999551e+02,3.866018019712000182e+02,-5.286598480000950090e-02
1.685000000000000142e+01,3.409485541446369172e+00,9.827238204864142901e+00,6.417752663417774173e+00,8.424932199299998956e+02,3.866086552831999938e+02,-5.178150779997529873e-02
1.685999999999999943e+01,3.446347658147205451e+00,9.857309931646403456e+00,6.410962273499198893e+00,8.429728124000000662e+02,3.866470291542000268e+02,-5.881024979998029922e-02
1.687000000000000099e+01,3.437031427864119415e+00,9.851121456055617287e+00,6.414090028191498760e+00,8.434770484900000156e+02,3.866748117532000037e+02,-5.979610380001430109e-02
1.688000000000000256e+01,3.409622017966869922e+00,9.830698758485118205e+00,6.421076740518248727e+00,8.439789420279998922e+02,3.866734454361999838e+02,-5.167958079997529708e-02
1.689000000000000057e+01,3.397915065907942900e+00,9.821158901922105500e+00,6.423243836014163044e+00,8.444893943140000374e+02,3.866625232072000244e+02,-5.152749179997530293e-02
1.690000000000000213e+01,3.399495095647765197e+00,9.816480392348179151e+00,6.416985296700413954e+00,8.450020141200000126e+02,3.866487234002000264e+02,-5.036476179999870018e-02
1.691000000000000014e+01,3.413105205792316355e+00,9.815391583536614561e+00,6.402286377744299095e+00,8.455104119939999237e+02,3.866386961251999992e+02,-4.721626780001360324e-02
1.692000000000000171e+01,3.396930316789085413e+00,9.794933635037224917e+00,6.398003318248139060e+00,8.460239458080000077e+02,3.866439757801999804e+02,-4.712065480001249862e-02
1.692999999999999972e+01,3.365350434588120443e+00,9.764857556750591527e+00,6.399507122162471084e+00,8.465195964059998914e+02,3.866642427002000204e+02,-5.208192880000869773e-02
1.694000000000000128e+01,3.381612758426050469e+00,9.772158225827322298e+00,6.390545467401271829e+00,8.470090559140001005e+02,3.866701405311999906e+02,-5.499387179999470215e-02
1.694999999999999929e+01,3.422555601240977907e+00,9.798555585010630509e+00,6.375999983769652601e+00,8.475121468540000933e+02,3.866478014301999906e+02,-4.880310179996640019e-02
1.696000000000000085e+01,3.396407748212146860e+00,9.780021280010693374e+00,6.383613531798546070e+00,8.480045972240000083e+02,3.866188521881999804e+02,-4.059136479998400049e-02
1.697000000000000242e+01,3.352293632259016221e+00,9.749442176906818247e+00,6.397148544647802026e+00,8.485002762999999959e+02,3.866210773732000234e+02,-4.948900579999929855e-02
1.698000000000000043e+01,3.323217769402523114e+00,9.729098973093664782e+00,6.405881203691142112e+00,8.489865146919999006e+02,3.866307659272000024e+02,-6.141509779999970026e-02
1.699000000000000199e+01,3.329927558230041384e+00,9.738831713713540950e+00,6.408904155483499565e+00,8.494819332600000052e+02,3.866200047212000186e+02,-5.626688880000509790e-02
1.700000000000000000e+01,3.405138497526709607e+00,9.807454833509771319e+00,6.402316335983061713e+00,8.499946087319999606e+02,3.866052277141999980e+02,-4.910065979999880120e-02
1.701000000000000156e+01,3.430383616347184361e+00,9.835820546782294116e+00,6.405436930435110199e+00,8.504931395680000605e+02,3.866276764791999767e+02,-5.006896479997569732e-02
1.701999999999999957e+01,3.404645962189074559e+00,9.823214348827301379e+00,6.418568386638227707e+00,8.509836575980000362e+02,3.866676686512000174e+02,-5.910099879999090172e-02
1.703000000000000114e+01,3.383268649598846434e+00,9.812634324799422103e+00,6.429365675200577002e+00,8.514813049439999304e+02,3.866880495692000181e+02,-6.406223079998539516e-02
1.704000000000000270e+01,3.377780599332532496e+00,9.811197607497842199e+00,6.433417008165309703e+00,8.519964335919999030e+02,3.866653925602000186e+02,-5.886766779998949678e-02
1.705000000000000071e+01,3.430541066948834317e+00,9.844629983017082253e+00,6.414088916068249269e+00,8.525129604880000898e+02,3.866357898621999993e+02,-5.764831480001399860e-02
1.706000000000000227e+01,3.464174754692256997e+00,9.865609287081046119e+00,6.401434532388788234e+00,8.530112615139998979e+02,3.866271752211999910e+02,-5.850707679998960048e-02
1.707000000000000028e+01,3.444976513035030052e+00,9.852118630781372843e+00,6.407142117746341903e+00,8.534958151139999245e+02,3.866488260002000175e+02,-5.947567579996639736e-02
1.708000000000000185e+01,3.435003050922403212e+00,9.843250254243534059e+00,6.408247203321129959e+00,8.540020492839998951e+02,3.866767014292000226e+02,-6.646145179997199615e-02
1.708999999999999986e+01,3.443459784925663847e+00,9.843954982077137927e+00,6.400495197151474969e+00,8.545053156999999828e+02,3.866863817661999860e+02,-7.238368779999990177e-02
1.710000000000000142e+01,3.438837406194218183e+00,9.849162593805781185e+00,6.410325187611563003e+00,8.550015315739999551e+02,3.866616539922000015e+02,-6.418600679996219749e-02
1.710999999999999943e+01,3.433334315426523897e+00,9.854665684573475914e+00,6.421331369146951573e+00,8.554962062399999922e+02,3.866288323321999769e+02,-5.396009979997099665e-02
1.712000000000000099e+01,3.399145090413619119e+00,9.823749314227956830e+00,6.424604223814337267e+00,8.559911957480001092e+02,3.866080410312000026e+02,-4.577657979998960014e-02
1.713000000000000256e+01,3.388237006807869989e+00,9.816649342410494583e+00,6.428412335602623706e+00,8.564906962160000603e+02,3.866135069562000126e+02,-4.968477180000820115e-02
1.714000000000000057e+01,3.402572336595222957e+00,9.835763115460297357e+00,6.433190778865074400e+00,8.569865184739999222e+02,3.866307681882000225e+02,-5.763542279998980222e-02
1.715000000000000213e+01,3.407695399707275641e+00,9.839953997072756309e+00,6.432258597365479780e+00,8.574754342599999291e+02,3.866286432442000205e+02,-5.451914280000470098e-02
1.716000000000000014e+01,3.407177864611091511e+00,9.834778646110914124e+00,6.427600781499823057e+00,8.579871696879999945e+02,3.866127897022000184e+02,-5.334936379997130135e-02
1.717000000000000171e+01,3.407360537079834550e+00,9.819299590966291902e+00,6.411939053886456463e+00,8.584997324959999787e+02,3.865999882631999753e+02,-5.219016879999510000e-02
1.717999999999999972e+01,3.407901523729591098e+00,9.798742098275532442e+00,6.390840574545940456e+00,8.590049386620000860e+02,3.866107809662000250e+02,-5.811589779996669675e-02
1.719000000000000128e+01,3.399865076540628195e+00,9.803134923459371208e+00,6.403269846918743013e+00,8.595118576960001064e+02,3.866266618672000277e+02,-6.905922979999100375e-02
1.719999999999999929e+01,3.399279462086095105e+00,9.813670293383852439e+00,6.414390831297758666e+00,8.600118112620000375e+02,3.866241867122000144e+02,-5.993921979997660077e-02
1.721000000000000085e+01,3.412768348046285372e+00,9.825602769425559657e+00,6.412834421379274730e+00,8.605248006879999139e+02,3.866214541762000181e+02,-5.081540179996180129e-02
1.722000000000000242e+01,3.423500777398704287e+00,9.824361940221008282e+00,6.400861162822303996e+00,8.610270974719999231e+02,3.866481173532000071e+02,-5.379775080000469972e-02
1.723000000000000043e+01,3.430944784975637152e+00,9.808120469144064657e+00,6.377175684168427061e+00,8.615103683740001088e+02,3.866746923892000041e+02,-5.778402779996619915e-02
1.724000000000000199e+01,3.404728689512189987e+00,9.781728689512190655e+00,6.376999999999999780e+00,8.619950067839999974e+02,3.866773136492000162e+02,-5.968547679997549676e-02
1.725000000000000000e+01,3.380992631765354250e+00,9.756272030421371255e+00,6.375279398656017449e+00,8.624952749280000717e+02,3.866517872791999935e+02,-5.948412879997679731e-02
1.726000000000000156e+01,3.371276387563491461e+00,9.738227576903627281e+00,6.366951189340135819e+00,8.629908927460000996e+02,3.866199927622000132e+02,-5.726168779996570340e-02
1.726999999999999957e+01,3.408282847134988636e+00,9.767837700007365953e+00,6.359554852872378206e+00,8.634915899499999341e+02,3.866044964871999809e+02,-6.009565080000880272e-02
1.728000000000000114e+01,3.458345503727321635e+00,9.810960978458187043e+00,6.352615474730866296e+00,8.639817051780000838e+02,3.866164521091999973e+02,-6.002880080000869839e-02
1.729000000000000270e+01,3.470000000000000195e+00,9.808659873620470648e+00,6.338659873620470897e+00,8.644789526500001102e+02,3.866438357151999980e+02,-6.101480179998609865e-02
1.730000000000000071e+01,3.463335467548717350e+00,9.788813752567151028e+00,6.325478285018434121e+00,8.649781412039999395e+02,3.866723105191999821e+02,-6.800425979999079329e-02
1.731000000000000227e+01,3.443577840315442451e+00,9.761580266380745385e+00,6.318002426065302934e+00,8.654768134040000405e+02,3.866747384532000069e+02,-6.790189179998980251e-02
1.732000000000000028e+01,3.441822783222944881e+00,9.756067860534693992e+00,6.314245077311748666e+00,8.659861234679999598e+02,3.866487337621999814e+02,-6.569683179998089817e-02
1.733000000000000185e+01,3.460649173541169965e+00,9.775417206139536574e+00,6.314768032598365721e+00,8.665032183460000397e+02,3.866091791361999981e+02,-5.544218279999019866e-02
1.733999999999999986e+01,3.454896370186717913e+00,9.769896370186717860e+00,6.315000000000000391e+00,8.670047972639999898e+02,3.865957789322000053e+02,-4.628326679997570026e-02
1.735000000000000142e+01,3.434964116013820234e+00,9.748336758202311714e+00,6.313372642188491035e+00,8.675009909180000705e+02,3.866240792112000122e+02,-5.427278180001390145e-02
1.735999999999999943e+01,3.461886235268159862e+00,9.760478106101325935e+00,6.298591870833167405e+00,8.679939616799999840e+02,3.866561984371999756e+02,-6.327649379997120349e-02
1.737000000000000099e+01,3.484378952785812888e+00,9.773102643768078579e+00,6.288723690982266135e+00,8.684942006799999490e+02,3.866487243862000014e+02,-5.613879679996629929e-02
1.738000000000000256e+01,3.490523577450967085e+00,9.786928049264675522e+00,6.296404471813708881e+00,8.690005145120001089e+02,3.866225663381999880e+02,-4.893382979996169918e-02
1.739000000000000057e+01,3.473904827306705023e+00,9.779955100463817885e+00,6.306050273157111974e+00,8.694898867259998951e+02,3.866124473941999895e+02,-4.778925779998539902e-02
1.740000000000000213e+01,3.389298715092589731e+00,9.711593361794811585e+00,6.322294646702222742e+00,8.699732439920001070e+02,3.866199682152000037e+02,-5.970834279998599864e-02
1.741000000000000014e+01,3.385361120863044970e+00,9.701812316002232706e+00,6.316451195139188179e+00,8.704712048060000598e+02,3.866173155582000049e+02,-6.858826680000060239e-02
1.742000000000000171e+01,3.405135552484983563e+00,9.709294533372696989e+00,6.304158980887712538e+00,8.709703011399999468e+02,3.865947661011999799e+02,-5.739761079997669768e-02
1.742999999999999972e+01,3.431255769842452619e+00,9.742553796367502628e+00,6.311298026525049565e+00,8.714731941620000271e+02,3.865934391431999870e+02,-5.428103679999039810e-02
1.744000000000000128e+01,3.439048543503410382e+00,9.755286601763273779e+00,6.316238058259863841e+00,8.719668780859999515e+02,3.866306107362000262e+02,-6.230240879997150233e-02
1.744999999999999929e+01,3.426539907421140896e+00,9.743278311124296209e+00,6.316738403703154425e+00,8.724616164940000544e+02,3.866668550722000077e+02,-6.632024879998990596e-02
1.746000000000000085e+01,3.430546219272434083e+00,9.743219565211948208e+00,6.312673345939514569e+00,8.729728120160000344e+02,3.866780038812000271e+02,-6.824587579999949472e-02
1.747000000000000242e+01,3.452086466729360925e+00,9.755922788071162088e+00,6.303836321341800719e+00,8.734885963839999476e+02,3.866614046632000168e+02,-6.007251979996190011e-02
1.748000000000000043e+01,3.470379530373627563e+00,9.778017589758244199e+00,6.307638059384616191e+00,8.739927440280000610e+02,3.866381030251999960e+02,-5.987815779996139703e-02
1.749000000000000199e+01,3.483000000000000096e+00,9.799602494482428483e+00,6.316602494482427943e+00,8.745003154099999847e+02,3.866250095351999789e+02,-6.071905579999480052e-02
1.750000000000000000e+01,3.483000000000000096e+00,9.805546698495962943e+00,6.322546698495963291e+00,8.749901146859999699e+02,3.866249524382000118e+02,-5.360984879999099867e-02
1.751000000000000156e+01,3.483000000000000096e+00,9.811883660762845238e+00,6.328883660762843810e+00,8.754827127200001087e+02,3.866460537852000243e+02,-5.657473279997619897e-02
1.751999999999999957e+01,3.483000000000000096e+00,9.819233437385635810e+00,6.336233437385636158e+00,8.759729746820000855e+02,3.866729890061999981e+02,-7.156079679996210641e-02
1.753000000000000114e+01,3.464670130130729664e+00,9.811535688488895346e+00,6.346865558358167014e+00,8.764654569019999144e+02,3.866610302111999999e+02,-7.440906780000490495e-02
1.754000000000000270e+01,3.411259016923890552e+00,9.775216131508244644e+00,6.363957114584355423e+00,8.769740223979999882e+02,3.866129756501999850e+02,-6.412632780001459309e-02
1.755000000000000071e+01,3.427566183659120913e+00,9.779178794839722855e+00,6.351612611180601498e+00,8.774858983019998959e+02,3.865771153892000029e+02,-5.788589979998579743e-02
1.756000000000000227e+01,3.444751017731519482e+00,9.783800977022258039e+00,6.339049959290739444e+00,8.779855695419998938e+02,3.865795897382000135e+02,-6.078349279997059817e-02
1.757000000000000028e+01,3.431408081966059065e+00,9.770991758687415540e+00,6.339583676721357364e+00,8.784839872699999432e+02,3.866040211271999851e+02,-6.575884379996649320e-02
1.758000000000000185e+01,3.419588019382296284e+00,9.761108613893668462e+00,6.341520594511372622e+00,8.789861384299999827e+02,3.866156870652000066e+02,-5.868824879996199784e-02
1.758999999999999986e+01,3.413272445085132833e+00,9.761594427301144350e+00,6.348321982216010184e+00,8.794931948319999719e+02,3.866116106392000233e+02,-5.056101579998120016e-02
1.760000000000000142e+01,3.407999999999999918e+00,9.764466893677907322e+00,6.356466893677906960e+00,8.800068444179999005e+02,3.866148653341999761e+02,-5.845828479996149907e-02
1.760999999999999943e+01,3.407999999999999918e+00,9.777980840166616616e+00,6.369980840166617142e+00,8.805017520020001029e+02,3.866130576882000014e+02,-6.234183679998150235e-02
1.762000000000000099e+01,3.383283898596435524e+00,9.758194385920988978e+00,6.374910487324554786e+00,8.809960031999999046e+02,3.866052028351999752e+02,-6.620419980000050164e-02
1.763000000000000256e+01,3.320944453084350378e+00,9.688062509719893356e+00,6.367118056635543866e+00,8.815018940079999084e+02,3.866040045382000017e+02,-7.508749079995720443e-02
1.764000000000000057e+01,3.369579463460792290e+00,9.748974329325990951e+00,6.379394865865198661e+00,8.819997969359999388e+02,3.866023643611999887e+02,-7.997097380001069733e-02
1.765000000000000213e+01,3.419910988654933259e+00,9.811888735818666163e+00,6.391977747163733348e+00,8.824974718720000055e+02,3.866047176562000232e+02,-8.486859680000490014e-02
1.766000000000000014e+01,3.460421006546609668e+00,9.844443176307146715e+00,6.384022169760537935e+00,8.829950308140000743e+02,3.866090994392000084e+02,-8.077334379998619973e-02
1.767000000000000171e+01,3.490267483831119399e+00,9.866542682936202624e+00,6.376275199105084113e+00,8.834792673520000790e+02,3.866187551392000046e+02,-6.969961579996210299e-02
1.767999999999999972e+01,3.431020267167227633e+00,9.799804438878027213e+00,6.368784171710798248e+00,8.839655908180000097e+02,3.866444957481999722e+02,-7.568228279999079933e-02
1.769000000000000128e+01,3.420771581728880850e+00,9.786453430871343784e+00,6.365681849142462490e+00,8.844609270179998930e+02,3.866527252532000034e+02,-8.060115779998630603e-02
1.769999999999999929e+01,3.439549869241273150e+00,9.804724197099616845e+00,6.365174327858343695e+00,8.849627608519999740e+02,3.866173145381999916e+02,-6.836451079998639990e-02
1.771000000000000085e+01,3.455330709671497136e+00,9.811746456773720482e+00,6.356415747102222902e+00,8.854836784540000281e+02,3.865809794841999860e+02,-5.912037679997109857e-02
1.772000000000000242e+01,3.468830139067721863e+00,9.812826411125417536e+00,6.343996272057696117e+00,8.859879419119999966e+02,3.865907379881999759e+02,-5.904262779997179744e-02
1.773000000000000043e+01,3.448928594631967659e+00,9.796667160027656251e+00,6.347738565395688148e+00,8.864812281819999953e+02,3.866348769891999950e+02,-7.308870879998209669e-02
1.774000000000000199e+01,3.421889823248274620e+00,9.776658469203722390e+00,6.354768645955449102e+00,8.869862370959999680e+02,3.866666712512000004e+02,-8.508861579998169833e-02
1.775000000000000000e+01,3.434074376702033859e+00,9.769462811648983447e+00,6.335388434946949587e+00,8.875000819360000150e+02,3.866489561391999814e+02,-7.791176079997640114e-02
1.776000000000000156e+01,3.445659800035548503e+00,9.762118289497070833e+00,6.316458489461522774e+00,8.880168363800000861e+02,3.866153670251999870e+02,-7.467827979999190624e-02
1.776999999999999957e+01,3.418960660907863769e+00,9.744553066386751894e+00,6.325592405478888125e+00,8.885185896220000359e+02,3.865989187971999854e+02,-8.050866879996340653e-02
1.778000000000000114e+01,3.408999999999999808e+00,9.749409315695624301e+00,6.340409315695625381e+00,8.890017431559999750e+02,3.865924583871999971e+02,-7.737837479997700108e-02
1.779000000000000270e+01,3.408999999999999808e+00,9.768639527645976983e+00,6.359639527645978951e+00,8.895005859059999693e+02,3.865918982732000018e+02,-7.526541379996730396e-02
1.780000000000000071e+01,3.409470908936596434e+00,9.780592725112351005e+00,6.371121816175755015e+00,8.900017976879998969e+02,3.866024770921999902e+02,-7.719125079997679606e-02
1.781000000000000227e+01,3.411086496149990932e+00,9.789086496149991490e+00,6.378000000000000114e+00,8.904932543879999685e+02,3.866084818652000195e+02,-8.210313979997249656e-02
1.782000000000000028e+01,3.417512348280320467e+00,9.795512348280320580e+00,6.378000000000000114e+00,8.909933252799999082e+02,3.866039570542000092e+02,-8.797596980000159383e-02
1.783000000000000185e+01,3.415910992411197444e+00,9.798518890045967211e+00,6.382607897634769323e+00,8.914962454480000815e+02,3.865846095292000086e+02,-8.279579880000539904e-02
1.783999999999999986e+01,3.395939759334842822e+00,9.793661022540907979e+00,6.397721263206064712e+00,8.920003089480001108e+02,3.865803268262000074e+02,-8.466856879995840468e-02
1.785000000000000142e+01,3.377409181085222478e+00,9.776694225891381151e+00,6.399285044806157785e+00,8.925009538580000026e+02,3.866008399332000067e+02,-1.006296717999790036e-01
1.785999999999999943e+01,3.360593706013679238e+00,9.745003522871934720e+00,6.384409816858254594e+00,8.929983438040001147e+02,3.866081850681999867e+02,-1.055449697999730069e-01
1.787000000000000099e+01,3.414713224815920878e+00,9.783908177958879904e+00,6.369194953142957694e+00,8.935059127439999429e+02,3.865951303862000259e+02,-9.538593379998269728e-02
1.788000000000000256e+01,3.473119615177029829e+00,9.828593298521157706e+00,6.355473683344128766e+00,8.940195592219999980e+02,3.865984344731999727e+02,-8.928328680001000606e-02
1.789000000000000057e+01,3.486759604735397478e+00,9.848004052892681770e+00,6.361244448157283848e+00,8.945094765320000079e+02,3.866314022381999962e+02,-9.229063279999620562e-02
1.790000000000000213e+01,3.488506660217066013e+00,9.856124843134612235e+00,6.367618182917545333e+00,8.949961713939999299e+02,3.866681818942000177e+02,-9.831216379996800259e-02
1.791000000000000014e+01,3.431211073118498156e+00,9.808595549291482030e+00,6.377384476172982986e+00,8.954968968959999529e+02,3.866697325142000068e+02,-9.620623079995850591e-02
1.792000000000000171e+01,3.427211136520123436e+00,9.807866913789721863e+00,6.380655777269597984e+00,8.960037237100000311e+02,3.866345891542000004e+02,-8.896944880001080025e-02
1.792999999999999972e+01,3.454435957067104379e+00,9.834547237925761465e+00,6.380111280858657530e+00,8.965122075039998890e+02,3.866055147202000057e+02,-9.175377479999680119e-02
1.794000000000000128e+01,3.483013178464697823e+00,9.856695835356742208e+00,6.373682656892043497e+00,8.970127346019999095e+02,3.865929994371999783e+02,-9.859831880000100024e-02
1.794999999999999929e+01,3.510475778777631284e+00,9.876586141140235142e+00,6.366110362362603858e+00,8.975018763820000913e+02,3.865869127732000265e+02,-8.646795280000030282e-02
1.796000000000000085e+01,3.471987071658602098e+00,9.846200319730476380e+00,6.374213248071873394e+00,8.980026315140000861e+02,3.866054891201999908e+02,-8.542208779996779411e-02
1.797000000000000242e+01,3.435023288674958764e+00,9.817605505548925748e+00,6.382582216873966985e+00,8.985004808159999357e+02,3.866398794931999987e+02,-9.743274679996780097e-02
1.798000000000000043e+01,3.435724699134830917e+00,9.835842177505606188e+00,6.400117478370775714e+00,8.990013782000000901e+02,3.866384208971999783e+02,-9.931618479997859905e-02
1.799000000000000199e+01,3.435999999999999943e+00,9.843342185599164296e+00,6.407342185599164353e+00,8.995175321459998941e+02,3.865978038481999874e+02,-9.105800979999649492e-02
1.800000000000000000e+01,3.435999999999999943e+00,9.843891565359459861e+00,6.407891565359460806e+00,9.000305763080000361e+02,3.865590231222000170e+02,-7.980698579997330677e-02
1.801000000000000156e+01,3.430830619336262099e+00,9.848771735997296162e+00,6.417941116661034506e+00,9.005250276859999303e+02,3.865652059482000027e+02,-8.271882379995769419e-02
1.801999999999999957e+01,3.424273601400743328e+00,9.854824367937775165e+00,6.430550766537032281e+00,9.010237613659999170e+02,3.866016500562000147e+02,-9.473653179995909779e-02
1.803000000000000114e+01,3.451994340443878873e+00,9.885562856923170827e+00,6.433568516479291510e+00,9.015266267980000521e+02,3.866183507211999881e+02,-9.168356679997249903e-02
1.804000000000000270e+01,3.465767547783073166e+00,9.902150626056393179e+00,6.436383078273321345e+00,9.020370764199999485e+02,3.866074708282000074e+02,-7.953154979997220653e-02
1.805000000000000071e+01,3.445022051059283719e+00,9.887410404700018418e+00,6.442388353640733811e+00,9.025469028380000509e+02,3.866075130071999979e+02,-8.441831579996759982e-02
1.806000000000000227e+01,3.418788567690884239e+00,9.867066935749763346e+00,6.448278368058879551e+00,9.030387580799999796e+02,3.866065362602000164e+02,-8.730547180001040075e-02
1.807000000000000028e+01,3.387874085197470908e+00,9.842040926112238353e+00,6.454166840914767000e+00,9.035239651379999941e+02,3.865991950082000130e+02,-8.317160679999190120e-02
1.808000000000000185e+01,3.391795322594803874e+00,9.854058012921349530e+00,6.462262690326545211e+00,9.040258615620000455e+02,3.865977828271999783e+02,-8.805500579998649935e-02
1.808999999999999986e+01,3.426305391973375247e+00,9.898512122376352806e+00,6.472206730402978003e+00,9.045205411540000568e+02,3.865999686531999942e+02,-9.195269780000629722e-02
1.810000000000000142e+01,3.459781306321359384e+00,9.944209402279950538e+00,6.484428095958591598e+00,9.050167608439999185e+02,3.866102660052000033e+02,-9.287864579998239556e-02
1.810999999999999943e+01,3.484625923698752015e+00,9.981603089018124209e+00,6.496977165319370862e+00,9.055186285679999401e+02,3.866268990872000018e+02,-9.282568379998169805e-02
1.812000000000000099e+01,3.478652985278014587e+00,9.988571517175650172e+00,6.509918531897634253e+00,9.060107955440000751e+02,3.866380020912000077e+02,-8.375531079996779982e-02
1.813000000000000256e+01,3.463651942899013569e+00,9.985673977045182781e+00,6.522022034146169212e+00,9.065052754420000838e+02,3.866612282841999786e+02,-8.272724679999129971e-02
1.814000000000000057e+01,3.416881002905854725e+00,9.948042186246089713e+00,6.531161183340235432e+00,9.070073161580000942e+02,3.866748345102000144e+02,-9.166362580000610161e-02
1.815000000000000213e+01,3.393609187961663665e+00,9.926379307666199026e+00,6.532770119704535361e+00,9.075168522159999611e+02,3.866448680991999822e+02,-8.044447979998170517e-02
1.816000000000000014e+01,3.411954177451551384e+00,9.932983503882558907e+00,6.521029326431007078e+00,9.080408796019999045e+02,3.866066967222000130e+02,-7.419319480001029810e-02
1.817000000000000171e+01,3.438657884329368475e+00,9.953385440957751129e+00,6.514727556628383986e+00,9.085590345559999150e+02,3.866012117412000180e+02,-7.705859479999530026e-02
1.817999999999999972e+01,3.461495625002437571e+00,9.970935105338803339e+00,6.509439480336366657e+00,9.090476958700000978e+02,3.866210902522000197e+02,-7.902003380000560684e-02
1.819000000000000128e+01,3.416410215822554441e+00,9.939020714571022097e+00,6.522610498748467656e+00,9.095485966260000623e+02,3.866546638382000083e+02,-8.802711279996369709e-02
1.819999999999999929e+01,3.375189983092111490e+00,9.910189983092111632e+00,6.535000000000000142e+00,9.100515771640000366e+02,3.866693501272000049e+02,-8.996704779997280466e-02
1.821000000000000085e+01,3.393952391485881126e+00,9.928952391485880824e+00,6.535000000000000142e+00,9.105529866419999507e+02,3.866589203312000222e+02,-8.781869479996400052e-02
1.822000000000000242e+01,3.409552988323035994e+00,9.945491590491878142e+00,6.535938602168841705e+00,9.110536847339999440e+02,3.866434099442000161e+02,-9.465263379996780024e-02
1.823000000000000043e+01,3.393592662269834914e+00,9.939883908365077403e+00,6.546291246095242045e+00,9.115512986339999770e+02,3.866117400091999912e+02,-8.943016879997280066e-02
1.824000000000000199e+01,3.377988300882105221e+00,9.934401294904523283e+00,6.556412994022418061e+00,9.120378142039999148e+02,3.865814751011999988e+02,-7.421506479998619954e-02
1.825000000000000000e+01,3.354893932889044805e+00,9.914926693273420355e+00,6.560032760384376438e+00,9.125309241100001145e+02,3.865936087762000284e+02,-7.214816379997660012e-02
1.826000000000000156e+01,3.354853578415085025e+00,9.915537585876764481e+00,6.560684007461679457e+00,9.130238374299999577e+02,3.866267334262000190e+02,-7.915542279998200037e-02
1.826999999999999957e+01,3.415301344957786700e+00,9.974915480445259774e+00,6.559614135487472630e+00,9.135233931200000370e+02,3.866312292072000218e+02,-7.506012779996340534e-02
1.828000000000000114e+01,3.425356475157952385e+00,9.990700352840063303e+00,6.565343877682111362e+00,9.140380092299999433e+02,3.866175504541999999e+02,-7.189736779997700500e-02
1.829000000000000270e+01,3.369939768916336842e+00,9.949549333353715497e+00,6.579609564437379099e+00,9.145504001560000233e+02,3.866077582312000231e+02,-6.674880179998239627e-02
1.830000000000000071e+01,3.349000000000000199e+00,9.945355993904069436e+00,6.596355993904068349e+00,9.150559216080000624e+02,3.866305742371999941e+02,-7.671690579997189618e-02
1.831000000000000227e+01,3.358691072573796621e+00,9.969473295662027112e+00,6.610782223088229159e+00,9.155658092839998972e+02,3.866646361182000078e+02,-9.272375379999210632e-02
1.832000000000000028e+01,3.404209998955759708e+00,1.001396932482192348e+01,6.609759325866162882e+00,9.160715264339999067e+02,3.866664752611999916e+02,-8.961772180000600330e-02
1.833000000000000185e+01,3.436118530286301542e+00,1.004150031929841980e+01,6.605381789012118254e+00,9.165820909399999437e+02,3.866535845202000132e+02,-8.145861079996799536e-02
1.833999999999999986e+01,3.429152035835944190e+00,1.002113672013583745e+01,6.591984684299892372e+00,9.170825321180000174e+02,3.866601163962000101e+02,-8.237033480000130470e-02
1.835000000000000142e+01,3.418267231463863354e+00,9.998081996968426921e+00,6.579814765504563567e+00,9.175607229679999364e+02,3.866704037741999969e+02,-7.830022579998159593e-02
1.835999999999999943e+01,3.400367291704737838e+00,9.969055067629305711e+00,6.568687775924566985e+00,9.180390837019999708e+02,3.866777136882000150e+02,-6.921954179996679668e-02
1.837000000000000099e+01,3.383605463159098825e+00,9.933957162352299974e+00,6.550351699193201149e+00,9.185274308399998517e+02,3.866855512561999717e+02,-7.213857580000969383e-02
1.838000000000000256e+01,3.369802746117249725e+00,9.886709400170584416e+00,6.516906654053335579e+00,9.190231929499998387e+02,3.866687751462000051e+02,-7.396911479996240435e-02
1.839000000000000057e+01,3.378152316141166178e+00,9.865067393299188581e+00,6.486915077158023735e+00,9.195296229979999225e+02,3.866405850822000048e+02,-7.675701780000540597e-02
1.840000000000000213e+01,3.414136426473896702e+00,9.876747648995984008e+00,6.462611222522087751e+00,9.200471493779998582e+02,3.866110217432000127e+02,-8.053761379996719760e-02
1.841000000000000014e+01,3.433306130154369917e+00,9.889359296154189849e+00,6.456053165999820820e+00,9.205459620540000287e+02,3.865934429582000007e+02,-7.536459679997249694e-02
1.842000000000000171e+01,3.448107961939393729e+00,9.898107961939393462e+00,6.450000000000000178e+00,9.210423823679998350e+02,3.866177709332000063e+02,-7.734000779998240205e-02
1.842999999999999972e+01,3.407302268424539538e+00,9.857302268424540159e+00,6.450000000000000178e+00,9.215504734759999792e+02,3.866657564952000143e+02,-9.239637279996790187e-02
1.844000000000000128e+01,3.382356910534148664e+00,9.830831252005953758e+00,6.448474341471804649e+00,9.220659463739998500e+02,3.866721591002000196e+02,-8.930427079998319584e-02
1.844999999999999929e+01,3.408775832445888110e+00,9.850909632658876092e+00,6.442133800212986650e+00,9.225884036299999025e+02,3.866439426282000227e+02,-7.508840479997309914e-02
1.846000000000000085e+01,3.416779490278792686e+00,9.857933875183416461e+00,6.441154384904622887e+00,9.231023063559998718e+02,3.866252150362000179e+02,-7.190799079998619336e-02
1.847000000000000242e+01,3.390754355029677480e+00,9.840812075677419557e+00,6.450057720647741633e+00,9.235913931359998514e+02,3.866200949881999804e+02,-6.878110580000100505e-02
1.848000000000000043e+01,3.376364287087967320e+00,9.827829715604448069e+00,6.451465428516480749e+00,9.240778007459998662e+02,3.866268166621999853e+02,-7.269664079996250583e-02
1.849000000000000199e+01,3.363176409353706209e+00,9.815169352979557615e+00,6.451992943625851851e+00,9.245704263699999501e+02,3.866298903861999747e+02,-7.559791580000489730e-02
1.850000000000000000e+01,3.411186030217605580e+00,9.868911103114747618e+00,6.457725072897141594e+00,9.250487590279999495e+02,3.866201498771999923e+02,-7.245712179996299795e-02
1.851000000000000156e+01,3.460934083892343693e+00,9.924569816632029529e+00,6.463635732739684947e+00,9.255357942819998698e+02,3.866158789191999858e+02,-7.933375379996719656e-02
1.851999999999999957e+01,3.399435844374817606e+00,9.862790202818565888e+00,6.463354358443748282e+00,9.260268809179999607e+02,3.866108234771999719e+02,-9.020674279999170431e-02
1.853000000000000114e+01,3.357327799742049645e+00,9.827256623086844556e+00,6.469928823344794466e+00,9.265195886879998852e+02,3.865949100181999825e+02,-8.204093980001080089e-02
1.854000000000000270e+01,3.343538595529402802e+00,9.827786977095023246e+00,6.484248381565620001e+00,9.270148654479999095e+02,3.866041766992000248e+02,-7.596341579998160121e-02
1.855000000000000071e+01,3.369523263022990989e+00,9.855465813326961921e+00,6.485942550303971821e+00,9.275224130560000049e+02,3.866441359582000246e+02,-8.599155179997229614e-02
1.856000000000000227e+01,3.421692446828803469e+00,9.900920151692423232e+00,6.479227704863619763e+00,9.280331512620000467e+02,3.866632928792000143e+02,-8.194549480001070418e-02
1.857000000000000028e+01,3.414037691675632757e+00,9.909509799835664268e+00,6.495472108160031510e+00,9.285591188839998722e+02,3.866613119141999846e+02,-6.982142180000970588e-02
1.858000000000000185e+01,3.388999999999999790e+00,9.898628472297993142e+00,6.509628472297992907e+00,9.290768156340000132e+02,3.866638491571999907e+02,-6.271516180000440144e-02
1.858999999999999986e+01,3.388999999999999790e+00,9.885418305933084682e+00,6.496418305933084447e+00,9.295605981859998792e+02,3.866814600491999840e+02,-6.066965979999579955e-02
1.860000000000000142e+01,3.376273819738461857e+00,9.869837150211692389e+00,6.493563330473230977e+00,9.300473206379999738e+02,3.867002120821999824e+02,-6.662758179996750019e-02
1.860999999999999943e+01,3.350880145893127438e+00,9.851553705043052389e+00,6.500673559149923619e+00,9.305495027179999852e+02,3.866937974772000075e+02,-7.449328780000620542e-02
1.862000000000000099e+01,3.353518978009845330e+00,9.864488087454571286e+00,6.510969109444725511e+00,9.310556170360000579e+02,3.866535911661999876e+02,-7.123882779996200398e-02
1.863000000000000256e+01,3.380536121221130674e+00,9.904473459407272529e+00,6.523937338186142298e+00,9.315602219959998820e+02,3.866222814161999963e+02,-7.701614979999080179e-02
1.864000000000000057e+01,3.380519963616544388e+00,9.912929582535941364e+00,6.532409618919396976e+00,9.320537039219998405e+02,3.866103584521999892e+02,-8.586436380000539437e-02
1.865000000000000213e+01,3.368534327645210880e+00,9.907176477269700854e+00,6.538642149624490862e+00,9.325277567619998536e+02,3.866054029552000202e+02,-7.674136479999220384e-02
1.866000000000000014e+01,3.339416884709256905e+00,9.879761334968170772e+00,6.540344450258913866e+00,9.330131934080000065e+02,3.866291286371999831e+02,-7.171704879999539484e-02
1.867000000000000171e+01,3.299853034182853584e+00,9.839142448427729448e+00,6.539289414244875864e+00,9.335058217379998950e+02,3.866672451271999762e+02,-7.874198280000090089e-02
1.867999999999999972e+01,3.313529448256904431e+00,9.841847269177284474e+00,6.528317820920380044e+00,9.340104271840000365e+02,3.866710134232000087e+02,-7.864302380000069703e-02
1.869000000000000128e+01,3.348621323540200478e+00,9.861657198772693533e+00,6.513035875232493055e+00,9.345389904559999650e+02,3.866411139851999792e+02,-7.241991379997239631e-02
1.869999999999999929e+01,3.320093409731383005e+00,9.840069303994251726e+00,6.519975894262868721e+00,9.350677258319999510e+02,3.866082018032000178e+02,-7.118616879999549452e-02
1.871000000000000085e+01,3.289470949563114921e+00,9.817470949563114502e+00,6.527999999999999581e+00,9.355694764099998793e+02,3.865917959111999949e+02,-6.501662979996659930e-02
1.872000000000000242e+01,3.329357740602232774e+00,9.857357740602232354e+00,6.527999999999999581e+00,9.360661258259999613e+02,3.866121127741999999e+02,-7.197787079997229609e-02
1.873000000000000043e+01,3.365051697569307443e+00,9.893213497195354478e+00,6.528161799626047035e+00,9.365774663059999057e+02,3.866382694061999814e+02,-8.095645979998659925e-02
1.874000000000000199e+01,3.371699780141034886e+00,9.900884361701194791e+00,6.529184581560159017e+00,9.370831264579999242e+02,3.866411069171999770e+02,-7.785396280000099478e-02
1.875000000000000000e+01,3.371929209661645999e+00,9.903573790311922309e+00,6.531644580650277199e+00,9.375841369499999018e+02,3.866376656972000205e+02,-7.573035479999100372e-02
1.876000000000000156e+01,3.346761766167588359e+00,9.886568760924046018e+00,6.539806994756458103e+00,9.380698881739999706e+02,3.866383401641999740e+02,-7.962470080000989825e-02
1.876999999999999957e+01,3.344378240911455968e+00,9.891121335232199385e+00,6.546743094320743417e+00,9.385411177739999857e+02,3.866302044541999976e+02,-7.449113579995829404e-02
1.878000000000000114e+01,3.350506797675371295e+00,9.903889161823689946e+00,6.553382364148318651e+00,9.390180526279998503e+02,3.866274025782000194e+02,-6.937511979996370537e-02
1.879000000000000270e+01,3.376388167253046468e+00,9.921861539419825959e+00,6.545473372166778603e+00,9.395110509799999363e+02,3.866414941812000166e+02,-7.831522279997789326e-02
1.880000000000000071e+01,3.408786810848997817e+00,9.941604462861107550e+00,6.532817652012110621e+00,9.400116068199999972e+02,3.866460187371999950e+02,-8.221985879999720026e-02
1.881000000000000227e+01,3.410396262154136604e+00,9.950741624331115531e+00,6.540345362176978483e+00,9.405255968399999347e+02,3.866433079202000158e+02,-8.309595979997319581e-02
1.882000000000000028e+01,3.403268957491278002e+00,9.956772420584304228e+00,6.553503463093026227e+00,9.410375898899999356e+02,3.866404866331999983e+02,-8.297210879997239663e-02
1.883000000000000185e+01,3.354187583177745235e+00,9.921108517042460662e+00,6.566920933864714982e+00,9.415301008520000323e+02,3.866455676772000061e+02,-8.288047179997359848e-02
1.883999999999999986e+01,3.302725858145219462e+00,9.883269013342072640e+00,6.580543155196854066e+00,9.420289736759998505e+02,3.866620262342000274e+02,-8.382756680000609528e-02
1.885000000000000142e+01,3.308487635026960749e+00,9.881999999999999673e+00,6.573512364973039368e+00,9.425451619559999017e+02,3.866734459261999746e+02,-8.975306479997799403e-02
1.885999999999999943e+01,3.318298248826068164e+00,9.885119965105740647e+00,6.566821716279672039e+00,9.430677078379999330e+02,3.866612250612000139e+02,-8.559367779995930015e-02
1.887000000000000099e+01,3.337424610378412648e+00,9.903212469276876817e+00,6.565787858898464613e+00,9.435788436559998900e+02,3.866383294721999846e+02,-8.339918080000589817e-02
1.888000000000000256e+01,3.342254484376413259e+00,9.906171649307125904e+00,6.563917164930712644e+00,9.440788276979999409e+02,3.866177808301999903e+02,-8.721548379996839351e-02
1.889000000000000057e+01,3.299736810551994193e+00,9.858929789502214547e+00,6.559192978950221686e+00,9.445607815680000385e+02,3.865972433822000198e+02,-8.003576579996400653e-02
1.890000000000000213e+01,3.298855909951239784e+00,9.855718689572249502e+00,6.556862779621011050e+00,9.450364891679998891e+02,3.865983920912000258e+02,-7.093393480000530216e-02
1.891000000000000014e+01,3.312472901167104133e+00,9.867764489493975333e+00,6.555291588326872088e+00,9.455255804299999909e+02,3.866282865851999873e+02,-7.993066079996259676e-02
1.892000000000000171e+01,3.320653337930301596e+00,9.875653337930300424e+00,6.554999999999999716e+00,9.460224580599999626e+02,3.866446064482000224e+02,-8.787775580000189990e-02
1.892999999999999972e+01,3.327797289641447165e+00,9.882797289641446881e+00,6.554999999999999716e+00,9.465356469579999157e+02,3.866208370731999935e+02,-8.267969980000540453e-02
1.894000000000000128e+01,3.327999999999999847e+00,9.882999999999999119e+00,6.554999999999999716e+00,9.470485780120000072e+02,3.865840389712000160e+02,-7.543572180000099325e-02
1.894999999999999929e+01,3.329121547324295882e+00,9.884211271110238783e+00,6.555089723785943789e+00,9.475456793739999739e+02,3.865613472922000255e+02,-7.224505979995869687e-02
1.896000000000000085e+01,3.338100207360167548e+00,9.893908223948979952e+00,6.555808016588813736e+00,9.480389039419999335e+02,3.865714736471999800e+02,-7.317107079999149444e-02
1.897000000000000242e+01,3.347318786759185372e+00,9.903864289699919610e+00,6.556545502940735126e+00,9.485453079960000196e+02,3.865963716122000164e+02,-7.514627180000159334e-02
1.898000000000000043e+01,3.350389734242513740e+00,9.904779468485028104e+00,6.554389734242513477e+00,9.490559335379998629e+02,3.866175041011999838e+02,-7.710724880001020021e-02
1.899000000000000199e+01,3.343719137861648427e+00,9.891438275723297480e+00,6.547719137861648164e+00,9.495633061139999427e+02,3.866254368662000047e+02,-7.702236680001120495e-02
1.900000000000000000e+01,3.334144448222140067e+00,9.884234222071114573e+00,6.550089773848974062e+00,9.500649184359999708e+02,3.866290024131999985e+02,-8.592341679996849668e-02
1.901000000000000156e+01,3.321009286005868866e+00,9.884759628559764977e+00,6.563750342553896111e+00,9.505555749019999894e+02,3.866139345162000041e+02,-8.876112480001090155e-02
1.901999999999999957e+01,3.331255665263820998e+00,9.898207728026854113e+00,6.566952062763033560e+00,9.510311967620000360e+02,3.865990417542000159e+02,-8.260273679998239582e-02
1.903000000000000114e+01,3.362598237764375053e+00,9.923673568183554394e+00,6.561075330419179785e+00,9.515154364079999141e+02,3.866086480622000181e+02,-8.552892479996819508e-02
1.904000000000000270e+01,3.382127139161619667e+00,9.946642012414994127e+00,6.564514873253374461e+00,9.520122013739999147e+02,3.866269434931999740e+02,-9.948305379997740561e-02
1.905000000000000071e+01,3.388605749259526512e+00,9.966617726883541195e+00,6.578011977624013795e+00,9.525163779819999945e+02,3.866206781661999798e+02,-9.734877779996860270e-02
1.906000000000000227e+01,3.383263006811298101e+00,9.970131503405649909e+00,6.586868496594351363e+00,9.530214647819998390e+02,3.865984671752000281e+02,-8.715798979997789464e-02
1.907000000000000028e+01,3.371416146574399253e+00,9.964208073287199596e+00,6.592791926712799899e+00,9.535095522999999957e+02,3.865933042401999842e+02,-8.003114979997330569e-02
1.908000000000000185e+01,3.341866815510912581e+00,9.937197515306822382e+00,6.595330699795908913e+00,9.540003239139998641e+02,3.866113070691999951e+02,-7.998548879997249839e-02
1.908999999999999986e+01,3.300816843423833635e+00,9.896687674431415616e+00,6.595870831007581536e+00,9.545047312199999396e+02,3.866360910362000141e+02,-8.196073179998220049e-02
1.910000000000000142e+01,3.326507758313323126e+00,9.921944143102001235e+00,6.595436384788677664e+00,9.550278508979999970e+02,3.866489116171999854e+02,-8.688962379997859642e-02
1.910999999999999943e+01,3.351465281997454859e+00,9.948999999999999844e+00,6.597534718002544984e+00,9.555483452539999689e+02,3.866375398421999989e+02,-9.273375380000639656e-02
1.912000000000000099e+01,3.345210203227344081e+00,9.948999999999999844e+00,6.603789796772655762e+00,9.560637604459998329e+02,3.866098662972000284e+02,-9.452147379995980148e-02
1.913000000000000256e+01,3.322660833302708117e+00,9.942638432007470328e+00,6.619977598704761768e+00,9.565659122299998671e+02,3.865864365492000161e+02,-9.832712979997840219e-02
1.914000000000000057e+01,3.283723624334601521e+00,9.929830139583749826e+00,6.646106515249149638e+00,9.570443586619999223e+02,3.865747028321999892e+02,-9.417927179995859432e-02
1.915000000000000213e+01,3.286029014033671647e+00,9.934415087297509217e+00,6.648386073263838014e+00,9.575262010199999168e+02,3.865912084142000253e+02,-9.013028879999640530e-02
1.916000000000000014e+01,3.323892398499777467e+00,9.954104047219884066e+00,6.630211648720107043e+00,9.580253886860000421e+02,3.866196973301999833e+02,-9.311977079998219609e-02
1.917000000000000171e+01,3.322133632964763272e+00,9.948326158972593092e+00,6.626192526007830708e+00,9.585305935199999112e+02,3.866305112012000222e+02,-9.304553579998220414e-02
1.917999999999999972e+01,3.288055666516231490e+00,9.921821073957069359e+00,6.633765407440837869e+00,9.590357375399999000e+02,3.866072983142000226e+02,-8.385120679996879711e-02
1.919000000000000128e+01,3.320191024500532162e+00,9.936945995780991581e+00,6.616754971280458975e+00,9.595304133160000220e+02,3.865744590141999879e+02,-7.862526979997300214e-02
1.919999999999999929e+01,3.379933904396755562e+00,9.969437737478937578e+00,6.589503833082181572e+00,9.600198126759999013e+02,3.865463195031999817e+02,-7.541710079998689698e-02
1.921000000000000085e+01,3.392405658048655681e+00,9.986141451216399290e+00,6.593735793167742720e+00,9.605197673519999171e+02,3.865438267082000152e+02,-7.129706079996790680e-02
1.922000000000000242e+01,3.392928621278285206e+00,9.999215531957133862e+00,6.606286910678848656e+00,9.610368700839999292e+02,3.865743188061999831e+02,-8.028966379998149494e-02
1.923000000000000043e+01,3.386296918053481875e+00,9.994296918053482415e+00,6.607999999999999652e+00,9.615545735359999071e+02,3.866118353112000250e+02,-9.530695479996879882e-02
1.924000000000000199e+01,3.378140548642769581e+00,9.986465746453614400e+00,6.608325197810843932e+00,9.620630017060000228e+02,3.866188231791999783e+02,-9.621851080000240475e-02
1.925000000000000000e+01,3.358351305383343810e+00,9.974164324968024076e+00,6.615813019584680710e+00,9.625624718779999967e+02,3.866072739612000078e+02,-9.606665280000249718e-02
1.926000000000000156e+01,3.339804927810208657e+00,9.961889353663663016e+00,6.622084425853453027e+00,9.630540122779998455e+02,3.865942668551999759e+02,-9.691142179997799810e-02
1.926999999999999957e+01,3.326305599746013364e+00,9.948909230525012859e+00,6.622603630778999495e+00,9.635388773479999145e+02,3.865929158111999868e+02,-9.279876679995900657e-02
1.928000000000000114e+01,3.333228624926692696e+00,9.951022853366108478e+00,6.617794228439416671e+00,9.640315889339999558e+02,3.866120274781999910e+02,-9.375659279999240536e-02
1.929000000000000270e+01,3.404456731014225745e+00,1.000072879790201341e+01,6.596272066887788554e+00,9.645382788659999278e+02,3.866319194911999944e+02,-9.971409479996419523e-02
1.930000000000000071e+01,3.443954867073071746e+00,1.002554394082917355e+01,6.581589073756103581e+00,9.650353528599998754e+02,3.866272519071999909e+02,-9.758703580001169831e-02
1.931000000000000227e+01,3.404290615597123093e+00,9.987995116098609572e+00,6.583704500501486478e+00,9.655292313299999023e+02,3.866083791752000138e+02,-9.541057080000189816e-02
1.932000000000000028e+01,3.379999999999999893e+00,9.960627209972587437e+00,6.580627209972588432e+00,9.660118431399998826e+02,3.865938642382000126e+02,-9.525199980000230437e-02
1.933000000000000185e+01,3.379999999999999893e+00,9.948738769615214750e+00,6.568738769615213080e+00,9.665016437479998785e+02,3.865937859731999993e+02,-9.414275679996819690e-02
1.933999999999999986e+01,3.393152669949435651e+00,9.950996029161570888e+00,6.557843359212135681e+00,9.670083330139998452e+02,3.866136885701999972e+02,-9.710027680001109829e-02
1.935000000000000142e+01,3.429521610746902205e+00,9.978636424167644847e+00,6.549114813420743531e+00,9.675277751480000461e+02,3.866382938741999737e+02,-1.090716098000130002e-01
1.935999999999999943e+01,3.444118421709476241e+00,9.964338562070928162e+00,6.520220140361452366e+00,9.680417092799998500e+02,3.866365637851999963e+02,-1.149512157999830059e-01
1.937000000000000099e+01,3.453157614136248554e+00,9.949080792896687342e+00,6.495923178760439676e+00,9.685444288239998514e+02,3.866031856371999993e+02,-1.087215818000119988e-01
1.938000000000000256e+01,3.434561778653187236e+00,9.929982367265434817e+00,6.495420588612248913e+00,9.690413867820000178e+02,3.865654614392000212e+02,-1.054779157999699984e-01
1.939000000000000057e+01,3.419000000000000039e+00,9.912902626999331446e+00,6.493902626999331851e+00,9.695360924100000375e+02,3.865496443381999825e+02,-1.023120407999840026e-01
1.940000000000000213e+01,3.419000000000000039e+00,9.906054473639022362e+00,6.487054473639023655e+00,9.700280325039998388e+02,3.865647231742000258e+02,-9.825577779996350070e-02
1.941000000000000014e+01,3.424128483302158799e+00,9.906555856910671309e+00,6.482427373608513399e+00,9.705319842699998389e+02,3.865974870292000105e+02,-1.022592887999839995e-01
1.942000000000000171e+01,3.442792076049362660e+00,9.926774749053475233e+00,6.483982673004113906e+00,9.710446076700000049e+02,3.866187158761999854e+02,-1.092201937999879996e-01
1.942999999999999972e+01,3.452835573755999476e+00,9.937655204902332784e+00,6.484819631146333307e+00,9.715483558839998750e+02,3.866024098702000060e+02,-1.070505887999780026e-01
1.944000000000000128e+01,3.446489679967210673e+00,9.930780486631144655e+00,6.484290806663934426e+00,9.720422042799998508e+02,3.865665184672000123e+02,-1.018140677999830046e-01
1.944999999999999929e+01,3.451818403394813828e+00,9.933497770922494752e+00,6.481679367527680924e+00,9.725304919359998621e+02,3.865403081091999979e+02,-1.016129717999830068e-01
1.946000000000000085e+01,3.471999732741533506e+00,9.948368224125340831e+00,6.476368491383807324e+00,9.730264537819998623e+02,3.865375767342000017e+02,-1.004929978000070057e-01
1.947000000000000242e+01,3.488266130145126098e+00,9.961394194527711576e+00,6.473128064382584590e+00,9.735350260220000109e+02,3.865595865372000048e+02,-1.044575397999689959e-01
1.948000000000000043e+01,3.501215418420522862e+00,9.972789568210060906e+00,6.471574149789537600e+00,9.740471929939999427e+02,3.865888093841999762e+02,-1.094467367999640006e-01
1.949000000000000199e+01,3.489353140043333301e+00,9.949033275272800125e+00,6.459680135229467268e+00,9.745473485160000564e+02,3.866003436842000269e+02,-1.073761538000120030e-01
1.950000000000000000e+01,3.463235571264326573e+00,9.905155759724069142e+00,6.441920188459742569e+00,9.750351519319999625e+02,3.866001584772000115e+02,-1.042669647999689975e-01
1.951000000000000156e+01,3.478378728524153640e+00,9.905432626957864528e+00,6.427053898433709556e+00,9.755215294679999261e+02,3.865898614801999997e+02,-1.051224438000020051e-01
1.951999999999999957e+01,3.509629463309137609e+00,9.922794146282855721e+00,6.413164682973716779e+00,9.760120140520000405e+02,3.865778027992000148e+02,-1.039707807999690065e-01
1.953000000000000114e+01,3.543269943696261581e+00,9.943024250859590296e+00,6.399754307163329159e+00,9.765188437939998494e+02,3.865776986771999759e+02,-1.018576517999589953e-01
1.954000000000000270e+01,3.577979542121977552e+00,9.964511145123129410e+00,6.386531603001150970e+00,9.770333506120000493e+02,3.866010276741999974e+02,-1.118255668000080055e-01
1.955000000000000071e+01,3.593731467947334224e+00,9.978731467947334011e+00,6.384999999999999787e+00,9.775391004999999041e+02,3.866198431522000192e+02,-1.237795188000069962e-01
1.956000000000000227e+01,3.606546831692487576e+00,9.991546831692488695e+00,6.384999999999999787e+00,9.780264755220000552e+02,3.866096172662000185e+02,-1.206350007999640039e-01
1.957000000000000028e+01,3.532241166703455004e+00,9.924717367357718700e+00,6.392476200654264140e+00,9.785198096039998745e+02,3.865827323432000071e+02,-1.094303307999980046e-01
1.958000000000000185e+01,3.458863323908665244e+00,9.858808259987345224e+00,6.399944936078679980e+00,9.790151148420000027e+02,3.865739572891999956e+02,-1.072891737999889933e-01
1.958999999999999986e+01,3.485203755811588255e+00,9.884642145122903401e+00,6.399438389311315589e+00,9.795159850799998367e+02,3.865905192601999829e+02,-1.112362088000069943e-01
1.960000000000000142e+01,3.510845339547708388e+00,9.909768438478851138e+00,6.398923098931143194e+00,9.800212765419998959e+02,3.866173604901999852e+02,-1.122185067999840052e-01
1.960999999999999943e+01,3.530978229056995765e+00,9.929357195839239481e+00,6.398378966782242827e+00,9.805294201659999089e+02,3.866293331421999824e+02,-1.151477257999699993e-01
1.962000000000000099e+01,3.533941324153413444e+00,9.932088773164700513e+00,6.398147449011287513e+00,9.810291189959998519e+02,3.866137798682000266e+02,-1.179817098000120051e-01
1.963000000000000256e+01,3.496798698851109499e+00,9.895441382866428270e+00,6.398642684015318771e+00,9.815188042339998447e+02,3.865806344051999872e+02,-1.187558417999890065e-01
1.964000000000000057e+01,3.475677832042923132e+00,9.878207295204740390e+00,6.402529463161816814e+00,9.820154215359998489e+02,3.865488792471999773e+02,-1.215333497999760010e-01
1.965000000000000213e+01,3.495713453534650572e+00,9.910697492218352167e+00,6.414984038683701151e+00,9.825211101659999713e+02,3.865336750231999758e+02,-1.223672198000080036e-01
1.966000000000000014e+01,3.494667748863790280e+00,9.917151366555406966e+00,6.422483617691615798e+00,9.830317924839998796e+02,3.865538126722000243e+02,-1.233246677999839946e-01
1.967000000000000171e+01,3.467282972146028097e+00,9.890840502650105392e+00,6.423557530504077739e+00,9.835332349640000302e+02,3.865954407852000259e+02,-1.293600238000119917e-01
1.967999999999999972e+01,3.477964445219174916e+00,9.905143509658792311e+00,6.427179064439617839e+00,9.840256045619998986e+02,3.866205426601999875e+02,-1.303390597999889988e-01
1.969000000000000128e+01,3.515992406768096767e+00,9.948675518274006535e+00,6.432683111505908435e+00,9.845203651899998931e+02,3.866037589431999777e+02,-1.181697037999890065e-01
1.969999999999999929e+01,3.540114574011982373e+00,9.979171861017974265e+00,6.439057287005991448e+00,9.850200880580000558e+02,3.865702344942000082e+02,-1.049401748000119983e-01
1.971000000000000085e+01,3.554198383014139484e+00,1.000029757452120904e+01,6.446099191507070003e+00,9.855259463499999129e+02,3.865520563342000173e+02,-9.976347579995989423e-02
1.972000000000000242e+01,3.567252406705601064e+00,1.001081125148691342e+01,6.443558844781311912e+00,9.860284406079999826e+02,3.865577144242000145e+02,-9.767164080000689808e-02
1.973000000000000043e+01,3.579904530255533679e+00,1.001739035573287850e+01,6.437485825477343937e+00,9.865288541959998838e+02,3.865822739231999776e+02,-9.864697379998360605e-02
1.974000000000000199e+01,3.557452278100120324e+00,9.998724030238189897e+00,6.441271752138070461e+00,9.870299840539998968e+02,3.866118363972000225e+02,-1.126398827999929991e-01
1.975000000000000000e+01,3.523964693386177682e+00,9.972146582052522135e+00,6.448181888666344008e+00,9.875263767359999747e+02,3.866191068932000121e+02,-1.225551717999840001e-01
1.976000000000000156e+01,3.484431744347348037e+00,9.927347700617289661e+00,6.442915956269940736e+00,9.880221960659998786e+02,3.866013288871999976e+02,-1.253821697999689955e-01
1.976999999999999957e+01,3.445056049302553269e+00,9.881047733953714385e+00,6.435991684651161115e+00,9.885272289759998330e+02,3.865800668722000069e+02,-1.291948327999900004e-01
1.978000000000000114e+01,3.509405702482774281e+00,9.944890696951414810e+00,6.435484994468639641e+00,9.890282410219999747e+02,3.865766009562000249e+02,-1.340711827999840067e-01
1.979000000000000270e+01,3.570432911853955726e+00,1.000519298994601414e+01,6.434760078092057967e+00,9.895281689959999767e+02,3.865921216721999940e+02,-1.340147277999849951e-01
1.980000000000000071e+01,3.556502302725755627e+00,9.985368661571266458e+00,6.428866358845511719e+00,9.900285246979999556e+02,3.866176936511999997e+02,-1.309936197999979901e-01
1.981000000000000227e+01,3.540337846128033927e+00,9.961820283037171819e+00,6.421482436909138336e+00,9.905287372179998329e+02,3.866282295831999818e+02,-1.289195017999890114e-01
1.982000000000000028e+01,3.513925600527345150e+00,9.921145424812111813e+00,6.407219824284767107e+00,9.910220443759999398e+02,3.866193616991999988e+02,-1.207784228000080007e-01
1.983000000000000185e+01,3.505629069752111970e+00,9.899552233771236942e+00,6.393923164019125416e+00,9.915138107699999637e+02,3.866023928732000172e+02,-1.126091057999699940e-01
1.983999999999999986e+01,3.543869887234487148e+00,9.926723340929767048e+00,6.382853453695280344e+00,9.920113407479998386e+02,3.865897383451999758e+02,-1.104537667999589967e-01
1.985000000000000142e+01,3.575041676038411165e+00,9.949556674913800691e+00,6.374514998875390859e+00,9.925152900299999601e+02,3.865874559061999776e+02,-1.113336127999930009e-01
1.985999999999999943e+01,3.588475474071560978e+00,9.961378417182974232e+00,6.372902943111412810e+00,9.930171018659998481e+02,3.866050697161999778e+02,-1.162841557999880066e-01
1.987000000000000099e+01,3.596000000000000085e+00,9.965116233181422700e+00,6.369116233181422615e+00,9.935175185619998501e+02,3.866295798232000038e+02,-1.312594047999749991e-01
1.988000000000000256e+01,3.596000000000000085e+00,9.958506741162093334e+00,6.362506741162092361e+00,9.940202434759999051e+02,3.866312021051999750e+02,-1.411533577999659894e-01
1.989000000000000057e+01,3.576058323635351588e+00,9.938731790334102811e+00,6.362673466698750779e+00,9.945320060499998363e+02,3.865973279962000220e+02,-1.379199817999789968e-01
1.990000000000000213e+01,3.534391224289136435e+00,9.904740209288506847e+00,6.370348984999369968e+00,9.950439963940000325e+02,3.865594639432000008e+02,-1.336724717999600021e-01
1.991000000000000014e+01,3.528338326254199853e+00,9.897002396602015750e+00,6.368664070347816342e+00,9.955506259559999762e+02,3.865453221422000070e+02,-1.325098677999849983e-01
1.992000000000000171e+01,3.540894440037163360e+00,9.903029331217837239e+00,6.362134891180675211e+00,9.960472421899999063e+02,3.865486697261999893e+02,-1.224111367999940053e-01
1.992999999999999972e+01,3.540279717469493992e+00,9.909720282530505742e+00,6.369440565061012194e+00,9.965487078199998905e+02,3.865723407762000079e+02,-1.083830037999840012e-01
1.994000000000000128e+01,3.533337829314536549e+00,9.916662170685462740e+00,6.383324341370927080e+00,9.970473813940000127e+02,3.866098326442000257e+02,-1.064043307999739951e-01
1.994999999999999929e+01,3.532000000000000028e+00,9.927293725435822225e+00,6.395293725435823085e+00,9.975430317699999705e+02,3.866301030921999882e+02,-1.103656107999940045e-01
1.996000000000000085e+01,3.532000000000000028e+00,9.938856619025246530e+00,6.406856619025245614e+00,9.980401324659999318e+02,3.866074219971999923e+02,-1.041749667999650047e-01
1.997000000000000242e+01,3.576117991474070390e+00,9.980313061709567890e+00,6.404195070235497056e+00,9.985401999859998341e+02,3.865678650041999731e+02,-1.029241557999879958e-01
1.998000000000000043e+01,3.630708202389028916e+00,1.002895780410903548e+01,6.398249601720006119e+00,9.990449490159999186e+02,3.865515771891999748e+02,-1.117544638000030066e-01
1.999000000000000199e+01,3.607738782077913875e+00,1.001230669873765677e+01,6.404567916659742011e+00,9.995379484779998620e+02,3.865656511522000187e+02,-1.256945368000119967e-01
