time,leftedge,rightedge,gap,x_LE,y_LE,time,leftedge,rightedge,gap,x_RE,y_RE
0.000000000000000000e+00,3.487000000000000099e+00,1.007199999999999918e+01,6.584999999999999964e+00,0.000000000000000000e+00,2.340130000000000052e+02,0.000000000000000000e+00,3.750000000000000000e+00,9.744999999999999218e+00,5.995000000000000107e+00,0.000000000000000000e+00,2.402549999999999955e+02
8.999999999999999320e-03,3.498000000000000220e+00,1.010999999999999943e+01,6.612000000000000099e+00,4.966065220989901484e-04,2.340020000000000095e+02,8.000000000000000167e-03,3.750000000000000000e+00,9.744999999999999218e+00,5.995000000000000107e+00,4.430414797585424387e-04,2.402549999999999955e+02
1.700000000000000122e-02,3.499000000000000110e+00,1.012299999999999933e+01,6.623999999999999666e+00,9.380345417425370314e-04,2.340010000000000048e+02,1.700000000000000122e-02,3.763999999999999790e+00,9.769000000000000128e+00,6.004999999999999893e+00,9.414631444869027161e-04,2.402309999999999945e+02
2.599999999999999881e-02,3.472999999999999865e+00,1.010100000000000087e+01,6.628000000000000114e+00,1.434641063841527071e-03,2.340269999999999868e+02,2.599999999999999881e-02,3.775999999999999801e+00,9.781000000000000583e+00,6.004999999999999893e+00,1.439884809215262722e-03,2.402189999999999941e+02
3.500000000000000333e-02,3.448999999999999844e+00,1.007499999999999929e+01,6.626000000000000334e+00,1.931247585940517545e-03,2.340509999999999877e+02,3.400000000000000244e-02,3.789000000000000146e+00,9.771000000000000796e+00,5.982000000000000206e+00,1.882926288973805432e-03,2.402289999999999850e+02
4.299999999999999656e-02,3.423000000000000043e+00,1.004899999999999949e+01,6.626000000000000334e+00,2.372675605584064103e-03,2.340769999999999982e+02,4.200000000000000261e-02,3.790000000000000036e+00,9.759000000000000341e+00,5.969000000000000306e+00,2.325967768732347708e-03,2.402409999999999854e+02
5.199999999999999761e-02,3.436999999999999833e+00,1.005899999999999928e+01,6.621999999999999886e+00,2.869282127683054143e-03,2.340629999999999882e+02,5.099999999999999672e-02,3.777000000000000135e+00,9.746000000000000441e+00,5.969000000000000306e+00,2.824389433460707498e-03,2.402539999999999907e+02
6.099999999999999867e-02,3.422000000000000153e+00,1.005799999999999983e+01,6.636000000000000121e+00,3.365888649782044616e-03,2.340780000000000030e+02,5.999999999999999778e-02,3.740000000000000213e+00,9.720000000000000639e+00,5.980000000000000426e+00,3.322811098189068155e-03,2.402800000000000011e+02
6.900000000000000577e-02,3.422000000000000153e+00,1.005700000000000038e+01,6.634999999999999787e+00,3.807316669425591608e-03,2.340780000000000030e+02,6.800000000000000488e-02,3.725999999999999979e+00,9.705000000000000071e+00,5.979000000000000092e+00,3.765852577947610864e-03,2.402949999999999875e+02
7.799999999999999989e-02,3.435000000000000053e+00,1.004400000000000048e+01,6.608999999999999986e+00,4.303923191524581214e-03,2.340649999999999977e+02,7.699999999999999900e-02,3.713000000000000078e+00,9.669000000000000483e+00,5.956000000000000405e+00,4.264274242675970654e-03,2.403309999999999889e+02
8.699999999999999400e-02,3.447999999999999954e+00,1.006900000000000084e+01,6.621000000000000441e+00,4.800529713623571254e-03,2.340519999999999925e+02,8.599999999999999312e-02,3.698999999999999844e+00,9.654999999999999361e+00,5.956000000000000405e+00,4.762695907404330443e-03,2.403449999999999989e+02
9.600000000000000200e-02,3.472999999999999865e+00,1.008099999999999952e+01,6.607999999999999652e+00,5.297136235722562161e-03,2.340269999999999868e+02,9.500000000000000111e-02,3.712000000000000188e+00,9.644000000000000128e+00,5.932000000000000384e+00,5.261117572132691100e-03,2.403559999999999945e+02
1.039999999999999952e-01,3.471999999999999975e+00,1.008000000000000007e+01,6.607999999999999652e+00,5.738564255366108285e-03,2.340279999999999916e+02,1.029999999999999943e-01,3.725000000000000089e+00,9.666999999999999815e+00,5.942000000000000171e+00,5.704159051891232943e-03,2.403329999999999984e+02
1.130000000000000032e-01,3.447000000000000064e+00,1.004400000000000048e+01,6.597000000000000419e+00,6.235170777465099193e-03,2.340529999999999973e+02,1.120000000000000023e-01,3.737999999999999989e+00,9.680999999999999162e+00,5.942999999999999616e+00,6.202580716619593600e-03,2.403189999999999884e+02
1.209999999999999964e-01,3.422000000000000153e+00,1.001999999999999957e+01,6.597999999999999865e+00,6.676598797108645317e-03,2.340780000000000030e+02,1.209999999999999964e-01,3.751999999999999780e+00,9.695999999999999730e+00,5.943999999999999950e+00,6.701002381347953389e-03,2.403040000000000020e+02
1.310000000000000053e-01,3.422000000000000153e+00,1.000699999999999967e+01,6.584999999999999964e+00,7.228383821663079273e-03,2.340780000000000030e+02,1.300000000000000044e-01,3.751999999999999780e+00,9.695999999999999730e+00,5.943999999999999950e+00,7.199424046076314046e-03,2.403040000000000020e+02
1.390000000000000124e-01,3.422000000000000153e+00,1.002200000000000024e+01,6.599999999999999645e+00,7.669811841306627131e-03,2.340780000000000030e+02,1.380000000000000115e-01,3.778000000000000025e+00,9.711999999999999744e+00,5.934000000000000163e+00,7.642465525834857623e-03,2.402880000000000109e+02
1.479999999999999927e-01,3.423000000000000043e+00,1.001099999999999923e+01,6.588000000000000078e+00,8.166418363405616304e-03,2.340769999999999982e+02,1.469999999999999918e-01,3.790000000000000036e+00,9.711000000000000298e+00,5.921000000000000263e+00,8.140887190563215678e-03,2.402889999999999873e+02
1.570000000000000007e-01,3.422000000000000153e+00,9.996999999999999886e+00,6.575000000000000178e+00,8.663024885504607212e-03,2.340780000000000030e+02,1.559999999999999998e-01,3.791999999999999815e+00,9.701999999999999957e+00,5.910000000000000142e+00,8.639308855291577202e-03,2.402980000000000018e+02
1.700000000000000122e-01,3.410000000000000142e+00,9.999000000000000554e+00,6.589000000000000412e+00,9.380345417425370314e-03,2.340900000000000034e+02,1.640000000000000069e-01,3.803999999999999826e+00,9.712999999999999190e+00,5.908999999999999808e+00,9.082350335050119045e-03,2.402870000000000061e+02
1.779999999999999916e-01,3.410000000000000142e+00,9.973000000000000753e+00,6.562999999999999723e+00,9.821773437068916437e-03,2.340900000000000034e+02,1.729999999999999871e-01,3.778000000000000025e+00,9.699999999999999289e+00,5.921999999999999709e+00,9.580771999778478834e-03,2.403000000000000114e+02
1.859999999999999987e-01,3.395999999999999908e+00,9.958000000000000185e+00,6.562000000000000277e+00,1.026320145671246430e-02,2.341040000000000134e+02,1.819999999999999951e-01,3.791999999999999815e+00,9.689000000000000057e+00,5.897000000000000242e+00,1.007919366450684036e-02,2.403110000000000070e+02
1.960000000000000075e-01,3.370999999999999996e+00,9.945999999999999730e+00,6.575000000000000178e+00,1.081498648126689825e-02,2.341289999999999907e+02,1.900000000000000022e-01,3.803999999999999826e+00,9.686999999999999389e+00,5.883000000000000007e+00,1.052223514426538220e-02,2.403129999999999882e+02
2.039999999999999869e-01,3.370999999999999996e+00,9.942999999999999616e+00,6.572000000000000064e+00,1.125641450091044264e-02,2.341289999999999907e+02,2.000000000000000111e-01,3.803999999999999826e+00,9.685999999999999943e+00,5.881999999999999673e+00,1.107603699396356167e-02,2.403139999999999930e+02
2.129999999999999949e-01,3.357000000000000206e+00,9.942000000000000171e+00,6.584999999999999964e+00,1.175302102300943355e-02,2.341430000000000007e+02,2.079999999999999905e-01,3.790000000000000036e+00,9.660999999999999588e+00,5.871000000000000441e+00,1.151907847372210178e-02,2.403389999999999986e+02
2.210000000000000020e-01,3.395999999999999908e+00,9.955000000000000071e+00,6.559000000000000163e+00,1.219444904265298141e-02,2.341040000000000134e+02,2.169999999999999984e-01,3.751999999999999780e+00,9.622999999999999332e+00,5.871000000000000441e+00,1.201750013845046330e-02,2.403770000000000095e+02
2.310000000000000109e-01,3.395999999999999908e+00,9.954000000000000625e+00,6.557999999999999829e+00,1.274623406720741536e-02,2.341040000000000134e+02,2.250000000000000056e-01,3.713999999999999968e+00,9.621999999999999886e+00,5.908000000000000362e+00,1.246054161820900515e-02,2.403779999999999859e+02
2.389999999999999902e-01,3.408999999999999808e+00,9.993000000000000327e+00,6.583999999999999631e+00,1.318766208685096149e-02,2.340910000000000082e+02,2.379999999999999893e-01,3.701000000000000068e+00,9.608000000000000540e+00,5.907000000000000028e+00,1.318048402281663672e-02,2.403919999999999959e+02
2.479999999999999982e-01,3.435000000000000053e+00,1.000699999999999967e+01,6.572000000000000064e+00,1.368426860894995239e-02,2.340649999999999977e+02,2.469999999999999973e-01,3.713999999999999968e+00,9.582000000000000739e+00,5.868000000000000327e+00,1.367890568754499651e-02,2.404180000000000064e+02
2.570000000000000062e-01,3.435000000000000053e+00,1.001900000000000013e+01,6.583999999999999631e+00,1.418087513104894157e-02,2.340649999999999977e+02,2.560000000000000053e-01,3.676000000000000156e+00,9.583999999999999631e+00,5.908000000000000362e+00,1.417732735227335804e-02,2.404159999999999968e+02
2.650000000000000133e-01,3.435000000000000053e+00,1.001999999999999957e+01,6.584999999999999964e+00,1.462230315069248943e-02,2.340649999999999977e+02,2.640000000000000124e-01,3.701999999999999957e+00,9.583999999999999631e+00,5.881999999999999673e+00,1.462036883203189988e-02,2.404159999999999968e+02
2.740000000000000213e-01,3.384999999999999787e+00,9.981999999999999318e+00,6.597000000000000419e+00,1.511890967279148033e-02,2.341150000000000091e+02,2.730000000000000204e-01,3.726999999999999869e+00,9.625000000000000000e+00,5.897999999999999687e+00,1.511879049676026140e-02,2.403750000000000000e+02
2.829999999999999738e-01,3.358000000000000096e+00,9.958000000000000185e+00,6.599999999999999645e+00,1.561551619489046777e-02,2.341419999999999959e+02,2.819999999999999729e-01,3.765000000000000124e+00,9.685000000000000497e+00,5.919999999999999929e+00,1.561721216148861772e-02,2.403149999999999977e+02
2.909999999999999809e-01,3.358000000000000096e+00,9.945999999999999730e+00,6.588000000000000078e+00,1.605694421453401563e-02,2.341419999999999959e+02,2.909999999999999809e-01,3.766000000000000014e+00,9.672000000000000597e+00,5.905999999999999694e+00,1.611563382621697751e-02,2.403280000000000030e+02
2.999999999999999889e-01,3.345000000000000195e+00,9.932000000000000384e+00,6.586999999999999744e+00,1.655355073663300480e-02,2.341550000000000011e+02,2.999999999999999889e-01,3.766000000000000014e+00,9.660999999999999588e+00,5.894999999999999574e+00,1.661405549094533904e-02,2.403389999999999986e+02
3.089999999999999969e-01,3.345000000000000195e+00,9.929999999999999716e+00,6.584999999999999964e+00,1.705015725873199745e-02,2.341550000000000011e+02,3.079999999999999960e-01,3.751999999999999780e+00,9.647999999999999687e+00,5.895999999999999908e+00,1.705709697070388262e-02,2.403520000000000039e+02
3.170000000000000040e-01,3.331999999999999851e+00,9.916999999999999815e+00,6.584999999999999964e+00,1.749158527837554183e-02,2.341680000000000064e+02,3.170000000000000040e-01,3.751999999999999780e+00,9.634999999999999787e+00,5.883000000000000007e+00,1.755551863543224414e-02,2.403650000000000091e+02
3.260000000000000120e-01,3.345000000000000195e+00,9.917999999999999261e+00,6.573000000000000398e+00,1.798819180047453448e-02,2.341550000000000011e+02,3.250000000000000111e-01,3.766000000000000014e+00,9.634999999999999787e+00,5.868999999999999773e+00,1.799856011519078772e-02,2.403650000000000091e+02
3.350000000000000200e-01,3.358999999999999986e+00,9.942000000000000171e+00,6.583000000000000185e+00,1.848479832257352365e-02,2.341409999999999911e+02,3.340000000000000191e-01,3.725999999999999979e+00,9.596000000000000085e+00,5.870000000000000107e+00,1.849698177991914577e-02,2.404039999999999964e+02
3.430000000000000271e-01,3.358000000000000096e+00,9.941000000000000725e+00,6.583000000000000185e+00,1.892622634221707151e-02,2.341419999999999959e+02,3.430000000000000271e-01,3.714999999999999858e+00,9.571999999999999176e+00,5.857000000000000206e+00,1.899540344464750730e-02,2.404279999999999973e+02
3.519999999999999796e-01,3.358999999999999986e+00,9.941000000000000725e+00,6.581999999999999851e+00,1.942283286431606068e-02,2.341409999999999911e+02,3.519999999999999796e-01,3.725999999999999979e+00,9.593999999999999417e+00,5.868000000000000327e+00,1.949382510937586535e-02,2.404060000000000059e+02
3.599999999999999867e-01,3.345000000000000195e+00,9.928000000000000824e+00,6.583000000000000185e+00,1.986426088395960507e-02,2.341550000000000011e+02,3.599999999999999867e-01,3.738999999999999879e+00,9.583000000000000185e+00,5.844000000000000306e+00,1.993686658913440893e-02,2.404170000000000016e+02
3.689999999999999947e-01,3.345000000000000195e+00,9.904999999999999361e+00,6.559999999999999609e+00,2.036086740605859771e-02,2.341550000000000011e+02,3.689999999999999947e-01,3.726999999999999869e+00,9.558999999999999275e+00,5.831999999999999851e+00,2.043528825386276698e-02,2.404410000000000025e+02
3.780000000000000027e-01,3.345000000000000195e+00,9.906000000000000583e+00,6.560999999999999943e+00,2.085747392815758688e-02,2.341550000000000011e+02,3.770000000000000018e-01,3.688000000000000167e+00,9.519999999999999574e+00,5.831999999999999851e+00,2.087832973362131056e-02,2.404799999999999898e+02
3.870000000000000107e-01,3.346000000000000085e+00,9.907000000000000028e+00,6.560999999999999943e+00,2.135408045025657953e-02,2.341539999999999964e+02,3.860000000000000098e-01,3.676000000000000156e+00,9.496000000000000441e+00,5.820000000000000284e+00,2.137675139834967208e-02,2.405039999999999907e+02
3.950000000000000178e-01,3.358000000000000096e+00,9.919999999999999929e+00,6.562000000000000277e+00,2.179550846990012739e-02,2.341419999999999959e+02,3.950000000000000178e-01,3.676000000000000156e+00,9.506999999999999673e+00,5.831000000000000405e+00,2.187517306307803361e-02,2.404929999999999950e+02
4.040000000000000258e-01,3.370999999999999996e+00,9.932999999999999829e+00,6.562000000000000277e+00,2.229211499199911656e-02,2.341289999999999907e+02,4.040000000000000258e-01,3.650999999999999801e+00,9.496000000000000441e+00,5.844999999999999751e+00,2.237359472780639166e-02,2.405039999999999907e+02
4.129999999999999782e-01,3.370999999999999996e+00,9.942999999999999616e+00,6.572000000000000064e+00,2.278872151409810226e-02,2.341289999999999907e+02,4.119999999999999774e-01,3.650999999999999801e+00,9.474000000000000199e+00,5.823000000000000398e+00,2.281663620756493177e-02,2.405260000000000105e+02
4.209999999999999853e-01,3.345000000000000195e+00,9.919999999999999929e+00,6.575000000000000178e+00,2.323014953374165012e-02,2.341550000000000011e+02,4.209999999999999853e-01,3.689999999999999947e+00,9.496999999999999886e+00,5.807000000000000384e+00,2.331505787229329330e-02,2.405029999999999859e+02
4.299999999999999933e-01,3.319999999999999840e+00,9.904999999999999361e+00,6.584999999999999964e+00,2.372675605584064276e-02,2.341800000000000068e+02,4.299999999999999933e-01,3.726999999999999869e+00,9.532999999999999474e+00,5.806000000000000050e+00,2.381347953702165482e-02,2.404670000000000130e+02
4.390000000000000013e-01,3.307999999999999829e+00,9.891999999999999460e+00,6.583999999999999631e+00,2.422336257793963193e-02,2.341920000000000073e+02,4.390000000000000013e-01,3.738999999999999879e+00,9.542999999999999261e+00,5.804000000000000270e+00,2.431190120175001634e-02,2.404569999999999936e+02
4.480000000000000093e-01,3.282000000000000028e+00,9.867000000000000881e+00,6.584999999999999964e+00,2.471996910003862458e-02,2.342179999999999893e+02,4.470000000000000084e-01,3.751999999999999780e+00,9.531000000000000583e+00,5.778999999999999915e+00,2.475494268150855645e-02,2.404689999999999941e+02
4.560000000000000164e-01,3.269000000000000128e+00,9.842000000000000526e+00,6.573000000000000398e+00,2.516139711968216897e-02,2.342309999999999945e+02,4.560000000000000164e-01,3.713000000000000078e+00,9.492000000000000881e+00,5.778999999999999915e+00,2.525336434623691798e-02,2.405080000000000098e+02
4.650000000000000244e-01,3.257000000000000117e+00,9.816000000000000725e+00,6.559000000000000163e+00,2.565800364178116161e-02,2.342429999999999950e+02,4.650000000000000244e-01,3.700000000000000178e+00,9.468999999999999417e+00,5.769000000000000128e+00,2.575178601096527950e-02,2.405310000000000059e+02
4.739999999999999769e-01,3.255999999999999783e+00,9.816000000000000725e+00,6.559999999999999609e+00,2.615461016388014731e-02,2.342439999999999998e+02,4.729999999999999760e-01,3.673999999999999932e+00,9.454000000000000625e+00,5.780000000000000249e+00,2.619482749072381961e-02,2.405459999999999923e+02
4.829999999999999849e-01,3.270000000000000018e+00,9.840999999999999304e+00,6.570999999999999730e+00,2.665121668597913995e-02,2.342299999999999898e+02,4.819999999999999840e-01,3.661999999999999922e+00,9.454000000000000625e+00,5.791999999999999815e+00,2.669324915545218113e-02,2.405459999999999923e+02
4.909999999999999920e-01,3.282999999999999918e+00,9.855000000000000426e+00,6.572000000000000064e+00,2.709264470562268781e-02,2.342170000000000130e+02,4.899999999999999911e-01,3.662999999999999812e+00,9.441000000000000725e+00,5.777999999999999581e+00,2.713629063521072124e-02,2.405589999999999975e+02
5.000000000000000000e-01,3.257000000000000117e+00,9.855999999999999872e+00,6.599000000000000199e+00,2.758925122772167698e-02,2.342429999999999950e+02,4.989999999999999991e-01,3.624000000000000110e+00,9.417999999999999261e+00,5.793999999999999595e+00,2.763471229993908276e-02,2.405819999999999936e+02
5.090000000000000080e-01,3.257000000000000117e+00,9.843999999999999417e+00,6.586999999999999744e+00,2.808585774982066616e-02,2.342429999999999950e+02,5.080000000000000071e-01,3.649999999999999911e+00,9.470000000000000639e+00,5.820000000000000284e+00,2.813313396466744429e-02,2.405300000000000011e+02
5.170000000000000151e-01,3.269000000000000128e+00,9.868999999999999773e+00,6.599999999999999645e+00,2.852728576946421402e-02,2.342309999999999945e+02,5.170000000000000151e-01,3.662999999999999812e+00,9.493000000000000327e+00,5.830000000000000071e+00,2.863155562939580581e-02,2.405070000000000050e+02
5.260000000000000231e-01,3.282999999999999918e+00,9.869999999999999218e+00,6.586999999999999744e+00,2.902389229156320666e-02,2.342170000000000130e+02,5.250000000000000222e-01,3.637999999999999901e+00,9.480999999999999872e+00,5.842999999999999972e+00,2.907459710915434592e-02,2.405190000000000055e+02
5.350000000000000311e-01,3.244000000000000217e+00,9.843999999999999417e+00,6.599999999999999645e+00,2.952049881366219583e-02,2.342560000000000002e+02,5.340000000000000302e-01,3.637999999999999901e+00,9.468999999999999417e+00,5.831000000000000405e+00,2.957301877388270744e-02,2.405310000000000059e+02
5.440000000000000391e-01,3.232000000000000206e+00,9.842999999999999972e+00,6.610999999999999766e+00,3.001710533576118500e-02,2.342680000000000007e+02,5.430000000000000382e-01,3.625000000000000000e+00,9.455999999999999517e+00,5.831000000000000405e+00,3.007144043861106897e-02,2.405440000000000111e+02
5.520000000000000462e-01,3.217999999999999972e+00,9.842999999999999972e+00,6.625000000000000000e+00,3.045853335540473286e-02,2.342820000000000107e+02,5.520000000000000462e-01,3.612000000000000099e+00,9.432000000000000384e+00,5.820000000000000284e+00,3.056986210333943049e-02,2.405680000000000121e+02
5.610000000000000542e-01,3.257000000000000117e+00,9.877000000000000668e+00,6.620000000000000107e+00,3.095513987750372550e-02,2.342429999999999950e+02,5.600000000000000533e-01,3.612000000000000099e+00,9.429999999999999716e+00,5.817999999999999616e+00,3.101290358309797060e-02,2.405699999999999932e+02
5.699999999999999512e-01,3.269000000000000128e+00,9.887999999999999901e+00,6.618999999999999773e+00,3.145174639960270774e-02,2.342309999999999945e+02,5.689999999999999503e-01,3.612000000000000099e+00,9.416000000000000369e+00,5.804000000000000270e+00,3.151132524782632865e-02,2.405840000000000032e+02
5.789999999999999591e-01,3.217999999999999972e+00,9.840999999999999304e+00,6.623000000000000220e+00,3.194835292170170038e-02,2.342820000000000107e+02,5.779999999999999583e-01,3.612000000000000099e+00,9.403999999999999915e+00,5.791999999999999815e+00,3.200974691255469018e-02,2.405960000000000036e+02
5.869999999999999662e-01,3.205000000000000071e+00,9.804000000000000270e+00,6.599000000000000199e+00,3.238978094134524477e-02,2.342949999999999875e+02,5.869999999999999662e-01,3.597999999999999865e+00,9.413999999999999702e+00,5.815999999999999837e+00,3.250816857728304476e-02,2.405860000000000127e+02
5.959999999999999742e-01,3.193000000000000060e+00,9.789999999999999147e+00,6.597000000000000419e+00,3.288638746344423741e-02,2.343069999999999879e+02,5.949999999999999734e-01,3.611000000000000210e+00,9.416000000000000369e+00,5.804999999999999716e+00,3.295121005704158834e-02,2.405840000000000032e+02
6.049999999999999822e-01,3.192000000000000171e+00,9.778000000000000469e+00,6.586000000000000298e+00,3.338299398554323005e-02,2.343079999999999927e+02,6.029999999999999805e-01,3.649000000000000021e+00,9.439999999999999503e+00,5.791000000000000369e+00,3.339425153680013192e-02,2.405600000000000023e+02
6.129999999999999893e-01,3.181000000000000050e+00,9.763999999999999346e+00,6.583000000000000185e+00,3.382442200518677444e-02,2.343189999999999884e+02,6.129999999999999893e-01,3.611000000000000210e+00,9.403000000000000469e+00,5.791999999999999815e+00,3.394805338649831139e-02,2.405970000000000084e+02
6.219999999999999973e-01,3.153999999999999915e+00,9.728999999999999204e+00,6.575000000000000178e+00,3.432102852728576708e-02,2.343460000000000036e+02,6.219999999999999973e-01,3.585999999999999854e+00,9.391999999999999460e+00,5.806000000000000050e+00,3.444647505122667291e-02,2.406080000000000041e+02
6.310000000000000053e-01,3.180000000000000160e+00,9.728999999999999204e+00,6.549000000000000377e+00,3.481763504938475973e-02,2.343199999999999932e+02,6.300000000000000044e-01,3.560000000000000053e+00,9.390000000000000568e+00,5.830000000000000071e+00,3.488951653098521649e-02,2.406100000000000136e+02
6.390000000000000124e-01,3.193000000000000060e+00,9.756000000000000227e+00,6.562999999999999723e+00,3.525906306902830412e-02,2.343069999999999879e+02,6.390000000000000124e-01,3.536000000000000032e+00,9.365000000000000213e+00,5.828999999999999737e+00,3.538793819571357802e-02,2.406349999999999909e+02
6.470000000000000195e-01,3.217999999999999972e+00,9.804999999999999716e+00,6.586999999999999744e+00,3.570049108867184851e-02,2.342820000000000107e+02,6.480000000000000204e-01,3.536000000000000032e+00,9.367000000000000881e+00,5.831000000000000405e+00,3.588635986044193954e-02,2.406330000000000098e+02
6.560000000000000275e-01,3.232000000000000206e+00,9.804999999999999716e+00,6.573000000000000398e+00,3.619709761077084115e-02,2.342680000000000007e+02,6.560000000000000275e-01,3.509999999999999787e+00,9.343999999999999417e+00,5.833999999999999631e+00,3.632940134020047618e-02,2.406560000000000059e+02
6.650000000000000355e-01,3.217999999999999972e+00,9.803000000000000824e+00,6.584999999999999964e+00,3.669370413286983379e-02,2.342820000000000107e+02,6.640000000000000346e-01,3.509999999999999787e+00,9.343999999999999417e+00,5.833999999999999631e+00,3.677244281995901976e-02,2.406560000000000059e+02
6.740000000000000435e-01,3.205000000000000071e+00,9.788999999999999702e+00,6.583999999999999631e+00,3.719031065496882643e-02,2.342949999999999875e+02,6.740000000000000435e-01,3.548999999999999932e+00,9.378999999999999559e+00,5.830000000000000071e+00,3.732624466965719923e-02,2.406210000000000093e+02
6.820000000000000506e-01,3.180000000000000160e+00,9.775999999999999801e+00,6.596000000000000085e+00,3.763173867461237082e-02,2.343199999999999932e+02,6.820000000000000506e-01,3.560999999999999943e+00,9.381000000000000227e+00,5.820000000000000284e+00,3.776928614941574280e-02,2.406189999999999998e+02
6.909999999999999476e-01,3.165999999999999925e+00,9.752000000000000668e+00,6.586000000000000298e+00,3.812834519671135652e-02,2.343340000000000032e+02,6.909999999999999476e-01,3.548999999999999932e+00,9.378999999999999559e+00,5.830000000000000071e+00,3.826770781414409739e-02,2.406210000000000093e+02
6.999999999999999556e-01,3.141000000000000014e+00,9.724999999999999645e+00,6.583999999999999631e+00,3.862495171881034223e-02,2.343590000000000089e+02,6.989999999999999547e-01,3.548999999999999932e+00,9.380000000000000782e+00,5.831000000000000405e+00,3.871074929390264097e-02,2.406200000000000045e+02
7.079999999999999627e-01,3.141000000000000014e+00,9.726000000000000867e+00,6.584999999999999964e+00,3.906637973845389356e-02,2.343590000000000089e+02,7.079999999999999627e-01,3.535000000000000142e+00,9.378000000000000114e+00,5.842999999999999972e+00,3.920917095863100249e-02,2.406220000000000141e+02
7.169999999999999707e-01,3.166999999999999815e+00,9.737000000000000099e+00,6.570000000000000284e+00,3.956298626055288620e-02,2.343329999999999984e+02,7.169999999999999707e-01,3.548000000000000043e+00,9.377000000000000668e+00,5.828999999999999737e+00,3.970759262335936401e-02,2.406229999999999905e+02
7.259999999999999787e-01,3.180000000000000160e+00,9.739000000000000767e+00,6.559000000000000163e+00,4.005959278265187190e-02,2.343199999999999932e+02,7.259999999999999787e-01,3.535000000000000142e+00,9.365000000000000213e+00,5.830000000000000071e+00,4.020601428808772554e-02,2.406349999999999909e+02
7.349999999999999867e-01,3.180000000000000160e+00,9.727000000000000313e+00,6.546999999999999709e+00,4.055619930475086454e-02,2.343199999999999932e+02,7.339999999999999858e-01,3.509999999999999787e+00,9.339000000000000412e+00,5.828999999999999737e+00,4.064905576784626218e-02,2.406610000000000014e+02
7.429999999999999938e-01,3.153999999999999915e+00,9.704000000000000625e+00,6.549999999999999822e+00,4.099762732439440893e-02,2.343460000000000036e+02,7.429999999999999938e-01,3.509999999999999787e+00,9.352999999999999758e+00,5.842999999999999972e+00,4.114747743257462370e-02,2.406469999999999914e+02
7.520000000000000018e-01,3.156000000000000139e+00,9.714999999999999858e+00,6.559000000000000163e+00,4.149423384649340157e-02,2.343439999999999941e+02,7.520000000000000018e-01,3.560999999999999943e+00,9.377000000000000668e+00,5.815999999999999837e+00,4.164589909730298523e-02,2.406229999999999905e+02
7.610000000000000098e-01,3.129999999999999893e+00,9.717000000000000526e+00,6.586999999999999744e+00,4.199084036859239422e-02,2.343700000000000045e+02,7.600000000000000089e-01,3.572999999999999954e+00,9.391000000000000014e+00,5.817999999999999616e+00,4.208894057706152880e-02,2.406090000000000089e+02
7.700000000000000178e-01,3.116999999999999993e+00,9.705000000000000071e+00,6.588000000000000078e+00,4.248744689069138686e-02,2.343830000000000098e+02,7.690000000000000169e-01,3.560999999999999943e+00,9.367000000000000881e+00,5.806000000000000050e+00,4.258736224178989033e-02,2.406330000000000098e+02
7.780000000000000249e-01,3.116000000000000103e+00,9.715999999999999304e+00,6.599999999999999645e+00,4.292887491033493125e-02,2.343839999999999861e+02,7.780000000000000249e-01,3.523000000000000131e+00,9.329000000000000625e+00,5.806000000000000050e+00,4.308578390651825185e-02,2.406709999999999923e+02
7.870000000000000329e-01,3.116000000000000103e+00,9.715999999999999304e+00,6.599999999999999645e+00,4.342548143243392389e-02,2.343839999999999861e+02,7.870000000000000329e-01,3.524000000000000021e+00,9.317999999999999616e+00,5.793999999999999595e+00,4.358420557124661338e-02,2.406819999999999879e+02
7.960000000000000409e-01,3.116000000000000103e+00,9.714999999999999858e+00,6.599000000000000199e+00,4.392208795453290959e-02,2.343839999999999861e+02,7.950000000000000400e-01,3.509999999999999787e+00,9.330000000000000071e+00,5.820000000000000284e+00,4.402724705100515695e-02,2.406699999999999875e+02
8.040000000000000480e-01,3.141000000000000014e+00,9.739000000000000767e+00,6.597999999999999865e+00,4.436351597417646092e-02,2.343590000000000089e+02,8.040000000000000480e-01,3.486000000000000210e+00,9.291000000000000369e+00,5.804999999999999716e+00,4.452566871573351154e-02,2.407090000000000032e+02
8.129999999999999449e-01,3.128000000000000114e+00,9.724000000000000199e+00,6.596000000000000085e+00,4.486012249627544662e-02,2.343720000000000141e+02,8.129999999999999449e-01,3.471999999999999975e+00,9.263999999999999346e+00,5.791999999999999815e+00,4.502409038046186612e-02,2.407359999999999900e+02
8.219999999999999529e-01,3.128000000000000114e+00,9.698999999999999844e+00,6.570999999999999730e+00,4.535672901837443233e-02,2.343720000000000141e+02,8.209999999999999520e-01,3.471999999999999975e+00,9.250999999999999446e+00,5.778999999999999915e+00,4.546713186022040970e-02,2.407489999999999952e+02
8.309999999999999609e-01,3.140000000000000124e+00,9.698999999999999844e+00,6.559000000000000163e+00,4.585333554047342497e-02,2.343600000000000136e+02,8.299999999999999600e-01,3.495999999999999996e+00,9.275999999999999801e+00,5.780000000000000249e+00,4.596555352494877122e-02,2.407239999999999895e+02
8.389999999999999680e-01,3.128000000000000114e+00,9.688000000000000611e+00,6.559999999999999609e+00,4.629476356011696936e-02,2.343720000000000141e+02,8.379999999999999671e-01,3.547000000000000153e+00,9.324999999999999289e+00,5.777999999999999581e+00,4.640859500470731480e-02,2.406750000000000114e+02
8.479999999999999760e-01,3.129000000000000004e+00,9.711000000000000298e+00,6.581999999999999851e+00,4.679137008221596200e-02,2.343710000000000093e+02,8.469999999999999751e-01,3.547000000000000153e+00,9.313000000000000611e+00,5.766000000000000014e+00,4.690701666943567633e-02,2.406870000000000118e+02
8.569999999999999840e-01,3.104000000000000092e+00,9.688000000000000611e+00,6.583999999999999631e+00,4.728797660431495464e-02,2.343959999999999866e+02,8.559999999999999831e-01,3.509999999999999787e+00,9.275999999999999801e+00,5.766000000000000014e+00,4.740543833416403785e-02,2.407239999999999895e+02
8.649999999999999911e-01,3.076999999999999957e+00,9.676000000000000156e+00,6.599000000000000199e+00,4.772940462395849903e-02,2.344230000000000018e+02,8.639999999999999902e-01,3.508999999999999897e+00,9.287000000000000810e+00,5.777999999999999581e+00,4.784847981392258143e-02,2.407129999999999939e+02
8.739999999999999991e-01,3.077999999999999847e+00,9.688000000000000611e+00,6.610000000000000320e+00,4.822601114605749167e-02,2.344219999999999970e+02,8.729999999999999982e-01,3.495999999999999996e+00,9.275000000000000355e+00,5.778999999999999915e+00,4.834690147865094295e-02,2.407249999999999943e+02
8.830000000000000071e-01,3.064999999999999947e+00,9.676000000000000156e+00,6.610999999999999766e+00,4.872261766815648432e-02,2.344350000000000023e+02,8.820000000000000062e-01,3.509999999999999787e+00,9.300000000000000711e+00,5.790000000000000036e+00,4.884532314337930448e-02,2.406999999999999886e+02
8.910000000000000142e-01,3.077999999999999847e+00,9.701999999999999957e+00,6.623999999999999666e+00,4.916404568780002871e-02,2.344219999999999970e+02,8.900000000000000133e-01,3.483999999999999986e+00,9.275000000000000355e+00,5.791000000000000369e+00,4.928836462313784111e-02,2.407249999999999943e+02
9.000000000000000222e-01,3.091000000000000192e+00,9.712999999999999190e+00,6.621999999999999886e+00,4.966065220989902135e-02,2.344089999999999918e+02,8.990000000000000213e-01,3.484999999999999876e+00,9.252000000000000668e+00,5.767000000000000348e+00,4.978678628786620264e-02,2.407479999999999905e+02
9.090000000000000302e-01,3.089999999999999858e+00,9.711999999999999744e+00,6.621999999999999886e+00,5.015725873199800705e-02,2.344099999999999966e+02,9.120000000000000329e-01,3.484999999999999876e+00,9.276999999999999247e+00,5.791999999999999815e+00,5.050672869247383595e-02,2.407230000000000132e+02
9.170000000000000373e-01,3.089999999999999858e+00,9.711999999999999744e+00,6.621999999999999886e+00,5.059868675164155838e-02,2.344099999999999966e+02,9.210000000000000409e-01,3.523000000000000131e+00,9.316000000000000725e+00,5.793000000000000149e+00,5.100515035720219748e-02,2.406839999999999975e+02
9.260000000000000453e-01,3.076999999999999957e+00,9.699999999999999289e+00,6.623000000000000220e+00,5.109529327374055102e-02,2.344230000000000018e+02,9.300000000000000488e-01,3.509999999999999787e+00,9.303000000000000824e+00,5.793000000000000149e+00,5.150357202193055900e-02,2.406970000000000027e+02
9.350000000000000533e-01,3.077999999999999847e+00,9.698000000000000398e+00,6.620000000000000107e+00,5.159189979583953672e-02,2.344219999999999970e+02,9.379999999999999449e-01,3.484999999999999876e+00,9.291000000000000369e+00,5.806000000000000050e+00,5.194661350168909564e-02,2.407090000000000032e+02
9.429999999999999494e-01,3.064000000000000057e+00,9.696999999999999176e+00,6.633000000000000007e+00,5.203332781548308111e-02,2.344360000000000070e+02,9.469999999999999529e-01,3.483999999999999986e+00,9.288000000000000256e+00,5.804000000000000270e+00,5.244503516641745716e-02,2.407119999999999891e+02
9.519999999999999574e-01,3.064000000000000057e+00,9.696999999999999176e+00,6.633000000000000007e+00,5.252993433758207376e-02,2.344360000000000070e+02,9.559999999999999609e-01,3.483999999999999986e+00,9.288999999999999702e+00,5.804999999999999716e+00,5.294345683114581869e-02,2.407110000000000127e+02
9.609999999999999654e-01,3.076999999999999957e+00,9.695999999999999730e+00,6.618999999999999773e+00,5.302654085968105946e-02,2.344230000000000018e+02,9.639999999999999680e-01,3.471000000000000085e+00,9.288000000000000256e+00,5.817000000000000171e+00,5.338649831090436226e-02,2.407119999999999891e+02
9.689999999999999725e-01,3.088999999999999968e+00,9.696999999999999176e+00,6.607999999999999652e+00,5.346796887932461079e-02,2.344110000000000014e+02,9.729999999999999760e-01,3.470000000000000195e+00,9.297000000000000597e+00,5.826999999999999957e+00,5.388491997563271685e-02,2.407030000000000030e+02
9.779999999999999805e-01,3.115000000000000213e+00,9.710000000000000853e+00,6.594999999999999751e+00,5.396457540142359649e-02,2.343849999999999909e+02,9.819999999999999840e-01,3.483999999999999986e+00,9.310000000000000497e+00,5.825999999999999623e+00,5.438334164036107837e-02,2.406899999999999977e+02
9.859999999999999876e-01,3.128000000000000114e+00,9.721999999999999531e+00,6.594000000000000306e+00,5.440600342106714782e-02,2.343720000000000141e+02,9.909999999999999920e-01,3.508999999999999897e+00,9.333999999999999631e+00,5.825000000000000178e+00,5.488176330508943990e-02,2.406659999999999968e+02
9.949999999999999956e-01,3.154999999999999805e+00,9.737000000000000099e+00,6.581999999999999851e+00,5.490260994316613352e-02,2.343449999999999989e+02,9.989999999999999991e-01,3.520999999999999908e+00,9.349999999999999645e+00,5.828999999999999737e+00,5.532480478484798347e-02,2.406500000000000057e+02
1.004999999999999893e+00,3.128000000000000114e+00,9.721999999999999531e+00,6.594000000000000306e+00,5.545439496772056748e-02,2.343720000000000141e+02,1.008000000000000007e+00,3.547000000000000153e+00,9.387999999999999901e+00,5.841000000000000192e+00,5.582322644957634500e-02,2.406119999999999948e+02
1.012999999999999901e+00,3.104000000000000092e+00,9.711000000000000298e+00,6.607000000000000206e+00,5.589582298736411187e-02,2.343959999999999866e+02,1.016000000000000014e+00,3.533999999999999808e+00,9.374000000000000554e+00,5.839999999999999858e+00,5.626626792933488858e-02,2.406260000000000048e+02
1.022000000000000020e+00,3.089999999999999858e+00,9.698999999999999844e+00,6.608999999999999986e+00,5.639242950946311145e-02,2.344099999999999966e+02,1.026000000000000023e+00,3.547000000000000153e+00,9.375999999999999446e+00,5.828999999999999737e+00,5.682006977903306805e-02,2.406239999999999952e+02
1.030999999999999917e+00,3.089999999999999858e+00,9.686999999999999389e+00,6.597000000000000419e+00,5.688903603156209021e-02,2.344099999999999966e+02,1.034000000000000030e+00,3.547000000000000153e+00,9.375000000000000000e+00,5.828000000000000291e+00,5.726311125879161162e-02,2.406250000000000000e+02
1.040000000000000036e+00,3.116000000000000103e+00,9.675000000000000711e+00,6.559000000000000163e+00,5.738564255366108979e-02,2.343839999999999861e+02,1.042999999999999927e+00,3.521999999999999797e+00,9.351000000000000867e+00,5.828999999999999737e+00,5.776153292351996621e-02,2.406490000000000009e+02
1.046999999999999931e+00,3.116000000000000103e+00,9.672000000000000597e+00,6.556000000000000050e+00,5.777189207084918593e-02,2.343839999999999861e+02,1.050999999999999934e+00,3.495999999999999996e+00,9.337999999999999190e+00,5.841999999999999638e+00,5.820457440327850285e-02,2.406620000000000061e+02
1.056000000000000050e+00,3.141000000000000014e+00,9.696999999999999176e+00,6.556000000000000050e+00,5.826849859294818551e-02,2.343590000000000089e+02,1.060999999999999943e+00,3.483999999999999986e+00,9.323999999999999844e+00,5.839999999999999858e+00,5.875837625297668232e-02,2.406759999999999877e+02
1.064999999999999947e+00,3.153000000000000025e+00,9.721000000000000085e+00,6.567999999999999616e+00,5.876510511504717121e-02,2.343470000000000084e+02,1.068999999999999950e+00,3.470000000000000195e+00,9.310999999999999943e+00,5.841000000000000192e+00,5.920141773273522590e-02,2.406889999999999930e+02
1.074000000000000066e+00,3.153000000000000025e+00,9.733000000000000540e+00,6.580000000000000071e+00,5.926171163714616386e-02,2.343470000000000084e+02,1.078000000000000069e+00,3.495000000000000107e+00,9.335000000000000853e+00,5.839999999999999858e+00,5.969983939746359436e-02,2.406649999999999920e+02
1.082000000000000073e+00,3.153000000000000025e+00,9.720000000000000639e+00,6.567000000000000171e+00,5.970313965678971518e-02,2.343470000000000084e+02,1.086000000000000076e+00,3.495000000000000107e+00,9.336000000000000298e+00,5.841000000000000192e+00,6.014288087722213794e-02,2.406639999999999873e+02
1.090999999999999970e+00,3.140000000000000124e+00,9.708999999999999631e+00,6.568999999999999950e+00,6.019974617888870089e-02,2.343600000000000136e+02,1.094999999999999973e+00,3.482000000000000206e+00,9.321999999999999176e+00,5.839999999999999858e+00,6.064130254195049252e-02,2.406779999999999973e+02
1.100000000000000089e+00,3.126999999999999780e+00,9.682999999999999829e+00,6.556000000000000050e+00,6.069635270098769353e-02,2.343729999999999905e+02,1.102999999999999980e+00,3.468999999999999861e+00,9.308999999999999275e+00,5.839999999999999858e+00,6.108434402170903610e-02,2.406910000000000025e+02
1.108000000000000096e+00,3.113999999999999879e+00,9.682999999999999829e+00,6.568999999999999950e+00,6.113778072063124486e-02,2.343859999999999957e+02,1.112999999999999989e+00,3.482000000000000206e+00,9.320000000000000284e+00,5.838000000000000078e+00,6.163814587140721557e-02,2.406800000000000068e+02
1.116999999999999993e+00,3.088999999999999968e+00,9.657999999999999474e+00,6.568999999999999950e+00,6.163438724273022362e-02,2.344110000000000014e+02,1.122000000000000108e+00,3.508999999999999897e+00,9.335000000000000853e+00,5.825999999999999623e+00,6.213656753613557709e-02,2.406649999999999920e+02
1.125999999999999890e+00,3.101999999999999869e+00,9.657999999999999474e+00,6.556000000000000050e+00,6.213099376482920932e-02,2.343979999999999961e+02,1.129999999999999893e+00,3.507000000000000117e+00,9.345000000000000639e+00,5.838000000000000078e+00,6.257960901589411373e-02,2.406550000000000011e+02
1.135000000000000009e+00,3.103000000000000203e+00,9.682000000000000384e+00,6.578999999999999737e+00,6.262760028692820891e-02,2.343969999999999914e+02,1.137999999999999901e+00,3.520000000000000018e+00,9.323999999999999844e+00,5.804000000000000270e+00,6.302265049565265731e-02,2.406759999999999877e+02
1.143000000000000016e+00,3.129000000000000004e+00,9.707000000000000739e+00,6.578000000000000291e+00,6.306902830657175330e-02,2.343710000000000093e+02,1.147000000000000020e+00,3.520999999999999908e+00,9.336999999999999744e+00,5.815999999999999837e+00,6.352107216038102577e-02,2.406630000000000109e+02
1.151999999999999913e+00,3.128000000000000114e+00,9.695999999999999730e+00,6.567999999999999616e+00,6.356563482867073900e-02,2.343720000000000141e+02,1.155999999999999917e+00,3.533999999999999808e+00,9.336999999999999744e+00,5.802999999999999936e+00,6.401949382510938036e-02,2.406630000000000109e+02
1.161000000000000032e+00,3.115000000000000213e+00,9.660999999999999588e+00,6.546000000000000263e+00,6.406224135076973858e-02,2.343849999999999909e+02,1.165000000000000036e+00,3.560000000000000053e+00,9.374000000000000554e+00,5.814000000000000057e+00,6.451791548983773494e-02,2.406260000000000048e+02
1.169999999999999929e+00,3.128000000000000114e+00,9.659000000000000696e+00,6.530999999999999694e+00,6.455884787286872428e-02,2.343720000000000141e+02,1.173000000000000043e+00,3.585999999999999854e+00,9.387000000000000455e+00,5.801000000000000156e+00,6.496095696959627852e-02,2.406129999999999995e+02
1.177999999999999936e+00,3.115000000000000213e+00,9.660000000000000142e+00,6.544999999999999929e+00,6.500027589251226867e-02,2.343849999999999909e+02,1.181999999999999940e+00,3.560000000000000053e+00,9.372999999999999332e+00,5.812999999999999723e+00,6.545937863432463311e-02,2.406270000000000095e+02
1.187000000000000055e+00,3.115000000000000213e+00,9.670999999999999375e+00,6.556000000000000050e+00,6.549688241461126825e-02,2.343849999999999909e+02,1.191000000000000059e+00,3.545999999999999819e+00,9.348000000000000753e+00,5.801999999999999602e+00,6.595780029905300157e-02,2.406519999999999868e+02
1.195999999999999952e+00,3.088999999999999968e+00,9.670999999999999375e+00,6.581999999999999851e+00,6.599348893671025396e-02,2.344110000000000014e+02,1.199999999999999956e+00,3.532999999999999918e+00,9.321999999999999176e+00,5.788999999999999702e+00,6.645622196378135615e-02,2.406779999999999973e+02
1.203999999999999959e+00,3.076999999999999957e+00,9.657999999999999474e+00,6.581000000000000405e+00,6.643491695635379835e-02,2.344230000000000018e+02,1.207999999999999963e+00,3.508000000000000007e+00,9.294999999999999929e+00,5.786999999999999922e+00,6.689926344353989973e-02,2.407050000000000125e+02
1.213000000000000078e+00,3.088999999999999968e+00,9.682000000000000384e+00,6.592999999999999972e+00,6.693152347845279793e-02,2.344110000000000014e+02,1.217000000000000082e+00,3.508000000000000007e+00,9.257999999999999119e+00,5.750000000000000000e+00,6.739768510826826819e-02,2.407419999999999902e+02
1.221999999999999975e+00,3.128000000000000114e+00,9.692999999999999616e+00,6.565000000000000391e+00,6.742813000055178363e-02,2.343720000000000141e+02,1.225000000000000089e+00,3.495000000000000107e+00,9.256000000000000227e+00,5.761000000000000121e+00,6.784072658802681177e-02,2.407439999999999998e+02
1.231000000000000094e+00,3.152000000000000135e+00,9.717999999999999972e+00,6.565999999999999837e+00,6.792473652265076933e-02,2.343480000000000132e+02,1.233999999999999986e+00,3.483000000000000096e+00,9.230999999999999872e+00,5.748000000000000220e+00,6.833914825275516636e-02,2.407690000000000055e+02
1.239000000000000101e+00,3.152000000000000135e+00,9.730999999999999872e+00,6.578999999999999737e+00,6.836616454229432760e-02,2.343480000000000132e+02,1.243000000000000105e+00,3.482000000000000206e+00,9.233000000000000540e+00,5.751000000000000334e+00,6.883756991748353482e-02,2.407669999999999959e+02
1.247999999999999998e+00,3.153000000000000025e+00,9.717999999999999972e+00,6.565000000000000391e+00,6.886277106439329942e-02,2.343470000000000084e+02,1.250999999999999890e+00,3.495000000000000107e+00,9.256999999999999673e+00,5.761999999999999567e+00,6.928061139724206452e-02,2.407429999999999950e+02
1.256999999999999895e+00,3.153000000000000025e+00,9.707000000000000739e+00,6.554000000000000270e+00,6.935937758649228513e-02,2.343470000000000084e+02,1.260000000000000009e+00,3.495000000000000107e+00,9.295999999999999375e+00,5.801000000000000156e+00,6.977903306197043298e-02,2.407040000000000077e+02
1.266000000000000014e+00,3.153999999999999915e+00,9.708999999999999631e+00,6.554999999999999716e+00,6.985598410859128471e-02,2.343460000000000036e+02,1.268999999999999906e+00,3.533999999999999808e+00,9.333999999999999631e+00,5.799999999999999822e+00,7.027745472669878757e-02,2.406659999999999968e+02
1.274000000000000021e+00,3.140000000000000124e+00,9.707000000000000739e+00,6.567000000000000171e+00,7.029741212823482910e-02,2.343600000000000136e+02,1.276999999999999913e+00,3.545999999999999819e+00,9.346000000000000085e+00,5.799999999999999822e+00,7.072049620645733115e-02,2.406539999999999964e+02
1.282999999999999918e+00,3.128000000000000114e+00,9.683999999999999275e+00,6.556000000000000050e+00,7.079401865033381480e-02,2.343720000000000141e+02,1.286000000000000032e+00,3.520000000000000018e+00,9.336000000000000298e+00,5.815999999999999837e+00,7.121891787118569961e-02,2.406639999999999873e+02
1.292000000000000037e+00,3.088999999999999968e+00,9.644999999999999574e+00,6.556000000000000050e+00,7.129062517243281438e-02,2.344110000000000014e+02,1.294999999999999929e+00,3.520999999999999908e+00,9.336000000000000298e+00,5.815000000000000391e+00,7.171733953591405419e-02,2.406639999999999873e+02
1.300000000000000044e+00,3.101999999999999869e+00,9.632999999999999119e+00,6.530999999999999694e+00,7.173205319207635877e-02,2.343979999999999961e+02,1.304000000000000048e+00,3.495000000000000107e+00,9.335000000000000853e+00,5.839999999999999858e+00,7.221576120064240878e-02,2.406649999999999920e+02
1.308999999999999941e+00,3.115000000000000213e+00,9.631999999999999673e+00,6.517000000000000348e+00,7.222865971417534448e-02,2.343849999999999909e+02,1.312000000000000055e+00,3.508999999999999897e+00,9.346999999999999531e+00,5.838000000000000078e+00,7.265880268040095236e-02,2.406529999999999916e+02
1.318000000000000060e+00,3.103000000000000203e+00,9.605999999999999872e+00,6.503000000000000114e+00,7.272526623627434406e-02,2.343969999999999914e+02,1.322000000000000064e+00,3.507000000000000117e+00,9.358000000000000540e+00,5.850999999999999979e+00,7.321260453009913183e-02,2.406419999999999959e+02
1.326999999999999957e+00,3.088999999999999968e+00,9.592999999999999972e+00,6.503999999999999559e+00,7.322187275837332976e-02,2.344110000000000014e+02,1.330000000000000071e+00,3.495000000000000107e+00,9.333000000000000185e+00,5.838000000000000078e+00,7.365564600985767540e-02,2.406670000000000016e+02
1.334999999999999964e+00,3.088999999999999968e+00,9.592000000000000526e+00,6.503000000000000114e+00,7.366330077801687415e-02,2.344110000000000014e+02,1.338000000000000078e+00,3.508000000000000007e+00,9.345000000000000639e+00,5.836999999999999744e+00,7.409868748961621898e-02,2.406550000000000011e+02
1.342999999999999972e+00,3.101999999999999869e+00,9.592000000000000526e+00,6.490000000000000213e+00,7.410472879766041854e-02,2.343979999999999961e+02,1.346999999999999975e+00,3.520000000000000018e+00,9.345000000000000639e+00,5.825000000000000178e+00,7.459710915434457357e-02,2.406550000000000011e+02
1.352000000000000091e+00,3.113999999999999879e+00,9.617000000000000881e+00,6.503000000000000114e+00,7.460133531975941812e-02,2.343859999999999957e+02,1.356000000000000094e+00,3.508000000000000007e+00,9.320000000000000284e+00,5.812000000000000277e+00,7.509553081907294203e-02,2.406800000000000068e+02
1.360000000000000098e+00,3.113999999999999879e+00,9.615000000000000213e+00,6.501000000000000334e+00,7.504276333940296251e-02,2.343859999999999957e+02,1.364999999999999991e+00,3.508999999999999897e+00,9.332000000000000739e+00,5.823000000000000398e+00,7.559395248380129662e-02,2.406680000000000064e+02
1.368999999999999995e+00,3.088000000000000078e+00,9.603999999999999204e+00,6.516000000000000014e+00,7.553936986150194821e-02,2.344120000000000061e+02,1.374000000000000110e+00,3.483000000000000096e+00,9.292999999999999261e+00,5.809999999999999609e+00,7.609237414852966508e-02,2.407069999999999936e+02
1.377999999999999892e+00,3.076000000000000068e+00,9.602999999999999758e+00,6.527000000000000135e+00,7.603597638360093391e-02,2.344240000000000066e+02,1.381999999999999895e+00,3.456999999999999851e+00,9.279999999999999361e+00,5.823000000000000398e+00,7.653541562828819478e-02,2.407199999999999989e+02
1.387000000000000011e+00,3.088000000000000078e+00,9.605000000000000426e+00,6.517000000000000348e+00,7.653258290569993350e-02,2.344120000000000061e+02,1.389999999999999902e+00,3.455999999999999961e+00,9.292999999999999261e+00,5.836999999999999744e+00,7.697845710804673836e-02,2.407069999999999936e+02
1.395999999999999908e+00,3.113999999999999879e+00,9.627000000000000668e+00,6.512999999999999901e+00,7.702918942779891920e-02,2.343859999999999957e+02,1.399999999999999911e+00,3.468999999999999861e+00,9.294000000000000483e+00,5.825000000000000178e+00,7.753225895774491783e-02,2.407059999999999889e+02
1.403999999999999915e+00,3.113999999999999879e+00,9.617000000000000881e+00,6.503000000000000114e+00,7.747061744744246359e-02,2.343859999999999957e+02,1.407999999999999918e+00,3.482000000000000206e+00,9.330999999999999517e+00,5.849000000000000199e+00,7.797530043750346140e-02,2.406690000000000111e+02
1.413000000000000034e+00,3.113999999999999879e+00,9.615999999999999659e+00,6.501999999999999780e+00,7.796722396954146317e-02,2.343859999999999957e+02,1.417000000000000037e+00,3.508000000000000007e+00,9.355999999999999872e+00,5.847999999999999865e+00,7.847372210223182987e-02,2.406440000000000055e+02
1.421000000000000041e+00,3.113999999999999879e+00,9.602999999999999758e+00,6.488999999999999879e+00,7.840865198918500756e-02,2.343859999999999957e+02,1.425000000000000044e+00,3.520000000000000018e+00,9.358000000000000540e+00,5.838000000000000078e+00,7.891676358199037344e-02,2.406419999999999959e+02
1.429999999999999938e+00,3.113999999999999879e+00,9.605999999999999872e+00,6.491999999999999993e+00,7.890525851128399326e-02,2.343859999999999957e+02,1.433999999999999941e+00,3.520000000000000018e+00,9.371000000000000441e+00,5.850999999999999979e+00,7.941518524671872803e-02,2.406289999999999907e+02
1.439000000000000057e+00,3.113999999999999879e+00,9.593999999999999417e+00,6.480000000000000426e+00,7.940186503338299284e-02,2.343859999999999957e+02,1.443000000000000060e+00,3.520999999999999908e+00,9.369999999999999218e+00,5.849000000000000199e+00,7.991360691144709649e-02,2.406299999999999955e+02
1.447000000000000064e+00,3.088000000000000078e+00,9.569000000000000838e+00,6.480999999999999872e+00,7.984329305302653723e-02,2.344120000000000061e+02,1.451999999999999957e+00,3.483000000000000096e+00,9.342999999999999972e+00,5.860000000000000320e+00,8.041202857617545108e-02,2.406570000000000107e+02
1.455999999999999961e+00,3.088000000000000078e+00,9.531000000000000583e+00,6.442999999999999616e+00,8.033989957512552293e-02,2.344120000000000061e+02,1.459999999999999964e+00,3.468999999999999861e+00,9.330999999999999517e+00,5.862000000000000099e+00,8.085507005593399465e-02,2.406690000000000111e+02
1.465000000000000080e+00,3.075000000000000178e+00,9.528000000000000469e+00,6.453000000000000291e+00,8.083650609722452252e-02,2.344250000000000114e+02,1.469000000000000083e+00,3.468999999999999861e+00,9.304999999999999716e+00,5.836000000000000298e+00,8.135349172066234924e-02,2.406949999999999932e+02
1.473999999999999977e+00,3.100999999999999979e+00,9.526999999999999247e+00,6.426000000000000156e+00,8.133311261932350822e-02,2.343990000000000009e+02,1.477000000000000091e+00,3.455999999999999961e+00,9.281000000000000583e+00,5.825000000000000178e+00,8.179653320042089282e-02,2.407189999999999941e+02
1.481999999999999984e+00,3.125999999999999890e+00,9.541999999999999815e+00,6.416000000000000369e+00,8.177454063896705261e-02,2.343739999999999952e+02,1.485999999999999988e+00,3.455000000000000071e+00,9.281000000000000583e+00,5.825999999999999623e+00,8.229495486514924740e-02,2.407189999999999941e+02
1.491000000000000103e+00,3.138999999999999790e+00,9.554000000000000270e+00,6.415000000000000036e+00,8.227114716106605219e-02,2.343609999999999900e+02,1.495000000000000107e+00,3.467999999999999972e+00,9.292999999999999261e+00,5.825000000000000178e+00,8.279337652987761587e-02,2.407069999999999936e+02
1.500000000000000000e+00,3.138999999999999790e+00,9.553000000000000824e+00,6.413999999999999702e+00,8.276775368316502401e-02,2.343609999999999900e+02,1.504000000000000004e+00,3.494000000000000217e+00,9.305999999999999162e+00,5.812000000000000277e+00,8.329179819460597045e-02,2.406939999999999884e+02
1.508999999999999897e+00,3.125999999999999890e+00,9.539999999999999147e+00,6.413999999999999702e+00,8.326436020526400972e-02,2.343739999999999952e+02,1.512000000000000011e+00,3.507000000000000117e+00,9.330000000000000071e+00,5.823000000000000398e+00,8.373483967436451403e-02,2.406699999999999875e+02
1.516999999999999904e+00,3.112999999999999989e+00,9.516000000000000014e+00,6.402999999999999581e+00,8.370578822490756798e-02,2.343870000000000005e+02,1.520999999999999908e+00,3.480999999999999872e+00,9.330999999999999517e+00,5.849999999999999645e+00,8.423326133909286861e-02,2.406690000000000111e+02
1.526000000000000023e+00,3.112999999999999989e+00,9.513999999999999346e+00,6.400999999999999801e+00,8.420239474700655369e-02,2.343870000000000005e+02,1.530000000000000027e+00,3.468999999999999861e+00,9.330999999999999517e+00,5.862000000000000099e+00,8.473168300382123708e-02,2.406690000000000111e+02
1.534999999999999920e+00,3.088000000000000078e+00,9.487999999999999545e+00,6.400000000000000355e+00,8.469900126910553939e-02,2.344120000000000061e+02,1.538999999999999924e+00,3.455999999999999961e+00,9.343999999999999417e+00,5.887999999999999901e+00,8.523010466854959166e-02,2.406560000000000059e+02
1.542999999999999927e+00,3.036999999999999922e+00,9.429000000000000270e+00,6.392000000000000348e+00,8.514042928874909766e-02,2.344629999999999939e+02,1.546999999999999931e+00,3.468999999999999861e+00,9.355000000000000426e+00,5.886000000000000121e+00,8.567314614830813524e-02,2.406450000000000102e+02
1.552000000000000046e+00,3.024000000000000021e+00,9.414999999999999147e+00,6.391000000000000014e+00,8.563703581084808336e-02,2.344759999999999991e+02,1.556000000000000050e+00,3.468999999999999861e+00,9.368999999999999773e+00,5.900000000000000355e+00,8.617156781303650370e-02,2.406310000000000002e+02
1.560999999999999943e+00,3.049999999999999822e+00,9.426999999999999602e+00,6.376999999999999780e+00,8.613364233294706906e-02,2.344499999999999886e+02,1.568999999999999950e+00,3.455999999999999961e+00,9.356999999999999318e+00,5.900999999999999801e+00,8.689151021764413008e-02,2.406430000000000007e+02
1.570000000000000062e+00,3.100999999999999979e+00,9.464999999999999858e+00,6.363999999999999879e+00,8.663024885504606865e-02,2.343990000000000009e+02,1.578000000000000069e+00,3.418000000000000149e+00,9.342999999999999972e+00,5.924999999999999822e+00,8.738993188237249854e-02,2.406570000000000107e+02
1.578000000000000069e+00,3.138999999999999790e+00,9.502000000000000668e+00,6.363000000000000433e+00,8.707167687468961303e-02,2.343609999999999900e+02,1.586999999999999966e+00,3.431000000000000050e+00,9.343999999999999417e+00,5.913000000000000256e+00,8.788835354710085312e-02,2.406560000000000059e+02
1.586999999999999966e+00,3.137999999999999901e+00,9.515000000000000568e+00,6.376999999999999780e+00,8.756828339678859874e-02,2.343619999999999948e+02,1.594999999999999973e+00,3.418000000000000149e+00,9.342000000000000526e+00,5.924000000000000377e+00,8.833139502685939670e-02,2.406579999999999870e+02
1.596000000000000085e+00,3.150999999999999801e+00,9.526999999999999247e+00,6.376000000000000334e+00,8.806488991888759832e-02,2.343489999999999895e+02,1.604000000000000092e+00,3.431000000000000050e+00,9.343999999999999417e+00,5.913000000000000256e+00,8.882981669158776517e-02,2.406560000000000059e+02
1.604000000000000092e+00,3.177999999999999936e+00,9.551999999999999602e+00,6.373999999999999666e+00,8.850631793853114271e-02,2.343220000000000027e+02,1.612999999999999989e+00,3.430000000000000160e+00,9.355999999999999872e+00,5.926000000000000156e+00,8.932823835631611975e-02,2.406440000000000055e+02
1.612999999999999989e+00,3.162999999999999812e+00,9.538999999999999702e+00,6.376000000000000334e+00,8.900292446063012841e-02,2.343369999999999891e+02,1.620999999999999996e+00,3.418000000000000149e+00,9.353999999999999204e+00,5.935999999999999943e+00,8.977127983607464945e-02,2.406460000000000150e+02
1.622000000000000108e+00,3.162999999999999812e+00,9.525000000000000355e+00,6.362000000000000099e+00,8.949953098272912799e-02,2.343369999999999891e+02,1.629999999999999893e+00,3.406000000000000139e+00,9.355000000000000426e+00,5.948999999999999844e+00,9.026970150080300404e-02,2.406450000000000102e+02
1.631000000000000005e+00,3.137999999999999901e+00,9.499000000000000554e+00,6.360999999999999766e+00,8.999613750482811370e-02,2.343619999999999948e+02,1.639000000000000012e+00,3.391999999999999904e+00,9.342999999999999972e+00,5.950999999999999623e+00,9.076812316553137250e-02,2.406570000000000107e+02
1.639000000000000012e+00,3.137999999999999901e+00,9.509999999999999787e+00,6.371999999999999886e+00,9.043756552447165808e-02,2.343619999999999948e+02,1.647999999999999909e+00,3.354000000000000092e+00,9.314999999999999503e+00,5.961000000000000298e+00,9.126654483025972708e-02,2.406850000000000023e+02
1.647999999999999909e+00,3.162999999999999812e+00,9.512000000000000455e+00,6.349000000000000199e+00,9.093417204657064379e-02,2.343369999999999891e+02,1.655999999999999917e+00,3.354000000000000092e+00,9.316000000000000725e+00,5.961999999999999744e+00,9.170958631001827066e-02,2.406839999999999975e+02
1.657000000000000028e+00,3.188000000000000167e+00,9.522999999999999687e+00,6.334999999999999964e+00,9.143077856866964337e-02,2.343120000000000118e+02,1.665000000000000036e+00,3.327999999999999847e+00,9.303000000000000824e+00,5.974999999999999645e+00,9.220800797474663912e-02,2.406970000000000027e+02
1.665999999999999925e+00,3.201000000000000068e+00,9.500000000000000000e+00,6.299000000000000377e+00,9.192738509076862907e-02,2.342990000000000066e+02,1.673999999999999932e+00,3.329000000000000181e+00,9.303000000000000824e+00,5.974000000000000199e+00,9.270642963947499371e-02,2.406970000000000027e+02
1.673999999999999932e+00,3.162999999999999812e+00,9.499000000000000554e+00,6.336000000000000298e+00,9.236881311041217346e-02,2.343369999999999891e+02,1.681999999999999940e+00,3.354999999999999982e+00,9.326999999999999957e+00,5.972000000000000419e+00,9.314947111923353729e-02,2.406730000000000018e+02
1.683000000000000052e+00,3.201000000000000068e+00,9.525000000000000355e+00,6.323999999999999844e+00,9.286541963251117304e-02,2.342990000000000066e+02,1.691000000000000059e+00,3.366999999999999993e+00,9.340999999999999304e+00,5.974000000000000199e+00,9.364789278396190575e-02,2.406589999999999918e+02
1.691999999999999948e+00,3.213999999999999968e+00,9.512999999999999901e+00,6.299000000000000377e+00,9.336202615461015875e-02,2.342860000000000014e+02,1.699999999999999956e+00,3.342000000000000082e+00,9.329000000000000625e+00,5.987000000000000099e+00,9.414631444869026033e-02,2.406709999999999923e+02
1.701000000000000068e+00,3.189000000000000057e+00,9.489000000000000767e+00,6.299999999999999822e+00,9.385863267670914445e-02,2.343110000000000070e+02,1.709000000000000075e+00,3.342999999999999972e+00,9.329000000000000625e+00,5.985999999999999766e+00,9.464473611341862880e-02,2.406709999999999923e+02
1.709000000000000075e+00,3.177000000000000046e+00,9.464000000000000412e+00,6.286999999999999922e+00,9.430006069635270272e-02,2.343230000000000075e+02,1.717000000000000082e+00,3.355999999999999872e+00,9.330999999999999517e+00,5.974999999999999645e+00,9.508777759317717237e-02,2.406690000000000111e+02
1.717999999999999972e+00,3.164000000000000146e+00,9.462999999999999190e+00,6.299000000000000377e+00,9.479666721845167454e-02,2.343360000000000127e+02,1.725999999999999979e+00,3.354999999999999982e+00,9.330000000000000071e+00,5.974999999999999645e+00,9.558619925790552696e-02,2.406699999999999875e+02
1.725999999999999979e+00,3.188000000000000167e+00,9.476000000000000867e+00,6.288000000000000256e+00,9.523809523809523281e-02,2.343120000000000118e+02,1.733999999999999986e+00,3.342000000000000082e+00,9.317000000000000171e+00,5.974999999999999645e+00,9.602924073766407054e-02,2.406829999999999927e+02
1.733999999999999986e+00,3.201999999999999957e+00,9.476000000000000867e+00,6.274000000000000021e+00,9.567952325773877720e-02,2.342980000000000018e+02,1.743000000000000105e+00,3.329000000000000181e+00,9.316000000000000725e+00,5.987000000000000099e+00,9.652766240239243900e-02,2.406839999999999975e+02
1.743000000000000105e+00,3.149999999999999911e+00,9.435999999999999943e+00,6.285999999999999588e+00,9.617612977983777678e-02,2.343499999999999943e+02,1.750999999999999890e+00,3.341000000000000192e+00,9.316000000000000725e+00,5.974999999999999645e+00,9.697070388215096870e-02,2.406839999999999975e+02
1.752000000000000002e+00,3.149999999999999911e+00,9.436999999999999389e+00,6.286999999999999922e+00,9.667273630193676248e-02,2.343499999999999943e+02,1.760000000000000009e+00,3.366999999999999993e+00,9.340999999999999304e+00,5.974000000000000199e+00,9.746912554687933716e-02,2.406589999999999918e+02
1.760999999999999899e+00,3.174999999999999822e+00,9.446999999999999176e+00,6.272000000000000242e+00,9.716934282403573431e-02,2.343249999999999886e+02,1.768999999999999906e+00,3.379999999999999893e+00,9.352000000000000313e+00,5.972000000000000419e+00,9.796754721160769175e-02,2.406479999999999961e+02
1.768999999999999906e+00,3.200000000000000178e+00,9.483999999999999986e+00,6.283999999999999808e+00,9.761077084367929257e-02,2.343000000000000114e+02,1.778000000000000025e+00,3.379000000000000004e+00,9.351000000000000867e+00,5.972000000000000419e+00,9.846596887633604633e-02,2.406490000000000009e+02
1.778000000000000025e+00,3.188000000000000167e+00,9.483999999999999986e+00,6.296000000000000263e+00,9.810737736577827828e-02,2.343120000000000118e+02,1.786000000000000032e+00,3.366000000000000103e+00,9.364000000000000767e+00,5.998000000000000220e+00,9.890901035609458991e-02,2.406359999999999957e+02
1.786999999999999922e+00,3.162999999999999812e+00,9.448999999999999844e+00,6.285999999999999588e+00,9.860398388787726398e-02,2.343369999999999891e+02,1.794999999999999929e+00,3.353000000000000203e+00,9.339000000000000412e+00,5.985999999999999766e+00,9.940743202082294450e-02,2.406610000000000014e+02
1.794999999999999929e+00,3.149999999999999911e+00,9.423000000000000043e+00,6.272999999999999687e+00,9.904541190752082225e-02,2.343499999999999943e+02,1.804000000000000048e+00,3.354999999999999982e+00,9.339000000000000412e+00,5.983999999999999986e+00,9.990585368555131296e-02,2.406610000000000014e+02
1.804000000000000048e+00,3.161999999999999922e+00,9.449999999999999289e+00,6.288000000000000256e+00,9.954201842961980795e-02,2.343379999999999939e+02,1.812000000000000055e+00,3.327999999999999847e+00,9.301999999999999602e+00,5.974000000000000199e+00,1.003488951653098565e-01,2.406980000000000075e+02
1.812999999999999945e+00,3.162999999999999812e+00,9.449999999999999289e+00,6.286999999999999922e+00,1.000386249517187937e-01,2.343369999999999891e+02,1.820999999999999952e+00,3.290000000000000036e+00,9.275999999999999801e+00,5.985999999999999766e+00,1.008473168300382111e-01,2.407239999999999895e+02
1.822000000000000064e+00,3.162999999999999812e+00,9.436999999999999389e+00,6.274000000000000021e+00,1.005352314738177932e-01,2.343369999999999891e+02,1.830000000000000071e+00,3.277000000000000135e+00,9.252000000000000668e+00,5.974999999999999645e+00,1.013457384947665796e-01,2.407479999999999905e+02
1.830000000000000071e+00,3.162999999999999812e+00,9.436999999999999389e+00,6.274000000000000021e+00,1.009766594934613376e-01,2.343369999999999891e+02,1.838999999999999968e+00,3.290000000000000036e+00,9.263999999999999346e+00,5.974000000000000199e+00,1.018441601594949342e-01,2.407359999999999900e+02
1.838999999999999968e+00,3.201000000000000068e+00,9.461999999999999744e+00,6.261000000000000121e+00,1.014732660155603233e-01,2.342990000000000066e+02,1.846999999999999975e+00,3.341000000000000192e+00,9.289999999999999147e+00,5.948999999999999844e+00,1.022872016392534777e-01,2.407100000000000080e+02
1.848000000000000087e+00,3.213999999999999968e+00,9.487999999999999545e+00,6.274000000000000021e+00,1.019698725376593229e-01,2.342860000000000014e+02,1.856000000000000094e+00,3.366000000000000103e+00,9.339999999999999858e+00,5.974000000000000199e+00,1.027856233039818462e-01,2.406599999999999966e+02
1.856000000000000094e+00,3.201999999999999957e+00,9.477000000000000313e+00,6.275000000000000355e+00,1.024113005573028673e-01,2.342980000000000018e+02,1.864999999999999991e+00,3.366000000000000103e+00,9.352000000000000313e+00,5.985999999999999766e+00,1.032840449687102008e-01,2.406479999999999961e+02
1.864999999999999991e+00,3.201000000000000068e+00,9.474000000000000199e+00,6.272999999999999687e+00,1.029079070794018530e-01,2.342990000000000066e+02,1.874000000000000110e+00,3.354999999999999982e+00,9.352000000000000313e+00,5.996999999999999886e+00,1.037824666334385693e-01,2.406479999999999961e+02
1.874000000000000110e+00,3.188000000000000167e+00,9.473000000000000753e+00,6.285000000000000142e+00,1.034045136015008526e-01,2.343120000000000118e+02,1.881999999999999895e+00,3.354000000000000092e+00,9.352000000000000313e+00,5.998000000000000220e+00,1.042255081131970990e-01,2.406479999999999961e+02
1.883000000000000007e+00,3.161999999999999922e+00,9.460000000000000853e+00,6.298000000000000043e+00,1.039011201235998383e-01,2.343379999999999939e+02,1.891000000000000014e+00,3.354000000000000092e+00,9.362000000000000099e+00,6.008000000000000007e+00,1.047239297779254674e-01,2.406380000000000052e+02
1.891000000000000014e+00,3.137000000000000011e+00,9.448000000000000398e+00,6.310999999999999943e+00,1.043425481432433827e-01,2.343629999999999995e+02,1.899000000000000021e+00,3.354000000000000092e+00,9.349999999999999645e+00,5.996000000000000441e+00,1.051669712576840110e-01,2.406500000000000057e+02
1.899999999999999911e+00,3.124000000000000110e+00,9.448000000000000398e+00,6.323999999999999844e+00,1.048391546653423684e-01,2.343760000000000048e+02,1.907999999999999918e+00,3.339999999999999858e+00,9.323999999999999844e+00,5.983999999999999986e+00,1.056653929224123656e-01,2.406759999999999877e+02
1.909000000000000030e+00,3.124000000000000110e+00,9.445999999999999730e+00,6.322000000000000064e+00,1.053357611874413680e-01,2.343760000000000048e+02,1.915999999999999925e+00,3.326999999999999957e+00,9.324999999999999289e+00,5.998000000000000220e+00,1.061084344021709092e-01,2.406750000000000114e+02
1.921999999999999931e+00,3.125000000000000000e+00,9.460000000000000853e+00,6.334999999999999964e+00,1.060530817193621189e-01,2.343750000000000000e+02,1.925999999999999934e+00,3.339999999999999858e+00,9.348000000000000753e+00,6.008000000000000007e+00,1.066622362518690886e-01,2.406519999999999868e+02
1.931000000000000050e+00,3.112000000000000099e+00,9.474000000000000199e+00,6.362000000000000099e+00,1.065496882414611185e-01,2.343880000000000052e+02,1.933999999999999941e+00,3.339999999999999858e+00,9.362999999999999545e+00,6.022999999999999687e+00,1.071052777316276183e-01,2.406370000000000005e+02
1.939000000000000057e+00,3.112999999999999989e+00,9.477000000000000313e+00,6.363999999999999879e+00,1.069911162611046629e-01,2.343870000000000005e+02,1.943000000000000060e+00,3.326999999999999957e+00,9.359999999999999432e+00,6.033000000000000362e+00,1.076036993963559868e-01,2.406399999999999864e+02
1.947999999999999954e+00,3.112999999999999989e+00,9.476000000000000867e+00,6.363000000000000433e+00,1.074877227832036486e-01,2.343870000000000005e+02,1.951999999999999957e+00,3.327999999999999847e+00,9.349999999999999645e+00,6.022000000000000242e+00,1.081021210610843414e-01,2.406500000000000057e+02
1.957000000000000073e+00,3.125999999999999890e+00,9.464000000000000412e+00,6.338000000000000078e+00,1.079843293053026482e-01,2.343739999999999952e+02,1.959999999999999964e+00,3.353000000000000203e+00,9.385999999999999233e+00,6.033000000000000362e+00,1.085451625408428850e-01,2.406140000000000043e+02
1.965999999999999970e+00,3.100000000000000089e+00,9.439000000000000057e+00,6.339000000000000412e+00,1.084809358274016339e-01,2.344000000000000057e+02,1.969000000000000083e+00,3.353000000000000203e+00,9.398999999999999133e+00,6.046000000000000263e+00,1.090435842055712534e-01,2.406009999999999991e+02
1.973999999999999977e+00,3.100999999999999979e+00,9.425000000000000711e+00,6.323999999999999844e+00,1.089223638470451783e-01,2.343990000000000009e+02,1.977000000000000091e+00,3.327999999999999847e+00,9.388999999999999346e+00,6.060999999999999943e+00,1.094866256853297970e-01,2.406109999999999900e+02
1.983000000000000096e+00,3.100000000000000089e+00,9.423999999999999488e+00,6.323999999999999844e+00,1.094189703691441778e-01,2.344000000000000057e+02,1.987000000000000099e+00,3.315999999999999837e+00,9.375000000000000000e+00,6.059000000000000163e+00,1.100404275350279765e-01,2.406250000000000000e+02
1.991999999999999993e+00,3.100999999999999979e+00,9.435000000000000497e+00,6.333999999999999631e+00,1.099155768912431635e-01,2.343990000000000009e+02,1.995000000000000107e+00,3.289000000000000146e+00,9.339000000000000412e+00,6.049999999999999822e+00,1.104834690147865200e-01,2.406610000000000014e+02
2.000999999999999890e+00,3.100000000000000089e+00,9.446999999999999176e+00,6.347000000000000419e+00,1.104121834133421493e-01,2.344000000000000057e+02,2.004000000000000004e+00,3.302000000000000046e+00,9.349999999999999645e+00,6.048000000000000043e+00,1.109818906795148746e-01,2.406500000000000057e+02
2.008999999999999897e+00,3.073999999999999844e+00,9.446999999999999176e+00,6.373000000000000220e+00,1.108536114329856936e-01,2.344259999999999877e+02,2.012000000000000011e+00,3.314999999999999947e+00,9.349999999999999645e+00,6.035000000000000142e+00,1.114249321592734182e-01,2.406500000000000057e+02
2.016999999999999904e+00,3.073999999999999844e+00,9.460000000000000853e+00,6.386000000000000121e+00,1.112950394526292380e-01,2.344259999999999877e+02,2.020999999999999908e+00,3.302999999999999936e+00,9.323000000000000398e+00,6.019999999999999574e+00,1.119233538240017728e-01,2.406769999999999925e+02
2.025999999999999801e+00,3.087000000000000188e+00,9.497999999999999332e+00,6.410999999999999588e+00,1.117916459747282237e-01,2.344130000000000109e+02,2.029999999999999805e+00,3.275999999999999801e+00,9.310999999999999943e+00,6.035000000000000142e+00,1.124217754887301274e-01,2.406889999999999930e+02
2.033999999999999808e+00,3.099000000000000199e+00,9.510999999999999233e+00,6.411999999999999922e+00,1.122330739943717681e-01,2.344010000000000105e+02,2.039000000000000146e+00,3.263999999999999790e+00,9.308999999999999275e+00,6.044999999999999929e+00,1.129201971534585097e-01,2.406910000000000025e+02
2.043000000000000149e+00,3.112000000000000099e+00,9.526999999999999247e+00,6.415000000000000036e+00,1.127296805164707816e-01,2.343880000000000052e+02,2.047000000000000153e+00,3.262999999999999901e+00,9.335000000000000853e+00,6.072000000000000064e+00,1.133632386332170533e-01,2.406649999999999920e+02
2.052000000000000046e+00,3.125999999999999890e+00,9.538000000000000256e+00,6.411999999999999922e+00,1.132262870385697673e-01,2.343739999999999952e+02,2.056000000000000050e+00,3.275999999999999801e+00,9.346999999999999531e+00,6.070999999999999730e+00,1.138616602979454079e-01,2.406529999999999916e+02
2.060999999999999943e+00,3.088000000000000078e+00,9.525000000000000355e+00,6.437000000000000277e+00,1.137228935606687530e-01,2.344120000000000061e+02,2.064000000000000057e+00,3.250999999999999890e+00,9.335000000000000853e+00,6.083999999999999631e+00,1.143047017777039515e-01,2.406649999999999920e+02
2.068999999999999950e+00,3.100999999999999979e+00,9.525000000000000355e+00,6.424000000000000377e+00,1.141643215803122974e-01,2.343990000000000009e+02,2.073999999999999844e+00,3.225999999999999979e+00,9.310999999999999943e+00,6.084999999999999964e+00,1.148585036274021171e-01,2.406889999999999930e+02
2.077999999999999847e+00,3.112999999999999989e+00,9.502000000000000668e+00,6.389000000000000234e+00,1.146609281024112831e-01,2.343870000000000005e+02,2.081999999999999851e+00,3.251999999999999780e+00,9.323999999999999844e+00,6.072000000000000064e+00,1.153015451071606606e-01,2.406759999999999877e+02
2.087000000000000188e+00,3.112999999999999989e+00,9.502000000000000668e+00,6.389000000000000234e+00,1.151575346245102965e-01,2.343870000000000005e+02,2.089999999999999858e+00,3.263999999999999790e+00,9.336999999999999744e+00,6.073000000000000398e+00,1.157445865869191903e-01,2.406630000000000109e+02
2.095000000000000195e+00,3.125999999999999890e+00,9.502000000000000668e+00,6.376000000000000334e+00,1.155989626441538409e-01,2.343739999999999952e+02,2.100000000000000089e+00,3.277000000000000135e+00,9.362999999999999545e+00,6.086000000000000298e+00,1.162983884366173837e-01,2.406370000000000005e+02
2.104000000000000092e+00,3.125999999999999890e+00,9.502000000000000668e+00,6.376000000000000334e+00,1.160955691662528266e-01,2.343739999999999952e+02,2.108000000000000096e+00,3.263999999999999790e+00,9.364000000000000767e+00,6.099999999999999645e+00,1.167414299163759273e-01,2.406359999999999957e+02
2.112999999999999989e+00,3.152000000000000135e+00,9.526999999999999247e+00,6.375000000000000000e+00,1.165921756883518123e-01,2.343480000000000132e+02,2.116999999999999993e+00,3.263999999999999790e+00,9.375000000000000000e+00,6.110999999999999766e+00,1.172398515811042818e-01,2.406250000000000000e+02
2.121999999999999886e+00,3.177000000000000046e+00,9.551999999999999602e+00,6.375000000000000000e+00,1.170887822104507842e-01,2.343230000000000075e+02,2.129000000000000004e+00,3.290000000000000036e+00,9.387999999999999901e+00,6.097999999999999865e+00,1.179044138007420972e-01,2.406119999999999948e+02
2.129999999999999893e+00,3.162999999999999812e+00,9.525999999999999801e+00,6.363000000000000433e+00,1.175302102300943424e-01,2.343369999999999891e+02,2.138999999999999790e+00,3.302000000000000046e+00,9.400999999999999801e+00,6.099000000000000199e+00,1.184582156504402628e-01,2.405989999999999895e+02
2.138999999999999790e+00,3.112000000000000099e+00,9.474999999999999645e+00,6.363000000000000433e+00,1.180268167521933281e-01,2.343880000000000052e+02,2.146999999999999797e+00,3.302000000000000046e+00,9.410000000000000142e+00,6.107999999999999652e+00,1.189012571301988064e-01,2.405900000000000034e+02
2.148000000000000131e+00,3.087000000000000188e+00,9.448999999999999844e+00,6.362000000000000099e+00,1.185234232742923277e-01,2.344130000000000109e+02,2.156000000000000139e+00,3.289000000000000146e+00,9.385999999999999233e+00,6.097000000000000419e+00,1.193996787949271887e-01,2.406140000000000043e+02
2.157000000000000028e+00,3.087000000000000188e+00,9.438000000000000611e+00,6.350999999999999979e+00,1.190200297963913134e-01,2.344130000000000109e+02,2.165000000000000036e+00,3.275999999999999801e+00,9.372999999999999332e+00,6.097000000000000419e+00,1.198981004596555433e-01,2.406270000000000095e+02
2.165000000000000036e+00,3.100999999999999979e+00,9.449999999999999289e+00,6.349000000000000199e+00,1.194614578160348578e-01,2.343990000000000009e+02,2.173999999999999932e+00,3.250999999999999890e+00,9.371000000000000441e+00,6.120000000000000107e+00,1.203965221243838979e-01,2.406289999999999907e+02
2.173999999999999932e+00,3.100000000000000089e+00,9.449999999999999289e+00,6.349999999999999645e+00,1.199580643381338435e-01,2.344000000000000057e+02,2.181999999999999940e+00,3.250999999999999890e+00,9.371999999999999886e+00,6.121000000000000441e+00,1.208395636041424415e-01,2.406279999999999859e+02
2.182999999999999829e+00,3.100000000000000089e+00,9.461999999999999744e+00,6.362000000000000099e+00,1.204546708602328292e-01,2.344000000000000057e+02,2.189999999999999947e+00,3.262999999999999901e+00,9.374000000000000554e+00,6.110999999999999766e+00,1.212826050839009850e-01,2.406260000000000048e+02
2.190999999999999837e+00,3.125000000000000000e+00,9.489000000000000767e+00,6.363999999999999879e+00,1.208960988798763736e-01,2.343750000000000000e+02,2.200000000000000178e+00,3.289000000000000146e+00,9.385999999999999233e+00,6.097000000000000419e+00,1.218364069335991784e-01,2.406140000000000043e+02
2.200000000000000178e+00,3.176000000000000156e+00,9.551000000000000156e+00,6.375000000000000000e+00,1.213927054019753871e-01,2.343240000000000123e+02,2.208000000000000185e+00,3.289000000000000146e+00,9.398999999999999133e+00,6.110000000000000320e+00,1.222794484133577220e-01,2.406009999999999991e+02
2.209000000000000075e+00,3.150999999999999801e+00,9.525999999999999801e+00,6.375000000000000000e+00,1.218893119240743728e-01,2.343489999999999895e+02,2.217000000000000082e+00,3.290000000000000036e+00,9.400999999999999801e+00,6.110999999999999766e+00,1.227778700780860766e-01,2.405989999999999895e+02
2.217999999999999972e+00,3.138999999999999790e+00,9.478999999999999204e+00,6.339999999999999858e+00,1.223859184461733585e-01,2.343609999999999900e+02,2.225000000000000089e+00,3.278999999999999915e+00,9.387000000000000455e+00,6.107999999999999652e+00,1.232209115578446063e-01,2.406129999999999995e+02
2.226999999999999869e+00,3.126999999999999780e+00,9.477000000000000313e+00,6.349999999999999645e+00,1.228825249682723442e-01,2.343729999999999905e+02,2.233999999999999986e+00,3.278000000000000025e+00,9.400000000000000355e+00,6.121999999999999886e+00,1.237193332225729608e-01,2.405999999999999943e+02
2.234999999999999876e+00,3.149999999999999911e+00,9.512999999999999901e+00,6.363000000000000433e+00,1.233239529879158886e-01,2.343499999999999943e+02,2.242999999999999883e+00,3.251999999999999780e+00,9.362000000000000099e+00,6.110000000000000320e+00,1.242177548873013154e-01,2.406380000000000052e+02
2.242999999999999883e+00,3.177000000000000046e+00,9.537000000000000810e+00,6.360000000000000320e+00,1.237653810075594329e-01,2.343230000000000075e+02,2.250999999999999890e+00,3.251999999999999780e+00,9.323000000000000398e+00,6.070999999999999730e+00,1.246607963670598590e-01,2.406769999999999925e+02
2.251999999999999780e+00,3.150999999999999801e+00,9.512999999999999901e+00,6.362000000000000099e+00,1.242619875296584186e-01,2.343489999999999895e+02,2.259999999999999787e+00,3.263999999999999790e+00,9.301000000000000156e+00,6.036999999999999922e+00,1.251592180317882275e-01,2.406990000000000123e+02
2.261000000000000121e+00,3.137999999999999901e+00,9.487000000000000099e+00,6.349000000000000199e+00,1.247585940517574321e-01,2.343619999999999948e+02,2.269000000000000128e+00,3.251999999999999780e+00,9.284000000000000696e+00,6.032000000000000028e+00,1.256576396965166098e-01,2.407160000000000082e+02
2.270000000000000018e+00,3.149999999999999911e+00,9.525999999999999801e+00,6.376000000000000334e+00,1.252552005738564178e-01,2.343499999999999943e+02,2.278000000000000025e+00,3.238999999999999879e+00,9.259999999999999787e+00,6.020999999999999908e+00,1.261560613612449644e-01,2.407400000000000091e+02
2.278999999999999915e+00,3.201000000000000068e+00,9.576999999999999957e+00,6.376000000000000334e+00,1.257518070959554035e-01,2.342990000000000066e+02,2.286000000000000032e+00,3.225999999999999979e+00,9.246999999999999886e+00,6.020999999999999908e+00,1.265991028410035080e-01,2.407529999999999859e+02
2.286999999999999922e+00,3.213999999999999968e+00,9.577999999999999403e+00,6.363999999999999879e+00,1.261932351155989340e-01,2.342860000000000014e+02,2.295999999999999819e+00,3.238999999999999879e+00,9.247999999999999332e+00,6.009000000000000341e+00,1.271529046907016736e-01,2.407520000000000095e+02
2.295999999999999819e+00,3.189000000000000057e+00,9.576000000000000512e+00,6.386999999999999567e+00,1.266898416376979197e-01,2.343110000000000070e+02,2.303999999999999826e+00,3.262999999999999901e+00,9.272999999999999687e+00,6.009999999999999787e+00,1.275959461704602171e-01,2.407270000000000039e+02
2.303999999999999826e+00,3.176000000000000156e+00,9.577999999999999403e+00,6.402000000000000135e+00,1.271312696573414780e-01,2.343240000000000123e+02,2.313000000000000167e+00,3.314999999999999947e+00,9.323000000000000398e+00,6.008000000000000007e+00,1.280943678351885717e-01,2.406769999999999925e+02
2.314000000000000057e+00,3.176000000000000156e+00,9.577999999999999403e+00,6.402000000000000135e+00,1.276830546818959189e-01,2.343240000000000123e+02,2.321000000000000174e+00,3.327999999999999847e+00,9.324999999999999289e+00,5.996999999999999886e+00,1.285374093149471153e-01,2.406750000000000114e+02
2.322000000000000064e+00,3.177000000000000046e+00,9.602000000000000313e+00,6.424999999999999822e+00,1.281244827015394772e-01,2.343230000000000075e+02,2.330000000000000071e+00,3.366000000000000103e+00,9.362000000000000099e+00,5.996000000000000441e+00,1.290358309796754699e-01,2.406380000000000052e+02
2.330999999999999961e+00,3.177000000000000046e+00,9.586999999999999744e+00,6.410000000000000142e+00,1.286210892236384629e-01,2.343230000000000075e+02,2.338000000000000078e+00,3.353000000000000203e+00,9.351000000000000867e+00,5.998000000000000220e+00,1.294788724594340135e-01,2.406490000000000009e+02
2.338999999999999968e+00,3.137999999999999901e+00,9.561999999999999389e+00,6.424000000000000377e+00,1.290625172432819934e-01,2.343619999999999948e+02,2.347999999999999865e+00,3.327999999999999847e+00,9.326000000000000512e+00,5.998000000000000220e+00,1.300326743091321791e-01,2.406740000000000066e+02
2.347999999999999865e+00,3.152000000000000135e+00,9.564000000000000057e+00,6.411999999999999922e+00,1.295591237653809791e-01,2.343480000000000132e+02,2.355999999999999872e+00,3.315999999999999837e+00,9.314000000000000057e+00,5.998000000000000220e+00,1.304757157888907226e-01,2.406860000000000070e+02
2.355999999999999872e+00,3.176000000000000156e+00,9.596999999999999531e+00,6.421000000000000263e+00,1.300005517850245373e-01,2.343240000000000123e+02,2.369000000000000217e+00,3.329000000000000181e+00,9.313000000000000611e+00,5.983999999999999986e+00,1.311956581934983768e-01,2.406870000000000118e+02
2.365000000000000213e+00,3.176000000000000156e+00,9.599000000000000199e+00,6.423000000000000043e+00,1.304971583071235508e-01,2.343240000000000123e+02,2.376999999999999780e+00,3.329000000000000181e+00,9.311999999999999389e+00,5.982999999999999652e+00,1.316386996732568926e-01,2.406879999999999882e+02
2.375000000000000000e+00,3.189000000000000057e+00,9.599999999999999645e+00,6.410999999999999588e+00,1.310489433316779639e-01,2.343110000000000070e+02,2.386000000000000121e+00,3.353000000000000203e+00,9.311999999999999389e+00,5.958999999999999631e+00,1.321371213379852749e-01,2.406879999999999882e+02
2.383000000000000007e+00,3.201999999999999957e+00,9.587999999999999190e+00,6.386000000000000121e+00,1.314903713513215222e-01,2.342980000000000018e+02,2.399999999999999911e+00,3.365000000000000213e+00,9.313000000000000611e+00,5.948000000000000398e+00,1.329124439275627123e-01,2.406870000000000118e+02
2.391000000000000014e+00,3.201999999999999957e+00,9.599999999999999645e+00,6.397999999999999687e+00,1.319317993709650527e-01,2.342980000000000018e+02,2.408999999999999808e+00,3.379000000000000004e+00,9.337999999999999190e+00,5.958999999999999631e+00,1.334108655922910669e-01,2.406620000000000061e+02
2.400999999999999801e+00,3.213999999999999968e+00,9.612999999999999545e+00,6.399000000000000021e+00,1.324835843955194936e-01,2.342860000000000014e+02,2.416999999999999815e+00,3.351999999999999869e+00,9.311999999999999389e+00,5.959999999999999964e+00,1.338539070720496105e-01,2.406879999999999882e+02
2.408999999999999808e+00,3.251999999999999780e+00,9.637999999999999901e+00,6.386000000000000121e+00,1.329250124151630241e-01,2.342479999999999905e+02,2.426000000000000156e+00,3.302999999999999936e+00,9.260999999999999233e+00,5.958000000000000185e+00,1.343523287367779928e-01,2.407390000000000043e+02
2.418000000000000149e+00,3.253000000000000114e+00,9.650999999999999801e+00,6.397999999999999687e+00,1.334216189372620376e-01,2.342470000000000141e+02,2.434000000000000163e+00,3.289000000000000146e+00,9.249000000000000554e+00,5.959999999999999964e+00,1.347953702165365364e-01,2.407510000000000048e+02
2.426000000000000156e+00,3.251999999999999780e+00,9.638999999999999346e+00,6.386999999999999567e+00,1.338630469569055959e-01,2.342479999999999905e+02,2.443000000000000060e+00,3.314999999999999947e+00,9.273999999999999133e+00,5.958999999999999631e+00,1.352937918812648910e-01,2.407259999999999991e+02
2.439000000000000057e+00,3.251999999999999780e+00,9.662000000000000810e+00,6.410000000000000142e+00,1.345803674888263468e-01,2.342479999999999905e+02,2.455999999999999961e+00,3.302999999999999936e+00,9.272999999999999687e+00,5.969999999999999751e+00,1.360137342858725173e-01,2.407270000000000039e+02
2.447999999999999954e+00,3.251999999999999780e+00,9.614000000000000767e+00,6.362000000000000099e+00,1.350769740109253325e-01,2.342479999999999905e+02,2.464999999999999858e+00,3.277000000000000135e+00,9.262000000000000455e+00,5.985000000000000320e+00,1.365121559506008719e-01,2.407379999999999995e+02
2.456999999999999851e+00,3.238999999999999879e+00,9.614000000000000767e+00,6.375000000000000000e+00,1.355735805330243182e-01,2.342609999999999957e+02,2.472999999999999865e+00,3.290000000000000036e+00,9.275999999999999801e+00,5.985999999999999766e+00,1.369551974303594155e-01,2.407239999999999895e+02
2.466000000000000192e+00,3.238999999999999879e+00,9.627000000000000668e+00,6.387999999999999901e+00,1.360701870551233317e-01,2.342609999999999957e+02,2.487000000000000099e+00,3.329000000000000181e+00,9.324999999999999289e+00,5.996000000000000441e+00,1.377305200199368806e-01,2.406750000000000114e+02
2.474000000000000199e+00,3.265000000000000124e+00,9.650000000000000355e+00,6.384999999999999787e+00,1.365116150747668622e-01,2.342350000000000136e+02,2.495000000000000107e+00,3.329000000000000181e+00,9.311999999999999389e+00,5.982999999999999652e+00,1.381735614996954242e-01,2.406879999999999882e+02
2.483000000000000096e+00,3.265000000000000124e+00,9.676000000000000156e+00,6.410999999999999588e+00,1.370082215968658479e-01,2.342350000000000136e+02,2.504000000000000004e+00,3.290000000000000036e+00,9.273999999999999133e+00,5.983999999999999986e+00,1.386719831644237788e-01,2.407259999999999991e+02
2.491000000000000103e+00,3.253000000000000114e+00,9.664999999999999147e+00,6.411999999999999922e+00,1.374496496165094062e-01,2.342470000000000141e+02,2.512999999999999901e+00,3.302999999999999936e+00,9.275000000000000355e+00,5.972000000000000419e+00,1.391704048291521334e-01,2.407249999999999943e+02
2.500000000000000000e+00,3.226999999999999869e+00,9.641000000000000014e+00,6.413999999999999702e+00,1.379462561386083919e-01,2.342729999999999961e+02,2.520999999999999908e+00,3.314999999999999947e+00,9.285999999999999588e+00,5.971000000000000085e+00,1.396134463089106770e-01,2.407139999999999986e+02
2.512999999999999901e+00,3.214999999999999858e+00,9.628000000000000114e+00,6.413000000000000256e+00,1.386635766705291428e-01,2.342849999999999966e+02,2.529999999999999805e+00,3.302999999999999936e+00,9.287000000000000810e+00,5.983999999999999986e+00,1.401118679736390316e-01,2.407129999999999939e+02
2.521999999999999797e+00,3.214999999999999858e+00,9.615000000000000213e+00,6.400000000000000355e+00,1.391601831926281285e-01,2.342849999999999966e+02,2.539000000000000146e+00,3.290000000000000036e+00,9.275999999999999801e+00,5.985999999999999766e+00,1.406102896383674139e-01,2.407239999999999895e+02
2.531000000000000139e+00,3.240000000000000213e+00,9.641999999999999460e+00,6.402000000000000135e+00,1.396567897147271420e-01,2.342599999999999909e+02,2.547000000000000153e+00,3.277000000000000135e+00,9.262999999999999901e+00,5.985999999999999766e+00,1.410533311181259575e-01,2.407369999999999948e+02
2.544000000000000039e+00,3.278999999999999915e+00,9.678000000000000824e+00,6.399000000000000021e+00,1.403741102466478929e-01,2.342210000000000036e+02,2.556000000000000050e+00,3.341000000000000192e+00,9.326000000000000512e+00,5.985000000000000320e+00,1.415517527828543121e-01,2.406740000000000066e+02
2.552000000000000046e+00,3.265000000000000124e+00,9.676000000000000156e+00,6.410999999999999588e+00,1.408155382662914512e-01,2.342350000000000136e+02,2.564000000000000057e+00,3.379000000000000004e+00,9.364000000000000767e+00,5.985000000000000320e+00,1.419947942626128556e-01,2.406359999999999957e+02
2.560999999999999943e+00,3.251999999999999780e+00,9.641000000000000014e+00,6.389000000000000234e+00,1.413121447883904369e-01,2.342479999999999905e+02,2.577999999999999847e+00,3.391999999999999904e+00,9.387000000000000455e+00,5.995000000000000107e+00,1.427701168521902930e-01,2.406129999999999995e+02
2.573999999999999844e+00,3.254000000000000004e+00,9.650000000000000355e+00,6.395999999999999908e+00,1.420294653203111879e-01,2.342460000000000093e+02,2.587000000000000188e+00,3.403999999999999915e+00,9.413000000000000256e+00,6.009000000000000341e+00,1.432685385169186754e-01,2.405869999999999891e+02
2.583000000000000185e+00,3.290999999999999925e+00,9.662000000000000810e+00,6.371000000000000441e+00,1.425260718424102013e-01,2.342090000000000032e+02,2.595000000000000195e+00,3.403999999999999915e+00,9.425000000000000711e+00,6.020999999999999908e+00,1.437115799966772189e-01,2.405749999999999886e+02
2.591000000000000192e+00,3.251999999999999780e+00,9.627000000000000668e+00,6.375000000000000000e+00,1.429674998620537318e-01,2.342479999999999905e+02,2.604000000000000092e+00,3.391999999999999904e+00,9.426999999999999602e+00,6.035000000000000142e+00,1.442100016614055735e-01,2.405730000000000075e+02
2.600000000000000089e+00,3.213999999999999968e+00,9.601000000000000867e+00,6.386999999999999567e+00,1.434641063841527175e-01,2.342860000000000014e+02,2.612000000000000099e+00,3.403999999999999915e+00,9.438000000000000611e+00,6.033999999999999808e+00,1.446530431411640893e-01,2.405620000000000118e+02
2.612999999999999989e+00,3.213999999999999968e+00,9.601000000000000867e+00,6.386999999999999567e+00,1.441814269160734963e-01,2.342860000000000014e+02,2.621999999999999886e+00,3.379000000000000004e+00,9.413000000000000256e+00,6.033999999999999808e+00,1.452068449908622827e-01,2.405869999999999891e+02
2.621999999999999886e+00,3.228000000000000203e+00,9.614000000000000767e+00,6.386000000000000121e+00,1.446780334381724542e-01,2.342719999999999914e+02,2.629999999999999893e+00,3.339999999999999858e+00,9.385999999999999233e+00,6.046000000000000263e+00,1.456498864706207985e-01,2.406140000000000043e+02
2.629999999999999893e+00,3.226999999999999869e+00,9.615000000000000213e+00,6.387999999999999901e+00,1.451194614578160125e-01,2.342729999999999961e+02,2.637999999999999901e+00,3.327999999999999847e+00,9.387999999999999901e+00,6.059999999999999609e+00,1.460929279503793421e-01,2.406119999999999948e+02
2.638999999999999790e+00,3.226999999999999869e+00,9.627000000000000668e+00,6.400000000000000355e+00,1.456160679799149982e-01,2.342729999999999961e+02,2.646999999999999797e+00,3.314999999999999947e+00,9.397999999999999687e+00,6.083000000000000185e+00,1.465913496151076967e-01,2.406020000000000039e+02
2.652000000000000135e+00,3.240000000000000213e+00,9.650999999999999801e+00,6.410999999999999588e+00,1.463333885118357769e-01,2.342599999999999909e+02,2.656000000000000139e+00,3.314999999999999947e+00,9.374000000000000554e+00,6.059000000000000163e+00,1.470897712798360790e-01,2.406260000000000048e+02
2.661000000000000032e+00,3.278000000000000025e+00,9.666000000000000369e+00,6.387999999999999901e+00,1.468299950339347626e-01,2.342220000000000084e+02,2.664000000000000146e+00,3.314999999999999947e+00,9.372999999999999332e+00,6.057999999999999829e+00,1.475328127595946226e-01,2.406270000000000095e+02
2.673999999999999932e+00,3.251999999999999780e+00,9.641000000000000014e+00,6.389000000000000234e+00,1.475473155658555136e-01,2.342479999999999905e+02,2.673999999999999932e+00,3.302999999999999936e+00,9.361000000000000654e+00,6.057999999999999829e+00,1.480866146092927882e-01,2.406390000000000100e+02
2.682999999999999829e+00,3.254000000000000004e+00,9.628999999999999559e+00,6.375000000000000000e+00,1.480439220879544993e-01,2.342460000000000093e+02,2.681999999999999940e+00,3.302000000000000046e+00,9.362999999999999545e+00,6.060999999999999943e+00,1.485296560890513318e-01,2.406370000000000005e+02
2.690999999999999837e+00,3.226999999999999869e+00,9.628999999999999559e+00,6.402000000000000135e+00,1.484853501075980575e-01,2.342729999999999961e+02,2.694999999999999840e+00,3.315999999999999837e+00,9.388999999999999346e+00,6.073000000000000398e+00,1.492495984936589581e-01,2.406109999999999900e+02
2.700000000000000178e+00,3.228000000000000203e+00,9.614000000000000767e+00,6.386000000000000121e+00,1.489819566296970710e-01,2.342719999999999914e+02,2.704000000000000181e+00,3.314999999999999947e+00,9.388999999999999346e+00,6.073999999999999844e+00,1.497480201583873405e-01,2.406109999999999900e+02
2.713000000000000078e+00,3.228000000000000203e+00,9.602999999999999758e+00,6.375000000000000000e+00,1.496992771616178219e-01,2.342719999999999914e+02,2.713000000000000078e+00,3.314999999999999947e+00,9.387999999999999901e+00,6.073000000000000398e+00,1.502464418231156951e-01,2.406119999999999948e+02
2.721999999999999975e+00,3.238999999999999879e+00,9.589999999999999858e+00,6.350999999999999979e+00,1.501958836837168076e-01,2.342609999999999957e+02,2.721000000000000085e+00,3.354000000000000092e+00,9.400999999999999801e+00,6.046999999999999709e+00,1.506894833028742386e-01,2.405989999999999895e+02
2.730999999999999872e+00,3.265000000000000124e+00,9.577999999999999403e+00,6.312999999999999723e+00,1.506924902058157933e-01,2.342350000000000136e+02,2.733999999999999986e+00,3.339999999999999858e+00,9.413000000000000256e+00,6.073000000000000398e+00,1.514094257074818650e-01,2.405869999999999891e+02
2.738999999999999879e+00,3.290999999999999925e+00,9.590999999999999304e+00,6.299999999999999822e+00,1.511339182254593516e-01,2.342090000000000032e+02,2.742999999999999883e+00,3.353000000000000203e+00,9.423999999999999488e+00,6.070999999999999730e+00,1.519078473722102196e-01,2.405759999999999934e+02
2.748000000000000220e+00,3.265000000000000124e+00,9.579000000000000625e+00,6.314000000000000057e+00,1.516305247475583373e-01,2.342350000000000136e+02,2.751999999999999780e+00,3.366000000000000103e+00,9.400000000000000355e+00,6.033999999999999808e+00,1.524062690369385742e-01,2.405999999999999943e+02
2.757000000000000117e+00,3.265000000000000124e+00,9.541999999999999815e+00,6.277000000000000135e+00,1.521271312696573230e-01,2.342350000000000136e+02,2.761000000000000121e+00,3.379000000000000004e+00,9.375999999999999446e+00,5.996999999999999886e+00,1.529046907016669565e-01,2.406239999999999952e+02
2.766000000000000014e+00,3.290000000000000036e+00,9.567000000000000171e+00,6.277000000000000135e+00,1.526237377917563087e-01,2.342100000000000080e+02,2.769000000000000128e+00,3.404999999999999805e+00,9.377000000000000668e+00,5.972000000000000419e+00,1.533477321814255001e-01,2.406229999999999905e+02
2.774000000000000021e+00,3.315999999999999837e+00,9.580999999999999517e+00,6.264999999999999680e+00,1.530651658113998670e-01,2.341839999999999975e+02,2.778000000000000025e+00,3.378000000000000114e+00,9.365000000000000213e+00,5.987000000000000099e+00,1.538461538461538547e-01,2.406349999999999909e+02
2.782999999999999918e+00,3.329000000000000181e+00,9.605999999999999872e+00,6.277000000000000135e+00,1.535617723334988527e-01,2.341709999999999923e+02,2.786000000000000032e+00,3.379999999999999893e+00,9.352999999999999758e+00,5.972999999999999865e+00,1.542891953259123983e-01,2.406469999999999914e+02
2.791999999999999815e+00,3.317000000000000171e+00,9.618999999999999773e+00,6.301999999999999602e+00,1.540583788555978384e-01,2.341829999999999927e+02,2.799999999999999822e+00,3.366999999999999993e+00,9.340999999999999304e+00,5.974000000000000199e+00,1.550645179154898357e-01,2.406589999999999918e+02
2.799999999999999822e+00,3.303999999999999826e+00,9.619999999999999218e+00,6.315999999999999837e+00,1.544998068752413689e-01,2.341959999999999980e+02,2.807999999999999829e+00,3.330000000000000071e+00,9.316000000000000725e+00,5.985999999999999766e+00,1.555075593952483792e-01,2.406839999999999975e+02
2.809000000000000163e+00,3.317000000000000171e+00,9.682000000000000384e+00,6.365000000000000213e+00,1.549964133973403824e-01,2.341829999999999927e+02,2.817000000000000171e+00,3.341000000000000192e+00,9.355000000000000426e+00,6.014000000000000234e+00,1.560059810599767616e-01,2.406450000000000102e+02
2.818000000000000060e+00,3.342000000000000082e+00,9.730000000000000426e+00,6.387999999999999901e+00,1.554930199194393681e-01,2.341579999999999870e+02,2.826000000000000068e+00,3.391999999999999904e+00,9.428000000000000824e+00,6.035999999999999588e+00,1.565044027247051162e-01,2.405720000000000027e+02
2.826999999999999957e+00,3.315999999999999837e+00,9.756000000000000227e+00,6.440000000000000391e+00,1.559896264415383538e-01,2.341839999999999975e+02,2.834000000000000075e+00,3.366000000000000103e+00,9.428000000000000824e+00,6.062000000000000277e+00,1.569474442044636597e-01,2.405720000000000027e+02
2.838999999999999968e+00,3.303999999999999826e+00,9.755000000000000782e+00,6.450999999999999623e+00,1.566517684710036773e-01,2.341959999999999980e+02,2.842999999999999972e+00,3.353000000000000203e+00,9.428000000000000824e+00,6.075000000000000178e+00,1.574458658691920143e-01,2.405720000000000027e+02
2.846999999999999975e+00,3.290000000000000036e+00,9.740999999999999659e+00,6.450999999999999623e+00,1.570931964906472356e-01,2.342100000000000080e+02,2.855999999999999872e+00,3.341000000000000192e+00,9.429000000000000270e+00,6.088000000000000078e+00,1.581658082737996407e-01,2.405709999999999980e+02
2.855999999999999872e+00,3.277000000000000135e+00,9.715999999999999304e+00,6.439000000000000057e+00,1.575898030127462213e-01,2.342230000000000132e+02,2.865000000000000213e+00,3.366000000000000103e+00,9.464000000000000412e+00,6.097999999999999865e+00,1.586642299385280230e-01,2.405360000000000014e+02
2.865000000000000213e+00,3.265000000000000124e+00,9.705000000000000071e+00,6.440000000000000391e+00,1.580864095348452347e-01,2.342350000000000136e+02,2.874000000000000110e+00,3.366000000000000103e+00,9.476000000000000867e+00,6.110000000000000320e+00,1.591626516032563776e-01,2.405240000000000009e+02
2.874000000000000110e+00,3.240000000000000213e+00,9.702999999999999403e+00,6.463000000000000078e+00,1.585830160569441927e-01,2.342599999999999909e+02,2.882000000000000117e+00,3.315999999999999837e+00,9.449999999999999289e+00,6.134000000000000341e+00,1.596056930830149212e-01,2.405500000000000114e+02
2.883000000000000007e+00,3.226999999999999869e+00,9.678000000000000824e+00,6.450999999999999623e+00,1.590796225790431784e-01,2.342729999999999961e+02,2.895000000000000018e+00,3.277000000000000135e+00,9.425000000000000711e+00,6.147999999999999687e+00,1.603256354876225476e-01,2.405749999999999886e+02
2.895000000000000018e+00,3.240000000000000213e+00,9.689999999999999503e+00,6.450000000000000178e+00,1.597417646085085019e-01,2.342599999999999909e+02,2.903999999999999915e+00,3.290000000000000036e+00,9.426999999999999602e+00,6.136999999999999567e+00,1.608240571523509022e-01,2.405730000000000075e+02
2.903999999999999915e+00,3.240000000000000213e+00,9.692999999999999616e+00,6.453000000000000291e+00,1.602383711306074876e-01,2.342599999999999909e+02,2.916999999999999815e+00,3.263999999999999790e+00,9.425000000000000711e+00,6.160999999999999588e+00,1.615439995569585285e-01,2.405749999999999886e+02
2.916999999999999815e+00,3.253000000000000114e+00,9.717999999999999972e+00,6.464999999999999858e+00,1.609556916625282663e-01,2.342470000000000141e+02,2.924999999999999822e+00,3.251999999999999780e+00,9.412000000000000810e+00,6.160000000000000142e+00,1.619870410367170721e-01,2.405879999999999939e+02
2.926000000000000156e+00,3.290999999999999925e+00,9.768000000000000682e+00,6.477000000000000313e+00,1.614522981846272520e-01,2.342090000000000032e+02,2.935000000000000053e+00,3.265000000000000124e+00,9.414999999999999147e+00,6.150000000000000355e+00,1.625408428864152377e-01,2.405850000000000080e+02
2.935000000000000053e+00,3.291999999999999815e+00,9.766000000000000014e+00,6.474000000000000199e+00,1.619489047067262377e-01,2.342079999999999984e+02,2.943000000000000060e+00,3.277000000000000135e+00,9.438000000000000611e+00,6.160999999999999588e+00,1.629838843661737813e-01,2.405620000000000118e+02
2.943999999999999950e+00,3.330000000000000071e+00,9.781000000000000583e+00,6.450999999999999623e+00,1.624455112288252234e-01,2.341699999999999875e+02,2.955999999999999961e+00,3.290000000000000036e+00,9.451999999999999957e+00,6.161999999999999922e+00,1.637038267707814077e-01,2.405480000000000018e+02
2.951999999999999957e+00,3.341000000000000192e+00,9.803000000000000824e+00,6.461999999999999744e+00,1.628869392484687817e-01,2.341589999999999918e+02,2.964999999999999858e+00,3.265000000000000124e+00,9.438000000000000611e+00,6.173000000000000043e+00,1.642022484355097622e-01,2.405620000000000118e+02
2.960999999999999854e+00,3.302999999999999936e+00,9.755000000000000782e+00,6.451999999999999957e+00,1.633835457705677674e-01,2.341970000000000027e+02,2.974000000000000199e+00,3.290000000000000036e+00,9.451999999999999957e+00,6.161999999999999922e+00,1.647006701002381446e-01,2.405480000000000018e+02
2.970000000000000195e+00,3.278000000000000025e+00,9.740999999999999659e+00,6.463000000000000078e+00,1.638801522926667809e-01,2.342220000000000084e+02,2.982000000000000206e+00,3.315999999999999837e+00,9.464000000000000412e+00,6.147999999999999687e+00,1.651437115799966882e-01,2.405360000000000014e+02
2.983000000000000096e+00,3.251999999999999780e+00,9.715999999999999304e+00,6.464000000000000412e+00,1.645974728245875318e-01,2.342479999999999905e+02,2.995000000000000107e+00,3.302999999999999936e+00,9.464000000000000412e+00,6.160999999999999588e+00,1.658636539846043145e-01,2.405360000000000014e+02
2.991999999999999993e+00,3.253000000000000114e+00,9.727000000000000313e+00,6.474000000000000199e+00,1.650940793466865175e-01,2.342470000000000141e+02,3.004000000000000004e+00,3.329000000000000181e+00,9.487000000000000099e+00,6.158000000000000362e+00,1.663620756493326691e-01,2.405130000000000052e+02
3.000000000000000000e+00,3.265000000000000124e+00,9.727000000000000313e+00,6.461999999999999744e+00,1.655355073663300480e-01,2.342350000000000136e+02,3.012999999999999901e+00,3.329000000000000181e+00,9.474999999999999645e+00,6.145999999999999908e+00,1.668604973140610237e-01,2.405250000000000057e+02
3.012999999999999901e+00,3.240000000000000213e+00,9.727000000000000313e+00,6.487000000000000099e+00,1.662528278982508267e-01,2.342599999999999909e+02,3.020999999999999908e+00,3.339999999999999858e+00,9.499000000000000554e+00,6.158999999999999808e+00,1.673035387938195673e-01,2.405010000000000048e+02
3.021999999999999797e+00,3.278000000000000025e+00,9.727999999999999758e+00,6.450000000000000178e+00,1.667494344203498124e-01,2.342220000000000084e+02,3.035000000000000142e+00,3.353000000000000203e+00,9.525000000000000355e+00,6.171999999999999709e+00,1.680788613833970324e-01,2.404749999999999943e+02
3.031000000000000139e+00,3.290999999999999925e+00,9.728999999999999204e+00,6.437999999999999723e+00,1.672460409424488259e-01,2.342090000000000032e+02,3.043000000000000149e+00,3.290000000000000036e+00,9.448000000000000398e+00,6.158000000000000362e+00,1.685219028631555760e-01,2.405519999999999925e+02
3.039000000000000146e+00,3.278999999999999915e+00,9.714999999999999858e+00,6.435999999999999943e+00,1.676874689620923564e-01,2.342210000000000036e+02,3.052000000000000046e+00,3.290000000000000036e+00,9.448999999999999844e+00,6.158999999999999808e+00,1.690203245278839306e-01,2.405509999999999877e+02
3.048000000000000043e+00,3.302999999999999936e+00,9.717999999999999972e+00,6.415000000000000036e+00,1.681840754841913421e-01,2.341970000000000027e+02,3.060000000000000053e+00,3.290999999999999925e+00,9.449999999999999289e+00,6.158999999999999808e+00,1.694633660076424742e-01,2.405500000000000114e+02
3.056999999999999940e+00,3.329000000000000181e+00,9.740999999999999659e+00,6.411999999999999922e+00,1.686806820062903278e-01,2.341709999999999923e+02,3.073999999999999844e+00,3.265000000000000124e+00,9.439000000000000057e+00,6.174000000000000377e+00,1.702386885972199115e-01,2.405610000000000070e+02
3.065999999999999837e+00,3.315999999999999837e+00,9.728999999999999204e+00,6.413000000000000256e+00,1.691772885283893135e-01,2.341839999999999975e+02,3.083000000000000185e+00,3.265000000000000124e+00,9.414999999999999147e+00,6.150000000000000355e+00,1.707371102619482939e-01,2.405850000000000080e+02
3.073999999999999844e+00,3.330000000000000071e+00,9.717000000000000526e+00,6.386999999999999567e+00,1.696187165480328718e-01,2.341699999999999875e+02,3.091000000000000192e+00,3.254000000000000004e+00,9.391999999999999460e+00,6.137999999999999901e+00,1.711801517417068375e-01,2.406080000000000041e+02
3.083000000000000185e+00,3.329000000000000181e+00,9.727999999999999758e+00,6.399000000000000021e+00,1.701153230701318575e-01,2.341709999999999923e+02,3.104000000000000092e+00,3.278000000000000025e+00,9.404999999999999361e+00,6.126999999999999780e+00,1.719000941463144638e-01,2.405949999999999989e+02
3.096000000000000085e+00,3.341000000000000192e+00,9.715999999999999304e+00,6.375000000000000000e+00,1.708326436020526362e-01,2.341589999999999918e+02,3.112999999999999989e+00,3.342000000000000082e+00,9.441000000000000725e+00,6.099000000000000199e+00,1.723985158110428184e-01,2.405589999999999975e+02
3.104999999999999982e+00,3.366000000000000103e+00,9.763999999999999346e+00,6.397999999999999687e+00,1.713292501241516219e-01,2.341339999999999861e+02,3.125999999999999890e+00,3.341000000000000192e+00,9.452999999999999403e+00,6.112000000000000099e+00,1.731184582156504448e-01,2.405469999999999970e+02
3.113999999999999879e+00,3.341000000000000192e+00,9.737999999999999545e+00,6.397000000000000242e+00,1.718258566462506076e-01,2.341589999999999918e+02,3.134999999999999787e+00,3.327999999999999847e+00,9.462999999999999190e+00,6.134999999999999787e+00,1.736168798803787994e-01,2.405370000000000061e+02
3.121999999999999886e+00,3.327999999999999847e+00,9.727999999999999758e+00,6.400000000000000355e+00,1.722672846658941381e-01,2.341719999999999970e+02,3.142999999999999794e+00,3.303999999999999826e+00,9.464000000000000412e+00,6.160000000000000142e+00,1.740599213601373429e-01,2.405360000000000014e+02
3.130999999999999783e+00,3.341000000000000192e+00,9.740000000000000213e+00,6.399000000000000021e+00,1.727638911879931238e-01,2.341589999999999918e+02,3.157000000000000028e+00,3.278999999999999915e+00,9.448999999999999844e+00,6.169999999999999929e+00,1.748352439497148081e-01,2.405509999999999877e+02
3.138999999999999790e+00,3.314999999999999947e+00,9.715999999999999304e+00,6.400999999999999801e+00,1.732053192076366821e-01,2.341850000000000023e+02,3.165000000000000036e+00,3.238999999999999879e+00,9.425000000000000711e+00,6.185999999999999943e+00,1.752782854294733517e-01,2.405749999999999886e+02
3.148000000000000131e+00,3.327999999999999847e+00,9.727000000000000313e+00,6.399000000000000021e+00,1.737019257297356956e-01,2.341719999999999970e+02,3.173999999999999932e+00,3.201000000000000068e+00,9.387000000000000455e+00,6.185999999999999943e+00,1.757767070942017062e-01,2.406129999999999995e+02
3.156000000000000139e+00,3.341000000000000192e+00,9.740000000000000213e+00,6.399000000000000021e+00,1.741433537493792261e-01,2.341589999999999918e+02,3.182999999999999829e+00,3.202999999999999847e+00,9.390000000000000568e+00,6.187000000000000277e+00,1.762751287589300608e-01,2.406100000000000136e+02
3.165000000000000036e+00,3.314999999999999947e+00,9.727999999999999758e+00,6.413000000000000256e+00,1.746399602714782118e-01,2.341850000000000023e+02,3.196000000000000174e+00,3.189000000000000057e+00,9.390000000000000568e+00,6.200999999999999623e+00,1.769950711635377150e-01,2.406100000000000136e+02
3.177999999999999936e+00,3.330000000000000071e+00,9.728999999999999204e+00,6.399000000000000021e+00,1.753572808033989627e-01,2.341699999999999875e+02,3.204000000000000181e+00,3.177000000000000046e+00,9.403000000000000469e+00,6.225999999999999979e+00,1.774381126432962585e-01,2.405970000000000084e+02
3.186999999999999833e+00,3.391999999999999904e+00,9.801999999999999602e+00,6.410000000000000142e+00,1.758538873254979484e-01,2.341080000000000041e+02,3.213000000000000078e+00,3.214999999999999858e+00,9.439999999999999503e+00,6.224999999999999645e+00,1.779365343080246131e-01,2.405600000000000023e+02
3.196000000000000174e+00,3.391999999999999904e+00,9.789999999999999147e+00,6.397999999999999687e+00,1.763504938475969619e-01,2.341080000000000041e+02,3.225999999999999979e+00,3.214999999999999858e+00,9.452999999999999403e+00,6.238000000000000433e+00,1.786564767126322395e-01,2.405469999999999970e+02
3.204000000000000181e+00,3.416999999999999815e+00,9.826999999999999957e+00,6.410000000000000142e+00,1.767919218672405202e-01,2.340829999999999984e+02,3.233999999999999986e+00,3.240000000000000213e+00,9.503000000000000114e+00,6.262999999999999901e+00,1.790995181923907553e-01,2.404970000000000141e+02
3.217000000000000082e+00,3.391000000000000014e+00,9.814000000000000057e+00,6.423000000000000043e+00,1.775092423991612711e-01,2.341090000000000089e+02,3.246999999999999886e+00,3.278999999999999915e+00,9.528000000000000469e+00,6.248999999999999666e+00,1.798194605969983817e-01,2.404720000000000084e+02
3.225999999999999979e+00,3.339999999999999858e+00,9.788000000000000256e+00,6.448000000000000398e+00,1.780058489212602568e-01,2.341599999999999966e+02,3.255999999999999783e+00,3.226999999999999869e+00,9.464000000000000412e+00,6.237000000000000099e+00,1.803178822617267363e-01,2.405360000000000014e+02
3.238999999999999879e+00,3.354000000000000092e+00,9.801999999999999602e+00,6.448000000000000398e+00,1.787231694531810078e-01,2.341459999999999866e+02,3.263999999999999790e+00,3.228000000000000203e+00,9.487999999999999545e+00,6.259999999999999787e+00,1.807609237414852799e-01,2.405120000000000005e+02
3.248000000000000220e+00,3.314999999999999947e+00,9.752000000000000668e+00,6.437000000000000277e+00,1.792197759752800212e-01,2.341850000000000023e+02,3.278000000000000025e+00,3.213999999999999968e+00,9.500000000000000000e+00,6.285999999999999588e+00,1.815362463310627450e-01,2.405000000000000000e+02
3.257000000000000117e+00,3.302999999999999936e+00,9.750000000000000000e+00,6.447000000000000064e+00,1.797163824973790069e-01,2.341970000000000027e+02,3.286999999999999922e+00,3.201000000000000068e+00,9.522999999999999687e+00,6.322000000000000064e+00,1.820346679957910996e-01,2.404770000000000039e+02
3.270000000000000018e+00,3.302999999999999936e+00,9.737999999999999545e+00,6.434999999999999609e+00,1.804337030292997579e-01,2.341970000000000027e+02,3.298999999999999932e+00,3.201999999999999957e+00,9.523999999999999133e+00,6.322000000000000064e+00,1.826992302154289149e-01,2.404759999999999991e+02
3.278000000000000025e+00,3.290000000000000036e+00,9.714000000000000412e+00,6.424000000000000377e+00,1.808751310489433162e-01,2.342100000000000080e+02,3.309000000000000163e+00,3.177999999999999936e+00,9.512000000000000455e+00,6.333999999999999631e+00,1.832530320651271083e-01,2.404879999999999995e+02
3.286999999999999922e+00,3.302000000000000046e+00,9.727999999999999758e+00,6.426000000000000156e+00,1.813717375710423019e-01,2.341980000000000075e+02,3.321000000000000174e+00,3.177000000000000046e+00,9.526999999999999247e+00,6.349999999999999645e+00,1.839175942847649237e-01,2.404730000000000132e+02
3.295999999999999819e+00,3.303999999999999826e+00,9.737000000000000099e+00,6.432999999999999829e+00,1.818683440931412876e-01,2.341959999999999980e+02,3.330000000000000071e+00,3.162999999999999812e+00,9.525000000000000355e+00,6.362000000000000099e+00,1.844160159494932782e-01,2.404749999999999943e+02
3.309000000000000163e+00,3.314999999999999947e+00,9.739000000000000767e+00,6.424000000000000377e+00,1.825856646250620663e-01,2.341850000000000023e+02,3.338999999999999968e+00,3.164000000000000146e+00,9.503000000000000114e+00,6.339000000000000412e+00,1.849144376142216328e-01,2.404970000000000141e+02
3.318000000000000060e+00,3.326999999999999957e+00,9.737000000000000099e+00,6.410000000000000142e+00,1.830822711471610520e-01,2.341730000000000018e+02,3.351999999999999869e+00,3.189000000000000057e+00,9.528000000000000469e+00,6.339000000000000412e+00,1.856343800188292592e-01,2.404720000000000084e+02
3.326000000000000068e+00,3.314999999999999947e+00,9.724999999999999645e+00,6.410000000000000142e+00,1.835236991668046103e-01,2.341850000000000023e+02,3.359999999999999876e+00,3.177000000000000046e+00,9.513999999999999346e+00,6.336999999999999744e+00,1.860774214985878028e-01,2.404859999999999900e+02
3.338999999999999968e+00,3.354000000000000092e+00,9.727999999999999758e+00,6.373999999999999666e+00,1.842410196987253612e-01,2.341459999999999866e+02,3.373000000000000220e+00,3.162999999999999812e+00,9.502000000000000668e+00,6.339000000000000412e+00,1.867973639031954569e-01,2.404979999999999905e+02
3.347999999999999865e+00,3.366000000000000103e+00,9.749000000000000554e+00,6.383000000000000007e+00,1.847376262208243469e-01,2.341339999999999861e+02,3.383000000000000007e+00,3.188000000000000167e+00,9.526999999999999247e+00,6.339000000000000412e+00,1.873511657528936225e-01,2.404730000000000132e+02
3.361000000000000210e+00,3.366000000000000103e+00,9.737999999999999545e+00,6.371999999999999886e+00,1.854549467527451256e-01,2.341339999999999861e+02,3.391000000000000014e+00,3.213999999999999968e+00,9.574999999999999289e+00,6.360999999999999766e+00,1.877942072326521661e-01,2.404250000000000114e+02
3.370000000000000107e+00,3.366000000000000103e+00,9.762999999999999901e+00,6.397000000000000242e+00,1.859515532748441113e-01,2.341339999999999861e+02,3.403999999999999915e+00,3.265000000000000124e+00,9.602000000000000313e+00,6.336999999999999744e+00,1.885141496372597925e-01,2.403979999999999961e+02
3.378000000000000114e+00,3.354000000000000092e+00,9.739000000000000767e+00,6.384999999999999787e+00,1.863929812944876696e-01,2.341459999999999866e+02,3.412999999999999812e+00,3.238999999999999879e+00,9.564000000000000057e+00,6.325000000000000178e+00,1.890125713019881470e-01,2.404360000000000070e+02
3.391000000000000014e+00,3.341000000000000192e+00,9.724999999999999645e+00,6.384000000000000341e+00,1.871103018264084206e-01,2.341589999999999918e+02,3.422000000000000153e+00,3.228000000000000203e+00,9.551000000000000156e+00,6.323000000000000398e+00,1.895109929667165294e-01,2.404490000000000123e+02
3.400999999999999801e+00,3.302000000000000046e+00,9.702999999999999403e+00,6.400999999999999801e+00,1.876620868509628337e-01,2.341980000000000075e+02,3.435000000000000053e+00,3.213999999999999968e+00,9.535999999999999588e+00,6.322000000000000064e+00,1.902309353713241558e-01,2.404639999999999986e+02
3.412999999999999812e+00,3.303999999999999826e+00,9.714000000000000412e+00,6.410000000000000142e+00,1.883242288804281572e-01,2.341959999999999980e+02,3.443000000000000060e+00,3.202999999999999847e+00,9.503000000000000114e+00,6.299999999999999822e+00,1.906739768510826993e-01,2.404970000000000141e+02
3.422000000000000153e+00,3.339999999999999858e+00,9.752000000000000668e+00,6.411999999999999922e+00,1.888208354025271707e-01,2.341599999999999966e+02,3.455999999999999961e+00,3.213999999999999968e+00,9.538999999999999702e+00,6.325000000000000178e+00,1.913939192556903257e-01,2.404610000000000127e+02
3.430000000000000160e+00,3.302000000000000046e+00,9.724999999999999645e+00,6.423000000000000043e+00,1.892622634221707012e-01,2.341980000000000075e+02,3.464999999999999858e+00,3.177000000000000046e+00,9.477999999999999758e+00,6.301000000000000156e+00,1.918923409204186803e-01,2.405219999999999914e+02
3.443000000000000060e+00,3.302000000000000046e+00,9.724000000000000199e+00,6.421999999999999709e+00,1.899795839540914799e-01,2.341980000000000075e+02,3.478000000000000203e+00,3.201999999999999957e+00,9.490000000000000213e+00,6.288000000000000256e+00,1.926122833250263344e-01,2.405099999999999909e+02
3.451999999999999957e+00,3.327999999999999847e+00,9.749000000000000554e+00,6.421000000000000263e+00,1.904761904761904656e-01,2.341719999999999970e+02,3.487000000000000099e+00,3.226999999999999869e+00,9.512999999999999901e+00,6.285999999999999588e+00,1.931107049897546890e-01,2.404869999999999948e+02
3.464999999999999858e+00,3.314999999999999947e+00,9.736000000000000654e+00,6.421000000000000263e+00,1.911935110081112166e-01,2.341850000000000023e+02,3.500000000000000000e+00,3.238999999999999879e+00,9.513999999999999346e+00,6.275000000000000355e+00,1.938306473943623154e-01,2.404859999999999900e+02
3.474000000000000199e+00,3.353000000000000203e+00,9.785000000000000142e+00,6.432000000000000384e+00,1.916901175302102300e-01,2.341469999999999914e+02,3.508999999999999897e+00,3.265000000000000124e+00,9.525000000000000355e+00,6.259999999999999787e+00,1.943290690590906700e-01,2.404749999999999943e+02
3.483000000000000096e+00,3.351999999999999869e+00,9.775000000000000355e+00,6.423000000000000043e+00,1.921867240523092157e-01,2.341479999999999961e+02,3.516999999999999904e+00,3.228000000000000203e+00,9.477000000000000313e+00,6.248999999999999666e+00,1.947721105388492135e-01,2.405229999999999961e+02
3.495000000000000107e+00,3.366000000000000103e+00,9.788999999999999702e+00,6.423000000000000043e+00,1.928488660817745393e-01,2.341339999999999861e+02,3.529999999999999805e+00,3.240000000000000213e+00,9.489000000000000767e+00,6.248999999999999666e+00,1.954920529434568399e-01,2.405109999999999957e+02
3.504000000000000004e+00,3.339999999999999858e+00,9.776999999999999247e+00,6.437000000000000277e+00,1.933454726038735250e-01,2.341599999999999966e+02,3.537999999999999812e+00,3.213999999999999968e+00,9.451000000000000512e+00,6.237000000000000099e+00,1.959350944232153835e-01,2.405490000000000066e+02
3.512999999999999901e+00,3.314999999999999947e+00,9.752000000000000668e+00,6.437000000000000277e+00,1.938420791259725107e-01,2.341850000000000023e+02,3.547000000000000153e+00,3.176000000000000156e+00,9.412000000000000810e+00,6.235999999999999766e+00,1.964335160879437381e-01,2.405879999999999939e+02
3.527000000000000135e+00,3.329000000000000181e+00,9.775999999999999801e+00,6.447000000000000064e+00,1.946145781603487168e-01,2.341709999999999923e+02,3.560000000000000053e+00,3.201000000000000068e+00,9.425000000000000711e+00,6.224000000000000199e+00,1.971534584925513645e-01,2.405749999999999886e+02
3.535000000000000142e+00,3.290000000000000036e+00,9.752000000000000668e+00,6.461999999999999744e+00,1.950560061799922751e-01,2.342100000000000080e+02,3.568999999999999950e+00,3.226999999999999869e+00,9.435999999999999943e+00,6.208999999999999631e+00,1.976518801572797190e-01,2.405639999999999930e+02
3.543000000000000149e+00,3.277000000000000135e+00,9.750999999999999446e+00,6.474000000000000199e+00,1.954974341996358056e-01,2.342230000000000132e+02,3.577999999999999847e+00,3.226999999999999869e+00,9.436999999999999389e+00,6.209999999999999964e+00,1.981503018220080736e-01,2.405629999999999882e+02
3.556999999999999940e+00,3.302999999999999936e+00,9.762000000000000455e+00,6.458999999999999631e+00,1.962699332340120117e-01,2.341970000000000027e+02,3.591000000000000192e+00,3.225999999999999979e+00,9.461000000000000298e+00,6.235000000000000320e+00,1.988702442266157278e-01,2.405389999999999873e+02
3.565999999999999837e+00,3.326999999999999957e+00,9.785000000000000142e+00,6.458000000000000185e+00,1.967665397561109975e-01,2.341730000000000018e+02,3.599000000000000199e+00,3.238999999999999879e+00,9.449999999999999289e+00,6.211000000000000298e+00,1.993132857063742713e-01,2.405500000000000114e+02
3.579000000000000181e+00,3.365000000000000213e+00,9.823000000000000398e+00,6.458000000000000185e+00,1.974838602880317762e-01,2.341349999999999909e+02,3.608000000000000096e+00,3.250999999999999890e+00,9.462999999999999190e+00,6.211999999999999744e+00,1.998117073711026259e-01,2.405370000000000061e+02
3.587000000000000188e+00,3.390000000000000124e+00,9.846999999999999531e+00,6.456999999999999851e+00,1.979252883076753344e-01,2.341100000000000136e+02,3.620999999999999996e+00,3.251999999999999780e+00,9.461999999999999744e+00,6.209999999999999964e+00,2.005316497757102523e-01,2.405380000000000109e+02
3.600999999999999979e+00,3.403000000000000025e+00,9.858000000000000540e+00,6.455000000000000071e+00,1.986977873420515128e-01,2.340970000000000084e+02,3.629999999999999893e+00,3.253000000000000114e+00,9.449999999999999289e+00,6.197000000000000064e+00,2.010300714404386069e-01,2.405500000000000114e+02
3.608999999999999986e+00,3.440999999999999837e+00,9.872999999999999332e+00,6.432000000000000384e+00,1.991392153616950711e-01,2.340589999999999975e+02,3.638999999999999790e+00,3.263999999999999790e+00,9.474999999999999645e+00,6.211000000000000298e+00,2.015284931051669615e-01,2.405250000000000057e+02
3.621999999999999886e+00,3.403000000000000025e+00,9.836999999999999744e+00,6.434000000000000163e+00,1.998565358936158221e-01,2.340970000000000084e+02,3.652000000000000135e+00,3.250999999999999890e+00,9.474999999999999645e+00,6.224000000000000199e+00,2.022484355097746156e-01,2.405250000000000057e+02
3.630999999999999783e+00,3.378000000000000114e+00,9.813000000000000611e+00,6.434999999999999609e+00,2.003531424157148078e-01,2.341220000000000141e+02,3.660000000000000142e+00,3.265000000000000124e+00,9.487000000000000099e+00,6.222000000000000419e+00,2.026914769895331592e-01,2.405130000000000052e+02
3.644000000000000128e+00,3.366000000000000103e+00,9.801999999999999602e+00,6.435999999999999943e+00,2.010704629476355865e-01,2.341339999999999861e+02,3.673999999999999932e+00,3.290000000000000036e+00,9.523999999999999133e+00,6.233999999999999986e+00,2.034667995791105966e-01,2.404759999999999991e+02
3.653000000000000025e+00,3.365000000000000213e+00,9.810999999999999943e+00,6.445999999999999730e+00,2.015670694697345722e-01,2.341349999999999909e+02,3.681999999999999940e+00,3.277000000000000135e+00,9.525999999999999801e+00,6.248999999999999666e+00,2.039098410588691401e-01,2.404739999999999895e+02
3.661000000000000032e+00,3.403000000000000025e+00,9.836999999999999744e+00,6.434000000000000163e+00,2.020084974893781304e-01,2.340970000000000084e+02,3.694999999999999840e+00,3.303999999999999826e+00,9.525999999999999801e+00,6.222000000000000419e+00,2.046297834634767665e-01,2.404739999999999895e+02
3.674999999999999822e+00,3.379000000000000004e+00,9.810999999999999943e+00,6.432000000000000384e+00,2.027809965237543088e-01,2.341210000000000093e+02,3.704000000000000181e+00,3.290000000000000036e+00,9.512000000000000455e+00,6.222000000000000419e+00,2.051282051282051488e-01,2.404879999999999995e+02
3.682999999999999829e+00,3.403000000000000025e+00,9.811999999999999389e+00,6.408999999999999808e+00,2.032224245433978671e-01,2.340970000000000084e+02,3.717000000000000082e+00,3.314999999999999947e+00,9.535999999999999588e+00,6.221000000000000085e+00,2.058481475328127752e-01,2.404639999999999986e+02
3.694999999999999840e+00,3.403999999999999915e+00,9.810000000000000497e+00,6.405999999999999694e+00,2.038845665728631906e-01,2.340960000000000036e+02,3.725999999999999979e+00,3.314000000000000057e+00,9.537000000000000810e+00,6.222999999999999865e+00,2.063465691975411298e-01,2.404629999999999939e+02
3.704000000000000181e+00,3.403000000000000025e+00,9.810000000000000497e+00,6.407000000000000028e+00,2.043811730949622041e-01,2.340970000000000084e+02,3.734999999999999876e+00,3.289000000000000146e+00,9.509999999999999787e+00,6.221000000000000085e+00,2.068449908622694844e-01,2.404900000000000091e+02
3.713000000000000078e+00,3.415000000000000036e+00,9.836999999999999744e+00,6.421999999999999709e+00,2.048777796170611898e-01,2.340850000000000080e+02,3.748000000000000220e+00,3.326999999999999957e+00,9.537000000000000810e+00,6.209999999999999964e+00,2.075649332668771385e-01,2.404629999999999939e+02
3.725999999999999979e+00,3.403000000000000025e+00,9.823999999999999844e+00,6.421000000000000263e+00,2.055951001489819407e-01,2.340970000000000084e+02,3.755999999999999783e+00,3.338999999999999968e+00,9.535999999999999588e+00,6.197000000000000064e+00,2.080079747466356543e-01,2.404639999999999986e+02
3.734999999999999876e+00,3.415999999999999925e+00,9.836999999999999744e+00,6.421000000000000263e+00,2.060917066710809264e-01,2.340840000000000032e+02,3.765000000000000124e+00,3.354000000000000092e+00,9.525999999999999801e+00,6.171999999999999709e+00,2.085063964113640367e-01,2.404739999999999895e+02
3.748000000000000220e+00,3.415999999999999925e+00,9.836999999999999744e+00,6.421000000000000263e+00,2.068090272030017052e-01,2.340840000000000032e+02,3.778000000000000025e+00,3.379000000000000004e+00,9.550000000000000711e+00,6.171000000000000263e+00,2.092263388159716631e-01,2.404499999999999886e+02
3.755999999999999783e+00,3.391000000000000014e+00,9.788999999999999702e+00,6.397999999999999687e+00,2.072504552226452357e-01,2.341090000000000089e+02,3.790999999999999925e+00,3.391000000000000014e+00,9.563000000000000611e+00,6.171999999999999709e+00,2.099462812205792894e-01,2.404370000000000118e+02
3.769000000000000128e+00,3.415999999999999925e+00,9.826000000000000512e+00,6.410000000000000142e+00,2.079677757545660144e-01,2.340840000000000032e+02,3.799999999999999822e+00,3.404999999999999805e+00,9.586999999999999744e+00,6.182000000000000384e+00,2.104447028853076440e-01,2.404130000000000109e+02
3.778000000000000025e+00,3.415999999999999925e+00,9.824999999999999289e+00,6.408999999999999808e+00,2.084643822766650001e-01,2.340840000000000032e+02,3.813000000000000167e+00,3.353000000000000203e+00,9.537000000000000810e+00,6.184000000000000163e+00,2.111646452899152981e-01,2.404629999999999939e+02
3.790999999999999925e+00,3.415999999999999925e+00,9.813000000000000611e+00,6.397000000000000242e+00,2.091817028085857511e-01,2.340840000000000032e+02,3.822000000000000064e+00,3.339999999999999858e+00,9.535999999999999588e+00,6.195999999999999730e+00,2.116630669546436527e-01,2.404639999999999986e+02
3.799999999999999822e+00,3.415999999999999925e+00,9.810999999999999943e+00,6.394999999999999574e+00,2.096783093306847368e-01,2.340840000000000032e+02,3.834000000000000075e+00,3.327999999999999847e+00,9.523999999999999133e+00,6.195999999999999730e+00,2.123276291742814681e-01,2.404759999999999991e+02
3.813000000000000167e+00,3.403999999999999915e+00,9.800000000000000711e+00,6.395999999999999908e+00,2.103956298626055155e-01,2.340960000000000036e+02,3.842999999999999972e+00,3.275999999999999801e+00,9.474000000000000199e+00,6.198000000000000398e+00,2.128260508390098227e-01,2.405260000000000105e+02
3.822000000000000064e+00,3.428999999999999826e+00,9.813000000000000611e+00,6.384000000000000341e+00,2.108922363847045012e-01,2.340709999999999980e+02,3.855999999999999872e+00,3.289000000000000146e+00,9.497999999999999332e+00,6.208999999999999631e+00,2.135459932436174491e-01,2.405020000000000095e+02
3.834999999999999964e+00,3.415999999999999925e+00,9.798999999999999488e+00,6.383000000000000007e+00,2.116095569166252521e-01,2.340840000000000032e+02,3.863999999999999879e+00,3.314000000000000057e+00,9.547000000000000597e+00,6.232999999999999652e+00,2.139890347233759649e-01,2.404530000000000030e+02
3.843999999999999861e+00,3.440999999999999837e+00,9.826000000000000512e+00,6.384999999999999787e+00,2.121061634387242378e-01,2.340589999999999975e+02,3.878000000000000114e+00,3.339999999999999858e+00,9.596999999999999531e+00,6.256999999999999673e+00,2.147643573129534300e-01,2.404029999999999916e+02
3.851999999999999869e+00,3.454000000000000181e+00,9.851000000000000867e+00,6.397000000000000242e+00,2.125475914583677961e-01,2.340459999999999923e+02,3.886000000000000121e+00,3.351999999999999869e+00,9.621000000000000441e+00,6.269000000000000128e+00,2.152073987927119736e-01,2.403789999999999907e+02
3.866000000000000103e+00,3.415999999999999925e+00,9.826000000000000512e+00,6.410000000000000142e+00,2.133200904927440023e-01,2.340840000000000032e+02,3.899000000000000021e+00,3.351999999999999869e+00,9.621000000000000441e+00,6.269000000000000128e+00,2.159273411973196000e-01,2.403789999999999907e+02
3.874000000000000110e+00,3.440999999999999837e+00,9.862000000000000099e+00,6.421000000000000263e+00,2.137615185123875605e-01,2.340589999999999975e+02,3.916999999999999815e+00,3.376999999999999780e+00,9.650999999999999801e+00,6.274000000000000021e+00,2.169241845267763091e-01,2.403489999999999895e+02
3.887000000000000011e+00,3.440999999999999837e+00,9.861000000000000654e+00,6.419999999999999929e+00,2.144788390443083115e-01,2.340589999999999975e+02,3.926000000000000156e+00,3.354000000000000092e+00,9.622999999999999332e+00,6.269000000000000128e+00,2.174226061915046915e-01,2.403770000000000095e+02
3.895999999999999908e+00,3.427999999999999936e+00,9.875000000000000000e+00,6.447000000000000064e+00,2.149754455664072972e-01,2.340720000000000027e+02,3.939000000000000057e+00,3.339999999999999858e+00,9.625999999999999446e+00,6.285999999999999588e+00,2.181425485961123178e-01,2.403739999999999952e+02
3.908999999999999808e+00,3.440999999999999837e+00,9.875999999999999446e+00,6.434999999999999609e+00,2.156927660983280481e-01,2.340589999999999975e+02,3.947000000000000064e+00,3.302999999999999936e+00,9.599000000000000199e+00,6.296000000000000263e+00,2.185855900758708614e-01,2.404010000000000105e+02
3.918000000000000149e+00,3.378000000000000114e+00,9.824999999999999289e+00,6.447000000000000064e+00,2.161893726204270616e-01,2.341220000000000141e+02,3.959999999999999964e+00,3.327999999999999847e+00,9.647999999999999687e+00,6.320000000000000284e+00,2.193055324804784878e-01,2.403520000000000039e+02
3.930000000000000160e+00,3.415999999999999925e+00,9.836999999999999744e+00,6.421000000000000263e+00,2.168515146498923851e-01,2.340840000000000032e+02,3.968999999999999861e+00,3.339999999999999858e+00,9.648999999999999133e+00,6.309000000000000163e+00,2.198039541452068424e-01,2.403509999999999991e+02
3.939000000000000057e+00,3.403999999999999915e+00,9.859999999999999432e+00,6.456000000000000405e+00,2.173481211719913708e-01,2.340960000000000036e+02,3.982000000000000206e+00,3.314000000000000057e+00,9.647999999999999687e+00,6.333999999999999631e+00,2.205238965498144965e-01,2.403520000000000039e+02
3.951999999999999957e+00,3.428999999999999826e+00,9.887000000000000455e+00,6.458000000000000185e+00,2.180654417039121218e-01,2.340709999999999980e+02,3.995000000000000107e+00,3.366000000000000103e+00,9.698999999999999844e+00,6.333000000000000185e+00,2.212438389544221229e-01,2.403009999999999877e+02
3.960999999999999854e+00,3.491999999999999993e+00,9.938000000000000611e+00,6.445999999999999730e+00,2.185620482260111075e-01,2.340080000000000098e+02,4.003999999999999559e+00,3.314000000000000057e+00,9.647999999999999687e+00,6.333999999999999631e+00,2.217422606191504497e-01,2.403520000000000039e+02
3.968999999999999861e+00,3.479999999999999982e+00,9.936999999999999389e+00,6.456999999999999851e+00,2.190034762456546658e-01,2.340200000000000102e+02,4.017000000000000348e+00,3.339999999999999858e+00,9.685000000000000497e+00,6.344999999999999751e+00,2.224622030237581316e-01,2.403149999999999977e+02
3.982000000000000206e+00,3.516999999999999904e+00,9.964000000000000412e+00,6.447000000000000064e+00,2.197207967775754445e-01,2.339830000000000041e+02,4.025999999999999801e+00,3.314000000000000057e+00,9.673000000000000043e+00,6.358999999999999986e+00,2.229606246884864584e-01,2.403269999999999982e+02
3.991999999999999993e+00,3.491000000000000103e+00,9.961999999999999744e+00,6.471000000000000085e+00,2.202725818021298576e-01,2.340089999999999861e+02,4.038999999999999702e+00,3.327999999999999847e+00,9.698999999999999844e+00,6.371000000000000441e+00,2.236805670930940848e-01,2.403009999999999877e+02
4.004999999999999893e+00,3.440999999999999837e+00,9.925000000000000711e+00,6.483999999999999986e+00,2.209899023340506363e-01,2.340589999999999975e+02,4.051999999999999602e+00,3.326999999999999957e+00,9.698000000000000398e+00,6.371000000000000441e+00,2.244005094977017112e-01,2.403019999999999925e+02
4.017000000000000348e+00,3.454000000000000181e+00,9.926000000000000156e+00,6.472000000000000419e+00,2.216520443635159598e-01,2.340459999999999923e+02,4.060999999999999943e+00,3.265000000000000124e+00,9.660999999999999588e+00,6.395999999999999908e+00,2.248989311624300935e-01,2.403389999999999986e+02
4.025999999999999801e+00,3.415999999999999925e+00,9.884000000000000341e+00,6.467999999999999972e+00,2.221486508856149455e-01,2.340840000000000032e+02,4.073999999999999844e+00,3.290000000000000036e+00,9.673000000000000043e+00,6.383000000000000007e+00,2.256188735670377199e-01,2.403269999999999982e+02
4.038999999999999702e+00,3.390000000000000124e+00,9.861000000000000654e+00,6.471000000000000085e+00,2.228659714175356965e-01,2.341100000000000136e+02,4.083000000000000185e+00,3.275999999999999801e+00,9.647999999999999687e+00,6.371999999999999886e+00,2.261172952317661022e-01,2.403520000000000039e+02
4.048000000000000043e+00,3.402000000000000135e+00,9.874000000000000554e+00,6.472000000000000419e+00,2.233625779396347100e-01,2.340980000000000132e+02,4.096000000000000085e+00,3.277000000000000135e+00,9.659000000000000696e+00,6.381999999999999673e+00,2.268372376363737286e-01,2.403410000000000082e+02
4.060999999999999943e+00,3.479000000000000092e+00,9.912000000000000810e+00,6.432999999999999829e+00,2.240798984715554609e-01,2.340209999999999866e+02,4.104000000000000092e+00,3.290000000000000036e+00,9.650000000000000355e+00,6.360000000000000320e+00,2.272802791161322722e-01,2.403499999999999943e+02
4.070000000000000284e+00,3.529999999999999805e+00,9.949999999999999289e+00,6.419999999999999929e+00,2.245765049936544744e-01,2.339699999999999989e+02,4.116999999999999993e+00,3.277000000000000135e+00,9.635999999999999233e+00,6.358999999999999986e+00,2.280002215207398986e-01,2.403640000000000043e+02
4.078000000000000291e+00,3.466000000000000192e+00,9.898999999999999133e+00,6.432999999999999829e+00,2.250179330132980049e-01,2.340339999999999918e+02,4.125000000000000000e+00,3.278000000000000025e+00,9.625000000000000000e+00,6.347000000000000419e+00,2.284432630004984421e-01,2.403750000000000000e+02
4.091000000000000192e+00,3.491999999999999993e+00,9.901999999999999247e+00,6.410000000000000142e+00,2.257352535452187836e-01,2.340080000000000098e+02,4.137999999999999901e+00,3.251999999999999780e+00,9.599000000000000199e+00,6.347000000000000419e+00,2.291632054051060685e-01,2.404010000000000105e+02
4.099999999999999645e+00,3.529999999999999805e+00,9.948999999999999844e+00,6.418999999999999595e+00,2.262318600673177416e-01,2.339699999999999989e+02,4.147000000000000242e+00,3.289000000000000146e+00,9.634999999999999787e+00,6.346000000000000085e+00,2.296616270698344231e-01,2.403650000000000091e+02
4.113000000000000433e+00,3.516999999999999904e+00,9.923999999999999488e+00,6.407000000000000028e+00,2.269491805992385480e-01,2.339830000000000041e+02,4.160000000000000142e+00,3.327999999999999847e+00,9.662000000000000810e+00,6.333999999999999631e+00,2.303815694744420495e-01,2.403379999999999939e+02
4.121999999999999886e+00,3.504000000000000004e+00,9.912000000000000810e+00,6.408000000000000362e+00,2.274457871213375060e-01,2.339960000000000093e+02,4.168999999999999595e+00,3.302999999999999936e+00,9.635999999999999233e+00,6.333000000000000185e+00,2.308799911391704041e-01,2.403640000000000043e+02
4.134999999999999787e+00,3.516999999999999904e+00,9.922000000000000597e+00,6.405000000000000249e+00,2.281631076532582569e-01,2.339830000000000041e+02,4.182000000000000384e+00,3.314000000000000057e+00,9.660999999999999588e+00,6.347000000000000419e+00,2.315999335437780582e-01,2.403389999999999986e+02
4.144000000000000128e+00,3.553999999999999826e+00,9.945999999999999730e+00,6.392000000000000348e+00,2.286597141753572704e-01,2.339459999999999980e+02,4.190999999999999837e+00,3.326999999999999957e+00,9.647999999999999687e+00,6.320999999999999730e+00,2.320983552085063850e-01,2.403520000000000039e+02
4.157000000000000028e+00,3.528999999999999915e+00,9.907999999999999474e+00,6.378999999999999559e+00,2.293770347072780214e-01,2.339710000000000036e+02,4.203999999999999737e+00,3.351999999999999869e+00,9.672000000000000597e+00,6.320000000000000284e+00,2.328182976131140114e-01,2.403280000000000030e+02
4.166000000000000369e+00,3.528999999999999915e+00,9.894000000000000128e+00,6.365000000000000213e+00,2.298736412293770348e-01,2.339710000000000036e+02,4.213000000000000078e+00,3.353000000000000203e+00,9.650000000000000355e+00,6.296999999999999709e+00,2.333167192778423937e-01,2.403499999999999943e+02
4.179000000000000270e+00,3.565999999999999837e+00,9.955000000000000071e+00,6.389000000000000234e+00,2.305909617612977858e-01,2.339339999999999975e+02,4.225999999999999979e+00,3.302000000000000046e+00,9.599000000000000199e+00,6.296999999999999709e+00,2.340366616824500201e-01,2.404010000000000105e+02
4.187999999999999723e+00,3.553999999999999826e+00,9.919000000000000483e+00,6.365000000000000213e+00,2.310875682833967437e-01,2.339459999999999980e+02,4.235000000000000320e+00,3.341000000000000192e+00,9.624000000000000554e+00,6.283000000000000362e+00,2.345350833471784024e-01,2.403760000000000048e+02
4.200999999999999623e+00,3.528999999999999915e+00,9.907999999999999474e+00,6.378999999999999559e+00,2.318048888153175224e-01,2.339710000000000036e+02,4.248000000000000220e+00,3.339999999999999858e+00,9.611000000000000654e+00,6.270999999999999908e+00,2.352550257517860288e-01,2.403890000000000100e+02
4.208999999999999631e+00,3.504000000000000004e+00,9.897000000000000242e+00,6.392999999999999794e+00,2.322463168349610529e-01,2.339960000000000093e+02,4.256000000000000227e+00,3.379000000000000004e+00,9.625999999999999446e+00,6.246999999999999886e+00,2.356980672315445724e-01,2.403739999999999952e+02
4.222000000000000419e+00,3.491999999999999993e+00,9.896000000000000796e+00,6.403999999999999915e+00,2.329636373668818594e-01,2.340080000000000098e+02,4.269000000000000128e+00,3.403999999999999915e+00,9.663000000000000256e+00,6.259000000000000341e+00,2.364180096361521988e-01,2.403369999999999891e+02
4.230999999999999872e+00,3.503000000000000114e+00,9.897000000000000242e+00,6.394000000000000128e+00,2.334602438889808174e-01,2.339970000000000141e+02,4.277999999999999581e+00,3.428999999999999826e+00,9.686999999999999389e+00,6.258000000000000007e+00,2.369164313008805256e-01,2.403129999999999882e+02
4.243999999999999773e+00,3.491000000000000103e+00,9.858999999999999986e+00,6.368000000000000327e+00,2.341775644209015683e-01,2.340089999999999861e+02,4.291000000000000369e+00,3.455000000000000071e+00,9.699999999999999289e+00,6.245000000000000107e+00,2.376363737054882075e-01,2.403000000000000114e+02
4.251999999999999780e+00,3.516000000000000014e+00,9.871999999999999886e+00,6.355999999999999872e+00,2.346189924405451266e-01,2.339840000000000089e+02,4.299999999999999822e+00,3.390000000000000124e+00,9.662000000000000810e+00,6.272000000000000242e+00,2.381347953702165343e-01,2.403379999999999939e+02
4.264999999999999680e+00,3.503000000000000114e+00,9.881000000000000227e+00,6.378000000000000114e+00,2.353363129724658775e-01,2.339970000000000141e+02,4.312999999999999723e+00,3.379000000000000004e+00,9.624000000000000554e+00,6.245000000000000107e+00,2.388547377748241607e-01,2.403760000000000048e+02
4.274000000000000021e+00,3.463999999999999968e+00,9.868999999999999773e+00,6.405000000000000249e+00,2.358329194945648910e-01,2.340360000000000014e+02,4.320999999999999730e+00,3.378000000000000114e+00,9.660999999999999588e+00,6.283000000000000362e+00,2.392977792545827043e-01,2.403389999999999986e+02
4.286999999999999922e+00,3.478000000000000203e+00,9.869999999999999218e+00,6.392000000000000348e+00,2.365502400264856420e-01,2.340219999999999914e+02,4.334999999999999964e+00,3.351999999999999869e+00,9.634999999999999787e+00,6.283000000000000362e+00,2.400731018441601694e-01,2.403650000000000091e+02
4.296000000000000263e+00,3.439000000000000057e+00,9.840999999999999304e+00,6.402000000000000135e+00,2.370468465485846554e-01,2.340610000000000070e+02,4.342999999999999972e+00,3.314000000000000057e+00,9.586000000000000298e+00,6.272000000000000242e+00,2.405161433239187130e-01,2.404139999999999873e+02
4.309000000000000163e+00,3.463999999999999968e+00,9.855999999999999872e+00,6.392000000000000348e+00,2.377641670805054341e-01,2.340360000000000014e+02,4.355999999999999872e+00,3.329000000000000181e+00,9.586000000000000298e+00,6.256999999999999673e+00,2.412360857285263394e-01,2.404139999999999873e+02
4.317000000000000171e+00,3.451000000000000068e+00,9.855999999999999872e+00,6.405000000000000249e+00,2.382055951001489646e-01,2.340490000000000066e+02,4.365000000000000213e+00,3.415000000000000036e+00,9.660999999999999588e+00,6.246000000000000441e+00,2.417345073932547217e-01,2.403389999999999986e+02
4.330000000000000071e+00,3.439999999999999947e+00,9.832000000000000739e+00,6.392000000000000348e+00,2.389229156320697156e-01,2.340600000000000023e+02,4.378000000000000114e+00,3.466000000000000192e+00,9.698999999999999844e+00,6.232999999999999652e+00,2.424544497978623481e-01,2.403009999999999877e+02
4.339000000000000412e+00,3.491000000000000103e+00,9.897000000000000242e+00,6.405999999999999694e+00,2.394195221541687291e-01,2.340089999999999861e+02,4.386999999999999567e+00,3.403999999999999915e+00,9.637000000000000455e+00,6.232999999999999652e+00,2.429528714625906749e-01,2.403629999999999995e+02
4.352000000000000313e+00,3.528000000000000025e+00,9.930999999999999162e+00,6.402999999999999581e+00,2.401368426860894800e-01,2.339720000000000084e+02,4.400000000000000355e+00,3.427999999999999936e+00,9.676000000000000156e+00,6.248000000000000220e+00,2.436728138671983568e-01,2.403240000000000123e+02
4.360999999999999766e+00,3.515000000000000124e+00,9.919000000000000483e+00,6.403999999999999915e+00,2.406334492081884657e-01,2.339850000000000136e+02,4.408000000000000362e+00,3.466000000000000192e+00,9.685000000000000497e+00,6.219000000000000306e+00,2.441158553469569004e-01,2.403149999999999977e+02
4.373999999999999666e+00,3.516000000000000014e+00,9.907000000000000028e+00,6.391000000000000014e+00,2.413507697401092167e-01,2.339840000000000089e+02,4.421000000000000263e+00,3.440999999999999837e+00,9.673000000000000043e+00,6.232000000000000206e+00,2.448357977515645267e-01,2.403269999999999982e+02
4.383000000000000007e+00,3.503000000000000114e+00,9.894999999999999574e+00,6.392000000000000348e+00,2.418473762622082301e-01,2.339970000000000141e+02,4.429999999999999716e+00,3.427999999999999936e+00,9.662000000000000810e+00,6.233999999999999986e+00,2.453342194162928536e-01,2.403379999999999939e+02
4.395999999999999908e+00,3.553999999999999826e+00,9.917999999999999261e+00,6.363999999999999879e+00,2.425646967941289811e-01,2.339459999999999980e+02,4.442999999999999616e+00,3.440999999999999837e+00,9.682999999999999829e+00,6.241999999999999993e+00,2.460541618209004799e-01,2.403170000000000073e+02
4.408999999999999808e+00,3.476999999999999869e+00,9.868000000000000327e+00,6.391000000000000014e+00,2.432820173260497321e-01,2.340229999999999961e+02,4.451999999999999957e+00,3.452999999999999847e+00,9.695000000000000284e+00,6.241999999999999993e+00,2.465525834856288623e-01,2.403050000000000068e+02
4.418000000000000149e+00,3.452999999999999847e+00,9.855000000000000426e+00,6.402000000000000135e+00,2.437786238481487455e-01,2.340469999999999970e+02,4.464999999999999858e+00,3.427999999999999936e+00,9.657999999999999474e+00,6.230000000000000426e+00,2.472725258902364887e-01,2.403420000000000130e+02
4.431000000000000050e+00,3.463999999999999968e+00,9.878999999999999559e+00,6.415000000000000036e+00,2.444959443800694965e-01,2.340360000000000014e+02,4.474000000000000199e+00,3.439999999999999947e+00,9.670999999999999375e+00,6.230999999999999872e+00,2.477709475549648432e-01,2.403290000000000077e+02
4.439000000000000057e+00,3.451999999999999957e+00,9.868999999999999773e+00,6.416999999999999815e+00,2.449373723997130547e-01,2.340480000000000018e+02,4.487000000000000099e+00,3.490000000000000213e+00,9.721000000000000085e+00,6.230999999999999872e+00,2.484908899595724696e-01,2.402789999999999964e+02
4.453000000000000291e+00,3.463999999999999968e+00,9.906000000000000583e+00,6.442000000000000171e+00,2.457098714340892609e-01,2.340360000000000014e+02,4.495000000000000107e+00,3.439999999999999947e+00,9.670999999999999375e+00,6.230999999999999872e+00,2.489339314393310132e-01,2.403290000000000077e+02
4.466000000000000192e+00,3.488999999999999879e+00,9.917999999999999261e+00,6.429000000000000270e+00,2.464271919660100396e-01,2.340109999999999957e+02,4.508000000000000007e+00,3.439999999999999947e+00,9.659000000000000696e+00,6.219000000000000306e+00,2.496538738439386396e-01,2.403410000000000082e+02
4.474000000000000199e+00,3.515000000000000124e+00,9.944000000000000838e+00,6.429000000000000270e+00,2.468686199856535701e-01,2.339850000000000136e+02,4.517000000000000348e+00,3.451999999999999957e+00,9.682999999999999829e+00,6.230999999999999872e+00,2.501522955086670219e-01,2.403170000000000073e+02
4.487000000000000099e+00,3.490000000000000213e+00,9.929000000000000270e+00,6.439000000000000057e+00,2.475859405175743211e-01,2.340099999999999909e+02,4.530000000000000249e+00,3.464999999999999858e+00,9.683999999999999275e+00,6.219000000000000306e+00,2.508722379132746760e-01,2.403160000000000025e+02
4.501000000000000334e+00,3.451000000000000068e+00,9.868999999999999773e+00,6.418000000000000149e+00,2.483584395519505550e-01,2.340490000000000066e+02,4.538999999999999702e+00,3.504000000000000004e+00,9.685000000000000497e+00,6.181000000000000050e+00,2.513706595780029751e-01,2.403149999999999977e+02
4.509000000000000341e+00,3.503000000000000114e+00,9.903999999999999915e+00,6.400999999999999801e+00,2.487998675715941133e-01,2.339970000000000141e+02,4.551999999999999602e+00,3.491000000000000103e+00,9.673000000000000043e+00,6.182000000000000384e+00,2.520906019826106292e-01,2.403269999999999982e+02
4.522000000000000242e+00,3.463999999999999968e+00,9.868000000000000327e+00,6.403999999999999915e+00,2.495171881035148642e-01,2.340360000000000014e+02,4.559999999999999609e+00,3.490000000000000213e+00,9.698000000000000398e+00,6.208000000000000185e+00,2.525336434623691728e-01,2.403019999999999925e+02
4.530999999999999694e+00,3.427000000000000046e+00,9.842999999999999972e+00,6.416000000000000369e+00,2.500137946256137944e-01,2.340730000000000075e+02,4.573999999999999844e+00,3.490000000000000213e+00,9.695000000000000284e+00,6.205000000000000071e+00,2.533089660519466380e-01,2.403050000000000068e+02
4.543999999999999595e+00,3.452999999999999847e+00,9.868000000000000327e+00,6.415000000000000036e+00,2.507311151575346009e-01,2.340469999999999970e+02,4.581999999999999851e+00,3.463999999999999968e+00,9.667999999999999261e+00,6.203999999999999737e+00,2.537520075317051815e-01,2.403319999999999936e+02
4.551999999999999602e+00,3.515000000000000124e+00,9.917999999999999261e+00,6.402999999999999581e+00,2.511725431771781314e-01,2.339850000000000136e+02,4.594999999999999751e+00,3.476999999999999869e+00,9.680999999999999162e+00,6.203999999999999737e+00,2.544719499363127801e-01,2.403189999999999884e+02
4.565000000000000391e+00,3.540999999999999925e+00,9.955000000000000071e+00,6.413999999999999702e+00,2.518898637090989379e-01,2.339590000000000032e+02,4.604000000000000092e+00,3.438000000000000167e+00,9.643000000000000682e+00,6.205000000000000071e+00,2.549703716010411902e-01,2.403569999999999993e+02
4.573999999999999844e+00,3.513999999999999790e+00,9.942000000000000171e+00,6.427999999999999936e+00,2.523864702311978681e-01,2.339859999999999900e+02,4.618000000000000327e+00,3.426000000000000156e+00,9.641999999999999460e+00,6.216000000000000192e+00,2.557456941906185999e-01,2.403580000000000041e+02
4.586999999999999744e+00,3.527000000000000135e+00,9.955999999999999517e+00,6.429000000000000270e+00,2.531037907631186745e-01,2.339730000000000132e+02,4.626000000000000334e+00,3.426000000000000156e+00,9.641999999999999460e+00,6.216000000000000192e+00,2.561887356703771434e-01,2.403580000000000041e+02
4.596000000000000085e+00,3.501999999999999780e+00,9.929999999999999716e+00,6.427999999999999936e+00,2.536003972852176602e-01,2.339979999999999905e+02,4.639000000000000234e+00,3.400999999999999801e+00,9.618000000000000327e+00,6.216999999999999638e+00,2.569086780749847976e-01,2.403820000000000050e+02
4.608999999999999986e+00,3.476999999999999869e+00,9.903999999999999915e+00,6.426999999999999602e+00,2.543177178171384112e-01,2.340229999999999961e+02,4.647999999999999687e+00,3.451999999999999957e+00,9.682000000000000384e+00,6.230000000000000426e+00,2.574070997397130967e-01,2.403180000000000121e+02
4.616999999999999993e+00,3.475999999999999979e+00,9.929000000000000270e+00,6.453000000000000291e+00,2.547591458367819417e-01,2.340240000000000009e+02,4.660999999999999588e+00,3.478000000000000203e+00,9.717999999999999972e+00,6.240000000000000213e+00,2.581270421443207508e-01,2.402820000000000107e+02
4.629999999999999893e+00,3.475999999999999979e+00,9.916999999999999815e+00,6.440999999999999837e+00,2.554764663687027482e-01,2.340240000000000009e+02,4.669999999999999929e+00,3.463999999999999968e+00,9.730000000000000426e+00,6.266000000000000014e+00,2.586254638090491054e-01,2.402700000000000102e+02
4.639000000000000234e+00,3.463999999999999968e+00,9.903999999999999915e+00,6.440000000000000391e+00,2.559730728908017339e-01,2.340360000000000014e+02,4.682999999999999829e+00,3.476999999999999869e+00,9.743000000000000327e+00,6.266000000000000014e+00,2.593454062136567595e-01,2.402570000000000050e+02
4.652000000000000135e+00,3.451999999999999957e+00,9.893000000000000682e+00,6.440999999999999837e+00,2.566903934227224848e-01,2.340480000000000018e+02,4.690999999999999837e+00,3.463999999999999968e+00,9.742000000000000881e+00,6.277999999999999581e+00,2.597884476934153031e-01,2.402580000000000098e+02
4.660999999999999588e+00,3.463999999999999968e+00,9.906000000000000583e+00,6.442000000000000171e+00,2.571869999448214705e-01,2.340360000000000014e+02,4.703999999999999737e+00,3.490000000000000213e+00,9.766999999999999460e+00,6.277000000000000135e+00,2.605083900980229017e-01,2.402330000000000041e+02
4.674000000000000377e+00,3.490000000000000213e+00,9.929000000000000270e+00,6.439000000000000057e+00,2.579043204767422770e-01,2.340099999999999909e+02,4.713000000000000078e+00,3.427000000000000046e+00,9.704000000000000625e+00,6.277000000000000135e+00,2.610068117627513118e-01,2.402959999999999923e+02
4.687000000000000277e+00,3.451999999999999957e+00,9.903999999999999915e+00,6.451999999999999957e+00,2.586216410086630280e-01,2.340480000000000018e+02,4.724999999999999645e+00,3.375000000000000000e+00,9.653999999999999915e+00,6.278999999999999915e+00,2.616713739823890994e-01,2.403460000000000036e+02
4.695999999999999730e+00,3.478000000000000203e+00,9.891999999999999460e+00,6.413999999999999702e+00,2.591182475307619582e-01,2.340219999999999914e+02,4.735000000000000320e+00,3.387999999999999901e+00,9.676999999999999602e+00,6.288999999999999702e+00,2.622251758320873205e-01,2.403230000000000075e+02
4.708999999999999631e+00,3.488999999999999879e+00,9.893000000000000682e+00,6.403999999999999915e+00,2.598355680626827091e-01,2.340109999999999957e+02,4.748000000000000220e+00,3.387000000000000011e+00,9.676999999999999602e+00,6.290000000000000036e+00,2.629451182366949191e-01,2.403230000000000075e+02
4.722000000000000419e+00,3.478000000000000203e+00,9.903999999999999915e+00,6.426000000000000156e+00,2.605528885946035156e-01,2.340219999999999914e+02,4.756000000000000227e+00,3.400999999999999801e+00,9.692000000000000171e+00,6.291000000000000369e+00,2.633881597164534627e-01,2.403079999999999927e+02
4.735000000000000320e+00,3.478000000000000203e+00,9.917999999999999261e+00,6.440000000000000391e+00,2.612702091265243221e-01,2.340219999999999914e+02,4.769000000000000128e+00,3.426000000000000156e+00,9.705999999999999517e+00,6.280000000000000249e+00,2.641081021210611168e-01,2.402940000000000111e+02
4.743999999999999773e+00,3.490000000000000213e+00,9.942000000000000171e+00,6.451999999999999957e+00,2.617668156486232522e-01,2.340099999999999909e+02,4.777999999999999581e+00,3.463999999999999968e+00,9.778000000000000469e+00,6.314000000000000057e+00,2.646065237857894159e-01,2.402220000000000084e+02
4.756999999999999673e+00,3.503000000000000114e+00,9.955000000000000071e+00,6.451999999999999957e+00,2.624841361805440032e-01,2.339970000000000141e+02,4.791000000000000369e+00,3.463999999999999968e+00,9.766000000000000014e+00,6.301999999999999602e+00,2.653264661903971255e-01,2.402340000000000089e+02
4.766000000000000014e+00,3.476999999999999869e+00,9.954000000000000625e+00,6.477000000000000313e+00,2.629807427026430444e-01,2.340229999999999961e+02,4.799000000000000377e+00,3.387999999999999901e+00,9.702999999999999403e+00,6.315000000000000391e+00,2.657695076701556691e-01,2.402969999999999970e+02
4.778999999999999915e+00,3.463000000000000078e+00,9.955000000000000071e+00,6.491999999999999993e+00,2.636980632345637954e-01,2.340370000000000061e+02,4.812999999999999723e+00,3.399999999999999911e+00,9.704000000000000625e+00,6.304000000000000270e+00,2.665448302597330787e-01,2.402959999999999923e+02
4.788000000000000256e+00,3.451999999999999957e+00,9.952999999999999403e+00,6.501000000000000334e+00,2.641946697566627811e-01,2.340480000000000018e+02,4.820999999999999730e+00,3.400999999999999801e+00,9.701999999999999957e+00,6.301000000000000156e+00,2.669878717394916223e-01,2.402980000000000018e+02
4.801000000000000156e+00,3.426000000000000156e+00,9.929000000000000270e+00,6.503000000000000114e+00,2.649119902885835320e-01,2.340740000000000123e+02,4.833999999999999631e+00,3.362999999999999989e+00,9.663999999999999702e+00,6.301000000000000156e+00,2.677078141440992209e-01,2.403360000000000127e+02
4.809000000000000163e+00,3.427000000000000046e+00,9.903999999999999915e+00,6.477000000000000313e+00,2.653534183082271181e-01,2.340730000000000075e+02,4.842999999999999972e+00,3.337000000000000188e+00,9.628000000000000114e+00,6.291000000000000369e+00,2.682062358088276310e-01,2.403720000000000141e+02
4.822000000000000064e+00,3.427999999999999936e+00,9.903999999999999915e+00,6.475999999999999979e+00,2.660707388401478690e-01,2.340720000000000027e+02,4.857000000000000206e+00,3.387999999999999901e+00,9.664999999999999147e+00,6.277000000000000135e+00,2.689815583984050962e-01,2.403350000000000080e+02
4.831000000000000405e+00,3.426000000000000156e+00,9.901999999999999247e+00,6.475999999999999979e+00,2.665673453622468547e-01,2.340740000000000123e+02,4.865000000000000213e+00,3.438000000000000167e+00,9.715999999999999304e+00,6.277999999999999581e+00,2.694245998781636398e-01,2.402839999999999918e+02
4.842999999999999972e+00,3.463999999999999968e+00,9.929999999999999716e+00,6.466000000000000192e+00,2.672294873917121505e-01,2.340360000000000014e+02,4.878000000000000114e+00,3.451999999999999957e+00,9.717000000000000526e+00,6.264999999999999680e+00,2.701445422827712384e-01,2.402829999999999870e+02
4.852000000000000313e+00,3.515000000000000124e+00,9.952999999999999403e+00,6.437999999999999723e+00,2.677260939138111917e-01,2.339850000000000136e+02,4.886999999999999567e+00,3.478000000000000203e+00,9.727999999999999758e+00,6.250000000000000000e+00,2.706429639474995930e-01,2.402719999999999914e+02
4.865000000000000213e+00,3.503000000000000114e+00,9.952999999999999403e+00,6.450000000000000178e+00,2.684434144457319427e-01,2.339970000000000141e+02,4.900000000000000355e+00,3.488999999999999879e+00,9.752000000000000668e+00,6.262999999999999901e+00,2.713629063521072471e-01,2.402479999999999905e+02
4.873999999999999666e+00,3.475999999999999979e+00,9.926999999999999602e+00,6.450999999999999623e+00,2.689400209678308729e-01,2.340240000000000009e+02,4.908000000000000362e+00,3.476999999999999869e+00,9.739000000000000767e+00,6.261999999999999567e+00,2.718059478318657907e-01,2.402609999999999957e+02
4.886999999999999567e+00,3.463999999999999968e+00,9.913999999999999702e+00,6.450000000000000178e+00,2.696573414997516238e-01,2.340360000000000014e+02,4.921000000000000263e+00,3.451000000000000068e+00,9.712999999999999190e+00,6.261999999999999567e+00,2.725258902364733893e-01,2.402870000000000061e+02
4.895999999999999908e+00,3.463999999999999968e+00,9.926999999999999602e+00,6.463000000000000078e+00,2.701539480218506650e-01,2.340360000000000014e+02,4.929999999999999716e+00,3.451000000000000068e+00,9.715999999999999304e+00,6.264999999999999680e+00,2.730243119012017439e-01,2.402839999999999918e+02
4.908999999999999808e+00,3.451999999999999957e+00,9.913999999999999702e+00,6.461999999999999744e+00,2.708712685537714160e-01,2.340480000000000018e+02,4.942999999999999616e+00,3.451999999999999957e+00,9.712999999999999190e+00,6.261000000000000121e+00,2.737442543058093980e-01,2.402870000000000061e+02
4.916999999999999815e+00,3.439000000000000057e+00,9.888999999999999346e+00,6.450000000000000178e+00,2.713126965734149465e-01,2.340610000000000070e+02,4.956000000000000405e+00,3.399999999999999911e+00,9.689999999999999503e+00,6.290000000000000036e+00,2.744641967104170521e-01,2.403100000000000023e+02
4.929999999999999716e+00,3.439000000000000057e+00,9.891000000000000014e+00,6.451999999999999957e+00,2.720300171053356975e-01,2.340610000000000070e+02,4.964999999999999858e+00,3.375000000000000000e+00,9.689999999999999503e+00,6.315000000000000391e+00,2.749626183751453512e-01,2.403100000000000023e+02
4.943999999999999950e+00,3.452999999999999847e+00,9.894000000000000128e+00,6.440999999999999837e+00,2.728025161397119591e-01,2.340469999999999970e+02,4.977999999999999758e+00,3.387999999999999901e+00,9.701999999999999957e+00,6.314000000000000057e+00,2.756825607797530053e-01,2.402980000000000018e+02
4.951999999999999957e+00,3.501999999999999780e+00,9.967999999999999972e+00,6.466000000000000192e+00,2.732439441593554896e-01,2.339979999999999905e+02,4.985999999999999766e+00,3.400999999999999801e+00,9.702999999999999403e+00,6.301999999999999602e+00,2.761256022595115489e-01,2.402969999999999970e+02
4.964999999999999858e+00,3.515000000000000124e+00,9.968999999999999417e+00,6.453999999999999737e+00,2.739612646912762406e-01,2.339850000000000136e+02,5.000000000000000000e+00,3.362999999999999989e+00,9.666999999999999815e+00,6.304000000000000270e+00,2.769009248490890140e-01,2.403329999999999984e+02
4.974000000000000199e+00,3.515000000000000124e+00,9.955999999999999517e+00,6.440999999999999837e+00,2.744578712133752263e-01,2.339850000000000136e+02,5.012999999999999901e+00,3.350999999999999979e+00,9.679999999999999716e+00,6.328999999999999737e+00,2.776208672536966127e-01,2.403199999999999932e+02
4.987000000000000099e+00,3.503000000000000114e+00,9.955000000000000071e+00,6.451999999999999957e+00,2.751751917452960328e-01,2.339970000000000141e+02,5.020999999999999908e+00,3.362000000000000099e+00,9.679000000000000270e+00,6.317000000000000171e+00,2.780639087334551562e-01,2.403209999999999980e+02
4.996000000000000441e+00,3.488999999999999879e+00,9.951000000000000512e+00,6.461999999999999744e+00,2.756717982673950185e-01,2.340109999999999957e+02,5.033999999999999808e+00,3.362999999999999989e+00,9.679000000000000270e+00,6.315999999999999837e+00,2.787838511380628104e-01,2.403209999999999980e+02
5.009000000000000341e+00,3.488999999999999879e+00,9.928000000000000824e+00,6.439000000000000057e+00,2.763891187993157694e-01,2.340109999999999957e+02,5.043000000000000149e+00,3.362999999999999989e+00,9.679000000000000270e+00,6.315999999999999837e+00,2.792822728027911650e-01,2.403209999999999980e+02
5.017999999999999794e+00,3.451000000000000068e+00,9.888999999999999346e+00,6.437999999999999723e+00,2.768857253214147551e-01,2.340490000000000066e+02,5.056000000000000050e+00,3.337000000000000188e+00,9.689000000000000057e+00,6.352000000000000313e+00,2.800022152073988191e-01,2.403110000000000070e+02
5.030999999999999694e+00,3.451999999999999957e+00,9.878000000000000114e+00,6.426000000000000156e+00,2.776030458533355061e-01,2.340480000000000018e+02,5.065000000000000391e+00,3.337000000000000188e+00,9.676999999999999602e+00,6.339999999999999858e+00,2.805006368721271737e-01,2.403230000000000075e+02
5.040000000000000036e+00,3.451000000000000068e+00,9.913000000000000256e+00,6.461999999999999744e+00,2.780996523754344918e-01,2.340490000000000066e+02,5.078000000000000291e+00,3.337000000000000188e+00,9.666000000000000369e+00,6.328999999999999737e+00,2.812205792767348278e-01,2.403340000000000032e+02
5.052999999999999936e+00,3.451000000000000068e+00,9.913999999999999702e+00,6.463000000000000078e+00,2.788169729073552428e-01,2.340490000000000066e+02,5.091000000000000192e+00,3.325000000000000178e+00,9.664999999999999147e+00,6.339999999999999858e+00,2.819405216813424264e-01,2.403350000000000080e+02
5.060999999999999943e+00,3.463999999999999968e+00,9.942000000000000171e+00,6.477999999999999758e+00,2.792584009269988288e-01,2.340360000000000014e+02,5.104000000000000092e+00,3.325000000000000178e+00,9.678000000000000824e+00,6.352999999999999758e+00,2.826604640859500805e-01,2.403220000000000027e+02
5.073999999999999844e+00,3.513999999999999790e+00,9.990000000000000213e+00,6.475999999999999979e+00,2.799757214589195797e-01,2.339859999999999900e+02,5.116999999999999993e+00,3.311999999999999833e+00,9.666999999999999815e+00,6.355000000000000426e+00,2.833804064905576792e-01,2.403329999999999984e+02
5.083000000000000185e+00,3.513999999999999790e+00,9.978999999999999204e+00,6.464999999999999858e+00,2.804723279810185654e-01,2.339859999999999900e+02,5.126000000000000334e+00,3.311999999999999833e+00,9.653000000000000469e+00,6.341000000000000192e+00,2.838788281552860893e-01,2.403470000000000084e+02
5.096000000000000085e+00,3.515000000000000124e+00,9.964999999999999858e+00,6.450000000000000178e+00,2.811896485129393164e-01,2.339850000000000136e+02,5.139000000000000234e+00,3.299999999999999822e+00,9.651999999999999247e+00,6.352000000000000313e+00,2.845987705598936879e-01,2.403480000000000132e+02
5.105000000000000426e+00,3.501999999999999780e+00,9.954000000000000625e+00,6.451999999999999957e+00,2.816862550350383576e-01,2.339979999999999905e+02,5.147999999999999687e+00,3.286999999999999922e+00,9.628999999999999559e+00,6.341999999999999638e+00,2.850971922246220425e-01,2.403710000000000093e+02
5.118000000000000327e+00,3.501999999999999780e+00,9.951999999999999957e+00,6.450000000000000178e+00,2.824035755669591086e-01,2.339979999999999905e+02,5.160999999999999588e+00,3.298999999999999932e+00,9.653999999999999915e+00,6.355000000000000426e+00,2.858171346292296411e-01,2.403460000000000036e+02
5.126999999999999780e+00,3.475999999999999979e+00,9.914999999999999147e+00,6.439000000000000057e+00,2.829001820890580388e-01,2.340240000000000009e+02,5.168999999999999595e+00,3.286000000000000032e+00,9.651999999999999247e+00,6.365999999999999659e+00,2.862601761089881847e-01,2.403480000000000132e+02
5.139999999999999680e+00,3.436999999999999833e+00,9.901999999999999247e+00,6.464999999999999858e+00,2.836175026209788452e-01,2.340629999999999882e+02,5.182000000000000384e+00,3.274000000000000021e+00,9.641000000000000014e+00,6.366999999999999993e+00,2.869801185135958943e-01,2.403590000000000089e+02
5.147999999999999687e+00,3.462000000000000188e+00,9.914999999999999147e+00,6.453000000000000291e+00,2.840589306406223757e-01,2.340380000000000109e+02,5.190999999999999837e+00,3.249000000000000110e+00,9.615000000000000213e+00,6.365999999999999659e+00,2.874785401783241934e-01,2.403849999999999909e+02
5.160999999999999588e+00,3.463000000000000078e+00,9.939000000000000057e+00,6.475999999999999979e+00,2.847762511725431267e-01,2.340370000000000061e+02,5.203999999999999737e+00,3.236000000000000210e+00,9.601000000000000867e+00,6.365000000000000213e+00,2.881984825829318475e-01,2.403990000000000009e+02
5.168999999999999595e+00,3.451000000000000068e+00,9.939999999999999503e+00,6.488999999999999879e+00,2.852176791921866572e-01,2.340490000000000066e+02,5.211999999999999744e+00,3.224000000000000199e+00,9.612999999999999545e+00,6.389000000000000234e+00,2.886415240626903911e-01,2.403870000000000005e+02
5.182999999999999829e+00,3.463999999999999968e+00,9.964000000000000412e+00,6.500000000000000000e+00,2.859901782265629189e-01,2.340360000000000014e+02,5.224999999999999645e+00,3.210999999999999854e+00,9.602000000000000313e+00,6.391000000000000014e+00,2.893614664672979897e-01,2.403979999999999961e+02
5.190999999999999837e+00,3.463000000000000078e+00,9.964999999999999858e+00,6.501999999999999780e+00,2.864316062462064494e-01,2.340370000000000061e+02,5.235000000000000320e+00,3.225000000000000089e+00,9.614000000000000767e+00,6.389000000000000234e+00,2.899152683169962108e-01,2.403859999999999957e+02
5.203999999999999737e+00,3.438000000000000167e+00,9.949999999999999289e+00,6.511999999999999567e+00,2.871489267781272003e-01,2.340620000000000118e+02,5.246999999999999886e+00,3.225000000000000089e+00,9.615000000000000213e+00,6.389999999999999680e+00,2.905798305366339984e-01,2.403849999999999909e+02
5.213000000000000078e+00,3.426000000000000156e+00,9.926000000000000156e+00,6.500000000000000000e+00,2.876455333002261860e-01,2.340740000000000123e+02,5.256000000000000227e+00,3.224000000000000199e+00,9.615999999999999659e+00,6.392000000000000348e+00,2.910782522013623530e-01,2.403840000000000146e+02
5.225999999999999979e+00,3.411999999999999922e+00,9.926000000000000156e+00,6.514000000000000234e+00,2.883628538321469925e-01,2.340879999999999939e+02,5.269000000000000128e+00,3.262000000000000011e+00,9.643000000000000682e+00,6.381000000000000227e+00,2.917981946059700071e-01,2.403569999999999993e+02
5.235000000000000320e+00,3.436999999999999833e+00,9.961999999999999744e+00,6.525000000000000355e+00,2.888594603542459782e-01,2.340629999999999882e+02,5.282000000000000028e+00,3.301000000000000156e+00,9.678000000000000824e+00,6.376999999999999780e+00,2.925181370105776057e-01,2.403220000000000027e+02
5.248000000000000220e+00,3.411000000000000032e+00,9.958999999999999631e+00,6.548000000000000043e+00,2.895767808861667292e-01,2.340889999999999986e+02,5.294999999999999929e+00,3.262000000000000011e+00,9.643000000000000682e+00,6.381000000000000227e+00,2.932380794151852599e-01,2.403569999999999993e+02
5.256999999999999673e+00,3.426000000000000156e+00,9.961000000000000298e+00,6.535000000000000142e+00,2.900733874082657149e-01,2.340740000000000123e+02,5.307999999999999829e+00,3.222999999999999865e+00,9.615999999999999659e+00,6.392999999999999794e+00,2.939580218197928585e-01,2.403840000000000146e+02
5.269999999999999574e+00,3.450000000000000178e+00,9.986000000000000654e+00,6.535999999999999588e+00,2.907907079401864658e-01,2.340500000000000114e+02,5.322000000000000064e+00,3.210999999999999854e+00,9.612999999999999545e+00,6.402000000000000135e+00,2.947333444093703236e-01,2.403870000000000005e+02
5.283000000000000362e+00,3.450000000000000178e+00,9.984999999999999432e+00,6.535000000000000142e+00,2.915080284721072723e-01,2.340500000000000114e+02,5.334999999999999964e+00,3.173000000000000043e+00,9.589999999999999858e+00,6.416999999999999815e+00,2.954532868139779778e-01,2.404099999999999966e+02
5.296000000000000263e+00,3.451000000000000068e+00,9.987000000000000099e+00,6.535999999999999588e+00,2.922253490040280233e-01,2.340490000000000066e+02,5.347999999999999865e+00,3.185000000000000053e+00,9.599000000000000199e+00,6.413999999999999702e+00,2.961732292185855764e-01,2.404010000000000105e+02
5.304999999999999716e+00,3.487999999999999989e+00,1.002500000000000036e+01,6.536999999999999922e+00,2.927219555261269535e-01,2.340120000000000005e+02,5.360000000000000320e+00,3.197999999999999954e+00,9.615000000000000213e+00,6.416999999999999815e+00,2.968377914382234195e-01,2.403849999999999909e+02
5.317999999999999616e+00,3.487999999999999989e+00,1.002500000000000036e+01,6.536999999999999922e+00,2.934392760580477599e-01,2.340120000000000005e+02,5.373999999999999666e+00,3.197999999999999954e+00,9.637999999999999901e+00,6.440000000000000391e+00,2.976131140278008291e-01,2.403619999999999948e+02
5.326999999999999957e+00,3.475000000000000089e+00,1.000099999999999945e+01,6.525999999999999801e+00,2.939358825801467456e-01,2.340250000000000057e+02,5.386999999999999567e+00,3.250000000000000000e+00,9.689000000000000057e+00,6.439000000000000057e+00,2.983330564324084833e-01,2.403110000000000070e+02
5.339999999999999858e+00,3.463000000000000078e+00,9.999000000000000554e+00,6.535999999999999588e+00,2.946532031120674966e-01,2.340370000000000061e+02,5.400000000000000355e+00,3.274999999999999911e+00,9.712999999999999190e+00,6.437999999999999723e+00,2.990529988370161374e-01,2.402870000000000061e+02
5.347999999999999865e+00,3.450000000000000178e+00,1.000999999999999979e+01,6.559999999999999609e+00,2.950946311317110271e-01,2.340500000000000114e+02,5.408999999999999808e+00,3.249000000000000110e+00,9.691000000000000725e+00,6.442000000000000171e+00,2.995514205017444920e-01,2.403089999999999975e+02
5.360999999999999766e+00,3.435999999999999943e+00,9.984999999999999432e+00,6.549000000000000377e+00,2.958119516636318336e-01,2.340639999999999930e+02,5.421000000000000263e+00,3.236000000000000210e+00,9.686999999999999389e+00,6.450999999999999623e+00,3.002159827213823351e-01,2.403129999999999882e+02
5.375000000000000000e+00,3.411000000000000032e+00,9.970000000000000639e+00,6.559000000000000163e+00,2.965844506980080397e-01,2.340889999999999986e+02,5.434000000000000163e+00,3.222999999999999865e+00,9.663999999999999702e+00,6.440999999999999837e+00,3.009359251259899337e-01,2.403360000000000127e+02
5.383000000000000007e+00,3.436999999999999833e+00,9.994999999999999218e+00,6.557999999999999829e+00,2.970258787176515702e-01,2.340629999999999882e+02,5.442999999999999616e+00,3.209999999999999964e+00,9.640000000000000568e+00,6.429999999999999716e+00,3.014343467907182883e-01,2.403600000000000136e+02
5.395999999999999908e+00,3.436999999999999833e+00,9.983999999999999986e+00,6.546999999999999709e+00,2.977431992495723212e-01,2.340629999999999882e+02,5.456999999999999851e+00,3.185000000000000053e+00,9.625999999999999446e+00,6.440999999999999837e+00,3.022096693802957534e-01,2.403739999999999952e+02
5.408999999999999808e+00,3.436999999999999833e+00,9.986000000000000654e+00,6.549000000000000377e+00,2.984605197814930722e-01,2.340629999999999882e+02,5.469000000000000306e+00,3.197999999999999954e+00,9.662000000000000810e+00,6.464000000000000412e+00,3.028742315999335966e-01,2.403379999999999939e+02
5.418000000000000149e+00,3.462000000000000188e+00,1.001200000000000045e+01,6.549999999999999822e+00,2.989571263035921134e-01,2.340380000000000109e+02,5.482000000000000206e+00,3.209999999999999964e+00,9.688000000000000611e+00,6.477999999999999758e+00,3.035941740045411952e-01,2.403120000000000118e+02
5.431000000000000050e+00,3.476999999999999869e+00,1.001200000000000045e+01,6.535000000000000142e+00,2.996744468355128643e-01,2.340229999999999961e+02,5.490999999999999659e+00,3.222999999999999865e+00,9.699999999999999289e+00,6.477000000000000313e+00,3.040925956692695498e-01,2.403000000000000114e+02
5.442999999999999616e+00,3.450000000000000178e+00,9.961000000000000298e+00,6.511000000000000121e+00,3.003365888649781601e-01,2.340500000000000114e+02,5.503999999999999559e+00,3.249000000000000110e+00,9.726000000000000867e+00,6.477000000000000313e+00,3.048125380738771484e-01,2.402740000000000009e+02
5.451999999999999957e+00,3.451000000000000068e+00,9.961999999999999744e+00,6.511000000000000121e+00,3.008331953870771458e-01,2.340490000000000066e+02,5.517000000000000348e+00,3.261000000000000121e+00,9.726000000000000867e+00,6.464999999999999858e+00,3.055324804784848025e-01,2.402740000000000009e+02
5.466000000000000192e+00,3.475000000000000089e+00,9.996999999999999886e+00,6.522000000000000242e+00,3.016056944214534075e-01,2.340250000000000057e+02,5.530999999999999694e+00,3.197999999999999954e+00,9.663999999999999702e+00,6.466000000000000192e+00,3.063078030680622676e-01,2.403360000000000127e+02
5.474000000000000199e+00,3.463000000000000078e+00,9.986000000000000654e+00,6.522999999999999687e+00,3.020471224410969380e-01,2.340370000000000061e+02,5.543000000000000149e+00,3.172000000000000153e+00,9.637000000000000455e+00,6.464999999999999858e+00,3.069723652877000553e-01,2.403629999999999995e+02
5.487000000000000099e+00,3.435999999999999943e+00,9.971999999999999531e+00,6.535999999999999588e+00,3.027644429730176889e-01,2.340639999999999930e+02,5.556000000000000050e+00,3.172000000000000153e+00,9.635999999999999233e+00,6.464000000000000412e+00,3.076923076923077094e-01,2.403640000000000043e+02
5.501000000000000334e+00,3.450000000000000178e+00,9.971000000000000085e+00,6.520999999999999908e+00,3.035369420073938951e-01,2.340500000000000114e+02,5.570000000000000284e+00,3.172000000000000153e+00,9.624000000000000554e+00,6.451999999999999957e+00,3.084676302818851745e-01,2.403760000000000048e+02
5.512999999999999901e+00,3.447999999999999954e+00,9.958000000000000185e+00,6.509999999999999787e+00,3.041990840368591908e-01,2.340519999999999925e+02,5.578000000000000291e+00,3.197000000000000064e+00,9.635999999999999233e+00,6.439000000000000057e+00,3.089106717616437181e-01,2.403640000000000043e+02
5.527000000000000135e+00,3.436999999999999833e+00,9.923000000000000043e+00,6.485999999999999766e+00,3.049715830712354525e-01,2.340629999999999882e+02,5.591000000000000192e+00,3.209999999999999964e+00,9.648999999999999133e+00,6.439000000000000057e+00,3.096306141662513167e-01,2.403509999999999991e+02
5.535000000000000142e+00,3.475000000000000089e+00,9.960000000000000853e+00,6.485000000000000320e+00,3.054130110908789830e-01,2.340250000000000057e+02,5.604000000000000092e+00,3.184000000000000163e+00,9.637999999999999901e+00,6.453999999999999737e+00,3.103505565708589709e-01,2.403619999999999948e+02
5.549000000000000377e+00,3.475000000000000089e+00,9.948999999999999844e+00,6.474000000000000199e+00,3.061855101252551892e-01,2.340250000000000057e+02,5.612000000000000099e+00,3.172000000000000153e+00,9.637000000000000455e+00,6.464999999999999858e+00,3.107935980506175144e-01,2.403629999999999995e+02
5.562000000000000277e+00,3.462000000000000188e+00,9.961000000000000298e+00,6.498999999999999666e+00,3.069028306571759401e-01,2.340380000000000109e+02,5.626000000000000334e+00,3.209999999999999964e+00,9.676000000000000156e+00,6.466000000000000192e+00,3.115689206401949796e-01,2.403240000000000123e+02
5.570000000000000284e+00,3.474000000000000199e+00,9.960000000000000853e+00,6.485999999999999766e+00,3.073442586768194706e-01,2.340260000000000105e+02,5.634999999999999787e+00,3.224000000000000199e+00,9.673000000000000043e+00,6.448999999999999844e+00,3.120673423049232786e-01,2.403269999999999982e+02
5.583000000000000185e+00,3.474000000000000199e+00,9.961000000000000298e+00,6.487000000000000099e+00,3.080615792087402771e-01,2.340260000000000105e+02,5.647999999999999687e+00,3.222999999999999865e+00,9.650000000000000355e+00,6.426999999999999602e+00,3.127872847095309328e-01,2.403499999999999943e+02
5.596000000000000085e+00,3.500000000000000000e+00,9.983999999999999986e+00,6.483999999999999986e+00,3.087788997406610281e-01,2.340000000000000000e+02,5.655999999999999694e+00,3.197999999999999954e+00,9.621999999999999886e+00,6.424000000000000377e+00,3.132303261892894763e-01,2.403779999999999859e+02
5.608999999999999986e+00,3.487000000000000099e+00,9.958999999999999631e+00,6.472000000000000419e+00,3.094962202725817790e-01,2.340130000000000052e+02,5.669999999999999929e+00,3.196000000000000174e+00,9.622999999999999332e+00,6.426999999999999602e+00,3.140056487788669415e-01,2.403770000000000095e+02
5.621999999999999886e+00,3.500999999999999890e+00,9.973000000000000753e+00,6.472000000000000419e+00,3.102135408045025300e-01,2.339989999999999952e+02,5.682000000000000384e+00,3.184000000000000163e+00,9.609999999999999432e+00,6.426000000000000156e+00,3.146702109985047846e-01,2.403899999999999864e+02
5.631000000000000227e+00,3.462000000000000188e+00,9.923000000000000043e+00,6.461000000000000298e+00,3.107101473266015157e-01,2.340380000000000109e+02,5.695999999999999730e+00,3.182999999999999829e+00,9.609999999999999432e+00,6.426999999999999602e+00,3.154455335880821942e-01,2.403899999999999864e+02
5.644000000000000128e+00,3.436999999999999833e+00,9.910999999999999588e+00,6.474000000000000199e+00,3.114274678585223222e-01,2.340629999999999882e+02,5.708000000000000185e+00,3.221999999999999975e+00,9.647999999999999687e+00,6.426000000000000156e+00,3.161100958077200374e-01,2.403520000000000039e+02
5.657000000000000028e+00,3.435999999999999943e+00,9.910999999999999588e+00,6.474999999999999645e+00,3.121447883904430731e-01,2.340639999999999930e+02,5.722000000000000419e+00,3.209000000000000075e+00,9.611000000000000654e+00,6.402000000000000135e+00,3.168854183972975025e-01,2.403890000000000100e+02
5.666000000000000369e+00,3.462000000000000188e+00,9.910999999999999588e+00,6.448999999999999844e+00,3.126413949125420588e-01,2.340380000000000109e+02,5.730000000000000426e+00,3.197999999999999954e+00,9.612999999999999545e+00,6.415000000000000036e+00,3.173284598770560461e-01,2.403870000000000005e+02
5.679000000000000270e+00,3.462000000000000188e+00,9.898999999999999133e+00,6.437000000000000277e+00,3.133587154444628098e-01,2.340380000000000109e+02,5.743999999999999773e+00,3.222999999999999865e+00,9.627000000000000668e+00,6.403999999999999915e+00,3.181037824666334557e-01,2.403729999999999905e+02
5.692000000000000171e+00,3.475000000000000089e+00,9.910999999999999588e+00,6.435999999999999943e+00,3.140760359763835607e-01,2.340250000000000057e+02,5.756000000000000227e+00,3.197999999999999954e+00,9.612000000000000099e+00,6.413999999999999702e+00,3.187683446862712988e-01,2.403880000000000052e+02
5.705000000000000071e+00,3.487000000000000099e+00,9.933999999999999275e+00,6.447000000000000064e+00,3.147933565083043117e-01,2.340130000000000052e+02,5.764999999999999680e+00,3.133999999999999897e+00,9.538000000000000256e+00,6.403999999999999915e+00,3.192667663509995979e-01,2.404619999999999891e+02
5.717999999999999972e+00,3.487000000000000099e+00,9.920999999999999375e+00,6.434000000000000163e+00,3.155106770402251182e-01,2.340130000000000052e+02,5.777999999999999581e+00,3.121999999999999886e+00,9.525000000000000355e+00,6.402999999999999581e+00,3.199867087556072520e-01,2.404749999999999943e+02
5.730999999999999872e+00,3.462000000000000188e+00,9.884999999999999787e+00,6.423000000000000043e+00,3.162279975721458691e-01,2.340380000000000109e+02,5.791000000000000369e+00,3.172000000000000153e+00,9.550000000000000711e+00,6.378000000000000114e+00,3.207066511602149061e-01,2.404499999999999886e+02
5.740000000000000213e+00,3.448999999999999844e+00,9.872999999999999332e+00,6.424000000000000377e+00,3.167246040942448548e-01,2.340509999999999877e+02,5.804000000000000270e+00,3.184000000000000163e+00,9.558999999999999275e+00,6.375000000000000000e+00,3.214265935648225603e-01,2.404410000000000025e+02
5.753000000000000114e+00,3.423999999999999932e+00,9.859999999999999432e+00,6.435999999999999943e+00,3.174419246261656058e-01,2.340759999999999934e+02,5.817000000000000171e+00,3.197000000000000064e+00,9.558999999999999275e+00,6.362000000000000099e+00,3.221465359694301589e-01,2.404410000000000025e+02
5.766000000000000014e+00,3.411000000000000032e+00,9.861000000000000654e+00,6.450000000000000178e+00,3.181592451580863568e-01,2.340889999999999986e+02,5.825999999999999623e+00,3.221999999999999975e+00,9.573000000000000398e+00,6.350999999999999979e+00,3.226449576341585135e-01,2.404269999999999925e+02
5.775000000000000355e+00,3.462000000000000188e+00,9.897999999999999687e+00,6.435999999999999943e+00,3.186558516801853980e-01,2.340380000000000109e+02,5.839000000000000412e+00,3.221999999999999975e+00,9.585000000000000853e+00,6.363000000000000433e+00,3.233649000387661676e-01,2.404149999999999920e+02
5.788000000000000256e+00,3.450000000000000178e+00,9.885999999999999233e+00,6.435999999999999943e+00,3.193731722121061489e-01,2.340500000000000114e+02,5.852000000000000313e+00,3.222999999999999865e+00,9.550000000000000711e+00,6.326999999999999957e+00,3.240848424433737662e-01,2.404499999999999886e+02
5.801000000000000156e+00,3.448999999999999844e+00,9.897000000000000242e+00,6.448000000000000398e+00,3.200904927440268999e-01,2.340509999999999877e+02,5.860999999999999766e+00,3.286000000000000032e+00,9.561999999999999389e+00,6.275999999999999801e+00,3.245832641081021208e-01,2.404379999999999882e+02
5.809000000000000163e+00,3.460999999999999854e+00,9.920999999999999375e+00,6.459999999999999964e+00,3.205319207636704304e-01,2.340389999999999873e+02,5.873999999999999666e+00,3.274000000000000021e+00,9.550000000000000711e+00,6.275999999999999801e+00,3.253032065127097194e-01,2.404499999999999886e+02
5.823000000000000398e+00,3.500000000000000000e+00,9.945999999999999730e+00,6.445999999999999730e+00,3.213044197980466921e-01,2.340000000000000000e+02,5.886000000000000121e+00,3.234999999999999876e+00,9.525000000000000355e+00,6.290000000000000036e+00,3.259677687323475626e-01,2.404749999999999943e+02
5.836000000000000298e+00,3.499000000000000110e+00,9.919999999999999929e+00,6.421000000000000263e+00,3.220217403299674430e-01,2.340010000000000048e+02,5.900000000000000355e+00,3.234999999999999876e+00,9.522000000000000242e+00,6.286999999999999922e+00,3.267430913219250277e-01,2.404780000000000086e+02
5.847999999999999865e+00,3.512000000000000011e+00,9.932999999999999829e+00,6.421000000000000263e+00,3.226838823594327388e-01,2.339879999999999995e+02,5.913000000000000256e+00,3.271999999999999797e+00,9.548000000000000043e+00,6.275999999999999801e+00,3.274630337265326818e-01,2.404519999999999982e+02
5.860999999999999766e+00,3.500999999999999890e+00,9.932000000000000384e+00,6.431000000000000050e+00,3.234012028913534897e-01,2.339989999999999952e+02,5.926000000000000156e+00,3.271999999999999797e+00,9.534000000000000696e+00,6.261999999999999567e+00,3.281829761311402804e-01,2.404660000000000082e+02
5.873999999999999666e+00,3.462000000000000188e+00,9.920999999999999375e+00,6.458999999999999631e+00,3.241185234232742407e-01,2.340380000000000109e+02,5.939000000000000057e+00,3.286000000000000032e+00,9.548999999999999488e+00,6.262999999999999901e+00,3.289029185357479346e-01,2.404509999999999934e+02
5.886999999999999567e+00,3.475000000000000089e+00,9.935000000000000497e+00,6.459999999999999964e+00,3.248358439551949917e-01,2.340250000000000057e+02,5.951999999999999957e+00,3.285000000000000142e+00,9.561999999999999389e+00,6.277000000000000135e+00,3.296228609403555332e-01,2.404379999999999882e+02
5.900000000000000355e+00,3.486000000000000210e+00,9.968999999999999417e+00,6.482999999999999652e+00,3.255531644871157981e-01,2.340140000000000100e+02,5.964999999999999858e+00,3.310999999999999943e+00,9.573999999999999844e+00,6.262999999999999901e+00,3.303428033449631873e-01,2.404259999999999877e+02
5.913000000000000256e+00,3.448999999999999844e+00,9.944000000000000838e+00,6.495000000000000107e+00,3.262704850190365491e-01,2.340509999999999877e+02,5.977999999999999758e+00,3.298000000000000043e+00,9.560999999999999943e+00,6.262999999999999901e+00,3.310627457495707859e-01,2.404389999999999930e+02
5.926000000000000156e+00,3.460999999999999854e+00,9.955999999999999517e+00,6.495000000000000107e+00,3.269878055509573000e-01,2.340389999999999873e+02,5.991999999999999993e+00,3.298000000000000043e+00,9.560000000000000497e+00,6.261999999999999567e+00,3.318380683391482511e-01,2.404399999999999977e+02
5.939000000000000057e+00,3.512000000000000011e+00,9.968999999999999417e+00,6.456999999999999851e+00,3.277051260828781065e-01,2.339879999999999995e+02,6.003999999999999559e+00,3.285000000000000142e+00,9.548999999999999488e+00,6.264000000000000234e+00,3.325026305587860387e-01,2.404509999999999934e+02
5.951999999999999957e+00,3.486000000000000210e+00,9.942999999999999616e+00,6.456999999999999851e+00,3.284224466147988575e-01,2.340140000000000100e+02,6.017999999999999794e+00,3.310000000000000053e+00,9.560999999999999943e+00,6.251000000000000334e+00,3.332779531483635038e-01,2.404389999999999930e+02
5.964999999999999858e+00,3.459999999999999964e+00,9.904999999999999361e+00,6.445000000000000284e+00,3.291397671467196084e-01,2.340399999999999920e+02,6.030000000000000249e+00,3.335999999999999854e+00,9.596000000000000085e+00,6.259999999999999787e+00,3.339425153680013469e-01,2.404039999999999964e+02
5.979000000000000092e+00,3.486000000000000210e+00,9.932000000000000384e+00,6.445999999999999730e+00,3.299122661810958146e-01,2.340140000000000100e+02,6.043000000000000149e+00,3.349000000000000199e+00,9.609999999999999432e+00,6.261000000000000121e+00,3.346624577726090011e-01,2.403899999999999864e+02
5.991999999999999993e+00,3.447999999999999954e+00,9.932000000000000384e+00,6.483999999999999986e+00,3.306295867130165655e-01,2.340519999999999925e+02,6.056000000000000050e+00,3.322999999999999954e+00,9.612000000000000099e+00,6.288999999999999702e+00,3.353824001772165997e-01,2.403880000000000052e+02
6.004999999999999893e+00,3.447999999999999954e+00,9.980000000000000426e+00,6.532000000000000028e+00,3.313469072449373165e-01,2.340519999999999925e+02,6.068999999999999950e+00,3.323999999999999844e+00,9.622999999999999332e+00,6.299000000000000377e+00,3.361023425818242538e-01,2.403770000000000095e+02
6.017999999999999794e+00,3.474000000000000199e+00,1.001600000000000001e+01,6.541999999999999815e+00,3.320642277768580675e-01,2.340260000000000105e+02,6.081999999999999851e+00,3.298999999999999932e+00,9.573000000000000398e+00,6.274000000000000021e+00,3.368222849864318524e-01,2.404269999999999925e+02
6.030999999999999694e+00,3.499000000000000110e+00,1.000500000000000078e+01,6.506000000000000227e+00,3.327815483087788739e-01,2.340010000000000048e+02,6.094999999999999751e+00,3.298999999999999932e+00,9.539999999999999147e+00,6.240999999999999659e+00,3.375422273910395066e-01,2.404600000000000080e+02
6.043999999999999595e+00,3.486000000000000210e+00,9.954000000000000625e+00,6.467999999999999972e+00,3.334988688406996249e-01,2.340140000000000100e+02,6.108999999999999986e+00,3.285000000000000142e+00,9.573999999999999844e+00,6.288999999999999702e+00,3.383175499806169717e-01,2.404259999999999877e+02
6.057000000000000384e+00,3.484999999999999876e+00,9.942999999999999616e+00,6.458000000000000185e+00,3.342161893726204314e-01,2.340149999999999864e+02,6.121999999999999886e+00,3.286000000000000032e+00,9.585000000000000853e+00,6.299000000000000377e+00,3.390374923852245703e-01,2.404149999999999920e+02
6.070000000000000284e+00,3.423000000000000043e+00,9.916999999999999815e+00,6.493999999999999773e+00,3.349335099045411823e-01,2.340769999999999982e+02,6.134000000000000341e+00,3.259999999999999787e+00,9.573000000000000398e+00,6.312999999999999723e+00,3.397020546048624134e-01,2.404269999999999925e+02
6.083000000000000185e+00,3.410000000000000142e+00,9.930999999999999162e+00,6.520999999999999908e+00,3.356508304364619333e-01,2.340900000000000034e+02,6.147999999999999687e+00,3.285000000000000142e+00,9.586000000000000298e+00,6.301000000000000156e+00,3.404773771944398231e-01,2.404139999999999873e+02
6.096000000000000085e+00,3.423000000000000043e+00,9.955999999999999517e+00,6.533000000000000362e+00,3.363681509683826842e-01,2.340769999999999982e+02,6.160999999999999588e+00,3.285000000000000142e+00,9.561999999999999389e+00,6.277000000000000135e+00,3.411973195990474772e-01,2.404379999999999882e+02
6.108999999999999986e+00,3.423000000000000043e+00,9.942999999999999616e+00,6.519999999999999574e+00,3.370854715003034352e-01,2.340769999999999982e+02,6.174000000000000377e+00,3.297000000000000153e+00,9.585000000000000853e+00,6.288000000000000256e+00,3.419172620036551313e-01,2.404149999999999920e+02
6.121999999999999886e+00,3.435000000000000053e+00,9.942999999999999616e+00,6.508000000000000007e+00,3.378027920322241862e-01,2.340649999999999977e+02,6.187000000000000277e+00,3.285000000000000142e+00,9.611000000000000654e+00,6.325999999999999623e+00,3.426372044082627299e-01,2.403890000000000100e+02
6.134999999999999787e+00,3.484999999999999876e+00,9.978999999999999204e+00,6.493999999999999773e+00,3.385201125641449371e-01,2.340149999999999864e+02,6.200000000000000178e+00,3.274000000000000021e+00,9.609999999999999432e+00,6.336000000000000298e+00,3.433571468128703841e-01,2.403899999999999864e+02
6.149000000000000021e+00,3.511000000000000121e+00,9.954000000000000625e+00,6.442999999999999616e+00,3.392926115985211988e-01,2.339890000000000043e+02,6.213000000000000078e+00,3.259999999999999787e+00,9.598000000000000753e+00,6.338000000000000078e+00,3.440770892174779827e-01,2.404019999999999868e+02
6.160000000000000142e+00,3.511000000000000121e+00,9.929999999999999716e+00,6.418999999999999595e+00,3.398995751255310949e-01,2.339890000000000043e+02,6.224999999999999645e+00,3.285000000000000142e+00,9.611000000000000654e+00,6.325999999999999623e+00,3.447416514371157703e-01,2.403890000000000100e+02
6.174000000000000377e+00,3.509999999999999787e+00,9.942000000000000171e+00,6.432000000000000384e+00,3.406720741599073010e-01,2.339900000000000091e+02,6.238000000000000433e+00,3.258999999999999897e+00,9.560000000000000497e+00,6.301000000000000156e+00,3.454615938417234799e-01,2.404399999999999977e+02
6.187000000000000277e+00,3.499000000000000110e+00,9.942000000000000171e+00,6.442999999999999616e+00,3.413893946918280520e-01,2.340010000000000048e+02,6.251999999999999780e+00,3.233999999999999986e+00,9.535999999999999588e+00,6.301999999999999602e+00,3.462369164313008896e-01,2.404639999999999986e+02
6.200000000000000178e+00,3.459999999999999964e+00,9.929000000000000270e+00,6.469000000000000306e+00,3.421067152237488029e-01,2.340399999999999920e+02,6.264999999999999680e+00,3.258999999999999897e+00,9.560000000000000497e+00,6.301000000000000156e+00,3.469568588359084882e-01,2.404399999999999977e+02
6.213000000000000078e+00,3.484999999999999876e+00,9.952999999999999403e+00,6.467999999999999972e+00,3.428240357556695539e-01,2.340149999999999864e+02,6.277999999999999581e+00,3.258999999999999897e+00,9.545999999999999375e+00,6.286999999999999922e+00,3.476768012405161423e-01,2.404540000000000077e+02
6.225999999999999979e+00,3.484999999999999876e+00,9.929000000000000270e+00,6.443999999999999950e+00,3.435413562875903049e-01,2.340149999999999864e+02,6.291000000000000369e+00,3.233999999999999986e+00,9.534000000000000696e+00,6.299999999999999822e+00,3.483967436451237965e-01,2.404660000000000082e+02
6.240000000000000213e+00,3.484999999999999876e+00,9.942000000000000171e+00,6.456999999999999851e+00,3.443138553219665665e-01,2.340149999999999864e+02,6.304000000000000270e+00,3.233999999999999986e+00,9.557000000000000384e+00,6.323000000000000398e+00,3.491166860497314506e-01,2.404430000000000121e+02
6.251999999999999780e+00,3.535000000000000142e+00,1.000099999999999945e+01,6.466000000000000192e+00,3.449759973514318623e-01,2.339650000000000034e+02,6.317000000000000171e+00,3.246999999999999886e+00,9.544000000000000483e+00,6.296999999999999709e+00,3.498366284543390492e-01,2.404559999999999889e+02
6.266000000000000014e+00,3.523000000000000131e+00,9.977999999999999758e+00,6.455000000000000071e+00,3.457484963858080684e-01,2.339770000000000039e+02,6.330000000000000071e+00,3.233999999999999986e+00,9.534000000000000696e+00,6.299999999999999822e+00,3.505565708589467033e-01,2.404660000000000082e+02
6.278999999999999915e+00,3.446000000000000174e+00,9.914999999999999147e+00,6.469000000000000306e+00,3.464658169177288194e-01,2.340540000000000020e+02,6.342999999999999972e+00,3.258999999999999897e+00,9.570000000000000284e+00,6.310999999999999943e+00,3.512765132635543019e-01,2.404300000000000068e+02
6.291999999999999815e+00,3.459000000000000075e+00,9.928000000000000824e+00,6.469000000000000306e+00,3.471831374496495703e-01,2.340409999999999968e+02,6.355999999999999872e+00,3.271999999999999797e+00,9.558999999999999275e+00,6.286999999999999922e+00,3.519964556681619561e-01,2.404410000000000025e+02
6.304000000000000270e+00,3.447999999999999954e+00,9.903000000000000469e+00,6.455000000000000071e+00,3.478452794791149216e-01,2.340519999999999925e+02,6.368999999999999773e+00,3.258999999999999897e+00,9.557999999999999829e+00,6.299000000000000377e+00,3.527163980727695547e-01,2.404420000000000073e+02
6.317999999999999616e+00,3.434000000000000163e+00,9.878000000000000114e+00,6.443999999999999950e+00,3.486177785134910723e-01,2.340660000000000025e+02,6.381999999999999673e+00,3.310000000000000053e+00,9.583000000000000185e+00,6.272999999999999687e+00,3.534363404773772088e-01,2.404170000000000016e+02
6.331000000000000405e+00,3.472999999999999865e+00,9.914999999999999147e+00,6.442000000000000171e+00,3.493350990454118787e-01,2.340269999999999868e+02,6.394999999999999574e+00,3.271999999999999797e+00,9.557999999999999829e+00,6.285999999999999588e+00,3.541562828819848074e-01,2.404420000000000073e+02
6.344000000000000306e+00,3.484999999999999876e+00,9.939000000000000057e+00,6.453999999999999737e+00,3.500524195773326297e-01,2.340149999999999864e+02,6.408999999999999808e+00,3.233999999999999986e+00,9.507999999999999119e+00,6.274000000000000021e+00,3.549316054715622726e-01,2.404919999999999902e+02
6.357000000000000206e+00,3.484999999999999876e+00,9.939000000000000057e+00,6.453999999999999737e+00,3.507697401092534362e-01,2.340149999999999864e+02,6.421999999999999709e+00,3.283999999999999808e+00,9.532999999999999474e+00,6.248999999999999666e+00,3.556515478761699267e-01,2.404670000000000130e+02
6.368999999999999773e+00,3.498000000000000220e+00,9.939999999999999503e+00,6.442000000000000171e+00,3.514318821387187319e-01,2.340020000000000095e+02,6.434999999999999609e+00,3.309000000000000163e+00,9.507999999999999119e+00,6.198999999999999844e+00,3.563714902807775253e-01,2.404919999999999902e+02
6.383000000000000007e+00,3.508999999999999897e+00,9.938000000000000611e+00,6.429000000000000270e+00,3.522043811730949381e-01,2.339910000000000139e+02,6.448000000000000398e+00,3.271999999999999797e+00,9.519999999999999574e+00,6.248000000000000220e+00,3.570914326853851795e-01,2.404799999999999898e+02
6.395999999999999908e+00,3.484999999999999876e+00,9.901999999999999247e+00,6.416999999999999815e+00,3.529217017050156890e-01,2.340149999999999864e+02,6.461000000000000298e+00,3.283999999999999808e+00,9.567999999999999616e+00,6.283999999999999808e+00,3.578113750899928336e-01,2.404319999999999879e+02
6.410000000000000142e+00,3.484999999999999876e+00,9.916000000000000369e+00,6.431000000000000050e+00,3.536942007393918952e-01,2.340149999999999864e+02,6.474000000000000199e+00,3.283999999999999808e+00,9.557000000000000384e+00,6.272999999999999687e+00,3.585313174946004322e-01,2.404430000000000121e+02
6.421999999999999709e+00,3.484999999999999876e+00,9.916000000000000369e+00,6.431000000000000050e+00,3.543563427688571910e-01,2.340149999999999864e+02,6.487000000000000099e+00,3.246999999999999886e+00,9.531000000000000583e+00,6.283999999999999808e+00,3.592512598992080863e-01,2.404689999999999941e+02
6.435999999999999943e+00,3.459000000000000075e+00,9.903000000000000469e+00,6.443999999999999950e+00,3.551288418032333971e-01,2.340409999999999968e+02,6.500000000000000000e+00,3.245999999999999996e+00,9.557000000000000384e+00,6.310999999999999943e+00,3.599712023038156850e-01,2.404430000000000121e+02
6.448999999999999844e+00,3.471999999999999975e+00,9.912000000000000810e+00,6.440000000000000391e+00,3.558461623351542036e-01,2.340279999999999916e+02,6.512999999999999901e+00,3.271999999999999797e+00,9.570000000000000284e+00,6.298000000000000043e+00,3.606911447084233391e-01,2.404300000000000068e+02
6.461000000000000298e+00,3.496999999999999886e+00,9.948999999999999844e+00,6.451999999999999957e+00,3.565083043646194993e-01,2.340029999999999859e+02,6.525999999999999801e+00,3.273000000000000131e+00,9.558999999999999275e+00,6.285999999999999588e+00,3.614110871130309377e-01,2.404410000000000025e+02
6.474000000000000199e+00,3.484999999999999876e+00,9.923999999999999488e+00,6.439000000000000057e+00,3.572256248965403058e-01,2.340149999999999864e+02,6.538999999999999702e+00,3.258999999999999897e+00,9.582000000000000739e+00,6.323000000000000398e+00,3.621310295176385918e-01,2.404180000000000064e+02
6.487000000000000099e+00,3.523000000000000131e+00,9.964000000000000412e+00,6.440999999999999837e+00,3.579429454284610568e-01,2.339770000000000039e+02,6.551999999999999602e+00,3.283999999999999808e+00,9.618000000000000327e+00,6.333999999999999631e+00,3.628509719222461904e-01,2.403820000000000050e+02
6.501000000000000334e+00,3.560999999999999943e+00,1.001099999999999923e+01,6.450000000000000178e+00,3.587154444628372629e-01,2.339389999999999930e+02,6.565000000000000391e+00,3.233000000000000096e+00,9.567000000000000171e+00,6.333999999999999631e+00,3.635709143268539001e-01,2.404329999999999927e+02
6.512999999999999901e+00,3.509999999999999787e+00,9.978999999999999204e+00,6.469000000000000306e+00,3.593775864923025587e-01,2.339900000000000091e+02,6.578000000000000291e+00,3.283999999999999808e+00,9.630000000000000782e+00,6.346000000000000085e+00,3.642908567314614987e-01,2.403700000000000045e+02
6.527000000000000135e+00,3.472999999999999865e+00,9.951999999999999957e+00,6.479000000000000092e+00,3.601500855266787648e-01,2.340269999999999868e+02,6.591000000000000192e+00,3.283999999999999808e+00,9.653999999999999915e+00,6.370000000000000107e+00,3.650107991360691528e-01,2.403460000000000036e+02
6.538999999999999702e+00,3.499000000000000110e+00,9.980000000000000426e+00,6.480999999999999872e+00,3.608122275561440606e-01,2.340010000000000048e+02,6.604000000000000092e+00,3.245999999999999996e+00,9.617000000000000881e+00,6.371000000000000441e+00,3.657307415406767515e-01,2.403830000000000098e+02
6.551999999999999602e+00,3.496999999999999886e+00,9.977999999999999758e+00,6.480999999999999872e+00,3.615295480880648116e-01,2.340029999999999859e+02,6.618000000000000327e+00,3.233000000000000096e+00,9.590999999999999304e+00,6.357999999999999652e+00,3.665060641302542166e-01,2.404089999999999918e+02
6.565000000000000391e+00,3.509999999999999787e+00,1.000399999999999956e+01,6.493999999999999773e+00,3.622468686199856180e-01,2.339900000000000091e+02,6.629999999999999893e+00,3.258000000000000007e+00,9.615999999999999659e+00,6.357999999999999652e+00,3.671706263498920042e-01,2.403840000000000146e+02
6.578999999999999737e+00,3.535000000000000142e+00,1.001500000000000057e+01,6.480000000000000426e+00,3.630193676543618242e-01,2.339650000000000034e+02,6.642999999999999794e+00,3.233999999999999986e+00,9.579000000000000625e+00,6.344999999999999751e+00,3.678905687544996583e-01,2.404209999999999923e+02
6.591000000000000192e+00,3.508999999999999897e+00,1.001399999999999935e+01,6.504999999999999893e+00,3.636815096838271755e-01,2.339910000000000139e+02,6.657000000000000028e+00,3.233000000000000096e+00,9.579000000000000625e+00,6.346000000000000085e+00,3.686658913440771235e-01,2.404209999999999923e+02
6.605000000000000426e+00,3.498000000000000220e+00,1.001299999999999990e+01,6.514999999999999680e+00,3.644540087182033816e-01,2.340020000000000095e+02,6.669999999999999929e+00,3.258000000000000007e+00,9.605000000000000426e+00,6.347000000000000419e+00,3.693858337486847221e-01,2.403950000000000102e+02
6.618000000000000327e+00,3.535000000000000142e+00,1.003800000000000026e+01,6.503000000000000114e+00,3.651713292501241326e-01,2.339650000000000034e+02,6.682999999999999829e+00,3.245000000000000107e+00,9.605000000000000426e+00,6.360000000000000320e+00,3.701057761532923762e-01,2.403950000000000102e+02
6.631000000000000227e+00,3.523000000000000131e+00,1.000200000000000067e+01,6.479000000000000092e+00,3.658886497820448835e-01,2.339770000000000039e+02,6.695000000000000284e+00,3.258000000000000007e+00,9.605000000000000426e+00,6.347000000000000419e+00,3.707703383729302193e-01,2.403950000000000102e+02
6.644000000000000128e+00,3.498000000000000220e+00,9.987999999999999545e+00,6.490000000000000213e+00,3.666059703139656345e-01,2.340020000000000095e+02,6.708000000000000185e+00,3.295999999999999819e+00,9.664999999999999147e+00,6.368999999999999773e+00,3.714902807775378180e-01,2.403350000000000080e+02
6.657000000000000028e+00,3.498000000000000220e+00,9.977999999999999758e+00,6.480000000000000426e+00,3.673232908458863855e-01,2.340020000000000095e+02,6.722000000000000419e+00,3.270000000000000018e+00,9.631000000000000227e+00,6.360999999999999766e+00,3.722656033671152831e-01,2.403689999999999998e+02
6.669999999999999929e+00,3.521999999999999797e+00,9.990999999999999659e+00,6.469000000000000306e+00,3.680406113778071919e-01,2.339780000000000086e+02,6.735000000000000320e+00,3.258999999999999897e+00,9.618000000000000327e+00,6.358999999999999986e+00,3.729855457717229372e-01,2.403820000000000050e+02
6.682999999999999829e+00,3.535000000000000142e+00,9.977999999999999758e+00,6.442999999999999616e+00,3.687579319097279429e-01,2.339650000000000034e+02,6.748000000000000220e+00,3.233000000000000096e+00,9.618000000000000327e+00,6.384999999999999787e+00,3.737054881763305358e-01,2.403820000000000050e+02
6.695999999999999730e+00,3.560000000000000053e+00,1.001299999999999990e+01,6.453000000000000291e+00,3.694752524416486938e-01,2.339399999999999977e+02,6.759999999999999787e+00,3.245999999999999996e+00,9.628999999999999559e+00,6.383000000000000007e+00,3.743700503959683235e-01,2.403710000000000093e+02
6.708999999999999631e+00,3.533999999999999808e+00,9.989000000000000767e+00,6.455000000000000071e+00,3.701925729735694448e-01,2.339660000000000082e+02,6.774000000000000021e+00,3.220000000000000195e+00,9.603999999999999204e+00,6.384000000000000341e+00,3.751453729855457886e-01,2.403960000000000150e+02
6.722000000000000419e+00,3.523000000000000131e+00,9.976000000000000867e+00,6.453000000000000291e+00,3.709098935054902513e-01,2.339770000000000039e+02,6.786999999999999922e+00,3.232000000000000206e+00,9.603999999999999204e+00,6.371999999999999886e+00,3.758653153901533872e-01,2.403960000000000150e+02
6.735000000000000320e+00,3.535000000000000142e+00,9.987999999999999545e+00,6.453000000000000291e+00,3.716272140374110022e-01,2.339650000000000034e+02,6.799999999999999822e+00,3.245000000000000107e+00,9.628999999999999559e+00,6.384000000000000341e+00,3.765852577947610413e-01,2.403710000000000093e+02
6.748999999999999666e+00,3.548000000000000043e+00,1.000200000000000067e+01,6.453999999999999737e+00,3.723997130717871529e-01,2.339519999999999982e+02,6.812999999999999723e+00,3.258000000000000007e+00,9.631000000000000227e+00,6.373000000000000220e+00,3.773052001993686400e-01,2.403689999999999998e+02
6.761000000000000121e+00,3.547000000000000153e+00,9.990000000000000213e+00,6.442999999999999616e+00,3.730618551012525042e-01,2.339530000000000030e+02,6.825999999999999623e+00,3.295999999999999819e+00,9.653999999999999915e+00,6.357999999999999652e+00,3.780251426039762941e-01,2.403460000000000036e+02
6.774000000000000021e+00,3.584999999999999964e+00,1.002899999999999991e+01,6.443999999999999950e+00,3.737791756331732551e-01,2.339149999999999920e+02,6.839000000000000412e+00,3.307999999999999829e+00,9.653000000000000469e+00,6.344999999999999751e+00,3.787450850085839482e-01,2.403470000000000084e+02
6.788000000000000256e+00,3.611000000000000210e+00,1.002699999999999925e+01,6.416000000000000369e+00,3.745516746675495168e-01,2.338890000000000100e+02,6.852000000000000313e+00,3.245000000000000107e+00,9.605000000000000426e+00,6.360000000000000320e+00,3.794650274131916023e-01,2.403950000000000102e+02
6.799999999999999822e+00,3.584999999999999964e+00,1.002399999999999913e+01,6.439000000000000057e+00,3.752138166970148125e-01,2.339149999999999920e+02,6.865000000000000213e+00,3.283999999999999808e+00,9.605999999999999872e+00,6.322000000000000064e+00,3.801849698177992010e-01,2.403940000000000055e+02
6.814000000000000057e+00,3.584999999999999964e+00,1.000099999999999945e+01,6.416000000000000369e+00,3.759863157313910187e-01,2.339149999999999920e+02,6.878000000000000114e+00,3.309000000000000163e+00,9.641000000000000014e+00,6.331999999999999851e+00,3.809049122224068551e-01,2.403590000000000089e+02
6.826999999999999957e+00,3.584000000000000075e+00,1.000000000000000000e+01,6.416000000000000369e+00,3.767036362633117696e-01,2.339159999999999968e+02,6.891000000000000014e+00,3.309000000000000163e+00,9.641999999999999460e+00,6.333000000000000185e+00,3.816248546270144537e-01,2.403580000000000041e+02
6.839000000000000412e+00,3.559000000000000163e+00,9.973000000000000753e+00,6.413999999999999702e+00,3.773657782927771209e-01,2.339410000000000025e+02,6.903999999999999915e+00,3.333000000000000185e+00,9.679999999999999716e+00,6.347000000000000419e+00,3.823447970316221078e-01,2.403199999999999932e+02
6.852000000000000313e+00,3.572999999999999954e+00,9.987000000000000099e+00,6.413999999999999702e+00,3.780830988246978719e-01,2.339269999999999925e+02,6.916999999999999815e+00,3.334000000000000075e+00,9.701999999999999957e+00,6.368000000000000327e+00,3.830647394362297065e-01,2.402980000000000018e+02
6.865999999999999659e+00,3.646999999999999797e+00,1.001200000000000045e+01,6.365000000000000213e+00,3.788555978590740225e-01,2.338530000000000086e+02,6.929999999999999716e+00,3.295999999999999819e+00,9.678000000000000824e+00,6.381999999999999673e+00,3.837846818408373606e-01,2.403220000000000027e+02
6.878000000000000114e+00,3.572999999999999954e+00,9.977000000000000313e+00,6.403999999999999915e+00,3.795177398885393738e-01,2.339269999999999925e+02,6.942999999999999616e+00,3.282999999999999918e+00,9.654999999999999361e+00,6.371999999999999886e+00,3.845046242454449592e-01,2.403449999999999989e+02
6.892000000000000348e+00,3.560000000000000053e+00,9.951999999999999957e+00,6.392000000000000348e+00,3.802902389229156355e-01,2.339399999999999977e+02,6.956999999999999851e+00,3.322000000000000064e+00,9.702999999999999403e+00,6.381000000000000227e+00,3.852799468350224243e-01,2.402969999999999970e+02
6.905000000000000249e+00,3.609999999999999876e+00,1.000099999999999945e+01,6.391000000000000014e+00,3.810075594548363864e-01,2.338899999999999864e+02,6.969000000000000306e+00,3.282999999999999918e+00,9.679000000000000270e+00,6.395999999999999908e+00,3.859445090546602675e-01,2.403209999999999980e+02
6.916999999999999815e+00,3.608999999999999986e+00,1.002399999999999913e+01,6.415000000000000036e+00,3.816697014843016822e-01,2.338909999999999911e+02,6.982999999999999652e+00,3.271999999999999797e+00,9.654999999999999361e+00,6.383000000000000007e+00,3.867198316442376771e-01,2.403449999999999989e+02
6.931000000000000050e+00,3.609999999999999876e+00,1.000999999999999979e+01,6.400000000000000355e+00,3.824422005186778883e-01,2.338899999999999864e+02,6.995000000000000107e+00,3.282999999999999918e+00,9.666999999999999815e+00,6.384000000000000341e+00,3.873843938638755202e-01,2.403329999999999984e+02
6.943999999999999950e+00,3.633999999999999897e+00,1.003299999999999947e+01,6.399000000000000021e+00,3.831595210505986393e-01,2.338660000000000139e+02,7.009000000000000341e+00,3.307999999999999829e+00,9.715999999999999304e+00,6.408000000000000362e+00,3.881597164534529854e-01,2.402839999999999918e+02
6.956999999999999851e+00,3.572000000000000064e+00,9.983000000000000540e+00,6.410999999999999588e+00,3.838768415825193903e-01,2.339279999999999973e+02,7.022000000000000242e+00,3.321000000000000174e+00,9.726000000000000867e+00,6.405000000000000249e+00,3.888796588580606395e-01,2.402740000000000009e+02
6.969999999999999751e+00,3.520000000000000018e+00,9.945999999999999730e+00,6.426000000000000156e+00,3.845941621144401412e-01,2.339799999999999898e+02,7.033999999999999808e+00,3.334000000000000075e+00,9.727999999999999758e+00,6.394000000000000128e+00,3.895442210776984271e-01,2.402719999999999914e+02
6.982999999999999652e+00,3.547000000000000153e+00,9.946999999999999176e+00,6.400000000000000355e+00,3.853114826463609477e-01,2.339530000000000030e+02,7.048000000000000043e+00,3.295999999999999819e+00,9.689999999999999503e+00,6.394000000000000128e+00,3.903195436672758922e-01,2.403100000000000023e+02
6.996000000000000441e+00,3.559000000000000163e+00,9.958999999999999631e+00,6.400000000000000355e+00,3.860288031782817542e-01,2.339410000000000025e+02,7.060999999999999943e+00,3.295999999999999819e+00,9.701000000000000512e+00,6.405000000000000249e+00,3.910394860718834908e-01,2.402990000000000066e+02
7.009000000000000341e+00,3.508999999999999897e+00,9.932999999999999829e+00,6.424000000000000377e+00,3.867461237102025051e-01,2.339910000000000139e+02,7.073999999999999844e+00,3.282000000000000028e+00,9.689999999999999503e+00,6.408000000000000362e+00,3.917594284764911450e-01,2.403100000000000023e+02
7.022999999999999687e+00,3.548000000000000043e+00,9.983999999999999986e+00,6.435999999999999943e+00,3.875186227445786558e-01,2.339519999999999982e+02,7.086999999999999744e+00,3.270000000000000018e+00,9.689000000000000057e+00,6.418999999999999595e+00,3.924793708810987436e-01,2.403110000000000070e+02
7.035000000000000142e+00,3.571000000000000174e+00,1.001999999999999957e+01,6.448999999999999844e+00,3.881807647740440070e-01,2.339290000000000020e+02,7.099999999999999645e+00,3.258000000000000007e+00,9.676999999999999602e+00,6.418999999999999595e+00,3.931993132857063977e-01,2.403230000000000075e+02
7.048000000000000043e+00,3.559000000000000163e+00,9.994999999999999218e+00,6.435999999999999943e+00,3.888980853059647580e-01,2.339410000000000025e+02,7.113000000000000433e+00,3.270000000000000018e+00,9.691000000000000725e+00,6.421000000000000263e+00,3.939192556903140519e-01,2.403089999999999975e+02
7.060999999999999943e+00,3.520999999999999908e+00,9.971000000000000085e+00,6.450000000000000178e+00,3.896154058378855090e-01,2.339790000000000134e+02,7.126000000000000334e+00,3.306999999999999940e+00,9.714000000000000412e+00,6.407000000000000028e+00,3.946391980949216505e-01,2.402860000000000014e+02
7.075000000000000178e+00,3.559000000000000163e+00,9.993999999999999773e+00,6.434999999999999609e+00,3.903879048722617151e-01,2.339410000000000025e+02,7.139000000000000234e+00,3.306999999999999940e+00,9.702999999999999403e+00,6.395999999999999908e+00,3.953591404995293046e-01,2.402969999999999970e+02
7.086999999999999744e+00,3.508000000000000007e+00,9.945999999999999730e+00,6.437999999999999723e+00,3.910500469017270109e-01,2.339919999999999902e+02,7.152000000000000135e+00,3.321000000000000174e+00,9.676999999999999602e+00,6.355999999999999872e+00,3.960790829041369032e-01,2.403230000000000075e+02
7.099999999999999645e+00,3.495000000000000107e+00,9.948000000000000398e+00,6.453000000000000291e+00,3.917673674336478173e-01,2.340049999999999955e+02,7.165000000000000036e+00,3.318999999999999950e+00,9.675000000000000711e+00,6.355999999999999872e+00,3.967990253087445573e-01,2.403249999999999886e+02
7.113000000000000433e+00,3.532999999999999918e+00,9.958999999999999631e+00,6.426000000000000156e+00,3.924846879655686238e-01,2.339670000000000130e+02,7.177999999999999936e+00,3.282000000000000028e+00,9.648999999999999133e+00,6.366999999999999993e+00,3.975189677133521560e-01,2.403509999999999991e+02
7.126000000000000334e+00,3.495000000000000107e+00,9.933999999999999275e+00,6.439000000000000057e+00,3.932020084974893748e-01,2.340049999999999955e+02,7.190999999999999837e+00,3.282000000000000028e+00,9.663000000000000256e+00,6.381000000000000227e+00,3.982389101179598101e-01,2.403369999999999891e+02
7.139000000000000234e+00,3.471000000000000085e+00,9.896000000000000796e+00,6.424999999999999822e+00,3.939193290294101257e-01,2.340289999999999964e+02,7.203999999999999737e+00,3.370999999999999996e+00,9.711999999999999744e+00,6.341000000000000192e+00,3.989588525225674087e-01,2.402880000000000109e+02
7.152000000000000135e+00,3.532999999999999918e+00,9.945000000000000284e+00,6.411999999999999922e+00,3.946366495613308767e-01,2.339670000000000130e+02,7.216999999999999638e+00,3.370999999999999996e+00,9.702999999999999403e+00,6.331999999999999851e+00,3.996787949271750628e-01,2.402969999999999970e+02
7.166000000000000369e+00,3.520000000000000018e+00,9.920999999999999375e+00,6.400999999999999801e+00,3.954091485957070828e-01,2.339799999999999898e+02,7.230000000000000426e+00,3.371999999999999886e+00,9.691000000000000725e+00,6.318999999999999950e+00,4.003987373317827170e-01,2.403089999999999975e+02
7.177999999999999936e+00,3.495000000000000107e+00,9.881999999999999673e+00,6.386999999999999567e+00,3.960712906251723786e-01,2.340049999999999955e+02,7.243999999999999773e+00,3.407999999999999918e+00,9.727000000000000313e+00,6.318999999999999950e+00,4.011740599213601266e-01,2.402729999999999961e+02
7.192000000000000171e+00,3.507000000000000117e+00,9.907999999999999474e+00,6.400999999999999801e+00,3.968437896595485848e-01,2.339929999999999950e+02,7.256999999999999673e+00,3.434000000000000163e+00,9.737000000000000099e+00,6.302999999999999936e+00,4.018940023259677807e-01,2.402630000000000052e+02
7.205000000000000071e+00,3.507000000000000117e+00,9.906000000000000583e+00,6.399000000000000021e+00,3.975611101914693912e-01,2.339929999999999950e+02,7.269000000000000128e+00,3.395999999999999908e+00,9.724000000000000199e+00,6.328000000000000291e+00,4.025585645456056239e-01,2.402760000000000105e+02
7.217999999999999972e+00,3.482000000000000206e+00,9.859999999999999432e+00,6.378000000000000114e+00,3.982784307233901422e-01,2.340180000000000007e+02,7.283000000000000362e+00,3.407000000000000028e+00,9.724000000000000199e+00,6.317000000000000171e+00,4.033338871351830890e-01,2.402760000000000105e+02
7.230999999999999872e+00,3.508000000000000007e+00,9.884000000000000341e+00,6.376000000000000334e+00,3.989957512553108931e-01,2.339919999999999902e+02,7.294999999999999929e+00,3.382000000000000117e+00,9.696999999999999176e+00,6.315000000000000391e+00,4.039984493548208766e-01,2.403029999999999973e+02
7.243999999999999773e+00,3.507000000000000117e+00,9.881999999999999673e+00,6.375000000000000000e+00,3.997130717872316441e-01,2.339929999999999950e+02,7.309000000000000163e+00,3.369000000000000217e+00,9.660999999999999588e+00,6.291999999999999815e+00,4.047737719443983417e-01,2.403389999999999986e+02
7.256999999999999673e+00,3.455999999999999961e+00,9.807999999999999829e+00,6.352000000000000313e+00,4.004303923191523951e-01,2.340440000000000111e+02,7.320999999999999730e+00,3.383000000000000007e+00,9.673000000000000043e+00,6.290000000000000036e+00,4.054383341640361293e-01,2.403269999999999982e+02
7.269999999999999574e+00,3.468999999999999861e+00,9.830999999999999517e+00,6.362000000000000099e+00,4.011477128510731460e-01,2.340310000000000059e+02,7.334999999999999964e+00,3.383000000000000007e+00,9.698999999999999844e+00,6.315999999999999837e+00,4.062136567536135945e-01,2.403009999999999877e+02
7.283000000000000362e+00,3.520000000000000018e+00,9.868999999999999773e+00,6.349000000000000199e+00,4.018650333829939525e-01,2.339799999999999898e+02,7.347999999999999865e+00,3.358000000000000096e+00,9.673000000000000043e+00,6.315000000000000391e+00,4.069335991582211931e-01,2.403269999999999982e+02
7.296000000000000263e+00,3.495000000000000107e+00,9.820000000000000284e+00,6.325000000000000178e+00,4.025823539149147035e-01,2.340049999999999955e+02,7.360999999999999766e+00,3.370999999999999996e+00,9.724999999999999645e+00,6.354000000000000092e+00,4.076535415628288472e-01,2.402750000000000057e+02
7.309000000000000163e+00,3.470000000000000195e+00,9.804999999999999716e+00,6.334999999999999964e+00,4.032996744468355099e-01,2.340300000000000011e+02,7.373999999999999666e+00,3.407000000000000028e+00,9.760999999999999233e+00,6.354000000000000092e+00,4.083734839674364459e-01,2.402390000000000043e+02
7.322000000000000064e+00,3.508000000000000007e+00,9.832000000000000739e+00,6.323999999999999844e+00,4.040169949787562609e-01,2.339919999999999902e+02,7.386999999999999567e+00,3.407000000000000028e+00,9.771000000000000796e+00,6.363999999999999879e+00,4.090934263720441000e-01,2.402289999999999850e+02
7.334999999999999964e+00,3.470000000000000195e+00,9.782999999999999474e+00,6.312999999999999723e+00,4.047343155106770118e-01,2.340300000000000011e+02,7.400000000000000355e+00,3.370000000000000107e+00,9.733999999999999986e+00,6.363999999999999879e+00,4.098133687766517541e-01,2.402659999999999911e+02
7.347999999999999865e+00,3.470000000000000195e+00,9.769999999999999574e+00,6.299999999999999822e+00,4.054516360425977628e-01,2.340300000000000011e+02,7.413000000000000256e+00,3.395999999999999908e+00,9.746999999999999886e+00,6.350999999999999979e+00,4.105333111812593527e-01,2.402529999999999859e+02
7.360999999999999766e+00,3.507000000000000117e+00,9.794000000000000483e+00,6.286999999999999922e+00,4.061689565745185138e-01,2.339929999999999950e+02,7.426000000000000156e+00,3.369000000000000217e+00,9.756999999999999673e+00,6.387999999999999901e+00,4.112532535858670069e-01,2.402429999999999950e+02
7.373999999999999666e+00,3.507000000000000117e+00,9.782000000000000028e+00,6.275000000000000355e+00,4.068862771064392647e-01,2.339929999999999950e+02,7.439000000000000057e+00,3.343999999999999861e+00,9.721999999999999531e+00,6.378000000000000114e+00,4.119731959904746055e-01,2.402779999999999916e+02
7.386999999999999567e+00,3.470000000000000195e+00,9.730000000000000426e+00,6.259999999999999787e+00,4.076035976383600157e-01,2.340300000000000011e+02,7.451999999999999957e+00,3.407000000000000028e+00,9.784000000000000696e+00,6.376999999999999780e+00,4.126931383950822596e-01,2.402160000000000082e+02
7.400000000000000355e+00,3.532000000000000028e+00,9.805999999999999162e+00,6.274000000000000021e+00,4.083209181702808221e-01,2.339679999999999893e+02,7.464999999999999858e+00,3.432999999999999829e+00,9.784000000000000696e+00,6.350999999999999979e+00,4.134130807996898582e-01,2.402160000000000082e+02
7.413000000000000256e+00,3.532000000000000028e+00,9.816000000000000725e+00,6.283999999999999808e+00,4.090382387022015731e-01,2.339679999999999893e+02,7.477999999999999758e+00,3.419999999999999929e+00,9.746999999999999886e+00,6.326999999999999957e+00,4.141330232042975124e-01,2.402529999999999859e+02
7.426000000000000156e+00,3.507000000000000117e+00,9.779999999999999361e+00,6.272999999999999687e+00,4.097555592341223796e-01,2.339929999999999950e+02,7.490999999999999659e+00,3.444999999999999840e+00,9.778999999999999915e+00,6.333999999999999631e+00,4.148529656089051110e-01,2.402210000000000036e+02
7.440000000000000391e+00,3.520000000000000018e+00,9.782000000000000028e+00,6.261999999999999567e+00,4.105280582684985857e-01,2.339799999999999898e+02,7.503999999999999559e+00,3.456999999999999851e+00,9.781000000000000583e+00,6.323999999999999844e+00,4.155729080135127651e-01,2.402189999999999941e+02
7.453000000000000291e+00,3.520000000000000018e+00,9.794999999999999929e+00,6.275000000000000355e+00,4.112453788004193367e-01,2.339799999999999898e+02,7.517000000000000348e+00,3.431999999999999940e+00,9.731999999999999318e+00,6.299999999999999822e+00,4.162928504181204192e-01,2.402680000000000007e+02
7.466000000000000192e+00,3.482000000000000206e+00,9.746999999999999886e+00,6.264999999999999680e+00,4.119626993323400876e-01,2.340180000000000007e+02,7.530999999999999694e+00,3.407000000000000028e+00,9.744999999999999218e+00,6.338000000000000078e+00,4.170681730076978289e-01,2.402549999999999955e+02
7.477999999999999758e+00,3.520999999999999908e+00,9.772000000000000242e+00,6.251000000000000334e+00,4.126248413618053834e-01,2.339790000000000134e+02,7.543000000000000149e+00,3.394000000000000128e+00,9.731999999999999318e+00,6.338000000000000078e+00,4.177327352273356720e-01,2.402680000000000007e+02
7.491999999999999993e+00,3.556999999999999940e+00,9.797000000000000597e+00,6.240000000000000213e+00,4.133973403961815896e-01,2.339430000000000121e+02,7.557000000000000384e+00,3.370000000000000107e+00,9.733000000000000540e+00,6.363000000000000433e+00,4.185080578169131371e-01,2.402669999999999959e+02
7.504999999999999893e+00,3.519000000000000128e+00,9.769999999999999574e+00,6.251000000000000334e+00,4.141146609281023405e-01,2.339809999999999945e+02,7.568999999999999950e+00,3.420999999999999819e+00,9.782999999999999474e+00,6.362000000000000099e+00,4.191726200365509247e-01,2.402170000000000130e+02
7.517999999999999794e+00,3.494000000000000217e+00,9.755000000000000782e+00,6.261000000000000121e+00,4.148319814600231470e-01,2.340060000000000002e+02,7.583000000000000185e+00,3.456999999999999851e+00,9.820000000000000284e+00,6.363000000000000433e+00,4.199479426261283899e-01,2.401800000000000068e+02
7.530999999999999694e+00,3.532999999999999918e+00,9.792999999999999261e+00,6.259999999999999787e+00,4.155493019919438979e-01,2.339670000000000130e+02,7.596000000000000085e+00,3.407000000000000028e+00,9.757999999999999119e+00,6.350999999999999979e+00,4.206678850307360440e-01,2.402419999999999902e+02
7.543999999999999595e+00,3.520000000000000018e+00,9.817999999999999616e+00,6.298000000000000043e+00,4.162666225238646489e-01,2.339799999999999898e+02,7.608999999999999986e+00,3.394000000000000128e+00,9.756999999999999673e+00,6.363000000000000433e+00,4.213878274353436426e-01,2.402429999999999950e+02
7.557000000000000384e+00,3.470000000000000195e+00,9.744999999999999218e+00,6.275000000000000355e+00,4.169839430557854554e-01,2.340300000000000011e+02,7.621000000000000441e+00,3.431999999999999940e+00,9.779999999999999361e+00,6.347999999999999865e+00,4.220523896549814857e-01,2.402199999999999989e+02
7.570000000000000284e+00,3.521999999999999797e+00,9.785000000000000142e+00,6.262999999999999901e+00,4.177012635877062063e-01,2.339780000000000086e+02,7.634999999999999787e+00,3.419000000000000039e+00,9.771000000000000796e+00,6.352000000000000313e+00,4.228277122445588954e-01,2.402289999999999850e+02
7.583000000000000185e+00,3.520999999999999908e+00,9.795999999999999375e+00,6.275000000000000355e+00,4.184185841196269573e-01,2.339790000000000134e+02,7.647999999999999687e+00,3.382000000000000117e+00,9.743999999999999773e+00,6.362000000000000099e+00,4.235476546491665495e-01,2.402560000000000002e+02
7.596000000000000085e+00,3.508000000000000007e+00,9.798000000000000043e+00,6.290000000000000036e+00,4.191359046515477083e-01,2.339919999999999902e+02,7.660999999999999588e+00,3.407000000000000028e+00,9.782000000000000028e+00,6.375000000000000000e+00,4.242675970537741481e-01,2.402179999999999893e+02
7.608999999999999986e+00,3.547000000000000153e+00,9.830999999999999517e+00,6.283999999999999808e+00,4.198532251834684592e-01,2.339530000000000030e+02,7.674000000000000377e+00,3.432999999999999829e+00,9.797000000000000597e+00,6.363999999999999879e+00,4.249875394583818022e-01,2.402030000000000030e+02
7.621999999999999886e+00,3.544999999999999929e+00,9.819000000000000838e+00,6.274000000000000021e+00,4.205705457153892102e-01,2.339550000000000125e+02,7.687000000000000277e+00,3.370000000000000107e+00,9.746999999999999886e+00,6.376999999999999780e+00,4.257074818629894564e-01,2.402529999999999859e+02
7.634999999999999787e+00,3.495000000000000107e+00,9.755000000000000782e+00,6.259999999999999787e+00,4.212878662473100166e-01,2.340049999999999955e+02,7.700000000000000178e+00,3.407999999999999918e+00,9.785999999999999588e+00,6.378000000000000114e+00,4.264274242675970550e-01,2.402139999999999986e+02
7.647999999999999687e+00,3.532000000000000028e+00,9.771000000000000796e+00,6.238999999999999879e+00,4.220051867792307676e-01,2.339679999999999893e+02,7.713000000000000078e+00,3.431999999999999940e+00,9.820999999999999730e+00,6.389000000000000234e+00,4.271473666722047091e-01,2.401790000000000020e+02
7.661999999999999922e+00,3.532999999999999918e+00,9.795999999999999375e+00,6.262999999999999901e+00,4.227776858136069738e-01,2.339670000000000130e+02,7.725999999999999979e+00,3.407000000000000028e+00,9.782000000000000028e+00,6.375000000000000000e+00,4.278673090768123077e-01,2.402179999999999893e+02
7.674000000000000377e+00,3.520999999999999908e+00,9.772999999999999687e+00,6.251999999999999780e+00,4.234398278430723250e-01,2.339790000000000134e+02,7.738999999999999879e+00,3.380999999999999783e+00,9.769999999999999574e+00,6.389000000000000234e+00,4.285872514814199619e-01,2.402299999999999898e+02
7.687999999999999723e+00,3.508999999999999897e+00,9.747999999999999332e+00,6.238999999999999879e+00,4.242123268774484757e-01,2.339910000000000139e+02,7.751999999999999780e+00,3.419999999999999929e+00,9.805999999999999162e+00,6.386000000000000121e+00,4.293071938860275605e-01,2.401939999999999884e+02
7.700000000000000178e+00,3.547000000000000153e+00,9.785999999999999588e+00,6.238999999999999879e+00,4.248744689069138269e-01,2.339530000000000030e+02,7.764999999999999680e+00,3.407000000000000028e+00,9.782000000000000028e+00,6.375000000000000000e+00,4.300271362906352146e-01,2.402179999999999893e+02
7.713000000000000078e+00,3.547000000000000153e+00,9.785000000000000142e+00,6.238000000000000433e+00,4.255917894388345779e-01,2.339530000000000030e+02,7.777999999999999581e+00,3.420999999999999819e+00,9.747999999999999332e+00,6.326999999999999957e+00,4.307470786952428132e-01,2.402520000000000095e+02
7.727000000000000313e+00,3.545999999999999819e+00,9.785000000000000142e+00,6.238999999999999879e+00,4.263642884732108396e-01,2.339540000000000077e+02,7.791000000000000369e+00,3.446000000000000174e+00,9.771000000000000796e+00,6.325000000000000178e+00,4.314670210998505229e-01,2.402289999999999850e+02
7.738999999999999879e+00,3.608999999999999986e+00,9.846999999999999531e+00,6.238000000000000433e+00,4.270264305026761353e-01,2.338909999999999911e+02,7.804999999999999716e+00,3.447000000000000064e+00,9.772000000000000242e+00,6.325000000000000178e+00,4.322423436894279325e-01,2.402280000000000086e+02
7.753000000000000114e+00,3.569999999999999840e+00,9.833000000000000185e+00,6.262999999999999901e+00,4.277989295370523415e-01,2.339300000000000068e+02,7.817999999999999616e+00,3.395000000000000018e+00,9.749000000000000554e+00,6.354000000000000092e+00,4.329622860940355311e-01,2.402510000000000048e+02
7.766000000000000014e+00,3.507000000000000117e+00,9.772999999999999687e+00,6.266000000000000014e+00,4.285162500689730924e-01,2.339929999999999950e+02,7.831000000000000405e+00,3.432999999999999829e+00,9.797000000000000597e+00,6.363999999999999879e+00,4.336822284986432408e-01,2.402030000000000030e+02
7.778999999999999915e+00,3.545999999999999819e+00,9.808999999999999275e+00,6.262999999999999901e+00,4.292335706008938434e-01,2.339540000000000077e+02,7.844000000000000306e+00,3.431999999999999940e+00,9.820000000000000284e+00,6.387999999999999901e+00,4.344021709032508394e-01,2.401800000000000068e+02
7.791999999999999815e+00,3.572999999999999954e+00,9.846999999999999531e+00,6.274000000000000021e+00,4.299508911328145944e-01,2.339269999999999925e+02,7.857000000000000206e+00,3.382000000000000117e+00,9.781000000000000583e+00,6.399000000000000021e+00,4.351221133078584935e-01,2.402189999999999941e+02
7.804999999999999716e+00,3.508999999999999897e+00,9.807999999999999829e+00,6.299000000000000377e+00,4.306682116647353453e-01,2.339910000000000139e+02,7.868999999999999773e+00,3.369000000000000217e+00,9.794999999999999929e+00,6.426000000000000156e+00,4.357866755274962811e-01,2.402050000000000125e+02
7.817999999999999616e+00,3.533999999999999808e+00,9.823999999999999844e+00,6.290000000000000036e+00,4.313855321966560963e-01,2.339660000000000082e+02,7.881999999999999673e+00,3.394000000000000128e+00,9.832000000000000739e+00,6.437999999999999723e+00,4.365066179321038797e-01,2.401680000000000064e+02
7.831000000000000405e+00,3.608999999999999986e+00,9.884999999999999787e+00,6.275999999999999801e+00,4.321028527285769028e-01,2.338909999999999911e+02,7.894999999999999574e+00,3.395000000000000018e+00,9.846000000000000085e+00,6.450999999999999623e+00,4.372265603367115339e-01,2.401539999999999964e+02
7.844000000000000306e+00,3.584000000000000075e+00,9.871999999999999886e+00,6.288000000000000256e+00,4.328201732604977092e-01,2.339159999999999968e+02,7.908000000000000362e+00,3.370000000000000107e+00,9.823000000000000398e+00,6.453000000000000291e+00,4.379465027413191880e-01,2.401769999999999925e+02
7.857000000000000206e+00,3.557999999999999829e+00,9.845000000000000639e+00,6.286999999999999922e+00,4.335374937924184602e-01,2.339420000000000073e+02,7.921999999999999709e+00,3.407999999999999918e+00,9.858999999999999986e+00,6.450999999999999623e+00,4.387218253308965976e-01,2.401409999999999911e+02
7.870000000000000107e+00,3.596000000000000085e+00,9.894000000000000128e+00,6.298000000000000043e+00,4.342548143243392111e-01,2.339039999999999964e+02,7.934999999999999609e+00,3.407000000000000028e+00,9.835000000000000853e+00,6.427999999999999936e+00,4.394417677355042517e-01,2.401649999999999920e+02
7.883000000000000007e+00,3.572000000000000064e+00,9.855999999999999872e+00,6.283999999999999808e+00,4.349721348562599621e-01,2.339279999999999973e+02,7.947000000000000064e+00,3.370000000000000107e+00,9.820999999999999730e+00,6.450999999999999623e+00,4.401063299551420949e-01,2.401790000000000020e+02
7.895999999999999908e+00,3.508000000000000007e+00,9.795999999999999375e+00,6.288000000000000256e+00,4.356894553881807131e-01,2.339919999999999902e+02,7.961000000000000298e+00,3.407000000000000028e+00,9.858999999999999986e+00,6.451999999999999957e+00,4.408816525447195600e-01,2.401409999999999911e+02
7.908999999999999808e+00,3.545999999999999819e+00,9.823000000000000398e+00,6.277000000000000135e+00,4.364067759201014640e-01,2.339540000000000077e+02,7.974000000000000199e+00,3.406000000000000139e+00,9.845000000000000639e+00,6.439000000000000057e+00,4.416015949493271586e-01,2.401550000000000011e+02
7.921999999999999709e+00,3.547000000000000153e+00,9.821999999999999176e+00,6.275000000000000355e+00,4.371240964520222150e-01,2.339530000000000030e+02,7.987000000000000099e+00,3.367999999999999883e+00,9.782999999999999474e+00,6.415000000000000036e+00,4.423215373539348128e-01,2.402170000000000130e+02
7.934999999999999609e+00,3.495999999999999996e+00,9.772999999999999687e+00,6.277000000000000135e+00,4.378414169839429659e-01,2.340039999999999907e+02,8.000000000000000000e+00,3.369000000000000217e+00,9.785000000000000142e+00,6.416000000000000369e+00,4.430414797585424114e-01,2.402150000000000034e+02
7.948999999999999844e+00,3.508999999999999897e+00,9.784000000000000696e+00,6.275000000000000355e+00,4.386139160183192276e-01,2.339910000000000139e+02,8.012999999999999901e+00,3.395000000000000018e+00,9.821999999999999176e+00,6.426999999999999602e+00,4.437614221631500100e-01,2.401779999999999973e+02
7.961999999999999744e+00,3.547000000000000153e+00,9.830999999999999517e+00,6.283999999999999808e+00,4.393312365502399786e-01,2.339530000000000030e+02,8.025999999999999801e+00,3.395999999999999908e+00,9.810999999999999943e+00,6.415000000000000036e+00,4.444813645677576641e-01,2.401889999999999930e+02
7.974999999999999645e+00,3.520999999999999908e+00,9.781000000000000583e+00,6.259999999999999787e+00,4.400485570821607295e-01,2.339790000000000134e+02,8.038999999999999702e+00,3.407999999999999918e+00,9.811999999999999389e+00,6.403999999999999915e+00,4.452013069723652627e-01,2.401879999999999882e+02
7.987000000000000099e+00,3.532999999999999918e+00,9.795999999999999375e+00,6.262999999999999901e+00,4.407106991116260808e-01,2.339670000000000130e+02,8.051999999999999602e+00,3.407999999999999918e+00,9.811999999999999389e+00,6.403999999999999915e+00,4.459212493769729169e-01,2.401879999999999882e+02
8.000000000000000000e+00,3.572000000000000064e+00,9.819000000000000838e+00,6.246999999999999886e+00,4.414280196435468318e-01,2.339279999999999973e+02,8.064999999999999503e+00,3.382000000000000117e+00,9.798000000000000043e+00,6.416000000000000369e+00,4.466411917815805155e-01,2.402019999999999982e+02
8.012999999999999901e+00,3.533999999999999808e+00,9.747999999999999332e+00,6.214000000000000412e+00,4.421453401754675827e-01,2.339660000000000082e+02,8.079000000000000625e+00,3.395999999999999908e+00,9.775000000000000355e+00,6.378999999999999559e+00,4.474165143711580361e-01,2.402249999999999943e+02
8.026999999999999247e+00,3.508000000000000007e+00,9.723000000000000753e+00,6.214999999999999858e+00,4.429178392098437334e-01,2.339919999999999902e+02,8.090999999999999304e+00,3.458000000000000185e+00,9.836000000000000298e+00,6.378000000000000114e+00,4.480810765907957682e-01,2.401639999999999873e+02
8.038999999999999702e+00,3.572999999999999954e+00,9.785999999999999588e+00,6.213000000000000078e+00,4.435799812393090846e-01,2.339269999999999925e+02,8.103999999999999204e+00,3.471000000000000085e+00,9.833999999999999631e+00,6.363000000000000433e+00,4.488010189954034224e-01,2.401659999999999968e+02
8.053000000000000824e+00,3.560000000000000053e+00,9.759999999999999787e+00,6.200000000000000178e+00,4.443524802736854018e-01,2.339399999999999977e+02,8.117000000000000881e+00,3.446000000000000174e+00,9.795999999999999375e+00,6.349999999999999645e+00,4.495209614000111320e-01,2.402040000000000077e+02
8.066000000000000725e+00,3.560000000000000053e+00,9.759000000000000341e+00,6.198999999999999844e+00,4.450698008056061528e-01,2.339399999999999977e+02,8.131000000000000227e+00,3.483000000000000096e+00,9.811999999999999389e+00,6.328999999999999737e+00,4.502962839895885416e-01,2.401879999999999882e+02
8.077999999999999403e+00,3.608999999999999986e+00,9.785000000000000142e+00,6.176000000000000156e+00,4.457319428350713930e-01,2.338909999999999911e+02,8.143000000000000682e+00,3.509999999999999787e+00,9.859999999999999432e+00,6.349999999999999645e+00,4.509608462092263848e-01,2.401399999999999864e+02
8.092000000000000526e+00,3.596999999999999975e+00,9.772999999999999687e+00,6.176000000000000156e+00,4.465044418694476547e-01,2.339029999999999916e+02,8.156000000000000583e+00,3.458000000000000185e+00,9.814000000000000057e+00,6.355999999999999872e+00,4.516807886138340389e-01,2.401860000000000070e+02
8.105000000000000426e+00,3.571000000000000174e+00,9.757999999999999119e+00,6.187000000000000277e+00,4.472217624013684056e-01,2.339290000000000020e+02,8.169000000000000483e+00,3.447000000000000064e+00,9.811999999999999389e+00,6.365000000000000213e+00,4.524007310184416375e-01,2.401879999999999882e+02
8.118000000000000327e+00,3.584000000000000075e+00,9.747999999999999332e+00,6.163999999999999702e+00,4.479390829332891566e-01,2.339159999999999968e+02,8.182999999999999829e+00,3.458000000000000185e+00,9.824999999999999289e+00,6.366999999999999993e+00,4.531760536080190471e-01,2.401750000000000114e+02
8.131000000000000227e+00,3.557999999999999829e+00,9.757999999999999119e+00,6.200000000000000178e+00,4.486564034652099076e-01,2.339420000000000073e+02,8.195999999999999730e+00,3.432999999999999829e+00,9.823000000000000398e+00,6.389999999999999680e+00,4.538959960126267013e-01,2.401769999999999925e+02
8.144000000000000128e+00,3.545999999999999819e+00,9.734999999999999432e+00,6.189000000000000057e+00,4.493737239971306585e-01,2.339540000000000077e+02,8.208000000000000185e+00,3.420999999999999819e+00,9.810000000000000497e+00,6.389000000000000234e+00,4.545605582322645444e-01,2.401899999999999977e+02
8.157000000000000028e+00,3.533999999999999808e+00,9.721999999999999531e+00,6.187999999999999723e+00,4.500910445290514650e-01,2.339660000000000082e+02,8.221999999999999531e+00,3.471999999999999975e+00,9.861000000000000654e+00,6.389000000000000234e+00,4.553358808218419540e-01,2.401390000000000100e+02
8.169999999999999929e+00,3.560000000000000053e+00,9.734999999999999432e+00,6.174999999999999822e+00,4.508083650609722159e-01,2.339399999999999977e+02,8.234999999999999432e+00,3.471000000000000085e+00,9.871999999999999886e+00,6.400999999999999801e+00,4.560558232264495526e-01,2.401279999999999859e+02
8.182999999999999829e+00,3.572999999999999954e+00,9.749000000000000554e+00,6.176000000000000156e+00,4.515256855928929669e-01,2.339269999999999925e+02,8.246999999999999886e+00,3.419999999999999929e+00,9.785999999999999588e+00,6.365999999999999659e+00,4.567203854460873957e-01,2.402139999999999986e+02
8.195999999999999730e+00,3.559000000000000163e+00,9.736000000000000654e+00,6.176999999999999602e+00,4.522430061248137179e-01,2.339410000000000025e+02,8.260999999999999233e+00,3.447000000000000064e+00,9.788000000000000256e+00,6.341000000000000192e+00,4.574957080356648054e-01,2.402119999999999891e+02
8.208999999999999631e+00,3.572000000000000064e+00,9.736000000000000654e+00,6.163999999999999702e+00,4.529603266567344688e-01,2.339279999999999973e+02,8.273999999999999133e+00,3.471999999999999975e+00,9.810999999999999943e+00,6.339000000000000412e+00,4.582156504402724595e-01,2.401889999999999930e+02
8.223000000000000753e+00,3.572000000000000064e+00,9.746999999999999886e+00,6.174999999999999822e+00,4.537328256911107305e-01,2.339279999999999973e+02,8.287000000000000810e+00,3.447000000000000064e+00,9.785999999999999588e+00,6.339000000000000412e+00,4.589355928448801691e-01,2.402139999999999986e+02
8.234999999999999432e+00,3.559000000000000163e+00,9.721999999999999531e+00,6.163000000000000256e+00,4.543949677205759707e-01,2.339410000000000025e+02,8.300000000000000711e+00,3.419999999999999929e+00,9.773999999999999133e+00,6.354000000000000092e+00,4.596555352494877678e-01,2.402259999999999991e+02
8.247999999999999332e+00,3.597999999999999865e+00,9.759999999999999787e+00,6.161999999999999922e+00,4.551122882524967217e-01,2.339019999999999868e+02,8.313000000000000611e+00,3.458000000000000185e+00,9.797000000000000597e+00,6.339000000000000412e+00,4.603754776540954219e-01,2.402030000000000030e+02
8.262000000000000455e+00,3.609999999999999876e+00,9.772000000000000242e+00,6.161999999999999922e+00,4.558847872868730389e-01,2.338899999999999864e+02,8.326000000000000512e+00,3.432999999999999829e+00,9.782999999999999474e+00,6.349999999999999645e+00,4.610954200587030205e-01,2.402170000000000130e+02
8.273999999999999133e+00,3.597999999999999865e+00,9.762999999999999901e+00,6.165000000000000036e+00,4.565469293163382791e-01,2.339019999999999868e+02,8.339000000000000412e+00,3.407999999999999918e+00,9.760999999999999233e+00,6.352999999999999758e+00,4.618153624633106746e-01,2.402390000000000043e+02
8.288000000000000256e+00,3.572999999999999954e+00,9.726000000000000867e+00,6.152999999999999581e+00,4.573194283507145408e-01,2.339269999999999925e+02,8.352999999999999758e+00,3.471999999999999975e+00,9.810999999999999943e+00,6.339000000000000412e+00,4.625906850528880843e-01,2.401889999999999930e+02
8.300000000000000711e+00,3.609999999999999876e+00,9.773999999999999133e+00,6.163999999999999702e+00,4.579815703801798921e-01,2.338899999999999864e+02,8.365000000000000213e+00,3.471000000000000085e+00,9.788000000000000256e+00,6.317000000000000171e+00,4.632552472725259274e-01,2.402119999999999891e+02
8.313000000000000611e+00,3.609999999999999876e+00,9.772000000000000242e+00,6.161999999999999922e+00,4.586988909121006430e-01,2.338899999999999864e+02,8.378999999999999559e+00,3.434000000000000163e+00,9.762999999999999901e+00,6.328999999999999737e+00,4.640305698621033370e-01,2.402369999999999948e+02
8.326999999999999957e+00,3.584000000000000075e+00,9.760999999999999233e+00,6.176999999999999602e+00,4.594713899464767937e-01,2.339159999999999968e+02,8.391999999999999460e+00,3.447000000000000064e+00,9.788999999999999702e+00,6.341999999999999638e+00,4.647505122667109356e-01,2.402110000000000127e+02
8.339000000000000412e+00,3.597999999999999865e+00,9.772999999999999687e+00,6.174999999999999822e+00,4.601335319759421449e-01,2.339019999999999868e+02,8.403999999999999915e+00,3.459000000000000075e+00,9.789999999999999147e+00,6.331000000000000405e+00,4.654150744863487787e-01,2.402100000000000080e+02
8.352000000000000313e+00,3.584000000000000075e+00,9.785000000000000142e+00,6.200999999999999623e+00,4.608508525078628959e-01,2.339159999999999968e+02,8.416999999999999815e+00,3.434000000000000163e+00,9.800000000000000711e+00,6.365999999999999659e+00,4.661350168909564329e-01,2.401999999999999886e+02
8.365999999999999659e+00,3.572999999999999954e+00,9.759999999999999787e+00,6.187000000000000277e+00,4.616233515422391021e-01,2.339269999999999925e+02,8.429999999999999716e+00,3.471000000000000085e+00,9.824999999999999289e+00,6.354000000000000092e+00,4.668549592955640315e-01,2.401750000000000114e+02
8.378999999999999559e+00,3.572999999999999954e+00,9.752000000000000668e+00,6.179000000000000270e+00,4.623406720741598530e-01,2.339269999999999925e+02,8.442999999999999616e+00,3.459000000000000075e+00,9.858000000000000540e+00,6.399000000000000021e+00,4.675749017001716856e-01,2.401419999999999959e+02
8.391999999999999460e+00,3.624000000000000110e+00,9.814000000000000057e+00,6.190000000000000391e+00,4.630579926060806040e-01,2.338760000000000048e+02,8.455999999999999517e+00,3.432999999999999829e+00,9.848000000000000753e+00,6.415000000000000036e+00,4.682948441047792842e-01,2.401519999999999868e+02
8.404999999999999361e+00,3.623000000000000220e+00,9.826000000000000512e+00,6.203000000000000291e+00,4.637753131380013549e-01,2.338770000000000095e+02,8.468999999999999417e+00,3.419999999999999929e+00,9.861000000000000654e+00,6.440999999999999837e+00,4.690147865093869384e-01,2.401390000000000100e+02
8.417999999999999261e+00,3.572999999999999954e+00,9.788999999999999702e+00,6.216000000000000192e+00,4.644926336699221059e-01,2.339269999999999925e+02,8.483000000000000540e+00,3.459000000000000075e+00,9.898999999999999133e+00,6.440000000000000391e+00,4.697901090989644590e-01,2.401009999999999991e+02
8.430999999999999162e+00,3.584999999999999964e+00,9.824999999999999289e+00,6.240000000000000213e+00,4.652099542018428568e-01,2.339149999999999920e+02,8.496000000000000441e+00,3.446000000000000174e+00,9.874000000000000554e+00,6.427999999999999936e+00,4.705100515035720576e-01,2.401260000000000048e+02
8.444000000000000838e+00,3.624000000000000110e+00,9.858999999999999986e+00,6.235000000000000320e+00,4.659272747337637188e-01,2.338760000000000048e+02,8.509000000000000341e+00,3.420999999999999819e+00,9.836999999999999744e+00,6.416000000000000369e+00,4.712299939081797118e-01,2.401630000000000109e+02
8.457000000000000739e+00,3.596999999999999975e+00,9.846999999999999531e+00,6.250000000000000000e+00,4.666445952656844698e-01,2.339029999999999916e+02,8.522000000000000242e+00,3.434000000000000163e+00,9.836999999999999744e+00,6.402999999999999581e+00,4.719499363127873104e-01,2.401630000000000109e+02
8.470000000000000639e+00,3.599000000000000199e+00,9.848000000000000753e+00,6.248999999999999666e+00,4.673619157976052207e-01,2.339010000000000105e+02,8.535000000000000142e+00,3.471999999999999975e+00,9.864000000000000767e+00,6.392000000000000348e+00,4.726698787173949645e-01,2.401359999999999957e+02
8.483000000000000540e+00,3.608999999999999986e+00,9.862000000000000099e+00,6.253000000000000114e+00,4.680792363295260272e-01,2.338909999999999911e+02,8.547000000000000597e+00,3.508999999999999897e+00,9.862999999999999545e+00,6.354000000000000092e+00,4.733344409370328076e-01,2.401370000000000005e+02
8.496000000000000441e+00,3.623000000000000220e+00,9.862000000000000099e+00,6.238999999999999879e+00,4.687965568614467782e-01,2.338770000000000095e+02,8.560999999999999943e+00,3.520999999999999908e+00,9.859999999999999432e+00,6.339000000000000412e+00,4.741097635266102173e-01,2.401399999999999864e+02
8.509000000000000341e+00,3.609999999999999876e+00,9.839000000000000412e+00,6.229000000000000092e+00,4.695138773933675291e-01,2.338899999999999864e+02,8.573999999999999844e+00,3.559000000000000163e+00,9.862000000000000099e+00,6.302999999999999936e+00,4.748297059312178159e-01,2.401380000000000052e+02
8.522000000000000242e+00,3.649000000000000021e+00,9.877000000000000668e+00,6.227999999999999758e+00,4.702311979252882801e-01,2.338509999999999991e+02,8.586999999999999744e+00,3.533999999999999808e+00,9.884999999999999787e+00,6.350999999999999979e+00,4.755496483358254700e-01,2.401150000000000091e+02
8.535000000000000142e+00,3.623000000000000220e+00,9.872999999999999332e+00,6.250000000000000000e+00,4.709485184572090311e-01,2.338770000000000095e+02,8.599999999999999645e+00,3.483000000000000096e+00,9.861000000000000654e+00,6.378000000000000114e+00,4.762695907404330686e-01,2.401390000000000100e+02
8.548999999999999488e+00,3.584999999999999964e+00,9.826000000000000512e+00,6.240999999999999659e+00,4.717210174915851817e-01,2.339149999999999920e+02,8.612999999999999545e+00,3.524000000000000021e+00,9.884999999999999787e+00,6.360999999999999766e+00,4.769895331450407228e-01,2.401150000000000091e+02
8.560999999999999943e+00,3.609999999999999876e+00,9.836999999999999744e+00,6.227000000000000313e+00,4.723831595210505330e-01,2.338899999999999864e+02,8.625999999999999446e+00,3.523000000000000131e+00,9.898999999999999133e+00,6.376000000000000334e+00,4.777094755496483214e-01,2.401009999999999991e+02
8.573999999999999844e+00,3.634999999999999787e+00,9.861000000000000654e+00,6.225999999999999979e+00,4.731004800529712839e-01,2.338650000000000091e+02,8.638999999999999346e+00,3.483999999999999986e+00,9.862999999999999545e+00,6.378999999999999559e+00,4.784294179542559755e-01,2.401370000000000005e+02
8.586999999999999744e+00,3.634999999999999787e+00,9.849999999999999645e+00,6.214999999999999858e+00,4.738178005848920904e-01,2.338650000000000091e+02,8.653000000000000469e+00,3.471999999999999975e+00,9.859999999999999432e+00,6.387999999999999901e+00,4.792047405438334406e-01,2.401399999999999864e+02
8.601000000000000867e+00,3.673000000000000043e+00,9.862000000000000099e+00,6.189000000000000057e+00,4.745902996192683521e-01,2.338269999999999982e+02,8.664999999999999147e+00,3.509999999999999787e+00,9.875999999999999446e+00,6.365999999999999659e+00,4.798693027634712283e-01,2.401239999999999952e+02
8.614000000000000767e+00,3.648000000000000131e+00,9.862000000000000099e+00,6.214000000000000412e+00,4.753076201511891030e-01,2.338520000000000039e+02,8.678000000000000824e+00,3.508999999999999897e+00,9.885999999999999233e+00,6.376999999999999780e+00,4.805892451680789379e-01,2.401140000000000043e+02
8.627000000000000668e+00,3.621999999999999886e+00,9.836000000000000298e+00,6.214000000000000412e+00,4.760249406831098540e-01,2.338779999999999859e+02,8.691000000000000725e+00,3.508999999999999897e+00,9.862000000000000099e+00,6.352999999999999758e+00,4.813091875726865365e-01,2.401380000000000052e+02
8.638999999999999346e+00,3.648000000000000131e+00,9.849999999999999645e+00,6.201999999999999957e+00,4.766870827125750942e-01,2.338520000000000039e+02,8.705000000000000071e+00,3.521999999999999797e+00,9.861000000000000654e+00,6.339000000000000412e+00,4.820845101622639461e-01,2.401390000000000100e+02
8.653000000000000469e+00,3.660000000000000142e+00,9.872999999999999332e+00,6.213000000000000078e+00,4.774595817469513559e-01,2.338400000000000034e+02,8.717000000000000526e+00,3.508999999999999897e+00,9.849000000000000199e+00,6.339999999999999858e+00,4.827490723819017893e-01,2.401510000000000105e+02
8.666000000000000369e+00,3.621999999999999886e+00,9.849999999999999645e+00,6.227999999999999758e+00,4.781769022788721069e-01,2.338779999999999859e+02,8.730000000000000426e+00,3.471000000000000085e+00,9.826000000000000512e+00,6.355000000000000426e+00,4.834690147865094434e-01,2.401740000000000066e+02
8.679000000000000270e+00,3.596999999999999975e+00,9.823000000000000398e+00,6.225999999999999979e+00,4.788942228107928578e-01,2.339029999999999916e+02,8.743000000000000327e+00,3.484999999999999876e+00,9.829000000000000625e+00,6.344000000000000306e+00,4.841889571911170420e-01,2.401709999999999923e+02
8.692000000000000171e+00,3.608999999999999986e+00,9.846000000000000085e+00,6.237000000000000099e+00,4.796115433427136643e-01,2.338909999999999911e+02,8.756999999999999673e+00,3.509999999999999787e+00,9.839999999999999858e+00,6.330000000000000071e+00,4.849642797806944516e-01,2.401599999999999966e+02
8.705000000000000071e+00,3.584000000000000075e+00,9.835000000000000853e+00,6.251000000000000334e+00,4.803288638746344152e-01,2.339159999999999968e+02,8.769999999999999574e+00,3.509999999999999787e+00,9.814999999999999503e+00,6.304999999999999716e+00,4.856842221853021058e-01,2.401850000000000023e+02
8.717999999999999972e+00,3.584000000000000075e+00,9.823999999999999844e+00,6.240000000000000213e+00,4.810461844065551662e-01,2.339159999999999968e+02,8.782000000000000028e+00,3.483999999999999986e+00,9.776999999999999247e+00,6.293000000000000149e+00,4.863487844049399489e-01,2.402230000000000132e+02
8.730999999999999872e+00,3.634999999999999787e+00,9.848000000000000753e+00,6.213000000000000078e+00,4.817635049384759172e-01,2.338650000000000091e+02,8.794999999999999929e+00,3.508999999999999897e+00,9.762999999999999901e+00,6.253999999999999559e+00,4.870687268095475475e-01,2.402369999999999948e+02
8.743999999999999773e+00,3.624000000000000110e+00,9.823000000000000398e+00,6.198999999999999844e+00,4.824808254703966681e-01,2.338760000000000048e+02,8.808999999999999275e+00,3.548000000000000043e+00,9.798999999999999488e+00,6.251000000000000334e+00,4.878440493991249571e-01,2.402009999999999934e+02
8.756999999999999673e+00,3.596999999999999975e+00,9.823000000000000398e+00,6.225999999999999979e+00,4.831981460023174191e-01,2.339029999999999916e+02,8.820999999999999730e+00,3.584999999999999964e+00,9.798999999999999488e+00,6.214000000000000412e+00,4.885086116187628003e-01,2.402009999999999934e+02
8.769999999999999574e+00,3.609999999999999876e+00,9.821999999999999176e+00,6.211999999999999744e+00,4.839154665342381700e-01,2.338899999999999864e+02,8.835000000000000853e+00,3.572999999999999954e+00,9.775999999999999801e+00,6.203000000000000291e+00,4.892839342083403209e-01,2.402239999999999895e+02
8.784000000000000696e+00,3.608999999999999986e+00,9.821999999999999176e+00,6.213000000000000078e+00,4.846879655686144872e-01,2.338909999999999911e+02,8.848000000000000753e+00,3.585999999999999854e+00,9.765000000000000568e+00,6.179000000000000270e+00,4.900038766129479750e-01,2.402350000000000136e+02
8.795999999999999375e+00,3.596999999999999975e+00,9.820999999999999730e+00,6.224000000000000199e+00,4.853501075980797275e-01,2.339029999999999916e+02,8.861000000000000654e+00,3.599000000000000199e+00,9.778000000000000469e+00,6.179000000000000270e+00,4.907238190175555737e-01,2.402220000000000084e+02
8.808999999999999275e+00,3.571000000000000174e+00,9.795999999999999375e+00,6.224999999999999645e+00,4.860674281300004784e-01,2.339290000000000020e+02,8.874000000000000554e+00,3.585999999999999854e+00,9.750999999999999446e+00,6.165000000000000036e+00,4.914437614221632278e-01,2.402489999999999952e+02
8.821999999999999176e+00,3.584000000000000075e+00,9.823000000000000398e+00,6.238999999999999879e+00,4.867847486619212294e-01,2.339159999999999968e+02,8.887000000000000455e+00,3.573999999999999844e+00,9.728999999999999204e+00,6.155000000000000249e+00,4.921637038267708264e-01,2.402710000000000150e+02
8.835000000000000853e+00,3.634999999999999787e+00,9.871000000000000441e+00,6.235999999999999766e+00,4.875020691938420914e-01,2.338650000000000091e+02,8.900000000000000355e+00,3.585999999999999854e+00,9.724999999999999645e+00,6.139000000000000234e+00,4.928836462313784250e-01,2.402750000000000057e+02
8.848000000000000753e+00,3.648000000000000131e+00,9.872999999999999332e+00,6.224999999999999645e+00,4.882193897257628423e-01,2.338520000000000039e+02,8.913000000000000256e+00,3.548999999999999932e+00,9.688000000000000611e+00,6.139000000000000234e+00,4.936035886359860791e-01,2.403120000000000118e+02
8.861000000000000654e+00,3.608999999999999986e+00,9.835000000000000853e+00,6.225999999999999979e+00,4.889367102576835933e-01,2.338909999999999911e+02,8.926999999999999602e+00,3.560000000000000053e+00,9.699999999999999289e+00,6.139999999999999680e+00,4.943789112255634888e-01,2.403000000000000114e+02
8.875000000000000000e+00,3.585999999999999854e+00,9.835000000000000853e+00,6.248999999999999666e+00,4.897092092920597439e-01,2.339139999999999873e+02,8.939000000000000057e+00,3.597999999999999865e+00,9.726000000000000867e+00,6.128000000000000114e+00,4.950434734452013319e-01,2.402740000000000009e+02
8.887999999999999901e+00,3.532999999999999918e+00,9.807999999999999829e+00,6.275000000000000355e+00,4.904265298239805504e-01,2.339670000000000130e+02,8.951999999999999957e+00,3.611000000000000210e+00,9.750000000000000000e+00,6.139000000000000234e+00,4.957634158498089305e-01,2.402500000000000000e+02
8.900999999999999801e+00,3.520000000000000018e+00,9.757999999999999119e+00,6.238000000000000433e+00,4.911438503559013014e-01,2.339799999999999898e+02,8.964999999999999858e+00,3.584999999999999964e+00,9.739000000000000767e+00,6.153999999999999915e+00,4.964833582544165846e-01,2.402609999999999957e+02
8.913999999999999702e+00,3.508000000000000007e+00,9.734999999999999432e+00,6.227000000000000313e+00,4.918611708878220523e-01,2.339919999999999902e+02,8.977999999999999758e+00,3.572999999999999954e+00,9.737999999999999545e+00,6.165000000000000036e+00,4.972033006590241833e-01,2.402620000000000005e+02
8.926999999999999602e+00,3.547000000000000153e+00,9.782000000000000028e+00,6.235000000000000320e+00,4.925784914197428033e-01,2.339530000000000030e+02,8.990999999999999659e+00,3.548999999999999932e+00,9.701000000000000512e+00,6.152000000000000135e+00,4.979232430636318374e-01,2.402990000000000066e+02
8.939999999999999503e+00,3.557999999999999829e+00,9.819000000000000838e+00,6.261000000000000121e+00,4.932958119516635542e-01,2.339420000000000073e+02,9.003999999999999559e+00,3.560000000000000053e+00,9.724999999999999645e+00,6.165000000000000036e+00,4.986431854682394360e-01,2.402750000000000057e+02
8.952999999999999403e+00,3.571000000000000174e+00,9.832000000000000739e+00,6.261000000000000121e+00,4.940131324835843052e-01,2.339290000000000020e+02,9.016999999999999460e+00,3.584999999999999964e+00,9.723000000000000753e+00,6.137999999999999901e+00,4.993631278728470901e-01,2.402769999999999868e+02
8.965999999999999304e+00,3.596999999999999975e+00,9.858000000000000540e+00,6.261000000000000121e+00,4.947304530155050561e-01,2.339029999999999916e+02,9.029999999999999361e+00,3.584999999999999964e+00,9.711999999999999744e+00,6.126999999999999780e+00,5.000830702774546888e-01,2.402880000000000109e+02
8.978999999999999204e+00,3.608999999999999986e+00,9.869999999999999218e+00,6.261000000000000121e+00,4.954477735474258071e-01,2.338909999999999911e+02,9.042999999999999261e+00,3.584999999999999964e+00,9.698999999999999844e+00,6.113999999999999879e+00,5.008030126820622874e-01,2.403009999999999877e+02
8.992000000000000881e+00,3.608999999999999986e+00,9.869999999999999218e+00,6.261000000000000121e+00,4.961650940793466691e-01,2.338909999999999911e+02,9.057000000000000384e+00,3.599000000000000199e+00,9.711000000000000298e+00,6.112000000000000099e+00,5.015783352716398635e-01,2.402889999999999873e+02
9.003999999999999559e+00,3.583000000000000185e+00,9.855999999999999872e+00,6.272999999999999687e+00,4.968272361088119093e-01,2.339170000000000016e+02,9.070000000000000284e+00,3.597999999999999865e+00,9.724999999999999645e+00,6.126999999999999780e+00,5.022982776762474622e-01,2.402750000000000057e+02
9.016999999999999460e+00,3.547000000000000153e+00,9.797000000000000597e+00,6.250000000000000000e+00,4.975445566407327158e-01,2.339530000000000030e+02,9.083000000000000185e+00,3.611000000000000210e+00,9.737000000000000099e+00,6.126000000000000334e+00,5.030182200808550608e-01,2.402630000000000052e+02
9.029999999999999361e+00,3.532999999999999918e+00,9.792999999999999261e+00,6.259999999999999787e+00,4.982618771726534668e-01,2.339670000000000130e+02,9.096000000000000085e+00,3.649999999999999911e+00,9.775999999999999801e+00,6.126000000000000334e+00,5.037381624854627704e-01,2.402239999999999895e+02
9.044000000000000483e+00,3.508000000000000007e+00,9.779999999999999361e+00,6.272000000000000242e+00,4.990343762070297284e-01,2.339919999999999902e+02,9.108999999999999986e+00,3.611000000000000210e+00,9.763999999999999346e+00,6.152999999999999581e+00,5.044581048900703690e-01,2.402359999999999900e+02
9.055999999999999162e+00,3.495999999999999996e+00,9.769999999999999574e+00,6.274000000000000021e+00,4.996965182364949687e-01,2.340039999999999907e+02,9.121999999999999886e+00,3.599000000000000199e+00,9.737999999999999545e+00,6.139000000000000234e+00,5.051780472946779676e-01,2.402620000000000005e+02
9.070000000000000284e+00,3.545999999999999819e+00,9.807000000000000384e+00,6.261000000000000121e+00,5.004690172708712304e-01,2.339540000000000077e+02,9.134999999999999787e+00,3.634999999999999787e+00,9.785000000000000142e+00,6.150000000000000355e+00,5.058979896992855663e-01,2.402150000000000034e+02
9.083000000000000185e+00,3.571000000000000174e+00,9.820000000000000284e+00,6.248999999999999666e+00,5.011863378027919813e-01,2.339290000000000020e+02,9.147999999999999687e+00,3.584999999999999964e+00,9.736000000000000654e+00,6.150999999999999801e+00,5.066179321038932759e-01,2.402640000000000100e+02
9.096000000000000085e+00,3.545999999999999819e+00,9.795999999999999375e+00,6.250000000000000000e+00,5.019036583347127323e-01,2.339540000000000077e+02,9.160999999999999588e+00,3.533999999999999808e+00,9.688000000000000611e+00,6.153999999999999915e+00,5.073378745085008745e-01,2.403120000000000118e+02
9.108999999999999986e+00,3.557999999999999829e+00,9.819000000000000838e+00,6.261000000000000121e+00,5.026209788666334832e-01,2.339420000000000073e+02,9.173999999999999488e+00,3.559000000000000163e+00,9.710000000000000853e+00,6.150999999999999801e+00,5.080578169131084731e-01,2.402899999999999920e+02
9.121999999999999886e+00,3.584000000000000075e+00,9.843999999999999417e+00,6.259999999999999787e+00,5.033382993985542342e-01,2.339159999999999968e+02,9.186999999999999389e+00,3.559000000000000163e+00,9.698999999999999844e+00,6.139999999999999680e+00,5.087777593177160718e-01,2.403009999999999877e+02
9.135999999999999233e+00,3.545999999999999819e+00,9.819000000000000838e+00,6.272999999999999687e+00,5.041107984329303848e-01,2.339540000000000077e+02,9.199999999999999289e+00,3.572999999999999954e+00,9.711000000000000298e+00,6.137999999999999901e+00,5.094977017223237814e-01,2.402889999999999873e+02
9.147999999999999687e+00,3.520999999999999908e+00,9.808999999999999275e+00,6.288000000000000256e+00,5.047729404623957361e-01,2.339790000000000134e+02,9.214000000000000412e+00,3.636000000000000121e+00,9.775999999999999801e+00,6.139999999999999680e+00,5.102730243119012465e-01,2.402239999999999895e+02
9.160999999999999588e+00,3.532999999999999918e+00,9.798000000000000043e+00,6.264999999999999680e+00,5.054902609943165981e-01,2.339670000000000130e+02,9.227000000000000313e+00,3.661000000000000032e+00,9.813000000000000611e+00,6.152000000000000135e+00,5.109929667165088452e-01,2.401870000000000118e+02
9.173999999999999488e+00,3.545999999999999819e+00,9.820000000000000284e+00,6.274000000000000021e+00,5.062075815262373490e-01,2.339540000000000077e+02,9.239000000000000767e+00,3.636000000000000121e+00,9.788000000000000256e+00,6.152000000000000135e+00,5.116575289361466883e-01,2.402119999999999891e+02
9.186999999999999389e+00,3.520999999999999908e+00,9.795999999999999375e+00,6.275000000000000355e+00,5.069249020581581000e-01,2.339790000000000134e+02,9.252000000000000668e+00,3.609999999999999876e+00,9.772999999999999687e+00,6.163000000000000256e+00,5.123774713407542869e-01,2.402270000000000039e+02
9.201000000000000512e+00,3.532999999999999918e+00,9.833000000000000185e+00,6.299999999999999822e+00,5.076974010925343617e-01,2.339670000000000130e+02,9.265000000000000568e+00,3.596999999999999975e+00,9.760999999999999233e+00,6.163999999999999702e+00,5.130974137453619965e-01,2.402390000000000043e+02
9.214000000000000412e+00,3.521999999999999797e+00,9.832000000000000739e+00,6.309999999999999609e+00,5.084147216244551126e-01,2.339780000000000086e+02,9.278000000000000469e+00,3.545999999999999819e+00,9.762000000000000455e+00,6.216000000000000192e+00,5.138173561499695952e-01,2.402379999999999995e+02
9.226000000000000867e+00,3.495999999999999996e+00,9.808999999999999275e+00,6.312999999999999723e+00,5.090768636539204639e-01,2.340039999999999907e+02,9.291000000000000369e+00,3.533999999999999808e+00,9.724000000000000199e+00,6.190000000000000391e+00,5.145372985545771938e-01,2.402760000000000105e+02
9.239000000000000767e+00,3.545999999999999819e+00,9.868999999999999773e+00,6.323000000000000398e+00,5.097941841858412149e-01,2.339540000000000077e+02,9.304000000000000270e+00,3.584999999999999964e+00,9.750999999999999446e+00,6.166000000000000369e+00,5.152572409591847924e-01,2.402489999999999952e+02
9.252000000000000668e+00,3.571000000000000174e+00,9.904999999999999361e+00,6.333999999999999631e+00,5.105115047177619658e-01,2.339290000000000020e+02,9.317000000000000171e+00,3.596999999999999975e+00,9.772999999999999687e+00,6.176000000000000156e+00,5.159771833637925020e-01,2.402270000000000039e+02
9.266000000000000014e+00,3.571000000000000174e+00,9.884000000000000341e+00,6.312999999999999723e+00,5.112840037521381165e-01,2.339290000000000020e+02,9.330000000000000071e+00,3.560000000000000053e+00,9.773999999999999133e+00,6.214000000000000412e+00,5.166971257684001007e-01,2.402259999999999991e+02
9.278999999999999915e+00,3.584000000000000075e+00,9.907000000000000028e+00,6.323000000000000398e+00,5.120013242840588674e-01,2.339159999999999968e+02,9.342999999999999972e+00,3.559000000000000163e+00,9.798000000000000043e+00,6.238999999999999879e+00,5.174170681730076993e-01,2.402019999999999982e+02
9.291999999999999815e+00,3.559000000000000163e+00,9.872999999999999332e+00,6.314000000000000057e+00,5.127186448159796184e-01,2.339410000000000025e+02,9.356999999999999318e+00,3.572999999999999954e+00,9.823999999999999844e+00,6.251000000000000334e+00,5.181923907625851644e-01,2.401759999999999877e+02
9.304999999999999716e+00,3.572000000000000064e+00,9.856999999999999318e+00,6.285000000000000142e+00,5.134359653479003693e-01,2.339279999999999973e+02,9.369999999999999218e+00,3.559000000000000163e+00,9.833999999999999631e+00,6.275000000000000355e+00,5.189123331671927630e-01,2.401659999999999968e+02
9.317999999999999616e+00,3.545999999999999819e+00,9.833000000000000185e+00,6.286999999999999922e+00,5.141532858798211203e-01,2.339540000000000077e+02,9.382999999999999119e+00,3.559000000000000163e+00,9.810999999999999943e+00,6.251999999999999780e+00,5.196322755718003616e-01,2.401889999999999930e+02
9.330999999999999517e+00,3.545999999999999819e+00,9.843999999999999417e+00,6.298000000000000043e+00,5.148706064117418713e-01,2.339540000000000077e+02,9.396000000000000796e+00,3.533999999999999808e+00,9.797000000000000597e+00,6.262999999999999901e+00,5.203522179764080713e-01,2.402030000000000030e+02
9.343999999999999417e+00,3.571000000000000174e+00,9.843999999999999417e+00,6.272999999999999687e+00,5.155879269436626222e-01,2.339290000000000020e+02,9.409000000000000696e+00,3.533999999999999808e+00,9.810000000000000497e+00,6.275999999999999801e+00,5.210721603810157809e-01,2.401899999999999977e+02
9.356999999999999318e+00,3.557999999999999829e+00,9.832000000000000739e+00,6.274000000000000021e+00,5.163052474755833732e-01,2.339420000000000073e+02,9.420999999999999375e+00,3.523000000000000131e+00,9.773999999999999133e+00,6.251000000000000334e+00,5.217367226006535130e-01,2.402259999999999991e+02
9.369999999999999218e+00,3.545999999999999819e+00,9.833000000000000185e+00,6.286999999999999922e+00,5.170225680075042352e-01,2.339540000000000077e+02,9.435000000000000497e+00,3.508999999999999897e+00,9.773999999999999133e+00,6.264999999999999680e+00,5.225120451902309782e-01,2.402259999999999991e+02
9.382999999999999119e+00,3.572000000000000064e+00,9.856999999999999318e+00,6.285000000000000142e+00,5.177398885394249861e-01,2.339279999999999973e+02,9.448000000000000398e+00,3.521999999999999797e+00,9.810000000000000497e+00,6.288000000000000256e+00,5.232319875948385768e-01,2.401899999999999977e+02
9.396000000000000796e+00,3.584000000000000075e+00,9.871999999999999886e+00,6.288000000000000256e+00,5.184572090713458481e-01,2.339159999999999968e+02,9.460000000000000853e+00,3.548000000000000043e+00,9.823000000000000398e+00,6.275000000000000355e+00,5.238965498144764199e-01,2.401769999999999925e+02
9.410000000000000142e+00,3.559000000000000163e+00,9.859999999999999432e+00,6.301000000000000156e+00,5.192297081057219987e-01,2.339410000000000025e+02,9.474000000000000199e+00,3.521999999999999797e+00,9.787000000000000810e+00,6.264999999999999680e+00,5.246718724040538850e-01,2.402129999999999939e+02
9.423000000000000043e+00,3.520999999999999908e+00,9.833000000000000185e+00,6.312000000000000277e+00,5.199470286376427497e-01,2.339790000000000134e+02,9.487000000000000099e+00,3.533999999999999808e+00,9.810000000000000497e+00,6.275999999999999801e+00,5.253918148086614837e-01,2.401899999999999977e+02
9.435000000000000497e+00,3.545999999999999819e+00,9.856999999999999318e+00,6.310999999999999943e+00,5.206091706671081010e-01,2.339540000000000077e+02,9.500000000000000000e+00,3.559000000000000163e+00,9.833999999999999631e+00,6.275000000000000355e+00,5.261117572132690823e-01,2.401659999999999968e+02
9.448000000000000398e+00,3.572000000000000064e+00,9.869999999999999218e+00,6.298000000000000043e+00,5.213264911990288519e-01,2.339279999999999973e+02,9.512999999999999901e+00,3.521999999999999797e+00,9.798000000000000043e+00,6.275999999999999801e+00,5.268316996178767919e-01,2.402019999999999982e+02
9.461999999999999744e+00,3.545999999999999819e+00,9.832000000000000739e+00,6.285999999999999588e+00,5.220989902334050026e-01,2.339540000000000077e+02,9.525999999999999801e+00,3.484999999999999876e+00,9.785999999999999588e+00,6.301000000000000156e+00,5.275516420224843905e-01,2.402139999999999986e+02
9.474999999999999645e+00,3.584000000000000075e+00,9.845000000000000639e+00,6.261000000000000121e+00,5.228163107653257535e-01,2.339159999999999968e+02,9.538999999999999702e+00,3.508999999999999897e+00,9.813000000000000611e+00,6.304000000000000270e+00,5.282715844270919892e-01,2.401870000000000118e+02
9.487999999999999545e+00,3.583000000000000185e+00,9.869999999999999218e+00,6.286999999999999922e+00,5.235336312972465045e-01,2.339170000000000016e+02,9.553000000000000824e+00,3.548000000000000043e+00,9.836999999999999744e+00,6.288999999999999702e+00,5.290469070166694543e-01,2.401630000000000109e+02
9.500000000000000000e+00,3.545999999999999819e+00,9.833000000000000185e+00,6.286999999999999922e+00,5.241957733267118558e-01,2.339540000000000077e+02,9.564999999999999503e+00,3.521999999999999797e+00,9.811999999999999389e+00,6.290000000000000036e+00,5.297114692363072974e-01,2.401879999999999882e+02
9.512999999999999901e+00,3.532999999999999918e+00,9.820999999999999730e+00,6.288000000000000256e+00,5.249130938586326067e-01,2.339670000000000130e+02,9.577999999999999403e+00,3.559000000000000163e+00,9.835000000000000853e+00,6.275999999999999801e+00,5.304314116409148960e-01,2.401649999999999920e+02
9.526999999999999247e+00,3.545999999999999819e+00,9.808999999999999275e+00,6.262999999999999901e+00,5.256855928930087574e-01,2.339540000000000077e+02,9.590999999999999304e+00,3.572999999999999954e+00,9.823999999999999844e+00,6.251000000000000334e+00,5.311513540455224947e-01,2.401759999999999877e+02
9.539999999999999147e+00,3.545999999999999819e+00,9.794999999999999929e+00,6.248999999999999666e+00,5.264029134249295083e-01,2.339540000000000077e+02,9.603999999999999204e+00,3.560000000000000053e+00,9.798999999999999488e+00,6.238999999999999879e+00,5.318712964501300933e-01,2.402009999999999934e+02
9.553000000000000824e+00,3.532999999999999918e+00,9.772000000000000242e+00,6.238999999999999879e+00,5.271202339568503703e-01,2.339670000000000130e+02,9.617000000000000881e+00,3.572000000000000064e+00,9.810999999999999943e+00,6.238999999999999879e+00,5.325912388547378029e-01,2.401889999999999930e+02
9.566000000000000725e+00,3.532000000000000028e+00,9.782000000000000028e+00,6.250000000000000000e+00,5.278375544887711213e-01,2.339679999999999893e+02,9.630000000000000782e+00,3.634999999999999787e+00,9.836999999999999744e+00,6.201999999999999957e+00,5.333111812593455126e-01,2.401630000000000109e+02
9.579000000000000625e+00,3.596000000000000085e+00,9.830000000000000071e+00,6.233999999999999986e+00,5.285548750206918722e-01,2.339039999999999964e+02,9.644000000000000128e+00,3.636000000000000121e+00,9.836000000000000298e+00,6.200000000000000178e+00,5.340865038489228667e-01,2.401639999999999873e+02
9.592000000000000526e+00,3.595000000000000195e+00,9.819000000000000838e+00,6.224000000000000199e+00,5.292721955526127342e-01,2.339050000000000011e+02,9.657000000000000028e+00,3.636000000000000121e+00,9.836999999999999744e+00,6.200999999999999623e+00,5.348064462535304653e-01,2.401630000000000109e+02
9.605000000000000426e+00,3.608000000000000096e+00,9.843999999999999417e+00,6.235999999999999766e+00,5.299895160845334852e-01,2.338919999999999959e+02,9.669000000000000483e+00,3.599000000000000199e+00,9.801999999999999602e+00,6.203000000000000291e+00,5.354710084731683084e-01,2.401980000000000075e+02
9.618000000000000327e+00,3.633000000000000007e+00,9.869999999999999218e+00,6.237000000000000099e+00,5.307068366164542361e-01,2.338669999999999902e+02,9.682999999999999829e+00,3.636000000000000121e+00,9.801000000000000156e+00,6.165000000000000036e+00,5.362463310627457735e-01,2.401990000000000123e+02
9.631000000000000227e+00,3.608999999999999986e+00,9.845000000000000639e+00,6.235999999999999766e+00,5.314241571483749871e-01,2.338909999999999911e+02,9.695999999999999730e+00,3.609999999999999876e+00,9.798999999999999488e+00,6.189000000000000057e+00,5.369662734673533722e-01,2.402009999999999934e+02
9.644000000000000128e+00,3.572000000000000064e+00,9.782999999999999474e+00,6.211000000000000298e+00,5.321414776802957380e-01,2.339279999999999973e+02,9.708999999999999631e+00,3.609999999999999876e+00,9.798999999999999488e+00,6.189000000000000057e+00,5.376862158719609708e-01,2.402009999999999934e+02
9.657000000000000028e+00,3.571000000000000174e+00,9.794000000000000483e+00,6.222999999999999865e+00,5.328587982122164890e-01,2.339290000000000020e+02,9.721999999999999531e+00,3.634999999999999787e+00,9.823000000000000398e+00,6.187999999999999723e+00,5.384061582765686804e-01,2.401769999999999925e+02
9.669999999999999929e+00,3.571000000000000174e+00,9.782999999999999474e+00,6.211999999999999744e+00,5.335761187441372400e-01,2.339290000000000020e+02,9.734999999999999432e+00,3.673000000000000043e+00,9.859999999999999432e+00,6.187000000000000277e+00,5.391261006811762790e-01,2.401399999999999864e+02
9.682999999999999829e+00,3.557999999999999829e+00,9.792999999999999261e+00,6.235000000000000320e+00,5.342934392760579909e-01,2.339420000000000073e+02,9.747999999999999332e+00,3.648000000000000131e+00,9.848000000000000753e+00,6.200000000000000178e+00,5.398460430857838777e-01,2.401519999999999868e+02
9.695999999999999730e+00,3.557999999999999829e+00,9.792999999999999261e+00,6.235000000000000320e+00,5.350107598079787419e-01,2.339420000000000073e+02,9.760999999999999233e+00,3.648000000000000131e+00,9.826000000000000512e+00,6.177999999999999936e+00,5.405659854903914763e-01,2.401740000000000066e+02
9.710000000000000853e+00,3.583000000000000185e+00,9.807000000000000384e+00,6.224000000000000199e+00,5.357832588423550035e-01,2.339170000000000016e+02,9.773999999999999133e+00,3.660000000000000142e+00,9.851000000000000867e+00,6.190999999999999837e+00,5.412859278949991859e-01,2.401490000000000009e+02
9.721999999999999531e+00,3.569999999999999840e+00,9.805999999999999162e+00,6.235999999999999766e+00,5.364454008718202438e-01,2.339300000000000068e+02,9.787000000000000810e+00,3.649000000000000021e+00,9.862000000000000099e+00,6.213000000000000078e+00,5.420058702996068956e-01,2.401380000000000052e+02
9.734999999999999432e+00,3.583000000000000185e+00,9.794999999999999929e+00,6.211999999999999744e+00,5.371627214037409948e-01,2.339170000000000016e+02,9.800000000000000711e+00,3.599000000000000199e+00,9.801000000000000156e+00,6.201999999999999957e+00,5.427258127042144942e-01,2.401990000000000123e+02
9.749000000000000554e+00,3.596000000000000085e+00,9.820000000000000284e+00,6.224000000000000199e+00,5.379352204381172564e-01,2.339039999999999964e+02,9.813000000000000611e+00,3.585999999999999854e+00,9.798999999999999488e+00,6.213000000000000078e+00,5.434457551088220928e-01,2.402009999999999934e+02
9.760999999999999233e+00,3.620999999999999996e+00,9.843999999999999417e+00,6.222999999999999865e+00,5.385973624675824967e-01,2.338789999999999907e+02,9.826000000000000512e+00,3.634999999999999787e+00,9.849000000000000199e+00,6.214000000000000412e+00,5.441656975134296914e-01,2.401510000000000105e+02
9.773999999999999133e+00,3.557999999999999829e+00,9.795999999999999375e+00,6.238000000000000433e+00,5.393146829995032476e-01,2.339420000000000073e+02,9.839000000000000412e+00,3.634999999999999787e+00,9.836000000000000298e+00,6.200999999999999623e+00,5.448856399180374011e-01,2.401639999999999873e+02
9.788000000000000256e+00,3.545999999999999819e+00,9.794000000000000483e+00,6.248000000000000220e+00,5.400871820338795093e-01,2.339540000000000077e+02,9.852999999999999758e+00,3.648000000000000131e+00,9.836000000000000298e+00,6.187999999999999723e+00,5.456609625076147552e-01,2.401639999999999873e+02
9.801000000000000156e+00,3.532000000000000028e+00,9.792999999999999261e+00,6.261000000000000121e+00,5.408045025658003713e-01,2.339679999999999893e+02,9.865000000000000213e+00,3.697999999999999954e+00,9.884999999999999787e+00,6.187000000000000277e+00,5.463255247272525983e-01,2.401150000000000091e+02
9.814000000000000057e+00,3.556999999999999940e+00,9.804999999999999716e+00,6.248000000000000220e+00,5.415218230977211222e-01,2.339430000000000121e+02,9.878000000000000114e+00,3.673000000000000043e+00,9.875000000000000000e+00,6.201999999999999957e+00,5.470454671318601969e-01,2.401250000000000000e+02
9.826000000000000512e+00,3.544000000000000039e+00,9.804999999999999716e+00,6.261000000000000121e+00,5.421839651271864735e-01,2.339559999999999889e+02,9.891000000000000014e+00,3.621999999999999886e+00,9.836999999999999744e+00,6.214999999999999858e+00,5.477654095364679065e-01,2.401630000000000109e+02
9.839999999999999858e+00,3.544000000000000039e+00,9.778999999999999915e+00,6.235000000000000320e+00,5.429564641615626241e-01,2.339559999999999889e+02,9.903999999999999915e+00,3.634999999999999787e+00,9.862000000000000099e+00,6.227000000000000313e+00,5.484853519410755052e-01,2.401380000000000052e+02
9.852999999999999758e+00,3.569999999999999840e+00,9.792999999999999261e+00,6.222999999999999865e+00,5.436737846934833751e-01,2.339300000000000068e+02,9.917999999999999261e+00,3.648000000000000131e+00,9.897000000000000242e+00,6.248999999999999666e+00,5.492606745306528593e-01,2.401030000000000086e+02
9.865999999999999659e+00,3.620999999999999996e+00,9.840999999999999304e+00,6.219999999999999751e+00,5.443911052254041261e-01,2.338789999999999907e+02,9.930999999999999162e+00,3.634999999999999787e+00,9.872999999999999332e+00,6.238000000000000433e+00,5.499806169352605689e-01,2.401270000000000095e+02
9.878999999999999559e+00,3.620000000000000107e+00,9.807000000000000384e+00,6.187000000000000277e+00,5.451084257573248770e-01,2.338799999999999955e+02,9.944000000000000838e+00,3.596999999999999975e+00,9.830999999999999517e+00,6.233999999999999986e+00,5.507005593398682786e-01,2.401690000000000111e+02
9.891999999999999460e+00,3.670999999999999819e+00,9.846000000000000085e+00,6.174999999999999822e+00,5.458257462892456280e-01,2.338290000000000077e+02,9.957000000000000739e+00,3.609999999999999876e+00,9.852999999999999758e+00,6.243000000000000327e+00,5.514205017444758772e-01,2.401469999999999914e+02
9.904999999999999361e+00,3.697000000000000064e+00,9.842999999999999972e+00,6.145999999999999908e+00,5.465430668211663789e-01,2.338029999999999973e+02,9.970000000000000639e+00,3.660000000000000142e+00,9.884000000000000341e+00,6.224000000000000199e+00,5.521404441490834758e-01,2.401159999999999854e+02
9.917999999999999261e+00,3.633999999999999897e+00,9.781000000000000583e+00,6.147000000000000242e+00,5.472603873530871299e-01,2.338660000000000139e+02,9.981999999999999318e+00,3.660000000000000142e+00,9.894000000000000128e+00,6.233999999999999986e+00,5.528050063687212079e-01,2.401059999999999945e+02
9.930999999999999162e+00,3.607000000000000206e+00,9.756999999999999673e+00,6.150000000000000355e+00,5.479777078850078809e-01,2.338930000000000007e+02,9.994999999999999218e+00,3.685000000000000053e+00,9.909000000000000696e+00,6.224000000000000199e+00,5.535249487733289175e-01,2.400910000000000082e+02
9.944000000000000838e+00,3.633000000000000007e+00,9.769000000000000128e+00,6.136000000000000121e+00,5.486950284169287428e-01,2.338669999999999902e+02,1.000900000000000034e+01,3.722999999999999865e+00,9.948000000000000398e+00,6.224999999999999645e+00,5.543002713629063827e-01,2.400519999999999925e+02
9.957000000000000739e+00,3.620999999999999996e+00,9.779999999999999361e+00,6.158999999999999808e+00,5.494123489488494938e-01,2.338789999999999907e+02,1.002200000000000024e+01,3.710999999999999854e+00,9.912000000000000810e+00,6.200999999999999623e+00,5.550202137675139813e-01,2.400879999999999939e+02
9.970000000000000639e+00,3.633000000000000007e+00,9.792999999999999261e+00,6.160000000000000142e+00,5.501296694807702448e-01,2.338669999999999902e+02,1.003500000000000014e+01,3.685000000000000053e+00,9.874000000000000554e+00,6.189000000000000057e+00,5.557401561721216909e-01,2.401260000000000048e+02
9.983000000000000540e+00,3.620999999999999996e+00,9.801999999999999602e+00,6.181000000000000050e+00,5.508469900126909957e-01,2.338789999999999907e+02,1.004800000000000004e+01,3.685000000000000053e+00,9.871999999999999886e+00,6.187000000000000277e+00,5.564600985767292896e-01,2.401279999999999859e+02
9.996000000000000441e+00,3.620000000000000107e+00,9.816000000000000725e+00,6.195999999999999730e+00,5.515643105446117467e-01,2.338799999999999955e+02,1.006099999999999994e+01,3.685000000000000053e+00,9.861000000000000654e+00,6.176000000000000156e+00,5.571800409813368882e-01,2.401390000000000100e+02
1.000900000000000034e+01,3.672000000000000153e+00,9.840999999999999304e+00,6.168999999999999595e+00,5.522816310765324976e-01,2.338280000000000030e+02,1.007399999999999984e+01,3.660000000000000142e+00,9.846000000000000085e+00,6.185999999999999943e+00,5.578999833859444868e-01,2.401539999999999964e+02
1.002200000000000024e+01,3.682999999999999829e+00,9.853999999999999204e+00,6.171000000000000263e+00,5.529989516084533596e-01,2.338170000000000073e+02,1.008699999999999974e+01,3.634999999999999787e+00,9.830999999999999517e+00,6.195999999999999730e+00,5.586199257905521964e-01,2.401690000000000111e+02
1.003599999999999959e+01,3.670999999999999819e+00,9.853999999999999204e+00,6.182999999999999829e+00,5.537714506428295103e-01,2.338290000000000077e+02,1.010100000000000087e+01,3.658999999999999808e+00,9.868000000000000327e+00,6.208999999999999631e+00,5.593952483801296616e-01,2.401320000000000050e+02
1.004800000000000004e+01,3.657000000000000028e+00,9.852999999999999758e+00,6.195999999999999730e+00,5.544335926722948615e-01,2.338429999999999893e+02,1.011299999999999955e+01,3.709999999999999964e+00,9.906000000000000583e+00,6.195999999999999730e+00,5.600598105997673937e-01,2.400939999999999941e+02
1.006099999999999994e+01,3.632000000000000117e+00,9.827999999999999403e+00,6.195999999999999730e+00,5.551509132042156125e-01,2.338679999999999950e+02,1.012599999999999945e+01,3.697999999999999954e+00,9.881999999999999673e+00,6.184000000000000163e+00,5.607797530043749923e-01,2.401179999999999950e+02
1.007399999999999984e+01,3.620000000000000107e+00,9.817999999999999616e+00,6.198000000000000398e+00,5.558682337361363635e-01,2.338799999999999955e+02,1.014000000000000057e+01,3.710999999999999854e+00,9.907999999999999474e+00,6.197000000000000064e+00,5.615550755939525684e-01,2.400920000000000130e+02
1.008799999999999919e+01,3.620000000000000107e+00,9.852000000000000313e+00,6.232000000000000206e+00,5.566407327705125141e-01,2.338799999999999955e+02,1.015199999999999925e+01,3.722999999999999865e+00,9.935000000000000497e+00,6.211999999999999744e+00,5.622196378135903005e-01,2.400649999999999977e+02
1.010100000000000087e+01,3.633000000000000007e+00,9.865000000000000213e+00,6.232000000000000206e+00,5.573580533024333761e-01,2.338669999999999902e+02,1.016499999999999915e+01,3.697000000000000064e+00,9.922000000000000597e+00,6.224999999999999645e+00,5.629395802181978992e-01,2.400780000000000030e+02
1.011400000000000077e+01,3.645000000000000018e+00,9.887999999999999901e+00,6.243000000000000327e+00,5.580753738343541270e-01,2.338549999999999898e+02,1.017900000000000027e+01,3.685000000000000053e+00,9.896000000000000796e+00,6.211000000000000298e+00,5.637149028077753643e-01,2.401039999999999850e+02
1.012700000000000067e+01,3.632000000000000117e+00,9.878000000000000114e+00,6.246000000000000441e+00,5.587926943662748780e-01,2.338679999999999950e+02,1.019200000000000017e+01,3.684000000000000163e+00,9.881999999999999673e+00,6.198000000000000398e+00,5.644348452123830739e-01,2.401179999999999950e+02
1.013899999999999935e+01,3.657000000000000028e+00,9.916000000000000369e+00,6.259000000000000341e+00,5.594548363957401182e-01,2.338429999999999893e+02,1.020500000000000007e+01,3.709000000000000075e+00,9.858000000000000540e+00,6.149000000000000021e+00,5.651547876169906726e-01,2.401419999999999959e+02
1.015199999999999925e+01,3.669999999999999929e+00,9.926999999999999602e+00,6.256999999999999673e+00,5.601721569276608692e-01,2.338300000000000125e+02,1.021700000000000053e+01,3.709000000000000075e+00,9.893000000000000682e+00,6.184000000000000163e+00,5.658193498366285157e-01,2.401069999999999993e+02
1.016600000000000037e+01,3.658999999999999808e+00,9.901999999999999247e+00,6.243000000000000327e+00,5.609446559620371309e-01,2.338410000000000082e+02,1.023000000000000043e+01,3.709999999999999964e+00,9.867000000000000881e+00,6.157000000000000028e+00,5.665392922412361143e-01,2.401330000000000098e+02
1.017900000000000027e+01,3.645999999999999908e+00,9.900999999999999801e+00,6.254999999999999893e+00,5.616619764939578818e-01,2.338540000000000134e+02,1.024399999999999977e+01,3.697999999999999954e+00,9.871000000000000441e+00,6.173000000000000043e+00,5.673146148308135794e-01,2.401289999999999907e+02
1.019200000000000017e+01,3.632000000000000117e+00,9.913000000000000256e+00,6.280999999999999694e+00,5.623792970258786328e-01,2.338679999999999950e+02,1.025699999999999967e+01,3.733999999999999986e+00,9.916999999999999815e+00,6.182999999999999829e+00,5.680345572354211781e-01,2.400829999999999984e+02
1.020500000000000007e+01,3.580999999999999961e+00,9.877000000000000668e+00,6.296000000000000263e+00,5.630966175577993837e-01,2.339190000000000111e+02,1.026999999999999957e+01,3.721999999999999975e+00,9.919000000000000483e+00,6.197000000000000064e+00,5.687544996400287767e-01,2.400809999999999889e+02
1.021799999999999997e+01,3.581999999999999851e+00,9.888999999999999346e+00,6.307000000000000384e+00,5.638139380897201347e-01,2.339180000000000064e+02,1.028200000000000003e+01,3.761000000000000121e+00,9.932999999999999829e+00,6.171999999999999709e+00,5.694190618596666198e-01,2.400670000000000073e+02
1.023099999999999987e+01,3.607000000000000206e+00,9.913999999999999702e+00,6.307000000000000384e+00,5.645312586216409967e-01,2.338930000000000007e+02,1.029499999999999993e+01,3.783999999999999808e+00,9.967000000000000526e+00,6.182999999999999829e+00,5.701390042642742184e-01,2.400329999999999870e+02
1.024399999999999977e+01,3.607000000000000206e+00,9.914999999999999147e+00,6.307999999999999829e+00,5.652485791535617476e-01,2.338930000000000007e+02,1.030899999999999928e+01,3.759999999999999787e+00,9.942000000000000171e+00,6.182000000000000384e+00,5.709143268538516836e-01,2.400579999999999927e+02
1.025699999999999967e+01,3.580999999999999961e+00,9.891000000000000014e+00,6.309999999999999609e+00,5.659658996854824986e-01,2.339190000000000111e+02,1.032199999999999918e+01,3.721999999999999975e+00,9.942999999999999616e+00,6.221000000000000085e+00,5.716342692584592822e-01,2.400569999999999879e+02
1.026999999999999957e+01,3.580999999999999961e+00,9.875000000000000000e+00,6.293999999999999595e+00,5.666832202174032496e-01,2.339190000000000111e+02,1.033500000000000085e+01,3.721000000000000085e+00,9.952999999999999403e+00,6.232000000000000206e+00,5.723542116630669918e-01,2.400469999999999970e+02
1.028400000000000070e+01,3.607000000000000206e+00,9.890000000000000568e+00,6.283000000000000362e+00,5.674557192517795112e-01,2.338930000000000007e+02,1.034800000000000075e+01,3.697999999999999954e+00,9.941000000000000725e+00,6.243000000000000327e+00,5.730741540676747015e-01,2.400589999999999975e+02
1.029599999999999937e+01,3.657999999999999918e+00,9.914999999999999147e+00,6.256999999999999673e+00,5.681178612812447515e-01,2.338420000000000130e+02,1.036100000000000065e+01,3.721999999999999975e+00,9.952999999999999403e+00,6.230999999999999872e+00,5.737940964722823001e-01,2.400469999999999970e+02
1.030899999999999928e+01,3.619000000000000217e+00,9.888999999999999346e+00,6.269999999999999574e+00,5.688351818131655024e-01,2.338810000000000002e+02,1.037400000000000055e+01,3.682999999999999829e+00,9.929999999999999716e+00,6.246999999999999886e+00,5.745140388768898987e-01,2.400699999999999932e+02
1.032199999999999918e+01,3.632000000000000117e+00,9.888999999999999346e+00,6.256999999999999673e+00,5.695525023450862534e-01,2.338679999999999950e+02,1.038700000000000045e+01,3.657999999999999918e+00,9.929000000000000270e+00,6.270999999999999908e+00,5.752339812814974973e-01,2.400709999999999980e+02
1.033600000000000030e+01,3.632000000000000117e+00,9.888999999999999346e+00,6.256999999999999673e+00,5.703250013794625151e-01,2.338679999999999950e+02,1.040000000000000036e+01,3.733999999999999986e+00,9.989000000000000767e+00,6.254999999999999893e+00,5.759539236861052069e-01,2.400109999999999957e+02
1.034900000000000020e+01,3.620000000000000107e+00,9.875999999999999446e+00,6.256000000000000227e+00,5.710423219113832660e-01,2.338799999999999955e+02,1.041300000000000026e+01,3.746999999999999886e+00,1.000200000000000067e+01,6.254999999999999893e+00,5.766738660907128056e-01,2.399979999999999905e+02
1.036200000000000010e+01,3.595000000000000195e+00,9.864000000000000767e+00,6.269000000000000128e+00,5.717596424433040170e-01,2.339050000000000011e+02,1.042600000000000016e+01,3.708000000000000185e+00,9.964999999999999858e+00,6.256999999999999673e+00,5.773938084953204042e-01,2.400349999999999966e+02
1.037400000000000055e+01,3.632000000000000117e+00,9.877000000000000668e+00,6.245000000000000107e+00,5.724217844727693683e-01,2.338679999999999950e+02,1.044299999999999962e+01,3.720000000000000195e+00,9.965999999999999304e+00,6.246000000000000441e+00,5.783352716398072468e-01,2.400339999999999918e+02
1.038799999999999990e+01,3.644000000000000128e+00,9.877000000000000668e+00,6.232999999999999652e+00,5.731942835071455189e-01,2.338559999999999945e+02,1.045599999999999952e+01,3.696000000000000174e+00,9.941000000000000725e+00,6.245000000000000107e+00,5.790552140444149565e-01,2.400589999999999975e+02
1.040099999999999980e+01,3.657000000000000028e+00,9.875000000000000000e+00,6.217999999999999972e+00,5.739116040390662699e-01,2.338429999999999893e+02,1.047000000000000064e+01,3.670999999999999819e+00,9.903999999999999915e+00,6.232999999999999652e+00,5.798305366339924216e-01,2.400960000000000036e+02
1.041399999999999970e+01,3.619000000000000217e+00,9.862000000000000099e+00,6.243000000000000327e+00,5.746289245709870208e-01,2.338810000000000002e+02,1.048300000000000054e+01,3.694999999999999840e+00,9.926999999999999602e+00,6.232000000000000206e+00,5.805504790386000202e-01,2.400730000000000075e+02
1.042600000000000016e+01,3.656000000000000139e+00,9.900999999999999801e+00,6.245000000000000107e+00,5.752910666004523721e-01,2.338439999999999941e+02,1.049600000000000044e+01,3.721999999999999975e+00,9.941000000000000725e+00,6.219000000000000306e+00,5.812704214432076189e-01,2.400589999999999975e+02
1.043999999999999950e+01,3.681999999999999940e+00,9.913999999999999702e+00,6.232000000000000206e+00,5.760635656348286338e-01,2.338180000000000121e+02,1.050900000000000034e+01,3.706999999999999851e+00,9.939000000000000057e+00,6.232000000000000206e+00,5.819903638478153285e-01,2.400610000000000070e+02
1.045299999999999940e+01,3.681999999999999940e+00,9.890000000000000568e+00,6.208000000000000185e+00,5.767808861667493847e-01,2.338180000000000121e+02,1.052200000000000024e+01,3.681999999999999940e+00,9.901999999999999247e+00,6.219999999999999751e+00,5.827103062524229271e-01,2.400980000000000132e+02
1.046599999999999930e+01,3.696000000000000174e+00,9.887999999999999901e+00,6.192000000000000171e+00,5.774982066986701357e-01,2.338040000000000020e+02,1.053500000000000014e+01,3.732000000000000206e+00,9.949999999999999289e+00,6.217999999999999972e+00,5.834302486570305257e-01,2.400500000000000114e+02
1.047899999999999920e+01,3.693999999999999950e+00,9.888999999999999346e+00,6.195000000000000284e+00,5.782155272305908866e-01,2.338060000000000116e+02,1.054800000000000004e+01,3.770999999999999908e+00,9.989000000000000767e+00,6.217999999999999972e+00,5.841501910616381243e-01,2.400109999999999957e+02
1.049200000000000088e+01,3.657000000000000028e+00,9.852000000000000313e+00,6.195000000000000284e+00,5.789328477625117486e-01,2.338429999999999893e+02,1.056099999999999994e+01,3.721000000000000085e+00,9.939999999999999503e+00,6.219000000000000306e+00,5.848701334662458340e-01,2.400600000000000023e+02
1.050500000000000078e+01,3.657000000000000028e+00,9.851000000000000867e+00,6.193999999999999950e+00,5.796501682944324996e-01,2.338429999999999893e+02,1.057399999999999984e+01,3.709000000000000075e+00,9.914999999999999147e+00,6.206000000000000405e+00,5.855900758708534326e-01,2.400850000000000080e+02
1.051800000000000068e+01,3.681999999999999940e+00,9.862999999999999545e+00,6.181000000000000050e+00,5.803674888263532505e-01,2.338180000000000121e+02,1.058699999999999974e+01,3.721000000000000085e+00,9.916000000000000369e+00,6.195000000000000284e+00,5.863100182754610312e-01,2.400840000000000032e+02
1.053100000000000058e+01,3.670999999999999819e+00,9.862999999999999545e+00,6.192000000000000171e+00,5.810848093582740015e-01,2.338290000000000077e+02,1.060500000000000043e+01,3.696000000000000174e+00,9.865000000000000213e+00,6.168999999999999595e+00,5.873068616049178514e-01,2.401349999999999909e+02
1.054400000000000048e+01,3.669999999999999929e+00,9.862000000000000099e+00,6.192000000000000171e+00,5.818021298901947524e-01,2.338300000000000125e+02,1.061800000000000033e+01,3.656000000000000139e+00,9.814999999999999503e+00,6.158999999999999808e+00,5.880268040095254500e-01,2.401850000000000023e+02
1.055700000000000038e+01,3.657000000000000028e+00,9.852000000000000313e+00,6.195000000000000284e+00,5.825194504221155034e-01,2.338429999999999893e+02,1.063000000000000078e+01,3.669999999999999929e+00,9.851000000000000867e+00,6.181000000000000050e+00,5.886913662291632932e-01,2.401490000000000009e+02
1.057000000000000028e+01,3.657000000000000028e+00,9.861000000000000654e+00,6.203999999999999737e+00,5.832367709540362544e-01,2.338429999999999893e+02,1.064300000000000068e+01,3.681999999999999940e+00,9.875999999999999446e+00,6.193999999999999950e+00,5.894113086337708918e-01,2.401239999999999952e+02
1.058399999999999963e+01,3.681000000000000050e+00,9.875000000000000000e+00,6.193999999999999950e+00,5.840092699884124050e-01,2.338189999999999884e+02,1.065600000000000058e+01,3.669999999999999929e+00,9.852000000000000313e+00,6.182000000000000384e+00,5.901312510383784904e-01,2.401479999999999961e+02
1.059600000000000009e+01,3.669000000000000039e+00,9.851000000000000867e+00,6.182000000000000384e+00,5.846714120178777563e-01,2.338309999999999889e+02,1.066999999999999993e+01,3.669999999999999929e+00,9.852999999999999758e+00,6.182999999999999829e+00,5.909065736279559555e-01,2.401469999999999914e+02
1.060899999999999999e+01,3.669000000000000039e+00,9.862000000000000099e+00,6.192999999999999616e+00,5.853887325497985072e-01,2.338309999999999889e+02,1.068299999999999983e+01,3.720000000000000195e+00,9.903000000000000469e+00,6.182999999999999829e+00,5.916265160325635541e-01,2.400970000000000084e+02
1.062199999999999989e+01,3.681999999999999940e+00,9.872999999999999332e+00,6.190999999999999837e+00,5.861060530817192582e-01,2.338180000000000121e+02,1.069999999999999929e+01,3.745000000000000107e+00,9.926999999999999602e+00,6.182000000000000384e+00,5.925679791770503968e-01,2.400730000000000075e+02
1.063599999999999923e+01,3.644000000000000128e+00,9.848000000000000753e+00,6.203999999999999737e+00,5.868785521160955199e-01,2.338559999999999945e+02,1.071299999999999919e+01,3.694999999999999840e+00,9.875999999999999446e+00,6.181000000000000050e+00,5.932879215816581064e-01,2.401239999999999952e+02
1.064799999999999969e+01,3.604999999999999982e+00,9.824999999999999289e+00,6.219999999999999751e+00,5.875406941455608711e-01,2.338950000000000102e+02,1.072600000000000087e+01,3.694999999999999840e+00,9.888999999999999346e+00,6.193999999999999950e+00,5.940078639862658161e-01,2.401109999999999900e+02
1.066099999999999959e+01,3.617999999999999883e+00,9.835000000000000853e+00,6.216999999999999638e+00,5.882580146774816221e-01,2.338820000000000050e+02,1.073900000000000077e+01,3.693999999999999950e+00,9.875999999999999446e+00,6.182000000000000384e+00,5.947278063908734147e-01,2.401239999999999952e+02
1.067500000000000071e+01,3.656000000000000139e+00,9.861000000000000654e+00,6.205000000000000071e+00,5.890305137118578838e-01,2.338439999999999941e+02,1.075300000000000011e+01,3.669000000000000039e+00,9.862000000000000099e+00,6.192999999999999616e+00,5.955031289804508798e-01,2.401380000000000052e+02
1.068800000000000061e+01,3.718999999999999861e+00,9.910000000000000142e+00,6.190999999999999837e+00,5.897478342437786347e-01,2.337810000000000059e+02,1.076600000000000001e+01,3.681999999999999940e+00,9.875999999999999446e+00,6.193999999999999950e+00,5.962230713850584785e-01,2.401239999999999952e+02
1.070100000000000051e+01,3.705999999999999961e+00,9.900000000000000355e+00,6.193999999999999950e+00,5.904651547756993857e-01,2.337940000000000111e+02,1.077899999999999991e+01,3.706999999999999851e+00,9.913000000000000256e+00,6.206000000000000405e+00,5.969430137896660771e-01,2.400869999999999891e+02
1.071400000000000041e+01,3.681999999999999940e+00,9.849000000000000199e+00,6.166999999999999815e+00,5.911824753076201366e-01,2.338180000000000121e+02,1.079199999999999982e+01,3.693000000000000060e+00,9.910000000000000142e+00,6.216999999999999638e+00,5.976629561942736757e-01,2.400900000000000034e+02
1.073099999999999987e+01,3.718999999999999861e+00,9.871999999999999886e+00,6.152999999999999581e+00,5.921205098493625973e-01,2.337810000000000059e+02,1.080499999999999972e+01,3.693000000000000060e+00,9.920999999999999375e+00,6.227999999999999758e+00,5.983828985988812743e-01,2.400790000000000077e+02
1.074399999999999977e+01,3.718999999999999861e+00,9.862999999999999545e+00,6.144000000000000128e+00,5.928378303812833483e-01,2.337810000000000059e+02,1.081700000000000017e+01,3.706999999999999851e+00,9.923999999999999488e+00,6.216999999999999638e+00,5.990474608185191174e-01,2.400759999999999934e+02
1.075699999999999967e+01,3.681000000000000050e+00,9.836999999999999744e+00,6.155999999999999694e+00,5.935551509132040993e-01,2.338189999999999884e+02,1.083099999999999952e+01,3.730999999999999872e+00,9.960000000000000853e+00,6.229000000000000092e+00,5.998227834080965826e-01,2.400399999999999920e+02
1.076999999999999957e+01,3.718999999999999861e+00,9.846000000000000085e+00,6.126999999999999780e+00,5.942724714451248502e-01,2.337810000000000059e+02,1.084399999999999942e+01,3.730999999999999872e+00,9.973000000000000753e+00,6.241999999999999993e+00,6.005427258127041812e-01,2.400269999999999868e+02
1.078299999999999947e+01,3.680000000000000160e+00,9.810999999999999943e+00,6.131000000000000227e+00,5.949897919770457122e-01,2.338199999999999932e+02,1.085599999999999987e+01,3.718999999999999861e+00,9.961999999999999744e+00,6.243000000000000327e+00,6.012072880323420243e-01,2.400380000000000109e+02
1.079700000000000060e+01,3.668000000000000149e+00,9.782999999999999474e+00,6.115000000000000213e+00,5.957622910114219739e-01,2.338319999999999936e+02,1.086899999999999977e+01,3.732000000000000206e+00,9.948999999999999844e+00,6.216999999999999638e+00,6.019272304369496229e-01,2.400509999999999877e+02
1.081000000000000050e+01,3.693000000000000060e+00,9.808999999999999275e+00,6.115999999999999659e+00,5.964796115433427248e-01,2.338069999999999879e+02,1.088299999999999912e+01,3.693999999999999950e+00,9.945999999999999730e+00,6.251999999999999780e+00,6.027025530265270881e-01,2.400540000000000020e+02
1.082300000000000040e+01,3.744000000000000217e+00,9.861000000000000654e+00,6.116999999999999993e+00,5.971969320752634758e-01,2.337560000000000002e+02,1.089600000000000080e+01,3.681000000000000050e+00,9.923000000000000043e+00,6.241999999999999993e+00,6.034224954311347977e-01,2.400769999999999982e+02
1.083500000000000085e+01,3.770000000000000018e+00,9.887000000000000455e+00,6.116999999999999993e+00,5.978590741047288271e-01,2.337299999999999898e+02,1.090900000000000070e+01,3.705999999999999961e+00,9.960000000000000853e+00,6.253999999999999559e+00,6.041424378357423963e-01,2.400399999999999920e+02
1.084800000000000075e+01,3.744000000000000217e+00,9.859999999999999432e+00,6.115999999999999659e+00,5.985763946366495780e-01,2.337560000000000002e+02,1.092600000000000016e+01,3.693999999999999950e+00,9.946999999999999176e+00,6.253000000000000114e+00,6.050839009802293500e-01,2.400529999999999973e+02
1.086200000000000010e+01,3.730999999999999872e+00,9.869999999999999218e+00,6.139000000000000234e+00,5.993488936710257287e-01,2.337690000000000055e+02,1.093900000000000006e+01,3.744000000000000217e+00,9.958999999999999631e+00,6.214999999999999858e+00,6.058038433848369486e-01,2.400409999999999968e+02
1.087500000000000000e+01,3.742999999999999883e+00,9.910000000000000142e+00,6.166999999999999815e+00,6.000662142029464796e-01,2.337570000000000050e+02,1.095199999999999996e+01,3.757000000000000117e+00,9.961999999999999744e+00,6.205000000000000071e+00,6.065237857894445472e-01,2.400380000000000109e+02
1.088799999999999990e+01,3.718999999999999861e+00,9.910000000000000142e+00,6.190999999999999837e+00,6.007835347348672306e-01,2.337810000000000059e+02,1.096499999999999986e+01,3.745000000000000107e+00,9.948000000000000398e+00,6.203000000000000291e+00,6.072437281940521459e-01,2.400519999999999925e+02
1.090099999999999980e+01,3.669000000000000039e+00,9.884999999999999787e+00,6.216000000000000192e+00,6.015008552667879815e-01,2.338309999999999889e+02,1.098199999999999932e+01,3.729999999999999982e+00,9.960000000000000853e+00,6.230000000000000426e+00,6.081851913385390995e-01,2.400399999999999920e+02
1.091399999999999970e+01,3.680000000000000160e+00,9.919000000000000483e+00,6.238999999999999879e+00,6.022181757987087325e-01,2.338199999999999932e+02,1.099600000000000044e+01,3.755999999999999783e+00,9.983999999999999986e+00,6.227999999999999758e+00,6.089605139281165647e-01,2.400159999999999911e+02
1.092600000000000016e+01,3.668000000000000149e+00,9.907999999999999474e+00,6.240000000000000213e+00,6.028803178281740838e-01,2.338319999999999936e+02,1.100900000000000034e+01,3.705999999999999961e+00,9.945999999999999730e+00,6.240000000000000213e+00,6.096804563327241633e-01,2.400540000000000020e+02
1.093999999999999950e+01,3.641999999999999904e+00,9.882999999999999119e+00,6.240999999999999659e+00,6.036528168625502344e-01,2.338580000000000041e+02,1.102200000000000024e+01,3.692000000000000171e+00,9.967000000000000526e+00,6.275000000000000355e+00,6.104003987373318729e-01,2.400329999999999870e+02
1.095299999999999940e+01,3.654999999999999805e+00,9.894999999999999574e+00,6.240000000000000213e+00,6.043701373944709854e-01,2.338449999999999989e+02,1.103500000000000014e+01,3.693000000000000060e+00,9.957000000000000739e+00,6.264000000000000234e+00,6.111203411419394715e-01,2.400430000000000064e+02
1.097000000000000064e+01,3.705000000000000071e+00,9.933999999999999275e+00,6.229000000000000092e+00,6.053081719362136681e-01,2.337949999999999875e+02,1.104800000000000004e+01,3.641999999999999904e+00,9.932000000000000384e+00,6.290000000000000036e+00,6.118402835465470702e-01,2.400680000000000121e+02
1.098300000000000054e+01,3.718999999999999861e+00,9.945000000000000284e+00,6.225999999999999979e+00,6.060254924681344191e-01,2.337810000000000059e+02,1.106099999999999994e+01,3.617999999999999883e+00,9.907000000000000028e+00,6.288999999999999702e+00,6.125602259511546688e-01,2.400929999999999893e+02
1.100000000000000000e+01,3.705000000000000071e+00,9.930999999999999162e+00,6.225999999999999979e+00,6.069635270098768798e-01,2.337949999999999875e+02,1.107399999999999984e+01,3.641999999999999904e+00,9.942999999999999616e+00,6.301000000000000156e+00,6.132801683557623784e-01,2.400569999999999879e+02
1.101299999999999990e+01,3.705000000000000071e+00,9.944000000000000838e+00,6.238999999999999879e+00,6.076808475417976307e-01,2.337949999999999875e+02,1.109099999999999930e+01,3.705000000000000071e+00,9.981999999999999318e+00,6.277000000000000135e+00,6.142216315002492211e-01,2.400180000000000007e+02
1.102699999999999925e+01,3.705000000000000071e+00,9.930999999999999162e+00,6.225999999999999979e+00,6.084533465761737814e-01,2.337949999999999875e+02,1.110399999999999920e+01,3.717999999999999972e+00,1.000600000000000023e+01,6.288000000000000256e+00,6.149415739048568197e-01,2.399939999999999998e+02
1.103999999999999915e+01,3.678999999999999826e+00,9.917999999999999261e+00,6.238999999999999879e+00,6.091706671080945323e-01,2.338209999999999980e+02,1.111700000000000088e+01,3.666999999999999815e+00,9.960000000000000853e+00,6.293000000000000149e+00,6.156615163094645293e-01,2.400399999999999920e+02
1.105300000000000082e+01,3.680000000000000160e+00,9.906000000000000583e+00,6.225999999999999979e+00,6.098879876400153943e-01,2.338199999999999932e+02,1.113499999999999979e+01,3.693000000000000060e+00,9.996000000000000441e+00,6.302999999999999936e+00,6.166583596389212385e-01,2.400039999999999907e+02
1.106099999999999994e+01,3.678999999999999826e+00,9.906000000000000583e+00,6.227000000000000313e+00,6.103294156596589248e-01,2.338209999999999980e+02,1.114799999999999969e+01,3.692000000000000171e+00,9.994999999999999218e+00,6.302999999999999936e+00,6.173783020435288371e-01,2.400049999999999955e+02
1.108300000000000018e+01,3.642999999999999794e+00,9.858000000000000540e+00,6.214999999999999858e+00,6.115433427136787170e-01,2.338569999999999993e+02,1.116099999999999959e+01,3.654999999999999805e+00,9.945999999999999730e+00,6.291000000000000369e+00,6.180982444481364357e-01,2.400540000000000020e+02
1.109999999999999964e+01,3.692000000000000171e+00,9.906000000000000583e+00,6.214000000000000412e+00,6.124813772554211777e-01,2.338079999999999927e+02,1.117399999999999949e+01,3.678999999999999826e+00,9.968999999999999417e+00,6.290000000000000036e+00,6.188181868527440344e-01,2.400310000000000059e+02
1.111299999999999955e+01,3.690999999999999837e+00,9.929999999999999716e+00,6.238999999999999879e+00,6.131986977873419287e-01,2.338089999999999975e+02,1.118699999999999939e+01,3.653999999999999915e+00,9.932000000000000384e+00,6.277999999999999581e+00,6.195381292573517440e-01,2.400680000000000121e+02
1.112599999999999945e+01,3.692000000000000171e+00,9.942999999999999616e+00,6.251000000000000334e+00,6.139160183192626796e-01,2.338079999999999927e+02,1.120400000000000063e+01,3.604000000000000092e+00,9.893000000000000682e+00,6.288999999999999702e+00,6.204795924018386977e-01,2.401069999999999993e+02
1.113899999999999935e+01,3.702999999999999847e+00,9.954000000000000625e+00,6.251000000000000334e+00,6.146333388511834306e-01,2.337969999999999970e+02,1.121700000000000053e+01,3.629000000000000004e+00,9.919000000000000483e+00,6.290000000000000036e+00,6.211995348064462963e-01,2.400809999999999889e+02
1.115199999999999925e+01,3.653000000000000025e+00,9.904999999999999361e+00,6.251999999999999780e+00,6.153506593831042926e-01,2.338470000000000084e+02,1.123000000000000043e+01,3.666999999999999815e+00,9.932999999999999829e+00,6.266000000000000014e+00,6.219194772110538949e-01,2.400670000000000073e+02
1.116499999999999915e+01,3.640000000000000124e+00,9.891000000000000014e+00,6.251000000000000334e+00,6.160679799150250435e-01,2.338600000000000136e+02,1.124300000000000033e+01,3.692000000000000171e+00,9.944000000000000838e+00,6.251999999999999780e+00,6.226394196156616045e-01,2.400560000000000116e+02
1.117800000000000082e+01,3.716000000000000192e+00,9.990999999999999659e+00,6.275000000000000355e+00,6.167853004469459055e-01,2.337839999999999918e+02,1.126099999999999923e+01,3.705000000000000071e+00,9.932000000000000384e+00,6.227000000000000313e+00,6.236362629451182027e-01,2.400680000000000121e+02
1.119100000000000072e+01,3.677999999999999936e+00,9.978999999999999204e+00,6.301000000000000156e+00,6.175026209788666565e-01,2.338220000000000027e+02,1.127800000000000047e+01,3.705000000000000071e+00,9.917999999999999261e+00,6.213000000000000078e+00,6.245777260896051564e-01,2.400819999999999936e+02
1.120400000000000063e+01,3.653000000000000025e+00,9.941000000000000725e+00,6.288000000000000256e+00,6.182199415107874074e-01,2.338470000000000084e+02,1.129100000000000037e+01,3.729000000000000092e+00,9.952999999999999403e+00,6.224000000000000199e+00,6.252976684942128660e-01,2.400469999999999970e+02
1.121700000000000053e+01,3.677999999999999936e+00,9.977999999999999758e+00,6.299999999999999822e+00,6.189372620427081584e-01,2.338220000000000027e+02,1.130400000000000027e+01,3.702999999999999847e+00,9.906000000000000583e+00,6.203000000000000291e+00,6.260176108988204646e-01,2.400939999999999941e+02
1.123000000000000043e+01,3.689999999999999947e+00,1.000200000000000067e+01,6.312000000000000277e+00,6.196545825746289093e-01,2.338100000000000023e+02,1.131799999999999962e+01,3.717000000000000082e+00,9.903999999999999915e+00,6.187000000000000277e+00,6.267929334883978187e-01,2.400960000000000036e+02
1.124300000000000033e+01,3.652000000000000135e+00,9.977999999999999758e+00,6.325999999999999623e+00,6.203719031065496603e-01,2.338480000000000132e+02,1.133099999999999952e+01,3.717000000000000082e+00,9.891000000000000014e+00,6.174000000000000377e+00,6.275128758930055284e-01,2.401090000000000089e+02
1.125600000000000023e+01,3.665000000000000036e+00,1.000000000000000000e+01,6.334999999999999964e+00,6.210892236384704113e-01,2.338350000000000080e+02,1.134800000000000075e+01,3.704000000000000181e+00,9.891000000000000014e+00,6.187000000000000277e+00,6.284543390374924821e-01,2.401090000000000089e+02
1.127399999999999913e+01,3.702999999999999847e+00,1.001299999999999990e+01,6.309999999999999609e+00,6.220824366826682716e-01,2.337969999999999970e+02,1.136100000000000065e+01,3.692000000000000171e+00,9.867000000000000881e+00,6.174999999999999822e+00,6.291742814421000807e-01,2.401330000000000098e+02
1.128700000000000081e+01,3.717000000000000082e+00,1.002500000000000036e+01,6.307999999999999829e+00,6.227997572145891336e-01,2.337829999999999870e+02,1.137899999999999956e+01,3.704000000000000181e+00,9.893000000000000682e+00,6.189000000000000057e+00,6.301711247715567898e-01,2.401069999999999993e+02
1.130400000000000027e+01,3.652000000000000135e+00,9.974000000000000199e+00,6.322000000000000064e+00,6.237377917563317054e-01,2.338480000000000132e+02,1.139199999999999946e+01,3.741999999999999993e+00,9.941000000000000725e+00,6.198999999999999844e+00,6.308910671761643885e-01,2.400589999999999975e+02
1.131700000000000017e+01,3.652000000000000135e+00,9.976000000000000867e+00,6.323999999999999844e+00,6.244551122882524563e-01,2.338480000000000132e+02,1.140499999999999936e+01,3.741000000000000103e+00,9.939000000000000057e+00,6.198000000000000398e+00,6.316110095807719871e-01,2.400610000000000070e+02
1.133000000000000007e+01,3.677999999999999936e+00,9.987999999999999545e+00,6.309999999999999609e+00,6.251724328201732073e-01,2.338220000000000027e+02,1.141799999999999926e+01,3.677999999999999936e+00,9.901999999999999247e+00,6.224000000000000199e+00,6.323309519853795857e-01,2.400980000000000132e+02
1.134800000000000075e+01,3.652000000000000135e+00,9.961999999999999744e+00,6.309999999999999609e+00,6.261656458643711787e-01,2.338480000000000132e+02,1.143500000000000050e+01,3.690999999999999837e+00,9.928000000000000824e+00,6.237000000000000099e+00,6.332724151298665394e-01,2.400720000000000027e+02
1.135999999999999943e+01,3.677000000000000046e+00,9.961000000000000298e+00,6.283999999999999808e+00,6.268277878938364189e-01,2.338230000000000075e+02,1.144699999999999918e+01,3.689999999999999947e+00,9.926999999999999602e+00,6.237000000000000099e+00,6.339369773495043825e-01,2.400730000000000075e+02
1.137400000000000055e+01,3.689000000000000057e+00,9.960000000000000853e+00,6.270999999999999908e+00,6.276002869282127916e-01,2.338110000000000070e+02,1.146499999999999986e+01,3.665999999999999925e+00,9.925000000000000711e+00,6.259000000000000341e+00,6.349338206789610917e-01,2.400749999999999886e+02
1.138700000000000045e+01,3.664000000000000146e+00,9.923999999999999488e+00,6.259999999999999787e+00,6.283176074601335426e-01,2.338360000000000127e+02,1.148199999999999932e+01,3.702999999999999847e+00,9.964000000000000412e+00,6.261000000000000121e+00,6.358752838234479343e-01,2.400360000000000014e+02
1.140000000000000036e+01,3.662999999999999812e+00,9.923999999999999488e+00,6.261000000000000121e+00,6.290349279920542935e-01,2.338369999999999891e+02,1.150000000000000000e+01,3.653000000000000025e+00,9.913000000000000256e+00,6.259999999999999787e+00,6.368721271529047545e-01,2.400869999999999891e+02
1.141300000000000026e+01,3.689999999999999947e+00,9.935000000000000497e+00,6.245000000000000107e+00,6.297522485239750445e-01,2.338100000000000023e+02,1.151299999999999990e+01,3.690999999999999837e+00,9.948999999999999844e+00,6.258000000000000007e+00,6.375920695575123531e-01,2.400509999999999877e+02
1.143099999999999916e+01,3.676000000000000156e+00,9.933999999999999275e+00,6.258000000000000007e+00,6.307454615681729049e-01,2.338240000000000123e+02,1.152999999999999936e+01,3.714999999999999858e+00,9.984999999999999432e+00,6.269999999999999574e+00,6.385335327019991958e-01,2.400149999999999864e+02
1.144400000000000084e+01,3.674999999999999822e+00,9.922000000000000597e+00,6.246999999999999886e+00,6.314627821000937669e-01,2.338249999999999886e+02,1.154299999999999926e+01,3.702999999999999847e+00,9.987000000000000099e+00,6.283999999999999808e+00,6.392534751066067944e-01,2.400130000000000052e+02
1.145700000000000074e+01,3.637999999999999901e+00,9.871000000000000441e+00,6.232999999999999652e+00,6.321801026320145178e-01,2.338619999999999948e+02,1.155599999999999916e+01,3.714999999999999858e+00,1.002100000000000080e+01,6.306000000000000050e+00,6.399734175112145040e-01,2.399789999999999850e+02
1.147000000000000064e+01,3.650999999999999801e+00,9.884999999999999787e+00,6.233999999999999986e+00,6.328974231639352688e-01,2.338489999999999895e+02,1.157399999999999984e+01,3.677000000000000046e+00,9.974000000000000199e+00,6.296999999999999709e+00,6.409702608406712132e-01,2.400260000000000105e+02
1.148300000000000054e+01,3.676000000000000156e+00,9.922000000000000597e+00,6.246000000000000441e+00,6.336147436958560197e-01,2.338240000000000123e+02,1.158699999999999974e+01,3.701999999999999957e+00,9.996999999999999886e+00,6.294999999999999929e+00,6.416902032452788118e-01,2.400029999999999859e+02
1.150000000000000000e+01,3.649999999999999911e+00,9.897000000000000242e+00,6.246999999999999886e+00,6.345527782375985915e-01,2.338499999999999943e+02,1.159999999999999964e+01,3.726999999999999869e+00,1.001900000000000013e+01,6.291999999999999815e+00,6.424101456498865215e-01,2.399809999999999945e+02
1.151299999999999990e+01,3.649999999999999911e+00,9.884000000000000341e+00,6.233999999999999986e+00,6.352700987695193424e-01,2.338499999999999943e+02,1.161800000000000033e+01,3.638999999999999790e+00,9.948000000000000398e+00,6.309000000000000163e+00,6.434069889793432306e-01,2.400519999999999925e+02
1.153100000000000058e+01,3.676000000000000156e+00,9.894000000000000128e+00,6.217999999999999972e+00,6.362633118137173138e-01,2.338240000000000123e+02,1.163100000000000023e+01,3.638999999999999790e+00,9.945999999999999730e+00,6.307000000000000384e+00,6.441269313839508293e-01,2.400540000000000020e+02
1.154400000000000048e+01,3.649999999999999911e+00,9.865999999999999659e+00,6.216000000000000192e+00,6.369806323456380648e-01,2.338499999999999943e+02,1.164799999999999969e+01,3.676000000000000156e+00,9.971999999999999531e+00,6.296000000000000263e+00,6.450683945284377829e-01,2.400279999999999916e+02
1.155599999999999916e+01,3.649000000000000021e+00,9.842000000000000526e+00,6.192999999999999616e+00,6.376427743751033050e-01,2.338509999999999991e+02,1.166099999999999959e+01,3.625999999999999890e+00,9.923999999999999488e+00,6.298000000000000043e+00,6.457883369330453815e-01,2.400759999999999934e+02
1.157399999999999984e+01,3.662999999999999812e+00,9.853999999999999204e+00,6.190999999999999837e+00,6.386359874193013875e-01,2.338369999999999891e+02,1.167399999999999949e+01,3.650999999999999801e+00,9.935000000000000497e+00,6.283999999999999808e+00,6.465082793376529802e-01,2.400649999999999977e+02
1.158699999999999974e+01,3.649000000000000021e+00,9.842999999999999972e+00,6.193999999999999950e+00,6.393533079512221384e-01,2.338509999999999991e+02,1.169200000000000017e+01,3.689999999999999947e+00,9.960000000000000853e+00,6.269999999999999574e+00,6.475051226671096893e-01,2.400399999999999920e+02
1.159999999999999964e+01,3.649000000000000021e+00,9.843999999999999417e+00,6.195000000000000284e+00,6.400706284831428894e-01,2.338509999999999991e+02,1.170500000000000007e+01,3.688000000000000167e+00,9.960000000000000853e+00,6.272000000000000242e+00,6.482250650717173990e-01,2.400399999999999920e+02
1.161299999999999955e+01,3.612000000000000099e+00,9.819000000000000838e+00,6.206999999999999851e+00,6.407879490150636403e-01,2.338880000000000052e+02,1.171799999999999997e+01,3.638999999999999790e+00,9.909000000000000696e+00,6.269999999999999574e+00,6.489450074763249976e-01,2.400910000000000082e+02
1.163000000000000078e+01,3.637000000000000011e+00,9.830000000000000071e+00,6.192999999999999616e+00,6.417259835568062121e-01,2.338629999999999995e+02,1.173499999999999943e+01,3.650999999999999801e+00,9.907999999999999474e+00,6.256999999999999673e+00,6.498864706208118402e-01,2.400920000000000130e+02
1.164300000000000068e+01,3.649000000000000021e+00,9.842000000000000526e+00,6.192999999999999616e+00,6.424433040887269630e-01,2.338509999999999991e+02,1.174799999999999933e+01,3.674999999999999822e+00,9.932000000000000384e+00,6.256999999999999673e+00,6.506064130254194389e-01,2.400680000000000121e+02
1.165600000000000058e+01,3.612000000000000099e+00,9.827999999999999403e+00,6.216000000000000192e+00,6.431606246206477140e-01,2.338880000000000052e+02,1.176099999999999923e+01,3.662999999999999812e+00,9.919000000000000483e+00,6.256000000000000227e+00,6.513263554300271485e-01,2.400809999999999889e+02
1.167399999999999949e+01,3.611000000000000210e+00,9.829000000000000625e+00,6.217999999999999972e+00,6.441538376648456854e-01,2.338890000000000100e+02,1.177899999999999991e+01,3.637999999999999901e+00,9.871999999999999886e+00,6.233999999999999986e+00,6.523231987594838577e-01,2.401279999999999859e+02
1.168699999999999939e+01,3.597999999999999865e+00,9.814000000000000057e+00,6.216000000000000192e+00,6.448711581967664364e-01,2.339019999999999868e+02,1.179100000000000037e+01,3.637000000000000011e+00,9.868000000000000327e+00,6.230999999999999872e+00,6.529877609791217008e-01,2.401320000000000050e+02
1.169999999999999929e+01,3.624000000000000110e+00,9.840999999999999304e+00,6.216999999999999638e+00,6.455884787286871873e-01,2.338760000000000048e+02,1.180400000000000027e+01,3.612000000000000099e+00,9.832000000000000739e+00,6.219999999999999751e+00,6.537077033837292994e-01,2.401680000000000064e+02
1.171299999999999919e+01,3.649000000000000021e+00,9.877000000000000668e+00,6.227999999999999758e+00,6.463057992606079383e-01,2.338509999999999991e+02,1.181700000000000017e+01,3.637000000000000011e+00,9.868000000000000327e+00,6.230999999999999872e+00,6.544276457883370091e-01,2.401320000000000050e+02
1.173000000000000043e+01,3.661000000000000032e+00,9.878999999999999559e+00,6.217999999999999972e+00,6.472438338023506210e-01,2.338389999999999986e+02,1.183000000000000007e+01,3.674999999999999822e+00,9.894000000000000128e+00,6.219000000000000306e+00,6.551475881929446077e-01,2.401059999999999945e+02
1.174399999999999977e+01,3.661000000000000032e+00,9.868000000000000327e+00,6.206999999999999851e+00,6.480163328367267717e-01,2.338389999999999986e+02,1.184800000000000075e+01,3.649999999999999911e+00,9.869999999999999218e+00,6.219999999999999751e+00,6.561444315224013168e-01,2.401299999999999955e+02
1.175600000000000023e+01,3.636000000000000121e+00,9.826999999999999957e+00,6.190999999999999837e+00,6.486784748661921229e-01,2.338640000000000043e+02,1.186100000000000065e+01,3.686999999999999833e+00,9.904999999999999361e+00,6.217999999999999972e+00,6.568643739270090265e-01,2.400949999999999989e+02
1.177299999999999969e+01,3.597999999999999865e+00,9.801000000000000156e+00,6.203000000000000291e+00,6.496165094079345836e-01,2.339019999999999868e+02,1.187400000000000055e+01,3.673999999999999932e+00,9.903999999999999915e+00,6.230000000000000426e+00,6.575843163316166251e-01,2.400960000000000036e+02
1.178700000000000081e+01,3.686999999999999833e+00,9.888999999999999346e+00,6.201999999999999957e+00,6.503890084423108453e-01,2.338129999999999882e+02,1.188700000000000045e+01,3.637000000000000011e+00,9.853999999999999204e+00,6.216999999999999638e+00,6.583042587362242237e-01,2.401460000000000150e+02
1.180000000000000071e+01,3.686999999999999833e+00,9.877000000000000668e+00,6.190000000000000391e+00,6.511063289742315963e-01,2.338129999999999882e+02,1.190000000000000036e+01,3.686999999999999833e+00,9.904999999999999361e+00,6.217999999999999972e+00,6.590242011408318223e-01,2.400949999999999989e+02
1.181300000000000061e+01,3.611000000000000210e+00,9.817000000000000171e+00,6.206000000000000405e+00,6.518236495061523472e-01,2.338890000000000100e+02,1.191699999999999982e+01,3.713999999999999968e+00,9.916000000000000369e+00,6.201999999999999957e+00,6.599656642853187760e-01,2.400840000000000032e+02
1.182600000000000051e+01,3.648000000000000131e+00,9.864000000000000767e+00,6.216000000000000192e+00,6.525409700380730982e-01,2.338520000000000039e+02,1.193099999999999916e+01,3.636000000000000121e+00,9.830999999999999517e+00,6.195000000000000284e+00,6.607409868748961301e-01,2.401690000000000111e+02
1.184399999999999942e+01,3.648000000000000131e+00,9.865000000000000213e+00,6.216999999999999638e+00,6.535341830822710696e-01,2.338520000000000039e+02,1.194400000000000084e+01,3.661000000000000032e+00,9.853999999999999204e+00,6.192999999999999616e+00,6.614609292795038398e-01,2.401460000000000150e+02
1.185599999999999987e+01,3.636000000000000121e+00,9.865000000000000213e+00,6.229000000000000092e+00,6.541963251117364209e-01,2.338640000000000043e+02,1.196100000000000030e+01,3.673000000000000043e+00,9.864000000000000767e+00,6.190999999999999837e+00,6.624023924239907934e-01,2.401359999999999957e+02
1.186999999999999922e+01,3.673000000000000043e+00,9.926000000000000156e+00,6.253000000000000114e+00,6.549688241461125715e-01,2.338269999999999982e+02,1.197400000000000020e+01,3.637000000000000011e+00,9.816000000000000725e+00,6.179000000000000270e+00,6.631223348285983921e-01,2.401839999999999975e+02
1.188700000000000045e+01,3.661000000000000032e+00,9.891000000000000014e+00,6.230000000000000426e+00,6.559068586878551432e-01,2.338389999999999986e+02,1.198700000000000010e+01,3.661000000000000032e+00,9.864000000000000767e+00,6.203000000000000291e+00,6.638422772332059907e-01,2.401359999999999957e+02
1.190000000000000036e+01,3.648000000000000131e+00,9.890000000000000568e+00,6.241999999999999993e+00,6.566241792197758942e-01,2.338520000000000039e+02,1.200500000000000078e+01,3.712000000000000188e+00,9.913999999999999702e+00,6.201999999999999957e+00,6.648391205626626999e-01,2.400860000000000127e+02
1.191300000000000026e+01,3.621999999999999886e+00,9.864000000000000767e+00,6.241999999999999993e+00,6.573414997516966451e-01,2.338779999999999859e+02,1.201800000000000068e+01,3.722999999999999865e+00,9.900999999999999801e+00,6.177999999999999936e+00,6.655590629672704095e-01,2.400989999999999895e+02
1.192999999999999972e+01,3.572000000000000064e+00,9.801000000000000156e+00,6.229000000000000092e+00,6.582795342934392169e-01,2.339279999999999973e+02,1.203500000000000014e+01,3.685000000000000053e+00,9.864000000000000767e+00,6.179000000000000270e+00,6.665005261117572521e-01,2.401359999999999957e+02
1.194299999999999962e+01,3.611000000000000210e+00,9.862000000000000099e+00,6.251000000000000334e+00,6.589968548253599678e-01,2.338890000000000100e+02,1.204800000000000004e+01,3.673000000000000043e+00,9.852999999999999758e+00,6.179999999999999716e+00,6.672204685163648508e-01,2.401469999999999914e+02
1.195700000000000074e+01,3.621999999999999886e+00,9.875000000000000000e+00,6.253000000000000114e+00,6.597693538597362295e-01,2.338779999999999859e+02,1.206099999999999994e+01,3.673000000000000043e+00,9.887000000000000455e+00,6.214000000000000412e+00,6.679404109209724494e-01,2.401129999999999995e+02
1.197000000000000064e+01,3.597999999999999865e+00,9.837999999999999190e+00,6.240000000000000213e+00,6.604866743916569805e-01,2.339019999999999868e+02,1.207900000000000063e+01,3.685999999999999943e+00,9.887000000000000455e+00,6.200999999999999623e+00,6.689372542504292696e-01,2.401129999999999995e+02
1.198700000000000010e+01,3.611000000000000210e+00,9.839000000000000412e+00,6.227999999999999758e+00,6.614247089333994412e-01,2.338890000000000100e+02,1.209099999999999930e+01,3.685000000000000053e+00,9.875000000000000000e+00,6.190000000000000391e+00,6.696018164700670017e-01,2.401250000000000000e+02
1.200399999999999956e+01,3.623000000000000220e+00,9.862999999999999545e+00,6.240000000000000213e+00,6.623627434751420129e-01,2.338770000000000095e+02,1.210399999999999920e+01,3.673000000000000043e+00,9.884999999999999787e+00,6.211999999999999744e+00,6.703217588746746003e-01,2.401150000000000091e+02
1.201699999999999946e+01,3.634999999999999787e+00,9.900000000000000355e+00,6.264999999999999680e+00,6.630800640070627638e-01,2.338650000000000091e+02,1.211700000000000088e+01,3.658999999999999808e+00,9.871999999999999886e+00,6.213000000000000078e+00,6.710417012792823099e-01,2.401279999999999859e+02
1.202999999999999936e+01,3.648000000000000131e+00,9.900999999999999801e+00,6.253000000000000114e+00,6.637973845389835148e-01,2.338520000000000039e+02,1.213499999999999979e+01,3.710999999999999854e+00,9.900000000000000355e+00,6.189000000000000057e+00,6.720385446087390191e-01,2.400999999999999943e+02
1.204700000000000060e+01,3.661000000000000032e+00,9.913000000000000256e+00,6.251999999999999780e+00,6.647354190807260865e-01,2.338389999999999986e+02,1.214799999999999969e+01,3.722999999999999865e+00,9.910000000000000142e+00,6.187000000000000277e+00,6.727584870133466177e-01,2.400900000000000034e+02
1.206099999999999994e+01,3.673000000000000043e+00,9.923000000000000043e+00,6.250000000000000000e+00,6.655079181151022372e-01,2.338269999999999982e+02,1.216499999999999915e+01,3.722999999999999865e+00,9.910999999999999588e+00,6.187999999999999723e+00,6.736999501578334604e-01,2.400889999999999986e+02
1.207399999999999984e+01,3.608999999999999986e+00,9.836999999999999744e+00,6.227999999999999758e+00,6.662252386470230991e-01,2.338909999999999911e+02,1.217800000000000082e+01,3.746999999999999886e+00,9.935999999999999943e+00,6.189000000000000057e+00,6.744198925624412810e-01,2.400639999999999930e+02
1.208699999999999974e+01,3.621999999999999886e+00,9.861000000000000654e+00,6.238999999999999879e+00,6.669425591789438501e-01,2.338779999999999859e+02,1.219100000000000072e+01,3.670999999999999819e+00,9.887000000000000455e+00,6.216000000000000192e+00,6.751398349670488797e-01,2.401129999999999995e+02
1.209999999999999964e+01,3.722999999999999865e+00,9.923999999999999488e+00,6.200999999999999623e+00,6.676598797108646011e-01,2.337769999999999868e+02,1.220400000000000063e+01,3.660000000000000142e+00,9.875000000000000000e+00,6.214999999999999858e+00,6.758597773716564783e-01,2.401250000000000000e+02
1.211700000000000088e+01,3.658999999999999808e+00,9.885999999999999233e+00,6.227000000000000313e+00,6.685979142526071728e-01,2.338410000000000082e+02,1.222199999999999953e+01,3.758999999999999897e+00,9.971999999999999531e+00,6.213000000000000078e+00,6.768566207011131874e-01,2.400279999999999916e+02
1.213100000000000023e+01,3.620999999999999996e+00,9.858999999999999986e+00,6.238000000000000433e+00,6.693704132869833234e-01,2.338789999999999907e+02,1.223499999999999943e+01,3.709999999999999964e+00,9.922000000000000597e+00,6.211999999999999744e+00,6.775765631057207861e-01,2.400780000000000030e+02
1.214400000000000013e+01,3.684000000000000163e+00,9.917999999999999261e+00,6.233999999999999986e+00,6.700877338189040744e-01,2.338160000000000025e+02,1.224799999999999933e+01,3.697000000000000064e+00,9.907999999999999474e+00,6.211000000000000298e+00,6.782965055103283847e-01,2.400920000000000130e+02
1.215700000000000003e+01,3.658999999999999808e+00,9.884999999999999787e+00,6.225999999999999979e+00,6.708050543508248253e-01,2.338410000000000082e+02,1.226500000000000057e+01,3.745999999999999996e+00,9.958000000000000185e+00,6.211999999999999744e+00,6.792379686548153384e-01,2.400420000000000016e+02
1.217399999999999949e+01,3.697000000000000064e+00,9.920999999999999375e+00,6.224000000000000199e+00,6.717430888925673971e-01,2.338029999999999973e+02,1.227899999999999991e+01,3.721999999999999975e+00,9.920999999999999375e+00,6.198999999999999844e+00,6.800132912443928035e-01,2.400790000000000077e+02
1.218699999999999939e+01,3.736000000000000210e+00,9.957000000000000739e+00,6.221000000000000085e+00,6.724604094244881480e-01,2.337640000000000100e+02,1.229199999999999982e+01,3.783999999999999808e+00,9.993999999999999773e+00,6.209999999999999964e+00,6.807332336490004021e-01,2.400060000000000002e+02
1.219999999999999929e+01,3.672000000000000153e+00,9.896000000000000796e+00,6.224000000000000199e+00,6.731777299564088990e-01,2.338280000000000030e+02,1.230499999999999972e+01,3.822000000000000064e+00,1.001900000000000013e+01,6.197000000000000064e+00,6.814531760536080007e-01,2.399809999999999945e+02
1.221799999999999997e+01,3.709999999999999964e+00,9.920999999999999375e+00,6.211000000000000298e+00,6.741709430006068704e-01,2.337899999999999920e+02,1.232199999999999918e+01,3.798000000000000043e+00,9.971000000000000085e+00,6.173000000000000043e+00,6.823946391980949544e-01,2.400289999999999964e+02
1.223000000000000043e+01,3.684000000000000163e+00,9.881000000000000227e+00,6.197000000000000064e+00,6.748330850300722217e-01,2.338160000000000025e+02,1.233500000000000085e+01,3.809000000000000163e+00,9.971999999999999531e+00,6.163000000000000256e+00,6.831145816027026640e-01,2.400279999999999916e+02
1.224699999999999989e+01,3.595000000000000195e+00,9.807999999999999829e+00,6.213000000000000078e+00,6.757711195718147934e-01,2.339050000000000011e+02,1.234800000000000075e+01,3.783999999999999808e+00,9.933999999999999275e+00,6.150000000000000355e+00,6.838345240073102627e-01,2.400660000000000025e+02
1.226099999999999923e+01,3.670999999999999819e+00,9.893000000000000682e+00,6.222000000000000419e+00,6.765436186061909440e-01,2.338290000000000077e+02,1.236100000000000065e+01,3.733000000000000096e+00,9.896000000000000796e+00,6.163000000000000256e+00,6.845544664119178613e-01,2.401039999999999850e+02
1.227899999999999991e+01,3.645999999999999908e+00,9.881999999999999673e+00,6.235999999999999766e+00,6.775368316503889154e-01,2.338540000000000134e+02,1.237899999999999956e+01,3.795999999999999819e+00,9.942999999999999616e+00,6.147000000000000242e+00,6.855513097413745705e-01,2.400569999999999879e+02
1.229100000000000037e+01,3.596000000000000085e+00,9.832000000000000739e+00,6.235999999999999766e+00,6.781989736798542667e-01,2.339039999999999964e+02,1.239100000000000001e+01,3.795999999999999819e+00,9.920999999999999375e+00,6.125000000000000000e+00,6.862158719610124136e-01,2.400790000000000077e+02
1.230799999999999983e+01,3.696000000000000174e+00,9.906000000000000583e+00,6.209999999999999964e+00,6.791370082215968385e-01,2.338040000000000020e+02,1.240399999999999991e+01,3.745999999999999996e+00,9.859999999999999432e+00,6.113999999999999879e+00,6.869358143656200122e-01,2.401399999999999864e+02
1.232199999999999918e+01,3.669999999999999929e+00,9.882999999999999119e+00,6.213000000000000078e+00,6.799095072559729891e-01,2.338300000000000125e+02,1.242200000000000060e+01,3.795999999999999819e+00,9.893000000000000682e+00,6.097000000000000419e+00,6.879326576950767214e-01,2.401069999999999993e+02
1.233500000000000085e+01,3.669999999999999929e+00,9.890000000000000568e+00,6.219999999999999751e+00,6.806268277878938511e-01,2.338300000000000125e+02,1.243500000000000050e+01,3.810000000000000053e+00,9.894000000000000128e+00,6.083999999999999631e+00,6.886526000996844310e-01,2.401059999999999945e+02
1.235200000000000031e+01,3.669000000000000039e+00,9.878000000000000114e+00,6.208999999999999631e+00,6.815648623296363118e-01,2.338309999999999889e+02,1.244800000000000040e+01,3.846000000000000085e+00,9.929999999999999716e+00,6.083999999999999631e+00,6.893725425042920296e-01,2.400699999999999932e+02
1.236500000000000021e+01,3.645000000000000018e+00,9.840999999999999304e+00,6.195999999999999730e+00,6.822821828615570627e-01,2.338549999999999898e+02,1.246100000000000030e+01,3.922000000000000153e+00,9.980000000000000426e+00,6.057999999999999829e+00,6.900924849088996282e-01,2.400200000000000102e+02
1.237800000000000011e+01,3.644000000000000128e+00,9.864000000000000767e+00,6.219999999999999751e+00,6.829995033934778137e-01,2.338559999999999945e+02,1.248300000000000054e+01,3.884999999999999787e+00,9.967999999999999972e+00,6.083000000000000185e+00,6.913108489782356925e-01,2.400320000000000107e+02
1.239600000000000080e+01,3.619000000000000217e+00,9.840999999999999304e+00,6.222000000000000419e+00,6.839927164376758961e-01,2.338810000000000002e+02,1.249600000000000044e+01,3.895999999999999908e+00,9.967000000000000526e+00,6.070999999999999730e+00,6.920307913828432911e-01,2.400329999999999870e+02
1.240900000000000070e+01,3.607000000000000206e+00,9.830000000000000071e+00,6.222999999999999865e+00,6.847100369695966471e-01,2.338930000000000007e+02,1.251399999999999935e+01,3.833000000000000185e+00,9.881999999999999673e+00,6.049000000000000377e+00,6.930276347122998892e-01,2.401179999999999950e+02
1.242600000000000016e+01,3.644000000000000128e+00,9.875999999999999446e+00,6.232000000000000206e+00,6.856480715113391078e-01,2.338559999999999945e+02,1.252699999999999925e+01,3.833000000000000185e+00,9.881000000000000227e+00,6.048000000000000043e+00,6.937475771169075989e-01,2.401189999999999998e+02
1.243900000000000006e+01,3.619000000000000217e+00,9.852999999999999758e+00,6.233999999999999986e+00,6.863653920432598587e-01,2.338810000000000002e+02,1.253999999999999915e+01,3.919999999999999929e+00,9.942000000000000171e+00,6.022000000000000242e+00,6.944675195215151975e-01,2.400579999999999927e+02
1.245599999999999952e+01,3.632000000000000117e+00,9.864000000000000767e+00,6.232000000000000206e+00,6.873034265850024305e-01,2.338679999999999950e+02,1.255700000000000038e+01,3.870999999999999996e+00,9.880000000000000782e+00,6.009000000000000341e+00,6.954089826660021512e-01,2.401200000000000045e+02
1.246899999999999942e+01,3.642999999999999794e+00,9.887000000000000455e+00,6.243999999999999773e+00,6.880207471169231814e-01,2.338569999999999993e+02,1.257000000000000028e+01,3.845000000000000195e+00,9.877000000000000668e+00,6.032000000000000028e+00,6.961289250706097498e-01,2.401229999999999905e+02
1.248399999999999999e+01,3.644000000000000128e+00,9.877000000000000668e+00,6.232999999999999652e+00,6.888484246537548428e-01,2.338559999999999945e+02,1.258699999999999974e+01,3.894000000000000128e+00,9.939000000000000057e+00,6.044999999999999929e+00,6.970703882150967035e-01,2.400610000000000070e+02
1.249699999999999989e+01,3.668000000000000149e+00,9.900000000000000355e+00,6.232000000000000206e+00,6.895657451856755937e-01,2.338319999999999936e+02,1.259999999999999964e+01,3.919999999999999929e+00,9.928000000000000824e+00,6.008000000000000007e+00,6.977903306197043021e-01,2.400720000000000027e+02
1.251399999999999935e+01,3.656000000000000139e+00,9.887999999999999901e+00,6.232000000000000206e+00,6.905037797274180544e-01,2.338439999999999941e+02,1.261299999999999955e+01,3.971000000000000085e+00,9.951999999999999957e+00,5.980999999999999872e+00,6.985102730243119007e-01,2.400480000000000018e+02
1.253100000000000058e+01,3.681000000000000050e+00,9.887000000000000455e+00,6.206000000000000405e+00,6.914418142691607372e-01,2.338189999999999884e+02,1.263000000000000078e+01,3.970000000000000195e+00,9.939999999999999503e+00,5.969999999999999751e+00,6.994517361687988544e-01,2.400600000000000023e+02
1.254299999999999926e+01,3.668000000000000149e+00,9.874000000000000554e+00,6.206000000000000405e+00,6.921039562986259774e-01,2.338319999999999936e+02,1.264300000000000068e+01,3.908999999999999808e+00,9.867000000000000881e+00,5.958000000000000185e+00,7.001716785734064530e-01,2.401330000000000098e+02
1.256199999999999939e+01,3.568000000000000060e+00,9.800000000000000711e+00,6.232000000000000206e+00,6.931523478452793485e-01,2.339319999999999879e+02,1.265700000000000003e+01,3.958000000000000185e+00,9.913000000000000256e+00,5.955000000000000071e+00,7.009470011629839181e-01,2.400869999999999891e+02
1.257499999999999929e+01,3.604000000000000092e+00,9.849000000000000199e+00,6.245000000000000107e+00,6.938696683772000995e-01,2.338959999999999866e+02,1.267800000000000082e+01,3.932999999999999829e+00,9.897999999999999687e+00,5.964999999999999858e+00,7.021099850473501158e-01,2.401020000000000039e+02
1.259200000000000053e+01,3.616999999999999993e+00,9.859999999999999432e+00,6.243000000000000327e+00,6.948077029189427822e-01,2.338830000000000098e+02,1.269100000000000072e+01,3.882000000000000117e+00,9.851000000000000867e+00,5.969000000000000306e+00,7.028299274519577144e-01,2.401490000000000009e+02
1.260500000000000043e+01,3.592000000000000082e+00,9.833999999999999631e+00,6.241999999999999993e+00,6.955250234508635332e-01,2.339079999999999870e+02,1.270400000000000063e+01,3.932999999999999829e+00,9.900000000000000355e+00,5.966999999999999638e+00,7.035498698565654241e-01,2.400999999999999943e+02
1.262199999999999989e+01,3.653999999999999915e+00,9.882999999999999119e+00,6.229000000000000092e+00,6.964630579926059939e-01,2.338460000000000036e+02,1.272199999999999953e+01,3.869000000000000217e+00,9.851000000000000867e+00,5.982000000000000206e+00,7.045467131860220222e-01,2.401490000000000009e+02
1.263899999999999935e+01,3.629999999999999893e+00,9.846999999999999531e+00,6.216999999999999638e+00,6.974010925343485656e-01,2.338700000000000045e+02,1.273499999999999943e+01,3.869000000000000217e+00,9.851000000000000867e+00,5.982000000000000206e+00,7.052666555906296209e-01,2.401490000000000009e+02
1.265199999999999925e+01,3.641999999999999904e+00,9.848000000000000753e+00,6.206000000000000405e+00,6.981184130662693166e-01,2.338580000000000041e+02,1.274799999999999933e+01,3.880999999999999783e+00,9.862999999999999545e+00,5.982000000000000206e+00,7.059865979952373305e-01,2.401370000000000005e+02
1.267099999999999937e+01,3.654999999999999805e+00,9.869999999999999218e+00,6.214999999999999858e+00,6.991668046129226877e-01,2.338449999999999989e+02,1.276600000000000001e+01,3.869000000000000217e+00,9.862999999999999545e+00,5.993999999999999773e+00,7.069834413246940397e-01,2.401370000000000005e+02
1.268299999999999983e+01,3.629999999999999893e+00,9.833999999999999631e+00,6.203999999999999737e+00,6.998289466423880389e-01,2.338700000000000045e+02,1.277899999999999991e+01,3.919000000000000039e+00,9.885999999999999233e+00,5.966999999999999638e+00,7.077033837293016383e-01,2.401140000000000043e+02
1.270100000000000051e+01,3.678999999999999826e+00,9.894999999999999574e+00,6.216000000000000192e+00,7.008221596865861214e-01,2.338209999999999980e+02,1.279100000000000037e+01,3.892999999999999794e+00,9.884000000000000341e+00,5.990999999999999659e+00,7.083679459489394814e-01,2.401159999999999854e+02
1.271799999999999997e+01,3.629000000000000004e+00,9.843999999999999417e+00,6.214999999999999858e+00,7.017601942283285821e-01,2.338710000000000093e+02,1.280899999999999928e+01,3.855999999999999872e+00,9.849000000000000199e+00,5.993000000000000327e+00,7.093647892783961906e-01,2.401510000000000105e+02
1.273099999999999987e+01,3.654999999999999805e+00,9.867000000000000881e+00,6.211999999999999744e+00,7.024775147602493330e-01,2.338449999999999989e+02,1.282199999999999918e+01,3.882000000000000117e+00,9.894000000000000128e+00,6.011999999999999567e+00,7.100847316830037892e-01,2.401059999999999945e+02
1.274900000000000055e+01,3.690999999999999837e+00,9.916999999999999815e+00,6.225999999999999979e+00,7.034707278044473044e-01,2.338089999999999975e+02,1.283900000000000041e+01,3.879999999999999893e+00,9.846999999999999531e+00,5.966999999999999638e+00,7.110261948274907429e-01,2.401529999999999916e+02
1.276600000000000001e+01,3.666999999999999815e+00,9.894000000000000128e+00,6.227000000000000313e+00,7.044087623461898762e-01,2.338329999999999984e+02,1.285200000000000031e+01,3.854999999999999982e+00,9.849000000000000199e+00,5.993999999999999773e+00,7.117461372320984525e-01,2.401510000000000105e+02
1.279199999999999982e+01,3.677999999999999936e+00,9.944000000000000838e+00,6.266000000000000014e+00,7.058434034100313781e-01,2.338220000000000027e+02,1.286500000000000021e+01,3.880999999999999783e+00,9.881999999999999673e+00,6.001000000000000334e+00,7.124660796367060511e-01,2.401179999999999950e+02
1.280499999999999972e+01,3.665999999999999925e+00,9.917999999999999261e+00,6.251999999999999780e+00,7.065607239419521290e-01,2.338340000000000032e+02,1.288199999999999967e+01,3.842000000000000082e+00,9.832000000000000739e+00,5.990000000000000213e+00,7.134075427811928938e-01,2.401680000000000064e+02
1.282199999999999918e+01,3.716000000000000192e+00,9.941000000000000725e+00,6.224999999999999645e+00,7.074987584836945897e-01,2.337839999999999918e+02,1.289600000000000080e+01,3.854000000000000092e+00,9.858000000000000540e+00,6.003999999999999559e+00,7.141828653707703589e-01,2.401419999999999959e+02
1.283500000000000085e+01,3.702999999999999847e+00,9.916999999999999815e+00,6.214000000000000412e+00,7.082160790156154517e-01,2.337969999999999970e+02,1.291300000000000026e+01,3.903999999999999915e+00,9.880000000000000782e+00,5.975999999999999979e+00,7.151243285152573126e-01,2.401200000000000045e+02
1.285299999999999976e+01,3.689999999999999947e+00,9.881000000000000227e+00,6.190999999999999837e+00,7.092092920598134231e-01,2.338100000000000023e+02,1.292600000000000016e+01,3.891999999999999904e+00,9.868999999999999773e+00,5.977000000000000313e+00,7.158442709198649112e-01,2.401310000000000002e+02
1.286599999999999966e+01,3.701999999999999957e+00,9.903000000000000469e+00,6.200999999999999623e+00,7.099266125917341741e-01,2.337980000000000018e+02,1.293900000000000006e+01,3.967000000000000082e+00,9.942000000000000171e+00,5.974999999999999645e+00,7.165642133244725098e-01,2.400579999999999927e+02
1.288400000000000034e+01,3.641000000000000014e+00,9.855000000000000426e+00,6.214000000000000412e+00,7.109198256359321455e-01,2.338590000000000089e+02,1.295700000000000074e+01,3.916999999999999815e+00,9.868000000000000327e+00,5.950999999999999623e+00,7.175610566539293300e-01,2.401320000000000050e+02
1.290099999999999980e+01,3.704000000000000181e+00,9.928000000000000824e+00,6.224000000000000199e+00,7.118578601776747172e-01,2.337959999999999923e+02,1.297000000000000064e+01,3.879999999999999893e+00,9.830000000000000071e+00,5.950000000000000178e+00,7.182809990585369286e-01,2.401699999999999875e+02
1.291799999999999926e+01,3.716000000000000192e+00,9.926999999999999602e+00,6.211000000000000298e+00,7.127958947194171779e-01,2.337839999999999918e+02,1.298799999999999955e+01,3.967000000000000082e+00,9.916000000000000369e+00,5.948999999999999844e+00,7.192778423879935268e-01,2.400840000000000032e+02
1.293599999999999994e+01,3.714999999999999858e+00,9.890000000000000568e+00,6.174999999999999822e+00,7.137891077636152604e-01,2.337849999999999966e+02,1.300000000000000000e+01,3.829000000000000181e+00,9.789999999999999147e+00,5.961000000000000298e+00,7.199424046076313699e-01,2.402100000000000080e+02
1.295299999999999940e+01,3.738999999999999879e+00,9.925000000000000711e+00,6.185999999999999943e+00,7.147271423053577211e-01,2.337609999999999957e+02,1.301699999999999946e+01,3.802999999999999936e+00,9.766000000000000014e+00,5.963000000000000078e+00,7.208838677521183236e-01,2.402340000000000089e+02
1.297000000000000064e+01,3.714999999999999858e+00,9.862999999999999545e+00,6.147999999999999687e+00,7.156651768471002928e-01,2.337849999999999966e+02,1.302999999999999936e+01,3.879999999999999893e+00,9.826999999999999957e+00,5.947000000000000064e+00,7.216038101567259222e-01,2.401730000000000018e+02
1.298799999999999955e+01,3.814999999999999947e+00,9.974000000000000199e+00,6.158999999999999808e+00,7.166583898912982642e-01,2.336850000000000023e+02,1.304800000000000004e+01,3.815999999999999837e+00,9.801999999999999602e+00,5.985999999999999766e+00,7.226006534861826314e-01,2.401980000000000075e+02
1.300500000000000078e+01,3.765000000000000124e+00,9.925000000000000711e+00,6.160000000000000142e+00,7.175964244330408359e-01,2.337350000000000136e+02,1.306099999999999994e+01,3.891000000000000014e+00,9.903000000000000469e+00,6.011999999999999567e+00,7.233205958907903410e-01,2.400970000000000084e+02
1.302200000000000024e+01,3.838999999999999968e+00,9.987999999999999545e+00,6.149000000000000021e+00,7.185344589747834076e-01,2.336610000000000014e+02,1.307900000000000063e+01,3.915999999999999925e+00,9.926999999999999602e+00,6.011000000000000121e+00,7.243174392202470502e-01,2.400730000000000075e+02
1.303999999999999915e+01,3.789000000000000146e+00,9.923999999999999488e+00,6.134999999999999787e+00,7.195276720189812680e-01,2.337110000000000127e+02,1.309099999999999930e+01,3.829000000000000181e+00,9.865999999999999659e+00,6.036999999999999922e+00,7.249820014398847823e-01,2.401340000000000146e+02
1.305700000000000038e+01,3.713999999999999968e+00,9.849999999999999645e+00,6.136000000000000121e+00,7.204657065607238398e-01,2.337860000000000014e+02,1.310899999999999999e+01,3.927000000000000046e+00,9.962999999999999190e+00,6.035999999999999588e+00,7.259788447693416025e-01,2.400370000000000061e+02
1.307099999999999973e+01,3.838999999999999968e+00,9.948000000000000398e+00,6.108999999999999986e+00,7.212382055951001014e-01,2.336610000000000014e+02,1.312199999999999989e+01,3.865000000000000213e+00,9.887000000000000455e+00,6.022000000000000242e+00,7.266987871739492011e-01,2.401129999999999995e+02
1.308799999999999919e+01,3.753000000000000114e+00,9.862999999999999545e+00,6.110000000000000320e+00,7.221762401368425621e-01,2.337470000000000141e+02,1.313499999999999979e+01,3.814000000000000057e+00,9.849999999999999645e+00,6.035999999999999588e+00,7.274187295785567997e-01,2.401500000000000057e+02
1.310500000000000043e+01,3.777000000000000135e+00,9.910999999999999588e+00,6.134000000000000341e+00,7.231142746785851338e-01,2.337230000000000132e+02,1.315199999999999925e+01,3.939000000000000057e+00,9.962999999999999190e+00,6.024000000000000021e+00,7.283601927230436424e-01,2.400370000000000061e+02
1.312599999999999945e+01,3.789000000000000146e+00,9.923999999999999488e+00,6.134999999999999787e+00,7.242730232301494153e-01,2.337110000000000127e+02,1.316499999999999915e+01,3.801000000000000156e+00,9.849000000000000199e+00,6.048000000000000043e+00,7.290801351276513520e-01,2.401510000000000105e+02
1.314400000000000013e+01,3.813000000000000167e+00,9.960000000000000853e+00,6.147000000000000242e+00,7.252662362743474977e-01,2.336870000000000118e+02,1.318299999999999983e+01,3.814000000000000057e+00,9.849000000000000199e+00,6.035000000000000142e+00,7.300769784571080612e-01,2.401510000000000105e+02
1.316099999999999959e+01,3.838999999999999968e+00,9.983999999999999986e+00,6.144999999999999574e+00,7.262042708160899585e-01,2.336610000000000014e+02,1.319599999999999973e+01,3.902000000000000135e+00,9.961999999999999744e+00,6.059999999999999609e+00,7.307969208617156598e-01,2.400380000000000109e+02
1.317300000000000004e+01,3.676000000000000156e+00,9.846999999999999531e+00,6.171000000000000263e+00,7.268664128455553097e-01,2.338240000000000123e+02,1.320899999999999963e+01,3.814000000000000057e+00,9.887999999999999901e+00,6.073999999999999844e+00,7.315168632663233694e-01,2.401119999999999948e+02
1.318999999999999950e+01,3.737999999999999989e+00,9.932999999999999829e+00,6.195000000000000284e+00,7.278044473872977704e-01,2.337620000000000005e+02,1.322600000000000087e+01,3.863999999999999879e+00,9.922000000000000597e+00,6.057999999999999829e+00,7.324583264108103231e-01,2.400780000000000030e+02
1.320899999999999963e+01,3.662999999999999812e+00,9.858999999999999986e+00,6.195999999999999730e+00,7.288528389339512525e-01,2.338369999999999891e+02,1.324300000000000033e+01,3.912999999999999812e+00,9.994999999999999218e+00,6.081999999999999851e+00,7.333997895552971658e-01,2.400049999999999955e+02
1.322600000000000087e+01,3.676000000000000156e+00,9.836000000000000298e+00,6.160000000000000142e+00,7.297908734756938243e-01,2.338240000000000123e+02,1.325699999999999967e+01,3.787999999999999812e+00,9.885999999999999233e+00,6.097999999999999865e+00,7.341751121448745199e-01,2.401140000000000043e+02
1.324300000000000033e+01,3.813000000000000167e+00,9.919999999999999929e+00,6.107000000000000206e+00,7.307289080174363960e-01,2.336870000000000118e+02,1.327399999999999913e+01,3.887999999999999901e+00,9.994999999999999218e+00,6.107000000000000206e+00,7.351165752893614735e-01,2.400049999999999955e+02
1.326099999999999923e+01,3.713000000000000078e+00,9.846000000000000085e+00,6.133000000000000007e+00,7.317221210616342564e-01,2.337870000000000061e+02,1.328700000000000081e+01,3.837000000000000188e+00,9.970000000000000639e+00,6.133000000000000007e+00,7.358365176939691832e-01,2.400300000000000011e+02
1.327399999999999913e+01,3.737000000000000099e+00,9.916999999999999815e+00,6.179999999999999716e+00,7.324394415935550073e-01,2.337630000000000052e+02,1.330499999999999972e+01,3.787999999999999812e+00,9.896000000000000796e+00,6.107999999999999652e+00,7.368333610234257813e-01,2.401039999999999850e+02
1.329100000000000037e+01,3.749000000000000110e+00,9.894000000000000128e+00,6.144999999999999574e+00,7.333774761352976901e-01,2.337510000000000048e+02,1.331799999999999962e+01,3.938000000000000167e+00,1.001900000000000013e+01,6.081000000000000405e+00,7.375533034280334910e-01,2.399809999999999945e+02
1.330899999999999928e+01,3.686999999999999833e+00,9.894000000000000128e+00,6.206999999999999851e+00,7.343706891794955505e-01,2.338129999999999882e+02,1.333500000000000085e+01,3.811999999999999833e+00,9.920999999999999375e+00,6.108999999999999986e+00,7.384947665725204446e-01,2.400790000000000077e+02
1.332600000000000051e+01,3.762000000000000011e+00,9.965999999999999304e+00,6.203999999999999737e+00,7.353087237212381222e-01,2.337379999999999995e+02,1.335299999999999976e+01,3.801000000000000156e+00,9.896000000000000796e+00,6.094999999999999751e+00,7.394916099019770428e-01,2.401039999999999850e+02
1.334299999999999997e+01,3.625000000000000000e+00,9.820000000000000284e+00,6.195000000000000284e+00,7.362467582629806939e-01,2.338750000000000000e+02,1.336599999999999966e+01,3.899999999999999911e+00,9.981999999999999318e+00,6.081999999999999851e+00,7.402115523065847524e-01,2.400180000000000007e+02
1.335999999999999943e+01,3.737000000000000099e+00,9.952999999999999403e+00,6.216000000000000192e+00,7.371847928047231546e-01,2.337630000000000052e+02,1.338299999999999912e+01,3.801000000000000156e+00,9.907999999999999474e+00,6.107000000000000206e+00,7.411530154510715951e-01,2.400920000000000130e+02
1.337899999999999956e+01,3.724000000000000199e+00,9.926999999999999602e+00,6.203000000000000291e+00,7.382331843513766367e-01,2.337760000000000105e+02,1.339600000000000080e+01,3.875999999999999890e+00,9.990999999999999659e+00,6.115000000000000213e+00,7.418729578556793047e-01,2.400090000000000146e+02
1.339600000000000080e+01,3.710999999999999854e+00,9.891999999999999460e+00,6.181000000000000050e+00,7.391712188931192085e-01,2.337889999999999873e+02,1.341399999999999970e+01,3.875999999999999890e+00,1.000300000000000011e+01,6.126999999999999780e+00,7.428698011851360139e-01,2.399970000000000141e+02
1.341300000000000026e+01,3.749000000000000110e+00,9.929000000000000270e+00,6.179999999999999716e+00,7.401092534348616692e-01,2.337510000000000048e+02,1.342699999999999960e+01,3.786999999999999922e+00,9.917999999999999261e+00,6.131000000000000227e+00,7.435897435897436125e-01,2.400819999999999936e+02
1.342999999999999972e+01,3.674999999999999822e+00,9.853999999999999204e+00,6.179000000000000270e+00,7.410472879766042409e-01,2.338249999999999886e+02,1.343999999999999950e+01,3.875999999999999890e+00,1.001600000000000001e+01,6.139999999999999680e+00,7.443096859943512111e-01,2.399840000000000089e+02
1.344800000000000040e+01,3.786000000000000032e+00,9.964000000000000412e+00,6.177999999999999936e+00,7.420405010208022123e-01,2.337139999999999986e+02,1.345700000000000074e+01,3.835999999999999854e+00,9.990999999999999659e+00,6.155000000000000249e+00,7.452511491388381648e-01,2.400090000000000146e+02
1.346499999999999986e+01,3.709999999999999964e+00,9.939000000000000057e+00,6.229000000000000092e+00,7.429785355625447840e-01,2.337899999999999920e+02,1.347499999999999964e+01,3.786999999999999922e+00,9.932000000000000384e+00,6.144999999999999574e+00,7.462479924682948740e-01,2.400680000000000121e+02
1.348700000000000010e+01,3.785000000000000142e+00,9.977000000000000313e+00,6.192000000000000171e+00,7.441924626165644652e-01,2.337150000000000034e+02,1.348799999999999955e+01,3.874000000000000110e+00,1.002899999999999991e+01,6.155000000000000249e+00,7.469679348729024726e-01,2.399710000000000036e+02
1.350399999999999956e+01,3.748000000000000220e+00,9.962999999999999190e+00,6.214999999999999858e+00,7.451304971583070369e-01,2.337520000000000095e+02,1.350399999999999956e+01,3.798999999999999932e+00,9.941000000000000725e+00,6.142000000000000348e+00,7.478540178324195598e-01,2.400589999999999975e+02
1.351699999999999946e+01,3.673999999999999932e+00,9.888999999999999346e+00,6.214999999999999858e+00,7.458478176902277879e-01,2.338259999999999934e+02,1.351699999999999946e+01,3.774000000000000021e+00,9.916000000000000369e+00,6.142000000000000348e+00,7.485739602370271584e-01,2.400840000000000032e+02
1.353500000000000014e+01,3.786000000000000032e+00,1.001200000000000045e+01,6.225999999999999979e+00,7.468410307344257593e-01,2.337139999999999986e+02,1.353500000000000014e+01,3.861000000000000210e+00,9.990000000000000213e+00,6.128999999999999559e+00,7.495708035664839786e-01,2.400099999999999909e+02
1.355199999999999960e+01,3.648000000000000131e+00,9.900999999999999801e+00,6.253000000000000114e+00,7.477790652761683310e-01,2.338520000000000039e+02,1.354800000000000004e+01,3.786000000000000032e+00,9.928000000000000824e+00,6.142000000000000348e+00,7.502907459710915772e-01,2.400720000000000027e+02
1.356600000000000072e+01,3.709999999999999964e+00,9.958999999999999631e+00,6.248999999999999666e+00,7.485515643105445927e-01,2.337899999999999920e+02,1.356600000000000072e+01,3.810999999999999943e+00,9.939999999999999503e+00,6.128999999999999559e+00,7.512875893005482864e-01,2.400600000000000023e+02
1.358200000000000074e+01,3.721999999999999975e+00,9.935000000000000497e+00,6.213000000000000078e+00,7.494344203498316537e-01,2.337779999999999916e+02,1.357900000000000063e+01,3.837000000000000188e+00,9.974999999999999645e+00,6.137999999999999901e+00,7.520075317051559960e-01,2.400250000000000057e+02
1.359600000000000009e+01,3.684000000000000163e+00,9.851000000000000867e+00,6.166999999999999815e+00,7.502069193842078043e-01,2.338160000000000025e+02,1.359600000000000009e+01,3.786999999999999922e+00,9.939999999999999503e+00,6.152999999999999581e+00,7.529489948496428386e-01,2.400600000000000023e+02
1.361299999999999955e+01,3.733999999999999986e+00,9.910999999999999588e+00,6.176999999999999602e+00,7.511449539259503760e-01,2.337659999999999911e+02,1.360899999999999999e+01,3.823999999999999844e+00,9.987999999999999545e+00,6.163999999999999702e+00,7.536689372542504373e-01,2.400120000000000005e+02
1.362599999999999945e+01,3.709000000000000075e+00,9.912000000000000810e+00,6.203000000000000291e+00,7.518622744578711270e-01,2.337909999999999968e+02,1.362599999999999945e+01,3.786000000000000032e+00,9.951000000000000512e+00,6.165000000000000036e+00,7.546104003987372799e-01,2.400490000000000066e+02
1.364300000000000068e+01,3.709000000000000075e+00,9.898999999999999133e+00,6.190000000000000391e+00,7.528003089996136987e-01,2.337909999999999968e+02,1.363899999999999935e+01,3.722999999999999865e+00,9.878999999999999559e+00,6.155999999999999694e+00,7.553303428033449896e-01,2.401210000000000093e+02
1.365700000000000003e+01,3.773000000000000131e+00,9.960000000000000853e+00,6.187000000000000277e+00,7.535728080339898494e-01,2.337270000000000039e+02,1.365300000000000047e+01,3.771999999999999797e+00,9.925000000000000711e+00,6.152999999999999581e+00,7.561056653929224547e-01,2.400749999999999886e+02
1.367399999999999949e+01,3.684000000000000163e+00,9.874000000000000554e+00,6.190000000000000391e+00,7.545108425757324211e-01,2.338160000000000025e+02,1.366999999999999993e+01,3.734999999999999876e+00,9.888999999999999346e+00,6.153999999999999915e+00,7.570471285374092973e-01,2.401109999999999900e+02
1.368699999999999939e+01,3.658999999999999808e+00,9.849999999999999645e+00,6.190999999999999837e+00,7.552281631076531720e-01,2.338410000000000082e+02,1.368299999999999983e+01,3.660000000000000142e+00,9.826999999999999957e+00,6.166999999999999815e+00,7.577670709420170070e-01,2.401730000000000018e+02
1.370400000000000063e+01,3.746999999999999886e+00,9.935000000000000497e+00,6.187999999999999723e+00,7.561661976493957438e-01,2.337529999999999859e+02,1.369999999999999929e+01,3.722999999999999865e+00,9.890000000000000568e+00,6.166999999999999815e+00,7.587085340865038496e-01,2.401100000000000136e+02
1.371799999999999997e+01,3.697000000000000064e+00,9.885999999999999233e+00,6.189000000000000057e+00,7.569386966837718944e-01,2.338029999999999973e+02,1.371299999999999919e+01,3.724000000000000199e+00,9.878000000000000114e+00,6.153999999999999915e+00,7.594284764911114483e-01,2.401220000000000141e+02
1.373499999999999943e+01,3.670999999999999819e+00,9.884000000000000341e+00,6.213000000000000078e+00,7.578767312255144661e-01,2.338290000000000077e+02,1.373000000000000043e+01,3.697999999999999954e+00,9.851000000000000867e+00,6.152999999999999581e+00,7.603699396355984019e-01,2.401490000000000009e+02
1.374699999999999989e+01,3.733000000000000096e+00,9.957000000000000739e+00,6.224000000000000199e+00,7.585388732549798174e-01,2.337669999999999959e+02,1.374399999999999977e+01,3.759999999999999787e+00,9.935999999999999943e+00,6.176000000000000156e+00,7.611452622251758671e-01,2.400639999999999930e+02
1.376500000000000057e+01,3.658999999999999808e+00,9.909000000000000696e+00,6.250000000000000000e+00,7.595320862991777888e-01,2.338410000000000082e+02,1.376099999999999923e+01,3.722999999999999865e+00,9.923999999999999488e+00,6.200999999999999623e+00,7.620867253696627097e-01,2.400759999999999934e+02
1.377800000000000047e+01,3.721000000000000085e+00,9.971000000000000085e+00,6.250000000000000000e+00,7.602494068310985398e-01,2.337789999999999964e+02,1.377399999999999913e+01,3.733999999999999986e+00,9.974000000000000199e+00,6.240000000000000213e+00,7.628066677742703083e-01,2.400260000000000105e+02
1.379499999999999993e+01,3.709000000000000075e+00,9.971999999999999531e+00,6.262999999999999901e+00,7.611874413728411115e-01,2.337909999999999968e+02,1.379199999999999982e+01,3.783999999999999808e+00,1.001999999999999957e+01,6.235999999999999766e+00,7.638035111037271285e-01,2.399799999999999898e+02
1.381300000000000061e+01,3.657999999999999918e+00,9.932999999999999829e+00,6.275000000000000355e+00,7.621806544170390829e-01,2.338420000000000130e+02,1.380899999999999928e+01,3.697000000000000064e+00,9.948999999999999844e+00,6.251999999999999780e+00,7.647449742482139712e-01,2.400509999999999877e+02
1.382600000000000051e+01,3.770999999999999908e+00,1.003200000000000003e+01,6.261000000000000121e+00,7.628979749489598339e-01,2.337290000000000134e+02,1.382300000000000040e+01,3.748000000000000220e+00,9.984999999999999432e+00,6.237000000000000099e+00,7.655202968377914363e-01,2.400149999999999864e+02
1.384299999999999997e+01,3.709000000000000075e+00,9.980999999999999872e+00,6.272000000000000242e+00,7.638360094907022946e-01,2.337909999999999968e+02,1.383999999999999986e+01,3.721000000000000085e+00,9.973000000000000753e+00,6.251999999999999780e+00,7.664617599822783900e-01,2.400269999999999868e+02
1.385599999999999987e+01,3.672000000000000153e+00,9.933999999999999275e+00,6.261999999999999567e+00,7.645533300226231566e-01,2.338280000000000030e+02,1.385299999999999976e+01,3.658999999999999808e+00,9.922000000000000597e+00,6.262999999999999901e+00,7.671817023868859886e-01,2.400780000000000030e+02
1.387400000000000055e+01,3.758000000000000007e+00,1.002100000000000080e+01,6.262999999999999901e+00,7.655465430668211280e-01,2.337419999999999902e+02,1.386999999999999922e+01,3.733999999999999986e+00,9.996999999999999886e+00,6.262999999999999901e+00,7.681231655313728313e-01,2.400029999999999859e+02
1.389100000000000001e+01,3.682999999999999829e+00,9.957000000000000739e+00,6.274000000000000021e+00,7.664845776085635887e-01,2.338170000000000073e+02,1.388199999999999967e+01,3.733999999999999986e+00,9.996000000000000441e+00,6.261999999999999567e+00,7.687877277510106744e-01,2.400039999999999907e+02
1.390900000000000070e+01,3.684000000000000163e+00,9.992000000000000881e+00,6.307999999999999829e+00,7.674777906527616711e-01,2.338160000000000025e+02,1.390099999999999980e+01,3.709000000000000075e+00,9.970000000000000639e+00,6.261000000000000121e+00,7.698399512654372501e-01,2.400300000000000011e+02
1.392600000000000016e+01,3.758000000000000007e+00,1.002800000000000047e+01,6.269999999999999574e+00,7.684158251945041318e-01,2.337419999999999902e+02,1.391399999999999970e+01,3.797000000000000153e+00,1.004499999999999993e+01,6.248000000000000220e+00,7.705598936700448487e-01,2.399550000000000125e+02
1.394299999999999962e+01,3.721999999999999975e+00,9.970000000000000639e+00,6.248000000000000220e+00,7.693538597362467035e-01,2.337779999999999916e+02,1.393099999999999916e+01,3.782999999999999918e+00,1.004499999999999993e+01,6.261999999999999567e+00,7.715013568145316913e-01,2.399550000000000125e+02
1.396100000000000030e+01,3.846000000000000085e+00,1.007000000000000028e+01,6.224000000000000199e+00,7.703470727804446749e-01,2.336539999999999964e+02,1.394899999999999984e+01,3.782999999999999918e+00,1.003299999999999947e+01,6.250000000000000000e+00,7.724982001439885115e-01,2.399670000000000130e+02
1.397799999999999976e+01,3.770999999999999908e+00,1.001900000000000013e+01,6.248000000000000220e+00,7.712851073221871356e-01,2.337290000000000134e+02,1.396199999999999974e+01,3.846999999999999975e+00,1.008099999999999952e+01,6.233999999999999986e+00,7.732181425485961102e-01,2.399190000000000111e+02
1.399099999999999966e+01,3.785000000000000142e+00,1.000699999999999967e+01,6.222000000000000419e+00,7.720024278541079976e-01,2.337150000000000034e+02,1.397799999999999976e+01,3.782999999999999918e+00,1.002100000000000080e+01,6.238000000000000433e+00,7.741042255081131973e-01,2.399789999999999850e+02
1.400799999999999912e+01,3.806999999999999940e+00,1.004199999999999982e+01,6.235000000000000320e+00,7.729404623958504583e-01,2.336930000000000121e+02,1.399099999999999966e+01,3.771999999999999797e+00,1.003200000000000003e+01,6.259999999999999787e+00,7.748241679127207959e-01,2.399679999999999893e+02
1.402599999999999980e+01,3.708000000000000185e+00,9.919000000000000483e+00,6.211000000000000298e+00,7.739336754400484297e-01,2.337920000000000016e+02,1.400900000000000034e+01,3.822000000000000064e+00,1.008200000000000074e+01,6.259999999999999787e+00,7.758210112421776161e-01,2.399180000000000064e+02
1.403899999999999970e+01,3.858000000000000096e+00,1.004199999999999982e+01,6.184000000000000163e+00,7.746509959719691807e-01,2.336419999999999959e+02,1.402200000000000024e+01,3.733000000000000096e+00,9.983999999999999986e+00,6.251000000000000334e+00,7.765409536467852147e-01,2.400159999999999911e+02
1.405599999999999916e+01,3.794999999999999929e+00,9.983000000000000540e+00,6.187999999999999723e+00,7.755890305137117524e-01,2.337050000000000125e+02,1.403899999999999970e+01,3.770999999999999908e+00,1.002899999999999991e+01,6.258000000000000007e+00,7.774824167912720574e-01,2.399710000000000036e+02
1.407000000000000028e+01,3.721999999999999975e+00,9.894000000000000128e+00,6.171999999999999709e+00,7.763615295480880141e-01,2.337779999999999916e+02,1.405199999999999960e+01,3.794999999999999929e+00,1.005400000000000027e+01,6.259000000000000341e+00,7.782023591958797670e-01,2.399459999999999980e+02
1.408699999999999974e+01,3.794999999999999929e+00,9.980999999999999872e+00,6.185999999999999943e+00,7.772995640898304748e-01,2.337050000000000125e+02,1.407000000000000028e+01,3.758000000000000007e+00,1.000399999999999956e+01,6.246000000000000441e+00,7.791992025253364762e-01,2.399960000000000093e+02
1.410399999999999920e+01,3.770999999999999908e+00,9.945000000000000284e+00,6.174000000000000377e+00,7.782375986315730465e-01,2.337290000000000134e+02,1.408300000000000018e+01,3.821000000000000174e+00,1.006600000000000072e+01,6.245000000000000107e+00,7.799191449299440748e-01,2.399339999999999975e+02
1.411800000000000033e+01,3.770999999999999908e+00,9.945000000000000284e+00,6.174000000000000377e+00,7.790100976659493082e-01,2.337290000000000134e+02,1.409999999999999964e+01,3.807999999999999829e+00,1.006799999999999962e+01,6.259999999999999787e+00,7.808606080744310285e-01,2.399319999999999879e+02
1.413499999999999979e+01,3.833000000000000185e+00,9.994999999999999218e+00,6.161999999999999922e+00,7.799481322076917689e-01,2.336670000000000016e+02,1.411299999999999955e+01,3.782999999999999918e+00,1.003200000000000003e+01,6.248999999999999666e+00,7.815805504790386271e-01,2.399679999999999893e+02
1.414799999999999969e+01,3.782999999999999918e+00,9.945999999999999730e+00,6.163000000000000256e+00,7.806654527396125198e-01,2.337170000000000130e+02,1.413100000000000023e+01,3.858000000000000096e+00,1.010500000000000043e+01,6.246999999999999886e+00,7.825773938084953363e-01,2.398950000000000102e+02
1.416499999999999915e+01,3.858000000000000096e+00,1.000799999999999912e+01,6.150000000000000355e+00,7.816034872813550916e-01,2.336419999999999959e+02,1.414400000000000013e+01,3.795999999999999819e+00,1.002999999999999936e+01,6.233999999999999986e+00,7.832973362131029349e-01,2.399699999999999989e+02
1.417800000000000082e+01,3.883000000000000007e+00,1.005400000000000027e+01,6.171000000000000263e+00,7.823208078132759535e-01,2.336169999999999902e+02,1.416099999999999959e+01,3.746999999999999886e+00,9.993000000000000327e+00,6.246000000000000441e+00,7.842387993575898886e-01,2.400070000000000050e+02
1.419500000000000028e+01,3.770999999999999908e+00,9.955000000000000071e+00,6.184000000000000163e+00,7.832588423550184142e-01,2.337290000000000134e+02,1.417399999999999949e+01,3.833000000000000185e+00,1.005400000000000027e+01,6.221000000000000085e+00,7.849587417621974872e-01,2.399459999999999980e+02
1.420899999999999963e+01,3.821000000000000174e+00,1.001800000000000068e+01,6.197000000000000064e+00,7.840313413893945649e-01,2.336790000000000020e+02,1.419200000000000017e+01,3.757000000000000117e+00,1.000500000000000078e+01,6.248000000000000220e+00,7.859555850916541964e-01,2.399950000000000045e+02
1.422600000000000087e+01,3.819999999999999840e+00,1.004199999999999982e+01,6.222000000000000419e+00,7.849693759311372476e-01,2.336800000000000068e+02,1.420400000000000063e+01,3.708000000000000185e+00,9.944000000000000838e+00,6.235999999999999766e+00,7.866201473112920395e-01,2.400560000000000116e+02
1.423900000000000077e+01,3.706999999999999851e+00,9.930999999999999162e+00,6.224000000000000199e+00,7.856866964630579986e-01,2.337930000000000064e+02,1.422199999999999953e+01,3.795999999999999819e+00,1.001699999999999946e+01,6.221000000000000085e+00,7.876169906407487487e-01,2.399830000000000041e+02
1.425600000000000023e+01,3.732000000000000206e+00,9.955999999999999517e+00,6.224000000000000199e+00,7.866247310048004593e-01,2.337680000000000007e+02,1.423499999999999943e+01,3.733000000000000096e+00,9.970000000000000639e+00,6.237000000000000099e+00,7.883369330453563473e-01,2.400300000000000011e+02
1.426900000000000013e+01,3.733000000000000096e+00,9.980000000000000426e+00,6.246999999999999886e+00,7.873420515367212102e-01,2.337669999999999959e+02,1.425200000000000067e+01,3.758000000000000007e+00,1.000500000000000078e+01,6.246999999999999886e+00,7.892783961898433009e-01,2.399950000000000045e+02
1.428700000000000081e+01,3.721999999999999975e+00,9.970000000000000639e+00,6.248000000000000220e+00,7.883352645809192927e-01,2.337779999999999916e+02,1.426500000000000057e+01,3.795999999999999819e+00,1.004199999999999982e+01,6.246000000000000441e+00,7.899983385944510106e-01,2.399579999999999984e+02
1.430000000000000071e+01,3.797000000000000153e+00,1.005599999999999916e+01,6.259000000000000341e+00,7.890525851128400436e-01,2.337030000000000030e+02,1.428299999999999947e+01,3.706999999999999851e+00,9.968999999999999417e+00,6.261999999999999567e+00,7.909951819239076087e-01,2.400310000000000059e+02
1.431799999999999962e+01,3.708000000000000185e+00,9.967999999999999972e+00,6.259999999999999787e+00,7.900457981570379040e-01,2.337920000000000016e+02,1.429599999999999937e+01,3.782999999999999918e+00,1.004299999999999926e+01,6.259999999999999787e+00,7.917151243285152074e-01,2.399569999999999936e+02
1.433500000000000085e+01,3.706999999999999851e+00,9.967000000000000526e+00,6.259999999999999787e+00,7.909838326987804757e-01,2.337930000000000064e+02,1.431300000000000061e+01,3.782999999999999918e+00,1.007799999999999940e+01,6.294999999999999929e+00,7.926565874730022720e-01,2.399219999999999970e+02
1.434800000000000075e+01,3.745999999999999996e+00,9.993000000000000327e+00,6.246999999999999886e+00,7.917011532307013377e-01,2.337539999999999907e+02,1.432699999999999996e+01,3.708000000000000185e+00,9.993000000000000327e+00,6.285000000000000142e+00,7.934319100625796262e-01,2.400070000000000050e+02
1.436500000000000021e+01,3.682999999999999829e+00,9.904999999999999361e+00,6.222000000000000419e+00,7.926391877724437984e-01,2.338170000000000073e+02,1.434399999999999942e+01,3.721000000000000085e+00,1.000699999999999967e+01,6.285999999999999588e+00,7.943733732070664688e-01,2.399929999999999950e+02
1.438299999999999912e+01,3.682999999999999829e+00,9.897000000000000242e+00,6.214000000000000412e+00,7.936324008166416588e-01,2.338170000000000073e+02,1.435699999999999932e+01,3.721000000000000085e+00,1.001800000000000068e+01,6.296999999999999709e+00,7.950933156116741785e-01,2.399819999999999993e+02
1.439600000000000080e+01,3.697000000000000064e+00,9.884999999999999787e+00,6.187999999999999723e+00,7.943497213485625208e-01,2.338029999999999973e+02,1.437400000000000055e+01,3.681999999999999940e+00,9.992000000000000881e+00,6.309999999999999609e+00,7.960347787561611321e-01,2.400080000000000098e+02
1.441300000000000026e+01,3.670999999999999819e+00,9.859999999999999432e+00,6.189000000000000057e+00,7.952877558903050925e-01,2.338290000000000077e+02,1.439100000000000001e+01,3.694999999999999840e+00,1.000600000000000023e+01,6.310999999999999943e+00,7.969762419006479748e-01,2.399939999999999998e+02
1.442600000000000016e+01,3.682999999999999829e+00,9.835000000000000853e+00,6.152000000000000135e+00,7.960050764222258435e-01,2.338170000000000073e+02,1.440499999999999936e+01,3.669999999999999929e+00,9.977999999999999758e+00,6.307999999999999829e+00,7.977515644902254399e-01,2.400219999999999914e+02
1.444400000000000084e+01,3.694999999999999840e+00,9.845000000000000639e+00,6.150000000000000355e+00,7.969982894664238149e-01,2.338050000000000068e+02,1.442200000000000060e+01,3.694999999999999840e+00,9.980999999999999872e+00,6.285999999999999588e+00,7.986930276347123936e-01,2.400190000000000055e+02
1.445700000000000074e+01,3.708000000000000185e+00,9.856999999999999318e+00,6.149000000000000021e+00,7.977156099983445658e-01,2.337920000000000016e+02,1.443599999999999994e+01,3.758000000000000007e+00,1.005599999999999916e+01,6.298000000000000043e+00,7.994683502242897477e-01,2.399439999999999884e+02
1.447400000000000020e+01,3.758000000000000007e+00,9.884000000000000341e+00,6.126000000000000334e+00,7.986536445400871376e-01,2.337419999999999902e+02,1.445299999999999940e+01,3.732000000000000206e+00,1.000699999999999967e+01,6.275000000000000355e+00,8.004098133687767014e-01,2.399929999999999950e+02
1.448700000000000010e+01,3.757000000000000117e+00,9.894999999999999574e+00,6.137999999999999901e+00,7.993709650720078885e-01,2.337429999999999950e+02,1.446499999999999986e+01,3.746999999999999886e+00,1.002999999999999936e+01,6.283000000000000362e+00,8.010743755884145445e-01,2.399699999999999989e+02
1.450399999999999956e+01,3.745999999999999996e+00,9.882999999999999119e+00,6.136999999999999567e+00,8.003089996137503492e-01,2.337539999999999907e+02,1.448300000000000054e+01,3.795999999999999819e+00,1.008099999999999952e+01,6.285000000000000142e+00,8.020712189178712537e-01,2.399190000000000111e+02
1.451699999999999946e+01,3.746999999999999886e+00,9.897000000000000242e+00,6.150000000000000355e+00,8.010263201456711002e-01,2.337529999999999859e+02,1.449600000000000044e+01,3.706999999999999851e+00,9.992000000000000881e+00,6.285000000000000142e+00,8.027911613224788523e-01,2.400080000000000098e+02
1.453500000000000014e+01,3.733000000000000096e+00,9.884999999999999787e+00,6.152000000000000135e+00,8.020195331898691826e-01,2.337669999999999959e+02,1.451299999999999990e+01,3.696000000000000174e+00,9.993000000000000327e+00,6.296999999999999709e+00,8.037326244669656949e-01,2.400070000000000050e+02
1.455300000000000082e+01,3.758000000000000007e+00,9.896000000000000796e+00,6.137999999999999901e+00,8.030127462340671540e-01,2.337419999999999902e+02,1.452599999999999980e+01,3.771999999999999797e+00,1.002100000000000080e+01,6.248999999999999666e+00,8.044525668715734046e-01,2.399789999999999850e+02
1.456900000000000084e+01,3.733999999999999986e+00,9.836000000000000298e+00,6.102000000000000313e+00,8.038956022733542151e-01,2.337659999999999911e+02,1.454400000000000048e+01,3.745999999999999996e+00,9.981999999999999318e+00,6.235999999999999766e+00,8.054494102010301138e-01,2.400180000000000007e+02
1.458300000000000018e+01,3.745999999999999996e+00,9.845000000000000639e+00,6.099000000000000199e+00,8.046681013077304767e-01,2.337539999999999907e+02,1.456099999999999994e+01,3.733000000000000096e+00,9.970000000000000639e+00,6.237000000000000099e+00,8.063908733455169564e-01,2.400300000000000011e+02
1.459999999999999964e+01,3.758000000000000007e+00,9.823999999999999844e+00,6.065999999999999837e+00,8.056061358494729374e-01,2.337419999999999902e+02,1.457900000000000063e+01,3.758000000000000007e+00,9.968999999999999417e+00,6.211000000000000298e+00,8.073877166749737766e-01,2.400310000000000059e+02
1.461299999999999955e+01,3.748000000000000220e+00,9.798999999999999488e+00,6.051000000000000156e+00,8.063234563813936884e-01,2.337520000000000095e+02,1.459099999999999930e+01,3.807999999999999829e+00,1.001699999999999946e+01,6.208999999999999631e+00,8.080522788946115087e-01,2.399830000000000041e+02
1.463000000000000078e+01,3.783999999999999808e+00,9.836000000000000298e+00,6.051999999999999602e+00,8.072614909231362601e-01,2.337160000000000082e+02,1.460899999999999999e+01,3.846999999999999975e+00,1.003100000000000058e+01,6.184000000000000163e+00,8.090491222240682179e-01,2.399689999999999941e+02
1.464300000000000068e+01,3.783999999999999808e+00,9.826000000000000512e+00,6.041999999999999815e+00,8.079788114550571221e-01,2.337160000000000082e+02,1.462199999999999989e+01,3.833000000000000185e+00,1.001900000000000013e+01,6.185999999999999943e+00,8.097690646286759275e-01,2.399809999999999945e+02
1.466099999999999959e+01,3.795999999999999819e+00,9.849999999999999645e+00,6.054000000000000270e+00,8.089720244992549825e-01,2.337040000000000077e+02,1.464000000000000057e+01,3.858999999999999986e+00,1.002200000000000024e+01,6.163000000000000256e+00,8.107659079581326367e-01,2.399780000000000086e+02
1.467800000000000082e+01,3.783999999999999808e+00,9.871000000000000441e+00,6.086999999999999744e+00,8.099100590409975542e-01,2.337160000000000082e+02,1.465300000000000047e+01,3.834000000000000075e+00,1.002100000000000080e+01,6.187000000000000277e+00,8.114858503627402353e-01,2.399789999999999850e+02
1.469100000000000072e+01,3.733999999999999986e+00,9.823999999999999844e+00,6.089999999999999858e+00,8.106273795729183052e-01,2.337659999999999911e+02,1.466999999999999993e+01,3.846999999999999975e+00,1.001999999999999957e+01,6.173000000000000043e+00,8.124273135072271890e-01,2.399799999999999898e+02
1.470899999999999963e+01,3.797000000000000153e+00,9.885999999999999233e+00,6.089000000000000412e+00,8.116205926171162766e-01,2.337030000000000030e+02,1.468299999999999983e+01,3.846000000000000085e+00,9.983999999999999986e+00,6.137999999999999901e+00,8.131472559118347876e-01,2.400159999999999911e+02
1.472199999999999953e+01,3.797000000000000153e+00,9.897999999999999687e+00,6.100999999999999979e+00,8.123379131490370275e-01,2.337030000000000030e+02,1.470100000000000051e+01,3.809000000000000163e+00,9.923000000000000043e+00,6.113999999999999879e+00,8.141440992412914968e-01,2.400769999999999982e+02
1.474000000000000021e+01,3.759999999999999787e+00,9.874000000000000554e+00,6.113999999999999879e+00,8.133311261932349989e-01,2.337400000000000091e+02,1.471400000000000041e+01,3.833000000000000185e+00,9.933999999999999275e+00,6.100999999999999979e+00,8.148640416458992064e-01,2.400660000000000025e+02
1.475200000000000067e+01,3.797000000000000153e+00,9.923000000000000043e+00,6.126000000000000334e+00,8.139932682227003502e-01,2.337030000000000030e+02,1.473099999999999987e+01,3.834000000000000075e+00,9.935000000000000497e+00,6.100999999999999979e+00,8.158055047903860491e-01,2.400649999999999977e+02
1.476999999999999957e+01,3.822999999999999954e+00,9.912000000000000810e+00,6.089000000000000412e+00,8.149864812668983216e-01,2.336769999999999925e+02,1.474799999999999933e+01,3.745999999999999996e+00,9.861000000000000654e+00,6.115000000000000213e+00,8.167469679348728917e-01,2.401390000000000100e+02
1.478200000000000003e+01,3.733999999999999986e+00,9.861000000000000654e+00,6.126999999999999780e+00,8.156486232963636729e-01,2.337659999999999911e+02,1.476099999999999923e+01,3.807999999999999829e+00,9.897999999999999687e+00,6.089999999999999858e+00,8.174669103394804903e-01,2.401020000000000039e+02
1.480000000000000071e+01,3.734999999999999876e+00,9.849999999999999645e+00,6.115000000000000213e+00,8.166418363405616443e-01,2.337649999999999864e+02,1.477899999999999991e+01,3.834000000000000075e+00,9.923000000000000043e+00,6.089000000000000412e+00,8.184637536689373105e-01,2.400769999999999982e+02
1.481300000000000061e+01,3.774000000000000021e+00,9.887000000000000455e+00,6.113000000000000433e+00,8.173591568724823953e-01,2.337259999999999991e+02,1.479199999999999982e+01,3.859999999999999876e+00,9.912000000000000810e+00,6.051999999999999602e+00,8.191836960735449091e-01,2.400879999999999939e+02
1.483099999999999952e+01,3.748000000000000220e+00,9.877000000000000668e+00,6.128999999999999559e+00,8.183523699166803667e-01,2.337520000000000095e+02,1.480899999999999928e+01,3.883999999999999897e+00,9.935999999999999943e+00,6.051999999999999602e+00,8.201251592180317518e-01,2.400639999999999930e+02
1.484399999999999942e+01,3.810999999999999943e+00,9.939000000000000057e+00,6.128000000000000114e+00,8.190696904486011176e-01,2.336889999999999930e+02,1.482199999999999918e+01,3.834000000000000075e+00,9.898999999999999133e+00,6.065000000000000391e+00,8.208451016226394614e-01,2.401009999999999991e+02
1.486100000000000065e+01,3.798000000000000043e+00,9.939000000000000057e+00,6.141000000000000014e+00,8.200077249903436893e-01,2.337019999999999982e+02,1.483999999999999986e+01,3.834999999999999964e+00,9.897999999999999687e+00,6.062999999999999723e+00,8.218419449520961706e-01,2.401020000000000039e+02
1.487400000000000055e+01,3.761000000000000121e+00,9.914999999999999147e+00,6.153999999999999915e+00,8.207250455222644403e-01,2.337390000000000043e+02,1.485200000000000031e+01,3.883999999999999897e+00,9.948000000000000398e+00,6.064000000000000057e+00,8.225065071717340137e-01,2.400519999999999925e+02
1.489100000000000001e+01,3.823999999999999844e+00,1.000099999999999945e+01,6.176999999999999602e+00,8.216630800640070120e-01,2.336759999999999877e+02,1.486999999999999922e+01,3.810000000000000053e+00,9.887999999999999901e+00,6.078000000000000291e+00,8.235033505011906119e-01,2.401119999999999948e+02
1.490900000000000070e+01,3.759999999999999787e+00,9.949999999999999289e+00,6.190000000000000391e+00,8.226562931082049834e-01,2.337400000000000091e+02,1.488299999999999912e+01,3.810000000000000053e+00,9.875999999999999446e+00,6.065999999999999837e+00,8.242232929057983215e-01,2.401239999999999952e+02
1.492099999999999937e+01,3.734999999999999876e+00,9.949999999999999289e+00,6.214999999999999858e+00,8.233184351376702237e-01,2.337649999999999864e+02,1.490000000000000036e+01,3.858999999999999986e+00,9.948000000000000398e+00,6.089000000000000412e+00,8.251647560502852752e-01,2.400519999999999925e+02
1.493999999999999950e+01,3.774000000000000021e+00,9.989000000000000767e+00,6.214999999999999858e+00,8.243668266843237058e-01,2.337259999999999991e+02,1.491300000000000026e+01,3.810000000000000053e+00,9.877000000000000668e+00,6.067000000000000171e+00,8.258846984548928738e-01,2.401229999999999905e+02
1.495199999999999996e+01,3.761000000000000121e+00,9.964999999999999858e+00,6.203999999999999737e+00,8.250289687137890571e-01,2.337390000000000043e+02,1.493099999999999916e+01,3.822000000000000064e+00,9.877000000000000668e+00,6.054999999999999716e+00,8.268815417843495830e-01,2.401229999999999905e+02
1.497000000000000064e+01,3.748000000000000220e+00,9.951999999999999957e+00,6.203999999999999737e+00,8.260221817579870285e-01,2.337520000000000095e+02,1.494800000000000040e+01,3.822000000000000064e+00,9.875999999999999446e+00,6.054000000000000270e+00,8.278230049288365366e-01,2.401239999999999952e+02
1.498300000000000054e+01,3.761000000000000121e+00,9.964000000000000412e+00,6.203000000000000291e+00,8.267395022899077794e-01,2.337390000000000043e+02,1.496199999999999974e+01,3.785000000000000142e+00,9.864000000000000767e+00,6.078999999999999737e+00,8.285983275184138908e-01,2.401359999999999957e+02
1.500000000000000000e+01,3.773000000000000131e+00,9.964999999999999858e+00,6.192000000000000171e+00,8.276775368316503512e-01,2.337270000000000039e+02,1.497899999999999920e+01,3.822999999999999954e+00,9.925000000000000711e+00,6.102000000000000313e+00,8.295397906629008444e-01,2.400749999999999886e+02
1.501699999999999946e+01,3.798999999999999932e+00,9.990000000000000213e+00,6.190999999999999837e+00,8.286155713733928119e-01,2.337009999999999934e+02,1.499600000000000044e+01,3.785000000000000142e+00,9.912000000000000810e+00,6.126999999999999780e+00,8.304812538073877981e-01,2.400879999999999939e+02
1.503500000000000014e+01,3.823999999999999844e+00,1.001600000000000001e+01,6.192000000000000171e+00,8.296087844175907833e-01,2.336759999999999877e+02,1.500900000000000034e+01,3.773000000000000131e+00,9.913999999999999702e+00,6.141000000000000014e+00,8.312011962119953967e-01,2.400860000000000127e+02
1.504800000000000004e+01,3.822999999999999954e+00,9.992000000000000881e+00,6.168999999999999595e+00,8.303261049495116453e-01,2.336769999999999925e+02,1.502699999999999925e+01,3.810999999999999943e+00,9.964000000000000412e+00,6.152999999999999581e+00,8.321980395414521059e-01,2.400360000000000014e+02
1.506499999999999950e+01,3.798999999999999932e+00,9.944000000000000838e+00,6.144999999999999574e+00,8.312641394912541060e-01,2.337009999999999934e+02,1.503999999999999915e+01,3.785000000000000142e+00,9.974999999999999645e+00,6.190000000000000391e+00,8.329179819460597045e-01,2.400250000000000057e+02
1.507799999999999940e+01,3.862000000000000099e+00,1.001699999999999946e+01,6.155000000000000249e+00,8.319814600231748569e-01,2.336380000000000052e+02,1.505700000000000038e+01,3.785000000000000142e+00,9.987000000000000099e+00,6.201999999999999957e+00,8.338594450905466582e-01,2.400130000000000052e+02
1.509500000000000064e+01,3.862000000000000099e+00,9.992000000000000881e+00,6.129999999999999893e+00,8.329194945649174286e-01,2.336380000000000052e+02,1.507399999999999984e+01,3.722999999999999865e+00,9.974999999999999645e+00,6.251999999999999780e+00,8.348009082350335008e-01,2.400250000000000057e+02
1.510899999999999999e+01,3.811999999999999833e+00,9.932000000000000384e+00,6.120000000000000107e+00,8.336919935992935793e-01,2.336879999999999882e+02,1.509200000000000053e+01,3.748000000000000220e+00,1.001099999999999923e+01,6.262999999999999901e+00,8.357977515644903210e-01,2.399890000000000043e+02
1.512599999999999945e+01,3.862000000000000099e+00,9.977999999999999758e+00,6.115999999999999659e+00,8.346300281410361510e-01,2.336380000000000052e+02,1.510399999999999920e+01,3.661000000000000032e+00,9.976000000000000867e+00,6.315000000000000391e+00,8.364623137841280531e-01,2.400240000000000009e+02
1.513899999999999935e+01,3.837000000000000188e+00,9.942999999999999616e+00,6.105999999999999872e+00,8.353473486729569020e-01,2.336630000000000109e+02,1.512199999999999989e+01,3.636000000000000121e+00,9.977999999999999758e+00,6.341999999999999638e+00,8.374591571135847623e-01,2.400219999999999914e+02
1.515600000000000058e+01,3.810999999999999943e+00,9.893000000000000682e+00,6.081999999999999851e+00,8.362853832146994737e-01,2.336889999999999930e+02,1.513499999999999979e+01,3.685999999999999943e+00,1.002899999999999991e+01,6.342999999999999972e+00,8.381790995181923609e-01,2.399710000000000036e+02
1.516999999999999993e+01,3.862000000000000099e+00,9.942999999999999616e+00,6.081000000000000405e+00,8.370578822490756243e-01,2.336380000000000052e+02,1.515199999999999925e+01,3.685999999999999943e+00,1.004100000000000037e+01,6.355000000000000426e+00,8.391205626626793146e-01,2.399590000000000032e+02
1.518800000000000061e+01,3.862999999999999989e+00,9.968999999999999417e+00,6.105999999999999872e+00,8.380510952932737068e-01,2.336370000000000005e+02,1.516499999999999915e+01,3.736000000000000210e+00,1.010299999999999976e+01,6.366999999999999993e+00,8.398405050672869132e-01,2.398969999999999914e+02
1.520100000000000051e+01,3.887999999999999901e+00,9.981999999999999318e+00,6.094000000000000306e+00,8.387684158251944577e-01,2.336119999999999948e+02,1.518299999999999983e+01,3.725000000000000089e+00,1.011200000000000010e+01,6.386999999999999567e+00,8.408373483967436224e-01,2.398880000000000052e+02
1.521799999999999997e+01,3.926000000000000156e+00,1.000500000000000078e+01,6.078999999999999737e+00,8.397064503669369184e-01,2.335740000000000123e+02,1.519599999999999973e+01,3.661000000000000032e+00,1.006400000000000006e+01,6.402999999999999581e+00,8.415572908013513320e-01,2.399360000000000070e+02
1.523000000000000043e+01,3.862000000000000099e+00,9.957000000000000739e+00,6.094999999999999751e+00,8.403685923964022697e-01,2.336380000000000052e+02,1.521400000000000041e+01,3.697999999999999954e+00,1.010299999999999976e+01,6.405000000000000249e+00,8.425541341308080412e-01,2.398969999999999914e+02
1.524799999999999933e+01,3.825000000000000178e+00,9.932000000000000384e+00,6.107000000000000206e+00,8.413618054406002411e-01,2.336750000000000114e+02,1.522700000000000031e+01,3.673999999999999932e+00,1.010299999999999976e+01,6.429000000000000270e+00,8.432740765354156398e-01,2.398969999999999914e+02
1.526600000000000001e+01,3.876999999999999780e+00,9.970000000000000639e+00,6.092999999999999972e+00,8.423550184847982125e-01,2.336229999999999905e+02,1.524399999999999977e+01,3.649000000000000021e+00,1.007799999999999940e+01,6.429000000000000270e+00,8.442155396799025935e-01,2.399219999999999970e+02
1.527800000000000047e+01,3.862000000000000099e+00,9.955999999999999517e+00,6.094000000000000306e+00,8.430171605142635638e-01,2.336380000000000052e+02,1.526099999999999923e+01,3.661999999999999922e+00,1.006799999999999962e+01,6.405999999999999694e+00,8.451570028243894361e-01,2.399319999999999879e+02
1.529499999999999993e+01,3.813000000000000167e+00,9.920999999999999375e+00,6.107999999999999652e+00,8.439551950560061355e-01,2.336870000000000118e+02,1.527500000000000036e+01,3.636000000000000121e+00,1.005400000000000027e+01,6.418000000000000149e+00,8.459323254139669013e-01,2.399459999999999980e+02
1.531300000000000061e+01,3.838000000000000078e+00,9.935999999999999943e+00,6.097999999999999865e+00,8.449484081002041069e-01,2.336620000000000061e+02,1.529199999999999982e+01,3.625000000000000000e+00,1.004100000000000037e+01,6.416000000000000369e+00,8.468737885584538549e-01,2.399590000000000032e+02
1.532600000000000051e+01,3.838000000000000078e+00,9.945999999999999730e+00,6.107999999999999652e+00,8.456657286321248579e-01,2.336620000000000061e+02,1.530899999999999928e+01,3.612000000000000099e+00,1.000399999999999956e+01,6.392000000000000348e+00,8.478152517029406976e-01,2.399960000000000093e+02
1.534399999999999942e+01,3.774999999999999911e+00,9.910000000000000142e+00,6.134999999999999787e+00,8.466589416763228293e-01,2.337249999999999943e+02,1.532199999999999918e+01,3.612999999999999989e+00,1.001900000000000013e+01,6.405999999999999694e+00,8.485351941075482962e-01,2.399809999999999945e+02
1.536100000000000065e+01,3.787999999999999812e+00,9.919999999999999929e+00,6.131999999999999673e+00,8.475969762180654010e-01,2.337119999999999891e+02,1.533999999999999986e+01,3.649999999999999911e+00,1.005700000000000038e+01,6.407000000000000028e+00,8.495320374370051164e-01,2.399430000000000121e+02
1.537899999999999956e+01,3.787999999999999812e+00,9.945999999999999730e+00,6.158000000000000362e+00,8.485901892622632614e-01,2.337119999999999891e+02,1.535299999999999976e+01,3.676000000000000156e+00,1.007099999999999973e+01,6.394999999999999574e+00,8.502519798416127150e-01,2.399290000000000020e+02
1.539100000000000001e+01,3.789000000000000146e+00,9.946999999999999176e+00,6.158000000000000362e+00,8.492523312917286127e-01,2.337110000000000127e+02,1.536999999999999922e+01,3.674999999999999822e+00,1.005599999999999916e+01,6.381000000000000227e+00,8.511934429860995577e-01,2.399439999999999884e+02
1.540799999999999947e+01,3.826000000000000068e+00,9.962999999999999190e+00,6.136999999999999567e+00,8.501903658334711844e-01,2.336740000000000066e+02,1.538299999999999912e+01,3.600000000000000089e+00,9.983999999999999986e+00,6.384000000000000341e+00,8.519133853907071563e-01,2.400159999999999911e+02
1.542200000000000060e+01,3.802000000000000046e+00,9.938000000000000611e+00,6.136000000000000121e+00,8.509628648678474461e-01,2.336980000000000075e+02,1.540099999999999980e+01,3.600999999999999979e+00,9.971000000000000085e+00,6.370000000000000107e+00,8.529102287201639765e-01,2.400289999999999964e+02
1.543900000000000006e+01,3.801000000000000156e+00,9.939000000000000057e+00,6.137999999999999901e+00,8.519008994095899068e-01,2.336990000000000123e+02,1.541399999999999970e+01,3.637000000000000011e+00,1.001699999999999946e+01,6.379999999999999893e+00,8.536301711247715751e-01,2.399830000000000041e+02
1.545199999999999996e+01,3.850999999999999979e+00,9.986000000000000654e+00,6.134999999999999787e+00,8.526182199415106577e-01,2.336490000000000009e+02,1.543099999999999916e+01,3.587000000000000188e+00,9.958000000000000185e+00,6.371000000000000441e+00,8.545716342692584178e-01,2.400420000000000016e+02
1.547000000000000064e+01,3.838000000000000078e+00,9.971000000000000085e+00,6.133000000000000007e+00,8.536114329857087402e-01,2.336620000000000061e+02,1.544400000000000084e+01,3.563000000000000167e+00,9.909000000000000696e+00,6.346000000000000085e+00,8.552915766738661274e-01,2.400910000000000082e+02
1.548300000000000054e+01,3.802000000000000046e+00,9.910999999999999588e+00,6.108999999999999986e+00,8.543287535176294911e-01,2.336980000000000075e+02,1.546199999999999974e+01,3.612999999999999989e+00,9.958999999999999631e+00,6.346000000000000085e+00,8.562884200033228366e-01,2.400409999999999968e+02
1.550000000000000000e+01,3.826000000000000068e+00,9.936999999999999389e+00,6.110999999999999766e+00,8.552667880593719518e-01,2.336740000000000066e+02,1.547400000000000020e+01,3.638999999999999790e+00,9.986000000000000654e+00,6.347000000000000419e+00,8.569529822229606797e-01,2.400140000000000100e+02
1.551399999999999935e+01,3.826999999999999957e+00,9.939000000000000057e+00,6.112000000000000099e+00,8.560392870937481025e-01,2.336730000000000018e+02,1.549600000000000044e+01,3.600000000000000089e+00,9.948000000000000398e+00,6.347999999999999865e+00,8.581713462922966329e-01,2.400519999999999925e+02
1.553100000000000058e+01,3.814999999999999947e+00,9.901999999999999247e+00,6.086999999999999744e+00,8.569773216354907852e-01,2.336850000000000023e+02,1.550900000000000034e+01,3.637999999999999901e+00,9.983999999999999986e+00,6.346000000000000085e+00,8.588912886969043425e-01,2.400159999999999911e+02
1.554299999999999926e+01,3.827999999999999847e+00,9.903000000000000469e+00,6.075000000000000178e+00,8.576394636649560255e-01,2.336719999999999970e+02,1.552599999999999980e+01,3.652000000000000135e+00,9.984999999999999432e+00,6.333000000000000185e+00,8.598327518413911852e-01,2.400149999999999864e+02
1.556099999999999994e+01,3.814999999999999947e+00,9.877000000000000668e+00,6.062000000000000277e+00,8.586326767091539969e-01,2.336850000000000023e+02,1.553899999999999970e+01,3.652000000000000135e+00,1.000900000000000034e+01,6.357000000000000206e+00,8.605526942459987838e-01,2.399909999999999854e+02
1.557399999999999984e+01,3.839999999999999858e+00,9.901999999999999247e+00,6.062000000000000277e+00,8.593499972410747478e-01,2.336599999999999966e+02,1.555700000000000038e+01,3.689000000000000057e+00,1.004599999999999937e+01,6.357000000000000206e+00,8.615495375754556040e-01,2.399540000000000077e+02
1.559200000000000053e+01,3.878000000000000114e+00,9.936999999999999389e+00,6.059000000000000163e+00,8.603432102852728303e-01,2.336220000000000141e+02,1.557499999999999929e+01,3.613999999999999879e+00,9.997999999999999332e+00,6.384000000000000341e+00,8.625463809049122021e-01,2.400020000000000095e+02
1.560899999999999999e+01,3.865000000000000213e+00,9.914999999999999147e+00,6.049999999999999822e+00,8.612812448270152910e-01,2.336349999999999909e+02,1.559099999999999930e+01,3.664000000000000146e+00,1.006199999999999939e+01,6.397999999999999687e+00,8.634324638644292893e-01,2.399379999999999882e+02
1.562599999999999945e+01,3.866000000000000103e+00,9.916000000000000369e+00,6.049999999999999822e+00,8.622192793687578627e-01,2.336339999999999861e+02,1.560500000000000043e+01,3.701999999999999957e+00,1.011100000000000065e+01,6.408999999999999808e+00,8.642077864540068655e-01,2.398890000000000100e+02
1.563899999999999935e+01,3.903999999999999915e+00,9.942999999999999616e+00,6.038999999999999702e+00,8.629365999006786137e-01,2.335960000000000036e+02,1.562199999999999989e+01,3.664000000000000146e+00,1.007399999999999984e+01,6.410000000000000142e+00,8.651492495984937081e-01,2.399259999999999877e+02
1.565600000000000058e+01,3.928999999999999826e+00,9.942000000000000171e+00,6.012999999999999901e+00,8.638746344424211854e-01,2.335709999999999980e+02,1.563899999999999935e+01,3.664000000000000146e+00,1.008500000000000085e+01,6.421000000000000263e+00,8.660907127429805508e-01,2.399149999999999920e+02
1.567399999999999949e+01,3.854000000000000092e+00,9.868000000000000327e+00,6.014000000000000234e+00,8.648678474866191568e-01,2.336459999999999866e+02,1.565199999999999925e+01,3.650999999999999801e+00,1.005799999999999983e+01,6.407000000000000028e+00,8.668106551475881494e-01,2.399420000000000073e+02
1.568699999999999939e+01,3.841000000000000192e+00,9.855999999999999872e+00,6.014999999999999680e+00,8.655851680185399077e-01,2.336589999999999918e+02,1.566999999999999993e+01,3.640000000000000124e+00,1.003599999999999959e+01,6.395999999999999908e+00,8.678074984770449696e-01,2.399639999999999986e+02
1.570400000000000063e+01,3.891000000000000014e+00,9.916000000000000369e+00,6.025000000000000355e+00,8.665232025602824795e-01,2.336090000000000089e+02,1.568299999999999983e+01,3.613999999999999879e+00,1.001200000000000045e+01,6.397999999999999687e+00,8.685274408816525682e-01,2.399879999999999995e+02
1.572199999999999953e+01,3.866999999999999993e+00,9.869999999999999218e+00,6.003000000000000114e+00,8.675164156044803399e-01,2.336330000000000098e+02,1.570100000000000051e+01,3.601999999999999869e+00,9.999000000000000554e+00,6.397000000000000242e+00,8.695242842111092774e-01,2.400010000000000048e+02
1.573900000000000077e+01,3.879000000000000004e+00,9.906000000000000583e+00,6.027000000000000135e+00,8.684544501462230226e-01,2.336210000000000093e+02,1.571299999999999919e+01,3.664000000000000146e+00,1.006199999999999939e+01,6.397999999999999687e+00,8.701888464307471205e-01,2.399379999999999882e+02
1.575300000000000011e+01,3.879999999999999893e+00,9.906000000000000583e+00,6.025999999999999801e+00,8.692269491805991732e-01,2.336200000000000045e+02,1.573099999999999987e+01,3.664000000000000146e+00,1.006199999999999939e+01,6.397999999999999687e+00,8.711856897602038297e-01,2.399379999999999882e+02
1.576999999999999957e+01,3.842000000000000082e+00,9.856999999999999318e+00,6.014999999999999680e+00,8.701649837223416339e-01,2.336579999999999870e+02,1.574799999999999933e+01,3.713999999999999968e+00,1.008699999999999974e+01,6.373000000000000220e+00,8.721271529046906723e-01,2.399130000000000109e+02
1.578299999999999947e+01,3.903000000000000025e+00,9.907000000000000028e+00,6.003999999999999559e+00,8.708823042542623849e-01,2.335970000000000084e+02,1.576099999999999923e+01,3.701000000000000068e+00,1.005100000000000016e+01,6.349999999999999645e+00,8.728470953092982709e-01,2.399490000000000123e+02
1.580000000000000071e+01,3.854000000000000092e+00,9.858000000000000540e+00,6.003999999999999559e+00,8.718203387960050676e-01,2.336459999999999866e+02,1.577800000000000047e+01,3.689999999999999947e+00,1.002599999999999980e+01,6.336000000000000298e+00,8.737885584537853356e-01,2.399739999999999895e+02
1.581700000000000017e+01,3.805000000000000160e+00,9.833999999999999631e+00,6.028999999999999915e+00,8.727583733377475284e-01,2.336949999999999932e+02,1.579199999999999982e+01,3.802999999999999936e+00,1.010200000000000031e+01,6.299000000000000377e+00,8.745638810433626897e-01,2.398979999999999961e+02
1.583399999999999963e+01,3.916999999999999815e+00,9.917999999999999261e+00,6.001000000000000334e+00,8.736964078794901001e-01,2.335829999999999984e+02,1.580899999999999928e+01,3.778000000000000025e+00,1.004100000000000037e+01,6.262999999999999901e+00,8.755053441878495324e-01,2.399590000000000032e+02
1.584800000000000075e+01,3.928999999999999826e+00,9.871999999999999886e+00,5.942999999999999616e+00,8.744689069138663617e-01,2.335709999999999980e+02,1.582600000000000051e+01,3.665000000000000036e+00,9.952999999999999403e+00,6.288000000000000256e+00,8.764468073323365971e-01,2.400469999999999970e+02
1.586599999999999966e+01,3.930000000000000160e+00,9.871000000000000441e+00,5.940999999999999837e+00,8.754621199580642221e-01,2.335699999999999932e+02,1.583900000000000041e+01,3.778000000000000025e+00,1.002800000000000047e+01,6.250000000000000000e+00,8.771667497369441957e-01,2.399720000000000084e+02
1.588299999999999912e+01,3.891999999999999904e+00,9.823999999999999844e+00,5.932000000000000384e+00,8.764001544998067939e-01,2.336080000000000041e+02,1.585699999999999932e+01,3.753000000000000114e+00,1.000300000000000011e+01,6.250000000000000000e+00,8.781635930664007939e-01,2.399970000000000141e+02
1.590000000000000036e+01,3.931000000000000050e+00,9.835000000000000853e+00,5.903999999999999915e+00,8.773381890415493656e-01,2.335689999999999884e+02,1.587500000000000000e+01,3.728000000000000203e+00,9.976000000000000867e+00,6.248000000000000220e+00,8.791604363958576140e-01,2.400240000000000009e+02
1.591300000000000026e+01,3.918000000000000149e+00,9.810999999999999943e+00,5.892999999999999794e+00,8.780555095734701165e-01,2.335819999999999936e+02,1.588700000000000045e+01,3.751999999999999780e+00,1.000300000000000011e+01,6.251000000000000334e+00,8.798249986154954572e-01,2.399970000000000141e+02
1.592999999999999972e+01,3.867999999999999883e+00,9.734999999999999432e+00,5.866999999999999993e+00,8.789935441152125772e-01,2.336320000000000050e+02,1.590499999999999936e+01,3.751999999999999780e+00,1.001600000000000001e+01,6.264000000000000234e+00,8.808218419449520553e-01,2.399840000000000089e+02
1.594800000000000040e+01,3.906000000000000139e+00,9.749000000000000554e+00,5.842999999999999972e+00,8.799867571594106597e-01,2.335939999999999941e+02,1.591799999999999926e+01,3.803999999999999826e+00,1.006499999999999950e+01,6.261000000000000121e+00,8.815417843495597650e-01,2.399350000000000023e+02
1.596100000000000030e+01,3.891999999999999904e+00,9.723000000000000753e+00,5.831000000000000405e+00,8.807040776913314106e-01,2.336080000000000041e+02,1.593599999999999994e+01,3.803999999999999826e+00,1.005400000000000027e+01,6.250000000000000000e+00,8.825386276790164741e-01,2.399459999999999980e+02
1.597799999999999976e+01,3.956999999999999851e+00,9.775999999999999801e+00,5.818999999999999950e+00,8.816421122330738713e-01,2.335430000000000064e+02,1.595299999999999940e+01,3.766000000000000014e+00,1.004100000000000037e+01,6.275000000000000355e+00,8.834800908235033168e-01,2.399590000000000032e+02
1.599600000000000044e+01,3.967999999999999972e+00,9.775999999999999801e+00,5.807999999999999829e+00,8.826353252772719538e-01,2.335320000000000107e+02,1.596599999999999930e+01,3.754999999999999893e+00,1.001699999999999946e+01,6.261999999999999567e+00,8.842000332281110264e-01,2.399830000000000041e+02
1.601300000000000168e+01,3.931000000000000050e+00,9.737999999999999545e+00,5.807000000000000384e+00,8.835733598190145255e-01,2.335689999999999884e+02,1.598300000000000054e+01,3.790999999999999925e+00,1.005499999999999972e+01,6.264000000000000234e+00,8.851414963725979801e-01,2.399449999999999932e+02
1.603099999999999881e+01,4.019000000000000128e+00,9.810999999999999943e+00,5.791999999999999815e+00,8.845665728632123859e-01,2.334809999999999945e+02,1.599600000000000044e+01,3.815999999999999837e+00,1.010200000000000031e+01,6.285999999999999588e+00,8.858614387772055787e-01,2.398979999999999961e+02
1.604799999999999827e+01,3.994000000000000217e+00,9.788000000000000256e+00,5.793999999999999595e+00,8.855046074049548466e-01,2.335060000000000002e+02,1.601399999999999935e+01,3.729000000000000092e+00,1.004299999999999926e+01,6.314000000000000057e+00,8.868582821066622879e-01,2.399569999999999936e+02
1.606500000000000128e+01,3.931000000000000050e+00,9.737999999999999545e+00,5.807000000000000384e+00,8.864426419466975293e-01,2.335689999999999884e+02,1.603099999999999881e+01,3.716000000000000192e+00,1.004400000000000048e+01,6.328000000000000291e+00,8.877997452511491305e-01,2.399559999999999889e+02
1.608299999999999841e+01,3.931999999999999940e+00,9.714999999999999858e+00,5.783000000000000362e+00,8.874358549908953897e-01,2.335680000000000121e+02,1.604400000000000048e+01,3.754999999999999893e+00,1.007000000000000028e+01,6.315000000000000391e+00,8.885196876557568402e-01,2.399300000000000068e+02
1.609499999999999886e+01,3.970000000000000195e+00,9.778000000000000469e+00,5.807999999999999829e+00,8.880979970203607410e-01,2.335300000000000011e+02,1.606099999999999994e+01,3.741999999999999993e+00,1.004599999999999937e+01,6.304000000000000270e+00,8.894611508002436828e-01,2.399540000000000077e+02
1.611299999999999955e+01,3.982000000000000206e+00,9.803000000000000824e+00,5.820999999999999730e+00,8.890912100645587124e-01,2.335180000000000007e+02,1.607900000000000063e+01,3.717000000000000082e+00,1.002200000000000024e+01,6.304999999999999716e+00,8.904579941297005030e-01,2.399780000000000086e+02
1.612999999999999901e+01,3.943999999999999950e+00,9.789999999999999147e+00,5.846000000000000085e+00,8.900292446063012841e-01,2.335560000000000116e+02,1.609100000000000108e+01,3.705000000000000071e+00,1.001900000000000013e+01,6.314000000000000057e+00,8.911225563493383461e-01,2.399809999999999945e+02
1.614799999999999969e+01,3.956999999999999851e+00,9.776999999999999247e+00,5.820000000000000284e+00,8.910224576504992555e-01,2.335430000000000064e+02,1.610999999999999943e+01,3.690999999999999837e+00,1.003400000000000070e+01,6.342999999999999972e+00,8.921747798637646998e-01,2.399660000000000082e+02
1.616600000000000037e+01,3.932999999999999829e+00,9.765000000000000568e+00,5.831999999999999851e+00,8.920156706946972269e-01,2.335670000000000073e+02,1.612699999999999889e+01,3.729000000000000092e+00,1.006900000000000084e+01,6.339999999999999858e+00,8.931162430082516535e-01,2.399310000000000116e+02
1.617899999999999849e+01,3.982000000000000206e+00,9.827999999999999403e+00,5.846000000000000085e+00,8.927329912266179779e-01,2.335180000000000007e+02,1.613899999999999935e+01,3.717000000000000082e+00,1.004599999999999937e+01,6.328999999999999737e+00,8.937808052278894966e-01,2.399540000000000077e+02
1.619600000000000151e+01,3.943999999999999950e+00,9.804000000000000270e+00,5.860000000000000320e+00,8.936710257683606606e-01,2.335560000000000116e+02,1.615700000000000003e+01,3.705000000000000071e+00,1.004800000000000004e+01,6.342999999999999972e+00,8.947776485573462057e-01,2.399519999999999982e+02
1.621300000000000097e+01,3.931999999999999940e+00,9.804000000000000270e+00,5.871999999999999886e+00,8.946090603101031213e-01,2.335680000000000121e+02,1.617399999999999949e+01,3.705000000000000071e+00,1.004899999999999949e+01,6.344000000000000306e+00,8.957191117018330484e-01,2.399509999999999934e+02
1.622599999999999909e+01,4.006999999999999673e+00,9.878000000000000114e+00,5.871000000000000441e+00,8.953263808420237613e-01,2.334929999999999950e+02,1.618700000000000117e+01,3.742999999999999883e+00,1.010899999999999999e+01,6.365999999999999659e+00,8.964390541064408691e-01,2.398909999999999911e+02
1.624299999999999855e+01,4.009999999999999787e+00,9.878000000000000114e+00,5.868000000000000327e+00,8.962644153837663330e-01,2.334900000000000091e+02,1.620400000000000063e+01,3.705999999999999961e+00,1.008300000000000018e+01,6.376999999999999780e+00,8.973805172509277117e-01,2.399170000000000016e+02
1.626200000000000045e+01,3.983000000000000096e+00,9.855999999999999872e+00,5.873000000000000220e+00,8.973128069304198151e-01,2.335169999999999959e+02,1.621699999999999875e+01,3.616999999999999993e+00,9.997999999999999332e+00,6.381000000000000227e+00,8.981004596555351993e-01,2.400020000000000095e+02
1.627799999999999869e+01,3.983999999999999986e+00,9.878000000000000114e+00,5.894000000000000128e+00,8.981956629697068761e-01,2.335159999999999911e+02,1.623600000000000065e+01,3.680000000000000160e+00,1.004700000000000060e+01,6.366999999999999993e+00,8.991526831699618860e-01,2.399530000000000030e+02
1.629200000000000159e+01,3.983999999999999986e+00,9.868000000000000327e+00,5.884000000000000341e+00,8.989681620040832488e-01,2.335159999999999911e+02,1.625300000000000011e+01,3.705000000000000071e+00,1.007199999999999918e+01,6.366999999999999993e+00,9.000941463144487287e-01,2.399279999999999973e+02
1.630900000000000105e+01,3.970000000000000195e+00,9.852999999999999758e+00,5.883000000000000007e+00,8.999061965458257095e-01,2.335300000000000011e+02,1.626999999999999957e+01,3.668000000000000149e+00,1.002599999999999980e+01,6.357999999999999652e+00,9.010356094589355713e-01,2.399739999999999895e+02
1.632600000000000051e+01,3.932999999999999829e+00,9.827999999999999403e+00,5.894999999999999574e+00,9.008442310875681702e-01,2.335670000000000073e+02,1.628300000000000125e+01,3.693000000000000060e+00,1.006199999999999939e+01,6.368999999999999773e+00,9.017555518635432810e-01,2.399379999999999882e+02
1.634400000000000119e+01,3.908999999999999808e+00,9.817999999999999616e+00,5.908999999999999808e+00,9.018374441317662527e-01,2.335910000000000082e+02,1.630099999999999838e+01,3.668000000000000149e+00,1.003800000000000026e+01,6.370000000000000107e+00,9.027523951929998791e-01,2.399619999999999891e+02
1.636100000000000065e+01,3.895000000000000018e+00,9.817000000000000171e+00,5.921999999999999709e+00,9.027754786735087134e-01,2.336049999999999898e+02,1.631800000000000139e+01,3.642999999999999794e+00,1.003700000000000081e+01,6.394000000000000128e+00,9.036938583374869438e-01,2.399629999999999939e+02
1.637399999999999878e+01,3.907999999999999918e+00,9.830000000000000071e+00,5.921999999999999709e+00,9.034927992054294643e-01,2.335920000000000130e+02,1.633099999999999952e+01,3.705999999999999961e+00,1.006300000000000061e+01,6.357000000000000206e+00,9.044138007420945424e-01,2.399370000000000118e+02
1.639199999999999946e+01,3.932999999999999829e+00,9.867000000000000881e+00,5.934000000000000163e+00,9.044860122496274357e-01,2.335670000000000073e+02,1.634799999999999898e+01,3.693999999999999950e+00,1.003800000000000026e+01,6.344000000000000306e+00,9.053552638865813851e-01,2.399619999999999891e+02
1.640899999999999892e+01,3.883000000000000007e+00,9.794000000000000483e+00,5.910999999999999588e+00,9.054240467913698964e-01,2.336169999999999902e+02,1.636599999999999966e+01,3.705999999999999961e+00,1.003599999999999959e+01,6.330000000000000071e+00,9.063521072160380943e-01,2.399639999999999986e+02
1.642200000000000060e+01,3.908999999999999808e+00,9.842999999999999972e+00,5.934000000000000163e+00,9.061413673232907584e-01,2.335910000000000082e+02,1.638299999999999912e+01,3.744000000000000217e+00,1.007399999999999984e+01,6.330000000000000071e+00,9.072935703605249369e-01,2.399259999999999877e+02
1.644000000000000128e+01,3.920999999999999819e+00,9.891000000000000014e+00,5.969999999999999751e+00,9.071345803674888408e-01,2.335790000000000077e+02,1.639999999999999858e+01,3.744000000000000217e+00,1.007699999999999996e+01,6.333000000000000185e+00,9.082350335050118906e-01,2.399230000000000018e+02
1.645700000000000074e+01,3.858999999999999986e+00,9.807000000000000384e+00,5.948000000000000398e+00,9.080726149092313015e-01,2.336409999999999911e+02,1.641400000000000148e+01,3.718999999999999861e+00,1.003899999999999970e+01,6.320000000000000284e+00,9.090103560945894667e-01,2.399610000000000127e+02
1.647400000000000020e+01,3.858000000000000096e+00,9.807000000000000384e+00,5.948999999999999844e+00,9.090106494509738733e-01,2.336419999999999959e+02,1.643100000000000094e+01,3.708000000000000185e+00,1.001600000000000001e+01,6.307999999999999829e+00,9.099518192390763094e-01,2.399840000000000089e+02
1.648799999999999955e+01,3.895000000000000018e+00,9.820999999999999730e+00,5.926000000000000156e+00,9.097831484853500239e-01,2.336049999999999898e+02,1.644800000000000040e+01,3.769000000000000128e+00,1.006400000000000006e+01,6.294999999999999929e+00,9.108932823835632631e-01,2.399360000000000070e+02
1.650499999999999901e+01,3.870000000000000107e+00,9.833999999999999631e+00,5.964000000000000412e+00,9.107211830270924846e-01,2.336299999999999955e+02,1.646099999999999852e+01,3.720000000000000195e+00,9.990999999999999659e+00,6.270999999999999908e+00,9.116132247881707507e-01,2.400090000000000146e+02
1.652199999999999847e+01,3.845000000000000195e+00,9.808999999999999275e+00,5.964000000000000412e+00,9.116592175688350563e-01,2.336550000000000011e+02,1.647899999999999920e+01,3.681999999999999940e+00,9.955000000000000071e+00,6.272999999999999687e+00,9.126100681176274598e-01,2.400449999999999875e+02
1.653900000000000148e+01,3.821000000000000174e+00,9.820000000000000284e+00,5.998999999999999666e+00,9.125972521105777391e-01,2.336790000000000020e+02,1.649599999999999866e+01,3.706999999999999851e+00,9.990000000000000213e+00,6.283000000000000362e+00,9.135515312621144135e-01,2.400099999999999909e+02
1.655300000000000082e+01,3.809000000000000163e+00,9.830999999999999517e+00,6.022000000000000242e+00,9.133697511449538897e-01,2.336910000000000025e+02,1.651399999999999935e+01,3.681999999999999940e+00,9.990999999999999659e+00,6.309000000000000163e+00,9.145483745915711227e-01,2.400090000000000146e+02
1.657000000000000028e+01,3.794999999999999929e+00,9.832000000000000739e+00,6.036999999999999922e+00,9.143077856866963504e-01,2.337050000000000125e+02,1.653099999999999881e+01,3.706999999999999851e+00,1.002999999999999936e+01,6.323000000000000398e+00,9.154898377360579653e-01,2.399699999999999989e+02
1.658699999999999974e+01,3.846000000000000085e+00,9.881999999999999673e+00,6.035999999999999588e+00,9.152458202284389222e-01,2.336539999999999964e+02,1.654899999999999949e+01,3.709000000000000075e+00,1.004199999999999982e+01,6.333000000000000185e+00,9.164866810655147855e-01,2.399579999999999984e+02
1.660500000000000043e+01,3.807999999999999829e+00,9.881999999999999673e+00,6.073999999999999844e+00,9.162390332726368936e-01,2.336920000000000073e+02,1.656599999999999895e+01,3.657999999999999918e+00,1.000500000000000078e+01,6.347000000000000419e+00,9.174281442100016282e-01,2.399950000000000045e+02
1.662199999999999989e+01,3.810000000000000053e+00,9.884000000000000341e+00,6.073999999999999844e+00,9.171770678143794653e-01,2.336899999999999977e+02,1.658299999999999841e+01,3.733999999999999986e+00,1.005599999999999916e+01,6.322000000000000064e+00,9.183696073544884708e-01,2.399439999999999884e+02
1.663899999999999935e+01,3.870999999999999996e+00,9.968999999999999417e+00,6.097999999999999865e+00,9.181151023561219260e-01,2.336289999999999907e+02,1.660099999999999909e+01,3.758000000000000007e+00,1.007000000000000028e+01,6.312000000000000277e+00,9.193664506839452910e-01,2.399300000000000068e+02
1.665200000000000102e+01,3.910000000000000142e+00,9.945999999999999730e+00,6.035999999999999588e+00,9.188324228880427880e-01,2.335900000000000034e+02,1.661799999999999855e+01,3.694999999999999840e+00,1.002999999999999936e+01,6.334999999999999964e+00,9.203079138284321337e-01,2.399699999999999989e+02
1.667000000000000171e+01,3.883999999999999897e+00,9.907999999999999474e+00,6.024000000000000021e+00,9.198256359322407594e-01,2.336160000000000139e+02,1.663500000000000156e+01,3.669999999999999929e+00,9.971000000000000085e+00,6.301000000000000156e+00,9.212493769729191984e-01,2.400289999999999964e+02
1.668700000000000117e+01,3.895999999999999908e+00,9.933999999999999275e+00,6.038000000000000256e+00,9.207636704739833311e-01,2.336040000000000134e+02,1.664900000000000091e+01,3.721999999999999975e+00,1.005700000000000038e+01,6.334999999999999964e+00,9.220246995624966635e-01,2.399430000000000121e+02
1.670499999999999829e+01,3.884999999999999787e+00,9.932000000000000384e+00,6.046999999999999709e+00,9.217568835181810805e-01,2.336150000000000091e+02,1.666600000000000037e+01,3.721000000000000085e+00,1.008000000000000007e+01,6.358999999999999986e+00,9.229661627069835061e-01,2.399199999999999875e+02
1.672200000000000131e+01,3.870999999999999996e+00,9.909000000000000696e+00,6.038000000000000256e+00,9.226949180599238742e-01,2.336289999999999907e+02,1.668299999999999983e+01,3.696000000000000174e+00,1.001999999999999957e+01,6.323999999999999844e+00,9.239076258514703488e-01,2.399799999999999898e+02
1.673999999999999844e+01,3.870999999999999996e+00,9.882999999999999119e+00,6.011999999999999567e+00,9.236881311041216236e-01,2.336289999999999907e+02,1.670100000000000051e+01,3.708000000000000185e+00,1.005700000000000038e+01,6.349000000000000199e+00,9.249044691809271690e-01,2.399430000000000121e+02
1.675700000000000145e+01,3.834000000000000075e+00,9.833999999999999631e+00,6.000000000000000000e+00,9.246261656458644174e-01,2.336659999999999968e+02,1.671799999999999997e+01,3.669999999999999929e+00,1.001900000000000013e+01,6.349000000000000199e+00,9.258459323254140116e-01,2.399809999999999945e+02
1.676999999999999957e+01,3.846999999999999975e+00,9.871000000000000441e+00,6.024000000000000021e+00,9.253434861777850573e-01,2.336529999999999916e+02,1.673600000000000065e+01,3.684000000000000163e+00,1.000799999999999912e+01,6.323999999999999844e+00,9.268427756548707208e-01,2.399919999999999902e+02
1.678800000000000026e+01,3.834000000000000075e+00,9.896000000000000796e+00,6.062000000000000277e+00,9.263366992219830287e-01,2.336659999999999968e+02,1.674899999999999878e+01,3.733000000000000096e+00,1.005700000000000038e+01,6.323999999999999844e+00,9.275627180594783194e-01,2.399430000000000121e+02
1.680499999999999972e+01,3.859999999999999876e+00,9.896000000000000796e+00,6.035999999999999588e+00,9.272747337637256004e-01,2.336399999999999864e+02,1.676999999999999957e+01,3.657999999999999918e+00,9.970000000000000639e+00,6.312000000000000277e+00,9.287257019438445171e-01,2.400300000000000011e+02
1.682199999999999918e+01,3.809000000000000163e+00,9.846999999999999531e+00,6.038000000000000256e+00,9.282127683054680611e-01,2.336910000000000025e+02,1.678300000000000125e+01,3.721000000000000085e+00,1.001099999999999923e+01,6.290000000000000036e+00,9.294456443484522268e-01,2.399890000000000043e+02
1.683500000000000085e+01,3.821000000000000174e+00,9.881999999999999673e+00,6.060999999999999943e+00,9.289300888373889231e-01,2.336790000000000020e+02,1.680000000000000071e+01,3.785000000000000142e+00,1.007300000000000040e+01,6.288000000000000256e+00,9.303871074929390694e-01,2.399269999999999925e+02
1.685300000000000153e+01,3.896999999999999797e+00,9.968999999999999417e+00,6.072000000000000064e+00,9.299233018815868945e-01,2.336030000000000086e+02,1.681800000000000139e+01,3.734999999999999876e+00,1.001099999999999923e+01,6.275999999999999801e+00,9.313839508223958896e-01,2.399890000000000043e+02
1.687000000000000099e+01,3.795999999999999819e+00,9.869999999999999218e+00,6.073999999999999844e+00,9.308613364233294662e-01,2.337040000000000077e+02,1.683500000000000085e+01,3.721999999999999975e+00,9.987000000000000099e+00,6.264999999999999680e+00,9.323254139668827323e-01,2.400130000000000052e+02
1.688700000000000045e+01,3.810000000000000053e+00,9.859999999999999432e+00,6.049999999999999822e+00,9.317993709650719270e-01,2.336899999999999977e+02,1.684799999999999898e+01,3.748000000000000220e+00,9.999000000000000554e+00,6.251000000000000334e+00,9.330453563714902199e-01,2.400010000000000048e+02
1.690500000000000114e+01,3.834999999999999964e+00,9.909000000000000696e+00,6.073999999999999844e+00,9.327925840092700094e-01,2.336649999999999920e+02,1.686599999999999966e+01,3.761000000000000121e+00,1.001099999999999923e+01,6.250000000000000000e+00,9.340421997009470401e-01,2.399890000000000043e+02
1.691799999999999926e+01,3.809000000000000163e+00,9.859999999999999432e+00,6.051000000000000156e+00,9.335099045411906493e-01,2.336910000000000025e+02,1.688299999999999912e+01,3.697000000000000064e+00,9.971999999999999531e+00,6.275000000000000355e+00,9.349836628454338827e-01,2.400279999999999916e+02
1.693499999999999872e+01,3.834999999999999964e+00,9.884000000000000341e+00,6.049000000000000377e+00,9.344479390829331100e-01,2.336649999999999920e+02,1.689600000000000080e+01,3.685000000000000053e+00,9.923999999999999488e+00,6.238999999999999879e+00,9.357036052500415924e-01,2.400759999999999934e+02
1.695200000000000173e+01,3.809000000000000163e+00,9.882999999999999119e+00,6.073999999999999844e+00,9.353859736246757928e-01,2.336910000000000025e+02,1.691300000000000026e+01,3.696000000000000174e+00,9.946999999999999176e+00,6.251000000000000334e+00,9.366450683945284350e-01,2.400529999999999973e+02
1.696600000000000108e+01,3.770999999999999908e+00,9.858999999999999986e+00,6.088000000000000078e+00,9.361584726590520544e-01,2.337290000000000134e+02,1.693100000000000094e+01,3.684000000000000163e+00,9.948000000000000398e+00,6.264000000000000234e+00,9.376419117239852552e-01,2.400519999999999925e+02
1.698300000000000054e+01,3.782999999999999918e+00,9.884000000000000341e+00,6.100999999999999979e+00,9.370965072007945151e-01,2.337170000000000130e+02,1.694900000000000162e+01,3.734999999999999876e+00,1.002299999999999969e+01,6.288000000000000256e+00,9.386387550534419644e-01,2.399770000000000039e+02
1.700000000000000000e+01,3.797000000000000153e+00,9.910999999999999588e+00,6.113999999999999879e+00,9.380345417425369758e-01,2.337030000000000030e+02,1.696099999999999852e+01,3.734999999999999876e+00,1.002399999999999913e+01,6.288999999999999702e+00,9.393033172730796965e-01,2.399759999999999991e+02
1.701800000000000068e+01,3.797000000000000153e+00,9.920999999999999375e+00,6.123999999999999666e+00,9.390277547867350583e-01,2.337030000000000030e+02,1.697899999999999920e+01,3.697999999999999954e+00,9.984999999999999432e+00,6.286999999999999922e+00,9.403001606025364056e-01,2.400149999999999864e+02
1.703500000000000014e+01,3.758999999999999897e+00,9.907999999999999474e+00,6.149000000000000021e+00,9.399657893284775190e-01,2.337410000000000139e+02,1.699599999999999866e+01,3.734999999999999876e+00,1.004800000000000004e+01,6.312999999999999723e+00,9.412416237470232483e-01,2.399519999999999982e+02
1.705300000000000082e+01,3.871999999999999886e+00,9.996000000000000441e+00,6.123999999999999666e+00,9.409590023726756014e-01,2.336279999999999859e+02,1.701300000000000168e+01,3.746999999999999886e+00,1.007399999999999984e+01,6.326999999999999957e+00,9.421830868915103130e-01,2.399259999999999877e+02
1.707000000000000028e+01,3.871999999999999886e+00,1.000900000000000034e+01,6.136999999999999567e+00,9.418970369144180621e-01,2.336279999999999859e+02,1.703099999999999881e+01,3.710999999999999854e+00,1.005000000000000071e+01,6.339000000000000412e+00,9.431799302209669111e-01,2.399499999999999886e+02
1.708299999999999841e+01,3.834000000000000075e+00,9.909000000000000696e+00,6.075000000000000178e+00,9.426143574463387020e-01,2.336659999999999968e+02,1.704400000000000048e+01,3.673000000000000043e+00,1.002299999999999969e+01,6.349999999999999645e+00,9.438998726255746208e-01,2.399770000000000039e+02
1.710000000000000142e+01,3.822000000000000064e+00,9.894999999999999574e+00,6.073000000000000398e+00,9.435523919880813848e-01,2.336779999999999973e+02,1.706099999999999994e+01,3.709999999999999964e+00,1.007399999999999984e+01,6.363999999999999879e+00,9.448413357700614634e-01,2.399259999999999877e+02
1.711799999999999855e+01,3.870999999999999996e+00,9.944000000000000838e+00,6.073000000000000398e+00,9.445456050322792452e-01,2.336289999999999907e+02,1.707799999999999940e+01,3.734999999999999876e+00,1.008500000000000085e+01,6.349999999999999645e+00,9.457827989145484171e-01,2.399149999999999920e+02
1.713500000000000156e+01,3.846999999999999975e+00,9.910000000000000142e+00,6.062999999999999723e+00,9.454836395740219279e-01,2.336529999999999916e+02,1.709199999999999875e+01,3.672000000000000153e+00,1.003599999999999959e+01,6.363999999999999879e+00,9.465581215041257712e-01,2.399639999999999986e+02
1.715200000000000102e+01,3.846000000000000085e+00,9.897000000000000242e+00,6.051000000000000156e+00,9.464216741157644996e-01,2.336539999999999964e+02,1.710900000000000176e+01,3.646999999999999797e+00,1.003700000000000081e+01,6.389999999999999680e+00,9.474995846486128359e-01,2.399629999999999939e+02
1.716900000000000048e+01,3.859999999999999876e+00,9.896000000000000796e+00,6.035999999999999588e+00,9.473597086575069603e-01,2.336399999999999864e+02,1.712699999999999889e+01,3.660000000000000142e+00,1.004700000000000060e+01,6.386999999999999567e+00,9.484964279780694341e-01,2.399530000000000030e+02
1.718299999999999983e+01,3.859999999999999876e+00,9.907999999999999474e+00,6.048000000000000043e+00,9.481322076918831110e-01,2.336399999999999864e+02,1.714000000000000057e+01,3.621999999999999886e+00,1.001299999999999990e+01,6.391000000000000014e+00,9.492163703826771437e-01,2.399869999999999948e+02
1.719999999999999929e+01,3.871999999999999886e+00,9.910999999999999588e+00,6.038999999999999702e+00,9.490702422336256827e-01,2.336279999999999859e+02,1.715700000000000003e+01,3.621999999999999886e+00,1.002500000000000036e+01,6.402999999999999581e+00,9.501578335271639864e-01,2.399749999999999943e+02
1.721799999999999997e+01,3.886000000000000121e+00,9.935000000000000497e+00,6.049000000000000377e+00,9.500634552778236541e-01,2.336140000000000043e+02,1.717399999999999949e+01,3.685000000000000053e+00,1.006099999999999994e+01,6.376000000000000334e+00,9.510992966716509400e-01,2.399389999999999930e+02
1.723499999999999943e+01,3.861000000000000210e+00,9.897999999999999687e+00,6.036999999999999922e+00,9.510014898195662258e-01,2.336390000000000100e+02,1.719200000000000017e+01,3.646999999999999797e+00,1.001399999999999935e+01,6.366999999999999993e+00,9.520961400011076492e-01,2.399859999999999900e+02
1.725300000000000011e+01,3.810000000000000053e+00,9.848000000000000753e+00,6.038000000000000256e+00,9.519947028637641973e-01,2.336899999999999977e+02,1.721000000000000085e+01,3.661000000000000032e+00,1.006199999999999939e+01,6.400999999999999801e+00,9.530929833305643584e-01,2.399379999999999882e+02
1.726999999999999957e+01,3.923000000000000043e+00,9.948999999999999844e+00,6.025999999999999801e+00,9.529327374055066580e-01,2.335769999999999982e+02,1.722700000000000031e+01,3.798999999999999932e+00,1.011299999999999955e+01,6.314000000000000057e+00,9.540344464750513120e-01,2.398870000000000005e+02
1.728800000000000026e+01,3.922000000000000153e+00,9.948000000000000398e+00,6.025999999999999801e+00,9.539259504497047404e-01,2.335780000000000030e+02,1.723900000000000077e+01,3.685999999999999943e+00,1.003899999999999970e+01,6.352999999999999758e+00,9.546990086946891552e-01,2.399610000000000127e+02
1.730399999999999849e+01,3.861000000000000210e+00,9.871999999999999886e+00,6.011000000000000121e+00,9.548088064889916904e-01,2.336390000000000100e+02,1.725700000000000145e+01,3.623000000000000220e+00,1.000000000000000000e+01,6.376999999999999780e+00,9.556958520241458643e-01,2.400000000000000000e+02
1.732199999999999918e+01,3.911000000000000032e+00,9.920999999999999375e+00,6.009999999999999787e+00,9.558020195331897728e-01,2.335889999999999986e+02,1.727499999999999858e+01,3.673000000000000043e+00,1.003899999999999970e+01,6.365999999999999659e+00,9.566926953536024625e-01,2.399610000000000127e+02
1.733999999999999986e+01,3.911000000000000032e+00,9.912000000000000810e+00,6.001000000000000334e+00,9.567952325773877442e-01,2.335889999999999986e+02,1.729200000000000159e+01,3.661000000000000032e+00,1.002599999999999980e+01,6.365000000000000213e+00,9.576341584980895272e-01,2.399739999999999895e+02
1.735699999999999932e+01,3.886000000000000121e+00,9.898999999999999133e+00,6.012999999999999901e+00,9.577332671191302049e-01,2.336140000000000043e+02,1.730900000000000105e+01,3.623000000000000220e+00,1.000000000000000000e+01,6.376999999999999780e+00,9.585756216425763698e-01,2.400000000000000000e+02
1.737399999999999878e+01,3.846999999999999975e+00,9.896000000000000796e+00,6.049000000000000377e+00,9.586713016608727767e-01,2.336529999999999916e+02,1.732600000000000051e+01,3.634999999999999787e+00,1.000200000000000067e+01,6.366999999999999993e+00,9.595170847870632125e-01,2.399979999999999905e+02
1.739199999999999946e+01,3.785000000000000142e+00,9.810999999999999943e+00,6.025999999999999801e+00,9.596645147050707481e-01,2.337150000000000034e+02,1.733999999999999986e+01,3.648000000000000131e+00,9.987999999999999545e+00,6.339999999999999858e+00,9.602924073766406776e-01,2.400120000000000005e+02
1.740899999999999892e+01,3.810000000000000053e+00,9.849000000000000199e+00,6.038999999999999702e+00,9.606025492468133198e-01,2.336899999999999977e+02,1.735699999999999932e+01,3.636000000000000121e+00,9.990000000000000213e+00,6.354000000000000092e+00,9.612338705211275203e-01,2.400099999999999909e+02
1.742599999999999838e+01,3.886000000000000121e+00,9.948000000000000398e+00,6.062000000000000277e+00,9.615405837885557805e-01,2.336140000000000043e+02,1.737399999999999878e+01,3.636000000000000121e+00,9.990999999999999659e+00,6.355000000000000426e+00,9.621753336656143629e-01,2.400090000000000146e+02
1.744399999999999906e+01,3.846999999999999975e+00,9.922000000000000597e+00,6.075000000000000178e+00,9.625337968327538629e-01,2.336529999999999916e+02,1.739099999999999824e+01,3.621999999999999886e+00,1.000200000000000067e+01,6.379999999999999893e+00,9.631167968101013166e-01,2.399979999999999905e+02
1.746199999999999974e+01,3.797000000000000153e+00,9.887000000000000455e+00,6.089999999999999858e+00,9.635270098769518343e-01,2.337030000000000030e+02,1.740500000000000114e+01,3.572999999999999954e+00,9.951999999999999957e+00,6.378999999999999559e+00,9.638921193996788928e-01,2.400480000000000018e+02
1.747800000000000153e+01,3.874000000000000110e+00,9.946999999999999176e+00,6.073000000000000398e+00,9.644098659162390064e-01,2.336260000000000048e+02,1.742200000000000060e+01,3.584999999999999964e+00,9.951999999999999957e+00,6.366999999999999993e+00,9.648335825441657354e-01,2.400480000000000018e+02
1.749599999999999866e+01,3.873000000000000220e+00,9.948000000000000398e+00,6.075000000000000178e+00,9.654030789604368668e-01,2.336270000000000095e+02,1.744000000000000128e+01,3.697000000000000064e+00,1.003800000000000026e+01,6.341000000000000192e+00,9.658304258736225556e-01,2.399619999999999891e+02
1.751300000000000168e+01,3.847999999999999865e+00,9.912000000000000810e+00,6.064000000000000057e+00,9.663411135021795495e-01,2.336519999999999868e+02,1.745299999999999940e+01,3.648000000000000131e+00,9.997999999999999332e+00,6.349999999999999645e+00,9.665503682782300432e-01,2.400020000000000095e+02
1.753000000000000114e+01,3.786000000000000032e+00,9.885999999999999233e+00,6.099999999999999645e+00,9.672791480439220102e-01,2.337139999999999986e+02,1.746999999999999886e+01,3.621999999999999886e+00,9.974000000000000199e+00,6.352000000000000313e+00,9.674918314227168858e-01,2.400260000000000105e+02
1.754799999999999827e+01,3.834999999999999964e+00,9.935000000000000497e+00,6.099999999999999645e+00,9.682723610881198706e-01,2.336649999999999920e+02,1.748699999999999832e+01,3.661000000000000032e+00,1.001299999999999990e+01,6.352000000000000313e+00,9.684332945672038395e-01,2.399869999999999948e+02
1.756500000000000128e+01,3.823999999999999844e+00,9.913000000000000256e+00,6.089000000000000412e+00,9.692103956298625533e-01,2.336759999999999877e+02,1.750400000000000134e+01,3.661000000000000032e+00,1.000200000000000067e+01,6.341000000000000192e+00,9.693747577116909042e-01,2.399979999999999905e+02
1.758299999999999841e+01,3.798000000000000043e+00,9.862999999999999545e+00,6.065000000000000391e+00,9.702036086740604137e-01,2.337019999999999982e+02,1.752199999999999847e+01,3.634999999999999787e+00,9.986000000000000654e+00,6.350999999999999979e+00,9.703716010411473913e-01,2.400140000000000100e+02
1.760000000000000142e+01,3.773000000000000131e+00,9.836000000000000298e+00,6.062999999999999723e+00,9.711416432158030965e-01,2.337270000000000039e+02,1.753900000000000148e+01,3.611000000000000210e+00,9.939999999999999503e+00,6.328999999999999737e+00,9.713130641856344560e-01,2.400600000000000023e+02
1.761700000000000088e+01,3.746999999999999886e+00,9.798999999999999488e+00,6.051999999999999602e+00,9.720796777575456682e-01,2.337529999999999859e+02,1.755699999999999861e+01,3.584999999999999964e+00,9.888999999999999346e+00,6.304000000000000270e+00,9.723099075150910542e-01,2.401109999999999900e+02
1.763500000000000156e+01,3.736000000000000210e+00,9.811999999999999389e+00,6.075999999999999623e+00,9.730728908017436396e-01,2.337640000000000100e+02,1.757400000000000162e+01,3.596999999999999975e+00,9.914999999999999147e+00,6.317999999999999616e+00,9.732513706595781189e-01,2.400850000000000080e+02
1.765200000000000102e+01,3.773000000000000131e+00,9.862999999999999545e+00,6.089999999999999858e+00,9.740109253434861003e-01,2.337270000000000039e+02,1.758800000000000097e+01,3.636000000000000121e+00,9.964999999999999858e+00,6.328999999999999737e+00,9.740266932491555840e-01,2.400349999999999966e+02
1.767000000000000171e+01,3.736000000000000210e+00,9.849000000000000199e+00,6.113000000000000433e+00,9.750041383876841827e-01,2.337640000000000100e+02,1.760500000000000043e+01,3.673999999999999932e+00,9.964000000000000412e+00,6.290000000000000036e+00,9.749681563936424267e-01,2.400360000000000014e+02
1.768700000000000117e+01,3.672000000000000153e+00,9.836000000000000298e+00,6.163999999999999702e+00,9.759421729294266434e-01,2.338280000000000030e+02,1.762199999999999989e+01,3.648000000000000131e+00,9.962999999999999190e+00,6.315000000000000391e+00,9.759096195381292693e-01,2.400370000000000061e+02
1.770499999999999829e+01,3.773000000000000131e+00,9.900000000000000355e+00,6.126999999999999780e+00,9.769353859736245038e-01,2.337270000000000039e+02,1.763599999999999923e+01,3.634999999999999787e+00,9.951999999999999957e+00,6.317000000000000171e+00,9.766849421277067345e-01,2.400480000000000018e+02
1.772200000000000131e+01,3.771999999999999797e+00,9.910999999999999588e+00,6.139000000000000234e+00,9.778734205153671866e-01,2.337280000000000086e+02,1.765299999999999869e+01,3.710999999999999854e+00,1.002599999999999980e+01,6.315000000000000391e+00,9.776264052721935771e-01,2.399739999999999895e+02
1.773999999999999844e+01,3.746999999999999886e+00,9.859999999999999432e+00,6.113000000000000433e+00,9.788666335595650470e-01,2.337529999999999859e+02,1.767000000000000171e+01,3.685999999999999943e+00,9.987999999999999545e+00,6.301999999999999602e+00,9.785678684166806418e-01,2.400120000000000005e+02
1.775700000000000145e+01,3.773000000000000131e+00,9.858999999999999986e+00,6.086000000000000298e+00,9.798046681013077297e-01,2.337270000000000039e+02,1.768799999999999883e+01,3.636000000000000121e+00,9.936999999999999389e+00,6.301000000000000156e+00,9.795647117461372400e-01,2.400629999999999882e+02
1.777400000000000091e+01,3.761000000000000121e+00,9.849999999999999645e+00,6.089000000000000412e+00,9.807427026430501904e-01,2.337390000000000043e+02,1.770499999999999829e+01,3.673000000000000043e+00,9.976000000000000867e+00,6.302999999999999936e+00,9.805061748906240826e-01,2.400240000000000009e+02
1.779200000000000159e+01,3.734999999999999876e+00,9.836000000000000298e+00,6.100999999999999979e+00,9.817359156872482728e-01,2.337649999999999864e+02,1.772500000000000142e+01,3.697000000000000064e+00,1.001200000000000045e+01,6.315000000000000391e+00,9.816137785900206358e-01,2.399879999999999995e+02
1.780900000000000105e+01,3.697000000000000064e+00,9.798000000000000043e+00,6.100999999999999979e+00,9.826739502289907335e-01,2.338029999999999973e+02,1.774399999999999977e+01,3.673000000000000043e+00,9.949999999999999289e+00,6.277000000000000135e+00,9.826660021044471005e-01,2.400500000000000114e+02
1.782700000000000173e+01,3.709000000000000075e+00,9.835000000000000853e+00,6.126000000000000334e+00,9.836671632731888160e-01,2.337909999999999968e+02,1.776000000000000156e+01,3.685999999999999943e+00,9.941000000000000725e+00,6.254999999999999893e+00,9.835520850639641877e-01,2.400589999999999975e+02
1.784400000000000119e+01,3.697000000000000064e+00,9.788000000000000256e+00,6.091000000000000192e+00,9.846051978149312767e-01,2.338029999999999973e+02,1.777799999999999869e+01,3.646999999999999797e+00,9.888999999999999346e+00,6.241999999999999993e+00,9.845489283934207858e-01,2.401109999999999900e+02
1.786100000000000065e+01,3.709999999999999964e+00,9.823999999999999844e+00,6.113999999999999879e+00,9.855432323566737374e-01,2.337899999999999920e+02,1.779599999999999937e+01,3.685999999999999943e+00,9.913999999999999702e+00,6.227999999999999758e+00,9.855457717228776060e-01,2.400860000000000127e+02
1.787800000000000011e+01,3.746999999999999886e+00,9.823999999999999844e+00,6.076999999999999957e+00,9.864812668984163091e-01,2.337529999999999859e+02,1.781299999999999883e+01,3.660000000000000142e+00,9.903000000000000469e+00,6.243000000000000327e+00,9.864872348673644487e-01,2.400970000000000084e+02
1.789600000000000080e+01,3.696000000000000174e+00,9.772999999999999687e+00,6.076999999999999957e+00,9.874744799426142805e-01,2.338040000000000020e+02,1.782600000000000051e+01,3.685999999999999943e+00,9.901999999999999247e+00,6.216000000000000192e+00,9.872071772719721583e-01,2.400980000000000132e+02
1.791300000000000026e+01,3.657999999999999918e+00,9.724000000000000199e+00,6.065999999999999837e+00,9.884125144843568522e-01,2.338420000000000130e+02,1.784400000000000119e+01,3.698999999999999844e+00,9.900999999999999801e+00,6.201999999999999957e+00,9.882040206014288675e-01,2.400989999999999895e+02
1.792999999999999972e+01,3.746999999999999886e+00,9.821999999999999176e+00,6.075000000000000178e+00,9.893505490260993129e-01,2.337529999999999859e+02,1.786100000000000065e+01,3.634999999999999787e+00,9.827999999999999403e+00,6.192999999999999616e+00,9.891454837459158211e-01,2.401719999999999970e+02
1.794800000000000040e+01,3.745999999999999996e+00,9.823000000000000398e+00,6.076999999999999957e+00,9.903437620702972843e-01,2.337539999999999907e+02,1.787800000000000011e+01,3.748000000000000220e+00,9.939999999999999503e+00,6.192000000000000171e+00,9.900869468904026638e-01,2.400600000000000023e+02
1.796499999999999986e+01,3.672000000000000153e+00,9.759999999999999787e+00,6.088000000000000078e+00,9.912817966120398561e-01,2.338280000000000030e+02,1.789499999999999957e+01,3.736000000000000210e+00,9.949999999999999289e+00,6.214000000000000412e+00,9.910284100348895064e-01,2.400500000000000114e+02
1.798300000000000054e+01,3.759999999999999787e+00,9.837999999999999190e+00,6.078000000000000291e+00,9.922750096562378275e-01,2.337400000000000091e+02,1.791300000000000026e+01,3.660000000000000142e+00,9.864000000000000767e+00,6.203999999999999737e+00,9.920252533643463266e-01,2.401359999999999957e+02
1.800000000000000000e+01,3.785000000000000142e+00,9.848000000000000753e+00,6.062999999999999723e+00,9.932130441979803992e-01,2.337150000000000034e+02,1.792999999999999972e+01,3.661000000000000032e+00,9.887999999999999901e+00,6.227000000000000313e+00,9.929667165088331693e-01,2.401119999999999948e+02
1.801800000000000068e+01,3.721000000000000085e+00,9.787000000000000810e+00,6.065999999999999837e+00,9.942062572421783706e-01,2.337789999999999964e+02,1.794800000000000040e+01,3.712000000000000188e+00,9.925000000000000711e+00,6.213000000000000078e+00,9.939635598382898785e-01,2.400749999999999886e+02
1.803500000000000014e+01,3.734999999999999876e+00,9.772000000000000242e+00,6.036999999999999922e+00,9.951442917839209423e-01,2.337649999999999864e+02,1.796900000000000119e+01,3.685000000000000053e+00,9.914999999999999147e+00,6.230000000000000426e+00,9.951265437226561872e-01,2.400850000000000080e+02
1.805300000000000082e+01,3.708000000000000185e+00,9.771000000000000796e+00,6.062999999999999723e+00,9.961375048281189137e-01,2.337920000000000016e+02,1.798600000000000065e+01,3.673000000000000043e+00,9.890000000000000568e+00,6.216999999999999638e+00,9.960680068671430298e-01,2.401100000000000136e+02
1.807000000000000028e+01,3.696000000000000174e+00,9.762000000000000455e+00,6.065999999999999837e+00,9.970755393698613744e-01,2.338040000000000020e+02,1.800499999999999901e+01,3.661000000000000032e+00,9.864000000000000767e+00,6.203000000000000291e+00,9.971202303815694945e-01,2.401359999999999957e+02
1.808800000000000097e+01,3.722999999999999865e+00,9.811999999999999389e+00,6.089000000000000412e+00,9.980687524140594569e-01,2.337769999999999868e+02,1.802199999999999847e+01,3.621999999999999886e+00,9.852999999999999758e+00,6.230999999999999872e+00,9.980616935260563372e-01,2.401469999999999914e+02
1.810500000000000043e+01,3.697000000000000064e+00,9.797000000000000597e+00,6.099999999999999645e+00,9.990067869558019176e-01,2.338029999999999973e+02,1.803900000000000148e+01,3.685999999999999943e+00,9.926000000000000156e+00,6.240000000000000213e+00,9.990031566705434019e-01,2.400740000000000123e+02
1.812300000000000111e+01,3.646999999999999797e+00,9.746999999999999886e+00,6.099999999999999645e+00,1.000000000000000000e+00,2.338530000000000086e+02,1.805699999999999861e+01,3.685999999999999943e+00,9.926999999999999602e+00,6.240999999999999659e+00,1.000000000000000000e+00,2.400730000000000075e+02
