time,Gap_leftedge,Gap_rightedge,Gap_gap,LT_x,LT_y,LT_z
0.000000000000000000e+00,3.700000000000000178e+00,1.002100000000000080e+01,6.320999999999999730e+00,4.270239350000220035e-01,2.491520086852000020e+02,-3.220291387999589805e-01
1.000000000000000021e-02,3.685750000000000082e+00,1.000799999999999912e+01,6.322250000000000369e+00,9.200433970000300166e-01,2.491130898751999894e+02,-3.097820757999589780e-01
2.000000000000000042e-02,3.666999999999999815e+00,1.001266666666666616e+01,6.345666666666666345e+00,1.411810012999989983e+00,2.490961175212000001e+02,-3.026127528000099876e-01
2.999999999999999889e-02,3.686111111111110894e+00,1.003266666666666573e+01,6.346555555555555728e+00,1.900041822999990027e+00,2.491059729931999982e+02,-2.995388927999669826e-01
4.000000000000000083e-02,3.722222222222222321e+00,1.006711111111111023e+01,6.344888888888888800e+00,2.382938886999999895e+00,2.491215477901999975e+02,-2.924863717999620083e-01
5.000000000000000278e-02,3.739249999999999741e+00,1.009299999999999997e+01,6.353750000000000675e+00,2.888911883000039982e+00,2.491364474121999990e+02,-2.824263157999700180e-01
5.999999999999999778e-02,3.750555555555555198e+00,1.009422222222222132e+01,6.343666666666666565e+00,3.388896411000020148e+00,2.491509768162000000e+02,-2.803663377999620065e-01
7.000000000000000666e-02,3.748666666666666814e+00,1.009444444444444500e+01,6.345777777777777295e+00,3.903429709000049819e+00,2.491562958302000084e+02,-2.852706738000129749e-01
8.000000000000000167e-02,3.731500000000000039e+00,1.008750000000000036e+01,6.356000000000000760e+00,4.420358963000009744e+00,2.491547367382000004e+02,-2.911502167999849844e-01
8.999999999999999667e-02,3.684000000000000163e+00,1.005199999999999960e+01,6.368000000000000327e+00,4.935517685000010424e+00,2.491490984001999891e+02,-2.890157097999759839e-01
1.000000000000000056e-01,3.641777777777778002e+00,9.996444444444444244e+00,6.354666666666666686e+00,5.437672175000010100e+00,2.491607114182000089e+02,-2.969450248000150006e-01
1.100000000000000006e-01,3.665249999999999897e+00,1.000774999999999970e+01,6.342499999999999361e+00,5.940142172999999914e+00,2.491843442111999991e+02,-3.099167087999910031e-01
1.199999999999999956e-01,3.674111111111110883e+00,1.003033333333333310e+01,6.356222222222221774e+00,6.428773634999999764e+00,2.491872005232000049e+02,-3.098180857999909832e-01
1.300000000000000044e-01,3.676000000000000156e+00,1.000900000000000034e+01,6.333000000000000185e+00,6.931693137000030092e+00,2.491678635821999990e+02,-3.016379328000100002e-01
1.400000000000000133e-01,3.636374999999999691e+00,9.993125000000000924e+00,6.356749999999999901e+00,7.426796641000040111e+00,2.491450755452000010e+02,-2.934473427999709783e-01
1.499999999999999944e-01,3.629333333333333300e+00,9.977333333333334053e+00,6.347999999999999865e+00,7.925609317000049892e+00,2.491274967601999890e+02,-2.882743257999759723e-01
1.600000000000000033e-01,3.637999999999999901e+00,9.985111111111111271e+00,6.347111111111111370e+00,8.421028106999999707e+00,2.491167320261999976e+02,-2.841261108000149860e-01
1.700000000000000122e-01,3.629874999999999741e+00,9.975875000000000270e+00,6.346000000000000085e+00,8.916331569000039536e+00,2.491079851961999907e+02,-2.739850017999659881e-01
1.799999999999999933e-01,3.615666666666666806e+00,9.962444444444445324e+00,6.346777777777778518e+00,9.409897681000030545e+00,2.491121283992000031e+02,-2.728898147999900270e-01
1.900000000000000022e-01,3.657444444444444276e+00,1.000177777777777699e+01,6.344333333333334046e+00,9.914047809000010147e+00,2.491238730551999936e+02,-2.758191177999749777e-01
2.000000000000000111e-01,3.687899999999999956e+00,1.002970000000000006e+01,6.341800000000000104e+00,1.040573116899999917e+01,2.491259055241999931e+02,-2.747169027999989965e-01
2.099999999999999922e-01,3.683999999999999719e+00,1.001462500000000055e+01,6.330625000000000391e+00,1.091889380900000006e+01,2.491201426041999980e+02,-2.755824197999759972e-01
2.200000000000000011e-01,3.649999999999999911e+00,9.983333333333332504e+00,6.333333333333333925e+00,1.143453992100000072e+01,2.491235148252000045e+02,-2.824796527999799967e-01
2.300000000000000100e-01,3.631000000000000227e+00,9.974000000000000199e+00,6.342999999999999972e+00,1.194114278099999993e+01,2.491273865352000030e+02,-2.853806337999669762e-01
2.399999999999999911e-01,3.628666666666666707e+00,9.971333333333333826e+00,6.342666666666666231e+00,1.244318260900000084e+01,2.491410068732000127e+02,-2.903170367999610146e-01
2.500000000000000000e-01,3.594444444444444553e+00,9.921111111111111214e+00,6.326666666666667105e+00,1.293612196499999989e+01,2.491561285962000056e+02,-2.902607287999620089e-01
2.600000000000000089e-01,3.553111111111110887e+00,9.887555555555556097e+00,6.334444444444444322e+00,1.343356580100000031e+01,2.491625247551999962e+02,-2.811725758000039876e-01
2.700000000000000178e-01,3.562888888888889216e+00,9.886555555555554875e+00,6.323666666666666991e+00,1.392824272900000082e+01,2.491647529171999906e+02,-2.730703397999669768e-01
2.800000000000000266e-01,3.561999999999999833e+00,9.903888888888888076e+00,6.341888888888888687e+00,1.441444594100000032e+01,2.491575039441999877e+02,-2.589365138000119804e-01
2.899999999999999800e-01,3.557125000000000092e+00,9.917624999999999247e+00,6.360500000000000043e+00,1.489711275099999988e+01,2.491420223911999869e+02,-2.497744617999989869e-01
2.999999999999999889e-01,3.548999999999999932e+00,9.904222222222221816e+00,6.355222222222222328e+00,1.538987862900000003e+01,2.491250929242000041e+02,-2.466050938000129977e-01
3.099999999999999978e-01,3.548333333333333339e+00,9.906000000000000583e+00,6.357666666666666799e+00,1.587987737699999968e+01,2.491039989882000043e+02,-2.434216487999699974e-01
3.200000000000000067e-01,3.558888888888888768e+00,9.918555555555554903e+00,6.359666666666666579e+00,1.638334193300000052e+01,2.490926636542000097e+02,-2.472696827999890101e-01
3.300000000000000155e-01,3.548999999999999932e+00,9.882999999999999119e+00,6.333999999999999631e+00,1.689140003900000053e+01,2.490885913072000051e+02,-2.541423387999929839e-01
3.400000000000000244e-01,3.534250000000000114e+00,9.885125000000000384e+00,6.350875000000000270e+00,1.739962714099999985e+01,2.490815556082000057e+02,-2.520044437999849896e-01
3.499999999999999778e-01,3.530999999999999694e+00,9.894000000000000128e+00,6.363000000000000433e+00,1.791615674299999839e+01,2.490869956761999902e+02,-2.549087497999700247e-01
3.599999999999999867e-01,3.548999999999999932e+00,9.896444444444444599e+00,6.347444444444444223e+00,1.843499638100000126e+01,2.491046047972000110e+02,-2.528554427999610277e-01
3.699999999999999956e-01,3.548999999999999932e+00,9.890124999999999389e+00,6.341124999999999901e+00,1.893152958100009897e+01,2.491269536762000030e+02,-2.498238137999740094e-01
3.800000000000000044e-01,3.549777777777777477e+00,9.887555555555556097e+00,6.337777777777778176e+00,1.943793185899999898e+01,2.491518798651999873e+02,-2.437990628000029913e-01
3.900000000000000133e-01,3.550888888888889205e+00,9.877333333333332632e+00,6.326444444444444315e+00,1.992265312299999991e+01,2.491705884602000083e+02,-2.297571467999920125e-01
4.000000000000000222e-01,3.539000000000000146e+00,9.878999999999999559e+00,6.339999999999999858e+00,2.042192204699999891e+01,2.491801043051999898e+02,-2.176795747999930031e-01
4.099999999999999756e-01,3.525777777777777455e+00,9.875888888888889383e+00,6.350111111111110596e+00,2.091437601100000165e+01,2.491861837172000094e+02,-2.175914727999929965e-01
4.199999999999999845e-01,3.520874999999999755e+00,9.865375000000000227e+00,6.344500000000000028e+00,2.140514336500000070e+01,2.491691684762000136e+02,-2.064221947999690110e-01
4.299999999999999933e-01,3.513499999999999623e+00,9.860500000000000043e+00,6.346999999999999531e+00,2.189531244100000151e+01,2.491450900202000014e+02,-2.002281627999960012e-01
4.400000000000000022e-01,3.521124999999999616e+00,9.861250000000000071e+00,6.340125000000000455e+00,2.239096122100000130e+01,2.491303000622000070e+02,-2.050657537999920066e-01
4.500000000000000111e-01,3.547875000000000334e+00,9.885999999999999233e+00,6.338124999999999787e+00,2.286730001700000159e+01,2.491203996911999923e+02,-2.149249237999829865e-01
4.600000000000000200e-01,3.549999999999999822e+00,9.900000000000000355e+00,6.349999999999999645e+00,2.336026851700000151e+01,2.491174690951999935e+02,-2.218049647999880136e-01
4.699999999999999734e-01,3.547222222222222054e+00,9.876888888888888829e+00,6.329666666666666330e+00,2.385041155700000104e+01,2.491113935662000074e+02,-2.226744997999640097e-01
4.799999999999999822e-01,3.524999999999999911e+00,9.878499999999998948e+00,6.353500000000000369e+00,2.435570009099999922e+01,2.491031955582000137e+02,-2.185331448000029930e-01
4.899999999999999911e-01,3.519222222222222030e+00,9.880666666666666487e+00,6.361444444444444457e+00,2.487539647499999873e+01,2.491058009351999942e+02,-2.244267647999740045e-01
5.000000000000000000e-01,3.512000000000000011e+00,9.874000000000000554e+00,6.362000000000000099e+00,2.539403548900000018e+01,2.491093794331999902e+02,-2.213239947999869894e-01
5.100000000000000089e-01,3.483500000000000263e+00,9.847749999999999559e+00,6.364250000000000185e+00,2.590702402699999851e+01,2.491066610091999962e+02,-2.082002008000120030e-01
5.200000000000000178e-01,3.463333333333333375e+00,9.848777777777778297e+00,6.385444444444444478e+00,2.642243881699999974e+01,2.491140796221999949e+02,-2.001116637999739989e-01
5.300000000000000266e-01,3.487999999999999989e+00,9.878000000000000114e+00,6.389999999999999680e+00,2.692036959900010018e+01,2.491294933961999902e+02,-1.980552627999629944e-01
5.400000000000000355e-01,3.468625000000000291e+00,9.870499999999999829e+00,6.401875000000000426e+00,2.742223821099999981e+01,2.491461123661999864e+02,-2.020022767999830049e-01
5.500000000000000444e-01,3.419999999999999929e+00,9.826666666666666217e+00,6.406666666666666288e+00,2.791586176499999894e+01,2.491492501451999999e+02,-2.029035427999590080e-01
5.600000000000000533e-01,3.411555555555555674e+00,9.801555555555555799e+00,6.389999999999999680e+00,2.840246684899999963e+01,2.491349667322000130e+02,-2.017448937999830050e-01
5.699999999999999512e-01,3.411000000000000032e+00,9.807111111111110446e+00,6.396111111111110858e+00,2.889549345700000060e+01,2.491310201281999923e+02,-2.136213697999830019e-01
5.799999999999999600e-01,3.392999999999999794e+00,9.803333333333332789e+00,6.410333333333332995e+00,2.938946055299999927e+01,2.491281430031999946e+02,-2.215013837999640078e-01
5.899999999999999689e-01,3.384874999999999634e+00,9.797250000000000014e+00,6.412374999999999936e+00,2.986773643500000119e+01,2.491193973341999879e+02,-2.193641188000109987e-01
5.999999999999999778e-01,3.398333333333332984e+00,9.811666666666665648e+00,6.413333333333333108e+00,3.035713938900000031e+01,2.491262864772000114e+02,-2.242795848000060099e-01
6.099999999999999867e-01,3.414777777777777690e+00,9.836333333333334039e+00,6.421555555555555905e+00,3.085307475500000152e+01,2.491415650851999999e+02,-2.282231897999690007e-01
6.199999999999999956e-01,3.430125000000000313e+00,9.839000000000000412e+00,6.408875000000000099e+00,3.134957854700000013e+01,2.491468847092000090e+02,-2.251314867999839875e-01
6.300000000000000044e-01,3.415333333333333332e+00,9.815111111111111342e+00,6.399777777777777565e+00,3.187018312500000050e+01,2.491335761741999875e+02,-2.139686487999589992e-01
6.400000000000000133e-01,3.394000000000000128e+00,9.794000000000000483e+00,6.399999999999999467e+00,3.237470016700009978e+01,2.491213453352000045e+02,-2.048132048000010086e-01
6.500000000000000222e-01,3.373749999999999805e+00,9.786125000000000185e+00,6.412374999999999936e+00,3.289450921500009883e+01,2.491219751442000074e+02,-2.046997908000010025e-01
6.600000000000000311e-01,3.361199999999999743e+00,9.785999999999999588e+00,6.424800000000000288e+00,3.341563214499999646e+01,2.491346817271999896e+02,-2.096287247999970016e-01
6.700000000000000400e-01,3.346888888888889024e+00,9.783000000000001251e+00,6.436111111111111782e+00,3.392562644899999924e+01,2.491317781941999954e+02,-2.005049697999820024e-01
6.800000000000000488e-01,3.352750000000000341e+00,9.777499999999999858e+00,6.424750000000000405e+00,3.440881116700000319e+01,2.491423188152000137e+02,-2.054347017999779978e-01
6.899999999999999467e-01,3.372200000000000308e+00,9.789799999999999613e+00,6.417600000000000193e+00,3.491915504899999689e+01,2.491683902242000102e+02,-2.224132637999740036e-01
6.999999999999999556e-01,3.371500000000000163e+00,9.790499999999999758e+00,6.419000000000000483e+00,3.541928138499999790e+01,2.491628917412000135e+02,-2.212826007999970090e-01
7.099999999999999645e-01,3.354666666666666686e+00,9.774666666666666615e+00,6.419999999999999929e+00,3.591606635099999778e+01,2.491281943991999981e+02,-2.090495937999979903e-01
7.199999999999999734e-01,3.345125000000000348e+00,9.769999999999999574e+00,6.424875000000000114e+00,3.641048721100000307e+01,2.491173656102000109e+02,-2.069013877999870132e-01
7.299999999999999822e-01,3.345000000000000195e+00,9.768000000000000682e+00,6.423000000000000043e+00,3.690165847699999802e+01,2.491283692792000011e+02,-2.098309637999740129e-01
7.399999999999999911e-01,3.358111111111111047e+00,9.770222222222221475e+00,6.412111111111110873e+00,3.738640910699999864e+01,2.491290220271999942e+02,-2.037253908000019875e-01
7.500000000000000000e-01,3.362000000000000099e+00,9.777249999999998664e+00,6.415250000000000341e+00,3.786844805100000144e+01,2.491245366342000125e+02,-1.906022477999680109e-01
7.600000000000000089e-01,3.382111111111111068e+00,9.775222222222222257e+00,6.393111111111110745e+00,3.834652468299999839e+01,2.491368242762000023e+02,-1.855392147999730124e-01
7.700000000000000178e-01,3.396624999999999783e+00,9.798000000000000043e+00,6.401374999999999815e+00,3.883778435300000353e+01,2.491638270802000079e+02,-1.975252757999720055e-01
7.800000000000000266e-01,3.396999999999999797e+00,9.807000000000000384e+00,6.410000000000000142e+00,3.934424114499999803e+01,2.491527086071999975e+02,-1.883733247999579974e-01
7.900000000000000355e-01,3.387222222222222356e+00,9.776777777777777345e+00,6.389555555555554989e+00,3.985354854500000243e+01,2.491267462522000073e+02,-1.741683368000050136e-01
8.000000000000000444e-01,3.346000000000000085e+00,9.742666666666666586e+00,6.396666666666666501e+00,4.037578428900000205e+01,2.491375060421999876e+02,-1.810901678000099990e-01
8.100000000000000533e-01,3.340222222222222204e+00,9.726222222222220992e+00,6.386000000000000121e+00,4.088139392299999741e+01,2.491763247112000101e+02,-1.991147627999829972e-01
8.199999999999999512e-01,3.315999999999999837e+00,9.701666666666666217e+00,6.385666666666666380e+00,4.138403291699999897e+01,2.491969941522000056e+02,-2.030758958000009884e-01
8.299999999999999600e-01,3.307500000000000107e+00,9.692000000000000171e+00,6.384500000000000064e+00,4.188741110899999853e+01,2.492047130331999938e+02,-1.989911217999829895e-01
8.399999999999999689e-01,3.306999999999999940e+00,9.683666666666667311e+00,6.376666666666666927e+00,4.238990447900000191e+01,2.492103852351999933e+02,-1.928993108000099932e-01
8.499999999999999778e-01,3.306999999999999940e+00,9.698666666666667879e+00,6.391666666666666607e+00,4.288364225099999771e+01,2.492115227502000039e+02,-1.947935007999629931e-01
8.599999999999999867e-01,3.294000000000000039e+00,9.715999999999999304e+00,6.421999999999999709e+00,4.338356729699999903e+01,2.491920042282000054e+02,-1.896133927999680002e-01
8.699999999999999956e-01,3.294000000000000039e+00,9.705000000000000071e+00,6.410999999999999588e+00,4.387724181299999771e+01,2.491591537932000051e+02,-1.713875547999950122e-01
8.800000000000000044e-01,3.308222222222222175e+00,9.708888888888887791e+00,6.400666666666666060e+00,4.438241679499999748e+01,2.491529454651999913e+02,-1.692532577999860122e-01
8.900000000000000133e-01,3.303374999999999950e+00,9.718999999999999417e+00,6.415625000000000355e+00,4.487364572500000293e+01,2.491629401822000034e+02,-1.751792807999580093e-01
9.000000000000000222e-01,3.294555555555555681e+00,9.720111111111110702e+00,6.425555555555555465e+00,4.535591354900000027e+01,2.491544472052000003e+02,-1.660419737999999923e-01
9.100000000000000311e-01,3.294999999999999929e+00,9.729000000000000981e+00,6.434000000000000163e+00,4.584006567899999851e+01,2.491480402662000131e+02,-1.639116527999900097e-01
9.200000000000000400e-01,3.294999999999999929e+00,9.721625000000001293e+00,6.426624999999999588e+00,4.633634436500000220e+01,2.491573074981999980e+02,-1.738340117999820078e-01
9.300000000000000488e-01,3.294999999999999929e+00,9.729900000000000659e+00,6.434899999999999842e+00,4.684283411700000244e+01,2.491631618321999895e+02,-1.807420387999859879e-01
9.399999999999999467e-01,3.280499999999999972e+00,9.732625000000000526e+00,6.452124999999999666e+00,4.736298626300000336e+01,2.491577837931999966e+02,-1.856073847999820114e-01
9.499999999999999556e-01,3.261899999999999800e+00,9.739800000000000679e+00,6.477899999999999991e+00,4.787509197699999675e+01,2.491529869382000015e+02,-1.794764998000099865e-01
9.599999999999999645e-01,3.242999999999999883e+00,9.725500000000000256e+00,6.482499999999999929e+00,4.837778796900000344e+01,2.491726580112000136e+02,-1.834340977999719957e-01
9.699999999999999734e-01,3.222444444444444223e+00,9.709666666666667112e+00,6.487222222222222001e+00,4.887768968500000000e+01,2.492061851821999880e+02,-1.894412158000020052e-01
9.799999999999999822e-01,3.186500000000000110e+00,9.685000000000000497e+00,6.498499999999999943e+00,4.936897272699999917e+01,2.492152273952000030e+02,-1.823637817999959887e-01
9.899999999999999911e-01,3.157777777777777573e+00,9.668333333333333002e+00,6.510555555555555429e+00,4.987237628900000175e+01,2.492049539331999881e+02,-1.682154587999860063e-01
1.000000000000000000e+00,3.180000000000000160e+00,9.704000000000000625e+00,6.524000000000000021e+00,5.038459821899999724e+01,2.491981250622000061e+02,-1.720774438000050033e-01
1.010000000000000009e+00,3.208250000000000490e+00,9.733125000000001137e+00,6.524875000000000647e+00,5.089156954700000313e+01,2.491779965812000057e+02,-1.698936357999960012e-01
1.020000000000000018e+00,3.235875000000000057e+00,9.759500000000000952e+00,6.523625000000000007e+00,5.138601733099999791e+01,2.491491507531999900e+02,-1.646818388000000077e-01
1.030000000000000027e+00,3.236777777777777754e+00,9.760888888888889170e+00,6.524111111111110972e+00,5.188671386899999760e+01,2.491336650622000093e+02,-1.645158197999999905e-01
1.040000000000000036e+00,3.240333333333333510e+00,9.756666666666665932e+00,6.516333333333332867e+00,5.238744092499999994e+01,2.491351909862000014e+02,-1.694098447999949908e-01
1.050000000000000044e+00,3.234111111111110937e+00,9.764777777777776890e+00,6.530666666666665954e+00,5.289410167100000137e+01,2.491380502162000141e+02,-1.763072668000010002e-01
1.060000000000000053e+00,3.217999999999999972e+00,9.743000000000000327e+00,6.525000000000000355e+00,5.339805117499999909e+01,2.491357642492000082e+02,-1.781871068000110137e-01
1.070000000000000062e+00,3.177333333333333343e+00,9.714444444444444215e+00,6.537111111111110873e+00,5.390411097900010162e+01,2.491316026002000115e+02,-1.780598468000089973e-01
1.080000000000000071e+00,3.161333333333333329e+00,9.704666666666666330e+00,6.543333333333333890e+00,5.441776012100000059e+01,2.491348643512000081e+02,-1.839571277999819954e-01
1.090000000000000080e+00,3.193875000000000686e+00,9.732000000000001094e+00,6.538124999999999964e+00,5.493129393499999935e+01,2.491401440061999892e+02,-1.838615147999820010e-01
1.100000000000000089e+00,3.210888888888888903e+00,9.755333333333332746e+00,6.544444444444444287e+00,5.542585620100000199e+01,2.491443794882000020e+02,-1.727663667999579933e-01
1.110000000000000098e+00,3.176000000000000156e+00,9.732000000000001094e+00,6.555999999999999162e+00,5.591006847900000309e+01,2.491720098911999912e+02,-1.767561577999779976e-01
1.120000000000000107e+00,3.177999999999999936e+00,9.735599999999999810e+00,6.557599999999999874e+00,5.640109904700000243e+01,2.492030238071999975e+02,-1.837563887999819900e-01
1.129999999999999893e+00,3.181000000000000050e+00,9.739000000000000767e+00,6.557999999999999829e+00,5.688750576900000056e+01,2.492097595932000047e+02,-1.836719477999829986e-01
1.139999999999999902e+00,3.190111111111111342e+00,9.739777777777778311e+00,6.549666666666666082e+00,5.739290829899999835e+01,2.491995648491999873e+02,-1.795235227999630034e-01
1.149999999999999911e+00,3.167250000000000121e+00,9.727000000000000313e+00,6.559749999999999304e+00,5.789571602499999869e+01,2.491821893642000134e+02,-1.813503797999730105e-01
1.159999999999999920e+00,3.174222222222222278e+00,9.723333333333332718e+00,6.549111111111111327e+00,5.840046505499999796e+01,2.491659015491999867e+02,-1.901806877999870082e-01
1.169999999999999929e+00,3.201999999999999957e+00,9.751111111111111285e+00,6.549111111111111327e+00,5.890421571099999909e+01,2.491495567352000080e+02,-1.990110168000009949e-01
1.179999999999999938e+00,3.236749999999999794e+00,9.768000000000000682e+00,6.531250000000000000e+00,5.941295601699999906e+01,2.491335321962000080e+02,-1.978413007999680062e-01
1.189999999999999947e+00,3.209222222222222864e+00,9.733333333333332504e+00,6.524111111111110972e+00,5.991191342900000194e+01,2.491309647621999943e+02,-1.987212518000009975e-01
1.199999999999999956e+00,3.217999999999999972e+00,9.727000000000000313e+00,6.509000000000000341e+00,6.041945810899999714e+01,2.491358847831999981e+02,-2.036257347999969880e-01
1.209999999999999964e+00,3.202111111111111352e+00,9.699111111111111683e+00,6.496999999999999886e+00,6.092434743500000138e+01,2.491346788792000098e+02,-1.985091308000009880e-01
1.219999999999999973e+00,3.179333333333333567e+00,9.676000000000000156e+00,6.496666666666667034e+00,6.143057601299999959e+01,2.491275574061999976e+02,-1.883713258000100088e-01
1.229999999999999982e+00,3.141999999999999904e+00,9.637499999999999289e+00,6.495499999999999829e+00,6.194000211299999847e+01,2.491346093292000035e+02,-1.872828727999769904e-01
1.239999999999999991e+00,3.145000000000000018e+00,9.633399999999999963e+00,6.488400000000000389e+00,6.243522365100000115e+01,2.491448461541999961e+02,-1.892088357999860138e-01
1.250000000000000000e+00,3.163249999999999673e+00,9.666750000000000398e+00,6.503499999999999837e+00,6.292739240299999892e+01,2.491559209341999974e+02,-1.881384148000110057e-01
1.260000000000000009e+00,3.178444444444444628e+00,9.710666666666666558e+00,6.532222222222222818e+00,6.342849041099999852e+01,2.491684929612000019e+02,-1.910713157999960055e-01
1.270000000000000018e+00,3.190111111111110898e+00,9.712555555555555387e+00,6.522444444444444933e+00,6.393081478500000259e+01,2.491771285151999962e+02,-1.939900557999819919e-01
1.280000000000000027e+00,3.173499999999999766e+00,9.698999999999999844e+00,6.525500000000000078e+00,6.443236944299999891e+01,2.491817030141999965e+02,-1.998946588000110047e-01
1.290000000000000036e+00,3.193000000000000060e+00,9.717000000000000526e+00,6.524000000000000021e+00,6.493837291500000219e+01,2.491785291491999885e+02,-2.027709157999970091e-01
1.300000000000000044e+00,3.185777777777778041e+00,9.709777777777778951e+00,6.524000000000000021e+00,6.543296388100000627e+01,2.491647193681999966e+02,-1.966121287999680056e-01
1.310000000000000053e+00,3.163333333333333108e+00,9.693333333333333357e+00,6.530000000000000249e+00,6.593109413499999505e+01,2.491590963031999877e+02,-1.984814897999770122e-01
1.320000000000000062e+00,3.144111111111111079e+00,9.669333333333332448e+00,6.525222222222222257e+00,6.642637355899999818e+01,2.491683206481999946e+02,-2.044038938000070083e-01
1.330000000000000071e+00,3.153000000000000025e+00,9.685999999999999943e+00,6.533000000000000362e+00,6.691665955899999574e+01,2.491772846942000115e+02,-2.033264447999729996e-01
1.340000000000000080e+00,3.153000000000000025e+00,9.686777777777777487e+00,6.533777777777777906e+00,6.741915337300000033e+01,2.491829498401999956e+02,-1.992346218000120017e-01
1.350000000000000089e+00,3.146500000000000075e+00,9.687500000000000000e+00,6.541000000000000369e+00,6.792715292699999452e+01,2.491799005571999999e+02,-1.991108548000110057e-01
1.360000000000000098e+00,3.126999999999999780e+00,9.700777777777778610e+00,6.573777777777777942e+00,6.842456824299999596e+01,2.491692533492000052e+02,-1.939626037999579999e-01
1.370000000000000107e+00,3.134222222222222243e+00,9.709111111111111470e+00,6.574888888888889227e+00,6.892386719900000003e+01,2.491607027631999927e+02,-1.928213567999819966e-01
1.379999999999999893e+00,3.140000000000000124e+00,9.718666666666667453e+00,6.578666666666666885e+00,6.943203774699999542e+01,2.491546583761999898e+02,-1.926869847999830021e-01
1.389999999999999902e+00,3.130375000000000352e+00,9.733499999999999375e+00,6.603124999999999467e+00,6.993410427700000298e+01,2.491502652032000071e+02,-1.935598027999579918e-01
1.399999999999999911e+00,3.129999999999999893e+00,9.724000000000000199e+00,6.594000000000000306e+00,7.044341793499999937e+01,2.491592891662000113e+02,-1.994783777999870056e-01
1.409999999999999920e+00,3.118600000000000261e+00,9.727199999999999847e+00,6.608600000000000030e+00,7.093453175899999508e+01,2.491712982592000003e+02,-2.004115007999650033e-01
1.419999999999999929e+00,3.125500000000000167e+00,9.736499999999999488e+00,6.611000000000000654e+00,7.142698461300000190e+01,2.491773953112000015e+02,-1.953234287999680019e-01
1.429999999999999938e+00,3.128000000000000114e+00,9.738500000000000156e+00,6.610500000000000043e+00,7.193181738500000222e+01,2.491771807192000097e+02,-1.922103477999820009e-01
1.439999999999999947e+00,3.166999999999999815e+00,9.753666666666665819e+00,6.586666666666666892e+00,7.244315205099999844e+01,2.491683439772000099e+02,-1.830653617999669913e-01
1.449999999999999956e+00,3.179222222222222172e+00,9.741555555555555301e+00,6.562333333333334018e+00,7.294772475899999620e+01,2.491551359382000044e+02,-1.679064187999809998e-01
1.459999999999999964e+00,3.178999999999999826e+00,9.711000000000000298e+00,6.532000000000000028e+00,7.345272896900000603e+01,2.491519191861999900e+02,-1.667827208000060013e-01
1.469999999999999973e+00,3.165999999999999925e+00,9.695999999999999730e+00,6.530000000000000249e+00,7.395157171900000037e+01,2.491513590721999947e+02,-1.646697597999960128e-01
1.479999999999999982e+00,3.165000000000000036e+00,9.677111111111111441e+00,6.512111111111110517e+00,7.443715083899999740e+01,2.491550462831999937e+02,-1.635747407999620096e-01
1.489999999999999991e+00,3.161333333333333329e+00,9.686999999999999389e+00,6.525666666666666949e+00,7.493397036099999298e+01,2.491723821541999939e+02,-1.665254008000049968e-01
1.500000000000000000e+00,3.147000000000000242e+00,9.666000000000000369e+00,6.519000000000000128e+00,7.542274678100000074e+01,2.491902462891999903e+02,-1.734797398000109958e-01
1.510000000000000009e+00,3.132000000000000117e+00,9.676333333333332121e+00,6.544333333333333336e+00,7.592036471900000549e+01,2.491935979522000082e+02,-1.783808978000059886e-01
1.520000000000000018e+00,3.128000000000000114e+00,9.694888888888888445e+00,6.566888888888889220e+00,7.643852144900000667e+01,2.491880847472000085e+02,-1.892462497999740090e-01
1.530000000000000027e+00,3.128888888888889053e+00,9.719333333333333158e+00,6.590444444444444549e+00,7.696434722099999703e+01,2.491710465671999941e+02,-1.840691307999779980e-01
1.540000000000000036e+00,3.139499999999999957e+00,9.723250000000000171e+00,6.583750000000000213e+00,7.746604057899999418e+01,2.491556425711999907e+02,-1.769031327999719960e-01
1.550000000000000044e+00,3.129000000000000004e+00,9.724666666666665904e+00,6.595666666666666345e+00,7.797846268899999700e+01,2.491628513791999922e+02,-1.798145927999580118e-01
1.560000000000000053e+00,3.117888888888888932e+00,9.712444444444445324e+00,6.594555555555555948e+00,7.847345512500000098e+01,2.491770993162000138e+02,-1.767547257999720067e-01
1.570000000000000062e+00,3.103444444444444450e+00,9.690777777777778823e+00,6.587333333333333485e+00,7.896140105700000333e+01,2.491919607401999883e+02,-1.696985647999670055e-01
1.580000000000000071e+00,3.082749999999999879e+00,9.674500000000000099e+00,6.591749999999999332e+00,7.945967338299999483e+01,2.492013913622000132e+02,-1.656209658000059870e-01
1.590000000000000080e+00,3.076799999999999979e+00,9.670199999999999463e+00,6.593399999999999928e+00,7.995697492499999726e+01,2.491927373622000061e+02,-1.614797787999850132e-01
1.600000000000000089e+00,3.089999999999999858e+00,9.672000000000000597e+00,6.581999999999999851e+00,8.046183506500010196e+01,2.491744986751999988e+02,-1.573030947999659868e-01
1.610000000000000098e+00,3.088999999999999968e+00,9.668333333333333002e+00,6.579333333333333478e+00,8.097140408299999592e+01,2.491615050711999970e+02,-1.621439267999620071e-01
1.620000000000000107e+00,3.089333333333333265e+00,9.658666666666666956e+00,6.569333333333333691e+00,8.147175863300010690e+01,2.491520095882000021e+02,-1.619991177999620113e-01
1.629999999999999893e+00,3.078000000000000291e+00,9.652222222222221149e+00,6.574222222222221745e+00,8.195163338700000111e+01,2.491503488532000006e+02,-1.648865258000050127e-01
1.639999999999999902e+00,3.055500000000000327e+00,9.636250000000000426e+00,6.580750000000000099e+00,8.244968060700000478e+01,2.491637270832000013e+02,-1.738229887999629963e-01
1.649999999999999911e+00,3.051000000000000156e+00,9.611555555555556296e+00,6.560555555555555252e+00,8.294407543100010116e+01,2.491709012212000118e+02,-1.787383497999580073e-01
1.659999999999999920e+00,3.051000000000000156e+00,9.582000000000000739e+00,6.530999999999999694e+00,8.344214779899999712e+01,2.491662906361999887e+02,-1.766112698000049941e-01
1.669999999999999929e+00,3.052000000000000046e+00,9.583999999999999631e+00,6.532000000000000028e+00,8.394104754699999660e+01,2.491647321542000100e+02,-1.744947737999970050e-01
1.679999999999999938e+00,3.082555555555555493e+00,9.625555555555555642e+00,6.543000000000000149e+00,8.444682191700009355e+01,2.491655694012000026e+02,-1.723852007999860103e-01
1.689999999999999947e+00,3.097125000000000128e+00,9.640874999999999417e+00,6.543750000000000178e+00,8.495453559300000279e+01,2.491675260702000116e+02,-1.682791327999670072e-01
1.699999999999999956e+00,3.082333333333333147e+00,9.620111111111111057e+00,6.537777777777777466e+00,8.545121015700000555e+01,2.491698541181999929e+02,-1.641768308000050025e-01
1.709999999999999964e+00,3.076999999999999957e+00,9.608333333333334281e+00,6.531333333333333435e+00,8.594448950299999979e+01,2.491790173852000123e+02,-1.550993667999900072e-01
1.719999999999999973e+00,3.086333333333333151e+00,9.608000000000000540e+00,6.521666666666666501e+00,8.644019687700000532e+01,2.491982894651999914e+02,-1.590571118000090045e-01
1.729999999999999982e+00,3.076000000000000068e+00,9.606999999999999318e+00,6.530999999999999694e+00,8.695783951500000342e+01,2.492017792121999946e+02,-1.649543087999809921e-01
1.739999999999999991e+00,3.049375000000000391e+00,9.591499999999999915e+00,6.542124999999999524e+00,8.746697791900000141e+01,2.491787802091999993e+02,-1.597598717999849927e-01
1.750000000000000000e+00,3.042333333333333112e+00,9.584999999999999076e+00,6.542666666666666409e+00,8.798088153300000158e+01,2.491600385051999922e+02,-1.605794337999630061e-01
1.760000000000000009e+00,3.062111111111111228e+00,9.598777777777778297e+00,6.536666666666666181e+00,8.849376206899999886e+01,2.491592215612000132e+02,-1.744625477999720009e-01
1.770000000000000018e+00,3.076000000000000068e+00,9.598499999999999588e+00,6.522499999999999964e+00,8.900709747899999513e+01,2.491504353132000062e+02,-1.833174117999860075e-01
1.780000000000000027e+00,3.094200000000000284e+00,9.593999999999999417e+00,6.499799999999999578e+00,8.950146134099999529e+01,2.491406048922000025e+02,-1.811727407999770001e-01
1.790000000000000036e+00,3.101999999999999869e+00,9.594875000000000043e+00,6.492875000000000618e+00,8.998940971499999364e+01,2.491554275082000061e+02,-1.851165137999959964e-01
1.800000000000000044e+00,3.113999999999999879e+00,9.632999999999999119e+00,6.519000000000000128e+00,9.047290816500000687e+01,2.491780161281999995e+02,-1.870886628000049956e-01
1.810000000000000053e+00,3.100374999999999659e+00,9.619999999999999218e+00,6.519624999999999559e+00,9.095971298499999591e+01,2.491777774502000113e+02,-1.829795007999870105e-01
1.820000000000000062e+00,3.088999999999999968e+00,9.619999999999999218e+00,6.530999999999999694e+00,9.145835244700009525e+01,2.491632290491999981e+02,-1.678171488000000100e-01
1.830000000000000071e+00,3.082500000000000018e+00,9.619499999999998607e+00,6.536999999999999922e+00,9.195559588099999360e+01,2.491555910572000130e+02,-1.586795267999850101e-01
1.840000000000000080e+00,3.068200000000000038e+00,9.603999999999999204e+00,6.535800000000000054e+00,9.245503979500000469e+01,2.491620482941999910e+02,-1.645912417999569888e-01
1.850000000000000089e+00,3.054000000000000270e+00,9.602999999999999758e+00,6.548999999999999488e+00,9.295394109699999774e+01,2.491604651161999868e+02,-1.694747038000110062e-01
1.860000000000000098e+00,3.039444444444443949e+00,9.615777777777779534e+00,6.576333333333333364e+00,9.344673704900000644e+01,2.491605543201999922e+02,-1.693653918000100067e-01
1.870000000000000107e+00,3.048222222222221944e+00,9.627222222222222570e+00,6.578999999999999737e+00,9.394033612100000141e+01,2.491816703302000064e+02,-1.843301827999959952e-01
1.879999999999999893e+00,3.020222222222221919e+00,9.602111111111112152e+00,6.581888888888888900e+00,9.444303566499999647e+01,2.492012849552000091e+02,-2.042876847999779977e-01
1.889999999999999902e+00,3.004499999999999726e+00,9.587125000000000341e+00,6.582625000000000171e+00,9.494173523300000284e+01,2.491856887941999901e+02,-2.031217138000019906e-01
1.899999999999999911e+00,3.019777777777777672e+00,9.579555555555556268e+00,6.559777777777777708e+00,9.545093152299999417e+01,2.491616773112000089e+02,-2.019237177999690103e-01
1.909999999999999920e+00,3.008000000000000007e+00,9.563333333333332575e+00,6.555333333333333456e+00,9.597436422500000219e+01,2.491514713731999962e+02,-2.087713137999739899e-01
1.919999999999999929e+00,2.988500000000000156e+00,9.563749999999998863e+00,6.575249999999999595e+00,9.647705751099999816e+01,2.491360996802000045e+02,-2.086052527999749939e-01
1.929999999999999938e+00,2.987000000000000099e+00,9.555099999999999483e+00,6.568100000000000271e+00,9.698696518699999558e+01,2.491171687881999901e+02,-1.984249647999830057e-01
1.939999999999999947e+00,2.987000000000000099e+00,9.569777777777778383e+00,6.582777777777777395e+00,9.748851673699999765e+01,2.491217926792000128e+02,-1.903296518000019977e-01
1.949999999999999956e+00,2.993250000000000188e+00,9.598000000000000753e+00,6.604750000000000121e+00,9.797366972499999349e+01,2.491504890331999889e+02,-1.913229747999770081e-01
1.959999999999999964e+00,3.018222222222222140e+00,9.622222222222221788e+00,6.604000000000000092e+00,9.845899481700000422e+01,2.491761726432000046e+02,-1.973056628000059987e-01
1.969999999999999973e+00,3.032666666666666622e+00,9.636666666666666714e+00,6.604000000000000092e+00,9.896083202299999471e+01,2.491757941102000018e+02,-1.921926568000109914e-01
1.979999999999999982e+00,3.047333333333333005e+00,9.651999999999999247e+00,6.604666666666666686e+00,9.946352331100000299e+01,2.491604541691999941e+02,-1.830266497999969988e-01
1.989999999999999991e+00,3.039750000000000174e+00,9.654374999999999929e+00,6.614624999999999311e+00,9.998051000700000657e+01,2.491578896531999874e+02,-1.909026457999780102e-01
2.000000000000000000e+00,3.024999999999999911e+00,9.618000000000000327e+00,6.592999999999999972e+00,1.004974412589999986e+02,2.491562988091999955e+02,-2.057821347999639894e-01
2.009999999999999787e+00,3.000000000000000000e+00,9.602999999999999758e+00,6.602999999999999758e+00,1.009960270530000059e+02,2.491426958561999925e+02,-2.056232277999640035e-01
2.020000000000000018e+00,3.008333333333333748e+00,9.610666666666666913e+00,6.602333333333333165e+00,1.015018027549999999e+02,2.491435119351999958e+02,-2.095136187999840083e-01
2.029999999999999805e+00,3.037499999999999645e+00,9.633499999999999730e+00,6.596000000000000085e+00,1.019982255110000011e+02,2.491678011022000021e+02,-2.224889637999599989e-01
2.040000000000000036e+00,3.032666666666666622e+00,9.631666666666667709e+00,6.599000000000000199e+00,1.024873434750000030e+02,2.491796820851999996e+02,-2.274221048000119871e-01
2.049999999999999822e+00,3.014666666666666828e+00,9.617666666666666586e+00,6.602999999999999758e+00,1.029773135230000065e+02,2.491766334122000046e+02,-2.193022987999740103e-01
2.060000000000000053e+00,3.000444444444444247e+00,9.593666666666665677e+00,6.593222222222221873e+00,1.034844845869999972e+02,2.491705496662000030e+02,-2.141679777999790091e-01
2.069999999999999840e+00,3.012000000000000011e+00,9.601555555555554733e+00,6.589555555555556055e+00,1.039856642969999996e+02,2.491641415661999872e+02,-2.040338127999880014e-01
2.080000000000000071e+00,3.009333333333333194e+00,9.587333333333333485e+00,6.578000000000000291e+00,1.044796282850000040e+02,2.491613138332000119e+02,-1.979139107999600133e-01
2.089999999999999858e+00,2.994750000000000689e+00,9.568625000000000824e+00,6.573875000000001023e+00,1.049791846410000034e+02,2.491657990301999916e+02,-1.968185977999820091e-01
2.100000000000000089e+00,2.986000000000000210e+00,9.565777777777778823e+00,6.579777777777777281e+00,1.054669887230000000e+02,2.491656032392000100e+02,-1.967093907999830082e-01
2.109999999999999876e+00,2.992461538461538506e+00,9.581538461538460894e+00,6.589076923076922832e+00,1.059640070509999958e+02,2.491619128552000006e+02,-2.005858308000020018e-01
2.120000000000000107e+00,3.012333333333333751e+00,9.604666666666666686e+00,6.592333333333333378e+00,1.064612544809999974e+02,2.491542113591999907e+02,-2.094481007999590139e-01
2.129999999999999893e+00,3.056499999999999773e+00,9.637999999999999901e+00,6.581500000000000128e+00,1.069706536150000034e+02,2.491441952191999860e+02,-2.192995078000080089e-01
2.140000000000000124e+00,3.066666666666665986e+00,9.637999999999999901e+00,6.571333333333333471e+00,1.074851018389999950e+02,2.491334621782000056e+02,-2.301472687999749911e-01
2.149999999999999911e+00,3.072111111111111015e+00,9.637999999999999901e+00,6.565888888888888886e+00,1.080065364609999961e+02,2.491231634101999930e+02,-2.309949428000080129e-01
2.160000000000000142e+00,3.063444444444443970e+00,9.616666666666667140e+00,6.553222222222221838e+00,1.085123094989999970e+02,2.491240218252000034e+02,-2.228854057999689886e-01
2.169999999999999929e+00,3.048555555555555685e+00,9.609999999999999432e+00,6.561444444444444635e+00,1.090069029489999934e+02,2.491452583381999943e+02,-2.198502837999830040e-01
2.180000000000000160e+00,3.028555555555554335e+00,9.580888888888889454e+00,6.552333333333334231e+00,1.095143614870000022e+02,2.491692290462000017e+02,-2.178219527999749883e-01
2.189999999999999947e+00,3.003000000000000114e+00,9.567000000000000171e+00,6.564000000000000057e+00,1.100050431429999946e+02,2.491712574361999941e+02,-2.017198488000110090e-01
2.200000000000000178e+00,3.030000000000000249e+00,9.587499999999998579e+00,6.557500000000000107e+00,1.105102147949999960e+02,2.491651020282000104e+02,-1.845856417999590104e-01
2.209999999999999964e+00,3.056999999999999940e+00,9.607333333333333059e+00,6.550333333333333563e+00,1.110126524989999979e+02,2.491717514302000041e+02,-1.844973297999590034e-01
2.220000000000000195e+00,3.074125000000000441e+00,9.602250000000001506e+00,6.528125000000000178e+00,1.115120652290000010e+02,2.491612076362000039e+02,-1.823490188000060075e-01
2.229999999999999982e+00,3.088000000000000078e+00,9.602999999999999758e+00,6.514999999999999680e+00,1.120058305910000058e+02,2.491443175281999913e+02,-1.841795997999579881e-01
2.240000000000000213e+00,3.060666666666666202e+00,9.587888888888887351e+00,6.527222222222222037e+00,1.124980293750000016e+02,2.491373258771999986e+02,-1.940455038000059862e-01
2.250000000000000000e+00,3.043500000000000316e+00,9.581250000000000711e+00,6.537749999999999950e+00,1.129836686010000051e+02,2.491399653281999917e+02,-2.069468657999830041e-01
2.259999999999999787e+00,3.012888888888889394e+00,9.552888888888888985e+00,6.540000000000000036e+00,1.134712475769999998e+02,2.491437171451999859e+02,-2.198517207999599876e-01
2.270000000000000018e+00,2.991777777777778091e+00,9.545111111111111768e+00,6.553333333333333677e+00,1.139760827909999961e+02,2.491434637451999947e+02,-2.277385737999980120e-01
2.279999999999999805e+00,2.994000000000000217e+00,9.557333333333334124e+00,6.563333333333333464e+00,1.144770365069999940e+02,2.491410173652000140e+02,-2.266184947999649868e-01
2.290000000000000036e+00,2.976999999999999869e+00,9.540000000000000924e+00,6.562999999999999723e+00,1.149879160769999942e+02,2.491401534551999930e+02,-2.215017647999689976e-01
2.299999999999999822e+00,2.947999999999999954e+00,9.535000000000000142e+00,6.586999999999999744e+00,1.154965706849999947e+02,2.491431725472000096e+02,-2.153992227999980136e-01
2.310000000000000053e+00,2.949499999999999567e+00,9.522125000000000838e+00,6.572625000000000384e+00,1.160053379569999947e+02,2.491442160711999918e+02,-2.032896467999980028e-01
2.319999999999999840e+00,2.959999999999999964e+00,9.525999999999999801e+00,6.565999999999999837e+00,1.165026673530000068e+02,2.491526160221999930e+02,-1.922085757999739963e-01
2.330000000000000071e+00,2.959999999999999964e+00,9.539111111111111541e+00,6.579111111111111576e+00,1.170028794290000036e+02,2.491631590101999905e+02,-1.881344698000119997e-01
2.339999999999999858e+00,2.959999999999999964e+00,9.548000000000000043e+00,6.588000000000000078e+00,1.174946188990000024e+02,2.491642072232000089e+02,-1.830287437999590094e-01
2.350000000000000089e+00,2.973461538461538822e+00,9.561461538461539789e+00,6.588000000000000078e+00,1.179891528670000014e+02,2.491513958102000004e+02,-1.768734917999869871e-01
2.359999999999999876e+00,2.991222222222222005e+00,9.579222222222222527e+00,6.588000000000000078e+00,1.184965543649999944e+02,2.491412797842000089e+02,-1.827249647999590054e-01
2.370000000000000107e+00,3.013444444444444148e+00,9.600888888888889028e+00,6.587444444444444436e+00,1.189993625350000030e+02,2.491238972431999912e+02,-1.865518097999780134e-01
2.379999999999999893e+00,3.033249999999999780e+00,9.621750000000000469e+00,6.588499999999999801e+00,1.195041676750000050e+02,2.491066251722000118e+02,-1.913786067999740104e-01
2.390000000000000124e+00,3.036000000000000032e+00,9.625888888888887607e+00,6.589888888888888907e+00,1.200121117850000019e+02,2.491045495612000025e+02,-1.982583327999790090e-01
2.399999999999999911e+00,3.036000000000000032e+00,9.622999999999999332e+00,6.586999999999999744e+00,1.205113842610000034e+02,2.491140089582000030e+02,-2.021806647999969953e-01
2.410000000000000142e+00,3.017666666666666053e+00,9.608888888888888147e+00,6.591222222222222982e+00,1.210023834229999977e+02,2.491280253712000103e+02,-2.001208757999869969e-01
2.419999999999999929e+00,2.993428571428571328e+00,9.595214285714286362e+00,6.601785714285714590e+00,1.214953207810000038e+02,2.491431788461999872e+02,-1.910646217999729946e-01
2.430000000000000160e+00,2.974857142857142644e+00,9.585928571428572909e+00,6.611071428571428932e+00,1.219904806589999993e+02,2.491544881272000111e+02,-1.719942457999679986e-01
2.439999999999999947e+00,2.959111111111111025e+00,9.533555555555555117e+00,6.574444444444444535e+00,1.224864115849999990e+02,2.491698372952000113e+02,-1.559379708000059872e-01
2.450000000000000178e+00,2.962888888888889127e+00,9.522222222222222143e+00,6.559333333333333016e+00,1.229962073049999987e+02,2.491879564891999905e+02,-1.468884297999910049e-01
2.459999999999999964e+00,2.976999999999999869e+00,9.527333333333332988e+00,6.550333333333333563e+00,1.234955341149999981e+02,2.491964598541999862e+02,-1.388072988000099983e-01
2.470000000000000195e+00,2.999857142857143444e+00,9.557142857142858716e+00,6.557285714285714384e+00,1.239933206049999939e+02,2.491968552211999963e+02,-1.326979177999799975e-01
2.479999999999999982e+00,3.031222222222221596e+00,9.593222222222221873e+00,6.562000000000000277e+00,1.244880567510000020e+02,2.491980497351999873e+02,-1.345920867999899906e-01
2.490000000000000213e+00,3.048555555555555685e+00,9.610555555555555074e+00,6.562000000000000277e+00,1.249717551170000007e+02,2.491995944601999895e+02,-1.424899857999719910e-01
2.500000000000000000e+00,3.049999999999999822e+00,9.625000000000000000e+00,6.575000000000000178e+00,1.254529708989999932e+02,2.491919899321999878e+02,-1.483561448000010052e-01
2.509999999999999787e+00,3.056222222222222840e+00,9.622888888888889269e+00,6.566666666666666430e+00,1.259473374250000006e+02,2.491821171752000055e+02,-1.582114017999919908e-01
2.520000000000000018e+00,3.027666666666666284e+00,9.603666666666665463e+00,6.575999999999999623e+00,1.264604138809999938e+02,2.491603198402000032e+02,-1.600203738000000042e-01
2.529999999999999805e+00,3.011000000000000121e+00,9.579307692307692079e+00,6.568307692307691958e+00,1.269566310870000052e+02,2.491355708982000010e+02,-1.578226567999909957e-01
2.540000000000000036e+00,3.006250000000000533e+00,9.558624999999999261e+00,6.552374999999999616e+00,1.274653725029999976e+02,2.491195287191999910e+02,-1.616529108000100134e-01
2.549999999999999822e+00,2.980499999999999261e+00,9.538299999999999557e+00,6.557800000000000296e+00,1.279686651770000054e+02,2.491112026012000058e+02,-1.615115738000099943e-01
2.560000000000000053e+00,2.998000000000000220e+00,9.546374999999999389e+00,6.548375000000000057e+00,1.284729535609999971e+02,2.491029758182000080e+02,-1.493702878000089940e-01
2.569999999999999840e+00,3.006124999999999936e+00,9.555749999999999744e+00,6.549624999999999808e+00,1.289708827890000009e+02,2.491184142882000003e+02,-1.403139287999949913e-01
2.580000000000000071e+00,3.036899999999999711e+00,9.588300000000000267e+00,6.551399999999999224e+00,1.294733806410000057e+02,2.491591010321999988e+02,-1.463457287999669898e-01
2.589999999999999858e+00,3.059374999999999289e+00,9.609624999999999417e+00,6.550250000000000128e+00,1.299867152049999959e+02,2.491854139982000049e+02,-1.433243477999809889e-01
2.600000000000000089e+00,3.073999999999999844e+00,9.612000000000000099e+00,6.538000000000000256e+00,1.304956548030000079e+02,2.491834412501999907e+02,-1.372041308000090110e-01
2.609999999999999876e+00,3.061111111111110894e+00,9.599999999999999645e+00,6.538888888888888751e+00,1.310138093129999959e+02,2.491779633252000110e+02,-1.380695427999860114e-01
2.620000000000000107e+00,3.065846153846154110e+00,9.601846153846153697e+00,6.535999999999999588e+00,1.315165903369999967e+02,2.491786013512000011e+02,-1.439599848000140125e-01
2.629999999999999893e+00,3.085076923076923272e+00,9.611076923076923961e+00,6.525999999999999801e+00,1.320205420609999862e+02,2.491762801042000035e+02,-1.558397647999580082e-01
2.640000000000000124e+00,3.113555555555556076e+00,9.637777777777777999e+00,6.524222222222221923e+00,1.325169625549999921e+02,2.491655194491999907e+02,-1.666914387999819946e-01
2.649999999999999911e+00,3.125999999999999890e+00,9.636249999999998650e+00,6.510250000000000092e+00,1.330001185309999983e+02,2.491590202312000031e+02,-1.745610787999629931e-01
2.660000000000000142e+00,3.120400000000000063e+00,9.637800000000000367e+00,6.517400000000000304e+00,1.334838166750000141e+02,2.491605684842000130e+02,-1.814589837999689981e-01
2.669999999999999929e+00,3.112000000000000099e+00,9.638500000000000512e+00,6.526500000000000412e+00,1.339691395049999869e+02,2.491512022722000097e+02,-1.853180007999870038e-01
2.680000000000000160e+00,3.102249999999999730e+00,9.637249999999999872e+00,6.535000000000000142e+00,1.344577664850000076e+02,2.491190440421999881e+02,-1.730957667999870053e-01
2.689999999999999947e+00,3.069400000000000350e+00,9.606600000000000250e+00,6.537200000000000344e+00,1.349559209989999999e+02,2.490954462741999862e+02,-1.599016088000100033e-01
2.700000000000000178e+00,3.037333333333333218e+00,9.565666666666666984e+00,6.528333333333333321e+00,1.354697954689999904e+02,2.490947568891999993e+02,-1.537848217999820133e-01
2.709999999999999964e+00,3.041666666666666075e+00,9.549666666666666970e+00,6.508000000000000007e+00,1.359785061869999936e+02,2.490967917252000063e+02,-1.436787687999910024e-01
2.720000000000000195e+00,3.049125000000000085e+00,9.549125000000000085e+00,6.500000000000000000e+00,1.364736700610000071e+02,2.491080375022000055e+02,-1.426082848000130021e-01
2.729999999999999982e+00,3.057357142857142662e+00,9.541928571428570649e+00,6.484571428571428875e+00,1.369820726389999948e+02,2.491330212411999980e+02,-1.525833958000049895e-01
2.740000000000000213e+00,3.075888888888889117e+00,9.517444444444443263e+00,6.441555555555554591e+00,1.374774970210000049e+02,2.491572534091999955e+02,-1.655587617999819960e-01
2.750000000000000000e+00,3.104333333333332945e+00,9.534333333333332661e+00,6.429999999999999716e+00,1.379863820630000077e+02,2.491562402211999938e+02,-1.704420137999780038e-01
2.759999999999999787e+00,3.156749999999997947e+00,9.572874999999999801e+00,6.416125000000000966e+00,1.384996604750000131e+02,2.491484523411999987e+02,-1.793004127999920094e-01
2.770000000000000018e+00,3.162999999999999812e+00,9.568384615384614378e+00,6.405384615384615898e+00,1.390179314229999932e+02,2.491409388721999960e+02,-1.911586887999930096e-01
2.779999999999999805e+00,3.144250000000000433e+00,9.564249999999999474e+00,6.419999999999999929e+00,1.395182303070000103e+02,2.491324205891999952e+02,-1.970173787999640047e-01
2.790000000000000036e+00,3.158000000000000362e+00,9.584000000000001407e+00,6.426000000000000156e+00,1.400069465789999867e+02,2.491162473821999868e+02,-1.978516057999969990e-01
2.799999999999999822e+00,3.154333333333333211e+00,9.597000000000001307e+00,6.442666666666666764e+00,1.404961462450000056e+02,2.491091482381999924e+02,-1.897176807999599868e-01
2.810000000000000053e+00,3.133333333333333304e+00,9.601000000000000867e+00,6.467666666666666231e+00,1.409671207069999923e+02,2.491230265671999859e+02,-1.866618527999719945e-01
2.819999999999999840e+00,3.115666666666666806e+00,9.600222222222221546e+00,6.484555555555555628e+00,1.414607736689999911e+02,2.491431936012000108e+02,-1.876231928000060001e-01
2.830000000000000071e+00,3.112384615384615305e+00,9.608000000000000540e+00,6.495615384615384791e+00,1.419461241310000048e+02,2.491508848681999950e+02,-1.835423317999869963e-01
2.839999999999999858e+00,3.128249999999999531e+00,9.628000000000000114e+00,6.499749999999999694e+00,1.424524667050000062e+02,2.491417666591999875e+02,-1.733974567999959915e-01
2.850000000000000089e+00,3.109222222222221443e+00,9.608999999999999986e+00,6.499777777777778098e+00,1.429655719030000114e+02,2.491370091631999912e+02,-1.722665207999629911e-01
2.859999999999999876e+00,3.100999999999999979e+00,9.590333333333333599e+00,6.489333333333334508e+00,1.434833298689999879e+02,2.491384810062000099e+02,-1.841566117999640095e-01
2.870000000000000107e+00,3.081500000000000572e+00,9.606249999999999289e+00,6.524749999999999162e+00,1.439913305329999957e+02,2.491354140832000041e+02,-1.890328147999590092e-01
2.879999999999999893e+00,3.094444444444443665e+00,9.632222222222221575e+00,6.537777777777778354e+00,1.445070904190000078e+02,2.491367930961999946e+02,-1.949229837999879866e-01
2.890000000000000124e+00,3.120800000000000463e+00,9.657200000000001339e+00,6.536399999999999544e+00,1.450250483430000088e+02,2.491523061462000044e+02,-2.048625557999790014e-01
2.899999999999999911e+00,3.087000000000000188e+00,9.637999999999999901e+00,6.551000000000000156e+00,1.455170480989999930e+02,2.491663442782000004e+02,-2.128026857999600063e-01
2.910000000000000142e+00,3.076999999999999513e+00,9.617999999999998550e+00,6.541000000000000369e+00,1.460157779630000050e+02,2.491677632601999903e+02,-2.156967648000019944e-01
2.919999999999999929e+00,3.085375000000000423e+00,9.622500000000000497e+00,6.537124999999999631e+00,1.465103689290000091e+02,2.491539534791999984e+02,-2.095379777999739901e-01
2.930000000000000160e+00,3.078642857142857014e+00,9.616285714285714548e+00,6.537642857142857089e+00,1.470035317949999865e+02,2.491300671882000017e+02,-1.973439187999730116e-01
2.939999999999999947e+00,3.075250000000000039e+00,9.612624999999999531e+00,6.537374999999999936e+00,1.475002902809999910e+02,2.491133798291999994e+02,-1.901744907999700085e-01
2.950000000000000178e+00,3.054999999999999272e+00,9.593555555555553838e+00,6.538555555555555010e+00,1.479957084049999878e+02,2.491026256792000027e+02,-1.830262937999639905e-01
2.959999999999999964e+00,3.036999999999999922e+00,9.586999999999999744e+00,6.549999999999999822e+00,1.484807433590000016e+02,2.490982971711999880e+02,-1.739030638000050033e-01
2.970000000000000195e+00,3.036999999999999922e+00,9.589000000000000412e+00,6.551999999999999602e+00,1.489577650630000107e+02,2.491115191261999939e+02,-1.708435747999640097e-01
2.979999999999999982e+00,2.999000000000000110e+00,9.562000000000001165e+00,6.562999999999999723e+00,1.494510203709999985e+02,2.491386535681999987e+02,-1.778296237999680007e-01
2.990000000000000213e+00,2.999000000000000110e+00,9.551999999999999602e+00,6.552999999999999936e+00,1.499478968909999992e+02,2.491549910711999871e+02,-1.807767488000119882e-01
3.000000000000000000e+00,3.036000000000000032e+00,9.598000000000000753e+00,6.562000000000000277e+00,1.504507335810000086e+02,2.491546518972000115e+02,-1.806636918000099901e-01
3.009999999999999787e+00,3.037923076923076948e+00,9.599000000000000199e+00,6.561076923076923251e+00,1.509784182889999897e+02,2.491576920981999876e+02,-1.925571078000120062e-01
3.020000000000000018e+00,3.057153846153846555e+00,9.599000000000000199e+00,6.541846153846153200e+00,1.515052756169999952e+02,2.491576801962000047e+02,-2.044399398000119883e-01
3.029999999999999805e+00,3.048999999999999932e+00,9.586999999999999744e+00,6.538000000000000256e+00,1.520275378409999973e+02,2.491504300032000003e+02,-2.062981917999650028e-01
3.040000000000000036e+00,3.061923076923076970e+00,9.612999999999999545e+00,6.551076923076922576e+00,1.525374192589999893e+02,2.491495055661999913e+02,-2.021814768000020079e-01
3.049999999999999822e+00,3.061153846153846114e+00,9.622999999999999332e+00,6.561846153846153662e+00,1.530232560009999929e+02,2.491662250322000034e+02,-2.021323858000020068e-01
3.060000000000000053e+00,3.016555555555555213e+00,9.569888888888888445e+00,6.553333333333332789e+00,1.535068103389999976e+02,2.491878329241999950e+02,-1.991010297999599998e-01
3.069999999999999840e+00,2.996222222222222786e+00,9.537555555555554676e+00,6.541333333333333222e+00,1.539992064170000106e+02,2.491949248162000004e+02,-1.950164867999970020e-01
3.080000000000000071e+00,2.970153846153845922e+00,9.518307692307692136e+00,6.548153846153845770e+00,1.544981306470000106e+02,2.491753881031999924e+02,-1.788364657999780005e-01
3.089999999999999858e+00,2.950923076923077204e+00,9.479846153846155588e+00,6.528923076923077495e+00,1.549821373750000078e+02,2.491539803972000016e+02,-1.676531948000110073e-01
3.100000000000000089e+00,2.986000000000000210e+00,9.526071428571427191e+00,6.540071428571428314e+00,1.554885404990000097e+02,2.491438073722000013e+02,-1.735046887999819876e-01
3.109999999999999876e+00,2.975999999999999979e+00,9.516785714285713738e+00,6.540785714285714647e+00,1.559874123929999996e+02,2.491251949391999858e+02,-1.783280767999780025e-01
3.120000000000000107e+00,2.984375000000000444e+00,9.534125000000001293e+00,6.549750000000000405e+00,1.564856831230000012e+02,2.490995651551999970e+02,-1.751267887999919948e-01
3.129999999999999893e+00,2.986000000000000210e+00,9.538000000000000256e+00,6.551999999999999602e+00,1.569807352210000033e+02,2.491127723881999998e+02,-1.840633148000070107e-01
3.140000000000000124e+00,2.985923076923076902e+00,9.525000000000000355e+00,6.539076923076923009e+00,1.574842354429999887e+02,2.491534526272000107e+02,-2.080949858000079866e-01
3.149999999999999911e+00,2.985153846153846047e+00,9.525000000000000355e+00,6.539846153846153420e+00,1.579892715029999977e+02,2.491672263222000083e+02,-2.180312957999979984e-01
3.160000000000000142e+00,2.947999999999999954e+00,9.500000000000000000e+00,6.551999999999999602e+00,1.584940735350000125e+02,2.491500036431999945e+02,-2.088581767999840022e-01
3.169999999999999929e+00,2.972999999999999865e+00,9.500000000000000000e+00,6.527000000000000135e+00,1.590145086729999946e+02,2.491396655162000116e+02,-2.047059017999650066e-01
3.180000000000000160e+00,2.994666666666667254e+00,9.519999999999999574e+00,6.525333333333333208e+00,1.595211674210000012e+02,2.491425564982000083e+02,-2.026033778000110031e-01
3.189999999999999947e+00,2.975888888888888584e+00,9.513333333333333641e+00,6.537444444444444613e+00,1.600222905770000068e+02,2.491371397101999889e+02,-1.944727357999740114e-01
3.200000000000000178e+00,2.974000000000000199e+00,9.512000000000000455e+00,6.538000000000000256e+00,1.605266355150000095e+02,2.491279216151999947e+02,-1.803279267999640112e-01
3.209999999999999964e+00,2.993999999999999773e+00,9.531230769230770505e+00,6.537230769230768956e+00,1.610149238790000084e+02,2.491367857751999964e+02,-1.752505437999679894e-01
3.220000000000000195e+00,2.978999999999999204e+00,9.508222222222221021e+00,6.529222222222221816e+00,1.614946566030000099e+02,2.491551564552000002e+02,-1.762086428000010085e-01
3.229999999999999982e+00,2.984555555555556072e+00,9.500888888888887607e+00,6.516333333333332867e+00,1.619801223929999878e+02,2.491608298181999999e+02,-1.781206758000110080e-01
3.240000000000000213e+00,2.977692307692307860e+00,9.491307692307692889e+00,6.513615384615384585e+00,1.624856409170000120e+02,2.491486065862000032e+02,-1.829651268000070108e-01
3.250000000000000000e+00,2.979538461538461469e+00,9.493000000000000327e+00,6.513461538461538858e+00,1.629952671549999934e+02,2.491346110862000103e+02,-1.888024177999789999e-01
3.259999999999999787e+00,2.981125000000000469e+00,9.490625000000001421e+00,6.509500000000000952e+00,1.635073768649999977e+02,2.491297507271999905e+02,-2.006714247999789869e-01
3.270000000000000018e+00,2.973384615384615515e+00,9.475769230769230944e+00,6.502384615384615429e+00,1.640234789609999950e+02,2.491251360041999874e+02,-2.075403777999829946e-01
3.279999999999999805e+00,2.982222222222221664e+00,9.489888888888888374e+00,6.507666666666666266e+00,1.645242621269999859e+02,2.491256776721999984e+02,-2.084308917999599942e-01
3.290000000000000036e+00,3.011230769230769155e+00,9.532923076923076167e+00,6.521692307692307899e+00,1.650341183969999861e+02,2.491427420502000132e+02,-2.153777197999650062e-01
3.299999999999999822e+00,3.012000000000000011e+00,9.525999999999999801e+00,6.514000000000000234e+00,1.655304819350000116e+02,2.491680648651999945e+02,-2.183566598000090120e-01
3.310000000000000053e+00,3.019428571428570685e+00,9.546428571428572596e+00,6.527000000000000135e+00,1.660228196829999945e+02,2.491761762932000011e+02,-2.082756877999590028e-01
3.319999999999999840e+00,2.991571428571429436e+00,9.528571428571428470e+00,6.536999999999999922e+00,1.665185510949999923e+02,2.491774771981999947e+02,-1.961699197999600131e-01
3.330000000000000071e+00,2.952222222222221859e+00,9.504555555555555202e+00,6.552333333333333343e+00,1.670195037009999908e+02,2.491750484581999956e+02,-1.900498707999870029e-01
3.339999999999999858e+00,2.967499999999999805e+00,9.510249999999999204e+00,6.542749999999999844e+00,1.675201989070000081e+02,2.491595839352000041e+02,-1.838838877999590116e-01
3.350000000000000089e+00,2.983333333333333837e+00,9.524666666666666615e+00,6.541333333333333222e+00,1.680114233550000051e+02,2.491345641101999888e+02,-1.776862997999880123e-01
3.359999999999999876e+00,2.986888888888889149e+00,9.528000000000000469e+00,6.541111111111111320e+00,1.685205069810000111e+02,2.491125281952000137e+02,-1.824953377999830040e-01
3.370000000000000107e+00,2.968999999999999861e+00,9.511384615384615770e+00,6.542384615384615465e+00,1.690148735070000043e+02,2.491026554382000029e+02,-1.923505947999739896e-01
3.379999999999999893e+00,2.970333333333333048e+00,9.518666666666666387e+00,6.548333333333333783e+00,1.695044503409999948e+02,2.491065036132000046e+02,-2.102553778000040008e-01
3.390000000000000124e+00,2.987923076923077126e+00,9.539461538461539547e+00,6.551538461538461533e+00,1.700058932229999868e+02,2.491130395682000085e+02,-2.261669907999649953e-01
3.399999999999999911e+00,3.011499999999999844e+00,9.544499999999999318e+00,6.532999999999999474e+00,1.705036832650000065e+02,2.491133784872000092e+02,-2.360575138000129969e-01
3.410000000000000142e+00,3.032666666666667066e+00,9.554000000000000270e+00,6.521333333333333648e+00,1.710097426250000012e+02,2.491092238941999994e+02,-2.339302658000040058e-01
3.419999999999999929e+00,3.030000000000000249e+00,9.561461538461538012e+00,6.531461538461538652e+00,1.715139490850000072e+02,2.491199807662000012e+02,-2.338560518000039889e-01
3.430000000000000160e+00,3.012888888888888950e+00,9.549888888888888872e+00,6.536999999999999922e+00,1.720229757550000045e+02,2.491340283211999918e+02,-2.307923557999599917e-01
3.439999999999999947e+00,2.999000000000000110e+00,9.529749999999999943e+00,6.530750000000000277e+00,1.725237547030000087e+02,2.491346370212000068e+02,-2.126829837999890116e-01
3.450000000000000178e+00,2.980333333333332835e+00,9.516666666666665719e+00,6.536333333333333329e+00,1.730304677850000132e+02,2.491365719711999986e+02,-1.985769967999780061e-01
3.459999999999999964e+00,2.982384615384615412e+00,9.528769230769229992e+00,6.546384615384615024e+00,1.735353304090000108e+02,2.491533795782000027e+02,-1.975239778000029978e-01
3.470000000000000195e+00,2.993666666666666920e+00,9.545777777777777473e+00,6.552111111111111441e+00,1.740163462749999894e+02,2.491668189451999922e+02,-1.974643868000030000e-01
3.479999999999999982e+00,2.999461538461538623e+00,9.540923076923077062e+00,6.541461538461538439e+00,1.745039798070000074e+02,2.491696112022000023e+02,-1.993657728000119977e-01
3.490000000000000213e+00,3.012333333333333751e+00,9.532333333333333769e+00,6.519999999999999574e+00,1.750011697950000098e+02,2.491629151301999912e+02,-2.062315897999610070e-01
3.500000000000000000e+00,3.024499999999999744e+00,9.539500000000000313e+00,6.514999999999999680e+00,1.755009837309999909e+02,2.491453474802000017e+02,-2.140584737999980114e-01
3.509999999999999787e+00,3.017999999999999794e+00,9.538461538461538325e+00,6.520461538461538531e+00,1.760010819910000066e+02,2.491227985742000044e+02,-2.188677007999940138e-01
3.520000000000000018e+00,3.033666666666666956e+00,9.547333333333334338e+00,6.513666666666666494e+00,1.765018943009999930e+02,2.491052879231999952e+02,-2.266945637999759899e-01
3.529999999999999805e+00,3.033666666666667400e+00,9.552000000000001378e+00,6.518333333333333535e+00,1.770064142290000007e+02,2.490930112201999975e+02,-2.305390417999939878e-01
3.540000000000000036e+00,3.007000000000000117e+00,9.537769230769230333e+00,6.530769230769230660e+00,1.775027173969999978e+02,2.490843002212000101e+02,-2.263978757999760005e-01
3.549999999999999822e+00,2.997266666666666968e+00,9.540466666666667095e+00,6.543199999999999683e+00,1.780012742689999925e+02,2.490887460591999911e+02,-2.203026138000029888e-01
3.560000000000000053e+00,2.988600000000000367e+00,9.547800000000000509e+00,6.559199999999999697e+00,1.784970364209999900e+02,2.491070550512000068e+02,-2.142568837999750120e-01
3.569999999999999840e+00,3.036999999999999922e+00,9.587928571428570024e+00,6.550928571428570990e+00,1.789864100089999965e+02,2.491320000412000013e+02,-2.112360067999879965e-01
3.580000000000000071e+00,3.046999999999999709e+00,9.587214285714285467e+00,6.540214285714285758e+00,1.794945520789999875e+02,2.491439973891999955e+02,-2.071652677999699932e-01
3.589999999999999858e+00,3.015875000000001638e+00,9.575625000000000497e+00,6.559749999999998415e+00,1.800015523710000025e+02,2.491409052191999933e+02,-2.030415458000069950e-01
3.600000000000000089e+00,3.022214285714285964e+00,9.575214285714285012e+00,6.552999999999999936e+00,1.805110626149999860e+02,2.491289382072000080e+02,-1.998859607999650123e-01
3.609999999999999876e+00,2.994357142857143383e+00,9.557357142857142662e+00,6.562999999999999723e+00,1.810120737729999973e+02,2.491254864032000000e+02,-2.007623347999979990e-01
3.620000000000000107e+00,2.975888888888888584e+00,9.522444444444442269e+00,6.546555555555555017e+00,1.815096358229999964e+02,2.491298187941999913e+02,-2.106669977999889865e-01
3.629999999999999893e+00,2.981000000000000316e+00,9.528769230769229992e+00,6.547769230769231008e+00,1.820053710089999868e+02,2.491310597231999964e+02,-2.155611277999849862e-01
3.640000000000000124e+00,2.978499999999999481e+00,9.529249999999999332e+00,6.550749999999999851e+00,1.824880128929999898e+02,2.491335634572000117e+02,-2.184626127999700074e-01
3.649999999999999911e+00,2.963888888888889017e+00,9.515444444444444372e+00,6.551555555555554911e+00,1.829895677730000045e+02,2.491381344282000043e+02,-2.253672097999759871e-01
3.660000000000000142e+00,2.952999999999999847e+00,9.513615384615384585e+00,6.560615384615384293e+00,1.834875270329999921e+02,2.491355064672000026e+02,-2.272471757999849906e-01
3.669999999999999929e+00,2.987374999999999226e+00,9.552749999999999631e+00,6.565375000000000405e+00,1.839950407510000048e+02,2.491234219291999921e+02,-2.250916267999749920e-01
3.680000000000000160e+00,3.060777777777779374e+00,9.605555555555557845e+00,6.544777777777777139e+00,1.845067759570000021e+02,2.491075719151999976e+02,-2.229218537999649863e-01
3.689999999999999947e+00,3.060714285714285943e+00,9.613428571428570990e+00,6.552714285714285047e+00,1.850120079369999928e+02,2.491003652192000004e+02,-2.207840218000129973e-01
3.700000000000000178e+00,3.049999999999999822e+00,9.613500000000000156e+00,6.563499999999999446e+00,1.855185518010000010e+02,2.491052670491999947e+02,-2.146885917999840077e-01
3.709999999999999964e+00,3.049333333333333229e+00,9.613333333333333286e+00,6.564000000000000057e+00,1.860133164670000099e+02,2.491235049301999993e+02,-2.126428587999739939e-01
3.720000000000000195e+00,3.028538461538460957e+00,9.600076923076922952e+00,6.571538461538461995e+00,1.865110201450000034e+02,2.491428980642000113e+02,-2.146005737999850116e-01
3.729999999999999982e+00,3.016777777777778002e+00,9.600111111111111484e+00,6.583333333333333925e+00,1.870013054789999956e+02,2.491518726941999944e+02,-2.105231427999650073e-01
3.740000000000000213e+00,3.014769230769230202e+00,9.608615384615385224e+00,6.593846153846153690e+00,1.874972666589999903e+02,2.491491519031999928e+02,-2.064031868000029968e-01
3.750000000000000000e+00,3.005555555555555092e+00,9.608444444444442567e+00,6.602888888888888808e+00,1.880015585950000059e+02,2.491408686722000141e+02,-2.102618047999640083e-01
3.759999999999999787e+00,3.033538461538460407e+00,9.641230769230768161e+00,6.607692307692308198e+00,1.884963788850000128e+02,2.491230442512000138e+02,-2.100888417999650093e-01
3.770000000000000018e+00,3.061999999999999833e+00,9.651999999999999247e+00,6.589999999999999858e+00,1.890009562550000055e+02,2.491097621241999889e+02,-2.159297727999940075e-01
3.779999999999999805e+00,3.064666666666666206e+00,9.666111111111110432e+00,6.601444444444444670e+00,1.895121806989999982e+02,2.491028621421999958e+02,-2.237917547999750123e-01
3.790000000000000036e+00,3.071230769230768765e+00,9.672846153846153427e+00,6.601615384615384663e+00,1.900102537330000132e+02,2.490982409732000065e+02,-2.246646568000089939e-01
3.799999999999999822e+00,3.061999999999999833e+00,9.659000000000000696e+00,6.597000000000000419e+00,1.905045334509999861e+02,2.491074294871999939e+02,-2.245871178000080071e-01
3.810000000000000053e+00,3.047916666666666607e+00,9.611000000000000654e+00,6.563083333333333158e+00,1.909918557350000015e+02,2.491332200392000118e+02,-2.325697517999890107e-01
3.819999999999999840e+00,3.037083333333333801e+00,9.611000000000000654e+00,6.573916666666666409e+00,1.914888466950000065e+02,2.491475537501999895e+02,-2.375097947999859904e-01
3.830000000000000071e+00,2.998000000000000220e+00,9.573000000000000398e+00,6.575000000000000178e+00,1.919820394129999954e+02,2.491406896581999888e+02,-2.273757977999940061e-01
3.839999999999999858e+00,2.998000000000000220e+00,9.593384615384616509e+00,6.595384615384615401e+00,1.924821071970000048e+02,2.491362142392000010e+02,-2.192487118000130131e-01
3.850000000000000089e+00,2.987999999999999989e+00,9.577230769230768104e+00,6.589230769230769447e+00,1.929902508209999894e+02,2.491481868911999982e+02,-2.221779307999990072e-01
3.859999999999999876e+00,2.985111111111111271e+00,9.584666666666667112e+00,6.599555555555554953e+00,1.934831039929999861e+02,2.491472741992000124e+02,-2.230650777999760026e-01
3.870000000000000107e+00,3.012000000000000011e+00,9.603999999999999204e+00,6.592000000000000526e+00,1.939918429669999966e+02,2.491312708282000017e+02,-2.158953977999709950e-01
3.879999999999999893e+00,3.014666666666666828e+00,9.610666666666666913e+00,6.595999999999999197e+00,1.945029516390000026e+02,2.491263958062000086e+02,-2.157644977999700064e-01
3.890000000000000124e+00,3.024000000000000465e+00,9.625076923076923308e+00,6.601076923076923286e+00,1.950137764309999966e+02,2.491264949842000078e+02,-2.206512427999660075e-01
3.899999999999999911e+00,3.030000000000000249e+00,9.630499999999999616e+00,6.600500000000000256e+00,1.955106800970000052e+02,2.491248119201999884e+02,-2.215347707999980043e-01
3.910000000000000142e+00,3.015333333333332977e+00,9.622999999999999332e+00,6.607666666666666799e+00,1.960052454709999950e+02,2.491289980102000072e+02,-2.244395387999839897e-01
3.919999999999999929e+00,3.037923076923076504e+00,9.636999999999998678e+00,6.599076923076923507e+00,1.965087401010000008e+02,2.491346813472000008e+02,-2.313476287999889913e-01
3.930000000000000160e+00,3.054999999999999716e+00,9.630499999999999616e+00,6.575499999999999901e+00,1.969968291730000090e+02,2.491294937161999883e+02,-2.312207467999889965e-01
3.939999999999999947e+00,3.054538461538461203e+00,9.618000000000000327e+00,6.563461538461538680e+00,1.974982958710000105e+02,2.491180620241999861e+02,-2.300688528000129907e-01
3.950000000000000178e+00,3.065666666666666984e+00,9.625000000000000000e+00,6.559333333333333016e+00,1.980084636109999963e+02,2.491121245792000138e+02,-2.319344267999660092e-01
3.959999999999999964e+00,3.067571428571428616e+00,9.624714285714285111e+00,6.557142857142856940e+00,1.985115857350000113e+02,2.491067865091999920e+02,-2.338036827999749878e-01
3.970000000000000195e+00,3.048999999999999932e+00,9.624000000000000554e+00,6.575000000000000178e+00,1.990086599509999985e+02,2.491021153972000093e+02,-2.326766177999990137e-01
3.979999999999999982e+00,3.085000000000000409e+00,9.635999999999999233e+00,6.551000000000000156e+00,1.994948393470000099e+02,2.491128340712000124e+02,-2.356062987999839875e-01
3.990000000000000213e+00,3.074999999999999734e+00,9.625999999999999446e+00,6.551000000000000156e+00,1.999857823989999872e+02,2.491278347402000009e+02,-2.375500207999939883e-01
4.000000000000000000e+00,3.112000000000000099e+00,9.673999999999999488e+00,6.562000000000000277e+00,2.004774072069999988e+02,2.491308902732000092e+02,-2.294513828000130096e-01
4.009999999999999787e+00,3.102769230769231168e+00,9.655538461538462514e+00,6.552769230769230902e+00,2.009743665389999876e+02,2.491282300091999957e+02,-2.243314117999599955e-01
4.019999999999999574e+00,3.044000000000002704e+00,9.605375000000002217e+00,6.561374999999999069e+00,2.014779744989999983e+02,2.491319271941999887e+02,-2.282324497999810020e-01
4.030000000000000249e+00,3.062307692307693507e+00,9.616307692307692889e+00,6.553999999999999382e+00,2.019806978590000028e+02,2.491335741722000137e+02,-2.311264447999669958e-01
4.040000000000000036e+00,3.066199999999999370e+00,9.622799999999999798e+00,6.556600000000000428e+00,2.024819381190000058e+02,2.491261112562000051e+02,-2.369886487999950109e-01
4.049999999999999822e+00,3.073999999999999844e+00,9.628499999999998948e+00,6.554499999999999993e+00,2.029819506810000007e+02,2.491226059811999960e+02,-2.368650497999950089e-01
4.059999999999999609e+00,3.098111111111109484e+00,9.635444444444443590e+00,6.537333333333334551e+00,2.034750055869999983e+02,2.491357062721999966e+02,-2.438016298000000026e-01
4.070000000000000284e+00,3.116999999999999993e+00,9.645230769230769496e+00,6.528230769230769504e+00,2.039757624949999979e+02,2.491542543952000131e+02,-2.507557168000040249e-01
4.080000000000000071e+00,3.127666666666666373e+00,9.660666666666667624e+00,6.533000000000000362e+00,2.044752057430000036e+02,2.491607222162000141e+02,-2.536674497999900080e-01
4.089999999999999858e+00,3.125461538461538069e+00,9.653999999999999915e+00,6.528538461538461846e+00,2.049833186269999885e+02,2.491556867811999894e+02,-2.505366308000039899e-01
4.099999999999999645e+00,3.087000000000000188e+00,9.624000000000000554e+00,6.536999999999999922e+00,2.054825024769999970e+02,2.491491505712000105e+02,-2.444024837999760058e-01
4.110000000000000320e+00,3.087000000000000188e+00,9.652461538461539092e+00,6.565461538461538460e+00,2.059868509670000094e+02,2.491398760282000069e+02,-2.462575787999849997e-01
4.120000000000000107e+00,3.057444444444444187e+00,9.631444444444444031e+00,6.573999999999999844e+00,2.064985859509999955e+02,2.491240295421999917e+02,-2.430878117999989985e-01
4.129999999999999893e+00,3.016999999999999460e+00,9.592230769230768672e+00,6.575230769230769212e+00,2.070028449270000124e+02,2.490987735042000111e+02,-2.308864517999980048e-01
4.139999999999999680e+00,2.998250000000000082e+00,9.573624999999999829e+00,6.575375000000000192e+00,2.074967532489999940e+02,2.490969229712000015e+02,-2.307700487999989891e-01
4.150000000000000355e+00,3.011384615384616215e+00,9.592307692307693756e+00,6.580923076923077986e+00,2.079758039950000068e+02,2.491272423151999931e+02,-2.407705137999910094e-01
4.160000000000000142e+00,3.045111111111112656e+00,9.631555555555557646e+00,6.586444444444444102e+00,2.084518032869999900e+02,2.491583784462000040e+02,-2.537745587999670205e-01
4.169999999999999929e+00,3.068999999999999950e+00,9.660230769230770065e+00,6.591230769230769226e+00,2.089330475890000116e+02,2.491678172851999875e+02,-2.557008157999769993e-01
4.179999999999999716e+00,3.060999999999999943e+00,9.659222222222222598e+00,6.598222222222221767e+00,2.094281257229999937e+02,2.491630215911999926e+02,-2.575737747999869987e-01
4.190000000000000391e+00,3.070230769230769763e+00,9.666230769230770292e+00,6.596000000000000085e+00,2.099378955870000141e+02,2.491640550822000080e+02,-2.644640637999909893e-01
4.200000000000000178e+00,3.100999999999999979e+00,9.686999999999999389e+00,6.586000000000000298e+00,2.104519998250000015e+02,2.491593440011999974e+02,-2.663330888000000063e-01
4.209999999999999964e+00,3.074923076923076870e+00,9.673153846153846658e+00,6.598230769230769788e+00,2.109623953349999965e+02,2.491494166122000138e+02,-2.671845287999770058e-01
4.219999999999999751e+00,3.064153846153846672e+00,9.674692307692307480e+00,6.610538461538461696e+00,2.114676275369999985e+02,2.491422063882000089e+02,-2.660466908000009845e-01
4.230000000000000426e+00,3.024000000000000021e+00,9.657999999999999474e+00,6.634000000000000341e+00,2.119600821669999959e+02,2.491482752162000054e+02,-2.689585707999869735e-01
4.240000000000000213e+00,3.033230769230768953e+00,9.658769230769230774e+00,6.625538461538462265e+00,2.124555314749999866e+02,2.491545220971999868e+02,-2.698703997999630233e-01
4.250000000000000000e+00,3.055444444444444851e+00,9.688555555555556253e+00,6.633111111111110958e+00,2.129452171990000124e+02,2.491564546801999995e+02,-2.647682507999670198e-01
4.259999999999999787e+00,3.029615384615384155e+00,9.681615384615383846e+00,6.652000000000000135e+00,2.134304541090000100e+02,2.491661356271999921e+02,-2.626944477999569871e-01
4.269999999999999574e+00,3.038333333333331332e+00,9.699222222222221745e+00,6.660888888888888637e+00,2.139325500470000065e+02,2.491787717091999923e+02,-2.636273397999919776e-01
4.280000000000000249e+00,3.055461538461538229e+00,9.721000000000000085e+00,6.665538461538461412e+00,2.144286819989999913e+02,2.491730593421999913e+02,-2.584967847999959933e-01
4.290000000000000036e+00,3.044333333333333336e+00,9.713333333333332931e+00,6.668999999999999595e+00,2.149409273009999879e+02,2.491482698801999902e+02,-2.432952748000090093e-01
4.299999999999999822e+00,3.038999999999999702e+00,9.705076923076923379e+00,6.666076923076922789e+00,2.154443900809999946e+02,2.491369627702000003e+02,-2.391433567999899923e-01
4.309999999999999609e+00,3.046666666666667300e+00,9.719666666666666899e+00,6.673000000000000043e+00,2.159532762329999969e+02,2.491359319421999885e+02,-2.490265787999799973e-01
4.320000000000000284e+00,3.043846153846156088e+00,9.714846153846155019e+00,6.670999999999999375e+00,2.164651581729999918e+02,2.491350615272000084e+02,-2.619097197999579740e-01
4.330000000000000071e+00,3.083076923076922160e+00,9.744076923076921304e+00,6.661000000000000476e+00,2.169681932249999932e+02,2.491137031542000102e+02,-2.607224547999810182e-01
4.339999999999999858e+00,3.073000000000000398e+00,9.723000000000000753e+00,6.650000000000000355e+00,2.174714874530000088e+02,2.491053523401999996e+02,-2.675810757999870226e-01
4.349999999999999645e+00,3.063000000000000611e+00,9.713000000000000966e+00,6.650000000000000355e+00,2.179655992849999961e+02,2.491174865662000002e+02,-2.815140577999959981e-01
4.360000000000000320e+00,3.060999999999999943e+00,9.732333333333334835e+00,6.671333333333334892e+00,2.184669259510000074e+02,2.491260545371999910e+02,-2.874328007999680246e-01
4.370000000000000107e+00,3.052692307692307150e+00,9.718384615384614733e+00,6.665692307692307139e+00,2.189691038130000038e+02,2.491197069641999917e+02,-2.762986208000020039e-01
4.379999999999999893e+00,3.056999999999999940e+00,9.727666666666667794e+00,6.670666666666666522e+00,2.194692851490000010e+02,2.491132418651999956e+02,-2.661644768000099859e-01
4.389999999999999680e+00,3.047000000000000597e+00,9.735461538461539277e+00,6.688461538461537792e+00,2.199675006989999986e+02,2.491236673271999962e+02,-2.630904067999669804e-01
4.400000000000000355e+00,3.039666666666667183e+00,9.730666666666666131e+00,6.690999999999999837e+00,2.204527932750000048e+02,2.491323710741999946e+02,-2.550131047999860123e-01
4.410000000000000142e+00,3.043444444444444841e+00,9.716888888888888687e+00,6.673444444444444734e+00,2.209366025289999982e+02,2.491319684551999956e+02,-2.489040178000140047e-01
4.419999999999999929e+00,3.023769230769230987e+00,9.695769230769229807e+00,6.671999999999999709e+00,2.214244627209999976e+02,2.491307884082000044e+02,-2.447912997999940055e-01
4.429999999999999716e+00,3.023000000000000131e+00,9.685000000000000497e+00,6.661999999999999922e+00,2.219135236870000085e+02,2.491436677592000137e+02,-2.497279757999900096e-01
4.440000000000000391e+00,3.085999999999999854e+00,9.750000000000000000e+00,6.664000000000000590e+00,2.224074645249999946e+02,2.491587970891999930e+02,-2.636715628000009803e-01
4.450000000000000178e+00,3.085999999999999854e+00,9.769999999999999574e+00,6.684000000000000163e+00,2.229042557489999865e+02,2.491590860652000003e+02,-2.715621187999809893e-01
4.459999999999999964e+00,3.063777777777778599e+00,9.771333333333334537e+00,6.707555555555554605e+00,2.234137675469999920e+02,2.491470943571999896e+02,-2.754064918000009854e-01
4.469999999999999751e+00,3.070749999999999424e+00,9.781499999999999417e+00,6.710749999999999993e+00,2.239285557610000126e+02,2.491304028602000074e+02,-2.772330968000100149e-01
4.480000000000000426e+00,3.080000000000000071e+00,9.790499999999999758e+00,6.710499999999999687e+00,2.244330182470000068e+02,2.491191315812000084e+02,-2.790811217999629723e-01
4.490000000000000213e+00,3.095750000000000224e+00,9.810249999999999915e+00,6.714500000000000135e+00,2.249476639869999985e+02,2.491224785551999901e+02,-2.769784298000109724e-01
4.500000000000000000e+00,3.102714285714286202e+00,9.820785714285714008e+00,6.718071428571429138e+00,2.254566323269999941e+02,2.491375456462000102e+02,-2.679183047999960099e-01
4.509999999999999787e+00,3.085999999999999854e+00,9.795230769230769852e+00,6.709230769230770441e+00,2.259558444749999921e+02,2.491480563311999958e+02,-2.568442617999709965e-01
4.519999999999999574e+00,3.085999999999999854e+00,9.777538461538462400e+00,6.691538461538462990e+00,2.264494088110000121e+02,2.491522277582000129e+02,-2.477491228000139878e-01
4.530000000000000249e+00,3.125999999999999890e+00,9.800000000000000711e+00,6.674000000000000377e+00,2.269364405130000080e+02,2.491480132481999874e+02,-2.386258507999990119e-01
4.540000000000000036e+00,3.125230769230769035e+00,9.820000000000000284e+00,6.694769230769230361e+00,2.274369658349999952e+02,2.491355261891999930e+02,-2.374704427999670131e-01
4.549999999999999822e+00,3.164666666666667183e+00,9.873444444444444912e+00,6.708777777777777729e+00,2.279445944370000063e+02,2.491214308032000133e+02,-2.393077997999759898e-01
4.559999999999999609e+00,3.176000000000000156e+00,9.893285714285713794e+00,6.717285714285714526e+00,2.284533924069999955e+02,2.491043973122000068e+02,-2.411345307999860077e-01
4.570000000000000284e+00,3.188000000000001499e+00,9.910500000000000753e+00,6.722500000000000142e+00,2.289589113750000138e+02,2.490921670241999948e+02,-2.479789697999910114e-01
4.580000000000000071e+00,3.194461538461538463e+00,9.922076923076922128e+00,6.727615384615384997e+00,2.294562725790000002e+02,2.490824723201999973e+02,-2.558341757999719746e-01
4.589999999999999858e+00,3.175333333333333563e+00,9.900666666666666060e+00,6.725333333333333385e+00,2.299555719790000126e+02,2.490739146781999978e+02,-2.566929168000059991e-01
4.599999999999999645e+00,3.153692307692307129e+00,9.856615384615384556e+00,6.702923076923077872e+00,2.304436327950000134e+02,2.490867652542000030e+02,-2.536296617999619918e-01
4.610000000000000320e+00,3.155624999999997904e+00,9.843874999999998820e+00,6.688250000000000917e+00,2.309385989730000119e+02,2.491190196462000017e+02,-2.566333678000060070e-01
4.620000000000000107e+00,3.108230769230769130e+00,9.805230769230769639e+00,6.697000000000000064e+00,2.314303988130000107e+02,2.491541016731999889e+02,-2.586477477999569730e-01
4.629999999999999893e+00,3.099000000000000199e+00,9.795999999999999375e+00,6.697000000000000064e+00,2.319171177130000103e+02,2.491729101541999967e+02,-2.486057657999659887e-01
4.639999999999999680e+00,3.074999999999998845e+00,9.761846153846152063e+00,6.686846153846154550e+00,2.324206660110000087e+02,2.491776480432000085e+02,-2.405104107999850027e-01
4.650000000000000355e+00,3.095000000000000639e+00,9.780307692307692591e+00,6.685307692307691951e+00,2.329223580370000093e+02,2.491622652151999944e+02,-2.273444488000090080e-01
4.660000000000000142e+00,3.200333333333339692e+00,9.885333333333338857e+00,6.684999999999999609e+00,2.334211134930000071e+02,2.491456883262000019e+02,-2.211749727999799964e-01
4.669999999999999929e+00,3.204000000000000181e+00,9.888999999999999346e+00,6.684999999999999609e+00,2.339278312369999924e+02,2.491475491882000028e+02,-2.280688597999850076e-01
4.679999999999999716e+00,3.181250000000002132e+00,9.866250000000000853e+00,6.684999999999999609e+00,2.344181190129999948e+02,2.491564850101999866e+02,-2.349913627999909993e-01
4.690000000000000391e+00,3.189857142857143391e+00,9.874285714285715443e+00,6.684428571428571608e+00,2.349045264009999983e+02,2.491632102121999992e+02,-2.379069037999760050e-01
4.700000000000000178e+00,3.201000000000000068e+00,9.878000000000000114e+00,6.676999999999999602e+00,2.353857132610000065e+02,2.491736544752000100e+02,-2.378367077999760104e-01
4.709999999999999964e+00,3.188999999999999613e+00,9.865000000000000213e+00,6.676000000000000156e+00,2.358820482790000028e+02,2.491819339232000061e+02,-2.447555497999819862e-01
4.719999999999999751e+00,3.166333333333333222e+00,9.842000000000000526e+00,6.675666666666666416e+00,2.363977213150000125e+02,2.491672891052000125e+02,-2.485891917999989986e-01
4.730000000000000426e+00,3.157000000000000917e+00,9.813384615384615373e+00,6.656384615384614456e+00,2.369175263250000114e+02,2.491328973162000011e+02,-2.383521548000089862e-01
4.740000000000000213e+00,3.175923076923076849e+00,9.821923076923077645e+00,6.645999999999999908e+00,2.374372480789999997e+02,2.491175103502000070e+02,-2.341822257999900125e-01
4.750000000000000000e+00,3.185153846153846224e+00,9.831153846153846132e+00,6.645999999999999908e+00,2.379587686630000007e+02,2.491232495252000092e+02,-2.330864508000140001e-01
4.759999999999999787e+00,3.170999999999999819e+00,9.816384615384615486e+00,6.645384615384615223e+00,2.384649402430000009e+02,2.491171264202000089e+02,-2.229521807999670091e-01
4.769999999999999574e+00,3.189333333333331577e+00,9.833777777777775952e+00,6.644444444444443931e+00,2.389550810629999944e+02,2.491110861711999860e+02,-2.138217758000079960e-01
4.780000000000000249e+00,3.212000000000000188e+00,9.849999999999999645e+00,6.637999999999999901e+00,2.394397488810000141e+02,2.491307366862000094e+02,-2.157832987999619978e-01
4.790000000000000036e+00,3.207125000000000004e+00,9.838124999999999787e+00,6.631000000000000227e+00,2.399291825749999987e+02,2.491546339161999981e+02,-2.267588027999850042e-01
4.799999999999999822e+00,3.203642857142857014e+00,9.825714285714285623e+00,6.622071428571429053e+00,2.404244297049999943e+02,2.491468748702000084e+02,-2.196212107999790109e-01
4.809999999999999609e+00,3.212000000000000188e+00,9.816625000000000156e+00,6.604625000000000412e+00,2.409124875930000087e+02,2.491246862081999893e+02,-2.114343027999990021e-01
4.820000000000000284e+00,3.209230769230769109e+00,9.807230769230770306e+00,6.597999999999999865e+00,2.414091654869999957e+02,2.491269613361999973e+02,-2.223319107999650046e-01
4.830000000000000071e+00,3.200000000000000178e+00,9.807999999999999829e+00,6.607999999999999652e+00,2.419027333749999968e+02,2.491310763152000050e+02,-2.292366757999710070e-01
4.839999999999999858e+00,3.186076923076923251e+00,9.768923076923076820e+00,6.582846153846154458e+00,2.424001491349999924e+02,2.491204220511999949e+02,-2.260884127999860105e-01
4.849999999999999645e+00,3.176846153846154319e+00,9.758153846153847510e+00,6.581307692307692747e+00,2.429082043550000094e+02,2.491163955682000051e+02,-2.199611468000129966e-01
4.860000000000000320e+00,3.207000000000001627e+00,9.767555555555556879e+00,6.560555555555554363e+00,2.434037407350000137e+02,2.491386627521999912e+02,-2.239294967999750086e-01
4.870000000000000107e+00,3.211692307692307846e+00,9.767615384615384144e+00,6.555923076923076742e+00,2.439050968090000140e+02,2.491642599781999934e+02,-2.299083138000050097e-01
4.879999999999999893e+00,3.211249999999999716e+00,9.757249999999999091e+00,6.545999999999999375e+00,2.443973216709999861e+02,2.491743505022000136e+02,-2.248343818000090033e-01
4.889999999999999680e+00,3.210999999999999854e+00,9.753999999999999559e+00,6.543000000000000149e+00,2.449007564169999966e+02,2.491810780712000053e+02,-2.187460847999790070e-01
4.900000000000000355e+00,3.210999999999999854e+00,9.749714285714285111e+00,6.538714285714284813e+00,2.454169429209999862e+02,2.491925259872000140e+02,-2.166716307999700108e-01
4.910000000000000142e+00,3.210999999999999854e+00,9.742923076923078796e+00,6.531923076923076721e+00,2.459123354529999972e+02,2.491997677081999996e+02,-2.185869887999800087e-01
4.919999999999999929e+00,3.210999999999999854e+00,9.752153846153845507e+00,6.541153846153846096e+00,2.464265541309999890e+02,2.491930528352000067e+02,-2.224489317999990001e-01
4.929999999999999716e+00,3.200333333333333474e+00,9.733555555555556182e+00,6.533222222222222264e+00,2.469363502530000005e+02,2.491760798711999882e+02,-2.232756477999759959e-01
4.940000000000000391e+00,3.216307692307692978e+00,9.755923076923076920e+00,6.539615384615385274e+00,2.474302859430000012e+02,2.491562052431999916e+02,-2.220956417999989940e-01
4.950000000000000178e+00,3.232666666666666799e+00,9.767666666666666941e+00,6.535000000000000142e+00,2.479224833950000004e+02,2.491492347601999882e+02,-2.259615817999620080e-01
4.959999999999999964e+00,3.230000000000000426e+00,9.754000000000001336e+00,6.524000000000000021e+00,2.484123986650000120e+02,2.491471491752000134e+02,-2.278452507999710053e-01
4.969999999999999751e+00,3.223500000000000032e+00,9.746999999999999886e+00,6.523499999999999410e+00,2.489006576209999935e+02,2.491389840802000037e+02,-2.227077937999749901e-01
4.980000000000000426e+00,3.216999999999999194e+00,9.739499999999999602e+00,6.522499999999999076e+00,2.493906851110000105e+02,2.491349299832000099e+02,-2.165844408000039967e-01
4.990000000000000213e+00,3.214428571428571413e+00,9.730428571428571871e+00,6.516000000000000014e+00,2.498870762390000095e+02,2.491422251751999966e+02,-2.194997717999890019e-01
5.000000000000000000e+00,3.222999999999999865e+00,9.739000000000000767e+00,6.516000000000000014e+00,2.503934499970000047e+02,2.491501079971999957e+02,-2.174149227999810086e-01
5.009999999999999787e+00,3.213769230769230933e+00,9.719769230769230717e+00,6.506000000000000227e+00,2.509012200049999990e+02,2.491510768821999875e+02,-2.103053377999750118e-01
5.019999999999999574e+00,3.199625000000000608e+00,9.693000000000001393e+00,6.493375000000000341e+00,2.514119296910000116e+02,2.491531904361999921e+02,-2.101991827999749873e-01
5.030000000000000249e+00,3.205714285714285960e+00,9.706714285714285850e+00,6.501000000000000334e+00,2.519270632649999868e+02,2.491655409132000045e+02,-2.191282187999900044e-01
5.040000000000000036e+00,3.200384615384615383e+00,9.710999999999998522e+00,6.510615384615384471e+00,2.524274476669999956e+02,2.491730676292000055e+02,-2.210434717999990029e-01
5.049999999999999822e+00,3.188999999999999613e+00,9.706846153846152347e+00,6.517846153846154067e+00,2.529332218149999960e+02,2.491739084042000059e+02,-2.179339048000140111e-01
5.059999999999999609e+00,3.208999999999999186e+00,9.726076923076922398e+00,6.517076923076923656e+00,2.534314952510000012e+02,2.491833213861999923e+02,-2.188562757999890085e-01
5.070000000000000284e+00,3.210307692307692307e+00,9.727999999999999758e+00,6.517692307692307452e+00,2.539160183330000109e+02,2.491879605501999890e+02,-2.147648307999709960e-01
5.080000000000000071e+00,3.222000000000000419e+00,9.732615384615384002e+00,6.510615384615384471e+00,2.544119220709999922e+02,2.491862451831999863e+02,-2.086484217999990121e-01
5.089999999999999858e+00,3.215000000000000302e+00,9.717999999999999972e+00,6.503000000000000114e+00,2.549052866709999989e+02,2.491763718752000045e+02,-2.025037957999699934e-01
5.099999999999999645e+00,3.173000000000000043e+00,9.684769230769230575e+00,6.511769230769229644e+00,2.554161361669999906e+02,2.491584892941999954e+02,-1.943270097999889867e-01
5.110000000000000320e+00,3.173153846153846214e+00,9.700923076923077204e+00,6.527769230769231434e+00,2.559135497069999872e+02,2.491478703102000054e+02,-1.811788068000129981e-01
5.120000000000000107e+00,3.174692307692307480e+00,9.710153846153845691e+00,6.535461538461538211e+00,2.563950774450000267e+02,2.491523420052000120e+02,-1.760874307999600041e-01
5.129999999999999893e+00,3.173769230769230898e+00,9.688615384615383519e+00,6.514846153846153953e+00,2.568963782970000125e+02,2.491789093751999928e+02,-1.900697347999699971e-01
5.139999999999999680e+00,3.173000000000000043e+00,9.674769230769230788e+00,6.501769230769230745e+00,2.574003583190000199e+02,2.491936350231999882e+02,-1.970096187999750004e-01
5.150000000000000355e+00,3.182692307692311040e+00,9.681692307692308930e+00,6.498999999999998778e+00,2.579144610029999853e+02,2.491889486382000030e+02,-1.918786857999789930e-01
5.160000000000000142e+00,3.231153846153849152e+00,9.710153846153847468e+00,6.478999999999999204e+00,2.584191804449999950e+02,2.491907201982000117e+02,-1.917726567999790133e-01
5.169999999999999929e+00,3.245692307692307654e+00,9.723384615384615515e+00,6.477692307692307416e+00,2.589182267049999950e+02,2.492041448431999981e+02,-2.037090807999800135e-01
5.179999999999999716e+00,3.249538461538461487e+00,9.722000000000001307e+00,6.472461538461539376e+00,2.594273401830000125e+02,2.491991311271999905e+02,-2.105781807999839994e-01
5.190000000000000391e+00,3.251769230769231189e+00,9.714538461538461789e+00,6.462769230769231044e+00,2.599279483170000162e+02,2.491676463011999942e+02,-2.013556767999699904e-01
5.200000000000000178e+00,3.261000000000000121e+00,9.712999999999999190e+00,6.451999999999999957e+00,2.604330934469999761e+02,2.491444157742000129e+02,-1.971613178000070077e-01
5.209999999999999964e+00,3.220285714285715084e+00,9.659571428571428697e+00,6.439285714285714057e+00,2.609270024350000199e+02,2.491425546572000087e+02,-2.000448967999939875e-01
5.219999999999999751e+00,3.201714285714286845e+00,9.632428571428572894e+00,6.430714285714286049e+00,2.614142060190000052e+02,2.491353309312000022e+02,-1.949109957999989873e-01
5.230000000000000426e+00,3.213384615384615284e+00,9.641153846153846629e+00,6.427769230769230902e+00,2.619023512009999877e+02,2.491291590442000086e+02,-1.907806027999789933e-01
5.240000000000000213e+00,3.213000000000000078e+00,9.650384615384615117e+00,6.437384615384615039e+00,2.623975727389999975e+02,2.491393958692000012e+02,-1.927065657999889881e-01
5.250000000000000000e+00,3.201153846153845794e+00,9.653153846153845308e+00,6.451999999999999957e+00,2.628897412690000124e+02,2.491504741772000102e+02,-1.906361507999800031e-01
5.259999999999999787e+00,3.221923076923076223e+00,9.663923076923076394e+00,6.442000000000000171e+00,2.633914070370000218e+02,2.491530978042000015e+02,-1.835337617999739934e-01
5.269999999999999574e+00,3.274999999999999911e+00,9.701999999999999957e+00,6.426999999999999602e+00,2.639012307909999890e+02,2.491531823191999990e+02,-1.764205997999689912e-01
5.280000000000000249e+00,3.295000000000000373e+00,9.711999999999999744e+00,6.416999999999999815e+00,2.644145375009999839e+02,2.491624413341999968e+02,-1.803391027999879936e-01
5.290000000000000036e+00,3.280777777777777349e+00,9.686222222222221845e+00,6.405444444444444052e+00,2.649351173750000044e+02,2.491671145582000122e+02,-1.822397957999969953e-01
5.299999999999999822e+00,3.266384615384615220e+00,9.669999999999999929e+00,6.403615384615384265e+00,2.654377835149999783e+02,2.491697634321999999e+02,-1.841373318000069925e-01
5.309999999999999609e+00,3.266416666666666302e+00,9.664166666666666572e+00,6.397750000000000270e+00,2.659511478890000262e+02,2.491780134951999912e+02,-1.910522818000119916e-01
5.320000000000000284e+00,3.265999999999999126e+00,9.650999999999999801e+00,6.384999999999999787e+00,2.664442025729999841e+02,2.491911173141999996e+02,-1.969888677999840076e-01
5.330000000000000071e+00,3.250000000000000000e+00,9.623307692307692562e+00,6.373307692307691674e+00,2.669335489729999722e+02,2.491989977691999911e+02,-2.039078567999889902e-01
5.339999999999999858e+00,3.249846153846153829e+00,9.615923076923076351e+00,6.366076923076922967e+00,2.674367848709999862e+02,2.491916664912000101e+02,-2.047700487999649932e-01
5.349999999999999645e+00,3.248307692307692562e+00,9.625153846153846615e+00,6.376846153846153165e+00,2.679130323769999791e+02,2.491658128491999946e+02,-1.925728117999649935e-01
5.360000000000000320e+00,3.259555555555556428e+00,9.626111111111111285e+00,6.366555555555555301e+00,2.683999765629999956e+02,2.491455850922000081e+02,-1.783930308000110099e-01
5.370000000000000107e+00,3.252000000000000224e+00,9.625249999999999417e+00,6.373250000000000526e+00,2.688809044689999723e+02,2.491430182681999952e+02,-1.712769428000069927e-01
5.379999999999999893e+00,3.283999999999998920e+00,9.643200000000000216e+00,6.359200000000000408e+00,2.693758663869999737e+02,2.491402545901999872e+02,-1.631570317999689879e-01
5.389999999999999680e+00,3.305461538461538229e+00,9.651538461538461178e+00,6.346076923076923393e+00,2.698792699489999904e+02,2.491299811282000007e+02,-1.490087087999580062e-01
5.400000000000000355e+00,3.311500000000000110e+00,9.645999999999999019e+00,6.334499999999999353e+00,2.703807077249999793e+02,2.491365982272000110e+02,-1.419204598000100015e-01
5.410000000000000142e+00,3.299999999999999378e+00,9.634461538461538410e+00,6.334461538461538588e+00,2.708921056469999940e+02,2.491617494351999937e+02,-1.528955017999779897e-01
5.419999999999999929e+00,3.283461538461538431e+00,9.628000000000000114e+00,6.344538461538461682e+00,2.713977978710000230e+02,2.491815738651999936e+02,-1.618530067999920108e-01
5.429999999999999716e+00,3.274999999999999911e+00,9.628000000000000114e+00,6.352999999999999758e+00,2.719005773409999733e+02,2.491822365872000091e+02,-1.607434907999580054e-01
5.440000000000000391e+00,3.264230769230768381e+00,9.618769230769229850e+00,6.354538461538462357e+00,2.724141705949999732e+02,2.491864790662000075e+02,-1.716442767999840080e-01
5.450000000000000178e+00,3.241076923076922967e+00,9.596076923076923393e+00,6.355000000000000426e+00,2.729210027789999913e+02,2.491863361361999978e+02,-1.805310817999979944e-01
5.459999999999999964e+00,3.234857142857142431e+00,9.592428571428570194e+00,6.357571428571429095e+00,2.734189887410000210e+02,2.491656946642000037e+02,-1.783474627999890039e-01
5.469999999999999751e+00,3.262000000000000011e+00,9.625999999999999446e+00,6.363999999999999879e+00,2.739210813070000086e+02,2.491432985641999949e+02,-1.721567137999590047e-01
5.480000000000000426e+00,3.251230769230768480e+00,9.597538461538459131e+00,6.346307692307691539e+00,2.744106801809999752e+02,2.491292073161999951e+02,-1.649980378000109882e-01
5.490000000000000213e+00,3.248583333333333378e+00,9.596583333333333243e+00,6.347999999999999865e+00,2.748977691029999733e+02,2.491239909102000070e+02,-1.568712247999730081e-01
5.500000000000000000e+00,3.244357142857143383e+00,9.601285714285713979e+00,6.356928571428571040e+00,2.753881109910000191e+02,2.491319742281999936e+02,-1.507902708000020131e-01
5.509999999999999787e+00,3.235875000000000057e+00,9.598625000000000185e+00,6.362750000000001016e+00,2.758811062350000043e+02,2.491461152232000131e+02,-1.457304578000060136e-01
5.519999999999999574e+00,3.232230769230769685e+00,9.583461538461540030e+00,6.351230769230769901e+00,2.763840863290000129e+02,2.491608085681999967e+02,-1.456704048000070084e-01
5.530000000000000249e+00,3.222999999999999865e+00,9.564999999999999503e+00,6.341999999999999638e+00,2.768830722609999953e+02,2.491752845011999966e+02,-1.426104537999640098e-01
5.540000000000000036e+00,3.247999999999999776e+00,9.577999999999999403e+00,6.330000000000000071e+00,2.773842847089999850e+02,2.491858527361999904e+02,-1.475362727999590118e-01
5.549999999999999822e+00,3.237999999999999989e+00,9.577999999999999403e+00,6.339999999999999858e+00,2.779100864430000115e+02,2.491867857311999899e+02,-1.584226667999829863e-01
5.559999999999999609e+00,3.213777777777778510e+00,9.534444444444446276e+00,6.320666666666666877e+00,2.784171149910000054e+02,2.491656553541999983e+02,-1.572353178000059915e-01
5.570000000000000284e+00,3.229000000000000981e+00,9.539384615384616239e+00,6.310384615384615259e+00,2.789287943090000113e+02,2.491507860682000057e+02,-1.600690497999920081e-01
5.580000000000000071e+00,3.254538461538462268e+00,9.560615384615385182e+00,6.306076923076923357e+00,2.794234184570000252e+02,2.491539455662000080e+02,-1.709702347999589866e-01
5.589999999999999858e+00,3.271999999999999797e+00,9.576999999999999957e+00,6.304999999999999716e+00,2.799055742830000213e+02,2.491474175731999878e+02,-1.708399437999590098e-01
5.599999999999999645e+00,3.262000000000000011e+00,9.567000000000000171e+00,6.304999999999999716e+00,2.803880709869999919e+02,2.491349170121999919e+02,-1.656884727999639872e-01
5.610000000000000320e+00,3.252000000000000224e+00,9.547769230769230120e+00,6.295769230769230340e+00,2.808723364470000092e+02,2.491265239212000040e+02,-1.605510997999680112e-01
5.620000000000000107e+00,3.249777777777777654e+00,9.540444444444442951e+00,6.290666666666666629e+00,2.813711791970000036e+02,2.491259638072000087e+02,-1.584381387999579949e-01
5.629999999999999893e+00,3.249384615384615316e+00,9.524615384615383817e+00,6.275230769230769390e+00,2.818802325689999861e+02,2.491219978512000068e+02,-1.513108578000109949e-01
5.639999999999999680e+00,3.234000000000000430e+00,9.505000000000000782e+00,6.270999999999999908e+00,2.823825812029999724e+02,2.491126587022000081e+02,-1.391660788000100013e-01
5.650000000000000355e+00,3.214000000000001300e+00,9.491000000000001435e+00,6.276999999999999247e+00,2.828944598130000259e+02,2.491118412072000012e+02,-1.370493098000019894e-01
5.660000000000000142e+00,3.234000000000001318e+00,9.501000000000001222e+00,6.266999999999999460e+00,2.834082222850000221e+02,2.491131168061999972e+02,-1.399395387999869955e-01
5.669999999999999929e+00,3.236000000000000210e+00,9.485384615384615969e+00,6.249384615384616204e+00,2.839223251910000272e+02,2.491084268932000043e+02,-1.358085997999670114e-01
5.679999999999999716e+00,3.236000000000000210e+00,9.477999999999999758e+00,6.241999999999999993e+00,2.844366866070000128e+02,2.491167551231999937e+02,-1.367235648000010018e-01
5.690000000000000391e+00,3.241846153846156042e+00,9.483846153846155147e+00,6.241999999999999993e+00,2.849378151330000151e+02,2.491463387651999994e+02,-1.447165097999819905e-01
5.700000000000000178e+00,3.271076923076924547e+00,9.513076923076924984e+00,6.241999999999999993e+00,2.854240261570000143e+02,2.491740514141999938e+02,-1.577062047999580052e-01
5.709999999999999964e+00,3.265000000000000124e+00,9.495750000000001023e+00,6.230750000000000455e+00,2.859173086110000099e+02,2.491831652891999909e+02,-1.626286568000120114e-01
5.719999999999999751e+00,3.234538461538462695e+00,9.469076923076924501e+00,6.234538461538461362e+00,2.864079060810000215e+02,2.491691275121999922e+02,-1.564699537999829915e-01
5.730000000000000426e+00,3.210999999999999854e+00,9.451692307692308503e+00,6.240692307692307317e+00,2.869087725030000229e+02,2.491506643571999859e+02,-1.512933597999880087e-01
5.740000000000000213e+00,3.209923076923076213e+00,9.451076923076923819e+00,6.241153846153847162e+00,2.873990856490000283e+02,2.491416078361999951e+02,-1.481523138000009898e-01
5.750000000000000000e+00,3.199153846153846015e+00,9.451846153846153342e+00,6.252692307692307772e+00,2.878832938890000150e+02,2.491342166411999983e+02,-1.420184817999730065e-01
5.759999999999999787e+00,3.205615384615384755e+00,9.450769230769230589e+00,6.245153846153845834e+00,2.883912362230000213e+02,2.491321692541999937e+02,-1.408982557999959861e-01
5.769999999999999574e+00,3.224888888888888250e+00,9.457777777777776507e+00,6.232888888888888701e+00,2.888890805990000104e+02,2.491315521411999896e+02,-1.387853157999870135e-01
5.780000000000000249e+00,3.229999999999999982e+00,9.469076923076922725e+00,6.239076923076923187e+00,2.893876381370000104e+02,2.491359873952000044e+02,-1.356900358000019957e-01
5.790000000000000036e+00,3.220230769230768786e+00,9.472692307692307523e+00,6.252461538461537849e+00,2.898922741009999982e+02,2.491567673062000097e+02,-1.406511207999960045e-01
5.799999999999999822e+00,3.210999999999999854e+00,9.464999999999999858e+00,6.253999999999999559e+00,2.903929176789999929e+02,2.491773015811999983e+02,-1.506122597999879908e-01
5.809999999999999609e+00,3.240230769230768804e+00,9.484999999999999432e+00,6.244769230769231072e+00,2.909107878649999748e+02,2.491768049121999979e+02,-1.544953288000059932e-01
5.820000000000000284e+00,3.255461538461539295e+00,9.509846153846154948e+00,6.254384615384616097e+00,2.914213528149999775e+02,2.491639071152000042e+02,-1.483362057999779993e-01
5.830000000000000071e+00,3.245615384615383903e+00,9.514615384615384031e+00,6.269000000000000128e+00,2.919289811950000058e+02,2.491498152572000038e+02,-1.491735688000100091e-01
5.839999999999999858e+00,3.210923076923076991e+00,9.487923076923078014e+00,6.277000000000000135e+00,2.924404327429999739e+02,2.491389359151999940e+02,-1.530214347999729885e-01
5.849999999999999645e+00,3.210153846153846136e+00,9.477153846153846928e+00,6.267000000000000348e+00,2.929363636269999915e+02,2.491191999812000120e+02,-1.448414287999920114e-01
5.860000000000000320e+00,3.217384615384615287e+00,9.504538461538460936e+00,6.287153846153846537e+00,2.934337226110000074e+02,2.491095405572000061e+02,-1.426966947999830093e-01
5.870000000000000107e+00,3.212384615384615394e+00,9.514153846153845961e+00,6.301769230769230568e+00,2.939301139610000178e+02,2.491168322212000135e+02,-1.466120198000009922e-01
5.879999999999999893e+00,3.197000000000000064e+00,9.499846153846153385e+00,6.302846153846153321e+00,2.944155793069999731e+02,2.491225126402000001e+02,-1.465240648000009915e-01
5.889999999999999680e+00,3.197000000000000064e+00,9.499076923076923862e+00,6.302076923076922910e+00,2.949111984990000224e+02,2.491257820572000128e+02,-1.424253187999819925e-01
5.900000000000000355e+00,3.215000000000000746e+00,9.499692307692308546e+00,6.284692307692306912e+00,2.954093013849999920e+02,2.491381830871999910e+02,-1.453582827999680138e-01
5.910000000000000142e+00,3.212285714285713745e+00,9.484571428571427987e+00,6.272285714285714242e+00,2.959146211030000018e+02,2.491469861102000038e+02,-1.492769537999870111e-01
5.919999999999999929e+00,3.202166666666666384e+00,9.468166666666666842e+00,6.266000000000000014e+00,2.964235615889999735e+02,2.491449992501999873e+02,-1.471567127999769964e-01
5.929999999999999716e+00,3.222999999999999865e+00,9.489000000000000767e+00,6.266000000000000014e+00,2.969344986009999730e+02,2.491431299161999959e+02,-1.440364357999920075e-01
5.940000000000000391e+00,3.247076923076923194e+00,9.522153846153845080e+00,6.275076923076922775e+00,2.974411582370000247e+02,2.491460067861999903e+02,-1.459338878000019935e-01
5.950000000000000178e+00,3.237846153846153818e+00,9.503692307692306329e+00,6.265846153846153399e+00,2.979468190549999917e+02,2.491488337131999913e+02,-1.458313728000019960e-01
5.959999999999999964e+00,3.243384615384615532e+00,9.492000000000000881e+00,6.248615384615384905e+00,2.984346211390000008e+02,2.491486696741999936e+02,-1.367222197999869993e-01
5.969999999999999751e+00,3.252615384615384464e+00,9.481615384615384556e+00,6.229000000000000092e+00,2.989190881110000078e+02,2.491542930941999998e+02,-1.366342857999869875e-01
5.980000000000000426e+00,3.262888888888889394e+00,9.475888888888890804e+00,6.213000000000000078e+00,2.994091478949999896e+02,2.491672223882000026e+02,-1.435709287999930028e-01
5.990000000000000213e+00,3.269590909090909214e+00,9.485863636363637497e+00,6.216272727272727394e+00,2.998912462789999722e+02,2.491616998192000096e+02,-1.414441847999819979e-01
6.000000000000000000e+00,3.258227272727272972e+00,9.485409090909090679e+00,6.227181818181818151e+00,3.003826709069999765e+02,2.491507176732000062e+02,-1.342960717999769904e-01
6.009999999999999787e+00,3.251083333333331993e+00,9.488333333333331510e+00,6.237250000000000405e+00,3.008752965310000036e+02,2.491537913971999956e+02,-1.371973467999630103e-01
6.019999999999999574e+00,3.281916666666665705e+00,9.521666666666666501e+00,6.239749999999999908e+00,3.013777364549999902e+02,2.491604055191999976e+02,-1.471089748000110053e-01
6.030000000000000249e+00,3.261000000000000121e+00,9.525999999999999801e+00,6.264999999999999680e+00,3.018940649890000145e+02,2.491518220202000009e+02,-1.469638298000109922e-01
6.040000000000000036e+00,3.261000000000000121e+00,9.526714285714284358e+00,6.265714285714286014e+00,3.023967571649999968e+02,2.491364679671999909e+02,-1.417977987999589906e-01
6.049999999999999822e+00,3.278538461538460957e+00,9.537615384615383718e+00,6.259076923076923649e+00,3.029185636270000259e+02,2.491372011901999883e+02,-1.446843248000020121e-01
6.059999999999999609e+00,3.299230769230768967e+00,9.547461538461540442e+00,6.248230769230770143e+00,3.034253677770000195e+02,2.491550929391999887e+02,-1.516347508000069899e-01
6.070000000000000284e+00,3.299999999999999822e+00,9.538999999999999702e+00,6.238999999999999879e+00,3.039228686110000126e+02,2.491604907301999958e+02,-1.425430627999919875e-01
6.080000000000000071e+00,3.260000000000000675e+00,9.480538461538461803e+00,6.220538461538462016e+00,3.044229669129999820e+02,2.491730269262000093e+02,-1.394760208000060120e-01
6.089999999999999858e+00,3.248583333333333378e+00,9.469416666666665705e+00,6.220833333333333215e+00,3.049165063230000214e+02,2.491951836402000140e+02,-1.424444187999920064e-01
6.099999999999999645e+00,3.252928571428571392e+00,9.487214285714285822e+00,6.234285714285713986e+00,3.054170606089999751e+02,2.491997328921999895e+02,-1.393490968000070107e-01
6.110000000000000320e+00,3.259076923076922760e+00,9.512076923076921986e+00,6.253000000000001002e+00,3.059119358990000137e+02,2.491809418551999897e+02,-1.301726527999919891e-01
6.120000000000000107e+00,3.249846153846153829e+00,9.522846153846154849e+00,6.273000000000000576e+00,3.064009930490000215e+02,2.491587960802000055e+02,-1.259856997999720118e-01
6.129999999999999893e+00,3.248615384615384905e+00,9.554538461538461647e+00,6.305923076923076742e+00,3.069025187429999733e+02,2.491463342682000075e+02,-1.338302168000100045e-01
6.139999999999999680e+00,3.253615384615384798e+00,9.578769230769230703e+00,6.325153846153845905e+00,3.074072668850000127e+02,2.491300605652000115e+02,-1.386605488000069997e-01
6.150000000000000355e+00,3.251307692307689123e+00,9.578153846153842466e+00,6.326846153846153342e+00,3.079150092610000229e+02,2.491139719711999874e+02,-1.394908417999830008e-01
6.160000000000000142e+00,3.202846153846151012e+00,9.528923076923073054e+00,6.326076923076922931e+00,3.084162232630000062e+02,2.491245155102000126e+02,-1.514166187999829993e-01
6.169999999999999929e+00,3.233307692307691550e+00,9.524692307692307125e+00,6.291384615384616019e+00,3.089052577489999862e+02,2.491554048442000067e+02,-1.614168737999729930e-01
6.179999999999999716e+00,3.242538461538462258e+00,9.507461538461541295e+00,6.264923076923078149e+00,3.093897541289999822e+02,2.491780575191999958e+02,-1.613890137999740015e-01
6.190000000000000391e+00,3.226461538461538048e+00,9.476153846153845706e+00,6.249692307692307658e+00,3.098947875250000266e+02,2.491918735502000004e+02,-1.593253957999639925e-01
6.200000000000000178e+00,3.197999999999999954e+00,9.439999999999999503e+00,6.241999999999999993e+00,3.104022157669999729e+02,2.491988291151999988e+02,-1.532370147999919940e-01
6.209999999999999964e+00,3.206571428571428406e+00,9.464285714285713524e+00,6.257714285714285118e+00,3.109059922789999746e+02,2.491995700042000124e+02,-1.461275137999880069e-01
6.219999999999999751e+00,3.233538461538459252e+00,9.491999999999997328e+00,6.258461538461538964e+00,3.114111098189999893e+02,2.491943671001999974e+02,-1.419967637999680066e-01
6.230000000000000426e+00,3.261000000000000121e+00,9.509249999999999758e+00,6.248249999999999638e+00,3.119037603689999969e+02,2.491794555371999991e+02,-1.328345018000099964e-01
6.240000000000000213e+00,3.262000000000000455e+00,9.499230769230768701e+00,6.237230769230769134e+00,3.124045702369999731e+02,2.491619836941999893e+02,-1.296614307999680027e-01
6.250000000000000000e+00,3.272000000000000242e+00,9.511538461538460609e+00,6.239538461538462144e+00,3.128984217830000034e+02,2.491611280012000122e+02,-1.305485568000009922e-01
6.259999999999999787e+00,3.258000000000000007e+00,9.505384615384615543e+00,6.247384615384615536e+00,3.133817211630000088e+02,2.491696613022000122e+02,-1.384712007999820138e-01
6.269999999999999574e+00,3.243384615384615532e+00,9.486153846153847269e+00,6.242769230769230404e+00,3.138838195430000155e+02,2.491822585762000131e+02,-1.504040267999839919e-01
6.280000000000000249e+00,3.234153846153845713e+00,9.461692307692306514e+00,6.227538461538460801e+00,3.143767292690000090e+02,2.491803545722000024e+02,-1.492876508000069991e-01
6.290000000000000036e+00,3.224923076923077225e+00,9.450153846153845905e+00,6.225230769230768679e+00,3.148736329349999892e+02,2.491786715082000114e+02,-1.501711787999820136e-01
6.299999999999999822e+00,3.231615384615384112e+00,9.457999999999998408e+00,6.226384615384615628e+00,3.153902202009999769e+02,2.491831026241999894e+02,-1.560719318000119982e-01
6.309999999999999609e+00,3.217461538461540371e+00,9.444923076923078753e+00,6.227461538461538382e+00,3.158970497209999735e+02,2.491830020301999866e+02,-1.529588087999690094e-01
6.320000000000000284e+00,3.205769230769231370e+00,9.430538461538462869e+00,6.224769230769230610e+00,3.164121490030000245e+02,2.491784008681999865e+02,-1.398279027999919932e-01
6.330000000000000071e+00,3.234999999999999876e+00,9.448999999999999844e+00,6.214000000000000412e+00,3.169157542990000138e+02,2.491821403891999864e+02,-1.317290128000110083e-01
6.339999999999999858e+00,3.302692307692306706e+00,9.478230769230769681e+00,6.175538461538462087e+00,3.174143113929999913e+02,2.491865826991999882e+02,-1.266337447999590082e-01
6.349999999999999645e+00,3.343999999999999417e+00,9.500999999999999446e+00,6.157000000000000028e+00,3.179065077349999910e+02,2.491796298561999947e+02,-1.254997147999810103e-01
6.360000000000000320e+00,3.346307692307690651e+00,9.508692307692307111e+00,6.162384615384616460e+00,3.183941103050000265e+02,2.491654175541999905e+02,-1.203410687999860035e-01
6.370000000000000107e+00,3.309214285714284998e+00,9.500928571428572056e+00,6.191714285714287058e+00,3.188872484670000063e+02,2.491595130222000023e+02,-1.212105407999640033e-01
6.379999999999999893e+00,3.291357142857143092e+00,9.520214285714285296e+00,6.228857142857142648e+00,3.193886906829999930e+02,2.491660595612000009e+02,-1.341221717999959984e-01
6.389999999999999680e+00,3.273076923076923439e+00,9.512538461538461831e+00,6.239461538461538836e+00,3.198783772950000071e+02,2.491679780322000113e+02,-1.330199987999630129e-01
6.400000000000000355e+00,3.261692307692307669e+00,9.509000000000000341e+00,6.247307692307693117e+00,3.203765625490000275e+02,2.491613883512000029e+02,-1.258858787999589945e-01
6.410000000000000142e+00,3.261000000000000121e+00,9.527846153846153854e+00,6.266846153846153733e+00,3.208851621570000248e+02,2.491653740591999906e+02,-1.287868178000010078e-01
6.419999999999999929e+00,3.261000000000000121e+00,9.536307692307692818e+00,6.275307692307692697e+00,3.213973262009999985e+02,2.491595576681999944e+02,-1.286523618000020019e-01
6.429999999999999716e+00,3.244999999999999662e+00,9.530000000000001137e+00,6.285000000000000142e+00,3.219119981989999815e+02,2.491448981871999990e+02,-1.204860967999620003e-01
6.440000000000000391e+00,3.225384615384614406e+00,9.519999999999999574e+00,6.294615384615385167e+00,3.224270420369999783e+02,2.491412706972000137e+02,-1.143586837999910066e-01
6.450000000000000178e+00,3.213846153846153353e+00,9.517846153846154067e+00,6.303999999999999382e+00,3.229227498550000064e+02,2.491605357212000058e+02,-1.203164167999629941e-01
6.459999999999999964e+00,3.233076923076922515e+00,9.547076923076922128e+00,6.314000000000000057e+00,3.234222815069999797e+02,2.491830026771999940e+02,-1.322846347999639960e-01
6.469999999999999751e+00,3.244692307692307320e+00,9.558307692307691283e+00,6.313615384615384407e+00,3.239136792109999874e+02,2.491900375701999906e+02,-1.282001128000009871e-01
6.480000000000000426e+00,3.254076923076923311e+00,9.572615384615385636e+00,6.318538461538461881e+00,3.244016538430000196e+02,2.491868537311999887e+02,-1.260803127999909901e-01
6.490000000000000213e+00,3.263230769230769379e+00,9.585461538461538922e+00,6.322230769230769098e+00,3.248955370169999810e+02,2.492029920132000029e+02,-1.370274527999580105e-01
6.500000000000000000e+00,3.274000000000000021e+00,9.586999999999999744e+00,6.312999999999999723e+00,3.253766671010000096e+02,2.492144311161999894e+02,-1.379607857999929910e-01
6.509999999999999787e+00,3.254000000000000448e+00,9.576999999999999957e+00,6.322999999999999510e+00,3.258668088090000197e+02,2.492083767551999927e+02,-1.328303567999969959e-01
6.519999999999999574e+00,3.248000000000000220e+00,9.582076923076922270e+00,6.334076923076922938e+00,3.263778290770000012e+02,2.491875025982000125e+02,-1.236429717999820016e-01
6.530000000000000249e+00,3.244285714285714217e+00,9.598428571428572198e+00,6.354142857142858425e+00,3.268749861050000050e+02,2.491638337191999995e+02,-1.144488107999680065e-01
6.540000000000000036e+00,3.234999999999999876e+00,9.621999999999999886e+00,6.386999999999999567e+00,3.273779935669999759e+02,2.491605029691999960e+02,-1.133251547999910014e-01
6.549999999999999822e+00,3.215769230769231157e+00,9.613538461538462698e+00,6.397769230769230653e+00,3.278748700869999766e+02,2.491768404722000128e+02,-1.162722797999769936e-01
6.559999999999999609e+00,3.202416666666667133e+00,9.604000000000000981e+00,6.401583333333332959e+00,3.283648708750000083e+02,2.491907998862000113e+02,-1.142125117999679973e-01
6.570000000000000284e+00,3.201999999999999957e+00,9.608230769230768686e+00,6.406230769230769617e+00,3.288606348029999822e+02,2.492090806541999939e+02,-1.161667337999769956e-01
6.580000000000000071e+00,3.211714285714285744e+00,9.621285714285713553e+00,6.409571428571428697e+00,3.293552868049999915e+02,2.492292941032000044e+02,-1.201280347999969939e-01
6.589999999999999858e+00,3.220285714285714196e+00,9.612714285714286433e+00,6.392428571428571793e+00,3.298607202970000003e+02,2.492361039182000013e+02,-1.230396417999810033e-01
6.599999999999999645e+00,3.221999999999999975e+00,9.602333333333334053e+00,6.380333333333333634e+00,3.303832107349999774e+02,2.492248567251999987e+02,-1.258837477999679988e-01
6.610000000000000320e+00,3.228000000000000203e+00,9.592461538461538595e+00,6.364461538461537948e+00,3.308925196889999825e+02,2.491988696742000116e+02,-1.186787177999620024e-01
6.620000000000000107e+00,3.228999999999999648e+00,9.583000000000000185e+00,6.354000000000000092e+00,3.314014305449999824e+02,2.491798570871999914e+02,-1.154984087999769982e-01
6.629999999999999893e+00,3.209000000000000075e+00,9.573000000000000398e+00,6.363999999999999879e+00,3.319135968090000119e+02,2.491740054162000035e+02,-1.253638927999680130e-01
6.639999999999999680e+00,3.191142857142858169e+00,9.547285714285715486e+00,6.356142857142857316e+00,3.324206819109999742e+02,2.491518837271999871e+02,-1.221730207999810053e-01
6.650000000000000355e+00,3.222000000000002640e+00,9.579000000000004178e+00,6.357000000000000206e+00,3.329035186049999879e+02,2.491334247101999892e+02,-1.080003937999720054e-01
6.660000000000000142e+00,3.263428571428571345e+00,9.621285714285715329e+00,6.357857142857142208e+00,3.333889002509999955e+02,2.491581170082000085e+02,-1.119795587999899977e-01
6.669999999999999929e+00,3.271999999999999797e+00,9.621999999999999886e+00,6.349999999999999645e+00,3.338690368869999929e+02,2.492045065981999983e+02,-1.270365117999779914e-01
6.679999999999999716e+00,3.252769230769231079e+00,9.622769230769229409e+00,6.370000000000000107e+00,3.343713040409999735e+02,2.492141440482000121e+02,-1.289587927999860106e-01
6.690000000000000391e+00,3.254000000000000448e+00,9.636461538461539078e+00,6.382461538461539519e+00,3.348771028930000284e+02,2.491970030642000040e+02,-1.127856947999670012e-01
6.700000000000000178e+00,3.264307692307692577e+00,9.652000000000001023e+00,6.387692307692307558e+00,3.353870980849999910e+02,2.491940854192000074e+02,-1.076619157999710030e-01
6.709999999999999964e+00,3.269999999999999130e+00,9.657153846153844867e+00,6.387153846153846182e+00,3.359010066249999795e+02,2.492103512012000124e+02,-1.226050767999579960e-01
6.719999999999999751e+00,3.230000000000002203e+00,9.618692307692310095e+00,6.388692307692307892e+00,3.363984784950000062e+02,2.491987126811999929e+02,-1.154533028000099965e-01
6.730000000000000426e+00,3.229999999999999982e+00,9.627000000000000668e+00,6.397000000000000242e+00,3.368866499349999799e+02,2.491745343391999938e+02,-1.052593367999619944e-01
6.740000000000000213e+00,3.225000000000000089e+00,9.626615384615384130e+00,6.401615384615384485e+00,3.373838138869999739e+02,2.491858411942000089e+02,-1.191887207999720033e-01
6.750000000000000000e+00,3.205000000000000515e+00,9.607692307692307310e+00,6.402692307692307239e+00,3.378649473009999724e+02,2.491972273771999937e+02,-1.351219637999920009e-01
6.759999999999999787e+00,3.185000000000000497e+00,9.596153846153846700e+00,6.411153846153846203e+00,3.383523802089999890e+02,2.491859890112000073e+02,-1.359738867999689960e-01
6.769999999999999574e+00,3.209307692307691084e+00,9.630307692307690459e+00,6.420999999999999375e+00,3.388454611509999950e+02,2.491810863752000103e+02,-1.358468997999680017e-01
6.780000000000000249e+00,3.238538461538462254e+00,9.668615384615385722e+00,6.430076923076923023e+00,3.393332975270000134e+02,2.491978739751999967e+02,-1.487976888000009934e-01
6.790000000000000036e+00,3.244461538461537842e+00,9.680692307692307708e+00,6.436230769230768978e+00,3.398391614110000205e+02,2.492146927171999948e+02,-1.607445708000030116e-01
6.799999999999999822e+00,3.196000000000000174e+00,9.632999999999999119e+00,6.437000000000000277e+00,3.403486133249999739e+02,2.492037452412000107e+02,-1.515925567999880097e-01
6.809999999999999609e+00,3.205999999999999961e+00,9.644538461538461505e+00,6.438538461538461988e+00,3.408656222829999933e+02,2.491832377741999949e+02,-1.354050877999679880e-01
6.820000000000000284e+00,3.229461538461540382e+00,9.660384615384616680e+00,6.430923076923076742e+00,3.413882547929999873e+02,2.491870442681999975e+02,-1.323022337999829878e-01
6.830000000000000071e+00,3.242999999999999883e+00,9.674999999999998934e+00,6.432000000000000384e+00,3.418905215030000022e+02,2.491966887741999983e+02,-1.322245267999820062e-01
6.839999999999999858e+00,3.232076923076923958e+00,9.682000000000000384e+00,6.449923076923076870e+00,3.423955804909999756e+02,2.491925089341999922e+02,-1.210973537999579935e-01
6.849999999999999645e+00,3.212846153846155239e+00,9.662000000000000810e+00,6.449153846153846459e+00,3.429052918030000114e+02,2.491945654891999880e+02,-1.209912197999579997e-01
6.860000000000000320e+00,3.232384615384615412e+00,9.681384615384615699e+00,6.448999999999999844e+00,3.434059057509999775e+02,2.491980740372000014e+02,-1.298922907999719989e-01
6.870000000000000107e+00,3.238071428571428267e+00,9.682071428571427774e+00,6.443999999999999950e+00,3.438931694409999977e+02,2.491898025511999890e+02,-1.387547707999869928e-01
6.879999999999999893e+00,3.221923076923076668e+00,9.657076923076923336e+00,6.435153846153846224e+00,3.443906441969999719e+02,2.491781181672000116e+02,-1.446029187999590127e-01
6.889999999999999680e+00,3.221153846153846256e+00,9.657846153846152859e+00,6.436692307692307935e+00,3.448819579369999815e+02,2.491690833652000094e+02,-1.514617917999639962e-01
6.900000000000000355e+00,3.251769230769231189e+00,9.686923076923077858e+00,6.435153846153846224e+00,3.453841411270000208e+02,2.491626511201999961e+02,-1.643274677999979894e-01
6.910000000000000142e+00,3.285999999999999588e+00,9.709615384615384315e+00,6.423615384615384727e+00,3.458887169430000199e+02,2.491493936891999965e+02,-1.631684407999640096e-01
6.919999999999999929e+00,3.300153846153847326e+00,9.707615384615385423e+00,6.407461538461538098e+00,3.463914652290000049e+02,2.491330553802000054e+02,-1.539988988000079995e-01
6.929999999999999716e+00,3.250923076923078803e+00,9.660692307692309910e+00,6.409769230769231108e+00,3.469072805590000144e+02,2.491334607212000094e+02,-1.528855747999740000e-01
6.940000000000000391e+00,3.255750000000000810e+00,9.673250000000001236e+00,6.417500000000000426e+00,3.474127122749999899e+02,2.491402987602000110e+02,-1.477972297999780027e-01
6.950000000000000178e+00,3.258999999999999897e+00,9.673499999999998877e+00,6.414499999999999424e+00,3.478947240730000203e+02,2.491538339342000086e+02,-1.367376838000119998e-01
6.959999999999999964e+00,3.247461538461537955e+00,9.656923076923074944e+00,6.409461538461537877e+00,3.483910876109999890e+02,2.491791567491999899e+02,-1.397166237999969973e-01
6.969999999999999751e+00,3.209000000000000075e+00,9.619999999999999218e+00,6.410999999999999588e+00,3.488869098690000214e+02,2.491964179811999998e+02,-1.476672747999779878e-01
6.980000000000000426e+00,3.219833333333333769e+00,9.639166666666667993e+00,6.419333333333333336e+00,3.493817030129999921e+02,2.491966141272000073e+02,-1.495579087999890089e-01
6.990000000000000213e+00,3.228285714285714203e+00,9.643000000000000682e+00,6.414714285714286035e+00,3.498763260509999782e+02,2.491997912651999911e+02,-1.554591237999599918e-01
7.000000000000000000e+00,3.229307692307692879e+00,9.639615384615385807e+00,6.410307692307692484e+00,3.503632468650000078e+02,2.491975240991999954e+02,-1.603428378000119892e-01
7.009999999999999787e+00,3.223846153846152252e+00,9.635846153846150841e+00,6.411999999999999034e+00,3.508632883490000154e+02,2.491759700332000023e+02,-1.661555937999840138e-01
7.019999999999999574e+00,3.252307692307690346e+00,9.674307692307689166e+00,6.421999999999999709e+00,3.513758783029999790e+02,2.491451480272000083e+02,-1.629328017999970013e-01
7.030000000000000249e+00,3.298000000000000487e+00,9.711538461538461675e+00,6.413538461538461632e+00,3.518851309249999986e+02,2.491201487602000100e+02,-1.587312887999789979e-01
7.040000000000000036e+00,3.298000000000000487e+00,9.711538461538461675e+00,6.413538461538461632e+00,3.524007193730000154e+02,2.491245299331999945e+02,-1.626320747999979999e-01
7.049999999999999822e+00,3.256307692307692569e+00,9.679999999999999716e+00,6.423692307692308034e+00,3.529069798009999772e+02,2.491343989071999943e+02,-1.635542777999740016e-01
7.059999999999999609e+00,3.247846153846154049e+00,9.670000000000001705e+00,6.422153846153846324e+00,3.533986600530000146e+02,2.491364807681999878e+02,-1.484521467999879996e-01
7.070000000000000284e+00,3.254615384615385132e+00,9.684923076923077190e+00,6.430307692307692946e+00,3.538951364769999941e+02,2.491598244872000123e+02,-1.464240467999780027e-01
7.080000000000000071e+00,3.246461538461538066e+00,9.681384615384615699e+00,6.434923076923077190e+00,3.543899913230000038e+02,2.491940332791999992e+02,-1.614347507999649989e-01
7.089999999999999858e+00,3.221461538461538154e+00,9.659769230769230219e+00,6.438307692307692065e+00,3.548960511270000211e+02,2.491898716302000025e+02,-1.613074907999640095e-01
7.099999999999999645e+00,3.182999999999999829e+00,9.628999999999999559e+00,6.445999999999999730e+00,3.553973154249999880e+02,2.491644375392000086e+02,-1.511061817999740098e-01
7.110000000000000320e+00,3.202230769230769436e+00,9.657461538461538098e+00,6.455230769230769106e+00,3.558972972469999831e+02,2.491439241772000059e+02,-1.449225448000029948e-01
7.120000000000000107e+00,3.207461538461538364e+00,9.665461538461538993e+00,6.458000000000000185e+00,3.563912084550000259e+02,2.491420277802000101e+02,-1.578060637999789961e-01
7.129999999999999893e+00,3.206999999999999851e+00,9.669307692307691937e+00,6.462307692307692086e+00,3.568980671190000180e+02,2.491238748671999872e+02,-1.616292897999979938e-01
7.139999999999999680e+00,3.209999999999998188e+00,9.681769230769228685e+00,6.471769230769231385e+00,3.573958493490000023e+02,2.490892521641999906e+02,-1.443962918000019913e-01
7.150000000000000355e+00,3.240000000000000657e+00,9.709461538461539476e+00,6.469461538461538375e+00,3.578906979370000272e+02,2.490884746382000117e+02,-1.392834328000059907e-01
7.160000000000000142e+00,3.252857142857142669e+00,9.723571428571428754e+00,6.470714285714286085e+00,3.583852112390000002e+02,2.491286665821999975e+02,-1.563153348000030085e-01
7.169999999999999929e+00,3.237000000000001432e+00,9.709000000000001407e+00,6.472000000000000419e+00,3.588644879789999891e+02,2.491550242062000109e+02,-1.573017137999780102e-01
7.179999999999999716e+00,3.195142857142856840e+00,9.668999999999998707e+00,6.473857142857142755e+00,3.593511774710000282e+02,2.491568034322000074e+02,-1.471996577999880040e-01
7.190000000000000391e+00,3.195857142857143174e+00,9.679000000000000270e+00,6.483142857142857984e+00,3.598574387869999782e+02,2.491666582942000048e+02,-1.521218367999830068e-01
7.200000000000000178e+00,3.218769230769231271e+00,9.688384615384615373e+00,6.469615384615384990e+00,3.603667526670000143e+02,2.491756787292000013e+02,-1.590404057999879883e-01
7.209999999999999964e+00,3.228000000000000203e+00,9.692999999999999616e+00,6.464999999999999858e+00,3.608817982809999876e+02,2.491720230152000113e+02,-1.609129447999979867e-01
7.219999999999999751e+00,3.221000000000000085e+00,9.695999999999999730e+00,6.475000000000000533e+00,3.613965842750000093e+02,2.491553667981999922e+02,-1.527396097999600133e-01
7.230000000000000426e+00,3.221000000000000085e+00,9.705999999999999517e+00,6.485000000000000320e+00,3.618958832310000275e+02,2.491468162122000081e+02,-1.515983627999830108e-01
7.240000000000000213e+00,3.248692307692307324e+00,9.733692307692308532e+00,6.485000000000000320e+00,3.624016595990000269e+02,2.491476217071999884e+02,-1.584887357999880120e-01
7.250000000000000000e+00,3.244500000000000384e+00,9.735000000000001208e+00,6.490500000000000824e+00,3.628939127169999779e+02,2.491396740241999908e+02,-1.563511767999790081e-01
7.259999999999999787e+00,3.238500000000000156e+00,9.731249999999999289e+00,6.492750000000000021e+00,3.633886163469999815e+02,2.491238886751999928e+02,-1.441853557999789870e-01
7.269999999999999574e+00,3.261571428571426345e+00,9.744499999999996831e+00,6.482928571428571374e+00,3.638801300449999871e+02,2.491288950802000102e+02,-1.490937097999739946e-01
7.280000000000000249e+00,3.297285714285713709e+00,9.779499999999998749e+00,6.482214285714285928e+00,3.643663092190000157e+02,2.491396172821999926e+02,-1.510233967999839999e-01
7.290000000000000036e+00,3.294538461538461860e+00,9.770615384615384258e+00,6.476076923076923286e+00,3.648662060089999954e+02,2.491381369672000119e+02,-1.429069158000020046e-01
7.299999999999999822e+00,3.279615384615385043e+00,9.735538461538462585e+00,6.455923076923078874e+00,3.653744894430000159e+02,2.491301134841999954e+02,-1.377655038000069887e-01
7.309999999999999609e+00,3.273846153846152518e+00,9.695846153846153115e+00,6.421999999999999709e+00,3.658785520550000001e+02,2.491258448931999965e+02,-1.356382977999960049e-01
7.320000000000000284e+00,3.292307692307692601e+00,9.714307692307693642e+00,6.421999999999999709e+00,3.663868662290000202e+02,2.491348294972000019e+02,-1.365569237999730012e-01
7.330000000000000071e+00,3.280615384615384489e+00,9.701999999999999957e+00,6.421384615384615024e+00,3.668933539829999972e+02,2.491407155832000058e+02,-1.344650047999640108e-01
7.339999999999999858e+00,3.266000000000000014e+00,9.687000000000001165e+00,6.421000000000000263e+00,3.673973019329999943e+02,2.491384543121999968e+02,-1.293448867999690000e-01
7.349999999999999645e+00,3.261692307692307224e+00,9.684692307692307267e+00,6.423000000000000043e+00,3.678996848589999900e+02,2.491460668022000107e+02,-1.392600497999590126e-01
7.360000000000000320e+00,3.280153846153847308e+00,9.713153846153847581e+00,6.433000000000000718e+00,3.684029521630000090e+02,2.491557330272000002e+02,-1.491822618000079870e-01
7.370000000000000107e+00,3.264692307692306894e+00,9.706307692307690971e+00,6.441615384615385409e+00,3.688840521729999864e+02,2.491501534591999985e+02,-1.470555387999969987e-01
7.379999999999999893e+00,3.257461538461538630e+00,9.685384615384615259e+00,6.427923076923076628e+00,3.693728550729999824e+02,2.491500076112000102e+02,-1.489462988000070098e-01
7.389999999999999680e+00,3.257769230769230973e+00,9.666000000000000369e+00,6.408230769230769397e+00,3.698721849909999833e+02,2.491584615842000119e+02,-1.548650837999789864e-01
7.400000000000000355e+00,3.257000000000000117e+00,9.666000000000000369e+00,6.408999999999999808e+00,3.703629826409999737e+02,2.491584614861999967e+02,-1.477558557999729960e-01
7.410000000000000142e+00,3.268538461538461171e+00,9.655230769230769283e+00,6.386692307692308113e+00,3.708659319949999826e+02,2.491561467441999866e+02,-1.416357648000020064e-01
7.419999999999999929e+00,3.251999999999999780e+00,9.621999999999999886e+00,6.370000000000000107e+00,3.713786379850000117e+02,2.491583813521999957e+02,-1.395295797999920040e-01
7.429999999999999716e+00,3.238500000000000156e+00,9.598250000000000171e+00,6.359750000000000014e+00,3.718856950530000063e+02,2.491542943421999894e+02,-1.344023287999970007e-01
7.440000000000000391e+00,3.259076923076923649e+00,9.617846153846155488e+00,6.358769230769230951e+00,3.723999110670000050e+02,2.491476218052000036e+02,-1.262643437999579898e-01
7.450000000000000178e+00,3.269846153846153847e+00,9.626307692307692676e+00,6.356461538461537941e+00,3.729009206709999944e+02,2.491441946971999926e+02,-1.201407597999880061e-01
7.459999999999999964e+00,3.278769230769230880e+00,9.628000000000000114e+00,6.349230769230769234e+00,3.733903804010000158e+02,2.491500890002000119e+02,-1.240526968000049968e-01
7.469999999999999751e+00,3.282642857142857196e+00,9.626928571428571502e+00,6.344285714285714306e+00,3.738926491089999899e+02,2.491597017542000003e+02,-1.329749357999640003e-01
7.480000000000000426e+00,3.282000000000000028e+00,9.625153846153846615e+00,6.343153846153846587e+00,3.743828491470000017e+02,2.491526278572000024e+02,-1.338409357999980065e-01
7.490000000000000213e+00,3.282000000000000028e+00,9.626692307692307438e+00,6.344692307692307409e+00,3.748724497970000016e+02,2.491385083851999980e+02,-1.346822117999730006e-01
7.500000000000000000e+00,3.266615384615384698e+00,9.618384615384615088e+00,6.351769230769230390e+00,3.753755162549999795e+02,2.491341475151999987e+02,-1.425549668000110071e-01
7.509999999999999787e+00,3.252416666666666956e+00,9.613416666666665833e+00,6.360999999999999766e+00,3.758736460650000026e+02,2.491285315062000052e+02,-1.424243398000110128e-01
7.519999999999999574e+00,3.254538461538459160e+00,9.622307692307691340e+00,6.367769230769231292e+00,3.763785356129999968e+02,2.491273220742000092e+02,-1.383077297999930066e-01
7.530000000000000249e+00,3.282999999999999918e+00,9.650000000000000355e+00,6.366999999999999993e+00,3.768870203370000240e+02,2.491333186301999945e+02,-1.372157627999590068e-01
7.540000000000000036e+00,3.282999999999999918e+00,9.660000000000000142e+00,6.376999999999999780e+00,3.773987270650000028e+02,2.491355103511999971e+02,-1.311096227999870023e-01
7.549999999999999822e+00,3.262538461538462276e+00,9.643615384615385366e+00,6.381076923076922647e+00,3.779084933770000134e+02,2.491366002901999934e+02,-1.220000077999729982e-01
7.559999999999999609e+00,3.248714285714285221e+00,9.634142857142856897e+00,6.385428571428571232e+00,3.784069358090000037e+02,2.491430499202000135e+02,-1.139118277999919965e-01
7.570000000000000284e+00,3.258000000000000007e+00,9.651999999999999247e+00,6.394000000000000128e+00,3.788975932050000210e+02,2.491630530131999990e+02,-1.128732427999580012e-01
7.580000000000000071e+00,3.297230769230768743e+00,9.679692307692308262e+00,6.382461538461538630e+00,3.793920178810000152e+02,2.491872493502000054e+02,-1.198486657999630056e-01
7.589999999999999858e+00,3.307833333333333403e+00,9.679833333333332845e+00,6.371999999999999886e+00,3.798929720410000073e+02,2.491847959142000093e+02,-1.207285747999960052e-01
7.599999999999999645e+00,3.311642857142856666e+00,9.682571428571428385e+00,6.370928571428571274e+00,3.803881323210000005e+02,2.491610130372000071e+02,-1.115344557999820019e-01
7.610000000000000320e+00,3.319999999999999840e+00,9.696999999999999176e+00,6.376999999999999780e+00,3.808895449070000154e+02,2.491505338492000021e+02,-1.233860187999829966e-01
7.620000000000000107e+00,3.319999999999999840e+00,9.687000000000001165e+00,6.366999999999999993e+00,3.813968907390000140e+02,2.491413950232000047e+02,-1.352409907999830019e-01
7.629999999999999893e+00,3.295999999999999819e+00,9.663461538461538325e+00,6.367461538461538062e+00,3.818910533110000074e+02,2.491175445631999992e+02,-1.290468748000110077e-01
7.639999999999999680e+00,3.276384615384615451e+00,9.645384615384616112e+00,6.368999999999999773e+00,3.824015055969999821e+02,2.491066223342000114e+02,-1.288947858000110136e-01
7.650000000000000355e+00,3.271000000000000796e+00,9.638153846153846516e+00,6.367153846153845720e+00,3.829186363630000187e+02,2.491190797531999976e+02,-1.398237677999789874e-01
7.660000000000000142e+00,3.281000000000000583e+00,9.638923076923076039e+00,6.357923076923076344e+00,3.834176797370000145e+02,2.491325502621999988e+02,-1.387602698000010015e-01
7.669999999999999929e+00,3.246692307692308432e+00,9.628615384615384798e+00,6.381923076923076366e+00,3.839197741209999890e+02,2.491452110401999960e+02,-1.326932037999740133e-01
7.679999999999999716e+00,3.242999999999998550e+00,9.635538461538459387e+00,6.392538461538461725e+00,3.844067212350000204e+02,2.491600225212000055e+02,-1.236370757999580017e-01
7.690000000000000391e+00,3.262142857142857899e+00,9.662071428571429976e+00,6.399928571428572077e+00,3.848944977269999868e+02,2.491778543531999901e+02,-1.235914777999589931e-01
7.700000000000000178e+00,3.279285714285715247e+00,9.705642857142860791e+00,6.426357142857144211e+00,3.853965375550000090e+02,2.491914746911999998e+02,-1.285278808000120121e-01
7.709999999999999964e+00,3.310999999999999943e+00,9.738500000000000156e+00,6.427500000000000213e+00,3.858978328150000152e+02,2.491830451591999918e+02,-1.253866037999679939e-01
7.719999999999999751e+00,3.307500000000000995e+00,9.747500000000000497e+00,6.439999999999999503e+00,3.863974730929999737e+02,2.491685149491999880e+02,-1.212241648000050021e-01
7.730000000000000426e+00,3.290999999999999925e+00,9.743999999999999773e+00,6.453000000000000291e+00,3.869024797449999937e+02,2.491652593892000027e+02,-1.311004007999969911e-01
7.740000000000000213e+00,3.281000000000000139e+00,9.733999999999999986e+00,6.453000000000000291e+00,3.874058300830000121e+02,2.491559243192000110e+02,-1.339555107999829964e-01
7.750000000000000000e+00,3.249333333333332963e+00,9.703166666666666273e+00,6.453833333333332867e+00,3.879118019269999991e+02,2.491357564792000119e+02,-1.267717537999779875e-01
7.759999999999999787e+00,3.219615384615384546e+00,9.682230769230768530e+00,6.462615384615384428e+00,3.884267335449999905e+02,2.491340975011999888e+02,-1.286513627999880116e-01
7.769999999999999574e+00,3.214285714285713969e+00,9.677999999999999048e+00,6.463714285714286412e+00,3.889316551649999951e+02,2.491498749881999970e+02,-1.365947547999679934e-01
7.780000000000000249e+00,3.232166666666667076e+00,9.689000000000000057e+00,6.456833333333333869e+00,3.894374028330000215e+02,2.491687257462000105e+02,-1.385487667999789896e-01
7.790000000000000036e+00,3.243833333333332902e+00,9.708999999999999631e+00,6.465166666666666728e+00,3.899366730890000099e+02,2.491782204232000026e+02,-1.324711588000060114e-01
7.799999999999999822e+00,3.244307692307692559e+00,9.710307692307692307e+00,6.466000000000000192e+00,3.904290687230000003e+02,2.491853193711999950e+02,-1.263866277999780019e-01
7.809999999999999609e+00,3.244428571428571662e+00,9.710000000000000853e+00,6.465571428571428747e+00,3.909260033510000198e+02,2.492006408661999899e+02,-1.343301877999600047e-01
7.820000000000000284e+00,3.248692307692308656e+00,9.715692307692309626e+00,6.467000000000000526e+00,3.914341182329999924e+02,2.491955736792000096e+02,-1.401993147999880118e-01
7.830000000000000071e+00,3.267153846153845631e+00,9.744153846153844611e+00,6.476999999999999424e+00,3.919339562069999943e+02,2.491600348542000063e+02,-1.319626858000070013e-01
7.839999999999999858e+00,3.288499999999999535e+00,9.746249999999999858e+00,6.457749999999999879e+00,3.924342813490000026e+02,2.491335101162000001e+02,-1.317578028000060131e-01
7.849999999999999645e+00,3.282000000000000917e+00,9.722000000000001307e+00,6.440000000000000391e+00,3.929331842049999750e+02,2.491319022421999989e+02,-1.436412228000079894e-01
7.860000000000000320e+00,3.265749999999999709e+00,9.690749999999999531e+00,6.424999999999999822e+00,3.934199335810000093e+02,2.491326372361999972e+02,-1.465355537999930013e-01
7.870000000000000107e+00,3.255071428571428171e+00,9.666499999999999204e+00,6.411428571428571033e+00,3.939148400550000133e+02,2.491308472302000041e+02,-1.454191357999589929e-01
7.879999999999999893e+00,3.245785714285714274e+00,9.641500000000000625e+00,6.395714285714285907e+00,3.944212144790000139e+02,2.491387194682000086e+02,-1.463342687999940051e-01
7.889999999999999680e+00,3.236538461538461586e+00,9.622153846153846501e+00,6.385615384615385359e+00,3.949181482189999883e+02,2.491540550752000058e+02,-1.502778528000109914e-01
7.900000000000000355e+00,3.239000000000000767e+00,9.626769230769232522e+00,6.387769230769231754e+00,3.954256917889999841e+02,2.491589927361999912e+02,-1.501823658000120132e-01
7.910000000000000142e+00,3.256923076923076810e+00,9.661076923076922895e+00,6.404153846153846530e+00,3.959307505549999746e+02,2.491548164241999928e+02,-1.380551988000119912e-01
7.919999999999999929e+00,3.256153846153845954e+00,9.671846153846153982e+00,6.415692307692308027e+00,3.964220910390000085e+02,2.491628532132000089e+02,-1.329742177999589936e-01
7.929999999999999716e+00,3.231999999999999762e+00,9.663538461538461632e+00,6.431538461538462315e+00,3.969316627630000198e+02,2.491849023752000107e+02,-1.419387087999740005e-01
7.940000000000000391e+00,3.227384615384616406e+00,9.662384615384615572e+00,6.434999999999999609e+00,3.974383223990000147e+02,2.491877792452000051e+02,-1.438361607999839864e-01
7.950000000000000178e+00,3.243846153846154046e+00,9.674384615384614250e+00,6.430538461538461092e+00,3.979421843869999975e+02,2.491694800312000098e+02,-1.406594917999980099e-01
7.959999999999999964e+00,3.243076923076923190e+00,9.691307692307692179e+00,6.448230769230768544e+00,3.984491880090000109e+02,2.491663349412000059e+02,-1.515356797999649896e-01
7.969999999999999751e+00,3.216000000000001524e+00,9.668076923076924345e+00,6.452076923076923265e+00,3.989549078229999850e+02,2.491681317482000111e+02,-1.604295757999789906e-01
7.980000000000000426e+00,3.198923076923076980e+00,9.652384615384615785e+00,6.453461538461538360e+00,3.994479894309999963e+02,2.491632185281999909e+02,-1.633025707999649911e-01
7.990000000000000213e+00,3.195769230769231140e+00,9.653000000000000469e+00,6.457230769230768885e+00,3.999497709710000208e+02,2.491638171952000107e+02,-1.641930637999980125e-01
8.000000000000000000e+00,3.205000000000000071e+00,9.673000000000000043e+00,6.467999999999999972e+00,4.004538643230000048e+02,2.491765566912000054e+02,-1.681258957999610115e-01
8.009999999999999787e+00,3.195769230769231140e+00,9.672230769230770520e+00,6.476461538461538048e+00,4.009538492949999977e+02,2.491910790391999910e+02,-1.680659057999610018e-01
8.019999999999999574e+00,3.186500000000000110e+00,9.660499999999998977e+00,6.474000000000000199e+00,4.014485255569999822e+02,2.491933177852000085e+02,-1.569636877999940061e-01
8.029999999999999361e+00,3.192750000000000199e+00,9.658249999999998892e+00,6.465500000000000469e+00,4.019384933850000152e+02,2.491903043922000052e+02,-1.388439417999640102e-01
8.039999999999999147e+00,3.231923076923076454e+00,9.688769230769228358e+00,6.456846153846153236e+00,4.024247850009999752e+02,2.491990545541999893e+02,-1.337666007999689932e-01
8.050000000000000711e+00,3.241153846153847162e+00,9.716461538461540925e+00,6.475307692307694651e+00,4.029254548370000180e+02,2.492015823742000009e+02,-1.376641667999879970e-01
8.060000000000000497e+00,3.228714285714285204e+00,9.699142857142856400e+00,6.470428571428571196e+00,4.034354210650000141e+02,2.491816284182000061e+02,-1.344803018000030048e-01
8.070000000000000284e+00,3.213333333333333375e+00,9.682333333333334124e+00,6.469000000000000306e+00,4.039506064889999948e+02,2.491579765692000024e+02,-1.282822097999730127e-01
8.080000000000000071e+00,3.207857142857144073e+00,9.684857142857143941e+00,6.476999999999999424e+00,4.044594921969999746e+02,2.491569527972000060e+02,-1.361654438000119982e-01
8.089999999999999858e+00,3.227142857142855981e+00,9.694142857142855618e+00,6.467000000000000526e+00,4.049565410430000156e+02,2.491702740281999979e+02,-1.451019277999680002e-01
8.099999999999999645e+00,3.214384615384616950e+00,9.688000000000000611e+00,6.473615384615383661e+00,4.054515924749999840e+02,2.491834918451999954e+02,-1.510384717999979920e-01
8.109999999999999432e+00,3.204384615384615387e+00,9.679538461538461647e+00,6.475153846153847148e+00,4.059622453850000170e+02,2.491866002392000041e+02,-1.519358457999749890e-01
8.119999999999999218e+00,3.203166666666667606e+00,9.674166666666666359e+00,6.470999999999999197e+00,4.064659657870000160e+02,2.491883253841999988e+02,-1.488298557999880034e-01
8.130000000000000782e+00,3.193999999999999950e+00,9.675000000000000711e+00,6.480999999999999872e+00,4.069741091889999893e+02,2.492003015642000037e+02,-1.507590807999990012e-01
8.140000000000000568e+00,3.202571428571428847e+00,9.693571428571429394e+00,6.491000000000000547e+00,4.074818803069999831e+02,2.492012528092000139e+02,-1.486494657999880009e-01
8.150000000000000355e+00,3.193999999999999506e+00,9.694076923076922370e+00,6.500076923076923308e+00,4.079694802129999971e+02,2.491870828431999882e+02,-1.314908917999929872e-01
8.160000000000000142e+00,3.188769230769231466e+00,9.689230769230769980e+00,6.500461538461538069e+00,4.084673815869999771e+02,2.491854673622000007e+02,-1.293744167999819894e-01
8.169999999999999929e+00,3.217999999999999972e+00,9.699999999999999289e+00,6.482000000000000206e+00,4.089788629870000136e+02,2.491916102191999869e+02,-1.352823448000119999e-01
8.179999999999999716e+00,3.237999999999999989e+00,9.716923076923075442e+00,6.478923076923076785e+00,4.094745093249999854e+02,2.491768590691999918e+02,-1.291200017999830085e-01
8.189999999999999503e+00,3.230000000000000426e+00,9.709076923076922938e+00,6.479076923076923400e+00,4.099719255289999751e+02,2.491661977491999949e+02,-1.279717268000060137e-01
8.199999999999999289e+00,3.210307692307693195e+00,9.694000000000000838e+00,6.483692307692307644e+00,4.104642677169999843e+02,2.491742386171999897e+02,-1.378906347999969972e-01
8.210000000000000853e+00,3.192923076923076753e+00,9.686923076923079634e+00,6.494000000000002437e+00,4.109446850830000244e+02,2.491806182971999988e+02,-1.418062957999600138e-01
8.220000000000000639e+00,3.192153846153846342e+00,9.706153846153849685e+00,6.514000000000002011e+00,4.114371967110000128e+02,2.491856887572000119e+02,-1.447146408000019868e-01
8.230000000000000426e+00,3.200615384615385750e+00,9.703846153846152234e+00,6.503230769230767372e+00,4.119348133170000210e+02,2.491890615881999906e+02,-1.436158347999690055e-01
8.240000000000000213e+00,3.196384615384613603e+00,9.700384615384615827e+00,6.504000000000001336e+00,4.124404164709999918e+02,2.491928974671999981e+02,-1.405168727999830114e-01
8.250000000000000000e+00,3.185000000000001386e+00,9.704692307692308617e+00,6.519692307692307232e+00,4.129438527710000244e+02,2.491996003401999928e+02,-1.414285337999590109e-01
8.259999999999999787e+00,3.205000000000000959e+00,9.723153846153847368e+00,6.518153846153845521e+00,4.134481999289999976e+02,2.491903469652000069e+02,-1.372836647999970128e-01
8.269999999999999574e+00,3.198692307692307057e+00,9.724307692307691653e+00,6.525615384615385040e+00,4.139581641589999776e+02,2.491704247611999961e+02,-1.250998537999969962e-01
8.279999999999999361e+00,3.194538461538461327e+00,9.729076923076922512e+00,6.534538461538461185e+00,4.144683314549999977e+02,2.491644943722000107e+02,-1.249654397999969968e-01
8.289999999999999147e+00,3.211307692307682871e+00,9.746769230769224635e+00,6.535461538461541764e+00,4.149819817069999885e+02,2.491677384831999973e+02,-1.358626907999649913e-01
8.300000000000000711e+00,3.269000000000000128e+00,9.785999999999999588e+00,6.517000000000000348e+00,4.154839344630000255e+02,2.491653385182000022e+02,-1.377425727999740113e-01
8.310000000000000497e+00,3.269000000000000128e+00,9.794571428571428484e+00,6.525571428571429244e+00,4.159827211030000171e+02,2.491657626601999880e+02,-1.396331227999829949e-01
8.320000000000000284e+00,3.231500000000000039e+00,9.753499999999998948e+00,6.521999999999999353e+00,4.164819370249999793e+02,2.491762133692000134e+02,-1.455589778000120071e-01
8.330000000000000071e+00,3.193692307692307608e+00,9.705615384615384755e+00,6.511923076923077147e+00,4.169733358390000149e+02,2.491832306222000000e+02,-1.464744257999890109e-01
8.339999999999999858e+00,3.195785714285713119e+00,9.698999999999999844e+00,6.503214285714286724e+00,4.174699542930000007e+02,2.491865429261999907e+02,-1.463756347999889962e-01
8.349999999999999645e+00,3.223642857142856588e+00,9.708999999999999631e+00,6.485357142857143486e+00,4.179780099569999834e+02,2.491825093872000139e+02,-1.422483567999699994e-01
8.359999999999999432e+00,3.216833333333334544e+00,9.697416666666667240e+00,6.480583333333333584e+00,4.184831268309999928e+02,2.491773170671999935e+02,-1.351176247999650026e-01
8.369999999999999218e+00,3.206384615384615167e+00,9.687384615384615927e+00,6.480999999999999872e+00,4.189919539869999880e+02,2.491773163592000060e+02,-1.360044357999979914e-01
8.380000000000000782e+00,3.210571428571429742e+00,9.691571428571430502e+00,6.480999999999999872e+00,4.194951313330000175e+02,2.491710081452000054e+02,-1.298702047999679976e-01
8.390000000000000568e+00,3.228428571428573424e+00,9.709428571428572852e+00,6.480999999999999872e+00,4.199776267049999774e+02,2.491585287521999987e+02,-1.187187698000009978e-01
8.400000000000000355e+00,3.232000000000000206e+00,9.727769230769231612e+00,6.495769230769232294e+00,4.204773551650000059e+02,2.491600012051999897e+02,-1.226128217999629955e-01
8.410000000000000142e+00,3.221166666666665623e+00,9.726166666666665961e+00,6.504999999999999893e+00,4.209789679309999997e+02,2.491635596961999966e+02,-1.335138597999890042e-01
8.419999999999999929e+00,3.211357142857143465e+00,9.718928571428572027e+00,6.507571428571428562e+00,4.214743876090000185e+02,2.491527808502000028e+02,-1.333656207999880106e-01
8.429999999999999716e+00,3.229214285714286703e+00,9.745357142857143273e+00,6.516142857142857459e+00,4.219781102310000165e+02,2.491544707152000058e+02,-1.402595707999929886e-01
8.439999999999999503e+00,3.249749999999999694e+00,9.766750000000000043e+00,6.517000000000000348e+00,4.224810353249999935e+02,2.491701306761999888e+02,-1.492029988000070084e-01
8.449999999999999289e+00,3.231000000000002981e+00,9.742000000000004434e+00,6.511000000000001009e+00,4.229804206869999916e+02,2.491776109772000041e+02,-1.481182907999739895e-01
8.460000000000000853e+00,3.200230769230768768e+00,9.699692307692307836e+00,6.499461538461537735e+00,4.234823146690000044e+02,2.491762376041999971e+02,-1.420017558000029878e-01
8.470000000000000639e+00,3.181000000000000050e+00,9.662000000000000810e+00,6.480999999999999872e+00,4.239820985729999734e+02,2.491767363852000017e+02,-1.388923147999590046e-01
8.480000000000000426e+00,3.230230769230768573e+00,9.699692307692307836e+00,6.469461538461538375e+00,4.244888154289999989e+02,2.491786113592000049e+02,-1.417862258000029962e-01
8.490000000000000213e+00,3.244416666666666949e+00,9.705166666666666941e+00,6.460749999999999993e+00,4.249997537730000090e+02,2.491767208571999959e+02,-1.446659127999880001e-01
8.500000000000000000e+00,3.235428571428570876e+00,9.687785714285713112e+00,6.452357142857142236e+00,4.255074941510000031e+02,2.491606640152000125e+02,-1.364962598000080130e-01
8.509999999999999787e+00,3.219846153846154024e+00,9.664923076923075840e+00,6.445076923076922704e+00,4.260059065089999990e+02,2.491500949741999875e+02,-1.253480237999829994e-01
8.519999999999999574e+00,3.218307692307692314e+00,9.674153846153846104e+00,6.455846153846152902e+00,4.265031837910000263e+02,2.491594156772000019e+02,-1.362703558000079862e-01
8.529999999999999361e+00,3.226615384615383775e+00,9.675384615384615472e+00,6.448769230769231697e+00,4.270077355689999763e+02,2.491641294211999877e+02,-1.511748417999929928e-01
8.539999999999999147e+00,3.231615384615384556e+00,9.665000000000002700e+00,6.433384615384617256e+00,4.275024411969999960e+02,2.491483123202000058e+02,-1.480089668000069969e-01
8.550000000000000711e+00,3.234846153846155037e+00,9.650692307692308347e+00,6.415846153846152866e+00,4.280019104809999817e+02,2.491367772142000092e+02,-1.438571327999879912e-01
8.560000000000000497e+00,3.254076923076923755e+00,9.659153846153847311e+00,6.405076923076922668e+00,4.284969053589999817e+02,2.491509863432000031e+02,-1.517971997999690015e-01
8.570000000000000284e+00,3.291307692307693600e+00,9.661384615384616126e+00,6.370076923076921638e+00,4.289880770689999849e+02,2.491619829562000064e+02,-1.567267637999660013e-01
8.580000000000000071e+00,3.289461538461537771e+00,9.656000000000000583e+00,6.366538461538461924e+00,4.294912555249999855e+02,2.491556571021999957e+02,-1.555925027999879862e-01
8.589999999999999858e+00,3.263692307692307448e+00,9.643692307692306898e+00,6.379999999999999893e+00,4.300018779170000016e+02,2.491417538812000032e+02,-1.514298327999699934e-01
8.599999999999999645e+00,3.245999999999999996e+00,9.625999999999999446e+00,6.379999999999999893e+00,4.305041726609999841e+02,2.491333637081999939e+02,-1.532885047999789918e-01
8.609999999999999432e+00,3.244461538461538730e+00,9.634461538461538410e+00,6.389999999999999680e+00,4.310162240409999868e+02,2.491295228852000037e+02,-1.591610828000080136e-01
8.619999999999999218e+00,3.257461538461538186e+00,9.643461538461538751e+00,6.386000000000000121e+00,4.315154648889999862e+02,2.491219883072000130e+02,-1.530234007999790036e-01
8.630000000000000782e+00,3.265285714285713237e+00,9.641857142857141127e+00,6.376571428571427447e+00,4.320004432889999748e+02,2.491186511111999948e+02,-1.459036937999740047e-01
8.640000000000000568e+00,3.255999999999999783e+00,9.624000000000000554e+00,6.368000000000000327e+00,4.325029702850000035e+02,2.491412855362000016e+02,-1.588718428000079896e-01
8.650000000000000355e+00,3.266000000000000014e+00,9.624000000000000554e+00,6.358000000000000540e+00,4.330027294849999748e+02,2.491597660761999862e+02,-1.688259327999979964e-01
8.660000000000000142e+00,3.254416666666665847e+00,9.637416666666668519e+00,6.383000000000001783e+00,4.334949240509999981e+02,2.491528414571999974e+02,-1.596919507999839949e-01
8.669999999999999929e+00,3.238999999999999879e+00,9.647384615384615003e+00,6.408384615384615124e+00,4.339917696090000163e+02,2.491521744011999999e+02,-1.555790437999650111e-01
8.679999999999999716e+00,3.232857142857141763e+00,9.651714285714284358e+00,6.418857142857142151e+00,4.344909285329999875e+02,2.491636234782000088e+02,-1.615084337999939945e-01
8.689999999999999503e+00,3.242142857142856549e+00,9.670285714285713041e+00,6.428142857142856492e+00,4.349919394689999876e+02,2.491601752022000085e+02,-1.613848137999940036e-01
8.699999999999999289e+00,3.259384615384613770e+00,9.689384615384613042e+00,6.429999999999999716e+00,4.355037868950000188e+02,2.491423566761999950e+02,-1.512080188000030079e-01
8.710000000000000853e+00,3.263999999999999346e+00,9.699833333333334195e+00,6.435833333333333961e+00,4.360121847689999868e+02,2.491323294011999963e+02,-1.480595247999590136e-01
8.720000000000000639e+00,3.251642857142856613e+00,9.701214285714286234e+00,6.449571428571428733e+00,4.365196161189999771e+02,2.491392355742000007e+02,-1.559710597999980075e-01
8.730000000000000426e+00,3.233785714285713375e+00,9.701928571428570791e+00,6.468142857142857416e+00,4.370191744730000210e+02,2.491436890191999964e+02,-1.638756927999799884e-01
8.740000000000000213e+00,3.242500000000000160e+00,9.711750000000000327e+00,6.469250000000000611e+00,4.375113138169999729e+02,2.491377345441999864e+02,-1.627451978000029886e-01
8.750000000000000000e+00,3.232000000000000650e+00,9.700461538461539135e+00,6.468461538461538929e+00,4.379997175089999928e+02,2.491445808002000035e+02,-1.636607087999799870e-01
8.759999999999999787e+00,3.219714285714285751e+00,9.684000000000001052e+00,6.464285714285714413e+00,4.384923752049999734e+02,2.491646414431999972e+02,-1.786219857999659932e-01
8.769999999999999574e+00,3.218999999999999861e+00,9.673999999999999488e+00,6.455000000000000071e+00,4.389939870829999791e+02,2.491682140462000064e+02,-1.855230477999700034e-01
8.779999999999999361e+00,3.238999999999999879e+00,9.683999999999999275e+00,6.445000000000000284e+00,4.394921988169999736e+02,2.491436143822000133e+02,-1.733253487999699971e-01
8.789999999999999147e+00,3.231000000000000316e+00,9.673538461538461419e+00,6.442538461538461547e+00,4.399988270470000202e+02,2.491294937492000088e+02,-1.661627807999649931e-01
8.800000000000000711e+00,3.227000000000002533e+00,9.669692307692310251e+00,6.442692307692307274e+00,4.405060299610000243e+02,2.491404004501999907e+02,-1.720884677999950096e-01
8.810000000000000497e+00,3.246846153846156380e+00,9.689000000000001833e+00,6.442153846153846786e+00,4.410031905829999914e+02,2.491517602252000074e+02,-1.710179417999609930e-01
8.820000000000000284e+00,3.265307692307694243e+00,9.709000000000001407e+00,6.443692307692307608e+00,4.415101902089999726e+02,2.491486786391999999e+02,-1.638942378000139977e-01
8.830000000000000071e+00,3.270333333333333314e+00,9.713666666666666671e+00,6.443333333333333357e+00,4.420202991749999910e+02,2.491437677861999873e+02,-1.577633947999849962e-01
8.839999999999999858e+00,3.276142857142856801e+00,9.723428571428572198e+00,6.447285714285714064e+00,4.425159203649999995e+02,2.491470054511999876e+02,-1.626645947999799946e-01
8.849999999999999645e+00,3.277000000000003244e+00,9.730769230769233502e+00,6.453769230769230703e+00,4.430292295169999761e+02,2.491562256581999861e+02,-1.775830317999660124e-01
8.859999999999999432e+00,3.247000000000003883e+00,9.704615384615387086e+00,6.457615384615384535e+00,4.435372869569999921e+02,2.491521638952000046e+02,-1.814557057999859890e-01
8.869999999999999218e+00,3.218384615384619174e+00,9.675000000000004263e+00,6.456615384615385089e+00,4.440225505689999750e+02,2.491438313312000048e+02,-1.753183178000140008e-01
8.880000000000000782e+00,3.212538461538461565e+00,9.662538461538462187e+00,6.450000000000000178e+00,4.445191440969999803e+02,2.491651289222000116e+02,-1.872830638000139991e-01
8.890000000000000568e+00,3.227769230769231168e+00,9.670769230769231228e+00,6.442999999999999616e+00,4.450178490349999834e+02,2.491845331911999892e+02,-2.022406797999999895e-01
8.900000000000000355e+00,3.257000000000000117e+00,9.699999999999999289e+00,6.442999999999999616e+00,4.455118401689999814e+02,2.491636848912000062e+02,-1.940571807999620091e-01
8.910000000000000142e+00,3.247000000000000330e+00,9.699230769230769766e+00,6.452230769230768992e+00,4.460140460650000023e+02,2.491393026391999967e+02,-1.848593798000049970e-01
8.919999999999999929e+00,3.250999999999999890e+00,9.692538461538461547e+00,6.441538461538462101e+00,4.465150004469999772e+02,2.491368456751999929e+02,-1.867392828000150051e-01
8.929999999999999716e+00,3.264142857142856791e+00,9.693571428571427617e+00,6.429428571428570827e+00,4.470097931469999821e+02,2.491370488771999874e+02,-1.866299288000140000e-01
8.939999999999999503e+00,3.282000000000000028e+00,9.710000000000000853e+00,6.427999999999999936e+00,4.475092045449999887e+02,2.491265262512000049e+02,-1.784816537999759922e-01
8.949999999999999289e+00,3.282769230769230884e+00,9.711538461538461675e+00,6.428769230769231235e+00,4.480095009870000240e+02,2.491180467762000035e+02,-1.733404097999799998e-01
8.960000000000000853e+00,3.268999999999997019e+00,9.706615384615384201e+00,6.437615384615386738e+00,4.485087730189999888e+02,2.491275132291999910e+02,-1.752627537999900120e-01
8.970000000000000639e+00,3.274000000000004906e+00,9.706333333333335034e+00,6.432333333333329684e+00,4.490064223630000129e+02,2.491478623952000078e+02,-1.892239317999989956e-01
8.980000000000000426e+00,3.303999999999998494e+00,9.713153846153845805e+00,6.409153846153847311e+00,4.495080905730000040e+02,2.491504472141999997e+02,-1.931214767999619997e-01
8.990000000000000213e+00,3.283999999999998920e+00,9.703923076923075541e+00,6.419923076923077510e+00,4.500092141729999753e+02,2.491450233701999935e+02,-1.869908227999899919e-01
9.000000000000000000e+00,3.258857142857143785e+00,9.678571428571428825e+00,6.419714285714285928e+00,4.505053773089999822e+02,2.491563120341999991e+02,-1.899202937999759921e-01
9.009999999999999787e+00,3.245615384615384791e+00,9.669615384615383391e+00,6.423999999999998600e+00,4.510130671690000099e+02,2.491762363502000142e+02,-2.028777328000100078e-01
9.019999999999999574e+00,3.250692307692304883e+00,9.682538461538458208e+00,6.431846153846154657e+00,4.515190125330000228e+02,2.491740784931999997e+02,-2.007575548000009868e-01
9.029999999999999361e+00,3.279153846153842533e+00,9.710230769230765446e+00,6.431076923076923357e+00,4.520200477289999981e+02,2.491526555142000063e+02,-1.855704158000139881e-01
9.039999999999999147e+00,3.310499999999998444e+00,9.731749999999998124e+00,6.421250000000000568e+00,4.525293867569999975e+02,2.491436871342000074e+02,-1.814254417999950075e-01
9.050000000000000711e+00,3.333500000000001684e+00,9.737499999999998934e+00,6.403999999999998138e+00,4.530240659049999863e+02,2.491458800162000102e+02,-1.833231458000049996e-01
9.060000000000000497e+00,3.346999999999999975e+00,9.740461538461538282e+00,6.393461538461538751e+00,4.535200849710000170e+02,2.491421467451999945e+02,-1.831996308000040097e-01
9.070000000000000284e+00,3.346999999999999975e+00,9.752000000000000668e+00,6.405000000000000249e+00,4.540273715850000258e+02,2.491340415672000006e+02,-1.850581978000140071e-01
9.080000000000000071e+00,3.346230769230769120e+00,9.761230769230769155e+00,6.415000000000000036e+00,4.545263855509999757e+02,2.491304828211999904e+02,-1.839346257999809886e-01
9.089999999999999858e+00,3.339000000000000412e+00,9.758076923076922427e+00,6.419076923076922903e+00,4.550135083210000175e+02,2.491422251102000018e+02,-1.958677667999809968e-01
9.099999999999999645e+00,3.329307692307692967e+00,9.741615384615386120e+00,6.412307692307693152e+00,4.555067342209999879e+02,2.491523302971999954e+02,-2.027937417999859937e-01
9.109999999999999432e+00,3.321000000000000174e+00,9.714999999999999858e+00,6.394000000000000128e+00,4.559888878269999850e+02,2.491458375841999953e+02,-1.926635107999939978e-01
9.119999999999999218e+00,3.321000000000000174e+00,9.705000000000000071e+00,6.384000000000000341e+00,4.564795723689999818e+02,2.491478201102000014e+02,-1.895613288000090046e-01
9.130000000000000782e+00,3.313571428571427280e+00,9.688714285714283392e+00,6.375142857142855668e+00,4.569884874850000074e+02,2.491638255931999879e+02,-1.975046367999910013e-01
9.140000000000000568e+00,3.307999999999999829e+00,9.669666666666664412e+00,6.361666666666664582e+00,4.574998802590000082e+02,2.491539728431999947e+02,-1.933560857999709892e-01
9.150000000000000355e+00,3.315692307692310159e+00,9.662230769230772509e+00,6.346538461538462350e+00,4.580102993630000014e+02,2.491260813352000127e+02,-1.761440247999760123e-01
9.160000000000000142e+00,3.354153846153848484e+00,9.708384615384616723e+00,6.354230769230770015e+00,4.585187529030000064e+02,2.491150768601999914e+02,-1.669920317999609993e-01
9.169999999999999929e+00,3.375307692307693230e+00,9.730307692307691880e+00,6.355000000000000426e+00,4.590188532029999919e+02,2.491275813041999925e+02,-1.729249357999899928e-01
9.179999999999999716e+00,3.377923076923076806e+00,9.732923076923077232e+00,6.355000000000000426e+00,4.595146175749999884e+02,2.491458550161999881e+02,-1.768791458000079919e-01
9.189999999999999503e+00,3.369000000000000217e+00,9.727000000000000313e+00,6.358000000000000540e+00,4.600130611170000066e+02,2.491522870061999981e+02,-1.737909357999659898e-01
9.199999999999999289e+00,3.359000000000001318e+00,9.727000000000000313e+00,6.367999999999998550e+00,4.605133321889999820e+02,2.491617998741999997e+02,-1.787132407999620087e-01
9.210000000000000853e+00,3.376000000000000778e+00,9.743615384615385011e+00,6.367615384615384677e+00,4.610035638549999817e+02,2.491717199521999930e+02,-1.896392547999860012e-01
9.220000000000000639e+00,3.390000000000000124e+00,9.740384615384614975e+00,6.350384615384614406e+00,4.614957628610000029e+02,2.491647247731999926e+02,-2.005051528000099947e-01
9.230000000000000426e+00,3.399999999999999911e+00,9.731249999999999289e+00,6.331250000000000711e+00,4.619928646669999921e+02,2.491420260381999867e+02,-1.993144787999759915e-01
9.240000000000000213e+00,3.409999999999999254e+00,9.741928571428569938e+00,6.331928571428571573e+00,4.624856292129999815e+02,2.491251177391999931e+02,-1.901451467999629996e-01
9.250000000000000000e+00,3.419999999999999929e+00,9.751214285714285168e+00,6.331214285714286127e+00,4.629787404510000215e+02,2.491372302462000050e+02,-1.940782097999809996e-01
9.259999999999999787e+00,3.395000000000000906e+00,9.726538461538462244e+00,6.331538461538461782e+00,4.634895953170000098e+02,2.491543480951999925e+02,-2.020250107999619904e-01
9.269999999999999574e+00,3.366666666666667140e+00,9.702666666666665662e+00,6.335999999999999410e+00,4.639910604610000178e+02,2.491429410991999873e+02,-1.938731587999809880e-01
9.279999999999999361e+00,3.367846153846148383e+00,9.709384615384610839e+00,6.341538461538463345e+00,4.644990840529999900e+02,2.491219206412000062e+02,-1.776858787999610056e-01
9.289999999999999147e+00,3.417076923076917350e+00,9.746307692307688342e+00,6.329230769230771436e+00,4.650085101529999747e+02,2.491289725642000121e+02,-1.765974257999849972e-01
9.300000000000000711e+00,3.438714285714286945e+00,9.760285714285714675e+00,6.321571428571427731e+00,4.654993396529999927e+02,2.491459629132000089e+02,-1.805482058000039969e-01
9.310000000000000497e+00,3.442615384615383967e+00,9.761384615384613994e+00,6.318769230769230916e+00,4.659935064850000117e+02,2.491571305232000100e+02,-1.854777068000000029e-01
9.320000000000000284e+00,3.437846153846155328e+00,9.754153846153846175e+00,6.316307692307691291e+00,4.664918950269999982e+02,2.491645291291999911e+02,-1.913929777999709980e-01
9.330000000000000071e+00,3.457076923076924047e+00,9.754923076923077474e+00,6.297846153846153427e+00,4.669878012070000182e+02,2.491627749541999890e+02,-1.962765027999670009e-01
9.339999999999999858e+00,3.450000000000000178e+00,9.744500000000000384e+00,6.294499999999999318e+00,4.674878727650000201e+02,2.491582395592000125e+02,-2.051493147999819966e-01
9.349999999999999645e+00,3.440500000000000114e+00,9.739499999999999602e+00,6.298999999999999488e+00,4.679884555290000208e+02,2.491447470761999909e+02,-2.059903597999570013e-01
9.359999999999999432e+00,3.439769230769231356e+00,9.741461538461537728e+00,6.301692307692307260e+00,4.684809925270000122e+02,2.491318251932000010e+02,-1.988351558000099883e-01
9.369999999999999218e+00,3.459000000000000075e+00,9.753000000000000114e+00,6.293999999999999595e+00,4.689838855489999787e+02,2.491304982352000081e+02,-1.957185817999670119e-01
9.380000000000000782e+00,3.449769230769229367e+00,9.751461538461537515e+00,6.301692307692309036e+00,4.694943109110000137e+02,2.491375930451999920e+02,-1.986300838000099878e-01
9.390000000000000568e+00,3.447538461538461441e+00,9.744538461538461149e+00,6.296999999999999709e+00,4.700073580010000001e+02,2.491338515571999892e+02,-1.925027127999809906e-01
9.400000000000000355e+00,3.443692307692308052e+00,9.742692307692307097e+00,6.298999999999999488e+00,4.705093653129999893e+02,2.491304920322000100e+02,-1.833791257999659863e-01
9.410000000000000142e+00,3.434076923076923027e+00,9.751153846153846061e+00,6.317076923076923478e+00,4.710046995150000271e+02,2.491387532891999967e+02,-1.792980548000039920e-01
9.419999999999999929e+00,3.434846153846153882e+00,9.752692307692306883e+00,6.317846153846153889e+00,4.714982968109999888e+02,2.491598975231999873e+02,-1.862628938000089884e-01
9.429999999999999716e+00,3.449769230769229367e+00,9.760384615384614548e+00,6.310615384615385182e+00,4.719983410009999716e+02,2.491733862231999979e+02,-1.961993087999999996e-01
9.439999999999999503e+00,3.464384615384614285e+00,9.765769230769230091e+00,6.301384615384615806e+00,4.725005228590000002e+02,2.491669751462000022e+02,-2.030650208000059909e-01
9.449999999999999289e+00,3.473153846153846036e+00,9.768538461538460282e+00,6.295384615384614690e+00,4.729972835649999752e+02,2.491502525072000083e+02,-2.058955327999910101e-01
9.460000000000000853e+00,3.473923076923077335e+00,9.776230769230769724e+00,6.302307692307692832e+00,4.734837189869999747e+02,2.491389430302000108e+02,-2.107474527999859959e-01
9.470000000000000639e+00,3.446307692307691184e+00,9.752769230769230191e+00,6.306461538461538119e+00,4.739817933530000005e+02,2.491343006932000037e+02,-2.176203187999919964e-01
9.480000000000000426e+00,3.434000000000000163e+00,9.747142857142858219e+00,6.313142857142857167e+00,4.744802635969999756e+02,2.491227191721999930e+02,-2.104685237999870118e-01
9.490000000000000213e+00,3.434000000000000163e+00,9.755666666666666487e+00,6.321666666666667211e+00,4.749712874630000101e+02,2.491187538261999919e+02,-1.953452038000000057e-01
9.500000000000000000e+00,3.434000000000000163e+00,9.763999999999999346e+00,6.330000000000000071e+00,4.754794604950000121e+02,2.491477557332000003e+02,-1.983344967999859931e-01
9.509999999999999787e+00,3.424769230769231232e+00,9.763999999999999346e+00,6.339230769230768558e+00,4.759868063690000213e+02,2.491737020092000137e+02,-2.023131998000060050e-01
9.519999999999999574e+00,3.449461538461537469e+00,9.790384615384613909e+00,6.340923076923076884e+00,4.764805107369999746e+02,2.491578737732000093e+02,-1.861474237999850012e-01
9.529999999999999361e+00,3.472999999999999865e+00,9.820428571428571729e+00,6.347428571428570976e+00,4.769788663190000193e+02,2.491482995721999885e+02,-1.760027167999939912e-01
9.539999999999999147e+00,3.472999999999999865e+00,9.839000000000000412e+00,6.365999999999999659e+00,4.774786259630000131e+02,2.491667730561999861e+02,-1.879567947999949973e-01
9.550000000000000711e+00,3.463769230769230489e+00,9.829769230769230148e+00,6.365999999999999659e+00,4.779743936649999796e+02,2.491849938482000084e+02,-2.069109148000000120e-01
9.560000000000000497e+00,3.497750000000002135e+00,9.862583333333335034e+00,6.364833333333333343e+00,4.784761776469999859e+02,2.491855537072000004e+02,-2.188013418000009924e-01
9.570000000000000284e+00,3.532928571428572084e+00,9.897285714285715130e+00,6.364357142857143046e+00,4.789714848830000165e+02,2.491767469012000049e+02,-2.256601308000049932e-01
9.580000000000000071e+00,3.547000000000001041e+00,9.912076923076924118e+00,6.365076923076923521e+00,4.794626841830000217e+02,2.491697158912000134e+02,-2.305260858000010016e-01
9.589999999999999858e+00,3.527000000000001467e+00,9.892846153846154067e+00,6.365846153846153932e+00,4.799641522129999771e+02,2.491582630311999935e+02,-2.353741557999969869e-01
9.599999999999999645e+00,3.515000000000000568e+00,9.866846153846156042e+00,6.351846153846155474e+00,4.804724055730000032e+02,2.491332208771999888e+02,-2.271726877999580008e-01
9.609999999999999432e+00,3.505384615384616431e+00,9.843384615384616509e+00,6.338000000000000966e+00,4.809804863850000061e+02,2.491111985231999881e+02,-2.119818667999719963e-01
9.619999999999999218e+00,3.494153846153848608e+00,9.827999999999999403e+00,6.333846153846152127e+00,4.814901959210000086e+02,2.491132833021999886e+02,-2.038757807999909966e-01
9.630000000000000782e+00,3.474923076923075893e+00,9.827999999999999403e+00,6.353076923076924842e+00,4.819912367090000203e+02,2.491268572252000126e+02,-2.058122228000009990e-01
9.640000000000000568e+00,3.481307692307692658e+00,9.845307692307692093e+00,6.364000000000000767e+00,4.825019457289999991e+02,2.491289813632000119e+02,-2.027060857999579968e-01
9.650000000000000355e+00,3.491000000000000103e+00,9.865000000000000213e+00,6.374000000000000554e+00,4.829929709269999876e+02,2.491249948491999930e+02,-1.935827297999999919e-01
9.660000000000000142e+00,3.506769230769231527e+00,9.881999999999999673e+00,6.375230769230769035e+00,4.834801491410000267e+02,2.491357634661999896e+02,-1.985123777999960037e-01
9.669999999999999929e+00,3.536000000000000032e+00,9.891999999999999460e+00,6.355999999999999872e+00,4.839734068910000246e+02,2.491628591001999951e+02,-2.164983607999670101e-01
9.679999999999999716e+00,3.535230769230769177e+00,9.871999999999999886e+00,6.336769230769231598e+00,4.844735085230000209e+02,2.491753423762000068e+02,-2.284312287999689939e-01
9.689999999999999503e+00,3.535000000000000142e+00,9.865461538461538282e+00,6.330461538461539028e+00,4.849861287730000186e+02,2.491615355131999934e+02,-2.292684868000020026e-01
9.699999999999999289e+00,3.546692307692306478e+00,9.868999999999999773e+00,6.322307692307693294e+00,4.854850558890000229e+02,2.491419529361999992e+02,-2.260883877999579905e-01
9.710000000000000853e+00,3.574000000000001176e+00,9.878923076923078028e+00,6.304923076923076408e+00,4.859687796250000247e+02,2.491255053181999983e+02,-2.239227378000059887e-01
9.720000000000000639e+00,3.584000000000000963e+00,9.888153846153848292e+00,6.304153846153845997e+00,4.864699052230000120e+02,2.491200497222000081e+02,-2.267920297999919954e-01
9.730000000000000426e+00,3.585999999999999854e+00,9.889384615384615884e+00,6.303384615384615586e+00,4.869842356770000151e+02,2.491113733932000116e+02,-2.206469627999629868e-01
9.740000000000000213e+00,3.580615384615383867e+00,9.884769230769229864e+00,6.304153846153845997e+00,4.874813637830000062e+02,2.491057533052000110e+02,-2.055164467999779920e-01
9.750000000000000000e+00,3.566307692307690402e+00,9.872153846153844725e+00,6.305846153846153435e+00,4.879848303790000159e+02,2.491294713211999863e+02,-2.104881577999730136e-01
9.759999999999999787e+00,3.537846153846152308e+00,9.842923076923074888e+00,6.305076923076923023e+00,4.884892399049999767e+02,2.491542200082000136e+02,-2.224633407999740131e-01
9.769999999999999574e+00,3.543999999999999595e+00,9.847714285714285865e+00,6.303714285714285381e+00,4.889825486170000204e+02,2.491453274282000052e+02,-2.213222197999960006e-01
9.779999999999999361e+00,3.548615384615384727e+00,9.852384615384615074e+00,6.303769230769230347e+00,4.894880664749999823e+02,2.491331147802000032e+02,-2.231666888000070070e-01
9.789999999999999147e+00,3.549999999999998934e+00,9.853153846153846374e+00,6.303153846153846551e+00,4.899824624089999929e+02,2.491402712782000037e+02,-2.330820197999969867e-01
9.800000000000000711e+00,3.560000000000000497e+00,9.853923076923075897e+00,6.293923076923076287e+00,4.904736926709999807e+02,2.491502448271999981e+02,-2.450080067999980127e-01
9.810000000000000497e+00,3.578307692307693078e+00,9.877538461538462045e+00,6.299230769230769411e+00,4.909788115430000062e+02,2.491450207551999938e+02,-2.468772208000070134e-01
9.820000000000000284e+00,3.605500000000000149e+00,9.894000000000000128e+00,6.288499999999999979e+00,4.914748566449999885e+02,2.491232845572000087e+02,-2.396901388000030053e-01
9.830000000000000071e+00,3.628692307692307217e+00,9.893230769230770605e+00,6.264538461538462499e+00,4.919746100309999974e+02,2.491067717232000120e+02,-2.315206537999640046e-01
9.839999999999999858e+00,3.634923076923078256e+00,9.879846153846152390e+00,6.244923076923074134e+00,4.924826082530000235e+02,2.491037436082000056e+02,-2.253969227999919889e-01
9.849999999999999645e+00,3.614153846153847383e+00,9.898307692307691141e+00,6.284153846153842871e+00,4.929965390550000279e+02,2.491020664392000015e+02,-2.162766187999770051e-01
9.859999999999999432e+00,3.618615384615383679e+00,9.909999999999998366e+00,6.291384615384616019e+00,4.934990315370000076e+02,2.491077527532000033e+02,-2.061848317999860070e-01
9.869999999999999218e+00,3.615428571428572990e+00,9.910357142857142421e+00,6.294928571428570763e+00,4.939955649589999780e+02,2.491300981041999876e+02,-2.041531967999770103e-01
9.880000000000000782e+00,3.595999999999995200e+00,9.900076923076920110e+00,6.304076923076925354e+00,4.944860546909999925e+02,2.491530433812000069e+02,-2.181251267999869958e-01
9.890000000000000568e+00,3.555999999999995609e+00,9.880846153846151836e+00,6.324846153846156227e+00,4.949922309329999734e+02,2.491468461881999872e+02,-2.289907308000110053e-01
9.900000000000000355e+00,3.548000000000000043e+00,9.886333333333334750e+00,6.338333333333333819e+00,4.954916149210000071e+02,2.491192625552000095e+02,-2.297823277999870017e-01
9.910000000000000142e+00,3.558714285714286607e+00,9.901285714285714690e+00,6.342571428571428527e+00,4.959829288829999996e+02,2.491102242251999996e+02,-2.376411947999690077e-01
9.919999999999999929e+00,3.571153846153845457e+00,9.912999999999998479e+00,6.341846153846153911e+00,4.964820325850000131e+02,2.491226434461999872e+02,-2.515740717999789822e-01
9.929999999999999716e+00,3.561923076923076525e+00,9.902999999999998693e+00,6.341076923076923499e+00,4.969787652570000205e+02,2.491239554862000034e+02,-2.524682048000119750e-01
9.939999999999999503e+00,3.569999999999998952e+00,9.919999999999998153e+00,6.349999999999999645e+00,4.974882171709999739e+02,2.491130080101999908e+02,-2.433161907999980000e-01
9.949999999999999289e+00,3.579076923076921712e+00,9.938153846153843674e+00,6.359076923076921517e+00,4.979902812590000281e+02,2.491086536452000075e+02,-2.331890748000070013e-01
9.960000000000000853e+00,3.576230769230768658e+00,9.941692307692306940e+00,6.365461538461538282e+00,4.984827325589999987e+02,2.491147753932000057e+02,-2.211010448000050033e-01
9.970000000000000639e+00,3.547000000000000153e+00,9.913999999999999702e+00,6.366999999999999993e+00,4.989858834249999973e+02,2.491264771621999898e+02,-2.200303927999729958e-01
9.980000000000000426e+00,3.538538461538461632e+00,9.895538461538462727e+00,6.357000000000000206e+00,4.995021529630000146e+02,2.491189237831999890e+02,-2.108888367999590119e-01
9.990000000000000213e+00,3.569923076923075644e+00,9.923384615384614804e+00,6.353461538461538716e+00,4.999936337010000216e+02,2.491069573812000044e+02,-1.997372127999919866e-01
1.000000000000000000e+01,3.595000000000000639e+00,9.955999999999999517e+00,6.360999999999998877e+00,5.004785873970000125e+02,2.491216019441999947e+02,-2.056810367999619971e-01
1.000999999999999979e+01,3.585000000000000409e+00,9.964999999999999858e+00,6.379999999999999005e+00,5.009740701090000243e+02,2.491448145761999911e+02,-2.246528317999690050e-01
1.001999999999999957e+01,3.575000000000000622e+00,9.964999999999999858e+00,6.389999999999999680e+00,5.014741414449999866e+02,2.491402827091999939e+02,-2.325256498000060068e-01
1.002999999999999936e+01,3.565000000000000835e+00,9.963769230769230489e+00,6.398769230769230099e+00,5.019790020290000143e+02,2.491220369661999996e+02,-2.303489537999960091e-01
1.003999999999999915e+01,3.560384615384615259e+00,9.949923076923079535e+00,6.389538461538464276e+00,5.024819531589999997e+02,2.491196940002000133e+02,-2.322288148000060115e-01
1.005000000000000071e+01,3.559153846153845446e+00,9.926538461538461533e+00,6.367384615384615643e+00,5.029720129429999815e+02,2.491326232941999876e+02,-2.391654578000109999e-01
1.006000000000000050e+01,3.549923076923076515e+00,9.914230769230769624e+00,6.364307692307692221e+00,5.034756765689999725e+02,2.491353432791999865e+02,-2.370629968000020071e-01
1.007000000000000028e+01,3.541999999999999815e+00,9.912500000000001421e+00,6.370499999999999829e+00,5.039842429949999882e+02,2.491223597082000083e+02,-2.229039637999910006e-01
1.008000000000000007e+01,3.536083333333333023e+00,9.913083333333332803e+00,6.376999999999999780e+00,5.044866484049999826e+02,2.491120257192000054e+02,-2.097556557999580018e-01
1.008999999999999986e+01,3.546916666666667162e+00,9.923916666666668718e+00,6.376999999999999780e+00,5.049893114370000262e+02,2.491147239851999871e+02,-1.976532757999590051e-01
1.009999999999999964e+01,3.583307692307693859e+00,9.949923076923077758e+00,6.366615384615384343e+00,5.054895811769999909e+02,2.491242580212000064e+02,-1.965756167999810067e-01
1.010999999999999943e+01,3.587857142857143522e+00,9.950714285714285623e+00,6.362857142857142989e+00,5.059954704310000011e+02,2.491230844202000014e+02,-1.984589497999920127e-01
1.011999999999999922e+01,3.569000000000002171e+00,9.933461538461539675e+00,6.364461538461537948e+00,5.064826172389999783e+02,2.491168555341999991e+02,-1.943285777999720076e-01
1.013000000000000078e+01,3.548999999999999044e+00,9.915769230769228670e+00,6.366769230769230958e+00,5.069619798990000277e+02,2.491241659991999882e+02,-2.012477767999769906e-01
1.014000000000000057e+01,3.556750000000000078e+00,9.932750000000000412e+00,6.375999999999999446e+00,5.074608576069999799e+02,2.491405469402000108e+02,-2.241947398000010139e-01
1.015000000000000036e+01,3.572499999999999787e+00,9.945499999999999119e+00,6.372999999999999332e+00,5.079710262350000107e+02,2.491345953832000077e+02,-2.300602897999740049e-01
1.016000000000000014e+01,3.579461538461538250e+00,9.943230769230769539e+00,6.363769230769230845e+00,5.084769978570000148e+02,2.491144310711999879e+02,-2.218765387999920013e-01
1.016999999999999993e+01,3.560999999999999943e+00,9.913999999999999702e+00,6.352999999999999758e+00,5.089838264890000232e+02,2.491143445891999875e+02,-2.147634397999869937e-01
1.017999999999999972e+01,3.539333333333334775e+00,9.894000000000001904e+00,6.354666666666666686e+00,5.094835264710000047e+02,2.491338587772000039e+02,-2.147211247999870065e-01
1.018999999999999950e+01,3.570999999999997510e+00,9.910000000000000142e+00,6.339000000000001300e+00,5.099886159769999949e+02,2.491466905521999990e+02,-2.086539957999579975e-01
1.019999999999999929e+01,3.593692307692307963e+00,9.928692307692307040e+00,6.334999999999999076e+00,5.105065396090000149e+02,2.491452519631999962e+02,-1.965336257999580061e-01
1.021000000000000085e+01,3.581230769230765887e+00,9.935076923076920252e+00,6.353846153846154365e+00,5.110027833369999826e+02,2.491375781401999916e+02,-1.813960607999720032e-01
1.022000000000000064e+01,3.553538461538458648e+00,9.915846153846151978e+00,6.362307692307693330e+00,5.114913005810000186e+02,2.491424347162000004e+02,-1.803045137999949865e-01
1.023000000000000043e+01,3.594153846153851806e+00,9.941538461538465654e+00,6.347384615384613404e+00,5.119916299829999957e+02,2.491509280482000008e+02,-1.912232477999619984e-01
1.024000000000000021e+01,3.623000000000000220e+00,9.960769230769232152e+00,6.337769230769231044e+00,5.124800044889999526e+02,2.491407415211999989e+02,-1.930786787999720089e-01
1.025000000000000000e+01,3.619153846153845056e+00,9.957846153846151793e+00,6.338692307692308070e+00,5.129599923509999826e+02,2.491370981622000045e+02,-1.919590407999950121e-01
1.025999999999999979e+01,3.599923076923075893e+00,9.937076923076922697e+00,6.337153846153845471e+00,5.134585826270000553e+02,2.491585097512000004e+02,-2.039237447999960040e-01
1.026999999999999957e+01,3.588999999999999524e+00,9.935692307692308489e+00,6.346692307692308077e+00,5.139597402970000530e+02,2.491700410741999860e+02,-2.188530387999829963e-01
1.027999999999999936e+01,3.590571428571428303e+00,9.947142857142855732e+00,6.356571428571427873e+00,5.144718742669999756e+02,2.491472060122000016e+02,-2.156585267999960032e-01
1.028999999999999915e+01,3.597999999999999865e+00,9.960000000000000853e+00,6.362000000000000988e+00,5.149850613889999522e+02,2.491234648612000058e+02,-2.024605187999629907e-01
1.030000000000000071e+01,3.597999999999999865e+00,9.949999999999999289e+00,6.351999999999999424e+00,5.154889507870000216e+02,2.491222266542000057e+02,-1.903439777999620108e-01
1.031000000000000050e+01,3.579999999999999183e+00,9.939307692307691511e+00,6.359307692307693216e+00,5.159904763009999442e+02,2.491448534721999977e+02,-1.893122317999859916e-01
1.032000000000000028e+01,3.572461538461538577e+00,9.935461538461538566e+00,6.363000000000000433e+00,5.164995018609999988e+02,2.491589186671999983e+02,-1.812485658000050071e-01
1.033000000000000007e+01,3.581999999999999851e+00,9.951249999999999929e+00,6.369250000000000078e+00,5.170026208770000267e+02,2.491536299891999988e+02,-1.691179058000039925e-01
1.033999999999999986e+01,3.610999999999998877e+00,9.998846153846152163e+00,6.387846153846154174e+00,5.174911069370000405e+02,2.491414855342000010e+02,-1.599663327999900075e-01
1.034999999999999964e+01,3.630999999999998451e+00,1.001730769230769091e+01,6.386307692307692463e+00,5.179742039169999543e+02,2.491360164362000091e+02,-1.588395618000139897e-01
1.035999999999999943e+01,3.634384615384615103e+00,1.002284615384615307e+01,6.388461538461537970e+00,5.184755319150000332e+02,2.491445632392000107e+02,-1.707582688000139903e-01
1.036999999999999922e+01,3.652214285714282749e+00,1.004042857142856882e+01,6.388214285714285623e+00,5.189802531330000193e+02,2.491463065751999864e+02,-1.786521917999950027e-01
1.038000000000000078e+01,3.685000000000000053e+00,1.007038461538461682e+01,6.385384615384615437e+00,5.194662875709999525e+02,2.491420174261999989e+02,-1.745289107999760114e-01
1.039000000000000057e+01,3.685000000000000053e+00,1.007423076923076977e+01,6.389230769230769269e+00,5.199631082030000471e+02,2.491593356571999891e+02,-1.824795408000139951e-01
1.040000000000000036e+01,3.651666666666664174e+00,1.004833333333333201e+01,6.396666666666667389e+00,5.204748492229999783e+02,2.491784790172000044e+02,-1.984333427999780131e-01
1.041000000000000014e+01,3.634999999999999787e+00,1.003414285714285725e+01,6.399142857142857466e+00,5.209905193729999837e+02,2.491638800631999970e+02,-1.892670627999619992e-01
1.041999999999999993e+01,3.634999999999999787e+00,1.003146153846153688e+01,6.396461538461537977e+00,5.214942647010000201e+02,2.491476199212000040e+02,-1.740975357999750006e-01
1.042999999999999972e+01,3.634999999999999787e+00,1.002376923076922921e+01,6.388769230769230312e+00,5.219975847849999582e+02,2.491563548102000141e+02,-1.650163267999610051e-01
1.043999999999999950e+01,3.634249999999999758e+00,1.000199999999999889e+01,6.367750000000000021e+00,5.224890695609999511e+02,2.491794100061999870e+02,-1.639883257999860122e-01
1.044999999999999929e+01,3.628000000000000558e+00,9.988500000000000156e+00,6.360500000000000043e+00,5.229945587189999969e+02,2.491852426211999898e+02,-1.608964337999989891e-01
1.046000000000000085e+01,3.619230769230768807e+00,9.982230769230769241e+00,6.363000000000000433e+00,5.235002451289999499e+02,2.491700736772000084e+02,-1.517303637999850019e-01
1.047000000000000064e+01,3.609999999999999876e+00,9.983000000000000540e+00,6.373000000000000220e+00,5.239820856689999573e+02,2.491515223812000102e+02,-1.475576977999649986e-01
1.048000000000000043e+01,3.619230769230768807e+00,1.000300000000000011e+01,6.383769230769230418e+00,5.244667251890000443e+02,2.491541260012000123e+02,-1.544591167999699866e-01
1.049000000000000021e+01,3.633999999999999897e+00,1.002100000000000080e+01,6.386999999999999567e+00,5.249698796070000526e+02,2.491657713221999870e+02,-1.693883688000140109e-01
1.050000000000000000e+01,3.642999999999999794e+00,1.003299999999999947e+01,6.389999999999999680e+00,5.254766543490000004e+02,2.491666338162000045e+02,-1.762787207999630124e-01
1.050999999999999979e+01,3.636999999999998234e+00,1.003507692307692167e+01,6.398076923076923883e+00,5.259767800189999889e+02,2.491611459172000025e+02,-1.721480757999999944e-01
1.051999999999999957e+01,3.666999999999998039e+00,1.005584615384615255e+01,6.388846153846154508e+00,5.264719441150000421e+02,2.491723881661999940e+02,-1.720775857999989888e-01
1.052999999999999936e+01,3.672384615384615358e+00,1.006738461538461493e+01,6.394999999999999574e+00,5.269697628989999885e+02,2.491897669242000006e+02,-1.790282008000040059e-01
1.053999999999999915e+01,3.662384615384617348e+00,1.006123076923077164e+01,6.398846153846154294e+00,5.274880866270000297e+02,2.491813221191999901e+02,-1.718830557999989905e-01
1.055000000000000071e+01,3.640999999999997794e+00,1.003830769230768993e+01,6.397307692307692584e+00,5.279965085390000468e+02,2.491533236692000060e+02,-1.526710487999939914e-01
1.056000000000000050e+01,3.610999999999998433e+00,1.000984615384615140e+01,6.398846153846154294e+00,5.284978029110000080e+02,2.491449082492000002e+02,-1.455297957999880099e-01
1.057000000000000028e+01,3.617000000000000437e+00,1.000492307692307570e+01,6.387923076923076593e+00,5.290054916609999509e+02,2.491648502051999969e+02,-1.534872647999709905e-01
1.058000000000000007e+01,3.620999999999999996e+00,1.000014285714285656e+01,6.379142857142857004e+00,5.295078730330000099e+02,2.491724873912000078e+02,-1.564024698000129887e-01
1.058999999999999986e+01,3.623000000000000220e+00,9.998538461538462485e+00,6.375538461538461377e+00,5.300102811069999689e+02,2.491621110661999978e+02,-1.552540897999800107e-01
1.059999999999999964e+01,3.632999999999998675e+00,1.001623076923076816e+01,6.383230769230769042e+00,5.305045320829999582e+02,2.491542597412000077e+02,-1.581164587999669968e-01
1.060999999999999943e+01,3.614500000000000934e+00,9.999250000000001748e+00,6.384749999999999481e+00,5.309921092829999907e+02,2.491580397822000066e+02,-1.630213617999609899e-01
1.061999999999999922e+01,3.608000000000000096e+00,9.986538461538462030e+00,6.378538461538461490e+00,5.314912697610000123e+02,2.491694641631999900e+02,-1.759507097999949976e-01
1.063000000000000078e+01,3.611714285714286543e+00,9.988142857142859654e+00,6.376428571428572667e+00,5.319952760410000110e+02,2.491661833562000083e+02,-1.768270207999710075e-01
1.064000000000000057e+01,3.620999999999999996e+00,1.000600000000000023e+01,6.384999999999999787e+00,5.324785415730000295e+02,2.491577579622000087e+02,-1.646897107999699961e-01
1.065000000000000036e+01,3.620999999999999996e+00,1.002369230769230768e+01,6.402692307692307239e+00,5.329685428049999700e+02,2.491717103201999919e+02,-1.646299307999720130e-01
1.066000000000000014e+01,3.628000000000000558e+00,1.004416666666666735e+01,6.416166666666667240e+00,5.334696399250000240e+02,2.491842964591999987e+02,-1.635628557999949939e-01
1.066999999999999993e+01,3.636611111111111683e+00,1.005833333333333357e+01,6.421722222222221887e+00,5.339712747309999941e+02,2.491699155272000041e+02,-1.494004347999849935e-01
1.067999999999999972e+01,3.643833333333333258e+00,1.006499999999999950e+01,6.421166666666667133e+00,5.344759044370000538e+02,2.491557091201999867e+02,-1.342379567999980039e-01
1.068999999999999950e+01,3.625538461538462265e+00,1.004115384615384698e+01,6.415615384615384720e+00,5.349774000989999649e+02,2.491613137392000112e+02,-1.311461488000129905e-01
1.069999999999999929e+01,3.612307692307691998e+00,1.002176923076923032e+01,6.409461538461537877e+00,5.354804380790000096e+02,2.491749946042000090e+02,-1.350825367999740068e-01
1.071000000000000085e+01,3.620411764705880220e+00,1.002517647058823336e+01,6.404764705882350917e+00,5.359841019269999833e+02,2.491777110612000001e+02,-1.339800697999979917e-01
1.072000000000000064e+01,3.604529411764705760e+00,9.996941176470588886e+00,6.392411764705881794e+00,5.364858278010000276e+02,2.491792869282000140e+02,-1.408740618000030032e-01
1.073000000000000043e+01,3.594692307692307853e+00,9.982769230769230617e+00,6.388076923076922320e+00,5.369754035250000470e+02,2.491831527431999973e+02,-1.537788747999800087e-01
1.074000000000000021e+01,3.591357142857144247e+00,9.986428571428573875e+00,6.395071428571427852e+00,5.374684288009999591e+02,2.491792273071999944e+02,-1.596553868000079868e-01
1.075000000000000000e+01,3.564928571428572113e+00,9.960714285714285410e+00,6.395785714285714185e+00,5.379774846149999803e+02,2.491752225431999932e+02,-1.635280397999709923e-01
1.075999999999999979e+01,3.527250000000002217e+00,9.917416666666669656e+00,6.390166666666667439e+00,5.384881956330000321e+02,2.491773149292000085e+02,-1.694218487999999967e-01
1.076999999999999957e+01,3.515615384615382588e+00,9.905846153846150415e+00,6.390230769230768715e+00,5.389809332549999681e+02,2.491784236691999865e+02,-1.633161077999709943e-01
1.077999999999999936e+01,3.541714285714280486e+00,9.941999999999993065e+00,6.400285714285712579e+00,5.394618593850000252e+02,2.491758850692000067e+02,-1.482000677999850136e-01
1.078999999999999915e+01,3.595285714285710199e+00,1.001199999999999513e+01,6.416714285714284038e+00,5.399586479450000525e+02,2.491762163811999926e+02,-1.440906957999650018e-01
1.080000000000000071e+01,3.591230769230767450e+00,1.000938461538461333e+01,6.418153846153845876e+00,5.404768017889999783e+02,2.491707490402000076e+02,-1.419561258000129889e-01
1.081000000000000050e+01,3.586615384615385427e+00,1.000861538461538558e+01,6.422000000000000597e+00,5.409829435169999670e+02,2.491476037362000113e+02,-1.297617938000119875e-01
1.082000000000000028e+01,3.597846153846155026e+00,1.002630769230769303e+01,6.428461538461538005e+00,5.414726561649999894e+02,2.491315192801999956e+02,-1.215960537999749985e-01
1.083000000000000007e+01,3.617076923076924189e+00,1.003784615384615364e+01,6.420769230769230340e+00,5.419670505450000064e+02,2.491387004741999931e+02,-1.245114267999599955e-01
1.083999999999999986e+01,3.585076923076921496e+00,1.000507692307692231e+01,6.419999999999999929e+00,5.424618739850000111e+02,2.491559117632000095e+02,-1.304621107999880125e-01
1.084999999999999964e+01,3.556999999999999940e+00,9.975999999999999091e+00,6.419000000000000483e+00,5.429680794130000550e+02,2.491667473532000088e+02,-1.403877947999790099e-01
1.085999999999999943e+01,3.547142857142857153e+00,9.969999999999998863e+00,6.422857142857142598e+00,5.434698046209999802e+02,2.491683338041999889e+02,-1.442818047999979980e-01
1.086999999999999922e+01,3.555000000000000160e+00,9.990000000000000213e+00,6.434999999999999609e+00,5.439657096910000291e+02,2.491665972691999968e+02,-1.441653597999990044e-01
1.088000000000000078e+01,3.555769230769231015e+00,9.990000000000000213e+00,6.434230769230769198e+00,5.444720280049999701e+02,2.491754537632000108e+02,-1.490840037999950074e-01
1.089000000000000057e+01,3.542538461538460748e+00,9.980846153846153257e+00,6.438307692307692953e+00,5.449886709370000517e+02,2.491789076791999946e+02,-1.489812577999939935e-01
1.090000000000000036e+01,3.515000000000001901e+00,9.962230769230771443e+00,6.447230769230769098e+00,5.454839171789999455e+02,2.491711627452000073e+02,-1.378436897999689992e-01
1.091000000000000014e+01,3.482823529411762653e+00,9.941588235294116060e+00,6.458764705882352963e+00,5.459690077989999963e+02,2.491658570371999986e+02,-1.227169607999829964e-01
1.091999999999999993e+01,3.521058823529410020e+00,9.977470588235293647e+00,6.456411764705882739e+00,5.464622321450000300e+02,2.491759869201999891e+02,-1.226429777999829968e-01
1.092999999999999972e+01,3.555076923076922135e+00,1.000330769230769157e+01,6.448230769230770321e+00,5.469577386729999944e+02,2.491812319052000078e+02,-1.245512657999939959e-01
1.093999999999999950e+01,3.579142857142857626e+00,1.001207142857142962e+01,6.432928571428571551e+00,5.474626547010000195e+02,2.491620124901999986e+02,-1.153710767999780035e-01
1.094999999999999929e+01,3.570571428571428729e+00,1.000278571428571439e+01,6.432214285714286106e+00,5.479564185089999455e+02,2.491451470782000115e+02,-1.102016997999829967e-01
1.096000000000000085e+01,3.588461538461543032e+00,1.000592307692307692e+01,6.417461538461535220e+00,5.484470476069999449e+02,2.491481032762000041e+02,-1.141030108000029991e-01
1.097000000000000064e+01,3.602307692307690878e+00,1.001469230769230911e+01,6.412384615384618236e+00,5.489526832770000055e+02,2.491689190182000004e+02,-1.250640387999699954e-01
1.098000000000000043e+01,3.588076923076916280e+00,1.001915384615384141e+01,6.431076923076926022e+00,5.494616553910000221e+02,2.491839261332000035e+02,-1.330038118000070047e-01
1.099000000000000021e+01,3.528846153846155964e+00,9.980692307692310195e+00,6.451846153846153342e+00,5.499565057549999665e+02,2.491831203831999915e+02,-1.358909047999929953e-01
1.100000000000000000e+01,3.517615384615384588e+00,9.973000000000000753e+00,6.455384615384615721e+00,5.504494159250000394e+02,2.491812093231999938e+02,-1.367745167999699918e-01
1.100999999999999979e+01,3.522999999999999243e+00,9.982583333333332476e+00,6.459583333333332789e+00,5.509414971610000293e+02,2.491762708562000057e+02,-1.306475867999989937e-01
1.101999999999999957e+01,3.532785714285714196e+00,9.996214285714286163e+00,6.463428571428571523e+00,5.514415083909999566e+02,2.491727867491999859e+02,-1.245240237999700045e-01
1.102999999999999936e+01,3.542071428571427649e+00,9.996928571428570720e+00,6.454857142857143515e+00,5.519493928389999837e+02,2.491717518421999955e+02,-1.194073567999739960e-01
1.103999999999999915e+01,3.534000000000001140e+00,9.980384615384618741e+00,6.446384615384616268e+00,5.524465772769999603e+02,2.491651439702000062e+02,-1.012733238000019936e-01
1.105000000000000071e+01,3.541538461538462190e+00,9.967923076923076664e+00,6.426384615384614030e+00,5.529430797369999482e+02,2.491704847622000045e+02,-9.218165679998689688e-02
1.106000000000000050e+01,3.555000000000000160e+00,9.964999999999999858e+00,6.410000000000000142e+00,5.534502256529999613e+02,2.491823898311999983e+02,-9.811087879995930572e-02
1.107000000000000028e+01,3.555000000000000160e+00,9.974999999999999645e+00,6.419999999999999929e+00,5.539496392710000237e+02,2.491718319251999958e+02,-9.996254379996820372e-02
1.108000000000000007e+01,3.603461538461537828e+00,1.000346153846153818e+01,6.400000000000000355e+00,5.544529584250000198e+02,2.491454958241999975e+02,-9.475762779997319585e-02
1.108999999999999986e+01,3.611000000000000210e+00,1.001146153846153908e+01,6.400461538461538424e+00,5.549632973809999612e+02,2.491365597472000104e+02,-9.761259079995909804e-02
1.109999999999999964e+01,3.596294117647059529e+00,1.000229411764705922e+01,6.405999999999999694e+00,5.554671075190000238e+02,2.491542628592000028e+02,-1.095630497999599967e-01
1.110999999999999943e+01,3.574529411764706399e+00,9.980529411764706538e+00,6.405999999999999694e+00,5.559615328610000233e+02,2.491784486121999862e+02,-1.195384548000080066e-01
1.111999999999999922e+01,3.573999999999999400e+00,9.973000000000000753e+00,6.399000000000000909e+00,5.564559270190000007e+02,2.491856333341999914e+02,-1.214538337999599982e-01
1.113000000000000078e+01,3.573749999999999094e+00,9.965999999999999304e+00,6.392250000000000654e+00,5.569393639889999577e+02,2.491742057801999977e+02,-1.113059067999700030e-01
1.114000000000000057e+01,3.554333333333332678e+00,9.947277777777777885e+00,6.392944444444443874e+00,5.574356656029999613e+02,2.491655194772000073e+02,-1.001647828000020030e-01
1.115000000000000036e+01,3.547666666666666302e+00,9.940055555555556310e+00,6.392388888888889120e+00,5.579418120349999981e+02,2.491773851872000023e+02,-1.010940557999780026e-01
1.116000000000000014e+01,3.544941176470588484e+00,9.941529411764706836e+00,6.396588235294117908e+00,5.584413116150000178e+02,2.491828652241999862e+02,-1.010022717999780051e-01
1.116999999999999993e+01,3.551411764705882490e+00,9.963294117647059522e+00,6.411882352941177032e+00,5.589378412209999851e+02,2.491701854492000052e+02,-8.984700780001189657e-02
1.117999999999999972e+01,3.565142857142856503e+00,9.981857142857140985e+00,6.416714285714285815e+00,5.594351984290000246e+02,2.491605542492000041e+02,-7.970232179996389332e-02
1.118999999999999950e+01,3.581999999999998963e+00,9.994999999999999218e+00,6.413000000000001144e+00,5.599395774370000254e+02,2.491682913212000017e+02,-8.661746079996819614e-02
1.119999999999999929e+01,3.592000000000000082e+00,9.994999999999999218e+00,6.402999999999999581e+00,5.604507754009999871e+02,2.491794013221999933e+02,-9.954302180000189348e-02
1.121000000000000085e+01,3.592000000000000082e+00,1.000346153846153996e+01,6.411461538461539433e+00,5.609555215450000105e+02,2.491631593712000097e+02,-9.537340779998250417e-02
1.122000000000000064e+01,3.620000000000002327e+00,1.003400000000000247e+01,6.413999999999999702e+00,5.614462323449999985e+02,2.491471354422000104e+02,-8.620765279996840669e-02
1.123000000000000043e+01,3.647384615384615003e+00,1.006107692307692325e+01,6.413692307692307359e+00,5.619429962010000281e+02,2.491654485132000048e+02,-9.516181179998220441e-02
1.124000000000000021e+01,3.650153846153848747e+00,1.006423076923077176e+01,6.414076923076923009e+00,5.624332563870000286e+02,2.491924119582000117e+02,-1.021479237999879941e-01
1.125000000000000000e+01,3.601692307692311079e+00,1.002653846153846473e+01,6.424846153846153207e+00,5.629196624429999929e+02,2.491991583282000136e+02,-9.906350080000160541e-02
1.125999999999999979e+01,3.584000000000000963e+00,1.000484615384615594e+01,6.420846153846154536e+00,5.634128567149999753e+02,2.491922695401999874e+02,-9.592946179995930078e-02
1.126999999999999957e+01,3.579277777777778002e+00,9.998777777777778653e+00,6.419499999999999318e+00,5.639169758809999848e+02,2.491870096371999921e+02,-9.179873279999670177e-02
1.127999999999999936e+01,3.579833333333333201e+00,1.000433333333333330e+01,6.424500000000000099e+00,5.644239770609999596e+02,2.491839033551999876e+02,-9.167498679999769307e-02
1.128999999999999915e+01,3.559538461538462428e+00,9.986076923076923961e+00,6.426538461538461533e+00,5.649309212429999434e+02,2.491817954411999949e+02,-9.155477579999629634e-02
1.130000000000000071e+01,3.553384615384619138e+00,9.988076923076929958e+00,6.434692307692309932e+00,5.654316485210000565e+02,2.491833178372000077e+02,-9.744879479996790272e-02
1.131000000000000050e+01,3.579000000000000181e+00,1.003115384615384720e+01,6.452153846153846573e+00,5.659257273929999883e+02,2.491784792562000064e+02,-9.532179879995880678e-02
1.132000000000000028e+01,3.579000000000000181e+00,1.003269230769230802e+01,6.453692307692307395e+00,5.664228018310000152e+02,2.491738046161999875e+02,-9.519472779995920286e-02
1.133000000000000007e+01,3.578384615384615497e+00,1.003176923076923011e+01,6.453384615384615053e+00,5.669279777010000316e+02,2.491675821761999998e+02,-9.706040679996920384e-02
1.133999999999999986e+01,3.583384615384614502e+00,1.004023076923076729e+01,6.456846153846153236e+00,5.674212300809999761e+02,2.491596773802000087e+02,-9.892280279997839321e-02
1.134999999999999964e+01,3.590444444444445438e+00,1.005377777777777837e+01,6.463333333333332931e+00,5.679174766950000048e+02,2.491519576931999893e+02,-9.678515979996869800e-02
1.135999999999999943e+01,3.582666666666666888e+00,1.004766666666666808e+01,6.464999999999999858e+00,5.684233648389999871e+02,2.491508017321999944e+02,-9.366852279998219566e-02
1.136999999999999922e+01,3.578307692307692189e+00,1.004030769230769238e+01,6.462000000000000632e+00,5.689360136090000424e+02,2.491540382361999946e+02,-9.056587879999679347e-02
1.138000000000000078e+01,3.580000000000001403e+00,1.003361538461538593e+01,6.453615384615385864e+00,5.694433278550000068e+02,2.491629905371999882e+02,-8.448456779996829646e-02
1.139000000000000057e+01,3.590000000000001190e+00,1.004976923076923256e+01,6.459769230769231818e+00,5.699463649470000064e+02,2.491766855141999883e+02,-8.442097979996869561e-02
1.140000000000000036e+01,3.575999999999997847e+00,1.003761538461538372e+01,6.461615384615384983e+00,5.704449233730000515e+02,2.491811066562000008e+02,-8.532567580000240126e-02
1.141000000000000014e+01,3.570615384615385413e+00,1.002299999999999969e+01,6.452384615384613831e+00,5.709516077130000440e+02,2.491660017671999867e+02,-7.415959679997699561e-02
1.141999999999999993e+01,3.575999999999999179e+00,1.001315384615384652e+01,6.437153846153846004e+00,5.714565551470000173e+02,2.491637798552000049e+02,-7.403942779997720047e-02
1.142999999999999972e+01,3.565999999999999392e+00,1.000392307692307625e+01,6.437923076923076415e+00,5.719593112449999808e+02,2.491824031682000111e+02,-9.199340680000710202e-02
1.143999999999999950e+01,3.555181818181817999e+00,9.997272727272727977e+00,6.442090909090909534e+00,5.724592118089999531e+02,2.491808628772000134e+02,-1.008768237999640022e-01
1.144999999999999929e+01,3.544272727272727241e+00,9.990909090909092072e+00,6.446636363636363498e+00,5.729461270309999463e+02,2.491435988092000002e+02,-8.863695679996359822e-02
1.146000000000000085e+01,3.533999999999998476e+00,9.969615384615380549e+00,6.435615384615381629e+00,5.734433415009999635e+02,2.491189245061999884e+02,-8.143924879995889654e-02
1.147000000000000064e+01,3.539764705882356033e+00,9.956058823529412294e+00,6.416294117647056261e+00,5.739435575730000210e+02,2.491294039901999895e+02,-9.536503479996880084e-02
1.148000000000000043e+01,3.569176470588235617e+00,9.963705882352940080e+00,6.394529411764705351e+00,5.744401190290000159e+02,2.491337146621999921e+02,-9.526977879996920140e-02
1.149000000000000021e+01,3.598461538461537490e+00,9.991846153846152490e+00,6.393384615384614555e+00,5.749342526789999965e+02,2.491279129931999989e+02,-8.313930779996840659e-02
1.150000000000000000e+01,3.607058823529412539e+00,1.000552941176470512e+01,6.398470588235293910e+00,5.754431651310000007e+02,2.491439608121999925e+02,-7.908268780000639320e-02
1.150999999999999979e+01,3.584705882352941408e+00,9.984352941176471319e+00,6.399647058823529910e+00,5.759318565190000072e+02,2.491808579942000108e+02,-8.410418280000199476e-02
1.151999999999999957e+01,3.564538461538461878e+00,9.977461538461538382e+00,6.412923076923076948e+00,5.764223442530000057e+02,2.492038350232000141e+02,-8.907616679999699749e-02
1.152999999999999936e+01,3.559857142857142165e+00,9.980714285714284983e+00,6.420857142857143707e+00,5.769341663090000338e+02,2.492040088402000038e+02,-8.896292079999700009e-02
1.153999999999999915e+01,3.576999999999999957e+00,9.990000000000000213e+00,6.413000000000000256e+00,5.774518352049999521e+02,2.491894921322000016e+02,-8.879654479999740668e-02
1.155000000000000071e+01,3.548538461538460975e+00,9.943076923076922924e+00,6.394538461538461505e+00,5.779695615430000544e+02,2.491739700002000006e+02,-9.062662180000680134e-02
1.156000000000000050e+01,3.532416666666666316e+00,9.927250000000000796e+00,6.394833333333333591e+00,5.784749658490000002e+02,2.491637470322000070e+02,-9.447814879996829784e-02
1.157000000000000028e+01,3.544857142857144261e+00,9.948142857142858730e+00,6.403285714285714469e+00,5.789686165489999894e+02,2.491488642442000128e+02,-9.331581779999309489e-02
1.158000000000000007e+01,3.574823529411765843e+00,9.986588235294117766e+00,6.411764705882352366e+00,5.794615527549999570e+02,2.491289502571999890e+02,-8.713586279996370088e-02
1.158999999999999986e+01,3.553058823529412713e+00,9.972470588235294642e+00,6.419411764705881929e+00,5.799577410389999841e+02,2.491222501061999992e+02,-7.900179079998280451e-02
1.159999999999999964e+01,3.532307692307693259e+00,9.963384615384615728e+00,6.431076923076922469e+00,5.804536759610000445e+02,2.491375357702000031e+02,-8.094540779999269409e-02
1.160999999999999943e+01,3.516846153846152845e+00,9.964999999999998082e+00,6.448153846153845237e+00,5.809502694889999930e+02,2.491588333612000099e+02,-9.291015379999280344e-02
1.161999999999999922e+01,3.535307692307691152e+00,9.994999999999997442e+00,6.459692307692306734e+00,5.814470021610000003e+02,2.491601454011999977e+02,-9.380428679996910546e-02
1.163000000000000078e+01,3.530999999999998806e+00,1.000161538461538413e+01,6.470615384615385324e+00,5.819434195469999622e+02,2.491494341382000073e+02,-9.065604479998219667e-02
1.164000000000000057e+01,3.536000000000001364e+00,1.000200000000000067e+01,6.465999999999998415e+00,5.824429202369999530e+02,2.491548965352000096e+02,-9.556423079997899972e-02
1.165000000000000036e+01,3.550470588235293601e+00,1.000341176470588422e+01,6.452941176470589291e+00,5.829481257370000549e+02,2.491656998221999970e+02,-9.848997779996479518e-02
1.166000000000000014e+01,3.542823529411764039e+00,1.001047058823529490e+01,6.467647058823530415e+00,5.834456287909999901e+02,2.491710623332000125e+02,-9.939822979999760055e-02
1.166999999999999993e+01,3.514769230769230202e+00,9.999769230769230077e+00,6.485000000000000320e+00,5.839556829790000165e+02,2.491671145681999917e+02,-1.032708617999600065e-01
1.167999999999999972e+01,3.482999999999996543e+00,9.982333333333331282e+00,6.499333333333334295e+00,5.844710701369999697e+02,2.491574757022000028e+02,-1.031222027999589980e-01
1.168999999999999950e+01,3.517999999999998018e+00,1.000899999999999856e+01,6.491000000000000547e+00,5.849759282789999588e+02,2.491392687672000079e+02,-8.994557279998230404e-02
1.169999999999999929e+01,3.539000000000000146e+00,1.002899999999999991e+01,6.489999999999999325e+00,5.854709487489999447e+02,2.491354820251999911e+02,-8.882208480000719497e-02
1.171000000000000085e+01,3.537214285714283868e+00,1.003721428571428476e+01,6.500000000000000888e+00,5.859736148890000322e+02,2.491381308992000072e+02,-9.071962079995879447e-02
1.172000000000000064e+01,3.519357142857142406e+00,1.002935714285714219e+01,6.509999999999999787e+00,5.864680344170000126e+02,2.491273232782000093e+02,-8.257145079997829651e-02
1.173000000000000043e+01,3.521000000000000352e+00,1.003283333333333438e+01,6.511833333333333584e+00,5.869642801429999963e+02,2.491196177031999923e+02,-7.643383180000630495e-02
1.174000000000000021e+01,3.525999999999999801e+00,1.003700000000000081e+01,6.511000000000000121e+00,5.874672615690000157e+02,2.491342898801999866e+02,-8.237374279997769499e-02
1.175000000000000000e+01,3.525999999999999801e+00,1.003700000000000081e+01,6.511000000000000121e+00,5.879569239209999978e+02,2.491541830541999900e+02,-9.633508879998839425e-02
1.175999999999999979e+01,3.511142857142858009e+00,1.002271428571428658e+01,6.511571428571428122e+00,5.884478366770000548e+02,2.491521685801999979e+02,-9.421876079997799913e-02
1.176999999999999957e+01,3.500307692307692342e+00,1.001907692307692344e+01,6.518769230769229317e+00,5.889512990130000389e+02,2.491408685261999949e+02,-8.806685480000639443e-02
1.177999999999999936e+01,3.500941176470588001e+00,1.003441176470588303e+01,6.533470588235294585e+00,5.894559049030000324e+02,2.491446297662000120e+02,-8.996788379995880602e-02
1.178999999999999915e+01,3.500352941176470445e+00,1.002852941176470658e+01,6.528176470588235247e+00,5.899557780989999856e+02,2.491611135702000013e+02,-9.991490380000760119e-02
1.180000000000000071e+01,3.507692307692310330e+00,1.002838461538461701e+01,6.520692307692306677e+00,5.904671446150000520e+02,2.491692672752000135e+02,-1.018299257999600027e-01
1.181000000000000050e+01,3.522222222222219035e+00,1.003316666666666279e+01,6.510944444444444201e+00,5.909779943329999696e+02,2.491513811661999966e+02,-9.465313380001129373e-02
1.182000000000000028e+01,3.494444444444442688e+00,1.000483333333333036e+01,6.510388888888888559e+00,5.914870741849999831e+02,2.491294052272000101e+02,-8.246227380001110163e-02
1.183000000000000007e+01,3.483769230769231395e+00,9.999307692307692008e+00,6.515538461538461945e+00,5.919896817730000294e+02,2.491330771652000067e+02,-7.736338679995849454e-02
1.183999999999999986e+01,3.512999999999999901e+00,1.004700000000000060e+01,6.533999999999999808e+00,5.924745775830000412e+02,2.491487342082000112e+02,-7.931076979996899701e-02
1.184999999999999964e+01,3.522999999999999687e+00,1.006623076923076887e+01,6.543230769230769184e+00,5.929712528129999782e+02,2.491510516721999977e+02,-7.820844979999179436e-02
1.185999999999999943e+01,3.500470588235294223e+00,1.004647058823529449e+01,6.546000000000000263e+00,5.934747717029999876e+02,2.491387603061999982e+02,-7.005302080001130083e-02
1.186999999999999922e+01,3.463999999999999968e+00,1.000999999999999979e+01,6.546000000000000263e+00,5.939676250969999955e+02,2.491378440862000048e+02,-7.194016179996400029e-02
1.188000000000000078e+01,3.472461538461539821e+00,1.003692307692308106e+01,6.564461538461541679e+00,5.944693260450000025e+02,2.491574052402000063e+02,-9.089769079996949663e-02
1.189000000000000057e+01,3.475000000000000089e+00,1.003207692307692334e+01,6.557076923076921915e+00,5.949618957809999529e+02,2.491614596921999976e+02,-9.880247080000649496e-02
1.190000000000000036e+01,3.466555555555555834e+00,1.001255555555555610e+01,6.546000000000000263e+00,5.954578834410000354e+02,2.491407289182000113e+02,-8.961893579999190285e-02
1.191000000000000014e+01,3.445444444444444088e+00,9.991444444444445239e+00,6.546000000000000263e+00,5.959627164349999475e+02,2.491405107982000118e+02,-8.750584879998239696e-02
1.191999999999999993e+01,3.448538461538462219e+00,1.000100000000000122e+01,6.552461538461538559e+00,5.964730585410000003e+02,2.491666104312000130e+02,-9.648445879999799357e-02
1.192999999999999972e+01,3.470769230769231495e+00,1.003030769230769259e+01,6.559538461538461540e+00,5.969697625129999778e+02,2.491859677342000055e+02,-9.244223079997890280e-02
1.193999999999999950e+01,3.500000000000000000e+00,1.005799999999999983e+01,6.557999999999999829e+00,5.974591630249999525e+02,2.491928956851999999e+02,-8.635776280000639904e-02
1.194999999999999929e+01,3.485294117647060208e+00,1.004211764705882537e+01,6.556823529411764717e+00,5.979551807589999726e+02,2.491891835822000019e+02,-8.023428379997719906e-02
1.196000000000000085e+01,3.477769230769231168e+00,1.003400000000000070e+01,6.556230769230769084e+00,5.984516542549999940e+02,2.491774880632000020e+02,-7.308253079997240054e-02
1.197000000000000064e+01,3.487000000000000099e+00,1.004400000000000048e+01,6.557000000000000384e+00,5.989532912810000198e+02,2.491630718511999873e+02,-6.892004980001130432e-02
1.198000000000000043e+01,3.473111111111110816e+00,1.002399999999999913e+01,6.550888888888889205e+00,5.994624617570000282e+02,2.491570597671999963e+02,-7.578561479995829520e-02
1.199000000000000021e+01,3.466166666666667950e+00,1.001600000000000179e+01,6.549833333333334728e+00,5.999605363450000368e+02,2.491524139022000099e+02,-8.365847479999689862e-02
1.200000000000000000e+01,3.487000000000000099e+00,1.005599999999999916e+01,6.568999999999999950e+00,6.004537885030000552e+02,2.491445126341999980e+02,-8.452087679997299929e-02
1.200999999999999979e+01,3.500888888888888051e+00,1.006877777777777716e+01,6.567888888888888665e+00,6.009602205910000521e+02,2.491513759201999960e+02,-8.843245679999230113e-02
1.201999999999999957e+01,3.502307692307697451e+00,1.006392307692308563e+01,6.561615384615387292e+00,6.014627471430000014e+02,2.491740174011999898e+02,-9.940061779996020586e-02
1.202999999999999936e+01,3.453846153846159783e+00,9.988538461538471580e+00,6.534692307692311353e+00,6.019636180469999545e+02,2.491905687882000109e+02,-1.063476347999649935e-01
1.203999999999999915e+01,3.457307692307690861e+00,9.989307692307690445e+00,6.532000000000000028e+00,6.024665099589999500e+02,2.491892594701999997e+02,-9.823109079998400273e-02
1.205000000000000071e+01,3.456764705882352295e+00,9.993352941176469884e+00,6.536588235294117588e+00,6.029717969390000007e+02,2.491810861582000030e+02,-8.708977779995910606e-02
1.206000000000000050e+01,3.449705882352940733e+00,9.993941176470588772e+00,6.544235294117647150e+00,6.034745191890000342e+02,2.491827507762000096e+02,-8.498380280000619735e-02
1.207000000000000028e+01,3.457357142857143462e+00,1.000942857142857356e+01,6.552071428571428768e+00,6.039699673869999970e+02,2.491890152972000010e+02,-8.089566179998730622e-02
1.208000000000000007e+01,3.466615384615385764e+00,1.001800000000000068e+01,6.551384615384614918e+00,6.044590541669999766e+02,2.491838952491999919e+02,-7.776877680000179871e-02
1.208999999999999986e+01,3.471833333333332661e+00,1.001783333333333381e+01,6.546000000000000263e+00,6.049600350289999824e+02,2.491634283022000034e+02,-7.458510079995910036e-02
1.209999999999999964e+01,3.460999999999999854e+00,1.001699999999999946e+01,6.556000000000000050e+00,6.054773318630000176e+02,2.491378831311999988e+02,-7.137987879997219343e-02
1.210999999999999943e+01,3.468222222222221873e+00,1.002477777777777668e+01,6.556555555555555692e+00,6.059796257189999551e+02,2.491295070701999919e+02,-6.923857479996320397e-02
1.211999999999999922e+01,3.471846153846155136e+00,1.003069230769230913e+01,6.558846153846153548e+00,6.064743364949999886e+02,2.491486939271999859e+02,-8.119629279996369575e-02
1.213000000000000078e+01,3.461076923076922274e+00,1.002915384615384653e+01,6.568076923076923812e+00,6.069758655609999778e+02,2.491712642971999969e+02,-9.616445080000750323e-02
1.214000000000000057e+01,3.443384615384614378e+00,1.001999999999999957e+01,6.576615384615385196e+00,6.074772169310000436e+02,2.491618505092000078e+02,-8.901966280000229992e-02
1.215000000000000036e+01,3.449058823529412621e+00,1.003788235294117825e+01,6.588823529411765634e+00,6.079782839770000464e+02,2.491574179771999979e+02,-8.489253179998350329e-02
1.216000000000000014e+01,3.470823529411765751e+00,1.007435294117647118e+01,6.603529411764706758e+00,6.084828070549999666e+02,2.491801769841999885e+02,-9.486065679997339462e-02
1.216999999999999993e+01,3.456285714285714850e+00,1.006321428571428633e+01,6.606928571428571040e+00,6.089747495909999770e+02,2.491952170122000041e+02,-1.018043277999789997e-01
1.217999999999999972e+01,3.423538461538466304e+00,1.003538461538461846e+01,6.611846153846152596e+00,6.094725055630000270e+02,2.491786007642000129e+02,-9.063490280001110233e-02
1.218999999999999950e+01,3.396333333333328763e+00,1.001383333333332892e+01,6.617500000000000604e+00,6.099834113910000042e+02,2.491597303991999866e+02,-7.945459979998789612e-02
1.219999999999999929e+01,3.447999999999999954e+00,1.006300000000000061e+01,6.615000000000000213e+00,6.104894137530000080e+02,2.491565741741999886e+02,-7.733088679997779380e-02
1.221000000000000085e+01,3.440777777777777047e+00,1.004966666666666519e+01,6.608888888888888147e+00,6.109797576390000131e+02,2.491645257401999913e+02,-8.024987879996380025e-02
1.222000000000000064e+01,3.432999999999999385e+00,1.003730769230769226e+01,6.604307692307692434e+00,6.114782029570000077e+02,2.491709295061999967e+02,-8.516162079995949485e-02
1.223000000000000043e+01,3.422999999999999599e+00,1.002884615384615330e+01,6.605846153846154145e+00,6.119907664309999973e+02,2.491581174831999874e+02,-8.700240779996930296e-02
1.224000000000000021e+01,3.447941176470590285e+00,1.005235294117647271e+01,6.604411764705882426e+00,6.124977956449999965e+02,2.491369765222000012e+02,-8.881504079997820655e-02
1.225000000000000000e+01,3.469285714285713862e+00,1.006871428571428417e+01,6.599428571428570756e+00,6.130019163650000564e+02,2.491316919232000089e+02,-9.168426979996370518e-02
1.225999999999999979e+01,3.460714285714286298e+00,1.004228571428571648e+01,6.581571428571429294e+00,6.134946290609999551e+02,2.491507859502000031e+02,-9.764206579999219759e-02
1.226999999999999957e+01,3.476882352941175203e+00,1.005488235294117594e+01,6.578000000000000291e+00,6.139862311629999567e+02,2.491717914902000075e+02,-1.116069048000020020e-01
1.227999999999999936e+01,3.496153846153846612e+00,1.007300000000000040e+01,6.576846153846155119e+00,6.144857296330000054e+02,2.491772891672000014e+02,-1.065151508000079933e-01
1.228999999999999915e+01,3.487692307692308535e+00,1.005300000000000082e+01,6.565307692307692733e+00,6.149793500790000280e+02,2.491804763382000090e+02,-9.341650079997379508e-02
1.230000000000000071e+01,3.461384615384612840e+00,1.004099999999999859e+01,6.579615384615386198e+00,6.154721754390000115e+02,2.491975947971999972e+02,-9.336726279997389910e-02
1.231000000000000050e+01,3.463500000000002021e+00,1.005711111111111400e+01,6.593611111111111533e+00,6.159699372249999669e+02,2.492159719231999873e+02,-1.003214127999779992e-01
1.232000000000000028e+01,3.498499999999999943e+00,1.009933333333333394e+01,6.600833333333333108e+00,6.164724568530000397e+02,2.492036376702000098e+02,-8.816602879997870179e-02
1.233000000000000007e+01,3.516583333333332728e+00,1.009800000000000075e+01,6.581416666666668469e+00,6.169737204849999443e+02,2.491782141632000105e+02,-7.496473780000169340e-02
1.233999999999999986e+01,3.502384615384618982e+00,1.006338461538461893e+01,6.561000000000000831e+00,6.174869412330000387e+02,2.491714352351999935e+02,-8.082668979997320591e-02
1.234999999999999964e+01,3.474571428571426868e+00,1.002914285714285469e+01,6.554571428571427383e+00,6.179967687609999984e+02,2.491714597742000024e+02,-9.071342579996409528e-02
1.235999999999999943e+01,3.492428571428570105e+00,1.005485714285714138e+01,6.562428571428570834e+00,6.184899075890000404e+02,2.491655446581999911e+02,-9.458287979998279693e-02
1.236999999999999922e+01,3.495999999999999996e+00,1.005341176470588316e+01,6.557411764705882717e+00,6.189964247090000526e+02,2.491533748971999955e+02,-1.004273038000129958e-01
1.238000000000000078e+01,3.495923076923076689e+00,1.004592307692307607e+01,6.549999999999999822e+00,6.194980060689999846e+02,2.491399358852000034e+02,-1.022683217999639932e-01
1.239000000000000057e+01,3.495153846153846278e+00,1.004515384615384654e+01,6.549999999999999822e+00,6.199923122669999884e+02,2.491311144162000062e+02,-9.712720379996910014e-02
1.240000000000000036e+01,3.503000000000001002e+00,1.006715384615384856e+01,6.564153846153848448e+00,6.204941245469999558e+02,2.491487211701999911e+02,-1.040777347999739949e-01
1.241000000000000014e+01,3.508384615384615213e+00,1.007676923076923003e+01,6.568384615384615266e+00,6.209996457769999552e+02,2.491715407041999981e+02,-1.130458447999889982e-01
1.241999999999999993e+01,3.512846153846155062e+00,1.007200000000000095e+01,6.559153846153845890e+00,6.214935518790000515e+02,2.491697254512000086e+02,-1.029295017999980050e-01
1.242999999999999972e+01,3.532076923076923780e+00,1.008200000000000074e+01,6.549923076923076515e+00,6.219896246130000463e+02,2.491650467322000111e+02,-8.780254180001159647e-02
1.243999999999999950e+01,3.559000000000000163e+00,1.010050000000000026e+01,6.541500000000000092e+00,6.224944872370000439e+02,2.491818543391999867e+02,-8.674952279997789895e-02
1.244999999999999929e+01,3.574500000000005784e+00,1.010883333333333844e+01,6.534333333333332661e+00,6.229910800989999871e+02,2.492031625141999882e+02,-9.571428679999219313e-02
1.246000000000000085e+01,3.479499999999994486e+00,1.001716666666666100e+01,6.537666666666667403e+00,6.234902085050000551e+02,2.491975999761999958e+02,-9.658363279996970419e-02
1.247000000000000064e+01,3.503352941176472779e+00,1.003976470588235514e+01,6.536411764705882810e+00,6.240004592789999833e+02,2.491726612362000139e+02,-9.138210479997399549e-02
1.248000000000000043e+01,3.532857142857142918e+00,1.006628571428571384e+01,6.533428571428570919e+00,6.245026092870000411e+02,2.491492597122000063e+02,-8.718780880001129885e-02
1.249000000000000021e+01,3.532142857142857029e+00,1.005771428571428494e+01,6.525571428571429244e+00,6.250006270989999848e+02,2.491456086871999958e+02,-9.606419779996840103e-02
1.250000000000000000e+01,3.493846153846158042e+00,1.000246153846154407e+01,6.508615384615385580e+00,6.255037222989999464e+02,2.491582876562000024e+02,-1.009970447999650051e-01
1.250999999999999979e+01,3.484411764705880099e+00,9.986647058823525214e+00,6.502235294117646447e+00,6.260049917449999839e+02,2.491678575232000128e+02,-1.059193287999599942e-01
1.251999999999999957e+01,3.513235294117645235e+00,1.002194117647058569e+01,6.508705882352940897e+00,6.265101112830000147e+02,2.491626228672000138e+02,-1.107885248000120004e-01
1.252999999999999936e+01,3.519615384615384812e+00,1.002899999999999991e+01,6.509384615384615991e+00,6.270128034589999970e+02,2.491472688142000038e+02,-1.056224937999599989e-01
1.253999999999999915e+01,3.511071428571430175e+00,1.002078571428571507e+01,6.509714285714285786e+00,6.275046573690000287e+02,2.491463132352000116e+02,-1.025096857999740069e-01
1.255000000000000071e+01,3.498647058823533662e+00,1.000958823529412278e+01,6.510941176470588232e+00,6.279983121069999470e+02,2.491664520452000033e+02,-1.114709777999890045e-01
1.256000000000000050e+01,3.535117647058824364e+00,1.004547058823529504e+01,6.510352941176470232e+00,6.284971855969999979e+02,2.491829000182000016e+02,-1.154180548000079964e-01
1.257000000000000028e+01,3.553000000000000380e+00,1.007038461538461505e+01,6.517384615384614222e+00,6.289900926589999699e+02,2.491810383501999979e+02,-1.023017507999740006e-01
1.258000000000000007e+01,3.544076923076922903e+00,1.007615384615384713e+01,6.532076923076924224e+00,6.294803777710000077e+02,2.491900165081999887e+02,-9.722432579997880575e-02
1.258999999999999986e+01,3.544846153846153758e+00,1.005769230769230838e+01,6.512846153846155062e+00,6.299859566650000033e+02,2.492118270901999892e+02,-1.091888827999790007e-01
1.259999999999999964e+01,3.561941176470587056e+00,1.007705882352940918e+01,6.515117647058823458e+00,6.304839154810000537e+02,2.492092061852000029e+02,-1.090688607999790033e-01
1.260999999999999943e+01,3.574307692307695739e+00,1.009730769230769454e+01,6.522999999999999687e+00,6.309831262550000019e+02,2.491846529361999956e+02,-9.987112279996500364e-02
1.261999999999999922e+01,3.507384615384620208e+00,1.004038461538461924e+01,6.532999999999999474e+00,6.314924659490000067e+02,2.491756739722000020e+02,-9.872613079998859842e-02
1.263000000000000078e+01,3.516769230769233534e+00,1.005115384615384855e+01,6.534384615384615458e+00,6.320011238869999488e+02,2.491786401441999885e+02,-1.076234988000019932e-01
1.264000000000000057e+01,3.552111111111113662e+00,1.008222222222222442e+01,6.530111111111110311e+00,6.324992530309999665e+02,2.491730347191999897e+02,-1.044928897999610057e-01
1.265000000000000036e+01,3.594333333333333602e+00,1.011666666666666714e+01,6.522333333333333094e+00,6.330013193390000197e+02,2.491686450741999863e+02,-1.043657137999590007e-01
1.266000000000000014e+01,3.553692307692309704e+00,1.006669230769231049e+01,6.512999999999999901e+00,6.335091498970000430e+02,2.491685591432000138e+02,-1.132524977999739973e-01
1.266999999999999993e+01,3.516470588235293349e+00,1.002017647058823613e+01,6.503705882352941003e+00,6.340084495190000098e+02,2.491599979732000065e+02,-1.151112327999840035e-01
1.267999999999999972e+01,3.537647058823528923e+00,1.003311764705882325e+01,6.495470588235294329e+00,6.345110835870000301e+02,2.491456599281999900e+02,-1.049487667999930013e-01
1.268999999999999950e+01,3.550461538461538336e+00,1.003807692307692356e+01,6.487615384615384784e+00,6.350032525609999539e+02,2.491567311802000120e+02,-1.048783397999940026e-01
1.269999999999999929e+01,3.547555555555556683e+00,1.003033333333333488e+01,6.482777777777777750e+00,6.354882376629999499e+02,2.491883732462000012e+02,-1.198821837999800022e-01
1.271000000000000085e+01,3.526444444444443160e+00,1.000866666666666482e+01,6.482222222222222108e+00,6.359840592550000338e+02,2.492056450622000057e+02,-1.248328527999749971e-01
1.272000000000000064e+01,3.558615384615386290e+00,1.004061538461538561e+01,6.482000000000000206e+00,6.364842975889999934e+02,2.491981815951999977e+02,-1.146951737999839932e-01
1.273000000000000043e+01,3.609249999999999847e+00,1.009424999999999883e+01,6.485000000000000320e+00,6.369896426770000062e+02,2.491889922752000075e+02,-1.085502958000120061e-01
1.274000000000000021e+01,3.617611111111111999e+00,1.011177777777777820e+01,6.494166666666666643e+00,6.374931379729999890e+02,2.491946650282000064e+02,-1.184583678000040025e-01
1.275000000000000000e+01,3.603722222222222271e+00,1.009955555555555584e+01,6.495833333333333570e+00,6.379932645310000225e+02,2.491891630172000021e+02,-1.183276988000040025e-01
1.275999999999999979e+01,3.593999999999999861e+00,1.009261538461538521e+01,6.498615384615384905e+00,6.384972389609999937e+02,2.491688917632000084e+02,-1.081440018000130038e-01
1.276999999999999957e+01,3.593999999999999861e+00,1.009800000000000075e+01,6.503999999999999559e+00,6.390075763629999983e+02,2.491599803821999899e+02,-1.039990067999940065e-01
1.277999999999999936e+01,3.564769230769231356e+00,1.007030769230769174e+01,6.505538461538461270e+00,6.395148928290000185e+02,2.491688974031999919e+02,-1.079176358000129982e-01
1.278999999999999915e+01,3.560666666666666202e+00,1.005772222222222290e+01,6.497055555555556694e+00,6.400050654990000112e+02,2.491798476012000094e+02,-1.098472387999649968e-01
1.280000000000000071e+01,3.567333333333333911e+00,1.005161111111111083e+01,6.484277777777776919e+00,6.404986324989999957e+02,2.491839766921999910e+02,-1.127520278000079951e-01
1.281000000000000050e+01,3.568000000000000060e+00,1.006674999999999898e+01,6.498749999999999361e+00,6.410137355550000393e+02,2.491793155542000022e+02,-1.166210197999699993e-01
1.282000000000000028e+01,3.548555555555555241e+00,1.005761111111111106e+01,6.509055555555555372e+00,6.415191371969999636e+02,2.491691349221999872e+02,-1.084726187999889985e-01
1.283000000000000007e+01,3.520777777777776230e+00,1.003705555555555406e+01,6.516277777777778724e+00,6.420160132729999987e+02,2.491854794811999909e+02,-1.094197557999650045e-01
1.283999999999999986e+01,3.526307692307692587e+00,1.003569230769230813e+01,6.509384615384615103e+00,6.425117520530000093e+02,2.492217490641999973e+02,-1.224375208000000048e-01
1.284999999999999964e+01,3.533999999999999808e+00,1.002733333333333299e+01,6.493333333333333179e+00,6.429969326310000497e+02,2.492324177952000070e+02,-1.233672347999749952e-01
1.285999999999999943e+01,3.540666666666666185e+00,1.001288888888888984e+01,6.472222222222223209e+00,6.434900939430000335e+02,2.492085562002000074e+02,-1.041732177999690062e-01
1.286999999999999922e+01,3.557999999999998497e+00,1.003338461538461246e+01,6.475384615384615294e+00,6.439936128330000429e+02,2.491962648342000080e+02,-9.601778879998859595e-02
1.288000000000000078e+01,3.578882352941178624e+00,1.006211764705882672e+01,6.483235294117648095e+00,6.444960527570000295e+02,2.492028789562000100e+02,-1.059294167999799974e-01
1.289000000000000057e+01,3.600647058823531754e+00,1.009035294117647297e+01,6.489705882352941657e+00,6.449919598249999808e+02,2.492011106692000055e+02,-1.148129177999940020e-01
1.290000000000000036e+01,3.588333333333332043e+00,1.007999999999999829e+01,6.491666666666666252e+00,6.454963911270000381e+02,2.491728383592000000e+02,-1.086009167999660019e-01
1.291000000000000014e+01,3.601857142857144645e+00,1.008271428571428530e+01,6.480857142857142428e+00,6.459976558690000275e+02,2.491473972121999907e+02,-1.003995957999840039e-01
1.291999999999999993e+01,3.629444444444443807e+00,1.009411111111110948e+01,6.464666666666666117e+00,6.464959880789999715e+02,2.491557836021999890e+02,-1.093183837999990027e-01
1.292999999999999972e+01,3.621666666666666590e+00,1.007966666666666633e+01,6.458000000000000185e+00,6.469963462230000459e+02,2.491813167731999954e+02,-1.172972097999789992e-01
1.293999999999999950e+01,3.593923076923079218e+00,1.004453846153846364e+01,6.450615384615384862e+00,6.474953319329999886e+02,2.491957962342000030e+02,-1.132372647999600052e-01
1.294999999999999929e+01,3.547235294117644155e+00,9.990764705882348551e+00,6.443529411764704840e+00,6.480042158649999919e+02,2.491948006862000113e+02,-1.131205467999610026e-01
1.296000000000000085e+01,3.599588235294124416e+00,1.004841176470588948e+01,6.448823529411765065e+00,6.485161514730000363e+02,2.491929848231999927e+02,-1.110002428000080033e-01
1.297000000000000064e+01,3.626333333333331854e+00,1.007499999999999751e+01,6.448666666666666103e+00,6.490128255930000023e+02,2.491953199271999893e+02,-1.048979527999790023e-01
1.298000000000000043e+01,3.607842105263154853e+00,1.005110526315789166e+01,6.443263157894737247e+00,6.494995460469999671e+02,2.492141037122000000e+02,-1.018559287999930008e-01
1.299000000000000021e+01,3.562052631578945583e+00,1.001163157894736599e+01,6.449578947368420856e+00,6.499989632589999928e+02,2.492385744601999988e+02,-1.118312287999840005e-01
1.300000000000000000e+01,3.538999999999999702e+00,9.993000000000000327e+00,6.453999999999999737e+00,6.505080181849999690e+02,2.492345838082000000e+02,-1.117039057999840018e-01
1.300999999999999979e+01,3.565999999999999837e+00,1.001815384615384730e+01,6.452153846153846573e+00,6.510025779669999793e+02,2.492037729962000014e+02,-9.748509279997349952e-02
1.301999999999999957e+01,3.565999999999999837e+00,9.999692307692308546e+00,6.433692307692308709e+00,6.514983398550000402e+02,2.491870004142000141e+02,-9.831563780000809882e-02
1.302999999999999936e+01,3.583882352941174965e+00,1.001341176470588046e+01,6.429529411764705493e+00,6.519939053790000116e+02,2.491912152792000086e+02,-1.092203367999740049e-01
1.303999999999999915e+01,3.611769230769226624e+00,1.003961538461538083e+01,6.427846153846155097e+00,6.524912643630000275e+02,2.491815558552000027e+02,-1.070756027999650029e-01
1.305000000000000071e+01,3.689461538461547008e+00,1.010576923076923705e+01,6.416307692307690935e+00,6.530007739410000340e+02,2.491695994272000121e+02,-1.009200357999940068e-01
1.306000000000000050e+01,3.660111111111107984e+00,1.008566666666666478e+01,6.425555555555556353e+00,6.535156481169999552e+02,2.491689458731999878e+02,-1.008031917999930027e-01
1.307000000000000028e+01,3.604000000000000092e+00,1.004400000000000048e+01,6.440000000000000391e+00,6.540117542550000280e+02,2.491812329052000052e+02,-1.037361977999790019e-01
1.308000000000000007e+01,3.641692307692307118e+00,1.006323076923077053e+01,6.421538461538462528e+00,6.545109688449999794e+02,2.491917047821999915e+02,-1.036620887999789992e-01
1.308999999999999986e+01,3.667777777777776471e+00,1.008183333333333209e+01,6.414055555555555621e+00,6.550192262430000483e+02,2.492016842262000011e+02,-1.055842437999889999e-01
1.309999999999999964e+01,3.688888888888886441e+00,1.010016666666666474e+01,6.411277777777777409e+00,6.555229490870000291e+02,2.492033705631999965e+02,-1.134781877999700012e-01
1.310999999999999943e+01,3.569153846153864773e+00,9.982230769230787004e+00,6.413076923076922675e+00,6.560199667489999911e+02,2.491996907632000102e+02,-1.143546458000029992e-01
1.311999999999999922e+01,3.541470588235288375e+00,9.964294117647050086e+00,6.422823529411762600e+00,6.565155284989999700e+02,2.492039656041999933e+02,-1.082594467999739990e-01
1.313000000000000078e+01,3.585588235294119741e+00,1.002311764705882702e+01,6.437529411764706389e+00,6.570125183489999472e+02,2.492183169552000095e+02,-1.081995197999739977e-01
1.314000000000000057e+01,3.599692307692308191e+00,1.002138461538461556e+01,6.421692307692306478e+00,6.575144452910000155e+02,2.492339163892000045e+02,-1.181429627999650012e-01
1.315000000000000036e+01,3.576823529411762959e+00,9.991529411764703994e+00,6.414705882352941479e+00,6.580196770490000517e+02,2.492267132211999865e+02,-1.150051367999789936e-01
1.316000000000000014e+01,3.531529411764703585e+00,9.947411764705879733e+00,6.415882352941176592e+00,6.585086760909999839e+02,2.492055834541999957e+02,-1.058217487999650042e-01
1.316999999999999993e+01,3.591928571428568695e+00,1.000599999999999667e+01,6.414071428571428868e+00,6.590122528670000293e+02,2.491922796082000104e+02,-1.016627608000029992e-01
1.317999999999999972e+01,3.620647058823530884e+00,1.003011764705882491e+01,6.409470588235294919e+00,6.595298968370000239e+02,2.491957481871999960e+02,-1.135599218000040017e-01
1.318999999999999950e+01,3.605941176470589316e+00,1.000835294117647223e+01,6.402411764705882469e+00,6.600421169909999435e+02,2.491889475401999903e+02,-1.094219547999839975e-01
1.319999999999999929e+01,3.596882352941177086e+00,1.000917647058823512e+01,6.412294117647057590e+00,6.605345393269999477e+02,2.491780329771999902e+02,-9.927383879999270022e-02
1.321000000000000085e+01,3.596214285714292469e+00,1.002100000000000790e+01,6.424785714285714100e+00,6.610304446190000363e+02,2.491762929141999905e+02,-1.001573877999699935e-01
1.322000000000000064e+01,3.658357142857143529e+00,1.008100000000000129e+01,6.422642857142856876e+00,6.615281182229999786e+02,2.491786673771999858e+02,-9.905504679999270479e-02
1.323000000000000043e+01,3.646529411764706463e+00,1.006811764705882339e+01,6.421588235294117375e+00,6.620148653789999571e+02,2.491794376512000042e+02,-9.194943779998909772e-02
1.324000000000000021e+01,3.603000000000000203e+00,1.002399999999999913e+01,6.421000000000000263e+00,6.625149086809999517e+02,2.491929404631999887e+02,-9.788587679995970625e-02
1.325000000000000000e+01,3.632999999999998231e+00,1.008566666666666301e+01,6.452666666666664774e+00,6.630169487309999568e+02,2.492065572731999907e+02,-1.038222737999889983e-01
1.325999999999999979e+01,3.638999999999999790e+00,1.009355555555555561e+01,6.454555555555555379e+00,6.635111970430000383e+02,2.491987482842000077e+02,-9.468471479997410400e-02
1.326999999999999957e+01,3.638999999999999790e+00,1.008799999999999919e+01,6.448999999999999844e+00,6.640150882169999704e+02,2.491974818532000029e+02,-9.056812580001269430e-02
1.327999999999999936e+01,3.549714285714294704e+00,9.990857142857151985e+00,6.441142857142857281e+00,6.645208946589999641e+02,2.492153060191999998e+02,-1.005185548000020052e-01
1.328999999999999915e+01,3.549294117647050495e+00,9.986941176470580217e+00,6.437647058823529278e+00,6.650221654370000124e+02,2.492248547181999925e+02,-1.114408027999699985e-01
1.330000000000000071e+01,3.608117647058826538e+00,1.004517647058823826e+01,6.437058823529412166e+00,6.655241431189999730e+02,2.492044694662000097e+02,-1.012571477999790054e-01
1.331000000000000050e+01,3.594500000000000028e+00,1.003074999999999939e+01,6.436250000000000249e+00,6.660328816490000463e+02,2.491884731511999860e+02,-9.208747979996459443e-02
1.332000000000000028e+01,3.558833333333332849e+00,9.994444444444443576e+00,6.435611111111111171e+00,6.665423097469999902e+02,2.491954933222000079e+02,-9.999897280000299982e-02
1.333000000000000007e+01,3.517166666666664554e+00,9.952222222222220083e+00,6.435055555555555529e+00,6.670356498649999821e+02,2.492035982451999985e+02,-1.079178717999839943e-01
1.333999999999999986e+01,3.609230769230773461e+00,1.001653846153846494e+01,6.407307692307690594e+00,6.675345758710000155e+02,2.491840333081999859e+02,-9.973780280000220377e-02
1.334999999999999964e+01,3.634000000000000785e+00,1.002547058823529547e+01,6.391470588235294237e+00,6.680390635049999446e+02,2.491547732141999916e+02,-9.052228479998769561e-02
1.335999999999999943e+01,3.604000000000003645e+00,9.989588235294123209e+00,6.385588235294117787e+00,6.685463503409999930e+02,2.491466645081999900e+02,-9.338084579997429913e-02
1.336999999999999922e+01,3.613705882352939547e+00,1.001776470588234957e+01,6.404058823529409139e+00,6.690491614390000450e+02,2.491643212051999967e+02,-1.023313437999889969e-01
1.338000000000000078e+01,3.630428571428573559e+00,1.004614285714285593e+01,6.415714285714283704e+00,6.695395331790000455e+02,2.491893267222000077e+02,-9.831045179996919514e-02
1.339000000000000057e+01,3.657571428571431138e+00,1.004685714285714404e+01,6.389285714285711570e+00,6.700211484330000076e+02,2.492098116642000036e+02,-9.827558479996910401e-02
1.340000000000000036e+01,3.615941176470586438e+00,1.000605882352941123e+01,6.390117647058824346e+00,6.705233033670000395e+02,2.492214176262000080e+02,-1.082048877999609998e-01
1.341000000000000014e+01,3.571692307692303281e+00,9.965692307692306073e+00,6.394000000000001904e+00,6.710330404930000441e+02,2.492054747822000138e+02,-1.000351927999789947e-01
1.341999999999999993e+01,3.658615384615378829e+00,1.002261538461538137e+01,6.364000000000001656e+00,6.715279142289999754e+02,2.491867084412000111e+02,-8.385879079995940677e-02
1.342999999999999972e+01,3.669777777777778027e+00,1.003355555555555512e+01,6.363777777777777089e+00,6.720302383810000038e+02,2.491953475232000130e+02,-8.577753679996889813e-02
1.343999999999999950e+01,3.661999999999999922e+00,1.003299999999999947e+01,6.371000000000000441e+00,6.725399824309999985e+02,2.492143804131999900e+02,-1.007313868000130064e-01
1.344999999999999929e+01,3.575846153846154785e+00,9.964538461538463565e+00,6.388692307692307892e+00,6.730486637410000412e+02,2.491993859941999858e+02,-9.056525979996410403e-02
1.346000000000000085e+01,3.589846153846162569e+00,9.997307692307703775e+00,6.407461538461540762e+00,6.735505839810000452e+02,2.491800061662000019e+02,-7.838515179996440041e-02
1.347000000000000064e+01,3.626823529411765445e+00,1.004299999999999926e+01,6.416176470588234260e+00,6.740541934950000496e+02,2.491836786551999978e+02,-8.928614779998819695e-02
1.348000000000000043e+01,3.633882352941176563e+00,1.004299999999999926e+01,6.409117647058823586e+00,6.745475347230000125e+02,2.491917659382000068e+02,-1.022050167999650067e-01
1.349000000000000021e+01,3.609615384615386002e+00,1.000315384615384673e+01,6.393538461538462059e+00,6.750454064670000207e+02,2.491731247301999872e+02,-9.902847379997900545e-02
1.350000000000000000e+01,3.603666666666665908e+00,9.985222222222221333e+00,6.381555555555554982e+00,6.755546584229999780e+02,2.491481360472000119e+02,-9.182697879997379908e-02
1.350999999999999979e+01,3.645333333333334203e+00,1.002577777777777790e+01,6.380444444444444585e+00,6.760496225609999783e+02,2.491453370892000123e+02,-9.370700779998350494e-02
1.351999999999999957e+01,3.644923076923076266e+00,1.001430769230769080e+01,6.369384615384614534e+00,6.765355169670000350e+02,2.491610476031999895e+02,-9.665436379997040250e-02
1.352999999999999936e+01,3.622705882352941220e+00,9.981647058823529761e+00,6.358941176470588097e+00,6.770263442469999973e+02,2.491780732322000063e+02,-9.060520379999710550e-02
1.353999999999999915e+01,3.615058823529412546e+00,9.980470588235293761e+00,6.365411764705881659e+00,6.775204523050000489e+02,2.491902674341999955e+02,-8.753828780001260412e-02
1.355000000000000071e+01,3.641076923076924210e+00,1.000769230769230944e+01,6.366615384615385231e+00,6.780277124389999699e+02,2.492001722391999863e+02,-9.446043379995990030e-02
1.356000000000000050e+01,3.657230769230768175e+00,1.002338461538461445e+01,6.366153846153846274e+00,6.785377087409999604e+02,2.491972369542000081e+02,-9.433662479995930106e-02
1.357000000000000028e+01,3.597999999999999865e+00,9.967999999999999972e+00,6.370000000000000107e+00,6.790407718689999683e+02,2.491929290042000105e+02,-8.720946980001149929e-02
1.358000000000000007e+01,3.599111111111111150e+00,9.974111111111110262e+00,6.375000000000000000e+00,6.795333398290000559e+02,2.491970116802000064e+02,-8.711429780001189727e-02
1.358999999999999986e+01,3.611230769230771465e+00,9.990076923076925297e+00,6.378846153846153832e+00,6.800323295350000308e+02,2.492114276371999892e+02,-1.010542447999649984e-01
1.359999999999999964e+01,3.667384615384609248e+00,1.004546153846153267e+01,6.378076923076923421e+00,6.805295173030000342e+02,2.492047668451999982e+02,-9.792012179997930388e-02
1.360999999999999943e+01,3.624062500000007958e+00,1.000318750000000811e+01,6.379125000000000156e+00,6.810215673550000020e+02,2.491828273472000035e+02,-8.373316579996860354e-02
1.361999999999999922e+01,3.594769230769225832e+00,9.971307692307689763e+00,6.376538461538463487e+00,6.815226352890000499e+02,2.491783807031999913e+02,-8.360601079996900220e-02
1.363000000000000078e+01,3.624000000000000110e+00,9.989000000000000767e+00,6.365000000000000213e+00,6.820239058449999447e+02,2.491879329301999917e+02,-9.352826479996059761e-02
1.364000000000000057e+01,3.630111111111111288e+00,1.000288888888889005e+01,6.372777777777778319e+00,6.825165559509999866e+02,2.491730284232000088e+02,-8.236601479999310083e-02
1.365000000000000036e+01,3.629307692307690125e+00,1.001384615384615273e+01,6.384538461538463494e+00,6.830173070450000523e+02,2.491565831721999871e+02,-7.119652679996860134e-02
1.366000000000000014e+01,3.600846153846152031e+00,1.001307692307692321e+01,6.412230769230770733e+00,6.835259075410000378e+02,2.491605547682000008e+02,-7.809744179997339664e-02
1.366999999999999993e+01,3.610999999999999766e+00,1.002050000000000018e+01,6.409499999999999531e+00,6.840277195989999655e+02,2.491781650501999934e+02,-8.404797880000200450e-02
1.367999999999999972e+01,3.622000000000001219e+00,1.002600000000000158e+01,6.403999999999999915e+00,6.845204309629999671e+02,2.491972802452000053e+02,-8.400581080000199541e-02
1.368999999999999950e+01,3.602000000000001201e+00,1.000600000000000200e+01,6.403999999999999915e+00,6.850153111790000366e+02,2.492134966941999892e+02,-8.895296579999850684e-02
1.369999999999999929e+01,3.598470588235294088e+00,9.995882352941178439e+00,6.397411764705882575e+00,6.855209174410000514e+02,2.492172831812000027e+02,-9.985391979996539880e-02
1.371000000000000085e+01,3.602388888888893081e+00,9.992333333333338174e+00,6.389944444444443761e+00,6.860249506449999899e+02,2.491959853351999925e+02,-9.766663980001209777e-02
1.372000000000000064e+01,3.636277777777780162e+00,1.002566666666666784e+01,6.389388888888889007e+00,6.865208810850000418e+02,2.491762564571999974e+02,-8.748664579996509594e-02
1.373000000000000043e+01,3.645692307692307121e+00,1.003999999999999915e+01,6.394307692307692470e+00,6.870263722409999900e+02,2.491820573201999878e+02,-9.339469979999340254e-02
1.374000000000000021e+01,3.597999999999999865e+00,1.000999999999999979e+01,6.411999999999999922e+00,6.875273575850000043e+02,2.491966049151999982e+02,-1.023346348000069989e-01
1.375000000000000000e+01,3.575647058823529179e+00,9.982941176470587763e+00,6.407294117647058584e+00,6.880337001589999772e+02,2.491874867061999907e+02,-9.218975979995959469e-02
1.375999999999999979e+01,3.580307692307693301e+00,9.974846153846154806e+00,6.394538461538461505e+00,6.885410408850000294e+02,2.491784290241999997e+02,-8.104486979999230012e-02
1.376999999999999957e+01,3.648000000000000131e+00,1.001099999999999923e+01,6.363000000000000433e+00,6.890359471369999937e+02,2.491766425461999859e+02,-7.892845779998360067e-02
1.377999999999999936e+01,3.620222222222223785e+00,9.984333333333333727e+00,6.364111111111111718e+00,6.895296862410000358e+02,2.491777588932000072e+02,-8.682261179996489386e-02
1.378999999999999915e+01,3.594153846153848253e+00,9.957153846153849130e+00,6.363000000000001322e+00,6.900352597649999780e+02,2.491645690452000110e+02,-8.266358180000289713e-02
1.380000000000000071e+01,3.574923076923075982e+00,9.927923076923075740e+00,6.352999999999999758e+00,6.905358981949999588e+02,2.491500993621999953e+02,-7.750112780000699420e-02
1.381000000000000050e+01,3.605823529411766870e+00,9.950411764705885176e+00,6.344588235294117418e+00,6.910353991069999893e+02,2.491555582311999899e+02,-8.340930779997819677e-02
1.382000000000000028e+01,3.629307692307690125e+00,9.965615384615382766e+00,6.336307692307691752e+00,6.915298251149999942e+02,2.491797334002000071e+02,-9.638469480001229939e-02
1.383000000000000007e+01,3.600846153846152031e+00,9.928692307692307040e+00,6.327846153846153676e+00,6.920241035010000132e+02,2.491889430822000122e+02,-9.030719179998450419e-02
1.383999999999999986e+01,3.597500000000000142e+00,9.924500000000000099e+00,6.326999999999999957e+00,6.925117357010000205e+02,2.491917565072000116e+02,-8.620861379996500040e-02
1.384999999999999964e+01,3.597923076923076557e+00,9.924999999999998934e+00,6.327076923076923265e+00,6.930152312190000430e+02,2.491974257322000028e+02,-9.711667979998860056e-02
1.385999999999999943e+01,3.607153846153845489e+00,9.934999999999998721e+00,6.327846153846153676e+00,6.935204654189999474e+02,2.491901837562000139e+02,-1.049787877999699970e-01
1.386999999999999922e+01,3.603352941176471091e+00,9.919588235294119372e+00,6.316235294117648280e+00,6.940276618530000405e+02,2.491661076672000092e+02,-8.978091779998390032e-02
1.388000000000000078e+01,3.603000000000007308e+00,9.905692307692314458e+00,6.302692307692307594e+00,6.945236795869999469e+02,2.491623955642000112e+02,-8.365743880001150212e-02
1.389000000000000057e+01,3.663000000000006473e+00,9.962615384615391534e+00,6.299615384615384173e+00,6.950157675250000011e+02,2.491924363592000020e+02,-9.965405979997400687e-02
1.390000000000000036e+01,3.661352941176470033e+00,9.966941176470587749e+00,6.305588235294117716e+00,6.955130432529999780e+02,2.492017817582000134e+02,-1.035764337999939971e-01
1.391000000000000014e+01,3.644230769230770051e+00,9.957076923076924047e+00,6.312846153846153996e+00,6.960147045390000358e+02,2.491693908432000057e+02,-8.435043379998789781e-02
1.391999999999999993e+01,3.626538461538463043e+00,9.937846153846153996e+00,6.311307692307692285e+00,6.965269511730000431e+02,2.491445802131999869e+02,-7.514888779997309920e-02
1.392999999999999972e+01,3.645588235294115798e+00,9.964117647058820637e+00,6.318529411764704840e+00,6.970328729430000294e+02,2.491603864751999993e+02,-9.109221079999299531e-02
1.393999999999999950e+01,3.668888888888889976e+00,9.997111111111111725e+00,6.328222222222221305e+00,6.975140606910000542e+02,2.491708166262000077e+02,-9.502199080001269560e-02
1.394999999999999929e+01,3.647777777777780006e+00,9.988222222222223223e+00,6.340444444444442773e+00,6.979996081829999639e+02,2.491575098621999871e+02,-8.386695779998799838e-02
1.396000000000000085e+01,3.624352941176470111e+00,9.971588235294117197e+00,6.347235294117647086e+00,6.985050681550000036e+02,2.491463096941999993e+02,-8.171498579997850398e-02
1.397000000000000064e+01,3.595529411764704975e+00,9.936882352941175611e+00,6.341352941176470637e+00,6.990052828950000503e+02,2.491568103461999897e+02,-8.964080779995979575e-02
1.398000000000000043e+01,3.599857142857144421e+00,9.944428571428574060e+00,6.344571428571429195e+00,6.994970539930000086e+02,2.491748525341999994e+02,-9.459509580001300433e-02
1.399000000000000021e+01,3.622529411764706442e+00,9.975941176470589866e+00,6.353411764705882980e+00,6.999872259969999959e+02,2.491858133162000115e+02,-9.352471679997860499e-02
1.400000000000000000e+01,3.630176470588235116e+00,9.990647058823528326e+00,6.360470588235293654e+00,7.004820186969999440e+02,2.491860165182000060e+02,-9.341536279997950110e-02
1.400999999999999979e+01,3.624384615384617092e+00,9.992615384615385565e+00,6.368230769230768473e+00,7.009941277410000566e+02,2.491811667432000093e+02,-1.022843877999940060e-01
1.401999999999999957e+01,3.614882352941173327e+00,9.988352941176469102e+00,6.373470588235295331e+00,7.015090851730000168e+02,2.491615083661999961e+02,-9.610043579996520313e-02
1.402999999999999936e+01,3.644294117647056019e+00,1.001011764705882179e+01,6.365823529411765769e+00,7.020007369050000534e+02,2.491465468602000044e+02,-8.493820679999730672e-02
1.403999999999999915e+01,3.654714285714286248e+00,1.002992857142857019e+01,6.375214285714283946e+00,7.025001801529999739e+02,2.491530146812000055e+02,-8.784993979998359515e-02
1.405000000000000071e+01,3.647705882352941575e+00,1.004741176470588293e+01,6.399705882352941799e+00,7.030079837869999437e+02,2.491709457892000046e+02,-9.980031479998399679e-02
1.406000000000000050e+01,3.654764705882352693e+00,1.006152941176470605e+01,6.406764705882352473e+00,7.035172660389999919e+02,2.491629722492000099e+02,-9.665886979999889494e-02
1.407000000000000028e+01,3.662692307692307025e+00,1.006938461538461560e+01,6.406692307692307686e+00,7.040154214409999440e+02,2.491393603692000056e+02,-8.746468779998380072e-02
1.408000000000000007e+01,3.668058823529412926e+00,1.006435294117647139e+01,6.396294117647059352e+00,7.045107847870000342e+02,2.491295693072000006e+02,-9.031996579996970365e-02
1.408999999999999986e+01,3.638647058823530678e+00,1.002788235294117847e+01,6.389235294117646902e+00,7.050083472810000558e+02,2.491338946422000049e+02,-1.022246167999709965e-01
1.409999999999999964e+01,3.624999999999999556e+00,1.001738461538461422e+01,6.392384615384614222e+00,7.055075881290000552e+02,2.491263600641999858e+02,-9.608693479999849685e-02
1.410999999999999943e+01,3.633941176470588008e+00,1.004294117647058826e+01,6.408999999999999808e+00,7.059959043049999536e+02,2.491171930732000135e+02,-9.194593679997850599e-02
1.411999999999999922e+01,3.633352941176470452e+00,1.004235294117646937e+01,6.408999999999999808e+00,7.064870769030000019e+02,2.491281755741999859e+02,-1.008754767999939933e-01
1.413000000000000078e+01,3.611571428571422882e+00,1.001457142857142202e+01,6.402999999999998693e+00,7.069771362430000181e+02,2.491411119242000041e+02,-1.058121317999899946e-01
1.414000000000000057e+01,3.557999999999999829e+00,9.945999999999999730e+00,6.387999999999999901e+00,7.074760353249999980e+02,2.491395640261999915e+02,-1.006956537999929985e-01
1.415000000000000036e+01,3.590500000000002689e+00,9.976000000000002643e+00,6.385499999999999510e+00,7.079765330569999833e+02,2.491451045901999919e+02,-9.960385479996139435e-02
1.416000000000000014e+01,3.617631578947370752e+00,9.996736842105264031e+00,6.379105263157894612e+00,7.084865609869999616e+02,2.491591632802000049e+02,-1.095400598000079995e-01
1.416999999999999993e+01,3.643421052631580448e+00,1.001515789473684315e+01,6.371736842105263143e+00,7.089925640149999708e+02,2.491559964712000124e+02,-1.104163287999850029e-01
1.417999999999999972e+01,3.640600000000000058e+00,1.000755000000000017e+01,6.366950000000000109e+00,7.095106290109999918e+02,2.491345370511999988e+02,-9.722528580000719400e-02
1.418999999999999950e+01,3.634600000000000719e+00,9.997050000000001546e+00,6.362450000000000827e+00,7.100156908850000264e+02,2.491303113472000064e+02,-9.909803479996029396e-02
1.419999999999999929e+01,3.657142857142854364e+00,1.002685714285713914e+01,6.369714285714284330e+00,7.105062365049999471e+02,2.491522758961999955e+02,-1.080664597999750065e-01
1.421000000000000085e+01,3.659722222222220989e+00,1.003344444444444328e+01,6.373722222222221845e+00,7.109917595150000125e+02,2.491569473632000040e+02,-1.109749517999610025e-01
1.422000000000000064e+01,3.639166666666666661e+00,1.001233333333333420e+01,6.373166666666667091e+00,7.114941355170000179e+02,2.491295841191999898e+02,-9.776656979998379904e-02
1.423000000000000043e+01,3.646461538461537977e+00,1.000061538461538468e+01,6.354153846153846708e+00,7.120053276669999605e+02,2.491057007462000001e+02,-9.256855579998879424e-02
1.424000000000000021e+01,3.677076923076921133e+00,1.001446153846153742e+01,6.337384615384615394e+00,7.125095942330000298e+02,2.491154098581999961e+02,-1.064907228000000067e-01
1.425000000000000000e+01,3.717117647058825192e+00,1.005170588235294282e+01,6.334588235294118519e+00,7.129997691229999646e+02,2.491263247761999935e+02,-1.184202657999989944e-01
1.425999999999999979e+01,3.688294117647060055e+00,1.000876470588235456e+01,6.320470588235295395e+00,7.134923067869999613e+02,2.491133923092000089e+02,-1.142650437999809948e-01
1.426999999999999957e+01,3.667307692307692601e+00,9.971923076923078000e+00,6.304615384615385842e+00,7.140028730689999747e+02,2.491004733441999974e+02,-1.141058847999800036e-01
1.427999999999999936e+01,3.661882352941174812e+00,9.952588235294113517e+00,6.290705882352940037e+00,7.145103926010000350e+02,2.491233821801999966e+02,-1.300739107999999977e-01
1.428999999999999915e+01,3.690705882352939948e+00,1.000847058823529068e+01,6.317764705882352061e+00,7.149997109670000555e+02,2.491492973141999983e+02,-1.350565207999950001e-01
1.430000000000000071e+01,3.687529411764700615e+00,1.002458823529411269e+01,6.337058823529412521e+00,7.154750768010000002e+02,2.491564327032000108e+02,-1.269758938000140058e-01
1.431000000000000050e+01,3.636352941176470122e+00,9.981058823529410873e+00,6.344705882352941195e+00,7.159710375370000293e+02,2.491537189681999962e+02,-1.208559497999859983e-01
1.432000000000000028e+01,3.626999999999999780e+00,9.969000000000001194e+00,6.342000000000000526e+00,7.164859698210000261e+02,2.491520494062000068e+02,-1.257355407999810049e-01
1.433000000000000007e+01,3.637411764705882788e+00,9.974235294117647754e+00,6.336823529411764966e+00,7.169998151050000388e+02,2.491343272382000009e+02,-1.205586737999859992e-01
1.433999999999999986e+01,3.652117647058823913e+00,9.988352941176470878e+00,6.336235294117646966e+00,7.174910377769999741e+02,2.491093356371999903e+02,-1.063611337999740003e-01
1.434999999999999964e+01,3.654333333333333211e+00,9.982333333333333059e+00,6.328000000000000291e+00,7.179910498949999464e+02,2.491058374181999966e+02,-1.042375467999659966e-01
1.435999999999999943e+01,3.648222222222222477e+00,9.962888888888889127e+00,6.314666666666667538e+00,7.185016204370000423e+02,2.491279365231999918e+02,-1.152020047999900015e-01
1.436999999999999922e+01,3.669153846153843546e+00,9.979307692307690658e+00,6.310153846153846224e+00,7.190053989470000033e+02,2.491286456601999930e+02,-1.170924497999979996e-01
1.438000000000000078e+01,3.675352941176468935e+00,9.984941176470586655e+00,6.309588235294118164e+00,7.195001611290000483e+02,2.491118372471999862e+02,-1.119230518000040031e-01
1.439000000000000057e+01,3.660058823529410255e+00,9.970823529411763531e+00,6.310764705882353276e+00,7.199936408349999510e+02,2.490999495631999991e+02,-1.107713257999709960e-01
1.440000000000000036e+01,3.657000000000000028e+00,9.952615384615382865e+00,6.295615384615382837e+00,7.204962506430000531e+02,2.491035862212000040e+02,-1.156723787999660025e-01
1.441000000000000014e+01,3.668470588235295260e+00,9.957411764705883073e+00,6.288941176470588701e+00,7.210058481810000330e+02,2.491076359841999874e+02,-1.165733087999989981e-01
1.441999999999999993e+01,3.691411764705881282e+00,9.986235294117646433e+00,6.294823529411764262e+00,7.214995852869999453e+02,2.491087840831999927e+02,-1.154675167999660024e-01
1.442999999999999972e+01,3.680615384615386176e+00,9.969846153846155801e+00,6.289230769230770512e+00,7.219869324969999980e+02,2.491165893481999944e+02,-1.113866138000040029e-01
1.443999999999999950e+01,3.660444444444445722e+00,9.942944444444446361e+00,6.282500000000000639e+00,7.224817552709999973e+02,2.491338112212000055e+02,-1.143373157999899997e-01
1.444999999999999929e+01,3.639333333333333975e+00,9.916833333333334721e+00,6.277499999999999858e+00,7.229880150330000106e+02,2.491436907792000000e+02,-1.122595367999790067e-01
1.446000000000000085e+01,3.647000000000002906e+00,9.921923076923079066e+00,6.274923076923077048e+00,7.234823510830000259e+02,2.491518915091999986e+02,-1.091784807999929968e-01
1.447000000000000064e+01,3.661588235294118032e+00,9.929941176470586939e+00,6.268352941176469351e+00,7.239766323549999925e+02,2.491610553271999891e+02,-1.161008997999990050e-01
1.448000000000000043e+01,3.668058823529411594e+00,9.922294117647059153e+00,6.254235294117647115e+00,7.244780433869999570e+02,2.491506008352000094e+02,-1.209525047999940039e-01
1.449000000000000021e+01,3.650076923076923663e+00,9.900076923076923663e+00,6.250000000000000000e+00,7.249939688969999452e+02,2.491139843141999961e+02,-1.107084818000040050e-01
1.450000000000000000e+01,3.640999999999999126e+00,9.894692307692306343e+00,6.253692307692307217e+00,7.254949482050000142e+02,2.490935420632000046e+02,-1.005248478000130008e-01
1.450999999999999979e+01,3.657470588235294695e+00,9.920117647058823707e+00,6.262647058823528567e+00,7.259873189129999673e+02,2.491186262982000130e+02,-1.065038537999840051e-01
1.451999999999999957e+01,3.642176470588236015e+00,9.911294117647059920e+00,6.269117647058823017e+00,7.264801774549999891e+02,2.491527140361999955e+02,-1.235145877999809932e-01
1.452999999999999936e+01,3.625571428571428889e+00,9.898857142857144353e+00,6.273285714285713688e+00,7.269868045749999510e+02,2.491386110432000009e+02,-1.113520497999799935e-01
1.453999999999999915e+01,3.607000000000000206e+00,9.881000000000000227e+00,6.274000000000000021e+00,7.274884099729999889e+02,2.491072008561999951e+02,-9.712955479997049946e-02
1.455000000000000071e+01,3.628666666666669371e+00,9.889333333333334863e+00,6.260666666666665492e+00,7.279901362909999989e+02,2.491087696671999936e+02,-1.060235347999849975e-01
1.456000000000000050e+01,3.643999999999999240e+00,9.892153846153846075e+00,6.248153846153845947e+00,7.284792555870000115e+02,2.491206294822000018e+02,-1.169566398000090046e-01
1.457000000000000028e+01,3.633999999999999453e+00,9.872923076923076025e+00,6.238923076923076572e+00,7.289746732669999574e+02,2.491098823881999920e+02,-1.078084547999930004e-01
1.458000000000000007e+01,3.646235294117647907e+00,9.884764705882354008e+00,6.238529411764705657e+00,7.294755114329999515e+02,2.491094574402000035e+02,-9.969548780001209753e-02
1.458999999999999986e+01,3.664333333333335219e+00,9.907000000000003581e+00,6.242666666666667474e+00,7.299774110070000006e+02,2.491430809692000139e+02,-1.107025337999800046e-01
1.459999999999999964e+01,3.696000000000000174e+00,9.957000000000000739e+00,6.261000000000000121e+00,7.304704953210000440e+02,2.491732105151999974e+02,-1.176991877999850056e-01
1.460999999999999943e+01,3.688777777777778155e+00,9.936444444444445523e+00,6.247666666666667368e+00,7.309678514189999987e+02,2.491635969552000063e+02,-1.025545317999980027e-01
1.461999999999999922e+01,3.679153846153848217e+00,9.916307692307693600e+00,6.237153846153845826e+00,7.314675466969999889e+02,2.491481001292000030e+02,-8.938861179996519801e-02
1.463000000000000078e+01,3.659923076923075946e+00,9.897846153846153072e+00,6.237923076923077126e+00,7.319739226750000398e+02,2.491559476712000105e+02,-9.730370280000259775e-02
1.464000000000000057e+01,3.671235294117647818e+00,9.896529411764706907e+00,6.225294117647058201e+00,7.324777606249999735e+02,2.491556196322000005e+02,-1.101905467999790000e-01
1.465000000000000036e+01,3.682999999999999829e+00,9.900285714285715244e+00,6.217285714285715414e+00,7.329866975170000387e+02,2.491186041182000110e+02,-9.994667079998920123e-02
1.466000000000000014e+01,3.682999999999999829e+00,9.916714285714284927e+00,6.233714285714285097e+00,7.334867922250000447e+02,2.490961116601999947e+02,-8.875599379996529370e-02
1.466999999999999993e+01,3.682999999999999829e+00,9.920470588235293263e+00,6.237470588235294322e+00,7.339933699370000113e+02,2.491179721851999886e+02,-1.027205177999750002e-01
1.467999999999999972e+01,3.679555555555557245e+00,9.917666666666667297e+00,6.238111111111111384e+00,7.344835760109999683e+02,2.491458881341999927e+02,-1.227100868000139955e-01
1.468999999999999950e+01,3.645111111111111413e+00,9.884333333333334082e+00,6.239222222222222669e+00,7.349805618230000164e+02,2.491252178871999945e+02,-1.125265367999660066e-01
1.469999999999999929e+01,3.632769230769229640e+00,9.875076923076923308e+00,6.242307692307692335e+00,7.354754054850000102e+02,2.490894328752000035e+02,-9.329007879996120689e-02
1.471000000000000085e+01,3.672000000000000153e+00,9.922000000000000597e+00,6.250000000000000000e+00,7.359781290670000544e+02,2.490910763251999924e+02,-9.718406779998020606e-02
1.472000000000000064e+01,3.664352941176470591e+00,9.907882352941175697e+00,6.243529411764705550e+00,7.364803728489999912e+02,2.491186743661999969e+02,-1.181698437999949974e-01
1.473000000000000043e+01,3.658769230769230774e+00,9.903076923076923777e+00,6.244307692307692115e+00,7.369771037450000222e+02,2.491200146301999894e+02,-1.110640247999890029e-01
1.474000000000000021e+01,3.657999999999999918e+00,9.919999999999999929e+00,6.261999999999999567e+00,7.374654168130000471e+02,2.491108970312000110e+02,-9.292311079996090628e-02
1.475000000000000000e+01,3.680352941176471049e+00,9.941764705882354392e+00,6.261411764705882455e+00,7.379727631309999651e+02,2.491368362512000090e+02,-9.890180179998900312e-02
1.475999999999999979e+01,3.689318181818181941e+00,9.955636363636363839e+00,6.266318181818181898e+00,7.384785426490000191e+02,2.491726774562000060e+02,-1.119158217999659949e-01
1.476999999999999957e+01,3.667045454545454941e+00,9.951090909090909875e+00,6.284045454545454490e+00,7.389826032629999872e+02,2.491684406171999910e+02,-1.007886697999989950e-01
1.477999999999999936e+01,3.652769230769227438e+00,9.953692307692303842e+00,6.300923076923075961e+00,7.394772494510000342e+02,2.491536606921999919e+02,-8.662639579998850092e-02
1.478999999999999915e+01,3.710461538461534481e+00,1.002061538461538071e+01,6.310153846153845336e+00,7.399829127110000400e+02,2.491564488111999935e+02,-9.752381480001330594e-02
1.480000000000000071e+01,3.715882352941175526e+00,1.002223529411764602e+01,6.306352941176469606e+00,7.404821575549999579e+02,2.491488507292000065e+02,-1.093860248000139979e-01
1.481000000000000050e+01,3.699999999999989964e+00,1.000385714285713767e+01,6.303857142857147267e+00,7.409832207849999577e+02,2.491093930712000031e+02,-9.613526479997920593e-02
1.482000000000000028e+01,3.609999999999998987e+00,9.952428571428569626e+00,6.342428571428571971e+00,7.414741586889999780e+02,2.490893897821999872e+02,-8.295539380000320484e-02
1.483000000000000007e+01,3.614294117647058435e+00,9.962117647058821746e+00,6.347823529411765087e+00,7.419661315209999657e+02,2.491214449532000117e+02,-9.395911479997000326e-02
1.483999999999999986e+01,3.658999999999999808e+00,9.997999999999999332e+00,6.339000000000000412e+00,7.424592180549999512e+02,2.491515392192000036e+02,-1.109557087999659963e-01
1.484999999999999964e+01,3.651352941176470246e+00,9.990352941176469770e+00,6.339000000000000412e+00,7.429706940849999910e+02,2.491226816461999931e+02,-1.007400497999750011e-01
1.485999999999999943e+01,3.629153846153845286e+00,9.976692307692307082e+00,6.347538461538462684e+00,7.434818550510000250e+02,2.490817972421999968e+02,-8.748200979999749827e-02
1.486999999999999922e+01,3.572999999999999954e+00,9.948999999999999844e+00,6.376000000000000334e+00,7.439945064849999881e+02,2.490849914101999900e+02,-9.637929380001260260e-02
1.488000000000000078e+01,3.614111111111115715e+00,9.988444444444448678e+00,6.374333333333333407e+00,7.444882496269999592e+02,2.491211293551999972e+02,-1.143970707999859976e-01
1.489000000000000057e+01,3.641235294117644905e+00,1.001305882352940912e+01,6.371823529411764220e+00,7.449869510129999526e+02,2.491405900722000126e+02,-1.133547828000090046e-01
1.490000000000000036e+01,3.612411764705879769e+00,9.978352941176467539e+00,6.365941176470587770e+00,7.454855054429999655e+02,2.491450747181999930e+02,-9.625958680001230061e-02
1.491000000000000014e+01,3.617230769230772136e+00,9.984461538461543384e+00,6.367230769230769916e+00,7.459893705810000029e+02,2.491618112141999859e+02,-9.920656479999920285e-02
1.491999999999999993e+01,3.655176470588237247e+00,1.002505882352941313e+01,6.369882352941175441e+00,7.464892451089999668e+02,2.491782738501999859e+02,-1.151535487999609947e-01
1.492999999999999972e+01,3.691058823529410393e+00,1.004035294117647048e+01,6.349294117647059643e+00,7.469902246389999618e+02,2.491578280711999867e+02,-1.059699088000039952e-01
1.493999999999999950e+01,3.680153846153851660e+00,1.002376923076923454e+01,6.343615384615383768e+00,7.474858391269999629e+02,2.491260864742000081e+02,-8.874755780000799510e-02
1.494999999999999929e+01,3.636777777777776333e+00,9.990555555555552303e+00,6.353777777777776414e+00,7.479903330189999906e+02,2.491318126982000081e+02,-9.965560279997480453e-02
1.496000000000000085e+01,3.650666666666668281e+00,1.001833333333333620e+01,6.367666666666668362e+00,7.485031314090000478e+02,2.491499829372000079e+02,-1.246057948000089954e-01
1.497000000000000064e+01,3.662111111111111761e+00,1.003211111111111009e+01,6.369999999999998330e+00,7.490144943310000372e+02,2.491231079881999904e+02,-1.183971817999800030e-01
1.498000000000000043e+01,3.669888888888889422e+00,1.002488888888888852e+01,6.354999999999999538e+00,7.495067975230000457e+02,2.490791862032000097e+02,-9.313254280000400620e-02
1.499000000000000021e+01,3.634500000000000064e+00,9.978999999999999204e+00,6.344500000000000028e+00,7.500051292890000241e+02,2.490875796491999949e+02,-1.000513428000080057e-01
1.500000000000000000e+01,3.616941176470586772e+00,9.945411764705882618e+00,6.328470588235295402e+00,7.504997572529999843e+02,2.491257642731999908e+02,-1.200761567999899943e-01
1.500999999999999979e+01,3.669294117647057707e+00,9.968941176470588417e+00,6.299647058823530266e+00,7.509940625630000568e+02,2.491169569161999959e+02,-1.109350627999760031e-01
1.501999999999999957e+01,3.672076923076923460e+00,9.950153846153847681e+00,6.278076923076923777e+00,7.514977773729999626e+02,2.490836851592000016e+02,-9.070549179999319589e-02
1.502999999999999936e+01,3.655222222222223039e+00,9.927333333333333343e+00,6.272111111111110304e+00,7.520123667809999688e+02,2.490880199172000005e+02,-9.160631679997090215e-02
1.503999999999999915e+01,3.640777777777779445e+00,9.925666666666668192e+00,6.284888888888887415e+00,7.525132125369999585e+02,2.491225601191999885e+02,-1.096168767999989996e-01
1.505000000000000071e+01,3.652538461538462400e+00,9.937000000000001165e+00,6.284461538461537877e+00,7.530044403570000213e+02,2.491325724762000107e+02,-1.105429297999760002e-01
1.506000000000000050e+01,3.670705882352941263e+00,9.950823529411765733e+00,6.280117647058823138e+00,7.534937535750000279e+02,2.491234836522000080e+02,-1.004019467999840015e-01
1.507000000000000028e+01,3.663058823529411701e+00,9.950235294117646845e+00,6.287176470588235588e+00,7.540021828550000009e+02,2.491304538802000081e+02,-1.063134728000130064e-01
1.508000000000000007e+01,3.676666666666666750e+00,9.962666666666665449e+00,6.285999999999999588e+00,7.545122132269999611e+02,2.491444737621999934e+02,-1.272496117999709908e-01
1.508999999999999986e+01,3.704444444444442652e+00,9.983777777777776308e+00,6.279333333333333655e+00,7.550114558510000506e+02,2.491369109601999980e+02,-1.291118817999810098e-01
1.509999999999999964e+01,3.704222222222222527e+00,9.981777777777777416e+00,6.277555555555555777e+00,7.555064438050000035e+02,2.491161443551999923e+02,-1.139284037999939991e-01
1.510999999999999943e+01,3.697000000000000064e+00,9.974000000000000199e+00,6.277000000000000135e+00,7.559981843849999450e+02,2.491171749282000007e+02,-1.138226477999940006e-01
1.511999999999999922e+01,3.719941176470586086e+00,9.990470588235293548e+00,6.270529411764706573e+00,7.565051038630000448e+02,2.491330487731999881e+02,-1.267659677999710133e-01
1.513000000000000078e+01,3.730461538461538495e+00,9.996230769230770363e+00,6.265769230769230980e+00,7.570142730070000425e+02,2.491270578571999863e+02,-1.276315688000050075e-01
1.514000000000000057e+01,3.712000000000000188e+00,9.977000000000000313e+00,6.264999999999999680e+00,7.575149922509999669e+02,2.490936221592000095e+02,-1.054020728000139989e-01
1.515000000000000036e+01,3.703764705882353070e+00,9.971117647058823863e+00,6.267352941176470793e+00,7.580062456629999588e+02,2.490856386451999924e+02,-9.726457079997559430e-02
1.516000000000000014e+01,3.704230769230769660e+00,9.969769230769230717e+00,6.265538461538461057e+00,7.585123685009999690e+02,2.491154684741999858e+02,-1.162573447999799975e-01
1.516999999999999993e+01,3.725000000000000089e+00,9.978999999999999204e+00,6.253999999999999559e+00,7.590226244230000248e+02,2.491255336922000083e+02,-1.261794097999719977e-01
1.517999999999999972e+01,3.679705882352940716e+00,9.934882352941174943e+00,6.255176470588235560e+00,7.595164127130000224e+02,2.490906900491999920e+02,-1.069465077999660063e-01
1.518999999999999950e+01,3.656500000000000306e+00,9.908166666666666345e+00,6.251666666666666927e+00,7.600030741289999696e+02,2.490754188521999879e+02,-1.027843418000029957e-01
1.519999999999999929e+01,3.684833333333331407e+00,9.922055555555555628e+00,6.237222222222223778e+00,7.605131343530000549e+02,2.491064609331999975e+02,-1.257805427999710013e-01
1.521000000000000085e+01,3.706058823529412738e+00,9.932529411764706495e+00,6.226470588235293313e+00,7.610238186689999793e+02,2.491265668302000051e+02,-1.357379367999619890e-01
1.522000000000000064e+01,3.720176470588236750e+00,9.939588235294118945e+00,6.219411764705881751e+00,7.615240550050000365e+02,2.491191351152000095e+02,-1.166003118000129984e-01
1.523000000000000043e+01,3.669461538461531891e+00,9.903461538461534985e+00,6.234000000000001762e+00,7.620090069249999942e+02,2.491338079022000045e+02,-1.145441838000040014e-01
1.524000000000000021e+01,3.642944444444445207e+00,9.886944444444445423e+00,6.243999999999999773e+00,7.625163556850000077e+02,2.491597083142000031e+02,-1.315228088000010009e-01
1.525000000000000000e+01,3.656833333333333158e+00,9.900833333333332931e+00,6.243999999999999773e+00,7.630268070829999942e+02,2.491488001971999893e+02,-1.273707437999820058e-01
1.525999999999999979e+01,3.661000000000000032e+00,9.885235294117647342e+00,6.224235294117646866e+00,7.635373969590000343e+02,2.491179171132000079e+02,-1.091480838000079973e-01
1.526999999999999957e+01,3.661000000000000032e+00,9.856999999999999318e+00,6.195999999999999730e+00,7.640248027210000146e+02,2.491246993142000008e+02,-1.120636037999949985e-01
1.527999999999999936e+01,3.675444444444443626e+00,9.863666666666665250e+00,6.188222222222222513e+00,7.645142384130000437e+02,2.491485647922000055e+02,-1.320390537999769909e-01
1.528999999999999915e+01,3.692882352941173174e+00,9.871823529411763332e+00,6.178941176470590158e+00,7.650138809110000011e+02,2.491339993022000101e+02,-1.378765548000049912e-01
1.530000000000000071e+01,3.722294117647061196e+00,9.885941176470590008e+00,6.163647058823528369e+00,7.655305462850000140e+02,2.490844216371999948e+02,-1.225866067999610010e-01
1.531000000000000050e+01,3.717769230769227828e+00,9.874153846153843617e+00,6.156384615384615344e+00,7.660265348330000279e+02,2.490636767512000063e+02,-1.174030477999660066e-01
1.532000000000000028e+01,3.691222222222223515e+00,9.848333333333334494e+00,6.157111111111110979e+00,7.665199626889999536e+02,2.490877913932000070e+02,-1.313784497999760104e-01
1.533000000000000007e+01,3.712333333333333485e+00,9.869999999999999218e+00,6.157666666666666622e+00,7.670245997629999692e+02,2.491085536642000022e+02,-1.413395047999680132e-01
1.533999999999999986e+01,3.751769230769228081e+00,9.901769230769229324e+00,6.150000000000001243e+00,7.675459742790000064e+02,2.490993026561999955e+02,-1.281907977999910131e-01
1.534999999999999964e+01,3.809058823529412940e+00,9.942411764705884281e+00,6.133352941176469564e+00,7.680482091390000505e+02,2.490919567152000127e+02,-1.170530827999659990e-01
1.535999999999999943e+01,3.779647058823530692e+00,9.926529411764706268e+00,6.146882352941175576e+00,7.685324793029999455e+02,2.491185746381999877e+02,-1.250393148000049914e-01
1.536999999999999922e+01,3.753777777777778990e+00,9.901222222222225255e+00,6.147444444444445821e+00,7.690285600710000153e+02,2.491488540132000082e+02,-1.380358697999820028e-01
1.538000000000000078e+01,3.733222222222221109e+00,9.861777777777774645e+00,6.128555555555554868e+00,7.695430040769999778e+02,2.491381880042000034e+02,-1.298837448000010053e-01
1.539000000000000057e+01,3.737000000000000544e+00,9.862615384615384784e+00,6.125615384615385572e+00,7.700358817310000177e+02,2.491192970811999885e+02,-1.167073667999670022e-01
1.540000000000000036e+01,3.746411764705881886e+00,9.879705882352940449e+00,6.133294117647059451e+00,7.705235480009999947e+02,2.491390656732000082e+02,-1.336687367999619958e-01
1.541000000000000014e+01,3.731117647058823206e+00,9.872058823529410887e+00,6.140941176470589014e+00,7.710223110470000165e+02,2.491574539341999923e+02,-1.536227878000009928e-01
1.541999999999999993e+01,3.695923076923075534e+00,9.835769230769228599e+00,6.139846153846153953e+00,7.715270262289999437e+02,2.491242074241999944e+02,-1.423931417999780014e-01
1.542999999999999972e+01,3.666411764705882259e+00,9.799117647058823266e+00,6.132705882352941451e+00,7.720254085130000021e+02,2.490966197122000096e+02,-1.281848497999669989e-01
1.543999999999999950e+01,3.681117647058822051e+00,9.806176470588233940e+00,6.125058823529412777e+00,7.725073991589999878e+02,2.491280801972000063e+02,-1.461887387999959986e-01
1.544999999999999929e+01,3.704999999999995630e+00,9.818176470588232618e+00,6.113176470588236988e+00,7.730027676529999781e+02,2.491532930932000056e+02,-1.641676097999680006e-01
1.546000000000000085e+01,3.735000000000001652e+00,9.833470588235295295e+00,6.098470588235294088e+00,7.735127018089999638e+02,2.491163522182000065e+02,-1.489237427999819952e-01
1.547000000000000064e+01,3.744000000000000661e+00,9.835000000000000853e+00,6.090999999999999304e+00,7.740360699230000137e+02,2.490721794982000006e+02,-1.296513467999770020e-01
1.548000000000000043e+01,3.751923076923079137e+00,9.835846153846155460e+00,6.083923076923075435e+00,7.745318915149999839e+02,2.490894513142000051e+02,-1.346020157999719968e-01
1.549000000000000021e+01,3.771153846153845191e+00,9.844307692307692648e+00,6.073153846153846125e+00,7.750191882069999565e+02,2.491332377372000053e+02,-1.516482047999679894e-01
1.550000000000000000e+01,3.764333333333333975e+00,9.835333333333332817e+00,6.070999999999999730e+00,7.755196280530000195e+02,2.491397907811999914e+02,-1.465599647999729915e-01
1.550999999999999979e+01,3.750999999999999890e+00,9.821999999999999176e+00,6.070999999999999730e+00,7.760435111890000144e+02,2.491216860991999908e+02,-1.283794307999999995e-01
1.551999999999999957e+01,3.709333333333336036e+00,9.802833333333333954e+00,6.093499999999998806e+00,7.765484893630000442e+02,2.491364722742000026e+02,-1.343192997999710092e-01
1.552999999999999936e+01,3.717444444444443885e+00,9.820333333333332249e+00,6.102888888888888808e+00,7.770335319069999969e+02,2.491671089161999930e+02,-1.513195967999680092e-01
1.553999999999999915e+01,3.737999999999999989e+00,9.846999999999999531e+00,6.108999999999999986e+00,7.775233906229999548e+02,2.491660146431999863e+02,-1.552067887999870055e-01
1.555000000000000071e+01,3.730941176470587539e+00,9.846999999999999531e+00,6.116058823529412436e+00,7.780322687410000526e+02,2.491300257212000133e+02,-1.369664957999580102e-01
1.556000000000000050e+01,3.715499999999998693e+00,9.838999999999998636e+00,6.123500000000000831e+00,7.785215837350000356e+02,2.491209086732000060e+02,-1.348254648000060119e-01
1.557000000000000028e+01,3.680499999999997662e+00,9.812333333333331353e+00,6.131833333333333691e+00,7.790044028710000248e+02,2.491554036212000085e+02,-1.578399077999740052e-01
1.558000000000000007e+01,3.681235294117648493e+00,9.820764705882353951e+00,6.139529411764706346e+00,7.794996261850000110e+02,2.491656122221999965e+02,-1.677658227999639928e-01
1.558999999999999986e+01,3.717705882352939195e+00,9.864294117647055771e+00,6.146588235294117020e+00,7.800146644310000283e+02,2.491269878301999938e+02,-1.445148287999959980e-01
1.559999999999999964e+01,3.702230769230771656e+00,9.843461538461541593e+00,6.141230769230769937e+00,7.805196933449999506e+02,2.491057893191999995e+02,-1.303275997999850111e-01
1.560999999999999943e+01,3.680941176470589493e+00,9.817941176470588616e+00,6.136999999999999567e+00,7.810153199049999557e+02,2.491440274141999964e+02,-1.513523868000009875e-01
1.561999999999999922e+01,3.666823529411765925e+00,9.803823529411765492e+00,6.136999999999999567e+00,7.815169627450000007e+02,2.491646045761999915e+02,-1.653134808000120137e-01
1.563000000000000078e+01,3.686769230769233463e+00,9.823769230769233474e+00,6.136999999999999567e+00,7.820386184349999894e+02,2.491153366021999886e+02,-1.430234697999629989e-01
1.564000000000000057e+01,3.693647058823528173e+00,9.827117647058820182e+00,6.133470588235293341e+00,7.825518874809999943e+02,2.490726117961999933e+02,-1.177583897999849999e-01
1.565000000000000036e+01,3.678941176470587049e+00,9.805352941176467496e+00,6.126411764705881779e+00,7.830474572650000482e+02,2.491118447311999944e+02,-1.397867057999760132e-01
1.566000000000000014e+01,3.692444444444445750e+00,9.828111111111113019e+00,6.135666666666667268e+00,7.835372374290000153e+02,2.491647662951999962e+02,-1.628646108000010029e-01
1.566999999999999993e+01,3.713000000000000078e+00,9.862000000000000099e+00,6.149000000000000021e+00,7.840240671750000274e+02,2.491465423301999920e+02,-1.466919117999820055e-01
1.567999999999999972e+01,3.713714285714285523e+00,9.861285714285715542e+00,6.147571428571429131e+00,7.845291214589999527e+02,2.491073514761999945e+02,-1.224411337999810057e-01
1.568999999999999950e+01,3.696352941176471063e+00,9.844058823529412194e+00,6.147705882352941131e+00,7.850218927070000063e+02,2.491254224392000083e+02,-1.353953527999580131e-01
1.569999999999999929e+01,3.666941176470591923e+00,9.815823529411767723e+00,6.148882352941176244e+00,7.855104745390000289e+02,2.491642457972000102e+02,-1.604237977999919962e-01
1.571000000000000085e+01,3.684117647058824829e+00,9.832588235294119627e+00,6.148470588235293910e+00,7.860017860589999827e+02,2.491552462751999997e+02,-1.572827308000059876e-01
1.572000000000000064e+01,3.703411764705882625e+00,9.852941176470588758e+00,6.149529411764706133e+00,7.865086095430000341e+02,2.491201558351999950e+02,-1.350460387999579959e-01
1.573000000000000043e+01,3.710470588235294631e+00,9.867647058823530770e+00,6.157176470588235695e+00,7.869995537050000394e+02,2.491351388642000018e+02,-1.419897307999629932e-01
1.574000000000000021e+01,3.713999999999999968e+00,9.875000000000000000e+00,6.160999999999999588e+00,7.874911297710000326e+02,2.491741473312000039e+02,-1.630181367999780084e-01
1.575000000000000000e+01,3.713999999999999968e+00,9.875000000000000000e+00,6.160999999999999588e+00,7.879890318110000180e+02,2.491725212661999933e+02,-1.639016438000109877e-01
1.575999999999999979e+01,3.692857142857144392e+00,9.854428571428572425e+00,6.161571428571428477e+00,7.885077213429999574e+02,2.491401186061999908e+02,-1.396717818000099975e-01
1.576999999999999957e+01,3.683117647058823163e+00,9.847470588235294642e+00,6.164352941176470146e+00,7.890124401189999617e+02,2.491419007501999943e+02,-1.365657707999670123e-01
1.577999999999999936e+01,3.698411764705881843e+00,9.868647058823528440e+00,6.170235294117646596e+00,7.895120606189999535e+02,2.491803597852000109e+02,-1.595904617999920061e-01
1.578999999999999915e+01,3.697647058823529953e+00,9.874176470588235333e+00,6.176529411764705380e+00,7.900126171250000198e+02,2.491848737571999948e+02,-1.664950797999960042e-01
1.580000000000000071e+01,3.689999999999999947e+00,9.872999999999999332e+00,6.182999999999999829e+00,7.905258311710000498e+02,2.491431155671999988e+02,-1.502334807999770039e-01
1.581000000000000050e+01,3.627142857142855448e+00,9.802999999999999048e+00,6.175857142857142712e+00,7.910334829229999514e+02,2.491110631182000077e+02,-1.320073488000060025e-01
1.582000000000000028e+01,3.611176470588235876e+00,9.797235294117648152e+00,6.186058823529412720e+00,7.915202623730000369e+02,2.491288167831999942e+02,-1.379617357999770033e-01
1.583000000000000007e+01,3.626470588235295001e+00,9.834294117647059963e+00,6.207823529411765406e+00,7.920111241670000481e+02,2.491627905231999875e+02,-1.549725117999720125e-01
1.583999999999999986e+01,3.640500000000000291e+00,9.852499999999999147e+00,6.211999999999999744e+00,7.925089683209999976e+02,2.491621769381999911e+02,-1.518595777999859897e-01
1.584999999999999964e+01,3.657249999999997669e+00,9.868000000000000327e+00,6.210750000000002657e+00,7.930100032950000468e+02,2.491407574872000055e+02,-1.356724447999680117e-01
1.585999999999999943e+01,3.699749999999994987e+00,9.877999999999998337e+00,6.178250000000003794e+00,7.935061666530000366e+02,2.491520426232000034e+02,-1.396019097999859904e-01
1.586999999999999922e+01,3.721999999999998643e+00,9.903499999999997527e+00,6.181499999999998884e+00,7.939975977609999518e+02,2.491760432671999865e+02,-1.535773537999960137e-01
1.588000000000000078e+01,3.736294117647054769e+00,9.924999999999997158e+00,6.188705882352941501e+00,7.944915056390000245e+02,2.491741997901999923e+02,-1.514609627999879971e-01
1.589000000000000057e+01,3.699235294117646511e+00,9.894999999999999574e+00,6.195764705882353063e+00,7.949892043910000439e+02,2.491585854381999923e+02,-1.392950787999860107e-01
1.590000000000000036e+01,3.677444444444444294e+00,9.874777777777778098e+00,6.197333333333333805e+00,7.954884207569999717e+02,2.491690290912000023e+02,-1.472209217999669861e-01
1.591000000000000014e+01,3.678555555555555578e+00,9.869222222222223451e+00,6.190666666666666096e+00,7.959940016489999834e+02,2.491908079211999905e+02,-1.681854247999839957e-01
1.591999999999999993e+01,3.695615384615385413e+00,9.894230769230771827e+00,6.198615384615385082e+00,7.964976371989999961e+02,2.491764774831999887e+02,-1.720228538000020124e-01
1.592999999999999972e+01,3.706666666666666554e+00,9.918166666666666131e+00,6.211500000000000021e+00,7.970077421270000286e+02,2.491365450321999901e+02,-1.557683877999830047e-01
1.593999999999999950e+01,3.678888888888890651e+00,9.892055555555556268e+00,6.213166666666666949e+00,7.975099210990000529e+02,2.491301798192000092e+02,-1.496341778000100098e-01
1.594999999999999929e+01,3.653823529411766469e+00,9.871352941176471774e+00,6.217529411764705749e+00,7.980113357249999808e+02,2.491547539812000025e+02,-1.626094177999869994e-01
1.596000000000000085e+01,3.631470588235291785e+00,9.856058823529409096e+00,6.224588235294118199e+00,7.985087831130000495e+02,2.491610936922000121e+02,-1.695211687999919892e-01
1.597000000000000064e+01,3.635666666666667268e+00,9.863000000000001322e+00,6.227333333333333165e+00,7.990236516969999911e+02,2.491254432361999989e+02,-1.522807437999960101e-01
1.598000000000000043e+01,3.648333333333333428e+00,9.876333333333333186e+00,6.227999999999999758e+00,7.995223746369999844e+02,2.490918864841999891e+02,-1.320512777999580112e-01
1.599000000000000021e+01,3.662222222222221379e+00,9.890222222222222470e+00,6.227999999999999758e+00,8.000173122950000106e+02,2.491070975092000026e+02,-1.389948857999629972e-01
1.600000000000000000e+01,3.659666666666667290e+00,9.886777777777778553e+00,6.227111111111111263e+00,8.005109982169999512e+02,2.491442373502000009e+02,-1.560162037999590079e-01
1.601000000000000156e+01,3.653000000000000025e+00,9.878999999999999559e+00,6.225999999999999979e+00,8.010006843849999996e+02,2.491461628771999983e+02,-1.529140427999720053e-01
1.601999999999999957e+01,3.645352941176471795e+00,9.886058823529410233e+00,6.240705882352939327e+00,8.015018907969999873e+02,2.491217412661999902e+02,-1.387162927999630035e-01
1.603000000000000114e+01,3.649000000000001798e+00,9.897230769230770164e+00,6.248230769230769255e+00,8.019978539749999982e+02,2.491189887232000046e+02,-1.435962827999580083e-01
1.603999999999999915e+01,3.678999999999999826e+00,9.917999999999999261e+00,6.238999999999999879e+00,8.025035486409999521e+02,2.491387743452000052e+02,-1.635537217999969983e-01
1.605000000000000071e+01,3.673090909090908518e+00,9.917090909090909179e+00,6.244000000000000661e+00,8.029991126109999868e+02,2.491430139061999967e+02,-1.674584627999599895e-01
1.605999999999999872e+01,3.667181818181819430e+00,9.916181818181819096e+00,6.248999999999998778e+00,8.034970941330000187e+02,2.491224429941999858e+02,-1.452749637999679877e-01
1.607000000000000028e+01,3.691999999999996174e+00,9.942666666666662323e+00,6.250666666666666593e+00,8.039863806490000115e+02,2.491313676812000040e+02,-1.391975657999960092e-01
1.607999999999999829e+01,3.689210526315796823e+00,9.947789473684213846e+00,6.258578947368417467e+00,8.045005773289999524e+02,2.491776773331999948e+02,-1.602466988000119941e-01
1.608999999999999986e+01,3.662894736842106092e+00,9.934105263157894328e+00,6.271210526315789124e+00,8.050076096929999494e+02,2.491915720821999969e+02,-1.681829787999920001e-01
1.610000000000000142e+01,3.648874999999999424e+00,9.919937499999999631e+00,6.271062500000000206e+00,8.055138905649999970e+02,2.491484412272000100e+02,-1.449180337999680102e-01
1.610999999999999943e+01,3.644846153846145409e+00,9.912538461538449752e+00,6.267692307692303899e+00,8.060062258289999590e+02,2.491215063612000051e+02,-1.317133967999910005e-01
1.612000000000000099e+01,3.683307692307695280e+00,9.967923076923080217e+00,6.284615384615386269e+00,8.065006536130000541e+02,2.491456533061999892e+02,-1.526887358000059980e-01
1.612999999999999901e+01,3.679888888888890541e+00,9.963444444444446546e+00,6.283555555555556005e+00,8.070006425809999655e+02,2.491601121502000069e+02,-1.706286377999780002e-01
1.614000000000000057e+01,3.665999999999999925e+00,9.944000000000000838e+00,6.277999999999999581e+00,8.075003654490000145e+02,2.491265877012000090e+02,-1.573991088000009919e-01
1.614999999999999858e+01,3.648380952380956721e+00,9.926380952380956302e+00,6.277999999999999581e+00,8.080051930729999867e+02,2.490913691512000128e+02,-1.391624347999730060e-01
1.616000000000000014e+01,3.630761904761906855e+00,9.908761904761906436e+00,6.277999999999999581e+00,8.084942540389999976e+02,2.491042485021999937e+02,-1.440991107999670118e-01
1.617000000000000171e+01,3.655307692307697032e+00,9.922230769230772296e+00,6.266923076923074376e+00,8.089871684690000393e+02,2.491373555122000027e+02,-1.561063397999679914e-01
1.617999999999999972e+01,3.657823529411763808e+00,9.920882352941175597e+00,6.263058823529411789e+00,8.094788513849999845e+02,2.491393950371999892e+02,-1.530041367999830093e-01
1.619000000000000128e+01,3.642529411764702463e+00,9.907352941176467809e+00,6.264823529411764902e+00,8.099868749769999567e+02,2.491183745792000082e+02,-1.368168567999620000e-01
1.619999999999999929e+01,3.648411764705882909e+00,9.892764705882353127e+00,6.244352941176469329e+00,8.104894277869999542e+02,2.491230096051999965e+02,-1.417214447999579907e-01
1.621000000000000085e+01,3.653526315789471735e+00,9.878578947368419350e+00,6.225052631578946283e+00,8.109927264970000351e+02,2.491496733332000133e+02,-1.607036767999640015e-01
1.621999999999999886e+01,3.646157894736842486e+00,9.866473684210527395e+00,6.220315789473684021e+00,8.114847269189999679e+02,2.491637008811999863e+02,-1.716437887999880119e-01
1.623000000000000043e+01,3.650000000000001688e+00,9.863538461538462698e+00,6.213538461538460567e+00,8.119864200550000533e+02,2.491483004131999905e+02,-1.634777968000070136e-01
1.623999999999999844e+01,3.680000000000000160e+00,9.881999999999999673e+00,6.201999999999999957e+00,8.124766750930000399e+02,2.491402599001999931e+02,-1.553403157999679873e-01
1.625000000000000000e+01,3.687058823529411722e+00,9.881999999999999673e+00,6.194941176470588395e+00,8.129661660069999698e+02,2.491631552341999907e+02,-1.673122787999679895e-01
1.626000000000000156e+01,3.694166666666667265e+00,9.879999999999999005e+00,6.185833333333333073e+00,8.134720298910000338e+02,2.491799739761999888e+02,-1.792591607999700076e-01
1.626999999999999957e+01,3.701388888888889284e+00,9.873333333333333073e+00,6.171944444444444677e+00,8.139756890349999594e+02,2.491476794191999886e+02,-1.650330887999590102e-01
1.628000000000000114e+01,3.704583333333333339e+00,9.854166666666658969e+00,6.149583333333326074e+00,8.144807430969999587e+02,2.491084920931999989e+02,-1.397823167999809879e-01
1.628999999999999915e+01,3.704000000000000181e+00,9.832166666666667609e+00,6.128166666666666984e+00,8.149700877210000272e+02,2.491164007721999951e+02,-1.387013538000050061e-01
1.630000000000000071e+01,3.704000000000000181e+00,9.832722222222223252e+00,6.128722222222221738e+00,8.154620048870000346e+02,2.491494331432000138e+02,-1.557085738000009989e-01
1.630999999999999872e+01,3.721777777777773633e+00,9.857444444444437792e+00,6.135666666666664604e+00,8.159630730430000085e+02,2.491449829711999939e+02,-1.565814127999780037e-01
1.632000000000000028e+01,3.757333333333333414e+00,9.906333333333332547e+00,6.148999999999999133e+00,8.164764576390000457e+02,2.491002367332000063e+02,-1.383092208000049894e-01
1.632999999999999829e+01,3.745250000000007518e+00,9.912833333333335162e+00,6.167583333333328532e+00,8.169840283549999640e+02,2.490871538272000123e+02,-1.361501367999959911e-01
1.633999999999999986e+01,3.715388888888892183e+00,9.887000000000005784e+00,6.171611111111112713e+00,8.174900387510000428e+02,2.491189556962000040e+02,-1.621499388000069986e-01
1.635000000000000142e+01,3.688166666666666593e+00,9.847000000000001307e+00,6.158833333333333826e+00,8.179890289009999833e+02,2.491333645971999999e+02,-1.780898737999689896e-01
1.635999999999999943e+01,3.669705882352944037e+00,9.834176470588236185e+00,6.164470588235291260e+00,8.184942862509999486e+02,2.491081655581999996e+02,-1.658884927999690062e-01
1.637000000000000099e+01,3.654999999999999805e+00,9.833000000000000185e+00,6.177999999999999936e+00,8.189946394690000488e+02,2.490986912431999940e+02,-1.597437197999969916e-01
1.637999999999999901e+01,3.675555555555550580e+00,9.846333333333330273e+00,6.170777777777779249e+00,8.194929449769999792e+02,2.491250911442000131e+02,-1.727260927999740014e-01
1.639000000000000057e+01,3.692000000000000171e+00,9.854411764705883314e+00,6.162411764705884032e+00,8.199885387990000254e+02,2.491463529042000005e+02,-1.786908958000019976e-01
1.639999999999999858e+01,3.692000000000000171e+00,9.841470588235297967e+00,6.149470588235297797e+00,8.204799046529999487e+02,2.491363973502000135e+02,-1.635463657999589870e-01
1.641000000000000014e+01,3.684647058823530497e+00,9.831176470588236072e+00,6.146529411764705131e+00,8.209770332030000191e+02,2.491307702061999976e+02,-1.504158377999819940e-01
1.642000000000000171e+01,3.669941176470586708e+00,9.823529411764704733e+00,6.153588235294118469e+00,8.214606458709999970e+02,2.491513585621999880e+02,-1.533809107999679899e-01
1.642999999999999972e+01,3.672777777777776809e+00,9.833555555555554051e+00,6.160777777777776798e+00,8.219583515470000066e+02,2.491707199441999876e+02,-1.643385717999930051e-01
1.644000000000000128e+01,3.680000000000000160e+00,9.848000000000000753e+00,6.168000000000000149e+00,8.224639827349999450e+02,2.491565211442000134e+02,-1.631759887999600089e-01
1.644999999999999929e+01,3.687058823529410834e+00,9.863294117647056325e+00,6.176235294117645935e+00,8.229728615190000482e+02,2.491205216381999890e+02,-1.479356777999729922e-01
1.646000000000000085e+01,3.694333333333333691e+00,9.874333333333334295e+00,6.180000000000000604e+00,8.234620625170000494e+02,2.491134013262000053e+02,-1.458017167999640096e-01
1.646999999999999886e+01,3.702111111111109132e+00,9.875444444444443803e+00,6.173333333333334672e+00,8.239573170149999441e+02,2.491406109581999999e+02,-1.637876577999919925e-01
1.648000000000000043e+01,3.696000000000000618e+00,9.866769230769230958e+00,6.170769230769230340e+00,8.244644640410000420e+02,2.491524983872000121e+02,-1.747168497999599945e-01
1.648999999999999844e+01,3.678588235294118380e+00,9.847529411764709195e+00,6.168941176470589483e+00,8.249830429070000264e+02,2.491220395432000032e+02,-1.654939678000030001e-01
1.650000000000000000e+01,3.671529411764705486e+00,9.825176470588234068e+00,6.153647058823527694e+00,8.254867016069999863e+02,2.490897520421999900e+02,-1.492679077999830017e-01
1.651000000000000156e+01,3.679176470588241266e+00,9.824882352941182617e+00,6.145705882352940463e+00,8.259789278010000544e+02,2.490998213981999925e+02,-1.501939397999589865e-01
1.651999999999999957e+01,3.701529411764708399e+00,9.846647058823531751e+00,6.145117647058823351e+00,8.264837663869999460e+02,2.491346001802000103e+02,-1.652044338000019930e-01
1.653000000000000114e+01,3.711333333333334927e+00,9.861666666666669911e+00,6.150333333333334984e+00,8.269862604229999761e+02,2.491402617981999867e+02,-1.621126047999600084e-01
1.653999999999999915e+01,3.717999999999999972e+00,9.875000000000000000e+00,6.157000000000000028e+00,8.274788537529999530e+02,2.491263521312000080e+02,-1.519538837999679926e-01
1.655000000000000071e+01,3.684111111111107117e+00,9.834444444444439881e+00,6.150333333333332320e+00,8.279620382489999884e+02,2.491368962802000055e+02,-1.558836217999869933e-01
1.655999999999999872e+01,3.658411764705881808e+00,9.802235294117647157e+00,6.143823529411765350e+00,8.284627408229999901e+02,2.491564004351999984e+02,-1.748411717999930060e-01
1.657000000000000028e+01,3.665470588235294702e+00,9.803411764705883158e+00,6.137941176470587124e+00,8.289662053790000300e+02,2.491450651012000037e+02,-1.786892058000119909e-01
1.657999999999999829e+01,3.690249999999994923e+00,9.819416666666663573e+00,6.129166666666668206e+00,8.294655858150000540e+02,2.491175379162000070e+02,-1.634808987999689933e-01
1.658999999999999986e+01,3.713666666666666671e+00,9.834666666666665336e+00,6.121000000000000441e+00,8.299448320369999692e+02,2.491268839251999907e+02,-1.594072338000059874e-01
1.660000000000000142e+01,3.692555555555553148e+00,9.813555555555552701e+00,6.121000000000000441e+00,8.304315273429999706e+02,2.491636565251999968e+02,-1.674287527999880065e-01
1.660999999999999943e+01,3.668388888888892030e+00,9.785777777777783015e+00,6.117388888888889653e+00,8.309456612110000151e+02,2.491759711711999898e+02,-1.703578457999740114e-01
1.662000000000000099e+01,3.641166666666666885e+00,9.751333333333333186e+00,6.110166666666666302e+00,8.314641815249999581e+02,2.491465353911999898e+02,-1.541385408000109924e-01
1.662999999999999901e+01,3.647823529411760912e+00,9.755823529411760120e+00,6.107999999999999652e+00,8.319764270489999944e+02,2.491217424012000095e+02,-1.399370248000010031e-01
1.664000000000000057e+01,3.669000000000000039e+00,9.776999999999999247e+00,6.107999999999999652e+00,8.324667139370000086e+02,2.491306923351999956e+02,-1.428595517999869946e-01
1.664999999999999858e+01,3.669000000000000039e+00,9.778538461538461846e+00,6.109538461538461362e+00,8.329713521209999953e+02,2.491514369662000092e+02,-1.578205767999729947e-01
1.666000000000000014e+01,3.674352941176470821e+00,9.789705882352940591e+00,6.115352941176470658e+00,8.334842308810000304e+02,2.491506482462000065e+02,-1.637037388000019966e-01
1.667000000000000171e+01,3.681999999999999940e+00,9.804999999999999716e+00,6.123000000000000220e+00,8.339952524809999659e+02,2.491297529212000086e+02,-1.605163177999590074e-01
1.667999999999999972e+01,3.696444444444443977e+00,9.819444444444442865e+00,6.123000000000000220e+00,8.344829692690000229e+02,2.491135403552000014e+02,-1.563505957999969942e-01
1.669000000000000128e+01,3.706470588235292407e+00,9.830764705882351961e+00,6.124294117647060887e+00,8.349775359750000234e+02,2.491177052772000025e+02,-1.652553278000120085e-01
1.669999999999999929e+01,3.698823529411764177e+00,9.829588235294117737e+00,6.130764705882353560e+00,8.354768658929999674e+02,2.491261592502000042e+02,-1.711741127999840129e-01
1.671000000000000085e+01,3.701944444444447591e+00,9.839555555555561384e+00,6.137611111111112905e+00,8.359668370509999704e+02,2.491230929371999991e+02,-1.680542767999979870e-01
1.671999999999999886e+01,3.715833333333333321e+00,9.860666666666666913e+00,6.144833333333333591e+00,8.364497027090000074e+02,2.491216702311999995e+02,-1.519417357999789941e-01
1.673000000000000043e+01,3.747562500000002572e+00,9.884062500000002416e+00,6.136499999999998956e+00,8.369353686790000211e+02,2.491413812732000110e+02,-1.529032438000109961e-01
1.673999999999999844e+01,3.779684210526323085e+00,9.903368421052638482e+00,6.123684210526314509e+00,8.374549241429999711e+02,2.491640004251999869e+02,-1.618675247999679934e-01
1.675000000000000000e+01,3.746526315789473038e+00,9.877052631578946418e+00,6.130526315789474268e+00,8.379648062270000537e+02,2.491630654042000117e+02,-1.607507917999929925e-01
1.676000000000000156e+01,3.705499999999982919e+00,9.841666666666649022e+00,6.136166666666666991e+00,8.384654431029999841e+02,2.491486204171999930e+02,-1.485883797999920097e-01
1.676999999999999957e+01,3.633000000000000007e+00,9.769999999999999574e+00,6.136999999999999567e+00,8.389498532989999831e+02,2.491552386772000034e+02,-1.495039747999679924e-01
1.678000000000000114e+01,3.661333333333336881e+00,9.804444444444449402e+00,6.143111111111111633e+00,8.394635347350000529e+02,2.491754838191999966e+02,-1.684612517999730108e-01
1.678999999999999915e+01,3.685411764705881943e+00,9.833294117647058741e+00,6.147882352941175910e+00,8.399827463929999567e+02,2.491690363012000091e+02,-1.773230597999889968e-01
1.680000000000000071e+01,3.692470588235294837e+00,9.839764705882354079e+00,6.147294117647058798e+00,8.404876323470000443e+02,2.491327982152000118e+02,-1.650828147999890139e-01
1.680999999999999872e+01,3.682111111111114443e+00,9.833555555555557603e+00,6.151444444444443604e+00,8.409731230630000027e+02,2.491204862911999953e+02,-1.549313107999980010e-01
1.682000000000000028e+01,3.654333333333333211e+00,9.814666666666665762e+00,6.160333333333333883e+00,8.414576773290000347e+02,2.491421264861999987e+02,-1.588998917999590033e-01
1.682999999999999829e+01,3.672384615384610917e+00,9.835384615384612061e+00,6.163000000000000256e+00,8.419604305410000507e+02,2.491607956631999912e+02,-1.638539488000120004e-01
1.683999999999999986e+01,3.686294117647057167e+00,9.846235294117645864e+00,6.159941176470588253e+00,8.424620096810000405e+02,2.491473919311999907e+02,-1.556950267999739901e-01
1.685000000000000142e+01,3.664529411764704925e+00,9.816823529411763616e+00,6.152294117647058691e+00,8.429693214430000126e+02,2.491212979382000015e+02,-1.464900507999579993e-01
1.685999999999999943e+01,3.653058823529412802e+00,9.818294117647056396e+00,6.165235294117643150e+00,8.434649686689999726e+02,2.491065326762000041e+02,-1.443276838000049911e-01
1.687000000000000099e+01,3.645999999999999908e+00,9.833000000000000185e+00,6.187000000000000277e+00,8.439756224669999938e+02,2.491096269582000104e+02,-1.492250338000009890e-01
1.687999999999999901e+01,3.653647058823528138e+00,9.834176470588236185e+00,6.180529411764707604e+00,8.444754386649999560e+02,2.491271091302000116e+02,-1.591755887999919961e-01
1.689000000000000057e+01,3.656947368421052058e+00,9.834842105263158274e+00,6.177894736842105772e+00,8.449585091650000095e+02,2.491396500152000044e+02,-1.631123968000119939e-01
1.689999999999999858e+01,3.650105263157894964e+00,9.834315789473684788e+00,6.184210526315788492e+00,8.454550129570000081e+02,2.491449696392000135e+02,-1.600206937999689993e-01
1.691000000000000014e+01,3.652250000000001329e+00,9.840500000000000469e+00,6.188250000000000028e+00,8.459592759710000109e+02,2.491547351991999903e+02,-1.579429567999600104e-01
1.692000000000000171e+01,3.667875000000001773e+00,9.856750000000001677e+00,6.188875000000000348e+00,8.464813402769999584e+02,2.491684971491999931e+02,-1.628754048000120025e-01
1.692999999999999972e+01,3.676333333333332565e+00,9.870666666666664923e+00,6.194333333333332803e+00,8.469784441230000311e+02,2.491808517642000140e+02,-1.628084078000119894e-01
1.694000000000000128e+01,3.682999999999999829e+00,9.884000000000000341e+00,6.200999999999999623e+00,8.474637059589999808e+02,2.491725474241999905e+02,-1.486710678000010000e-01
1.694999999999999929e+01,3.720647058823522979e+00,9.898705882352938801e+00,6.178058823529415378e+00,8.479468568290000121e+02,2.491661293502000092e+02,-1.335408457999580079e-01
1.696000000000000085e+01,3.737999999999999101e+00,9.898058823529410688e+00,6.160058823529411143e+00,8.484569406470000104e+02,2.491792073121999920e+02,-1.384735458000100061e-01
1.696999999999999886e+01,3.708000000000004626e+00,9.861588235294123095e+00,6.153588235294118469e+00,8.489699082549999503e+02,2.491944106711999893e+02,-1.554131808000069892e-01
1.698000000000000043e+01,3.690461538461537572e+00,9.852999999999999758e+00,6.162538461538463963e+00,8.494700049609999724e+02,2.491718864611999891e+02,-1.532224497999979951e-01
1.698999999999999844e+01,3.692499999999999893e+00,9.866499999999998494e+00,6.174000000000000377e+00,8.499719523469999558e+02,2.491344860661999974e+02,-1.389787447999870085e-01
1.700000000000000000e+01,3.720833333333336768e+00,9.888166666666668547e+00,6.167333333333332668e+00,8.504801233389999879e+02,2.491284346232000075e+02,-1.408443607999969871e-01
1.701000000000000156e+01,3.724117647058817315e+00,9.888411764705875129e+00,6.164294117647059146e+00,8.509906391030000350e+02,2.491514968161999946e+02,-1.618122938000109978e-01
1.701999999999999957e+01,3.702352941176468182e+00,9.867235294117644884e+00,6.164882352941176258e+00,8.514863175130000172e+02,2.491537325852000038e+02,-1.677099527999829920e-01
1.703000000000000114e+01,3.650615384615374825e+00,9.822384615384606832e+00,6.171769230769232450e+00,8.519869245370000499e+02,2.491222653991999891e+02,-1.534874787999729873e-01
1.703999999999999915e+01,3.627944444444442862e+00,9.804499999999999105e+00,6.176555555555555799e+00,8.524920676689999937e+02,2.490990666241999918e+02,-1.402931737999960071e-01
1.705000000000000071e+01,3.641833333333333478e+00,9.819499999999999673e+00,6.177666666666667084e+00,8.529991568090000555e+02,2.491119665331999897e+02,-1.472259248000009901e-01
1.705999999999999872e+01,3.641470588235295125e+00,9.819058823529413615e+00,6.177588235294117602e+00,8.534903590369999620e+02,2.491399747611999942e+02,-1.572155327999920083e-01
1.707000000000000028e+01,3.634999999999999787e+00,9.811999999999999389e+00,6.176999999999999602e+00,8.539746530170000369e+02,2.491486250371999915e+02,-1.481382577999779959e-01
1.707999999999999829e+01,3.646363636363634697e+00,9.828818181818180122e+00,6.182454545454544537e+00,8.544808809290000227e+02,2.491415141482000024e+02,-1.350004708000009934e-01
1.708999999999999986e+01,3.657727272727274048e+00,9.845636363636366184e+00,6.187909090909091248e+00,8.549970692089999602e+02,2.491529338402000064e+02,-1.409259687999729893e-01
1.710000000000000142e+01,3.682666666666673194e+00,9.871222222222227671e+00,6.188555555555555365e+00,8.555038751350000439e+02,2.491707973652000021e+02,-1.558763467999589869e-01
1.710999999999999943e+01,3.710999999999999854e+00,9.898999999999999133e+00,6.187999999999999723e+00,8.559919074309999587e+02,2.491666045741999937e+02,-1.567529937999919964e-01
1.712000000000000099e+01,3.696294117647056066e+00,9.863705882352935106e+00,6.167411764705877708e+00,8.564900058350000336e+02,2.491439910622000014e+02,-1.475623467999770122e-01
1.712999999999999901e+01,3.685833333333333073e+00,9.840833333333334210e+00,6.154999999999999361e+00,8.569844260290000193e+02,2.491331728572000088e+02,-1.424141587999830094e-01
1.714000000000000057e+01,3.685277777777777874e+00,9.846944444444444500e+00,6.161666666666667069e+00,8.574710349289999840e+02,2.491539145701999871e+02,-1.503791387999640072e-01
1.714999999999999858e+01,3.703823529411761406e+00,9.864705882352938104e+00,6.160882352941176698e+00,8.579675716809999813e+02,2.491762070011999981e+02,-1.633474137999980091e-01
1.716000000000000014e+01,3.741470588235298322e+00,9.894117647058827458e+00,6.152647058823528248e+00,8.584635593409999501e+02,2.491554762272000119e+02,-1.541638787999839999e-01
1.717000000000000171e+01,3.724999999999991207e+00,9.866117647058811002e+00,6.141117647058819351e+00,8.589747768610000094e+02,2.491136005111999907e+02,-1.389023157999960123e-01
1.717999999999999972e+01,3.695058823529408620e+00,9.824941176470584736e+00,6.129882352941176116e+00,8.594806073409999954e+02,2.491134535022000023e+02,-1.327892317999669891e-01
1.719000000000000128e+01,3.665647058823526816e+00,9.794352941176468264e+00,6.128705882352941003e+00,8.599844464430000244e+02,2.491481929251999929e+02,-1.427997767999590051e-01
1.719999999999999929e+01,3.664888888888882423e+00,9.792666666666660191e+00,6.127777777777778212e+00,8.604944162650000408e+02,2.491632676231999994e+02,-1.477395468000110013e-01
1.721000000000000085e+01,3.707111111111117907e+00,9.834333333333340477e+00,6.127222222222221681e+00,8.610164186470000232e+02,2.491430204552000021e+02,-1.385519307999960037e-01
1.721999999999999886e+01,3.728588235294117315e+00,9.859823529411764653e+00,6.131235294117646006e+00,8.615266678670000147e+02,2.491181064111999888e+02,-1.263504447999969915e-01
1.723000000000000043e+01,3.736235294117646433e+00,9.874529411764703113e+00,6.138294117647058457e+00,8.620220056209999484e+02,2.491263112201999945e+02,-1.382692777999960099e-01
1.723999999999999844e+01,3.702384615384622712e+00,9.841384615384622947e+00,6.139000000000000234e+00,8.625219369249999772e+02,2.491417790161999903e+02,-1.532127327999819877e-01
1.725000000000000000e+01,3.707999999999999741e+00,9.839000000000000412e+00,6.131000000000000227e+00,8.630092553929999895e+02,2.491325444421999862e+02,-1.520717378000069897e-01
1.726000000000000156e+01,3.743000000000004324e+00,9.860666666666668689e+00,6.117666666666665698e+00,8.635006228009999631e+02,2.491225641922000023e+02,-1.439271657999690035e-01
1.726999999999999957e+01,3.725619047619051383e+00,9.845571428571432193e+00,6.119952380952380366e+00,8.639865172070000199e+02,2.491382747062000078e+02,-1.468745218000110098e-01
1.728000000000000114e+01,3.695142857142857284e+00,9.821285714285714619e+00,6.126142857142856890e+00,8.644859346409999716e+02,2.491627419261999989e+02,-1.578498157999780049e-01
1.728999999999999915e+01,3.690136363636362660e+00,9.810818181818182993e+00,6.120681818181820333e+00,8.649929353769999807e+02,2.491596427002000098e+02,-1.557260817999679969e-01
1.730000000000000071e+01,3.696045454545454856e+00,9.806272727272727252e+00,6.110227272727272840e+00,8.654861539089999951e+02,2.491347792091999906e+02,-1.375285237999959997e-01
1.730999999999999872e+01,3.721352941176466533e+00,9.825470588235290847e+00,6.104117647058823870e+00,8.659834550069999750e+02,2.491261322651999990e+02,-1.313873487999679956e-01
1.732000000000000028e+01,3.766058823529416344e+00,9.868411764705887990e+00,6.102352941176470758e+00,8.664841546950000293e+02,2.491456822842000065e+02,-1.373449767999969928e-01
1.732999999999999829e+01,3.758555555555557870e+00,9.849888888888893135e+00,6.091333333333334821e+00,8.670072182630000270e+02,2.491594871211999873e+02,-1.462773798000109871e-01
1.733999999999999986e+01,3.737999999999999989e+00,9.816000000000000725e+00,6.078000000000000291e+00,8.675199255850000100e+02,2.491617005612000071e+02,-1.501711587999730035e-01
1.735000000000000142e+01,3.752117647058826222e+00,9.830705882352944514e+00,6.078588235294117403e+00,8.680307205249999924e+02,2.491447775402000104e+02,-1.529978417999600104e-01
1.735999999999999943e+01,3.778833333333333488e+00,9.857666666666666799e+00,6.078833333333332867e+00,8.685297033069999770e+02,2.491242177631999937e+02,-1.438142438000019896e-01
1.737000000000000099e+01,3.834944444444451150e+00,9.913222222222229263e+00,6.078277777777778113e+00,8.690268338549999498e+02,2.491185588671999938e+02,-1.396836617999830110e-01
1.737999999999999901e+01,3.851823529411766422e+00,9.930117647058825270e+00,6.078294117647058847e+00,8.695305293310000252e+02,2.491382692992000045e+02,-1.486412087999970100e-01
1.739000000000000057e+01,3.829470588235291739e+00,9.908352941176469031e+00,6.078882352941175959e+00,8.700210444330000428e+02,2.491432222331999924e+02,-1.525495897999590011e-01
1.739999999999999858e+01,3.771461538461551299e+00,9.843076923076937490e+00,6.071615384615386191e+00,8.705194837149999785e+02,2.491146361531999958e+02,-1.383377628000070081e-01
1.741000000000000014e+01,3.752166666666666206e+00,9.819166666666665932e+00,6.067000000000000171e+00,8.710148132130000249e+02,2.490878863961999912e+02,-1.211330868000100036e-01
1.742000000000000171e+01,3.780500000000008409e+00,9.847500000000009024e+00,6.067000000000000171e+00,8.715150272869999526e+02,2.490983976322000046e+02,-1.260589268000049945e-01
1.742999999999999972e+01,3.798470588235294265e+00,9.860941176470587877e+00,6.062470588235294500e+00,8.720042897649999531e+02,2.491252934942000081e+02,-1.360450417999969908e-01
1.744000000000000128e+01,3.811999999999999833e+00,9.868000000000000327e+00,6.056000000000000050e+00,8.724939754890000359e+02,2.491272260771999925e+02,-1.309428927999999881e-01
1.744999999999999929e+01,3.799222222222222722e+00,9.860222222222223110e+00,6.060999999999999943e+00,8.730009740049999891e+02,2.491241621311999950e+02,-1.188192188000010002e-01
1.746000000000000085e+01,3.788882352941176368e+00,9.854117647058822982e+00,6.065235294117647946e+00,8.735143688970000539e+02,2.491494238091999875e+02,-1.307942128000020021e-01
1.746999999999999886e+01,3.788294117647058812e+00,9.854705882352941870e+00,6.066411764705882170e+00,8.740315324010000495e+02,2.491788575632000118e+02,-1.567831788000119964e-01
1.748000000000000043e+01,3.777444444444444827e+00,9.848055555555555785e+00,6.070611111111110958e+00,8.745300041990000182e+02,2.491672513462000040e+02,-1.566313418000120083e-01
1.748999999999999844e+01,3.756333333333334412e+00,9.834166666666668277e+00,6.077833333333333421e+00,8.750237927110000555e+02,2.491324041752000085e+02,-1.383984337999830116e-01
1.750000000000000000e+01,3.764583333333335613e+00,9.858000000000004093e+00,6.093416666666668924e+00,8.755189260670000522e+02,2.491266383372000064e+02,-1.322679058000109931e-01
1.751000000000000156e+01,3.763823529411758795e+00,9.867705882352936442e+00,6.103882352941176315e+00,8.760187723389999519e+02,2.491611391801999957e+02,-1.452785167999869897e-01
1.751999999999999957e+01,3.741470588235291661e+00,9.847117647058821532e+00,6.105647058823529427e+00,8.765323936690000437e+02,2.491824320821999947e+02,-1.502394127999830131e-01
1.753000000000000114e+01,3.753888888888893938e+00,9.870555555555563743e+00,6.116666666666669805e+00,8.770311475710000195e+02,2.491658798891999993e+02,-1.370699788000059871e-01
1.753999999999999915e+01,3.774999999999999911e+00,9.904999999999999361e+00,6.129999999999999893e+00,8.775314130509999586e+02,2.491403958552000120e+02,-1.248687028000050048e-01
1.755000000000000071e+01,3.737941176470581439e+00,9.890294117647055572e+00,6.152352941176475021e+00,8.780262625269999717e+02,2.491396042172000023e+02,-1.237558197999719944e-01
1.755999999999999872e+01,3.705294117647059959e+00,9.873647058823530998e+00,6.168352941176470594e+00,8.785174351250000200e+02,2.491505867182000031e+02,-1.326853597999869960e-01
1.757000000000000028e+01,3.682941176470589717e+00,9.852470588235295423e+00,6.169529411764705706e+00,8.790181626249999454e+02,2.491521055862000082e+02,-1.395793727999919964e-01
1.757999999999999829e+01,3.716333333333316613e+00,9.881333333333317981e+00,6.165000000000001812e+00,8.795177472369999805e+02,2.491385525761999986e+02,-1.414204328000019939e-01
1.758999999999999986e+01,3.786888888888894744e+00,9.943555555555560588e+00,6.156666666666666288e+00,8.800268860850000010e+02,2.491155465171999879e+02,-1.382259837999590124e-01
1.760000000000000142e+01,3.754230769230759712e+00,9.925230769230763528e+00,6.171000000000003816e+00,8.805243583989999934e+02,2.491039009412000098e+02,-1.330741977999629899e-01
1.760999999999999943e+01,3.718055555555557223e+00,9.899611111111113360e+00,6.181555555555555692e+00,8.810277940329999637e+02,2.491106143981999992e+02,-1.309858768000110030e-01
1.762000000000000099e+01,3.704166666666666607e+00,9.886833333333331808e+00,6.182666666666666089e+00,8.815202204070000107e+02,2.491347214332000135e+02,-1.309613838000109887e-01
1.762999999999999901e+01,3.689705882352944055e+00,9.882999999999999119e+00,6.193294117647056396e+00,8.820169813769999791e+02,2.491530803681999942e+02,-1.269156207999909969e-01
1.764000000000000057e+01,3.674999999999999822e+00,9.882999999999999119e+00,6.208000000000000185e+00,8.825209574030000113e+02,2.491678695201999858e+02,-1.158556127999670060e-01
1.764999999999999858e+01,3.683235294117645608e+00,9.890058823529409793e+00,6.206823529411765072e+00,8.830305273510000461e+02,2.491899469061999923e+02,-1.168201518000009931e-01
1.766000000000000014e+01,3.686666666666666536e+00,9.895166666666666444e+00,6.208500000000000796e+00,8.835393868009999778e+02,2.492069295892000014e+02,-1.307669588000109906e-01
1.767000000000000171e+01,3.678888888888887987e+00,9.895722222222222086e+00,6.216833333333334544e+00,8.840282738449999442e+02,2.491877648061999935e+02,-1.305905868000110104e-01
1.767999999999999972e+01,3.652647058823533133e+00,9.880705882352943448e+00,6.228058823529410759e+00,8.845183551830000397e+02,2.491476766311999995e+02,-1.183400518000100043e-01
1.769000000000000128e+01,3.607941176470583766e+00,9.850117647058819870e+00,6.242176470588236548e+00,8.850117772249999462e+02,2.491367978991999905e+02,-1.141918787999910007e-01
1.769999999999999929e+01,3.591615384615384432e+00,9.843999999999999417e+00,6.252384615384615429e+00,8.855078023270000358e+02,2.491680544742000052e+02,-1.331919327999969982e-01
1.771000000000000085e+01,3.590333333333334931e+00,9.850944444444447612e+00,6.260611111111112237e+00,8.860083327969999800e+02,2.491905713731999867e+02,-1.471601178000060128e-01
1.771999999999999886e+01,3.597000000000000419e+00,9.864833333333333343e+00,6.267833333333332924e+00,8.864976168289999805e+02,2.491644497661999935e+02,-1.379590547999909877e-01
1.773000000000000043e+01,3.599000000000000199e+00,9.864470588235292325e+00,6.265470588235293015e+00,8.870010746829999562e+02,2.491181351701999915e+02,-1.196835377999630051e-01
1.773999999999999844e+01,3.599000000000000199e+00,9.858000000000000540e+00,6.259000000000000341e+00,8.875017128910000110e+02,2.491036690152000119e+02,-1.135210897999909957e-01
1.775000000000000000e+01,3.635111111111115623e+00,9.891333333333337308e+00,6.256222222222222129e+00,8.880100573610000083e+02,2.491296687621999979e+02,-1.184997657999870002e-01
1.776000000000000156e+01,3.657882352941169035e+00,9.913764705882346817e+00,6.255882352941178226e+00,8.885182867250000527e+02,2.491576828851999892e+02,-1.184855417999859939e-01
1.776999999999999957e+01,3.627294117647056559e+00,9.892588235294114796e+00,6.265294117647059124e+00,8.890297661270000162e+02,2.491638574941999877e+02,-1.153935237999999947e-01
1.778000000000000114e+01,3.608388888888887092e+00,9.871722222222217624e+00,6.263333333333330089e+00,8.895543085350000183e+02,2.491517541551999955e+02,-1.102341008000049943e-01
1.778999999999999915e+01,3.601166666666666849e+00,9.851166666666667737e+00,6.250000000000000000e+00,8.900512124230000381e+02,2.491500675631999968e+02,-1.121176227999580027e-01
1.780000000000000071e+01,3.621312500000002377e+00,9.877812500000002771e+00,6.256500000000000838e+00,8.905456083569999919e+02,2.491572240611999973e+02,-1.220329538000060055e-01
1.780999999999999872e+01,3.649000000000002242e+00,9.918076923076927898e+00,6.269076923076924324e+00,8.910233728109999447e+02,2.491574390081999866e+02,-1.269274618000010013e-01
1.782000000000000028e+01,3.638999999999999346e+00,9.898846153846152518e+00,6.259846153846153172e+00,8.915157962570000336e+02,2.491465068052000049e+02,-1.217793158000060050e-01
1.782999999999999829e+01,3.614333333333336729e+00,9.882555555555557092e+00,6.268222222222220807e+00,8.920155224970000063e+02,2.491480145381999876e+02,-1.156734277999769966e-01
1.783999999999999986e+01,3.585999999999999854e+00,9.867000000000000881e+00,6.280999999999999694e+00,8.925062380010000425e+02,2.491670016232000080e+02,-1.196312777999959942e-01
1.785000000000000142e+01,3.578941176470586960e+00,9.853470588235291316e+00,6.274529411764704356e+00,8.930011191050000434e+02,2.491832039601999895e+02,-1.285784088000100078e-01
1.785999999999999943e+01,3.582333333333333147e+00,9.852166666666665407e+00,6.269833333333332703e+00,8.934928289450000420e+02,2.491672264462000044e+02,-1.224126147999820002e-01
1.787000000000000099e+01,3.610111111111114379e+00,9.879388888888891884e+00,6.269277777777777949e+00,8.939844494930000565e+02,2.491352639092000061e+02,-1.031903597999769967e-01
1.787999999999999901e+01,3.624294117647058666e+00,9.896823529411765463e+00,6.272529411764705465e+00,8.944899954270000535e+02,2.491401016842000047e+02,-9.909493880001349342e-02
1.789000000000000057e+01,3.624882352941176666e+00,9.904470588235295025e+00,6.279588235294117915e+00,8.949933222130000559e+02,2.491838158351999937e+02,-1.121372807999919952e-01
1.789999999999999858e+01,3.588764705882355965e+00,9.858470588235297427e+00,6.269705882352941906e+00,8.955165298509999730e+02,2.492126426071999958e+02,-1.241226697999909950e-01
1.791000000000000014e+01,3.549444444444446400e+00,9.804999999999999716e+00,6.255555555555553759e+00,8.960292055449999680e+02,2.491978620721999960e+02,-1.179564347999629975e-01
1.792000000000000171e+01,3.563888888888892215e+00,9.804999999999999716e+00,6.241111111111107057e+00,8.965339775029999601e+02,2.491636207221999939e+02,-1.057232597999619994e-01
1.792999999999999972e+01,3.567470588235293505e+00,9.803058823529411825e+00,6.235588235294117432e+00,8.970211254209999652e+02,2.491573741962000099e+02,-1.065928577999950000e-01
1.794000000000000128e+01,3.545705882352936378e+00,9.796588235294116487e+00,6.250882352941179221e+00,8.975158938609999950e+02,2.491755521011999974e+02,-1.215470227999820019e-01
1.794999999999999929e+01,3.536999999999999922e+00,9.793666666666666742e+00,6.256666666666666821e+00,8.980214987909999991e+02,2.491793597562000002e+02,-1.264480127999769998e-01
1.796000000000000085e+01,3.536999999999999922e+00,9.793111111111111100e+00,6.256111111111111178e+00,8.985126090210000029e+02,2.491563401951999879e+02,-1.192575007999730069e-01
1.796999999999999886e+01,3.542647058823528816e+00,9.794411764705881041e+00,6.251764705882353113e+00,8.990118206829999963e+02,2.491317728342000066e+02,-1.140597387999779944e-01
1.798000000000000043e+01,3.548944444444444457e+00,9.797833333333334949e+00,6.248888888888891380e+00,8.995001945230000047e+02,2.491215968911999994e+02,-1.129151878000009962e-01
1.798999999999999844e+01,3.548388888888888815e+00,9.816166666666664042e+00,6.267777777777775228e+00,8.999948727830000053e+02,2.491238038852000045e+02,-1.108129157999910019e-01
1.800000000000000000e+01,3.543764705882352484e+00,9.820352941176469841e+00,6.276588235294116913e+00,9.004887526270000535e+02,2.491399950871999920e+02,-1.067601457999730052e-01
1.801000000000000156e+01,3.529647058823526695e+00,9.791529411764699375e+00,6.261882352941173124e+00,9.009922757770000317e+02,2.491627217911999992e+02,-1.097283337999570008e-01
1.801999999999999957e+01,3.544666666666666632e+00,9.801333333333332121e+00,6.256666666666666821e+00,9.015118871290000016e+02,2.491843602152000017e+02,-1.136891097999769978e-01
1.803000000000000114e+01,3.579111111111115129e+00,9.836888888888893234e+00,6.257777777777778105e+00,9.020250793989999920e+02,2.491956230222000102e+02,-1.156146947999869973e-01
1.803999999999999915e+01,3.627411764705879005e+00,9.866588235294114995e+00,6.239176470588236434e+00,9.025264058430000205e+02,2.492041945212000087e+02,-1.205334437999820013e-01
1.805000000000000071e+01,3.669111111111105217e+00,9.887833333333327701e+00,6.218722222222223373e+00,9.030192605690000391e+02,2.492032571331999975e+02,-1.284205487999630080e-01
1.805999999999999872e+01,3.620222222222227781e+00,9.846166666666672285e+00,6.225944444444443171e+00,9.035109708530000034e+02,2.491872725631999970e+02,-1.242547428000019966e-01
1.807000000000000028e+01,3.588117647058823412e+00,9.814529411764706168e+00,6.226411764705882312e+00,9.040176547490000303e+02,2.491721747301999983e+02,-1.110886757999669933e-01
1.807999999999999829e+01,3.595176470588234086e+00,9.806294117647061270e+00,6.211117647058825852e+00,9.045094810690000031e+02,2.491892467742000008e+02,-1.080394767999809935e-01
1.808999999999999986e+01,3.597999999999999865e+00,9.810000000000000497e+00,6.212000000000000632e+00,9.050052202929999794e+02,2.492255093011999918e+02,-1.230572297999679987e-01
1.810000000000000142e+01,3.606888888888891476e+00,9.825222222222224744e+00,6.218333333333333712e+00,9.054981304630000523e+02,2.492235982411999942e+02,-1.239408418000010059e-01
1.810999999999999943e+01,3.629111111111108290e+00,9.845777777777774631e+00,6.216666666666666785e+00,9.059967676630000142e+02,2.491740000181999903e+02,-1.066548188000050051e-01
1.812000000000000099e+01,3.651333333333333098e+00,9.866333333333331623e+00,6.214999999999999858e+00,9.064948925469999494e+02,2.491333765232000133e+02,-9.240059279999510156e-02
1.812999999999999901e+01,3.673555555555550356e+00,9.886888888888881510e+00,6.213333333333333819e+00,9.069803017829999590e+02,2.491400411982000094e+02,-9.631614880001350409e-02
1.814000000000000057e+01,3.695777777777775164e+00,9.907444444444440279e+00,6.211666666666666892e+00,9.074923576449999700e+02,2.491712149171999897e+02,-1.143123377999869933e-01
1.814999999999999858e+01,3.717999999999991978e+00,9.927999999999990166e+00,6.210000000000000853e+00,9.080089442449999524e+02,2.491756566171999907e+02,-1.172131087999730009e-01
1.816000000000000014e+01,3.740222222222216786e+00,9.948555555555547159e+00,6.208333333333333925e+00,9.085291213169999764e+02,2.491522932912000101e+02,-1.100149177999669992e-01
1.817000000000000171e+01,3.762444444444442038e+00,9.969111111111104151e+00,6.206666666666666998e+00,9.090358080989999507e+02,2.491371495941999967e+02,-1.098487727999670066e-01
1.817999999999999972e+01,3.784666666666658852e+00,9.989666666666655814e+00,6.205000000000000071e+00,9.095303741389999459e+02,2.491413251001999924e+02,-1.157535227999959976e-01
1.819000000000000128e+01,3.806888888888883660e+00,1.001022222222221281e+01,6.203333333333333144e+00,9.100286477969999623e+02,2.491507345541999996e+02,-1.176758878000049996e-01
1.819999999999999929e+01,3.829111111111100474e+00,1.003077777777776269e+01,6.201666666666667105e+00,9.105159375649999447e+02,2.491595452432000002e+02,-1.115985317999770021e-01
1.821000000000000085e+01,3.851333333333325726e+00,1.005133333333331969e+01,6.200000000000000178e+00,9.110061084589999609e+02,2.491705236651999940e+02,-1.055281828000060040e-01
1.821999999999999886e+01,3.873555555555542540e+00,1.007188888888886957e+01,6.198333333333334139e+00,9.114924575170000480e+02,2.491782684032000077e+02,-1.024472947999630068e-01
1.823000000000000043e+01,3.895777777777767348e+00,1.009244444444442834e+01,6.196666666666667211e+00,9.119794331089999559e+02,2.491750381491999917e+02,-9.732753379996629539e-02
1.823999999999999844e+01,3.917999999999984162e+00,1.011299999999997823e+01,6.195000000000000284e+00,9.124690903130000379e+02,2.491599273651999908e+02,-9.616528679999110374e-02
1.825000000000000000e+01,3.940222222222209414e+00,1.013355555555553522e+01,6.193333333333333357e+00,9.129529843770000070e+02,2.491404952272000060e+02,-9.098904979999559994e-02
1.826000000000000156e+01,3.962444444444434222e+00,1.015411111111109221e+01,6.191666666666666430e+00,9.134513991769999848e+02,2.491298873782000101e+02,-9.084074779999469496e-02
1.826999999999999957e+01,3.984666666666651036e+00,1.017466666666664210e+01,6.190000000000000391e+00,9.139596561309999743e+02,2.491398738782000066e+02,-9.076291479999550049e-02
1.828000000000000114e+01,4.006888888888876288e+00,1.019522222222220087e+01,6.188333333333333464e+00,9.144674319529999593e+02,2.491758361372000081e+02,-1.017769047999630000e-01
1.828999999999999915e+01,4.029111111111093102e+00,1.021577777777775076e+01,6.186666666666667425e+00,9.149853631749999749e+02,2.492093626982000103e+02,-1.157800617999729942e-01
1.830000000000000071e+01,4.051333333333317910e+00,1.023633333333330775e+01,6.185000000000000497e+00,9.154907095949999984e+02,2.492001522102000024e+02,-1.156351477999729982e-01
1.830999999999999872e+01,4.073555555555534724e+00,1.025688888888885764e+01,6.183333333333333570e+00,9.160069748729999901e+02,2.491575807611999949e+02,-9.536997479999050065e-02
1.832000000000000028e+01,4.095777777777759532e+00,1.027744444444441640e+01,6.181666666666666643e+00,9.165068409230000270e+02,2.491390923591999922e+02,-8.119345579998039908e-02
1.832999999999999829e+01,4.117999999999976346e+00,1.029799999999996629e+01,6.180000000000000604e+00,9.170062568030000421e+02,2.491635842752000087e+02,-8.516879179999979621e-02
1.833999999999999986e+01,4.140222222222201154e+00,1.031855555555552328e+01,6.178333333333333677e+00,9.175025070110000343e+02,2.491908932421999907e+02,-9.115478379997089819e-02
1.835000000000000142e+01,4.162444444444426850e+00,1.033911111111108028e+01,6.176666666666666750e+00,9.179878271769999856e+02,2.491815693661999944e+02,-8.301387279999029867e-02
1.835999999999999943e+01,4.184666666666643664e+00,1.035966666666663016e+01,6.175000000000000711e+00,9.184774520869999606e+02,2.491494751911999970e+02,-6.879162979998039440e-02
1.837000000000000099e+01,4.206888888888868472e+00,1.038022222222218893e+01,6.173333333333333783e+00,9.189600643410000202e+02,2.491349531982000087e+02,-7.063304679999020397e-02
1.837999999999999901e+01,4.229111111111085286e+00,1.040077777777773882e+01,6.171666666666666856e+00,9.194607361749999654e+02,2.491374492662000080e+02,-8.353055879996600097e-02
1.839000000000000057e+01,4.251333333333310094e+00,1.042133333333329581e+01,6.169999999999999929e+00,9.199685086250000268e+02,2.491383793432000004e+02,-8.742090779998580585e-02
1.839999999999999858e+01,4.273555555555526908e+00,1.044188888888884570e+01,6.168333333333333890e+00,9.204684060810000119e+02,2.491368884441999967e+02,-8.230440879998969506e-02
1.841000000000000014e+01,4.295777777777751716e+00,1.046244444444440269e+01,6.166666666666666963e+00,9.209783745710000176e+02,2.491519843101999925e+02,-8.124421480001449425e-02
1.842000000000000171e+01,4.317999999999976524e+00,1.048299999999996146e+01,6.165000000000000036e+00,9.214837804730000244e+02,2.491768217482000125e+02,-8.421943079999920367e-02
1.842999999999999972e+01,4.340222222222194226e+00,1.050355555555551135e+01,6.163333333333333997e+00,9.219926944789999652e+02,2.491928448712000090e+02,-8.716276879998530180e-02
1.844000000000000128e+01,4.362444444444419034e+00,1.052411111111106834e+01,6.161666666666667069e+00,9.224947598989999733e+02,2.491884693382000080e+02,-8.303561679996650235e-02
1.844999999999999929e+01,4.384666666666635848e+00,1.054466666666661823e+01,6.160000000000000142e+00,9.229833601770000087e+02,2.491743246192000072e+02,-7.487696779998549712e-02
1.846000000000000085e+01,4.406888888888860656e+00,1.056522222222217522e+01,6.158333333333333215e+00,9.234853685990000258e+02,2.491709474541999896e+02,-7.075335079996579457e-02
1.846999999999999886e+01,4.429111111111077470e+00,1.058577777777772688e+01,6.156666666666667176e+00,9.239803047030000016e+02,2.491861831752000001e+02,-7.069700079996610320e-02
1.848000000000000043e+01,4.451333333333302278e+00,1.060633333333328387e+01,6.155000000000000249e+00,9.244677975370000240e+02,2.492089856791999978e+02,-7.666904179999449453e-02
1.848999999999999844e+01,4.473555555555519092e+00,1.062688888888883376e+01,6.153333333333334210e+00,9.249522088429999940e+02,2.492155862991999982e+02,-8.258460679996719456e-02
1.850000000000000000e+01,4.495777777777744788e+00,1.064744444444439075e+01,6.151666666666667282e+00,9.254443192229999795e+02,2.491925955131999899e+02,-8.339402579999899423e-02
1.851000000000000156e+01,4.517999999999968708e+00,1.066799999999994952e+01,6.150000000000000355e+00,9.259556525149999970e+02,2.491486948371999972e+02,-7.612534479999459591e-02
1.851999999999999957e+01,4.540222222222186410e+00,1.068855555555549941e+01,6.148333333333333428e+00,9.264555201189999707e+02,2.491301817391999975e+02,-6.894878379998939377e-02
1.853000000000000114e+01,4.562444444444411218e+00,1.070911111111105640e+01,6.146666666666666501e+00,9.269610979029999953e+02,2.491520099612000081e+02,-7.591337079999430082e-02
1.853999999999999915e+01,4.584666666666628032e+00,1.072966666666660629e+01,6.145000000000000462e+00,9.274693283770000107e+02,2.491800064441999893e+02,-8.089911679999049754e-02
1.855000000000000071e+01,4.606888888888852840e+00,1.075022222222216328e+01,6.143333333333333535e+00,9.279769843889999947e+02,2.491829720652000049e+02,-7.379660179998459579e-02
1.855999999999999872e+01,4.629111111111069654e+00,1.077077777777771317e+01,6.141666666666667496e+00,9.284896589730000187e+02,2.491682091701999866e+02,-6.263039679996089404e-02
1.857000000000000028e+01,4.651333333333294462e+00,1.079133333333327194e+01,6.140000000000000568e+00,9.289807411689999981e+02,2.491632242882000128e+02,-5.350350580000350076e-02
1.857999999999999829e+01,4.673555555555511276e+00,1.081188888888882182e+01,6.138333333333333641e+00,9.294710287230000176e+02,2.491721636382000042e+02,-5.942601479997430131e-02
1.858999999999999986e+01,4.695777777777736972e+00,1.083244444444437882e+01,6.136666666666666714e+00,9.299696452570000247e+02,2.491755687721999948e+02,-6.532714580000430205e-02
1.860000000000000142e+01,4.717999999999961780e+00,1.085299999999993581e+01,6.134999999999999787e+00,9.304704537930000470e+02,2.491581180972000027e+02,-5.615411079998890165e-02
1.860999999999999943e+01,4.740222222222178594e+00,1.087355555555548747e+01,6.133333333333333748e+00,9.309718060510000441e+02,2.491486901972000112e+02,-5.300929880000280342e-02
1.862000000000000099e+01,4.762444444444403402e+00,1.089411111111104447e+01,6.131666666666666821e+00,9.314668004850000216e+02,2.491629063821999921e+02,-5.894937779997590221e-02
1.862999999999999901e+01,4.784666666666620216e+00,1.091466666666659435e+01,6.130000000000000782e+00,9.319635077870000259e+02,2.491822107652000113e+02,-6.990705979999989328e-02
1.864000000000000057e+01,4.806888888888845024e+00,1.093522222222215134e+01,6.128333333333333854e+00,9.324696245889999773e+02,2.491770507482000028e+02,-6.977626479999950171e-02
1.864999999999999858e+01,4.829111111111061838e+00,1.095577777777770123e+01,6.126666666666666927e+00,9.329650990449999881e+02,2.491653088141999888e+02,-5.962455080000880064e-02
1.866000000000000014e+01,4.851333333333286646e+00,1.097633333333326000e+01,6.125000000000000000e+00,9.334675367490000326e+02,2.491719582162000108e+02,-5.953623880000909890e-02
1.867000000000000171e+01,4.873555555555512342e+00,1.099688888888881699e+01,6.123333333333333073e+00,9.339569125570000097e+02,2.491968679262000137e+02,-6.651530180001340165e-02
1.867999999999999972e+01,4.895777777777729156e+00,1.101744444444436688e+01,6.121666666666667034e+00,9.344505655189999516e+02,2.492170349602000101e+02,-6.747664179998889844e-02
1.869000000000000128e+01,4.917999999999953964e+00,1.103799999999992387e+01,6.120000000000000107e+00,9.349512907990000485e+02,2.492185891082000069e+02,-6.437071480000440549e-02
1.869999999999999929e+01,4.940222222222170778e+00,1.105855555555547554e+01,6.118333333333334068e+00,9.354527579409999589e+02,2.492071503601999893e+02,-6.521880879998090408e-02
1.871000000000000085e+01,4.962444444444395586e+00,1.107911111111103253e+01,6.116666666666667140e+00,9.359636664329999576e+02,2.491882376592000128e+02,-6.603843380001329921e-02
1.871999999999999886e+01,4.984666666666612400e+00,1.109966666666658242e+01,6.115000000000000213e+00,9.364621925650000094e+02,2.491756754102000002e+02,-5.388313380001229919e-02
1.873000000000000043e+01,5.006888888888837208e+00,1.112022222222213941e+01,6.113333333333333286e+00,9.369553590250000070e+02,2.491868177732000049e+02,-4.981270979999369991e-02
1.873999999999999844e+01,5.029111111111054910e+00,1.114077777777768929e+01,6.111666666666667247e+00,9.374545480230000294e+02,2.492152855212000020e+02,-5.880215580000840159e-02
1.875000000000000000e+01,5.051333333333278830e+00,1.116133333333324629e+01,6.110000000000000320e+00,9.379511103669999557e+02,2.492195820812000022e+02,-6.270687579997090422e-02
1.876000000000000156e+01,5.073555555555504526e+00,1.118188888888880506e+01,6.108333333333333393e+00,9.384567671470000505e+02,2.491873874101999888e+02,-5.248073779997949884e-02
1.876999999999999957e+01,5.095777777777721340e+00,1.120244444444435494e+01,6.106666666666667354e+00,9.389560923609999463e+02,2.491608303691999993e+02,-4.527591779997500177e-02
1.878000000000000114e+01,5.117999999999946148e+00,1.122299999999991194e+01,6.105000000000000426e+00,9.394568191949999800e+02,2.491623598211999990e+02,-4.916994879999399964e-02
1.878999999999999915e+01,5.140222222222162962e+00,1.124355555555546182e+01,6.103333333333333499e+00,9.399656212029999551e+02,2.491803479282000069e+02,-6.112030279999469684e-02
1.880000000000000071e+01,5.162444444444387770e+00,1.126411111111102059e+01,6.101666666666666572e+00,9.404643490690000363e+02,2.491817986622000092e+02,-5.501443579996589950e-02
1.880999999999999872e+01,5.184666666666604584e+00,1.128466666666657048e+01,6.100000000000000533e+00,9.409654147830000284e+02,2.491773872981999887e+02,-4.488734079997529908e-02
1.882000000000000028e+01,5.206888888888830280e+00,1.130522222222212747e+01,6.098333333333333606e+00,9.414525331129999586e+02,2.491892001472000118e+02,-3.682060179999369770e-02
1.882999999999999829e+01,5.229111111111047094e+00,1.132577777777767736e+01,6.096666666666667567e+00,9.419486699909999743e+02,2.492184952661999944e+02,-4.581364580000740067e-02
1.883999999999999986e+01,5.251333333333271902e+00,1.134633333333323435e+01,6.095000000000000639e+00,9.424570427170000357e+02,2.492264568061999910e+02,-5.372869479998969994e-02
1.885000000000000142e+01,5.273555555555496710e+00,1.136688888888879312e+01,6.093333333333333712e+00,9.429522608830000081e+02,2.492016614492000031e+02,-4.853101679999290152e-02
1.885999999999999943e+01,5.295777777777713524e+00,1.138744444444434301e+01,6.091666666666666785e+00,9.434562925330000098e+02,2.491803882991999899e+02,-3.934377879997939809e-02
1.887000000000000099e+01,5.317999999999938332e+00,1.140799999999990000e+01,6.089999999999999858e+00,9.439539966549999690e+02,2.491997743771999865e+02,-4.330148179999839669e-02
1.887999999999999901e+01,5.340222222222155146e+00,1.142855555555544989e+01,6.088333333333333819e+00,9.444453992850000077e+02,2.492418167561999951e+02,-5.334055879998979982e-02
1.889000000000000057e+01,5.362444444444379954e+00,1.144911111111100865e+01,6.086666666666666892e+00,9.449458703149999792e+02,2.492653708311999878e+02,-5.631234479997530157e-02
1.889999999999999858e+01,5.384666666666596768e+00,1.146966666666655854e+01,6.085000000000000853e+00,9.454372942769999781e+02,2.492543992692000074e+02,-4.616424979998370176e-02
1.891000000000000014e+01,5.406888888888822464e+00,1.149022222222211553e+01,6.083333333333333925e+00,9.459450054689999661e+02,2.492213096442000051e+02,-3.893451679997889797e-02
1.892000000000000171e+01,5.429111111111047272e+00,1.151077777777767253e+01,6.081666666666666998e+00,9.464531470529999524e+02,2.491982289462000040e+02,-4.074005879998800206e-02
1.892999999999999972e+01,5.451333333333264086e+00,1.153133333333322241e+01,6.080000000000000071e+00,9.469505049269999972e+02,2.491885871622000082e+02,-3.359535479998310148e-02
1.894000000000000128e+01,5.473555555555488894e+00,1.155188888888877941e+01,6.078333333333333144e+00,9.474454975849999983e+02,2.492028315711999937e+02,-3.153548179997470169e-02
1.894999999999999929e+01,5.495777777777705708e+00,1.157244444444433107e+01,6.076666666666667105e+00,9.479469674330000544e+02,2.492264355892000083e+02,-3.650723479996959703e-02
1.896000000000000085e+01,5.517999999999930516e+00,1.159299999999988806e+01,6.075000000000000178e+00,9.484533425229999466e+02,2.492342972431999897e+02,-4.042234979998819699e-02
1.896999999999999886e+01,5.540222222222147330e+00,1.161355555555543795e+01,6.073333333333334139e+00,9.489721229010000343e+02,2.492178549102000034e+02,-3.624890679996969900e-02
1.898000000000000043e+01,5.562444444444372138e+00,1.163411111111099494e+01,6.071666666666667211e+00,9.494747008589999950e+02,2.492045011211999963e+02,-3.008995179999819983e-02
1.898999999999999844e+01,5.584666666666589840e+00,1.165466666666654660e+01,6.070000000000000284e+00,9.499774251070000446e+02,2.492061339871999905e+02,-3.698392280000310089e-02
1.900000000000000000e+01,5.606888888888814648e+00,1.167522222222210360e+01,6.068333333333333357e+00,9.504689964689999897e+02,2.492101314402000014e+02,-4.488872379998479906e-02
1.901000000000000156e+01,5.629111111111039456e+00,1.169577777777766059e+01,6.066666666666666430e+00,9.509696910090000301e+02,2.491946775012000046e+02,-3.572275879996900105e-02
1.901999999999999957e+01,5.651333333333256270e+00,1.171633333333321048e+01,6.065000000000000391e+00,9.514710419350000166e+02,2.491852707692000024e+02,-2.657798280001130026e-02
1.903000000000000114e+01,5.673555555555481078e+00,1.173688888888876747e+01,6.063333333333333464e+00,9.519616429989999915e+02,2.492062616462000051e+02,-2.854291479996549918e-02
1.903999999999999915e+01,5.695777777777697892e+00,1.175744444444431913e+01,6.061666666666667425e+00,9.524535033890000477e+02,2.492402888571999995e+02,-4.655366379999389959e-02
1.905000000000000071e+01,5.717999999999923588e+00,1.177799999999987612e+01,6.060000000000000497e+00,9.529524044690000437e+02,2.492387092072000030e+02,-5.043713180001239971e-02
1.905999999999999872e+01,5.740222222222140402e+00,1.179855555555542601e+01,6.058333333333333570e+00,9.534514132870000367e+02,2.492001465031999885e+02,-3.418996679999290050e-02
1.907000000000000028e+01,5.762444444444364322e+00,1.181911111111098300e+01,6.056666666666666643e+00,9.539570433650000041e+02,2.491859653431999959e+02,-2.802741379996540050e-02
1.907999999999999829e+01,5.784666666666582024e+00,1.183966666666653467e+01,6.055000000000000604e+00,9.544507842870000331e+02,2.492221385681999948e+02,-3.604525080000300225e-02
1.908999999999999986e+01,5.806888888888806832e+00,1.186022222222209166e+01,6.053333333333333677e+00,9.549520557729999837e+02,2.492667617852000035e+02,-4.209121179997499934e-02
1.910000000000000142e+01,5.829111111111031640e+00,1.188077777777764865e+01,6.051666666666666750e+00,9.554660745349999615e+02,2.492810908072000018e+02,-4.002740479996590162e-02
1.910999999999999943e+01,5.851333333333248454e+00,1.190133333333319854e+01,6.050000000000000711e+00,9.559767541469999514e+02,2.492661856901999897e+02,-3.686119379997879891e-02
1.912000000000000099e+01,5.873555555555473262e+00,1.192188888888875553e+01,6.048333333333333783e+00,9.564839525789999470e+02,2.492420778492000011e+02,-3.066326980000740055e-02
1.912999999999999901e+01,5.895777777777690076e+00,1.194244444444430542e+01,6.046666666666666856e+00,9.569813104529999919e+02,2.492324360652000053e+02,-2.351856580000229874e-02
1.914000000000000057e+01,5.917999999999915772e+00,1.196299999999986419e+01,6.044999999999999929e+00,9.574786420689999886e+02,2.492408007361999864e+02,-2.243743479996929829e-02
1.914999999999999858e+01,5.940222222222132586e+00,1.198355555555541407e+01,6.043333333333333890e+00,9.579784003810000286e+02,2.492592953882000018e+02,-2.839154879999719952e-02
1.916000000000000014e+01,5.962444444444356506e+00,1.200411111111097107e+01,6.041666666666666963e+00,9.584659201389999907e+02,2.492640808531999994e+02,-3.129999879998419943e-02
1.917000000000000171e+01,5.984666666666582202e+00,1.202466666666652984e+01,6.040000000000000036e+00,9.589617962449999595e+02,2.492453080072000091e+02,-3.312346779999360280e-02
1.917999999999999972e+01,6.006888888888799016e+00,1.204522222222207972e+01,6.038333333333333997e+00,9.594654582749999463e+02,2.492129675861999942e+02,-3.189731779995989835e-02
1.919000000000000128e+01,6.029111111111023824e+00,1.206577777777763671e+01,6.036666666666667069e+00,9.599554006910000226e+02,2.491928614342000117e+02,-3.171738979996060331e-02
1.919999999999999929e+01,6.051333333333240638e+00,1.208633333333318660e+01,6.035000000000000142e+00,9.604548454929999934e+02,2.491993045591999874e+02,-4.162908080000719824e-02
1.921000000000000085e+01,6.073555555555465446e+00,1.210688888888874359e+01,6.033333333333333215e+00,9.609532329249999520e+02,2.492067208052000069e+02,-4.254438179998430020e-02
1.921999999999999886e+01,6.095777777777682260e+00,1.212744444444429348e+01,6.031666666666667176e+00,9.614714426570000114e+02,2.492002727361999916e+02,-3.540630679997910230e-02
1.923000000000000043e+01,6.117999999999907956e+00,1.214799999999985047e+01,6.030000000000000249e+00,9.619942454949999728e+02,2.492010947102000102e+02,-2.929286580000730125e-02
1.923999999999999844e+01,6.140222222222124770e+00,1.216855555555540214e+01,6.028333333333334210e+00,9.624938880350000545e+02,2.492216143221999971e+02,-2.725409779999849944e-02
1.925000000000000000e+01,6.162444444444349578e+00,1.218911111111095913e+01,6.026666666666667282e+00,9.629930772550000029e+02,2.492500785421999865e+02,-3.724353779998949843e-02
1.926000000000000156e+01,6.184666666666574386e+00,1.220966666666651612e+01,6.025000000000000355e+00,9.634968559870000036e+02,2.492507841512000084e+02,-4.013397679997429690e-02
1.926999999999999957e+01,6.206888888888791200e+00,1.223022222222206778e+01,6.023333333333333428e+00,9.639980639530000417e+02,2.492263378442000032e+02,-3.293618479996979903e-02
1.928000000000000114e+01,6.229111111111016008e+00,1.225077777777762478e+01,6.021666666666666501e+00,9.644931414210000185e+02,2.492215527342000030e+02,-3.180916179999380283e-02
1.928999999999999915e+01,6.251333333333233711e+00,1.227133333333317466e+01,6.020000000000000462e+00,9.649753576169999860e+02,2.492490585552000084e+02,-3.879897679999880222e-02
1.930000000000000071e+01,6.273555555555457630e+00,1.229188888888873166e+01,6.018333333333333535e+00,9.654615686409999853e+02,2.492767712042000028e+02,-5.178867179997560105e-02
1.930999999999999872e+01,6.295777777777674444e+00,1.231244444444428154e+01,6.016666666666667496e+00,9.659505418689999487e+02,2.492736408362000020e+02,-5.066884479999939767e-02
1.932000000000000028e+01,6.317999999999900140e+00,1.233299999999983854e+01,6.015000000000000568e+00,9.664402239989999543e+02,2.492405447652000134e+02,-3.744306079996530257e-02
1.932999999999999829e+01,6.340222222222116955e+00,1.235355555555539020e+01,6.013333333333333641e+00,9.669404908110000179e+02,2.492150395632000084e+02,-3.124174879999319990e-02
1.933999999999999986e+01,6.362444444444341762e+00,1.237411111111094719e+01,6.011666666666666714e+00,9.674476629849999654e+02,2.492089381771999967e+02,-3.110739779999370166e-02
1.935000000000000142e+01,6.384666666666566570e+00,1.239466666666650418e+01,6.009999999999999787e+00,9.679568608710000035e+02,2.492199871002000009e+02,-2.903309079998410078e-02
1.935999999999999943e+01,6.406888888888783384e+00,1.241522222222205407e+01,6.008333333333333748e+00,9.684745890269999791e+02,2.492395218462000059e+02,-3.098685079999290160e-02
1.937000000000000099e+01,6.429111111111009080e+00,1.243577777777761284e+01,6.006666666666666821e+00,9.689826186550000102e+02,2.492534912341999984e+02,-3.392313979997919893e-02
1.937999999999999901e+01,6.451333333333225895e+00,1.245633333333316273e+01,6.005000000000000782e+00,9.694979499249999435e+02,2.492448330962000114e+02,-3.877798579997460138e-02
1.939000000000000057e+01,6.473555555555449814e+00,1.247688888888871972e+01,6.003333333333333854e+00,9.700139070630000333e+02,2.492252105501999893e+02,-3.859397679997460251e-02
1.939999999999999858e+01,6.495777777777666628e+00,1.249744444444426961e+01,6.001666666666666927e+00,9.705148307050000085e+02,2.492057454991999919e+02,-3.441384180001329923e-02
1.941000000000000014e+01,6.517999999999892324e+00,1.251799999999982660e+01,6.000000000000000000e+00,9.710105658910000557e+02,2.492069864281999969e+02,-3.930797180000859814e-02
1.942000000000000171e+01,6.540222222222117132e+00,1.253855555555538537e+01,5.998333333333333073e+00,9.715010239949999686e+02,2.492129377301999966e+02,-4.321988779996940172e-02
1.942999999999999972e+01,6.562444444444333946e+00,1.255911111111093525e+01,5.996666666666667034e+00,9.719913362529999858e+02,2.492038953212000081e+02,-3.607886579996519988e-02
1.944000000000000128e+01,6.584666666666558754e+00,1.257966666666649225e+01,5.995000000000000107e+00,9.724835884829999486e+02,2.491959617502000128e+02,-2.994133079999310165e-02
1.944999999999999929e+01,6.606888888888775568e+00,1.260022222222204213e+01,5.993333333333334068e+00,9.729719917310000028e+02,2.492028150621999885e+02,-2.885685379996070013e-02
1.946000000000000085e+01,6.629111111111001264e+00,1.262077777777760090e+01,5.991666666666667140e+00,9.734597127790000286e+02,2.492216205661999879e+02,-3.581474879996580235e-02
1.946999999999999886e+01,6.651333333333218079e+00,1.264133333333315079e+01,5.990000000000000213e+00,9.739611541069999703e+02,2.492281812171999889e+02,-4.472640379997910171e-02
1.948000000000000043e+01,6.673555555555441998e+00,1.266188888888870778e+01,5.988333333333333286e+00,9.744702357349999602e+02,2.492061770541999977e+02,-4.053549579996010288e-02
1.948999999999999844e+01,6.695777777777659701e+00,1.268244444444425767e+01,5.986666666666667247e+00,9.749900142650000134e+02,2.491897952481999994e+02,-3.536203779996530128e-02
1.950000000000000000e+01,6.717999999999884508e+00,1.270299999999981466e+01,5.985000000000000320e+00,9.754944779029999609e+02,2.492135914312000011e+02,-3.433376379998850231e-02
1.951000000000000156e+01,6.740222222222109316e+00,1.272355555555537165e+01,5.983333333333333393e+00,9.759897593670000333e+02,2.492578691262000063e+02,-4.137984479999379933e-02
1.951999999999999957e+01,6.762444444444326130e+00,1.274411111111092332e+01,5.981666666666667354e+00,9.764888343689999601e+02,2.492883336101999987e+02,-5.037636080000820055e-02
1.953000000000000114e+01,6.784666666666550938e+00,1.276466666666648031e+01,5.980000000000000426e+00,9.769914127710000002e+02,2.492749727652000047e+02,-4.621739379998929947e-02
1.953999999999999915e+01,6.806888888888767752e+00,1.278522222222203020e+01,5.978333333333333499e+00,9.774994093970000222e+02,2.492368842442000130e+02,-4.096997379999389732e-02
1.955000000000000071e+01,6.829111111110993448e+00,1.280577777777758719e+01,5.976666666666666572e+00,9.779936302989999604e+02,2.492120142482000063e+02,-4.077228679999429783e-02
1.955999999999999872e+01,6.851333333333210263e+00,1.282633333333313885e+01,5.975000000000000533e+00,9.784715648589999546e+02,2.492092482031999907e+02,-4.165621379996999746e-02
1.957000000000000028e+01,6.873555555555435070e+00,1.284688888888869585e+01,5.973333333333333606e+00,9.789562907849999647e+02,2.492278827101999923e+02,-4.861417179997479937e-02
1.957999999999999829e+01,6.895777777777651885e+00,1.286744444444424573e+01,5.971666666666667567e+00,9.794483464290000256e+02,2.492409401141999865e+02,-5.155079679996119740e-02
1.958999999999999986e+01,6.917999999999876692e+00,1.288799999999980272e+01,5.970000000000000639e+00,9.799427664009999717e+02,2.492301254372000017e+02,-4.540261479998870114e-02
1.960000000000000142e+01,6.940222222222101500e+00,1.290855555555535972e+01,5.968333333333333712e+00,9.804525053029999526e+02,2.492141543692000027e+02,-4.523287179998849994e-02
1.960999999999999943e+01,6.962444444444319203e+00,1.292911111111090960e+01,5.966666666666666785e+00,9.809619024390000277e+02,2.492041699812000104e+02,-4.608433279996559939e-02
1.962000000000000099e+01,6.984666666666543122e+00,1.294966666666646837e+01,5.964999999999999858e+00,9.814710713609999857e+02,2.491981825931999879e+02,-4.594993979996610245e-02
1.962999999999999901e+01,7.006888888888759936e+00,1.297022222222201826e+01,5.963333333333333819e+00,9.819816109409999854e+02,2.492032771391999972e+02,-4.985436579998400036e-02
1.964000000000000057e+01,7.029111111110985632e+00,1.299077777777757525e+01,5.961666666666666892e+00,9.824883832409999513e+02,2.492041784412000140e+02,-4.574478379996559790e-02
1.964999999999999858e+01,7.051333333333202447e+00,1.301133333333312692e+01,5.960000000000000853e+00,9.830012032270000191e+02,2.492044163131999994e+02,-4.363152880001300304e-02
1.966000000000000014e+01,7.073555555555427254e+00,1.303188888888868391e+01,5.958333333333333925e+00,9.835037542610000401e+02,2.492090795631999924e+02,-4.053616479997070032e-02
1.967000000000000171e+01,7.095777777777652062e+00,1.305244444444424090e+01,5.956666666666666998e+00,9.839950381910000488e+02,2.492181076642000050e+02,-3.745870679998389990e-02
1.967999999999999972e+01,7.117999999999868876e+00,1.307299999999979079e+01,5.955000000000000071e+00,9.844862105669999437e+02,2.492290936932000136e+02,-4.538825279996579892e-02
1.969000000000000128e+01,7.140222222222094572e+00,1.309355555555534778e+01,5.953333333333333144e+00,9.849756415550000384e+02,2.492179481571999986e+02,-5.224009779997010328e-02
1.969999999999999929e+01,7.162444444444311387e+00,1.311411111111089767e+01,5.951666666666667105e+00,9.854694903949999798e+02,2.491820496981999895e+02,-4.900356479998470294e-02
1.971000000000000085e+01,7.184666666666535306e+00,1.313466666666645644e+01,5.950000000000000178e+00,9.859621994970000287e+02,2.491661150712000108e+02,-4.683772579997570046e-02
1.971999999999999886e+01,7.206888888888752120e+00,1.315522222222200632e+01,5.948333333333334139e+00,9.864484655210000028e+02,2.491928611042000057e+02,-5.082393979999400013e-02
1.973000000000000043e+01,7.229111111110977816e+00,1.317577777777756332e+01,5.946666666666667211e+00,9.869436922070000264e+02,2.492381018872000027e+02,-6.787349579999099602e-02
1.973999999999999844e+01,7.251333333333194631e+00,1.319633333333311320e+01,5.945000000000000284e+00,9.874513807350000434e+02,2.492580473712000071e+02,-7.483097079999589951e-02
1.975000000000000000e+01,7.273555555555419438e+00,1.321688888888867197e+01,5.943333333333333357e+00,9.879635699269999805e+02,2.492342421651999871e+02,-6.363297179997060016e-02
1.976000000000000156e+01,7.295777777777644246e+00,1.323744444444422896e+01,5.941666666666666430e+00,9.884820350190000227e+02,2.492057765291999942e+02,-5.541715379998909952e-02
1.976999999999999957e+01,7.317999999999861060e+00,1.325799999999977885e+01,5.940000000000000391e+00,9.889918614370000114e+02,2.492058187082000131e+02,-6.030391979998470098e-02
1.978000000000000114e+01,7.340222222222086756e+00,1.327855555555533584e+01,5.938333333333333464e+00,9.894890790570000263e+02,2.492161801151999896e+02,-5.922985880000829900e-02
1.978999999999999915e+01,7.362444444444303571e+00,1.329911111111088573e+01,5.936666666666667425e+00,9.899813050290000547e+02,2.492262529991999997e+02,-5.915589680000819806e-02
1.980000000000000071e+01,7.384666666666527490e+00,1.331966666666644272e+01,5.935000000000000497e+00,9.904760409530000516e+02,2.492274510411999984e+02,-6.005007179998429756e-02
1.980999999999999872e+01,7.406888888888745193e+00,1.334022222222199439e+01,5.933333333333333570e+00,9.909744566409999607e+02,2.492168290802000001e+02,-6.390174580000429483e-02
1.982000000000000028e+01,7.429111111110970000e+00,1.336077777777755138e+01,5.931666666666666643e+00,9.914713878969999996e+02,2.491971183931999860e+02,-6.472166479997989996e-02
1.982999999999999829e+01,7.451333333333186815e+00,1.338133333333310127e+01,5.930000000000000604e+00,9.919593333430000257e+02,2.491769017711999936e+02,-6.354178480000430285e-02
1.983999999999999986e+01,7.473555555555411622e+00,1.340188888888866003e+01,5.928333333333333677e+00,9.924576352569999926e+02,2.491682730182000114e+02,-6.840052280000050167e-02
1.985000000000000142e+01,7.495777777777636430e+00,1.342244444444421703e+01,5.926666666666666750e+00,9.929637522809999837e+02,2.491631094731999951e+02,-6.926972179997639700e-02
1.985999999999999943e+01,7.517999999999853245e+00,1.344299999999976691e+01,5.925000000000000711e+00,9.934670434009999553e+02,2.491548080512000070e+02,-6.212842679997050005e-02
1.987000000000000099e+01,7.540222222222078940e+00,1.346355555555532391e+01,5.923333333333333783e+00,9.939754706830000259e+02,2.491618100311999910e+02,-5.904000679998489681e-02
1.987999999999999901e+01,7.562444444444295755e+00,1.348411111111087379e+01,5.921666666666666856e+00,9.944773949609999590e+02,2.491774518011999930e+02,-5.698352179997560191e-02
1.989000000000000057e+01,7.584666666666520563e+00,1.350466666666643079e+01,5.919999999999999929e+00,9.949823139170000559e+02,2.491932716242000083e+02,-5.292698580001350267e-02
1.989999999999999858e+01,7.606888888888737377e+00,1.352522222222198245e+01,5.918333333333333890e+00,9.954944517029999815e+02,2.492054616881999891e+02,-5.885610279998439859e-02
1.991000000000000014e+01,7.629111111110962185e+00,1.354577777777753944e+01,5.916666666666666963e+00,9.959977448209999693e+02,2.491971285141999886e+02,-6.071475379999469874e-02
1.992000000000000171e+01,7.651333333333186992e+00,1.356633333333309643e+01,5.915000000000000036e+00,9.964976133129999880e+02,2.491786013041999865e+02,-5.753816880000860168e-02
1.992999999999999972e+01,7.673555555555403807e+00,1.358688888888864632e+01,5.913333333333333997e+00,9.969935186049999629e+02,2.491768612411999868e+02,-5.842171779998599906e-02
1.994000000000000128e+01,7.695777777777628614e+00,1.360744444444420509e+01,5.911666666666667069e+00,9.974711975830000483e+02,2.491961162912000134e+02,-5.938339379996129819e-02
1.994999999999999929e+01,7.717999999999846317e+00,1.362799999999975498e+01,5.910000000000000142e+00,9.979523020750000342e+02,2.492255512652000107e+02,-6.938028180000889444e-02
1.996000000000000085e+01,7.740222222222071125e+00,1.364855555555531197e+01,5.908333333333333215e+00,9.984475819430000456e+02,2.492347685542000022e+02,-7.730267379999110344e-02
1.996999999999999886e+01,7.762444444444287939e+00,1.366911111111086186e+01,5.906666666666667176e+00,9.989477358689999846e+02,2.492112424482000108e+02,-7.610840180001419986e-02
1.998000000000000043e+01,7.784666666666512747e+00,1.368966666666641885e+01,5.905000000000000249e+00,9.994614945250000346e+02,2.491774929212000131e+02,-6.987500179998509808e-02
1.998999999999999844e+01,7.806888888888729561e+00,1.371022222222196874e+01,5.903333333333334210e+00,9.999657849070000566e+02,2.491692343862000030e+02,-6.673366179999999648e-02
