time,Gap_leftedge,Gap_rightedge,Gap_gap,LT_x,LT_y,LT_z
0.000000000000000000e+00,3.314999999999999947e+00,9.483000000000000540e+00,6.168000000000000149e+00,0.000000000000000000e+00,1.365840898932000016e+02,-2.571552508000090054e-01
9.999999999999786837e-03,3.314999999999999947e+00,9.475310600076952028e+00,6.160310600076952525e+00,4.874589859999929331e-01,1.365899337021999997e+02,-2.430673377999990059e-01
1.999999999999957367e-02,3.320144710804640464e+00,9.481497927639336964e+00,6.161353216834696056e+00,9.732961720000048444e-01,1.366066461121999964e+02,-2.450182348000090049e-01
3.000000000000024869e-02,3.330726925116632930e+00,9.497258580823061180e+00,6.166531655706428694e+00,1.467292675999999574e+00,1.366207982422000100e+02,-2.529583227999899764e-01
4.000000000000003553e-02,3.350015665039240975e+00,9.506161076171956381e+00,6.156145411132716738e+00,1.981056257999995296e+00,1.366220562011999959e+02,-2.608485217999719774e-01
4.999999999999982236e-02,3.360437332013982203e+00,9.509170424002542532e+00,6.148733091988559885e+00,2.492452139999997485e+00,1.366121540592000088e+02,-2.706998867999619862e-01
5.999999999999960920e-02,3.369419911845010773e+00,9.510947123966788652e+00,6.141527212121776991e+00,2.999854081999998812e+00,1.366020309772000019e+02,-2.785513478000010146e-01
7.000000000000028422e-02,3.378555643517884732e+00,9.512658187321449077e+00,6.134102543803565233e+00,3.500867016000000831e+00,1.365985509491999892e+02,-2.874276737999579834e-01
8.000000000000007105e-02,3.369104415444341694e+00,9.505388011880262056e+00,6.136283596435920806e+00,4.007838121999995451e+00,1.365784259961999965e+02,-2.842438717999720144e-01
8.999999999999985789e-02,3.372542788722263207e+00,9.508140762567492743e+00,6.135597973845229092e+00,4.498005422000005638e+00,1.365543757641999889e+02,-2.700498877999639724e-01
9.999999999999964473e-02,3.377486390860171550e+00,9.487248017011825851e+00,6.109761626151654745e+00,4.992083183999994844e+00,1.365495548231999976e+02,-2.629229217999570212e-01
1.100000000000003197e-01,3.367316722800406836e+00,9.379013692661473556e+00,6.011696969861066719e+00,5.498627048000003015e+00,1.365544566531999919e+02,-2.568274917999859852e-01
1.200000000000001066e-01,3.366622041015439937e+00,9.436534716775586418e+00,6.069912675760146925e+00,5.997979893999996648e+00,1.365449570911999899e+02,-2.416827937999999898e-01
1.299999999999998934e-01,3.362860331944128145e+00,9.483104751041905089e+00,6.120244419097776500e+00,6.500442523999993227e+00,1.365336212061999959e+02,-2.295309447999989982e-01
1.399999999999996803e-01,3.352539444363307197e+00,9.485924305454133787e+00,6.133384861090827478e+00,6.996662435999994045e+00,1.365439150301999973e+02,-2.314568868000090041e-01
1.500000000000003553e-01,3.323564669329387211e+00,9.449705836661733471e+00,6.126141167332346704e+00,7.498303277999994521e+00,1.365645239442000047e+02,-2.364180348000050058e-01
1.600000000000001421e-01,3.315499737630640542e+00,9.426506559233986948e+00,6.111006821603345074e+00,7.995065580000002115e+00,1.365828617111999961e+02,-2.383722358000139874e-01
1.699999999999999289e-01,3.318747657277859808e+00,9.419266343115898721e+00,6.100518685838038024e+00,8.503582154000000060e+00,1.366058487141999933e+02,-2.483402768000050054e-01
1.799999999999997158e-01,3.327322761175128374e+00,9.435701958918995658e+00,6.108379197743867728e+00,9.001888550000003875e+00,1.366322345032000101e+02,-2.653226258000009885e-01
1.899999999999995026e-01,3.335708978100885069e+00,9.453060371043511267e+00,6.117351392942625310e+00,9.486129083999998102e+00,1.366418266992000099e+02,-2.722487898000059969e-01
2.000000000000001776e-01,3.349347640603910659e+00,9.466486867489877000e+00,6.117139226885965897e+00,9.992701647999993497e+00,1.366286832661999995e+02,-2.710897207999730107e-01
2.099999999999999645e-01,3.366200721007285956e+00,9.474000000000000199e+00,6.107799278992714243e+00,1.048609206199999733e+01,1.366008105591999993e+02,-2.568815337999629800e-01
2.199999999999997513e-01,3.375872115431796328e+00,9.474000000000000199e+00,6.098127884568203427e+00,1.096781727399999795e+01,1.365842771672000140e+02,-2.467159737999710112e-01
2.299999999999995381e-01,3.390667581990267188e+00,9.486134285269878674e+00,6.095466703279610599e+00,1.144906113199999709e+01,1.365937230622000129e+02,-2.466422427999709899e-01
2.400000000000002132e-01,3.409845767881270806e+00,9.501999867959382229e+00,6.092154100078110979e+00,1.192747952999999939e+01,1.366000240241999961e+02,-2.405580058000000021e-01
2.500000000000000000e-01,3.436180314982167250e+00,9.511009055125478895e+00,6.074828740143311201e+00,1.240740639800000622e+01,1.365974425372000098e+02,-2.214420107999940102e-01
2.599999999999997868e-01,3.427773057979789595e+00,9.520113471010105854e+00,6.092340413030315815e+00,1.289503770999999688e+01,1.366002700742000115e+02,-2.133434568000139864e-01
2.699999999999995737e-01,3.416290779911649089e+00,9.515531923180631679e+00,6.099241143268983478e+00,1.341356516999999826e+01,1.366058065002000035e+02,-2.212476907999940123e-01
2.800000000000002487e-01,3.416022881973949765e+00,9.489075699164548183e+00,6.073052817190597530e+00,1.392641407799999342e+01,1.365879955812000048e+02,-2.250707908000129931e-01
2.900000000000000355e-01,3.387857402322533851e+00,9.462432677872667952e+00,6.074575275550133213e+00,1.445358109999999385e+01,1.365650100802000111e+02,-2.238724167999799897e-01
2.999999999999998224e-01,3.386507883289503695e+00,9.460965559682044557e+00,6.074457676392541750e+00,1.497621671800000343e+01,1.365687671821999913e+02,-2.347694788000050103e-01
3.099999999999996092e-01,3.399260495061473097e+00,9.476164693086062130e+00,6.076904198024588588e+00,1.549568555400000491e+01,1.365753589752000039e+02,-2.426772267999859900e-01
3.200000000000002842e-01,3.416821711085506585e+00,9.500907289764462860e+00,6.084085578678956274e+00,1.599547012399999346e+01,1.365758471722000138e+02,-2.425677677999860116e-01
3.300000000000000711e-01,3.399033749387696535e+00,9.491657549681601580e+00,6.092623800293905489e+00,1.649163326000000040e+01,1.365871358361999910e+02,-2.454972387999710126e-01
3.399999999999998579e-01,3.380895177114955796e+00,9.478227755861160730e+00,6.097332578746205378e+00,1.699543984599999646e+01,1.366048953961999928e+02,-2.414477938000089974e-01
3.499999999999996447e-01,3.366857353376022211e+00,9.465714706752043739e+00,6.098857353376022417e+00,1.747913355000000024e+01,1.366065142091999860e+02,-2.283458187999760081e-01
3.600000000000003197e-01,3.366151898803110498e+00,9.464303797606220314e+00,6.098151898803109816e+00,1.796767549800000552e+01,1.365933890261999863e+02,-2.141907407999650015e-01
3.700000000000001066e-01,3.386964789905788642e+00,9.484413084908268843e+00,6.097448295002479313e+00,1.845758899199999803e+01,1.365913316651999878e+02,-2.080744577999940059e-01
3.799999999999998934e-01,3.407299036892902144e+00,9.504045264824217298e+00,6.096746227931315154e+00,1.894716138600000477e+01,1.365952504002000012e+02,-2.059793607999839959e-01
3.899999999999996803e-01,3.416437597279181393e+00,9.512480859026936741e+00,6.096043261747755793e+00,1.943736075799999696e+01,1.365881870871999979e+02,-2.038453787999749967e-01
4.000000000000003553e-01,3.408416230248444645e+00,9.512999999999999901e+00,6.104583769751555700e+00,1.992479299999999398e+01,1.365769593052000062e+02,-2.016973197999639977e-01
4.100000000000001421e-01,3.394640032062720358e+00,9.503640032062719456e+00,6.108999999999999986e+00,2.042112868399999570e+01,1.365852281692000076e+02,-2.116161438000120076e-01
4.199999999999999289e-01,3.379000000000000004e+00,9.489099022672087713e+00,6.110099022672087266e+00,2.092705023199999914e+01,1.366010379591999992e+02,-2.265594727999989955e-01
4.299999999999997158e-01,3.379000000000000004e+00,9.497112452871983024e+00,6.118112452871982576e+00,2.143505067399999575e+01,1.365979745642000012e+02,-2.304356817999619889e-01
4.399999999999995026e-01,3.407607255320511896e+00,9.514705944097535451e+00,6.107098688777024442e+00,2.194316244800000959e+01,1.365929567691999864e+02,-2.223048927999800028e-01
4.500000000000001776e-01,3.437710092065572987e+00,9.541827100126100802e+00,6.104117008060529592e+00,2.245401753600000916e+01,1.366100710901999946e+02,-2.312516877999939990e-01
4.599999999999999645e-01,3.456475038203466799e+00,9.578068835957800786e+00,6.121593797754333544e+00,2.297197435000001065e+01,1.366256017801999860e+02,-2.361912897999889904e-01
4.699999999999997513e-01,3.465043312058730507e+00,9.597347452132142465e+00,6.132304140073412846e+00,2.346644998799999371e+01,1.366138099032000071e+02,-2.240396087999889929e-01
4.799999999999995381e-01,3.467999999999999972e+00,9.604467025316907325e+00,6.136467025316908241e+00,2.396275137999998606e+01,1.366051271281999959e+02,-2.118984907999889866e-01
4.900000000000002132e-01,3.466024200896841823e+00,9.602664964696268513e+00,6.136640763799425358e+00,2.445879985400000578e+01,1.366184231121999915e+02,-2.118350497999899884e-01
5.000000000000000000e-01,3.458306742426097813e+00,9.593544331958115734e+00,6.135237589532017921e+00,2.494466352000000597e+01,1.366171255392000035e+02,-2.087223678000039995e-01
5.099999999999997868e-01,3.478069285576491865e+00,9.606805443918617016e+00,6.128736158342123375e+00,2.542401903399999696e+01,1.365894637982000006e+02,-1.915180278000070124e-01
5.199999999999995737e-01,3.484105651851604701e+00,9.614256192592499417e+00,6.130150540740894272e+00,2.591073767000000316e+01,1.365731907052000054e+02,-1.883523207999650007e-01
5.300000000000002487e-01,3.457796103232420926e+00,9.604301228250104572e+00,6.146505125017684534e+00,2.640658729599999788e+01,1.365724278421999998e+02,-1.952393687999700034e-01
5.400000000000000355e-01,3.412017875345638274e+00,9.552789581162725696e+00,6.140771705817088311e+00,2.690083827199998723e+01,1.365645765172000097e+02,-1.981017378000120011e-01
5.499999999999998224e-01,3.370110387252603257e+00,9.522703462417533515e+00,6.152593075164930703e+00,2.741134755600000972e+01,1.365526559202000101e+02,-1.979461138000130072e-01
5.599999999999996092e-01,3.334799824119304201e+00,9.515513584816497783e+00,6.180713760697194026e+00,2.792348600799999758e+01,1.365648354001999962e+02,-2.068752127999700097e-01
5.700000000000002842e-01,3.307818196738033567e+00,9.526452082403499944e+00,6.218633885665465932e+00,2.843200213800000142e+01,1.365878294592000088e+02,-2.148432658000090090e-01
5.800000000000000711e-01,3.319168203724403909e+00,9.550120297098089850e+00,6.230952093373685052e+00,2.894468120400000544e+01,1.366080811061999896e+02,-2.158006717999849944e-01
5.899999999999998579e-01,3.323356464810338640e+00,9.554427319649857253e+00,6.231070854839518169e+00,2.944865767400000323e+01,1.366228632021999942e+02,-2.067406517999700044e-01
5.999999999999996447e-01,3.311949251295174701e+00,9.537073211344321066e+00,6.225123960049146810e+00,2.994941102999999316e+01,1.366414677731999916e+02,-1.976948348000129863e-01
6.100000000000003197e-01,3.284514124637926358e+00,9.519745762929217037e+00,6.235231638291290679e+00,3.044939511399999787e+01,1.366560042332000080e+02,-1.936348687999930041e-01
6.200000000000001066e-01,3.290324432935813448e+00,9.527811954745974532e+00,6.237487521810161084e+00,3.094370064599999637e+01,1.366471933482000054e+02,-1.854937688000110052e-01
6.299999999999998934e-01,3.308856576376223657e+00,9.545639666140067092e+00,6.236783089763843435e+00,3.143492220799998904e+01,1.366222193872000048e+02,-1.662962588000060082e-01
6.399999999999996803e-01,3.327381608466195573e+00,9.563478585930411668e+00,6.236096977464215207e+00,3.191336886199999867e+01,1.366104821421999986e+02,-1.631483947999640138e-01
6.500000000000003553e-01,3.328785696109767045e+00,9.566000000000000725e+00,6.237214303890232792e+00,3.240145948800000042e+01,1.366052698151999891e+02,-1.700214707999679886e-01
6.600000000000001421e-01,3.328587040166601341e+00,9.559249038084086436e+00,6.230661997917485095e+00,3.287819527199999925e+01,1.365884126201999891e+02,-1.708559498000019883e-01
6.699999999999999289e-01,3.329877384165936149e+00,9.542999999999999261e+00,6.213122615834064000e+00,3.337695228199999065e+01,1.365718110351999997e+02,-1.716864317999780010e-01
6.799999999999997158e-01,3.319696219373489132e+00,9.542999999999999261e+00,6.223303780626511461e+00,3.388406878999998639e+01,1.365666868492000106e+02,-1.775555798000079955e-01
6.899999999999995026e-01,3.322483861122641713e+00,9.561062184555929377e+00,6.238578323433288553e+00,3.438890400400001113e+01,1.365664334491999909e+02,-1.854424327999890099e-01
7.000000000000001776e-01,3.335519700984812541e+00,9.584335258108959366e+00,6.248815557124146380e+00,3.490771512200001325e+01,1.365669992031999982e+02,-1.873290277999989928e-01
7.099999999999999645e-01,3.354951894579131899e+00,9.592556570783479231e+00,6.237604676204346887e+00,3.542529965200000674e+01,1.365715049581999949e+02,-1.882297897999750114e-01
7.199999999999997513e-01,3.346213837333424923e+00,9.585310872190548892e+00,6.239097034857123525e+00,3.594065810999998689e+01,1.365799113552000108e+02,-1.831447697999790125e-01
7.299999999999995381e-01,3.337146314980539596e+00,9.580786578745135174e+00,6.243640263764595133e+00,3.643259798200000432e+01,1.365949937192000050e+02,-1.780885127999830009e-01
7.400000000000002132e-01,3.331343739516991587e+00,9.579111978293083141e+00,6.247768238776091110e+00,3.692542356399999903e+01,1.366121086502000139e+02,-1.790392687999599886e-01
7.500000000000000000e-01,3.339906635454175987e+00,9.579825552954515544e+00,6.239918917500339113e+00,3.741958884199999602e+01,1.366233009562000120e+02,-1.769688118000080079e-01
7.599999999999997868e-01,3.341465488323549504e+00,9.585345116764505846e+00,6.243879628440956786e+00,3.791055748599998765e+01,1.366203057541999897e+02,-1.698489788000009937e-01
7.699999999999995737e-01,3.334515471702643286e+00,9.583774852834537228e+00,6.249259381131894386e+00,3.841379205199999092e+01,1.366129956441999980e+02,-1.647112068000070040e-01
7.800000000000002487e-01,3.316762345451210958e+00,9.566731851633162975e+00,6.249969506181951573e+00,3.890898351600000638e+01,1.366062137982000024e+02,-1.635771137999730007e-01
7.900000000000000355e-01,3.290142965034833278e+00,9.555793275671645048e+00,6.265650310636811327e+00,3.940474473800000510e+01,1.365894518002000098e+02,-1.614076767999630124e-01
7.999999999999998224e-01,3.268612550324053512e+00,9.536918825486081275e+00,6.268306275162026431e+00,3.989845288000000778e+01,1.365735635881999883e+02,-1.622417987999970057e-01
8.099999999999996092e-01,3.255189866146556366e+00,9.516189866146556042e+00,6.261000000000000121e+00,4.039552842800000576e+01,1.365688713081999879e+02,-1.671146977999929950e-01
8.200000000000002842e-01,3.263020172747034042e+00,9.524020172747034607e+00,6.261000000000000121e+00,4.089191999999999894e+01,1.365761594441999875e+02,-1.720300167999870011e-01
8.300000000000000711e-01,3.265528100182284454e+00,9.519662797812587840e+00,6.254134697630303386e+00,4.138568851200000154e+01,1.365943050461999917e+02,-1.799842447999699946e-01
8.399999999999998579e-01,3.266000000000000014e+00,9.507594040253163570e+00,6.241594040253164444e+00,4.190763926599998968e+01,1.366100566762000028e+02,-1.869237507999740033e-01
8.499999999999996447e-01,3.266213033155626722e+00,9.490999999999999659e+00,6.224786966844373381e+00,4.241957332000001202e+01,1.366082655092000095e+02,-1.778034887999599967e-01
8.600000000000003197e-01,3.274934027061642272e+00,9.490999999999999659e+00,6.216065972938357831e+00,4.292286244199999601e+01,1.365999958392000053e+02,-1.616622477999979934e-01
8.700000000000001066e-01,3.295830840061602984e+00,9.503669281096401633e+00,6.207838441034799537e+00,4.342700990599999500e+01,1.366117828312000029e+02,-1.525916227999820074e-01
8.799999999999998934e-01,3.320874958788503584e+00,9.522499961958619252e+00,6.201625003170114780e+00,4.392787814600001184e+01,1.366283765542000026e+02,-1.475387117999860109e-01
8.899999999999996803e-01,3.339546581241243928e+00,9.539735305761148254e+00,6.200188724519904326e+00,4.442865820399998711e+01,1.366289676142000076e+02,-1.344293098000099995e-01
9.000000000000003553e-01,3.326258172477904562e+00,9.535339996048344702e+00,6.209081823570439695e+00,4.491374993400000903e+01,1.366236442661999888e+02,-1.243025507999629964e-01
9.100000000000001421e-01,3.320174714739727140e+00,9.523292834326657186e+00,6.203118119586930490e+00,4.540937112399998909e+01,1.366268819311999891e+02,-1.292037507999579948e-01
9.199999999999999289e-01,3.329291481437642641e+00,9.507224216490493873e+00,6.177932735052851676e+00,4.589552177799998844e+01,1.366205607661999863e+02,-1.350733397999860086e-01
9.299999999999997158e-01,3.338193751221031569e+00,9.514072116323870176e+00,6.175878365102838607e+00,4.638480802999998787e+01,1.365944038792000015e+02,-1.358722167999620034e-01
9.399999999999995026e-01,3.347471280067754851e+00,9.526679957042949454e+00,6.179208676975195935e+00,4.689471925800000918e+01,1.365754165392000061e+02,-1.416918327999920069e-01
9.500000000000001776e-01,3.351752224192778407e+00,9.538750855458760114e+00,6.186998631265982596e+00,4.739501836400000911e+01,1.365668947281999976e+02,-1.485505167999970066e-01
9.599999999999999645e-01,3.332408906857723174e+00,9.531311118022200546e+00,6.198902211164478260e+00,4.791023563799998897e+01,1.365602333262000059e+02,-1.534124327999930038e-01
9.699999999999997513e-01,3.321263776561714121e+00,9.521073588340438931e+00,6.199809811778725255e+00,4.841601023000001192e+01,1.365610670451999908e+02,-1.523028537999580045e-01
9.799999999999995381e-01,3.312161162191292085e+00,9.510841259040567763e+00,6.198680096849274790e+00,4.892144128000001047e+01,1.365679156681999871e+02,-1.442145267999770109e-01
9.900000000000002132e-01,3.304488901647556265e+00,9.502000000000000668e+00,6.197511098352443959e+00,4.942390772600001014e+01,1.365916049091999867e+02,-1.411863067999910015e-01
1.000000000000000000e+00,3.313145719919331711e+00,9.502000000000000668e+00,6.188854280080668069e+00,4.992349326799998721e+01,1.366131228892000138e+02,-1.391510737999810121e-01
1.009999999999999787e+00,3.322441327180015502e+00,9.502495486706155958e+00,6.180054159526140012e+00,5.043134879400000159e+01,1.366301367732000074e+02,-1.280980517999580071e-01
1.019999999999999574e+00,3.326212143155297785e+00,9.500212143155298605e+00,6.174000000000000377e+00,5.093027750600001013e+01,1.366456146021999984e+02,-1.240416417999959942e-01
1.030000000000000249e+00,3.316920919995313355e+00,9.490920919995312843e+00,6.174000000000000377e+00,5.142866582599998537e+01,1.366530167361999872e+02,-1.289569187999909938e-01
1.040000000000000036e+00,3.324335705820787634e+00,9.497694497680727821e+00,6.173358791859939743e+00,5.192519831799998542e+01,1.366402910971999916e+02,-1.308015768000000134e-01
1.049999999999999822e+00,3.333567425514732285e+00,9.503054021272630436e+00,6.169486595757899039e+00,5.241870517000000973e+01,1.366103828461999967e+02,-1.275862537999570001e-01
1.059999999999999609e+00,3.343213861824814170e+00,9.505086704416058296e+00,6.161872842591244570e+00,5.292796001199999978e+01,1.365853482992000067e+02,-1.333846807999869988e-01
1.070000000000000284e+00,3.353147430616029379e+00,9.505796245044003001e+00,6.152648814427973178e+00,5.341933163799998852e+01,1.365753010171999904e+02,-1.442399948000110121e-01
1.080000000000000071e+00,3.348931211375447248e+00,9.499941038321811249e+00,6.151009826946364889e+00,5.391252746399999296e+01,1.365683875331999957e+02,-1.481059137999720110e-01
1.089999999999999858e+00,3.339623319498506770e+00,9.488814515269469396e+00,6.149191195770962182e+00,5.440843253399998503e+01,1.365666509982000036e+02,-1.479894687999729896e-01
1.099999999999999645e+00,3.331678279196619741e+00,9.471479881883535512e+00,6.139801602686914883e+00,5.491209749199998669e+01,1.365693498152000132e+02,-1.518869717999909996e-01
1.110000000000000320e+00,3.330325657535598616e+00,9.486184219145629370e+00,6.155858561610030755e+00,5.542209224000001200e+01,1.365664392262000035e+02,-1.447632047999869997e-01
1.120000000000000107e+00,3.345332294579191679e+00,9.514577553251021058e+00,6.169245258671828047e+00,5.592897653800000057e+01,1.365653755442000090e+02,-1.316466068000100020e-01
1.129999999999999893e+00,3.371863443532546523e+00,9.550795165298820777e+00,6.178931721766272922e+00,5.645720074999999838e+01,1.365765055521999898e+02,-1.305683597999779955e-01
1.139999999999999680e+00,3.389562270518435394e+00,9.577343405777652308e+00,6.187781135259217358e+00,5.697144750399999680e+01,1.365868411021999975e+02,-1.284904127999670076e-01
1.150000000000000355e+00,3.385139832594476150e+00,9.573516181012156068e+00,6.188376348417679473e+00,5.747416842199999110e+01,1.365885268881999934e+02,-1.203844737999859998e-01
1.160000000000000142e+00,3.380999999999999783e+00,9.572710401090004595e+00,6.191710401090003479e+00,5.796839114200000154e+01,1.365987137701999927e+02,-1.203104697999859973e-01
1.169999999999999929e+00,3.379534606843291655e+00,9.578908138432256081e+00,6.199373531588964426e+00,5.844735481600000071e+01,1.366130128112000079e+02,-1.272544137999910008e-01
1.179999999999999716e+00,3.343870873385585973e+00,9.552335160561808536e+00,6.208464287176223451e+00,5.893498990200001231e+01,1.366157803721999926e+02,-1.361557578000049951e-01
1.189999999999999503e+00,3.323862475858889720e+00,9.536739265021905609e+00,6.212876789163015445e+00,5.943035391399999412e+01,1.366059787261999929e+02,-1.420110177999769907e-01
1.200000000000000178e+00,3.313860907230582686e+00,9.529506363207056907e+00,6.215645455976474665e+00,5.993592943600000922e+01,1.365927571262000129e+02,-1.468519337999729946e-01
1.209999999999999964e+00,3.304541085926750998e+00,9.527355635213865526e+00,6.222814549287114971e+00,6.043240404200000171e+01,1.365810439672000030e+02,-1.447001507999630121e-01
1.219999999999999751e+00,3.280712906367412529e+00,9.512337438399613987e+00,6.231624532032201458e+00,6.092066410800001108e+01,1.365728612322000117e+02,-1.445626637999629927e-01
1.229999999999999538e+00,3.257243017083136127e+00,9.494553296399811160e+00,6.237310279316674588e+00,6.142338680200001022e+01,1.365745187942000030e+02,-1.444566767999629908e-01
1.240000000000000213e+00,3.240000000000000213e+00,9.478469870775970918e+00,6.238469870775970705e+00,6.191695180400000709e+01,1.365786796371999969e+02,-1.383615197999910063e-01
1.250000000000000000e+00,3.240000000000000213e+00,9.497363894008309160e+00,6.257363894008309835e+00,6.242369673600001079e+01,1.365976050342000008e+02,-1.353155408000059901e-01
1.259999999999999787e+00,3.252427738076586916e+00,9.504477989926023440e+00,6.252050251849436080e+00,6.293269759200001090e+01,1.366296519882000098e+02,-1.403154058000009863e-01
1.269999999999999574e+00,3.268562262065735080e+00,9.507775783904547140e+00,6.239213521838811616e+00,6.344309558599999832e+01,1.366547708932000091e+02,-1.442905107999629954e-01
1.280000000000000249e+00,3.277514241123572258e+00,9.517473761217203787e+00,6.239959520093631085e+00,6.396330251000000544e+01,1.366484297661999960e+02,-1.391523817999680002e-01
1.290000000000000036e+00,3.286894127948749578e+00,9.543314056469517581e+00,6.256419928520768892e+00,6.446861819000000082e+01,1.366222111911999946e+02,-1.329474297999959920e-01
1.299999999999999822e+00,3.296142268199069747e+00,9.545902140878569142e+00,6.249759872679499395e+00,6.498152365199999281e+01,1.366034089601999995e+02,-1.347670068000050014e-01
1.309999999999999609e+00,3.304924899600135024e+00,9.534774698800404735e+00,6.229849799200270155e+00,6.548575858999998900e+01,1.365961240972000041e+02,-1.386291597999670111e-01
1.320000000000000284e+00,3.313042020954556133e+00,9.559126062863668949e+00,6.246084041909112372e+00,6.598622824599999603e+01,1.365846142382000039e+02,-1.434772507999630131e-01
1.330000000000000071e+00,3.327788222364607140e+00,9.579788222364607364e+00,6.251999999999999780e+00,6.648258974399999488e+01,1.365748837031999869e+02,-1.453325137999720018e-01
1.339999999999999858e+00,3.340186319149649474e+00,9.593860486088434669e+00,6.253674166938784751e+00,6.695841355999999678e+01,1.365740003962000060e+02,-1.462235528000060125e-01
1.349999999999999645e+00,3.331120567866391102e+00,9.593163120605106897e+00,6.262042552738716239e+00,6.744470739600001252e+01,1.365827152781999985e+02,-1.511461518000009885e-01
1.360000000000000320e+00,3.308571321133484844e+00,9.586011241440402841e+00,6.277439920306917998e+00,6.793333863600000200e+01,1.365855751182000120e+02,-1.500475347999689901e-01
1.370000000000000107e+00,3.290999999999999925e+00,9.572885886882806616e+00,6.281885886882807135e+00,6.844527357800001255e+01,1.365837698391999879e+02,-1.449272487999740122e-01
1.379999999999999893e+00,3.291287731758059110e+00,9.553712268241941530e+00,6.262424536483881532e+00,6.896374115399999027e+01,1.365903504972000064e+02,-1.398350957999779931e-01
1.389999999999999680e+00,3.300737947690933538e+00,9.544262052309067101e+00,6.243524104618132675e+00,6.947065796800001181e+01,1.366062666782000008e+02,-1.407784878000110096e-01
1.400000000000000355e+00,3.309843240795713903e+00,9.546356304062738829e+00,6.236513063267024037e+00,6.998285075399999755e+01,1.366174901262000105e+02,-1.377041237999679923e-01
1.410000000000000142e+00,3.318591838312583420e+00,9.554392466134691730e+00,6.235800627822109199e+00,7.047718591599999627e+01,1.366257049682000115e+02,-1.306230917999630092e-01
1.419999999999999929e+00,3.327985167398517685e+00,9.563063231444784762e+00,6.235078064046268409e+00,7.098105127599998809e+01,1.366424379361999968e+02,-1.345700637999819871e-01
1.429999999999999716e+00,3.336580122556876749e+00,9.548839754886246922e+00,6.212259632329370618e+00,7.147293703599999048e+01,1.366584728041999881e+02,-1.425172637999629899e-01
1.439999999999999503e+00,3.332477329352139694e+00,9.522954658704279041e+00,6.190477329352139790e+00,7.196573298799998497e+01,1.366585620081999934e+02,-1.424079517999629896e-01
1.450000000000000178e+00,3.315999999999999837e+00,9.488708459333162537e+00,6.172708459333162700e+00,7.246286464599998567e+01,1.366528854722000119e+02,-1.432773397999959897e-01
1.459999999999999964e+00,3.315999999999999837e+00,9.471879417633306986e+00,6.155879417633308037e+00,7.295183942799999954e+01,1.366497304082000142e+02,-1.491574707999679950e-01
1.469999999999999751e+00,3.310357184560733579e+00,9.460357184560733046e+00,6.150000000000000355e+00,7.344831558799998561e+01,1.366379925532000073e+02,-1.540056457999640083e-01
1.479999999999999538e+00,3.308970642689450514e+00,9.459161821254429725e+00,6.150191178564979211e+00,7.394758424799999830e+01,1.366124268242000142e+02,-1.488043487999680115e-01
1.490000000000000213e+00,3.327887628832154832e+00,9.478806383787237166e+00,6.150918754955082335e+00,7.445144601399999829e+01,1.365941311381999981e+02,-1.446276858000060117e-01
1.500000000000000000e+00,3.337765856423903443e+00,9.497826022251789624e+00,6.160060165827887069e+00,7.495899024999999938e+01,1.365990582151999888e+02,-1.475321807999920021e-01
1.509999999999999787e+00,3.342359857438560677e+00,9.511678146701285641e+00,6.169318289262725408e+00,7.545597921199998837e+01,1.366134236782000073e+02,-1.434722777999719867e-01
1.519999999999999574e+00,3.344680394825849667e+00,9.522554200135290969e+00,6.177873805309441302e+00,7.594891812399998798e+01,1.366285524571999872e+02,-1.414159817999630087e-01
1.530000000000000249e+00,3.362625803595449714e+00,9.549831221465083786e+00,6.187205417869634516e+00,7.644602086000000440e+01,1.366409247121999897e+02,-1.363490147999669999e-01
1.540000000000000036e+00,3.393057041266282603e+00,9.577043351362375390e+00,6.183986310096092787e+00,7.694435107199998924e+01,1.366493428542000004e+02,-1.362678567999680013e-01
1.549999999999999822e+00,3.421395238018188678e+00,9.598667687014291516e+00,6.177272448996102838e+00,7.746133488199998851e+01,1.366468242022000084e+02,-1.311439307999729964e-01
1.559999999999999609e+00,3.431438361631820921e+00,9.606558712710715042e+00,6.175120351078895453e+00,7.796157565799998679e+01,1.366393219272000010e+02,-1.320061858000060040e-01
1.570000000000000284e+00,3.422085895534432431e+00,9.589296242025772798e+00,6.167210346491339479e+00,7.847995926999999483e+01,1.366298328901999923e+02,-1.378574277999770059e-01
1.580000000000000071e+00,3.412416905148625279e+00,9.575987436313903700e+00,6.163570531165278865e+00,7.897948732800000471e+01,1.366172711922000076e+02,-1.417020107999970024e-01
1.589999999999999858e+00,3.399458097799862522e+00,9.562742297912690148e+00,6.163284200112827627e+00,7.947368263799998545e+01,1.366103970672000116e+02,-1.505678788000109902e-01
1.599999999999999645e+00,3.371965721761966073e+00,9.536659787312634862e+00,6.164694065550668789e+00,7.996525333400001045e+01,1.366144051041999887e+02,-1.554726978000069981e-01
1.610000000000000320e+00,3.366537772307753862e+00,9.523471187691448847e+00,6.156933415383694985e+00,8.044692669599999135e+01,1.366338740381999912e+02,-1.604342658000030009e-01
1.620000000000000107e+00,3.366999999999999993e+00,9.516736578985103279e+00,6.149736578985104174e+00,8.095167643400000657e+01,1.366526607412000089e+02,-1.643882867999640063e-01
1.629999999999999893e+00,3.366999999999999993e+00,9.516016991120679336e+00,6.149016991120680231e+00,8.145000597999998604e+01,1.366610894671999858e+02,-1.613071467999780129e-01
1.639999999999999680e+00,3.340932042147454872e+00,9.498386514964495930e+00,6.157454472817041058e+00,8.195306910799999400e+01,1.366567815171999882e+02,-1.541799917999739922e-01
1.650000000000000355e+00,3.330000000000000071e+00,9.491865186911102370e+00,6.161865186911102299e+00,8.246617208600000026e+01,1.366520593012000120e+02,-1.430491158000060103e-01
1.660000000000000142e+00,3.333889042792244073e+00,9.496589885654378449e+00,6.162700842862134820e+00,8.297511234999998919e+01,1.366500759692000031e+02,-1.399288807999639894e-01
1.669999999999999929e+00,3.352384380799845687e+00,9.513662505353703835e+00,6.161278124553857261e+00,8.348005911799998557e+01,1.366478646411999875e+02,-1.368087297999779905e-01
1.679999999999999716e+00,3.355420478229172332e+00,9.510625260520894741e+00,6.155204782291721521e+00,8.398010108799999784e+01,1.366613886211999898e+02,-1.367452047999770104e-01
1.689999999999999503e+00,3.358520441855957106e+00,9.513627624021239626e+00,6.155107182165282964e+00,8.447586679200000503e+01,1.366796411651999961e+02,-1.466993787999679999e-01
1.700000000000000178e+00,3.366961480758151382e+00,9.531916541642660334e+00,6.164955060884509841e+00,8.496638255999999956e+01,1.366845835151999893e+02,-1.536077417999729966e-01
1.709999999999999964e+00,3.376088260141159481e+00,9.541088260141158628e+00,6.165000000000000036e+00,8.545276009599999156e+01,1.366742865182000060e+02,-1.544632208000059903e-01
1.719999999999999751e+00,3.380427706656215392e+00,9.555692666405384728e+00,6.175264959749168447e+00,8.595733746600001268e+01,1.366610043912000094e+02,-1.603041517999780063e-01
1.729999999999999538e+00,3.382823889374295678e+00,9.571975880155488170e+00,6.189151990781191159e+00,8.645891926999999555e+01,1.366475583232000020e+02,-1.641451577999979983e-01
1.740000000000000213e+00,3.391498944395704207e+00,9.581373856428680114e+00,6.189874912032975907e+00,8.695955725600001074e+01,1.366330956962000016e+02,-1.569827157999920120e-01
1.750000000000000000e+00,3.385127019582323094e+00,9.581183158365151442e+00,6.196056138782828349e+00,8.746849596600000609e+01,1.366311370601999897e+02,-1.468625228000010052e-01
1.759999999999999787e+00,3.372141289101765249e+00,9.572455637537695239e+00,6.200314348435929546e+00,8.796271779799999990e+01,1.366413380541999913e+02,-1.427885427999819878e-01
1.769999999999999574e+00,3.354999999999999982e+00,9.556272362574359747e+00,6.201272362574360208e+00,8.845810922000001142e+01,1.366485974151999869e+02,-1.397039307999969893e-01
1.780000000000000249e+00,3.354999999999999982e+00,9.564015327215408035e+00,6.209015327215407609e+00,8.894896386799999277e+01,1.366475989491999883e+02,-1.325911677999919991e-01
1.790000000000000036e+00,3.354999999999999982e+00,9.561195734161669790e+00,6.206195734161668476e+00,8.944951837599998612e+01,1.366521446732000129e+02,-1.304958397999810005e-01
1.799999999999999822e+00,3.357191883792706832e+00,9.556009226809981882e+00,6.198817343017274162e+00,8.996199681799998871e+01,1.366583656971999972e+02,-1.304037827999829924e-01
1.809999999999999609e+00,3.365867479170466581e+00,9.563961855906260467e+00,6.198094376735794775e+00,9.046266598799999770e+01,1.366609041012000034e+02,-1.313013667999579914e-01
1.820000000000000284e+00,3.359213931521491059e+00,9.557213931521491901e+00,6.198000000000000398e+00,9.098047873199999458e+01,1.366614128562000019e+02,-1.331879827999669919e-01
1.830000000000000071e+00,3.349732771098006712e+00,9.543218003467726973e+00,6.193485232369719817e+00,9.149241500599998744e+01,1.366595864091999886e+02,-1.340676608000009873e-01
1.839999999999999858e+00,3.339904571225118968e+00,9.527182571462478933e+00,6.187278000237361297e+00,9.199998527799999692e+01,1.366465105592000100e+02,-1.299085887999819888e-01
1.849999999999999645e+00,3.331418895008642522e+00,9.528596850831892340e+00,6.197177955823250706e+00,9.250193692400000600e+01,1.366441282341999965e+02,-1.267885007999960123e-01
1.860000000000000320e+00,3.329000000000000181e+00,9.522060823197904256e+00,6.193060823197904519e+00,9.299065679000000273e+01,1.366629836811999894e+02,-1.357463628000110112e-01
1.870000000000000107e+00,3.321040237314242027e+00,9.512695858169912810e+00,6.191655620855669895e+00,9.348841924199999198e+01,1.366813502232000133e+02,-1.457004948000009958e-01
1.879999999999999893e+00,3.294742535468636380e+00,9.505083365530394346e+00,6.210340830061758410e+00,9.397100279599999340e+01,1.366848734932000013e+02,-1.426055507999590133e-01
1.889999999999999680e+00,3.299418028086917420e+00,9.512418028086917943e+00,6.213000000000000078e+00,9.445897720599998593e+01,1.366816931822000072e+02,-1.394857567999729930e-01
1.900000000000000355e+00,3.304374494101496751e+00,9.518000000000000682e+00,6.213625505898503931e+00,9.495359913400000096e+01,1.366848879602000011e+02,-1.403870018000059894e-01
1.910000000000000142e+00,3.302827144070243470e+00,9.518014404660814165e+00,6.215187260590568918e+00,9.543957679600001143e+01,1.366815936511999894e+02,-1.372672497999629926e-01
1.919999999999999929e+00,3.294073499680895800e+00,9.518743875026592249e+00,6.224670375345695561e+00,9.594825832800000853e+01,1.366665957042000059e+02,-1.281011168000059930e-01
1.929999999999999716e+00,3.297222642619168642e+00,9.524743977802309303e+00,6.227521335183141105e+00,9.646064925400000334e+01,1.366568034812000008e+02,-1.229525508000099965e-01
1.939999999999999503e+00,3.301442470581986477e+00,9.533164063353703810e+00,6.231721592771717333e+00,9.696043360199999483e+01,1.366572952061999899e+02,-1.218430977999769987e-01
1.949999999999999289e+00,3.292205614534970959e+00,9.540979864624254958e+00,6.248774250089284443e+00,9.745248857999999359e+01,1.366703631942000072e+02,-1.217797407999779979e-01
1.959999999999999076e+00,3.299481146437555079e+00,9.550481146437554969e+00,6.251000000000000334e+00,9.793915247999998996e+01,1.366901382911999860e+02,-1.207412397999999970e-01
1.970000000000000639e+00,3.316622562756146309e+00,9.572020289204417054e+00,6.255397726448271634e+00,9.843309020999998893e+01,1.367053170131999877e+02,-1.206849108000010024e-01
1.980000000000000426e+00,3.341808305239080568e+00,9.606984025436588581e+00,6.265175720197508902e+00,9.892243527799999470e+01,1.367132186361999970e+02,-1.216039357999769976e-01
1.990000000000000213e+00,3.333128751522312694e+00,9.606260729293525813e+00,6.273131977771213563e+00,9.942333288399998992e+01,1.367117565121999974e+02,-1.244873677999620010e-01
2.000000000000000000e+00,3.323058151089332668e+00,9.599553997440095188e+00,6.276495846350761632e+00,9.994727723599999081e+01,1.366925864302000093e+02,-1.253031847999959980e-01
2.009999999999999787e+00,3.315999999999999837e+00,9.592322332039568522e+00,6.276322332039569574e+00,1.004539335000000051e+02,1.366604311181999947e+02,-1.200769958000010018e-01
2.019999999999999574e+00,3.315999999999999837e+00,9.590096855888470273e+00,6.274096855888470436e+00,1.009712305559999947e+02,1.366348824192000109e+02,-1.178717677999910063e-01
2.029999999999999361e+00,3.307574815937533774e+00,9.589999999999999858e+00,6.282425184062465640e+00,1.014833384899999942e+02,1.366300502841999958e+02,-1.217408228000090020e-01
2.039999999999999147e+00,3.303999999999999826e+00,9.585762739670066424e+00,6.281762739670067042e+00,1.019760770000000036e+02,1.366311449121999999e+02,-1.196350578000009990e-01
2.050000000000000711e+00,3.305012579123818295e+00,9.577987420876182156e+00,6.272974841752363417e+00,1.024609138140000084e+02,1.366478320752000002e+02,-1.125860297999960041e-01
2.060000000000000497e+00,3.321238077430186397e+00,9.561761922569814942e+00,6.240523845139627213e+00,1.029411058940000032e+02,1.366932479932000035e+02,-1.206394897999760046e-01
2.070000000000000284e+00,3.329000000000000181e+00,9.558723161693547965e+00,6.229723161693547340e+00,1.034452860959999896e+02,1.367220113202000107e+02,-1.266288488000049950e-01
2.080000000000000071e+00,3.331620625643322064e+00,9.568725450669054666e+00,6.237104825025732602e+00,1.039412468319999903e+02,1.367192975851999961e+02,-1.205089047999760021e-01
2.089999999999999858e+00,3.349893193446356054e+00,9.587728921184210051e+00,6.237835727737854441e+00,1.044509271819999867e+02,1.367043495812000060e+02,-1.133427387999720037e-01
2.099999999999999645e+00,3.368693688780200812e+00,9.599640718165705522e+00,6.230947029385503377e+00,1.049725065400000119e+02,1.367090621641999917e+02,-1.202433807999769982e-01
2.109999999999999432e+00,3.390758634597280885e+00,9.615830321339601028e+00,6.225071686742319699e+00,1.054722919980000029e+02,1.367095362491999992e+02,-1.241338977999960069e-01
2.119999999999999218e+00,3.416685038415211206e+00,9.639422570427887749e+00,6.222737532012676098e+00,1.059688233800000035e+02,1.366968282502000136e+02,-1.209785858000100023e-01
2.130000000000000782e+00,3.408121774204489807e+00,9.623723252708231257e+00,6.215601478503741895e+00,1.064664417619999881e+02,1.367001728571999877e+02,-1.278797317999580130e-01
2.140000000000000568e+00,3.388516185271398307e+00,9.601516185271398385e+00,6.213000000000000078e+00,1.069503416400000049e+02,1.367157340932000125e+02,-1.408270697999919885e-01
2.150000000000000355e+00,3.361975383940832618e+00,9.576297651324823690e+00,6.214322267383991516e+00,1.074367503599999907e+02,1.367224381272000073e+02,-1.497425748000059953e-01
2.160000000000000142e+00,3.335144371884513070e+00,9.556527431914904724e+00,6.221383060030390766e+00,1.079257249199999933e+02,1.367192865911999888e+02,-1.546227118000020051e-01
2.169999999999999929e+00,3.343914375693337604e+00,9.552573629834359537e+00,6.208659254141021933e+00,1.084349519499999985e+02,1.367122831952000013e+02,-1.594847537999969922e-01
2.179999999999999716e+00,3.350961359250630434e+00,9.553310664673029251e+00,6.202349305422398373e+00,1.089468579279999858e+02,1.366934416052000074e+02,-1.563043818000119933e-01
2.189999999999999503e+00,3.341973445146629196e+00,9.553575122346067872e+00,6.211601677199438676e+00,1.094460695900000076e+02,1.366688742441999977e+02,-1.511066197999590133e-01
2.199999999999999289e+00,3.341231333014883731e+00,9.541701328238140434e+00,6.200469995223255815e+00,1.099635666039999933e+02,1.366573667522000051e+02,-1.469508727999969955e-01
2.209999999999999076e+00,3.341482980252158175e+00,9.532687217226259335e+00,6.191204236974100716e+00,1.104593559019999987e+02,1.366576551772000130e+02,-1.388415457999579994e-01
2.220000000000000639e+00,3.341795150339250231e+00,9.529253346268246716e+00,6.187458195928996041e+00,1.109602506219999896e+02,1.366562389171999996e+02,-1.287250557999680134e-01
2.230000000000000426e+00,3.341070747439757405e+00,9.537221778162670915e+00,6.196151030722913511e+00,1.114653984580000099e+02,1.366680511561999936e+02,-1.286543557999670073e-01
2.240000000000000213e+00,3.367126639594568704e+00,9.571311465483075764e+00,6.204184825888506616e+00,1.119702049720000048e+02,1.366858430192000071e+02,-1.316048478000099997e-01
2.250000000000000000e+00,3.384874837049013596e+00,9.593262320753915162e+00,6.208387483704901122e+00,1.124804032300000074e+02,1.366969171892000077e+02,-1.385304657999580080e-01
2.259999999999999787e+00,3.391111729272189290e+00,9.598770978005916277e+00,6.207659248733727431e+00,1.129819583320000049e+02,1.367014846321999926e+02,-1.464350567999969932e-01
2.269999999999999574e+00,3.391846972401237448e+00,9.590683303586390096e+00,6.198836331185151316e+00,1.134911294739999903e+02,1.366954619642000068e+02,-1.563006037999880027e-01
2.279999999999999361e+00,3.406421256965716182e+00,9.595922203343544510e+00,6.189500946377827439e+00,1.139993592399999898e+02,1.366883839292000005e+02,-1.661626367999790022e-01
2.289999999999999147e+00,3.416999999999999815e+00,9.594117296634765424e+00,6.177117296634765609e+00,1.145031087860000127e+02,1.366720567552000034e+02,-1.699929957999979924e-01
2.300000000000000711e+00,3.416704843906026134e+00,9.577926210976505317e+00,6.161221367070480071e+00,1.150087976380000043e+02,1.366568490031999943e+02,-1.718268598000080027e-01
2.310000000000000497e+00,3.408107857901322646e+00,9.575776964475329223e+00,6.167669106574007465e+00,1.155049302559999944e+02,1.366511260521999986e+02,-1.696962867999979863e-01
2.320000000000000284e+00,3.404999999999999805e+00,9.559830624652560616e+00,6.154830624652561255e+00,1.159865152140000077e+02,1.366545958512000141e+02,-1.656013697999789980e-01
2.330000000000000071e+00,3.401529072403943310e+00,9.539871447126071047e+00,6.138342374722127737e+00,1.164706404199999952e+02,1.366662059511999985e+02,-1.665346398000120132e-01
2.339999999999999858e+00,3.382645153196999210e+00,9.539172042710999833e+00,6.156526889514000622e+00,1.169549925080000037e+02,1.366738402192000024e+02,-1.624537997999929984e-01
2.349999999999999645e+00,3.385538302690497048e+00,9.538999999999999702e+00,6.153461697309502654e+00,1.174496131040000080e+02,1.366770561652000140e+02,-1.573550807999969936e-01
2.359999999999999432e+00,3.402222813184827555e+00,9.538999999999999702e+00,6.136777186815172591e+00,1.179529915180000046e+02,1.366847715181999945e+02,-1.542703008000120002e-01
2.369999999999999218e+00,3.430924568042811096e+00,9.538999999999999702e+00,6.108075431957188606e+00,1.184626469419999921e+02,1.366878088011999921e+02,-1.591676718000069879e-01
2.380000000000000782e+00,3.430251053039126141e+00,9.540497893921747519e+00,6.110246840882621377e+00,1.189862495280000019e+02,1.366746253992000106e+02,-1.610046927999589927e-01
2.390000000000000568e+00,3.430000000000000160e+00,9.552758008976066861e+00,6.122758008976067146e+00,1.194892848019999860e+02,1.366532634982000047e+02,-1.608174217999600031e-01
2.400000000000000355e+00,3.427408708545524707e+00,9.565601339776234724e+00,6.138192631230709573e+00,1.199966865220000045e+02,1.366431439442000055e+02,-1.676688887999639999e-01
2.410000000000000142e+00,3.417878919042732555e+00,9.564135218314266496e+00,6.146256299271533940e+00,1.205043463080000095e+02,1.366460495892000040e+02,-1.775662718000119988e-01
2.419999999999999929e+00,3.416999999999999815e+00,9.564641515136729666e+00,6.147641515136730739e+00,1.209954296139999883e+02,1.366410470671999917e+02,-1.734393507999940076e-01
2.429999999999999716e+00,3.430364633886382464e+00,9.573089120510179129e+00,6.142724486623795777e+00,1.214889393939999991e+02,1.366461780541999929e+02,-1.753476808000029863e-01
2.439999999999999503e+00,3.455671756528916116e+00,9.587384223181825149e+00,6.131712466652910365e+00,1.219800541060000114e+02,1.366581730352000079e+02,-1.802807797999979866e-01
2.449999999999999289e+00,3.464225645000044373e+00,9.579543158749959986e+00,6.115317513749915612e+00,1.224771276559999933e+02,1.366535125071999914e+02,-1.761537327999790070e-01
2.459999999999999076e+00,3.454069528962208757e+00,9.570534764481104517e+00,6.116465235518895760e+00,1.229827561799999955e+02,1.366393560431999958e+02,-1.629912218000020008e-01
2.470000000000000639e+00,3.438432273894596047e+00,9.560731984956758467e+00,6.122299711062162864e+00,1.234925233799999944e+02,1.366404318701999898e+02,-1.578815828000069976e-01
2.480000000000000426e+00,3.430235855323772398e+00,9.550300179502983156e+00,6.120064324179210757e+00,1.240085406659999876e+02,1.366548466662000010e+02,-1.638176857999799896e-01
2.490000000000000213e+00,3.430000000000000160e+00,9.558514846967169021e+00,6.128514846967169305e+00,1.245181940919999874e+02,1.366579157012000110e+02,-1.597151107999590092e-01
2.500000000000000000e+00,3.430000000000000160e+00,9.568483772807310217e+00,6.138483772807309613e+00,1.250221411539999963e+02,1.366556685422000044e+02,-1.505950168000020073e-01
2.509999999999999787e+00,3.430000000000000160e+00,9.575320612442549617e+00,6.145320612442549013e+00,1.255149667359999910e+02,1.366727834732000133e+02,-1.515457727999779958e-01
2.519999999999999574e+00,3.430000000000000160e+00,9.567066582283155540e+00,6.137066582283156713e+00,1.259913073499999996e+02,1.366979399802000046e+02,-1.615286257999689890e-01
2.529999999999999361e+00,3.422683403124861190e+00,9.564999999999999503e+00,6.142316596875138757e+00,1.264750043839999876e+02,1.366995058731999961e+02,-1.634265607999799974e-01
2.539999999999999147e+00,3.415999999999999925e+00,9.567531343971326763e+00,6.151531343971326393e+00,1.269683709820000104e+02,1.366896008132000020e+02,-1.662818807999650039e-01
2.550000000000000711e+00,3.415999999999999925e+00,9.575506511873598470e+00,6.159506511873598100e+00,1.274739458379999917e+02,1.366763897971999882e+02,-1.681228147999740130e-01
2.560000000000000497e+00,3.433513315230737106e+00,9.584756657615368880e+00,6.151243342384631774e+00,1.279717042519999950e+02,1.366597347411999976e+02,-1.679533237999749906e-01
2.570000000000000284e+00,3.442000000000000171e+00,9.588612922503807923e+00,6.146612922503807752e+00,1.284658098259999974e+02,1.366368826492000039e+02,-1.617627428000019962e-01
2.580000000000000071e+00,3.440702364024079252e+00,9.585404728048157352e+00,6.144702364024078989e+00,1.289656780960000049e+02,1.366183589672000096e+02,-1.575861637999829978e-01
2.589999999999999858e+00,3.432096934006341638e+00,9.568193868012683012e+00,6.136096934006341819e+00,1.294657467680000025e+02,1.366138694361999910e+02,-1.534590537999639959e-01
2.599999999999999645e+00,3.429464578233254013e+00,9.577920965935399877e+00,6.148456387702145420e+00,1.299609669740000015e+02,1.366241274292000014e+02,-1.493850528000019995e-01
2.609999999999999432e+00,3.429258169243734944e+00,9.589741830756265628e+00,6.160483661512529352e+00,1.304637188540000068e+02,1.366428177742000116e+02,-1.483391457999690133e-01
2.619999999999999218e+00,3.429980064597055289e+00,9.589019935402944839e+00,6.159039870805889549e+00,1.309636463839999863e+02,1.366583455461999961e+02,-1.462827027999600016e-01
2.630000000000000782e+00,3.437972772950223188e+00,9.596308375204371188e+00,6.158335602254148000e+00,1.314690217680000046e+02,1.366661713691999864e+02,-1.441978748000070087e-01
2.640000000000000568e+00,3.441637546446195017e+00,9.609061338845124922e+00,6.167423792398929905e+00,1.319854941499999939e+02,1.366726133331999904e+02,-1.461057217999590097e-01
2.650000000000000355e+00,3.442495836014943134e+00,9.625632853698629532e+00,6.183137017683686842e+00,1.324973162059999936e+02,1.366727871502000085e+02,-1.459924757999589984e-01
2.660000000000000142e+00,3.461631236042529647e+00,9.633728599864147313e+00,6.172097363821617222e+00,1.330105349559999866e+02,1.366660399742000038e+02,-1.428544817999730099e-01
2.669999999999999929e+00,3.479869013433025238e+00,9.657105182030161217e+00,6.177236168597135979e+00,1.335134851980000121e+02,1.366637111201999915e+02,-1.407343667999630121e-01
2.679999999999999716e+00,3.491777091567049851e+00,9.676777091567050348e+00,6.184999999999999609e+00,1.340062259279999921e+02,1.366647704682000040e+02,-1.486285418000010128e-01
2.689999999999999503e+00,3.491072207680265826e+00,9.676072207680265436e+00,6.184999999999999609e+00,1.344943726639999966e+02,1.366585738852000134e+02,-1.514981067999880138e-01
2.699999999999999289e+00,3.483751359588211916e+00,9.667543252852913938e+00,6.183791893264701578e+00,1.349656024859999945e+02,1.366504346472000009e+02,-1.473645357999679995e-01
2.709999999999999076e+00,3.474961397441875821e+00,9.662621323470480306e+00,6.187659926028604929e+00,1.354583416620000094e+02,1.366515186912000104e+02,-1.482587528000010035e-01
2.720000000000000639e+00,3.466020974885397621e+00,9.663727326489835789e+00,6.197706351604439057e+00,1.359535634220000020e+02,1.366617519881999954e+02,-1.511847097999869938e-01
2.730000000000000426e+00,3.466731292954277510e+00,9.654493191594395896e+00,6.187761898640118829e+00,1.364454734420000079e+02,1.366598121531999936e+02,-1.440683907999829871e-01
2.740000000000000213e+00,3.450440925199590669e+00,9.645629489253920497e+00,6.195188564054330271e+00,1.369414911759999995e+02,1.366561000501999956e+02,-1.379449118000110053e-01
2.750000000000000000e+00,3.429826453369655859e+00,9.636743893805524763e+00,6.206917440435868905e+00,1.374450986919999878e+02,1.366598042912000039e+02,-1.398459617999630034e-01
2.759999999999999787e+00,3.429099230178267010e+00,9.627289992317470180e+00,6.198190762139204502e+00,1.379522132019999958e+02,1.366547118571999988e+02,-1.367151637999780012e-01
2.769999999999999574e+00,3.428999999999999826e+00,9.632969106135464088e+00,6.203969106135463818e+00,1.384632063239999979e+02,1.366518582671999980e+02,-1.295913757999730131e-01
2.779999999999999361e+00,3.447680913162365801e+00,9.642128093809276379e+00,6.194447180646911022e+00,1.389724044319999905e+02,1.366629036621999944e+02,-1.285170627999960014e-01
2.789999999999999147e+00,3.478849839541736433e+00,9.652246007163117980e+00,6.173396167621382880e+00,1.394780968780000023e+02,1.366827245641999866e+02,-1.384745617999869893e-01
2.800000000000000711e+00,3.470251260192059206e+00,9.661561134791934791e+00,6.191309874599876473e+00,1.399777674519999948e+02,1.366852094971999918e+02,-1.383721727999880080e-01
2.810000000000000497e+00,3.474321681188735411e+00,9.670321681188735141e+00,6.195999999999999730e+00,1.404734146780000117e+02,1.366704442351999944e+02,-1.362098057999779899e-01
2.820000000000000284e+00,3.479743646015809322e+00,9.675743646015810384e+00,6.195999999999999730e+00,1.409798741339999992e+02,1.366592834262000054e+02,-1.390577827999640026e-01
2.830000000000000071e+00,3.479033356854056791e+00,9.675033356854056521e+00,6.195999999999999730e+00,1.414751800379999906e+02,1.366504977881999991e+02,-1.399166077999980107e-01
2.839999999999999858e+00,3.496333252286687010e+00,9.683319961097609507e+00,6.186986708810922941e+00,1.419785862640000005e+02,1.366401819902000057e+02,-1.377682127999869943e-01
2.849999999999999645e+00,3.498895581695788959e+00,9.686999999999999389e+00,6.188104418304210874e+00,1.424875835260000088e+02,1.366372002902000133e+02,-1.346444428000010129e-01
2.859999999999999432e+00,3.490281133517527223e+00,9.685545574514829781e+00,6.195264440997303446e+00,1.429804928080000082e+02,1.366353033421999896e+02,-1.315280787999590084e-01
2.869999999999999218e+00,3.480887335609049060e+00,9.677596976284579711e+00,6.196709640675530650e+00,1.434843833159999917e+02,1.366340474952000079e+02,-1.244115078000099933e-01
2.880000000000000782e+00,3.480108655420149244e+00,9.668793739769030893e+00,6.188685084348881205e+00,1.439695048979999967e+02,1.366457463462000135e+02,-1.163448107999719983e-01
2.890000000000000568e+00,3.480433957198090678e+00,9.666113235410501048e+00,6.185679278212409926e+00,1.444741404179999904e+02,1.366665333132000058e+02,-1.193059077999580053e-01
2.900000000000000355e+00,3.479381157891560328e+00,9.674043979756717704e+00,6.194662821865158264e+00,1.449808857939999882e+02,1.366854516541999942e+02,-1.182599167999810047e-01
2.910000000000000142e+00,3.497982631456873825e+00,9.676190303629638834e+00,6.178207672172765008e+00,1.454797844320000024e+02,1.366839108121999971e+02,-1.111434507999770060e-01
2.919999999999999929e+00,3.510556630158511382e+00,9.687650207803812918e+00,6.177093577645302425e+00,1.459908933259999912e+02,1.366790322621999962e+02,-1.120125448000099944e-01
2.929999999999999716e+00,3.516999999999999904e+00,9.697662258013675540e+00,6.180662258013675192e+00,1.465002341299999955e+02,1.366700356581999927e+02,-1.158675227999720059e-01
2.939999999999999503e+00,3.516999999999999904e+00,9.688965917900876690e+00,6.171965917900875453e+00,1.470021004799999957e+02,1.366516048061999982e+02,-1.176908657999820029e-01
2.949999999999999289e+00,3.516999999999999904e+00,9.695726490800629094e+00,6.178726490800628746e+00,1.475037399480000033e+02,1.366371497862000126e+02,-1.245283187999859931e-01
2.959999999999999076e+00,3.517362103607806212e+00,9.704707346901479070e+00,6.187345243293673747e+00,1.480028701299999909e+02,1.366315590241999871e+02,-1.333976168000020057e-01
2.970000000000000639e+00,3.516393227089761986e+00,9.711455026047847383e+00,6.195061798958086285e+00,1.484907886519999920e+02,1.366293594411999948e+02,-1.352813278000110087e-01
2.980000000000000426e+00,3.498476620189922670e+00,9.694227519413388450e+00,6.195750899223464003e+00,1.489713189039999861e+02,1.366337600251999902e+02,-1.341899487999770046e-01
2.990000000000000213e+00,3.498195861430427378e+00,9.683574384692551718e+00,6.185378523262123451e+00,1.494515073900000175e+02,1.366441472891999922e+02,-1.341197737999779982e-01
3.000000000000000000e+00,3.505999999999999783e+00,9.677706245632357707e+00,6.171706245632356591e+00,1.499399669700000004e+02,1.366500128172000075e+02,-1.300317797999590019e-01
3.009999999999999787e+00,3.505999999999999783e+00,9.676268244067470548e+00,6.170268244067471208e+00,1.504413477479999983e+02,1.366576282842000012e+02,-1.229470658000099970e-01
3.019999999999999574e+00,3.490433617692414003e+00,9.653249133550451333e+00,6.162815515858037330e+00,1.509523713880000173e+02,1.366717863092000016e+02,-1.208833218000009979e-01
3.029999999999999361e+00,3.475457142068544947e+00,9.633806592678656244e+00,6.158349450610112186e+00,1.514742068140000129e+02,1.366895558431999973e+02,-1.218299337999770027e-01
3.039999999999999147e+00,3.467000000000000082e+00,9.625829714798431525e+00,6.158829714798431887e+00,1.519836888020000174e+02,1.366956270382000014e+02,-1.157379758000059988e-01
3.050000000000000711e+00,3.467000000000000082e+00,9.624347868268881001e+00,6.157347868268880475e+00,1.524967935560000001e+02,1.366908765981999920e+02,-1.126070517999629983e-01
3.060000000000000497e+00,3.481146577227361760e+00,9.625131726178189240e+00,6.143985148950827480e+00,1.530118398359999787e+02,1.366872103002000074e+02,-1.174795727999590061e-01
3.070000000000000284e+00,3.495776122205874969e+00,9.633261773472836964e+00,6.137485651266961995e+00,1.535171305900000220e+02,1.366789770121999936e+02,-1.233381577999869971e-01
3.080000000000000071e+00,3.505043784199060042e+00,9.651043784199060838e+00,6.145999999999999908e+00,1.540144332419999955e+02,1.366703053722000050e+02,-1.241969407999640035e-01
3.089999999999999858e+00,3.513284927871412222e+00,9.659284927871413018e+00,6.145999999999999908e+00,1.544900301760000048e+02,1.366733978972000045e+02,-1.301020897999929926e-01
3.099999999999999645e+00,3.517406418157031034e+00,9.673160453925776281e+00,6.155754035768745247e+00,1.549858802460000220e+02,1.366726279782000120e+02,-1.389891258000069962e-01
3.109999999999999432e+00,3.521402465361895828e+00,9.689633183373709713e+00,6.168230718011813885e+00,1.554918536440000025e+02,1.366524354421999874e+02,-1.388053268000070117e-01
3.119999999999999218e+00,3.539172840693251665e+00,9.698162963532761083e+00,6.158990122839509418e+00,1.559875262400000224e+02,1.366196778371999869e+02,-1.265794108000060092e-01
3.130000000000000782e+00,3.557327868800372883e+00,9.720632131072536097e+00,6.163304262272164102e+00,1.564939280319999853e+02,1.366095259802000044e+02,-1.264309408000049983e-01
3.140000000000000568e+00,3.564441535394966110e+00,9.736296538717086335e+00,6.171855003322120226e+00,1.569969671220000009e+02,1.366231892051999921e+02,-1.353672987999640087e-01
3.150000000000000355e+00,3.556000000000000050e+00,9.737031868525861000e+00,6.181031868525860951e+00,1.574952401140000120e+02,1.366326092431999939e+02,-1.342896817999879866e-01
3.160000000000000142e+00,3.556000000000000050e+00,9.738456046602982141e+00,6.182456046602981203e+00,1.579918011259999844e+02,1.366369269712000118e+02,-1.321944377999769993e-01
3.169999999999999929e+00,3.544866241364855952e+00,9.722076686874581597e+00,6.177210445509724757e+00,1.584920147560000032e+02,1.366474452632000123e+02,-1.351202897999629893e-01
3.179999999999999716e+00,3.526776358591797944e+00,9.697263701831206006e+00,6.170487343239408062e+00,1.589912870100000077e+02,1.366569081881999921e+02,-1.380426278000070062e-01
3.189999999999999503e+00,3.508018891498758229e+00,9.680670557864287318e+00,6.172651666365528200e+00,1.594908999200000039e+02,1.366604020732000038e+02,-1.349437917999639913e-01
3.199999999999999289e+00,3.527957157928680587e+00,9.699144750723784014e+00,6.171187592795104315e+00,1.599896858939999902e+02,1.366608367992000126e+02,-1.338343597999880064e-01
3.209999999999999076e+00,3.547240557741182077e+00,9.713652393498643178e+00,6.166411835757461546e+00,1.604912968840000076e+02,1.366644235141999957e+02,-1.367354457999729878e-01
3.220000000000000639e+00,3.556484468230069140e+00,9.715484468230068060e+00,6.158999999999999808e+00,1.609893129199999748e+02,1.366608007131999898e+02,-1.376118828000059968e-01
3.230000000000000426e+00,3.565081564482679877e+00,9.724081564482679241e+00,6.158999999999999808e+00,1.614888973100000271e+02,1.366472512311999878e+02,-1.384529487999829889e-01
3.240000000000000213e+00,3.574405612862952886e+00,9.728478218352989870e+00,6.154072605490036096e+00,1.619997223240000039e+02,1.366473468812000078e+02,-1.443396878000109962e-01
3.250000000000000000e+00,3.583833267060558381e+00,9.729564112759915062e+00,6.145730845699356237e+00,1.625029894059999833e+02,1.366570166342000050e+02,-1.532619057999700107e-01
3.259999999999999787e+00,3.593128724015477893e+00,9.728134042459156916e+00,6.135005318443679911e+00,1.630016048300000193e+02,1.366604394082000056e+02,-1.541630668000029958e-01
3.269999999999999574e+00,3.602516196063415332e+00,9.759444416234147823e+00,6.156928220170732935e+00,1.635051560140000220e+02,1.366651314332000027e+02,-1.590676337999969991e-01
3.279999999999999361e+00,3.620835478790300321e+00,9.784974364620735443e+00,6.164138885830434234e+00,1.640064245720000145e+02,1.366747154121999870e+02,-1.599899417999740003e-01
3.289999999999999147e+00,3.641527366766545981e+00,9.797626272095884659e+00,6.156098905329337789e+00,1.645119702839999718e+02,1.366795567151999933e+02,-1.548945267999790043e-01
3.300000000000000711e+00,3.624264170857468770e+00,9.781053604023169257e+00,6.156789433165701375e+00,1.649934960240000237e+02,1.366840601622000122e+02,-1.408032047999689951e-01
3.310000000000000497e+00,3.606155053917147413e+00,9.757226617263523138e+00,6.151071563346375726e+00,1.654848369520000233e+02,1.366920898952000130e+02,-1.377222117999830076e-01
3.320000000000000284e+00,3.595924717341791421e+00,9.738208908381556839e+00,6.142284191039764529e+00,1.659833386020000034e+02,1.366975058772000011e+02,-1.396304367999920137e-01
3.330000000000000071e+00,3.605922536347318186e+00,9.738923038310522529e+00,6.133000501963204343e+00,1.664813227879999999e+02,1.366768926292000117e+02,-1.294468658000010042e-01
3.339999999999999858e+00,3.614823197217972961e+00,9.746171264116474831e+00,6.131348066898501870e+00,1.669864676959999770e+02,1.366536656302000097e+02,-1.242525128000070006e-01
3.349999999999999645e+00,3.613984405517480791e+00,9.744984405517481463e+00,6.131000000000000227e+00,1.674946961300000225e+02,1.366466087631999926e+02,-1.281145817999690129e-01
3.359999999999999432e+00,3.602423328441745731e+00,9.734741049542154911e+00,6.132317721100410068e+00,1.679856667720000019e+02,1.366435818091999863e+02,-1.299946947999789937e-01
3.369999999999999218e+00,3.575248826214860287e+00,9.717578206030436760e+00,6.142329379815577362e+00,1.684843403039999998e+02,1.366459885751999934e+02,-1.358922908000060048e-01
3.380000000000000782e+00,3.581612113801132757e+00,9.720329599739070403e+00,6.138717485937938534e+00,1.689824440780000145e+02,1.366583754931999977e+02,-1.428252308000109994e-01
3.390000000000000568e+00,3.606312399173247307e+00,9.739066151189781806e+00,6.132753752016535387e+00,1.694852237700000046e+02,1.366590346872000055e+02,-1.427157088000119978e-01
3.400000000000000355e+00,3.642705623589246766e+00,9.774731511117462190e+00,6.132025887528214980e+00,1.699892850499999781e+02,1.366547872641999959e+02,-1.345885387999740113e-01
3.410000000000000142e+00,3.652306263452302471e+00,9.783614074831277208e+00,6.131307811378975181e+00,1.704898965560000192e+02,1.366583346202000087e+02,-1.324896757999640129e-01
3.419999999999999929e+00,3.634783856609674846e+00,9.771300053891160076e+00,6.136516197281484786e+00,1.710004356919999964e+02,1.366634362222000050e+02,-1.343941137999740132e-01
3.429999999999999716e+00,3.602231878019326317e+00,9.744504822111517583e+00,6.142272944092191267e+00,1.715106018779999886e+02,1.366575234732000013e+02,-1.292597297999769912e-01
3.439999999999999503e+00,3.585030081655485645e+00,9.719418869080916679e+00,6.134388787425431033e+00,1.720069602680000003e+02,1.366478423302000067e+02,-1.171150767999769998e-01
3.449999999999999289e+00,3.596336001684289130e+00,9.735906669122922352e+00,6.139570667438632334e+00,1.725080591639999739e+02,1.366604002452000088e+02,-1.240479537999829990e-01
3.459999999999999076e+00,3.613483993516205306e+00,9.756585914294261030e+00,6.143101920778055280e+00,1.729956666599999835e+02,1.366811954291999882e+02,-1.330129067999969994e-01
3.470000000000000639e+00,3.630715579066263299e+00,9.771749709578312348e+00,6.141034130512048606e+00,1.734763106859999766e+02,1.366836028051999961e+02,-1.309144637999880012e-01
3.480000000000000426e+00,3.622796631281447688e+00,9.774050842179638821e+00,6.151254210898190244e+00,1.739609486520000132e+02,1.366862311211999952e+02,-1.308159247999869934e-01
3.490000000000000213e+00,3.623472650294016884e+00,9.770900070563817152e+00,6.147427420269800713e+00,1.744573400020000236e+02,1.366935227852000025e+02,-1.347312498000060033e-01
3.500000000000000000e+00,3.631048530736587843e+00,9.764533838102465779e+00,6.133485307365878825e+00,1.749573532300000238e+02,1.366900069261999988e+02,-1.376076327999929960e-01
3.509999999999999787e+00,3.631725646653663375e+00,9.771982113190297525e+00,6.140256466536634150e+00,1.754583327600000189e+02,1.366695611471999996e+02,-1.284239927999779873e-01
3.519999999999999574e+00,3.668773510556325501e+00,9.806701302203729043e+00,6.137927791647403097e+00,1.759540367619999870e+02,1.366538010451999980e+02,-1.252580967999910033e-01
3.529999999999999361e+00,3.723222402488631122e+00,9.847888798755684903e+00,6.124666396267053337e+00,1.764670865159999948e+02,1.366500172211999882e+02,-1.311306537999629984e-01
3.539999999999999147e+00,3.742101498267997872e+00,9.838449250866000639e+00,6.096347752598003211e+00,1.769734310879999839e+02,1.366408672601999967e+02,-1.299857247999869903e-01
3.550000000000000711e+00,3.736345857931206549e+00,9.835763693990172030e+00,6.099417836058965925e+00,1.774822266159999913e+02,1.366238725771999896e+02,-1.208125217999729967e-01
3.560000000000000497e+00,3.735583225828560394e+00,9.839230669995593814e+00,6.103647444167033420e+00,1.779926522000000091e+02,1.366309638591999942e+02,-1.247240177999919958e-01
3.570000000000000284e+00,3.743074902937462589e+00,9.845920720093705114e+00,6.102845817156243413e+00,1.784944081479999909e+02,1.366495583971999963e+02,-1.346780657999820108e-01
3.580000000000000071e+00,3.734361752619958619e+00,9.835755378056617815e+00,6.101393625436659640e+00,1.789972446159999890e+02,1.366492227511999999e+02,-1.335650148000059878e-01
3.589999999999999858e+00,3.725120000950147947e+00,9.808655387977447404e+00,6.083535387027298569e+00,1.795025899259999846e+02,1.366400299032000021e+02,-1.284201308000109953e-01
3.599999999999999645e+00,3.715737352323333464e+00,9.783737352323333525e+00,6.067999999999999616e+00,1.800058823780000239e+02,1.366317073131999962e+02,-1.272787997999779985e-01
3.609999999999999432e+00,3.706416920034918849e+00,9.774416920034918022e+00,6.067999999999999616e+00,1.805058374980000053e+02,1.366292074621999859e+02,-1.251587477999689946e-01
3.619999999999999218e+00,3.679835948417593094e+00,9.747835948417593599e+00,6.067999999999999616e+00,1.810050211259999742e+02,1.366226747801999863e+02,-1.180246067999630027e-01
3.630000000000000782e+00,3.663122672009968550e+00,9.726245344019938344e+00,6.063122672009968461e+00,1.815041477560000089e+02,1.366171404661999986e+02,-1.108940007999589944e-01
3.640000000000000568e+00,3.654288347889045774e+00,9.713711652110953665e+00,6.059423304221908779e+00,1.820098664600000120e+02,1.366189549132000138e+02,-1.147879267999779990e-01
3.650000000000000355e+00,3.645217296084833247e+00,9.722782703915166636e+00,6.077565407830332944e+00,1.824964446199999770e+02,1.366226885391999986e+02,-1.166928687999859993e-01
3.660000000000000142e+00,3.642999999999999794e+00,9.724453268013538931e+00,6.081453268013540026e+00,1.829940053380000222e+02,1.366270420982000076e+02,-1.205975678000059947e-01
3.669999999999999929e+00,3.646384203274292357e+00,9.723435966120950624e+00,6.077051762846659599e+00,1.835032054440000024e+02,1.366380557411999916e+02,-1.285232007999869974e-01
3.679999999999999716e+00,3.654976262512723562e+00,9.722003956247878165e+00,6.067027693735155935e+00,1.839990537379999864e+02,1.366373140462000038e+02,-1.294102847999629990e-01
3.689999999999999503e+00,3.663762448398281357e+00,9.722674034492175821e+00,6.058911586093894464e+00,1.844991232979999722e+02,1.366328104032000113e+02,-1.292831507999639973e-01
3.699999999999999289e+00,3.668323992588029991e+00,9.722028022235910782e+00,6.053704029647880347e+00,1.849916355920000228e+02,1.366378702792000013e+02,-1.351914777999919937e-01
3.709999999999999076e+00,3.668961667000787852e+00,9.720114998997637201e+00,6.051153331996848017e+00,1.854863156279999998e+02,1.366400490492000017e+02,-1.410891577999640045e-01
3.720000000000000639e+00,3.650757122992734693e+00,9.720000000000000639e+00,6.069242877007265946e+00,1.859872121239999956e+02,1.366386045652000121e+02,-1.389726198000109936e-01
3.730000000000000426e+00,3.647007199148892376e+00,9.720000000000000639e+00,6.072992800851108264e+00,1.864801202959999955e+02,1.366367252571999984e+02,-1.308562857999729934e-01
3.740000000000000213e+00,3.654999999999999805e+00,9.718718791068466700e+00,6.063718791068466452e+00,1.869746284500000115e+02,1.366419132432000083e+02,-1.327645947999830101e-01
3.750000000000000000e+00,3.654999999999999805e+00,9.709353102453251338e+00,6.054353102453249313e+00,1.874770111540000244e+02,1.366495292612000014e+02,-1.416797637999979986e-01
3.759999999999999787e+00,3.661607011449555582e+00,9.714157595737018980e+00,6.052550584287462954e+00,1.879845244279999861e+02,1.366374517792000063e+02,-1.375242267999779999e-01
3.769999999999999574e+00,3.663901050512538671e+00,9.720000000000000639e+00,6.056098949487461525e+00,1.884922078079999892e+02,1.366223933052000064e+02,-1.293581087999970125e-01
3.779999999999999361e+00,3.656000000000000139e+00,9.719930435106498123e+00,6.063930435106496653e+00,1.889970986879999941e+02,1.366211627051999926e+02,-1.312414628000060091e-01
3.789999999999999147e+00,3.656000000000000139e+00,9.711177742986112804e+00,6.055177742986113110e+00,1.895022171159999971e+02,1.366159456892000037e+02,-1.311106888000060089e-01
3.800000000000000711e+00,3.661612527154910701e+00,9.708467710596242028e+00,6.046855183441332215e+00,1.900095041739999715e+02,1.366078334551999944e+02,-1.349692437999689965e-01
3.810000000000000497e+00,3.667789448283781617e+00,9.711737172310840549e+00,6.043947724027060708e+00,1.905249496619999832e+02,1.365971750532000044e+02,-1.408170137999980032e-01
3.820000000000000284e+00,3.667054247259204036e+00,9.721294785630346880e+00,6.054240538371142399e+00,1.910376273539999943e+02,1.365823627661999922e+02,-1.436507247999840031e-01
3.830000000000000071e+00,3.666999999999999815e+00,9.712759876687414362e+00,6.045759876687414547e+00,1.915356995000000211e+02,1.365777557092000052e+02,-1.405236507999970130e-01
3.839999999999999858e+00,3.672015483666167146e+00,9.712657234832869690e+00,6.040641751166702988e+00,1.920208802999999875e+02,1.365884209122000073e+02,-1.424533588000070072e-01
3.849999999999999645e+00,3.681745057694810530e+00,9.721124176282469165e+00,6.039379118587658191e+00,1.925086022360000015e+02,1.366072123042000044e+02,-1.534112297999740138e-01
3.859999999999999432e+00,3.690316655670658363e+00,9.722552775945111136e+00,6.032236120274450997e+00,1.930067048999999884e+02,1.366196168621999902e+02,-1.553441997999830126e-01
3.869999999999999218e+00,3.692519299055319504e+00,9.722038598110639640e+00,6.029519299055319692e+00,1.934978434280000101e+02,1.366136441961999992e+02,-1.432137917999830035e-01
3.880000000000000782e+00,3.692000000000000171e+00,9.720792567108478721e+00,6.028792567108479439e+00,1.940036177979999934e+02,1.366144814431999919e+02,-1.411042187999740072e-01
3.890000000000000568e+00,3.692000000000000171e+00,9.720064162798088603e+00,6.028064162798086656e+00,1.945080529159999969e+02,1.366212342592000084e+02,-1.440158467999599901e-01
3.900000000000000355e+00,3.668635147532511187e+00,9.689871637607710753e+00,6.021236490075200898e+00,1.950074084259999836e+02,1.366116923611999994e+02,-1.408710767999739877e-01
3.910000000000000142e+00,3.646801826431749216e+00,9.666801065418519912e+00,6.019999238986771140e+00,1.955142650920000165e+02,1.365935712001999889e+02,-1.356943567999789879e-01
3.919999999999999929e+00,3.630628699669844917e+00,9.657366741474076477e+00,6.026738041804231116e+00,1.960128506639999841e+02,1.365799717751999935e+02,-1.345354558000020073e-01
3.929999999999999716e+00,3.646673516616640853e+00,9.690347033233281948e+00,6.043673516616641095e+00,1.965166881700000090e+02,1.365796507921999989e+02,-1.454223117999700055e-01
3.939999999999999503e+00,3.659211054530919327e+00,9.705000000000000071e+00,6.045788945469080744e+00,1.970090871340000263e+02,1.365866968201999896e+02,-1.543376907999839953e-01
3.949999999999999289e+00,3.665866770807664654e+00,9.706220400668668091e+00,6.040353629861003881e+00,1.974913879179999867e+02,1.365951766501999884e+02,-1.612603617999890104e-01
3.959999999999999076e+00,3.657223029716806018e+00,9.715529044920362622e+00,6.058306015203556605e+00,1.979833315640000251e+02,1.366101990381999940e+02,-1.732040027999889875e-01
3.970000000000000639e+00,3.664958669340614428e+00,9.740074364116566130e+00,6.075115694775952591e+00,1.984786116540000194e+02,1.366194127992000062e+02,-1.821263888000040077e-01
3.980000000000000426e+00,3.678631965380212865e+00,9.767631965380212833e+00,6.089000000000000412e+00,1.989800197999999796e+02,1.366090041712000129e+02,-1.739780717999649950e-01
3.990000000000000213e+00,3.669121172906576689e+00,9.758121172906577101e+00,6.089000000000000412e+00,1.994901859859999718e+02,1.366030914222000092e+02,-1.688436877999699992e-01
4.000000000000000000e+00,3.659585365074168539e+00,9.749155721606925340e+00,6.089570356532756357e+00,2.000088256660000070e+02,1.366066593362000106e+02,-1.687408997999710059e-01
4.009999999999999787e+00,3.642881093750547361e+00,9.729662462994127736e+00,6.086781369243579043e+00,2.005215004720000138e+02,1.365918929132000130e+02,-1.585746887999779919e-01
4.019999999999999574e+00,3.615907802492282386e+00,9.695092197507717557e+00,6.079184395015435172e+00,2.010289556380000136e+02,1.365808314392000113e+02,-1.494227167999639949e-01
4.029999999999999361e+00,3.607240089171194874e+00,9.703759910828805957e+00,6.096519821657610194e+00,2.015291699339999809e+02,1.365913391471999887e+02,-1.553485507999929904e-01
4.039999999999999147e+00,3.604000000000000092e+00,9.712271642708985908e+00,6.108271642708985816e+00,2.020279882020000173e+02,1.366087572641999941e+02,-1.672991147999929873e-01
4.050000000000000711e+00,3.602293901323949665e+00,9.717162662964252462e+00,6.114868761640304129e+00,2.025183895299999790e+02,1.366157034061999980e+02,-1.722145597999900080e-01
4.060000000000000497e+00,3.593375968625179606e+00,9.707558735442500364e+00,6.114182766817321202e+00,2.030013729579999904e+02,1.366122239881999860e+02,-1.730948467999660068e-01
4.070000000000000284e+00,3.572693453813466924e+00,9.687201968985315048e+00,6.114508515171848124e+00,2.034968828159999816e+02,1.366174160532000030e+02,-1.900030447999619954e-01
4.080000000000000071e+00,3.559937592633165337e+00,9.675143325659547600e+00,6.115205733026382262e+00,2.039939024760000166e+02,1.366137045012000044e+02,-1.998794488000089908e-01
4.089999999999999858e+00,3.577234305958796323e+00,9.693160735373746562e+00,6.115926429414949794e+00,2.044929996980000055e+02,1.365911409322000054e+02,-1.926887688000039900e-01
4.099999999999999645e+00,3.610803644484152475e+00,9.724932841867438782e+00,6.114129197383284975e+00,2.050053340700000035e+02,1.365823400211999967e+02,-1.895437257999610103e-01
4.109999999999999432e+00,3.644941757243064462e+00,9.751068548911254297e+00,6.106126791668190279e+00,2.055156447699999944e+02,1.365914421511999990e+02,-1.894623157999610064e-01
4.119999999999999218e+00,3.677279390190595354e+00,9.768530870702921476e+00,6.091251480512325678e+00,2.060173673140000119e+02,1.365930709381999861e+02,-1.813563977999800014e-01
4.130000000000000782e+00,3.680000000000000160e+00,9.783630440121918070e+00,6.103630440121917466e+00,2.065160947360000137e+02,1.365945287282000038e+02,-1.732505427999979919e-01
4.140000000000000568e+00,3.680000000000000160e+00,9.791970323386726349e+00,6.111970323386726633e+00,2.070117141499999889e+02,1.365977946172000088e+02,-1.701517908000139967e-01
4.150000000000000355e+00,3.680000000000000160e+00,9.785098504463601188e+00,6.105098504463601472e+00,2.075138684180000155e+02,1.366094111632000079e+02,-1.770811117999609996e-01
4.160000000000000142e+00,3.685925358067060564e+00,9.794850716134121171e+00,6.108925358067060607e+00,2.080115429100000028e+02,1.366117715142000009e+02,-1.799787468000040025e-01
4.169999999999999929e+00,3.685001913260851580e+00,9.802211835389003980e+00,6.117209922128152400e+00,2.085008004619999724e+02,1.366036598901999923e+02,-1.758412627999849931e-01
4.179999999999999716e+00,3.659561259708598246e+00,9.784805072432199324e+00,6.125243812723600634e+00,2.089961384380000027e+02,1.366118611711999904e+02,-1.887600897999620053e-01
4.189999999999999503e+00,3.653999999999999915e+00,9.781501737270964725e+00,6.127501737270963922e+00,2.094936439339999765e+02,1.366171848742000066e+02,-2.006682757999619926e-01
4.199999999999999289e+00,3.656149048542107760e+00,9.784149048542108318e+00,6.128000000000000114e+00,2.099954510659999869e+02,1.365997876701999871e+02,-1.924952137999809965e-01
4.209999999999999076e+00,3.665592826088082123e+00,9.793592826088081793e+00,6.128000000000000114e+00,2.105020225200000255e+02,1.365866618771999867e+02,-1.863361748000089968e-01
4.220000000000000639e+00,3.660122387966512125e+00,9.788122387966511795e+00,6.128000000000000114e+00,2.110137875780000059e+02,1.365878340621999882e+02,-1.862264638000090122e-01
4.230000000000000426e+00,3.651904942143006316e+00,9.782761918626384556e+00,6.130856976483379128e+00,2.115199607119999996e+02,1.365816862611999909e+02,-1.830921517999659909e-01
4.240000000000000213e+00,3.643327857287374183e+00,9.782102142868259520e+00,6.138774285580884893e+00,2.120221973480000202e+02,1.365743120962000035e+02,-1.799543887999799918e-01
4.250000000000000000e+00,3.635157841247917521e+00,9.768885862391842423e+00,6.133728021143924458e+00,2.125218113679999874e+02,1.365777883412000051e+02,-1.818555227999890112e-01
4.259999999999999787e+00,3.632574753479421492e+00,9.761789316269373629e+00,6.129214562789951692e+00,2.130178039539999872e+02,1.365920650532000025e+02,-1.867955867999840092e-01
4.269999999999999574e+00,3.639707507534417186e+00,9.769516466495618445e+00,6.129808958961201704e+00,2.135108573059999912e+02,1.366051900402000001e+02,-1.867322087999850055e-01
4.279999999999999361e+00,3.653334532581266281e+00,9.772453381303250808e+00,6.119118848721984527e+00,2.139932698659999915e+02,1.366117084141999953e+02,-1.836478698000000020e-01
4.289999999999999147e+00,3.666999999999999815e+00,9.772846088649348673e+00,6.105846088649348857e+00,2.144977067599999714e+02,1.366184330062000072e+02,-1.945594497999660055e-01
4.300000000000000711e+00,3.666999999999999815e+00,9.772163223388583120e+00,6.105163223388583305e+00,2.150029400720000012e+02,1.366112051421999922e+02,-1.984215817999860076e-01
4.310000000000000497e+00,3.680492465372410926e+00,9.771481059024138105e+00,6.090988593651727179e+00,2.155076548100000196e+02,1.365779656882000097e+02,-1.851919478000079999e-01
4.320000000000000284e+00,3.692777643661881548e+00,9.762995171827732577e+00,6.070217528165851029e+00,2.160175635960000022e+02,1.365590171562000137e+02,-1.800116298000140058e-01
4.330000000000000071e+00,3.692055708468601871e+00,9.737005504869653549e+00,6.044949796401052566e+00,2.165175187159999837e+02,1.365565173052000034e+02,-1.778915778000040027e-01
4.339999999999999858e+00,3.717316237542072077e+00,9.759667103246121300e+00,6.042350865704049667e+00,2.170056369740000264e+02,1.365683624572000099e+02,-1.768247757999709957e-01
4.349999999999999645e+00,3.739990891805513140e+00,9.772640364327779494e+00,6.032649472522265910e+00,2.174994034879999845e+02,1.365865398111999980e+02,-1.757790577999940040e-01
4.359999999999999432e+00,3.755999999999999783e+00,9.771881091408868514e+00,6.015881091408869175e+00,2.179874079719999713e+02,1.366003781711999920e+02,-1.757193197999949996e-01
4.369999999999999218e+00,3.755999999999999783e+00,9.770452325724388487e+00,6.014452325724389148e+00,2.184855685219999941e+02,1.366117702491999921e+02,-1.816487307999659906e-01
4.380000000000000782e+00,3.761885987120034969e+00,9.788638959213443513e+00,6.026752972093409433e+00,2.189829593559999807e+02,1.366191012721999982e+02,-1.905640047999810072e-01
4.390000000000000568e+00,3.770759097208034927e+00,9.812881479675754193e+00,6.042122382467718822e+00,2.194837995199999909e+02,1.366186445721999974e+02,-1.914509838000139907e-01
4.400000000000000355e+00,3.780240705385102373e+00,9.829656632604411470e+00,6.049415927219309097e+00,2.199924002380000161e+02,1.366226126402000034e+02,-1.993518927999949897e-01
4.410000000000000142e+00,3.757980968380875808e+00,9.830999999999999517e+00,6.073019031619123709e+00,2.205030547019999858e+02,1.366256963381999867e+02,-2.072492247999770110e-01
4.419999999999999929e+00,3.733160975901686385e+00,9.831531839140449591e+00,6.098370863238763206e+00,2.210056324380000206e+02,1.366123460771999873e+02,-2.000902757999709902e-01
4.429999999999999716e+00,3.708206015395199451e+00,9.832880755924584548e+00,6.124674740529384209e+00,2.215046457380000220e+02,1.366087979152000003e+02,-1.959667218000100131e-01
4.439999999999999503e+00,3.689359187392339035e+00,9.833000000000000185e+00,6.143640812607660706e+00,2.219919933919999835e+02,1.366165961241999867e+02,-1.938858068000000046e-01
4.449999999999999289e+00,3.672164179632321446e+00,9.836761193776485612e+00,6.164597014144163722e+00,2.224731795860000148e+02,1.366270509711999921e+02,-1.908156288000129874e-01
4.459999999999999076e+00,3.655597619308013524e+00,9.844713142732153699e+00,6.189115523424140619e+00,2.229634653640000010e+02,1.366360185451999882e+02,-1.887381858000050094e-01
4.470000000000000639e+00,3.662768715059685043e+00,9.853416107981326277e+00,6.190647392921640346e+00,2.234601401499999724e+02,1.366383430651999902e+02,-1.856358777999609910e-01
4.480000000000000426e+00,3.653757555556846892e+00,9.858000000000000540e+00,6.204242444443153204e+00,2.239640337660000000e+02,1.366370378261999861e+02,-1.925192227999669992e-01
4.490000000000000213e+00,3.632362642420494225e+00,9.861190199219443286e+00,6.228827556798949061e+00,2.244784793260000129e+02,1.366263471212000127e+02,-1.913670557999909982e-01
4.500000000000000000e+00,3.660437130847728149e+00,9.887824970291433146e+00,6.227387839443706774e+00,2.249804583399999842e+02,1.366059407012000122e+02,-1.871833647999719963e-01
4.509999999999999787e+00,3.680779979096358456e+00,9.914936767390317485e+00,6.234156788293960361e+00,2.254939066360000197e+02,1.365951753571999916e+02,-1.910311887999910085e-01
4.519999999999999574e+00,3.687535295999825546e+00,9.931477828922995243e+00,6.243942532923170141e+00,2.260110641040000132e+02,1.365896192652000138e+02,-1.978965857999950007e-01
4.529999999999999361e+00,3.669811931919326309e+00,9.923297814731997235e+00,6.253485882812670482e+00,2.265154114840000261e+02,1.365803623621999918e+02,-1.947517108000089980e-01
4.539999999999999147e+00,3.682907503008479022e+00,9.937295675969691544e+00,6.254388172961212078e+00,2.270191325519999737e+02,1.365820769231999918e+02,-1.946457028000090073e-01
4.550000000000000711e+00,3.688861122656002411e+00,9.950502126983382212e+00,6.261641004327380244e+00,2.275099629399999799e+02,1.365990531601999862e+02,-2.025964587999899980e-01
4.560000000000000497e+00,3.679778646280277510e+00,9.957948918372371949e+00,6.278170272092093995e+00,2.279989671299999827e+02,1.366129273511999997e+02,-2.085366637999629957e-01
4.570000000000000284e+00,3.671663437380526585e+00,9.956076177857044129e+00,6.284412740476517989e+00,2.285007484480000244e+02,1.366135295461999988e+02,-2.084271627999620125e-01
4.580000000000000071e+00,3.666999999999999815e+00,9.955781118841022348e+00,6.288781118841022533e+00,2.289983917559999895e+02,1.365988888662000136e+02,-2.032647717999659931e-01
4.589999999999999858e+00,3.666999999999999815e+00,9.957673556057693887e+00,6.290673556057694071e+00,2.295054506000000174e+02,1.365947736322000026e+02,-2.061374728000089918e-01
4.599999999999999645e+00,3.637372535936088003e+00,9.928372535936087928e+00,6.291000000000000369e+00,2.300061202140000205e+02,1.365973049801999935e+02,-2.090350447999959893e-01
4.609999999999999432e+00,3.613095236662327903e+00,9.911904763337672009e+00,6.298809526675344550e+00,2.304982577819999960e+02,1.365913787291999881e+02,-1.999045977999809875e-01
4.619999999999999218e+00,3.604164103004039443e+00,9.921164103004038282e+00,6.317000000000000171e+00,2.309921082179999985e+02,1.365905406761999927e+02,-1.957917537999619984e-01
4.630000000000000782e+00,3.613002793713808725e+00,9.930002793713807563e+00,6.317000000000000171e+00,2.314951470859999745e+02,1.366042074291999882e+02,-2.037281177999999970e-01
4.640000000000000568e+00,3.616999999999999993e+00,9.938194781802343059e+00,6.321194781802343954e+00,2.319938186200000132e+02,1.366066459472000076e+02,-2.006257678000140099e-01
4.650000000000000355e+00,3.616999999999999993e+00,9.945864050847337268e+00,6.328864050847337275e+00,2.324896090280000180e+02,1.366069167322000055e+02,-1.975164107999710095e-01
4.660000000000000142e+00,3.651857860065415906e+00,9.989920903682424580e+00,6.338063043617007786e+00,2.329845462420000217e+02,1.366221348132000060e+02,-2.024600307999669946e-01
4.669999999999999929e+00,3.657082786657666063e+00,9.999479475191359157e+00,6.342396688533693094e+00,2.334704426459999809e+02,1.366378135751999991e+02,-2.144073327999669876e-01
4.679999999999999716e+00,3.639201141823465324e+00,9.983656548075263260e+00,6.344455406251798379e+00,2.339657790680000176e+02,1.366460395521999942e+02,-2.203262017999960132e-01
4.689999999999999503e+00,3.620922078731665827e+00,9.974882597791200567e+00,6.353960519059533851e+00,2.344721243060000120e+02,1.366368790072000081e+02,-2.221812548000050014e-01
4.699999999999999289e+00,3.624400866155880863e+00,9.979831568759275129e+00,6.355430702603394266e+00,2.349777572699999837e+02,1.366226519832000008e+02,-2.290186238000100072e-01
4.709999999999999076e+00,3.633754481189387153e+00,9.984687126567550308e+00,6.350932645378163599e+00,2.354947704460000182e+02,1.366020774842000094e+02,-2.318310407999970013e-01
4.720000000000000639e+00,3.641651481886490238e+00,9.983273920596854367e+00,6.341622438710364129e+00,2.359908725459999914e+02,1.365793429182000125e+02,-2.246404237999919951e-01
4.730000000000000426e+00,3.632966544278143139e+00,9.965180300579465467e+00,6.332213756301321439e+00,2.364955614699999842e+02,1.365641028631999916e+02,-2.194743507999949994e-01
4.740000000000000213e+00,3.623580398597921803e+00,9.963585429572912489e+00,6.340005030974991129e+00,2.370072131979999881e+02,1.365672612001999937e+02,-2.223716917999820075e-01
4.750000000000000000e+00,3.614474308258617707e+00,9.966075757495682197e+00,6.351601449237065822e+00,2.375018905700000005e+02,1.365694823062000012e+02,-2.162694438000110075e-01
4.759999999999999787e+00,3.606384952840314462e+00,9.950571159610602123e+00,6.344186206770287662e+00,2.380006482879999794e+02,1.365879552391999994e+02,-2.122236387999910101e-01
4.769999999999999574e+00,3.597442621662765294e+00,9.937929380508018440e+00,6.340486758845253590e+00,2.384994378559999859e+02,1.366234186192000095e+02,-2.192378417999960027e-01
4.779999999999999361e+00,3.588436979871907351e+00,9.930197155394468567e+00,6.341760175522561660e+00,2.389979695800000172e+02,1.366458532721999859e+02,-2.242061227999919970e-01
4.789999999999999147e+00,3.579881448294713664e+00,9.930855273208099021e+00,6.350973824913384469e+00,2.395085087159999944e+02,1.366509548742000106e+02,-2.261105607999999989e-01
4.800000000000000711e+00,3.571640003051822276e+00,9.924640003051822035e+00,6.352999999999999758e+00,2.400129137600000035e+02,1.366406890192000105e+02,-2.259621328000009921e-01
4.810000000000000497e+00,3.571992179288040248e+00,9.922226558078175884e+00,6.350234378790134748e+00,2.405202582599999914e+02,1.366315713612000025e+02,-2.318171407999730094e-01
4.820000000000000284e+00,3.591015302844359880e+00,9.932469778454654730e+00,6.341454475610295738e+00,2.410269470399999818e+02,1.366163959122000051e+02,-2.406509417999879996e-01
4.830000000000000071e+00,3.591315159432252546e+00,9.932315159432253182e+00,6.341000000000000192e+00,2.415274411780000037e+02,1.365869078222000041e+02,-2.314355077999729893e-01
4.839999999999999858e+00,3.591000000000000192e+00,9.922361025063263895e+00,6.331361025063263703e+00,2.420145574680000209e+02,1.365636673212000005e+02,-2.222450917999589937e-01
4.849999999999999645e+00,3.591070627192176623e+00,9.907070627192176460e+00,6.315999999999999837e+00,2.424997970420000115e+02,1.365733059321999860e+02,-2.321712168000069909e-01
4.859999999999999432e+00,3.591681745934387493e+00,9.907681745934386441e+00,6.315999999999999837e+00,2.429910257500000057e+02,1.365833041772000058e+02,-2.370972458000019933e-01
4.869999999999999218e+00,3.591705187232510088e+00,9.911537753209881174e+00,6.319832565977370642e+00,2.434838203699999895e+02,1.365834145492000005e+02,-2.309879697999729919e-01
4.880000000000000782e+00,3.591080124361853976e+00,9.919038507657752746e+00,6.327958383295898770e+00,2.439862576300000114e+02,1.365900710072000095e+02,-2.288996697999630126e-01
4.890000000000000568e+00,3.584011030133710474e+00,9.911104947442904489e+00,6.327093917309193571e+00,2.444937192759999789e+02,1.366139923231999944e+02,-2.408712547999629916e-01
4.900000000000000355e+00,3.580000000000000071e+00,9.897443392260006689e+00,6.317443392260007506e+00,2.450056290699999977e+02,1.366301758591999942e+02,-2.468145117999920035e-01
4.910000000000000142e+00,3.579889035021563082e+00,9.881557455280319147e+00,6.301668420258756065e+00,2.455226137679999852e+02,1.366276430951999998e+02,-2.456905617999579905e-01
4.919999999999999929e+00,3.579199193816781754e+00,9.872589519618161447e+00,6.293390325801380136e+00,2.460330083900000204e+02,1.366177298181999902e+02,-2.425420257999729989e-01
4.929999999999999716e+00,3.566707006995744056e+00,9.875200881655645802e+00,6.308493874659903078e+00,2.465471698480000100e+02,1.366120168411999884e+02,-2.454075097999600108e-01
4.939999999999999503e+00,3.554517061999882710e+00,9.884034123999766663e+00,6.329517061999883509e+00,2.470443006180000225e+02,1.366063544172000093e+02,-2.422769217999740099e-01
4.949999999999999289e+00,3.562800935909571809e+00,9.900601871819143085e+00,6.337800935909571720e+00,2.475256833980000124e+02,1.365958182891999968e+02,-2.301325837999730062e-01
4.959999999999999076e+00,3.552814981076732437e+00,9.904025198486138493e+00,6.351210217409406056e+00,2.480140873120000151e+02,1.366026610172000062e+02,-2.320480887999820108e-01
4.970000000000000639e+00,3.540000000000000036e+00,9.906693203538818437e+00,6.366693203538818402e+00,2.484984416199999941e+02,1.366102600051999900e+02,-2.379671888000109981e-01
4.980000000000000426e+00,3.540000000000000036e+00,9.924051721937212633e+00,6.384051721937213486e+00,2.489924067179999838e+02,1.366074146322000047e+02,-2.368472567999780065e-01
4.990000000000000213e+00,3.534011265691856529e+00,9.923011265691856764e+00,6.389000000000000234e+00,2.495024597959999824e+02,1.366034845071999939e+02,-2.357199188000020096e-01
5.000000000000000000e+00,3.520479270075674183e+00,9.911986180050449846e+00,6.391506909974775219e+00,2.500157671719999826e+02,1.366127329381999971e+02,-2.426384038000070076e-01
5.009999999999999787e+00,3.493632430919420884e+00,9.894088287279613425e+00,6.400455856360193430e+00,2.505250810520000186e+02,1.366217533731999936e+02,-2.495569728000119891e-01
5.019999999999999574e+00,3.489602057189746365e+00,9.883775313723043965e+00,6.394173256533298044e+00,2.510327958380000268e+02,1.366236924021999926e+02,-2.504508747999880103e-01
5.029999999999999361e+00,3.489713100470947182e+00,9.879573799058105621e+00,6.389860698587159327e+00,2.515409085000000005e+02,1.366186604952000039e+02,-2.463200617999689868e-01
5.039999999999999147e+00,3.489087257324894331e+00,9.880825485350211324e+00,6.391738228025317881e+00,2.520439729600000192e+02,1.366143313771999885e+02,-2.451928707999919965e-01
5.050000000000000711e+00,3.496486042685422735e+00,9.886881890681403107e+00,6.390395847995980816e+00,2.525439278580000177e+02,1.366118350541999860e+02,-2.420728248000069971e-01
5.060000000000000497e+00,3.502853932129438963e+00,9.895651696764032224e+00,6.392797764634593705e+00,2.530312438839999913e+02,1.366026392882000096e+02,-2.299318958000050039e-01
5.070000000000000284e+00,3.502235271493594926e+00,9.911118212660120719e+00,6.408882941166525349e+00,2.535111738599999853e+02,1.366000084092000009e+02,-2.248158168000110035e-01
5.080000000000000071e+00,3.507074603909713151e+00,9.911925396090286000e+00,6.404850792180573293e+00,2.540065672800000129e+02,1.366072360182000125e+02,-2.307311507999819933e-01
5.089999999999999858e+00,3.514088861445494150e+00,9.906155198791424255e+00,6.392066337345931437e+00,2.544993060119999768e+02,1.366083271182000090e+02,-2.296253798000059965e-01
5.099999999999999645e+00,3.514759656266408960e+00,9.914875531463318126e+00,6.400115875196909165e+00,2.549956087360000083e+02,1.365996231752000085e+02,-2.234842257999780091e-01
5.109999999999999432e+00,3.509289322412717738e+00,9.917121434217341047e+00,6.407832111804623310e+00,2.554984458700000118e+02,1.365992769451999891e+02,-2.253711567999870102e-01
5.119999999999999218e+00,3.501999999999999780e+00,9.917531927269688907e+00,6.415531927269687351e+00,2.560017127300000084e+02,1.366089502261999939e+02,-2.332933807999680031e-01
5.130000000000000782e+00,3.501999999999999780e+00,9.926512032789849727e+00,6.424512032789849059e+00,2.565199552000000267e+02,1.366194784921999883e+02,-2.412152898000070045e-01
5.140000000000000568e+00,3.494422086589840326e+00,9.921587919422172774e+00,6.427165832832332448e+00,2.570371097820000159e+02,1.366139682641999968e+02,-2.350807647999779981e-01
5.150000000000000355e+00,3.479234849976404309e+00,9.910318581562803431e+00,6.431083731586398677e+00,2.575450505619999717e+02,1.366119455731999892e+02,-2.269605807999970082e-01
5.160000000000000142e+00,3.454142545289625943e+00,9.893150162566586303e+00,6.439007617276960360e+00,2.580573010119999822e+02,1.366221600691999924e+02,-2.268826637999969975e-01
5.169999999999999929e+00,3.458311838645380831e+00,9.905623677290760654e+00,6.447311838645380710e+00,2.585434216340000262e+02,1.366339053352000121e+02,-2.218159278000010060e-01
5.179999999999999716e+00,3.458972804556847080e+00,9.914690215735141976e+00,6.455717411178294896e+00,2.590299975739999923e+02,1.366376742411999885e+02,-2.137209297999629887e-01
5.189999999999999503e+00,3.450097572305147242e+00,9.913832733191176416e+00,6.463735160886029618e+00,2.595164621819999979e+02,1.366433975472000100e+02,-2.176329297999820001e-01
5.199999999999999289e+00,3.459432050776667378e+00,9.897830770097142405e+00,6.438398719320475472e+00,2.600097711160000244e+02,1.366345014391999939e+02,-2.174918027999810100e-01
5.209999999999999076e+00,3.468438057332521307e+00,9.897851947588307553e+00,6.429413890255785802e+00,2.605037626939999882e+02,1.366136460831999955e+02,-2.113082918000100119e-01
5.220000000000000639e+00,3.476983767660313696e+00,9.912805211923764404e+00,6.435821444263449820e+00,2.610022921560000100e+02,1.366010309142000096e+02,-2.141529017999969919e-01
5.230000000000000426e+00,3.476267432541625624e+00,9.904209190499507542e+00,6.427941757957881030e+00,2.614983691080000199e+02,1.365962851632000081e+02,-2.180258277999579941e-01
5.240000000000000213e+00,3.486698979485691297e+00,9.911271020306264390e+00,6.424572040820572205e+00,2.620002069799999731e+02,1.365958960462000107e+02,-2.159128038000049932e-01
5.250000000000000000e+00,3.500999999999999890e+00,9.923712676509170549e+00,6.422712676509169327e+00,2.625100311780000197e+02,1.365959735051999928e+02,-2.107996298000089919e-01
5.259999999999999787e+00,3.500999999999999890e+00,9.916090919784204871e+00,6.415090919784205425e+00,2.630226792820000128e+02,1.365992205931999877e+02,-2.046970037999809866e-01
5.269999999999999574e+00,3.494728308815598705e+00,9.908250949747632319e+00,6.413522640932033170e+00,2.635277701200000138e+02,1.366120312001999935e+02,-2.046298387999810064e-01
5.279999999999999361e+00,3.497182910549916812e+00,9.910967570798604243e+00,6.413784660248686542e+00,2.640276980940000158e+02,1.366275519161999910e+02,-2.045733837999809956e-01
5.289999999999999147e+00,3.520617970900523641e+00,9.933785919034720635e+00,6.413167948134196550e+00,2.645061164919999896e+02,1.366338528782000026e+02,-1.984891468000110071e-01
5.300000000000000711e+00,3.508401943394861000e+00,9.922870211021582065e+00,6.414468267626721953e+00,2.649985136799999736e+02,1.366409271301999979e+02,-1.994045737999859957e-01
5.310000000000000497e+00,3.482534486196822154e+00,9.900456665976145487e+00,6.417922179779322889e+00,2.654981299199999967e+02,1.366443680952000079e+02,-2.113056477999860072e-01
5.320000000000000284e+00,3.456167582134733074e+00,9.881928571229812164e+00,6.425760989095079090e+00,2.659950605099999734e+02,1.366246679921999885e+02,-2.091255847999780038e-01
5.330000000000000071e+00,3.465712014945426134e+00,9.893260495543243493e+00,6.427548480597816472e+00,2.664990932700000030e+02,1.366033772021999937e+02,-2.049383167999579980e-01
5.339999999999999858e+00,3.482339294100804672e+00,9.907562861168385027e+00,6.425223567067581243e+00,2.670073782580000170e+02,1.365953290232000086e+02,-2.067968627999680065e-01
5.349999999999999645e+00,3.499305809756056540e+00,9.915706788682907558e+00,6.416400978926850129e+00,2.675095006760000160e+02,1.365899551221999957e+02,-2.026661758000050106e-01
5.359999999999999432e+00,3.509492116402392448e+00,9.931984232804785151e+00,6.422492116402392703e+00,2.680216055019999999e+02,1.365851723792000030e+02,-1.925353148000140124e-01
5.369999999999999218e+00,3.509460325830936700e+00,9.935761914420313090e+00,6.426301588589375058e+00,2.685252673520000144e+02,1.365879205882000065e+02,-1.824329017999669900e-01
5.380000000000000782e+00,3.499792154009247813e+00,9.924792154009248080e+00,6.424999999999999822e+00,2.690179212740000025e+02,1.366080412071999888e+02,-1.803942808000129905e-01
5.390000000000000568e+00,3.484409516087623615e+00,9.909409516087624326e+00,6.424999999999999822e+00,2.695125153899999759e+02,1.366292671362000135e+02,-1.803591408000130014e-01
5.400000000000000355e+00,3.475999999999999979e+00,9.901268666961456688e+00,6.425268666961456709e+00,2.699988640039999837e+02,1.366370189302000142e+02,-1.752782647999610033e-01
5.410000000000000142e+00,3.475999999999999979e+00,9.901874919467386960e+00,6.425874919467387869e+00,2.704861811399999851e+02,1.366278055241999994e+02,-1.681373058000129872e-01
5.419999999999999929e+00,3.475999999999999979e+00,9.895992294249328580e+00,6.419992294249327713e+00,2.709750995900000134e+02,1.366256382441999904e+02,-1.770209537999699878e-01
5.429999999999999716e+00,3.476154781466817223e+00,9.890000000000000568e+00,6.413845218533182901e+00,2.714769982340000070e+02,1.366241907831999924e+02,-1.919042928000150028e-01
5.439999999999999503e+00,3.476821993054732385e+00,9.890000000000000568e+00,6.413178006945267740e+00,2.719706498219999844e+02,1.366092938831999959e+02,-1.947419377999999868e-01
5.449999999999999289e+00,3.470127340272358474e+00,9.883127340272359618e+00,6.413000000000000256e+00,2.724684645680000017e+02,1.365916510431999882e+02,-1.915689298000149976e-01
5.459999999999999076e+00,3.461071478142083713e+00,9.868664976250546061e+00,6.407593498108462349e+00,2.729615448440000023e+02,1.365867589912000142e+02,-1.884419607999719970e-01
5.470000000000000639e+00,3.452329053472892983e+00,9.843782690653618772e+00,6.391453637180725345e+00,2.734591048959999853e+02,1.365911231341999894e+02,-1.893466778000039985e-01
5.480000000000000426e+00,3.443893216102694499e+00,9.848291247880188948e+00,6.404398031777495781e+00,2.739729219239999907e+02,1.365914391732000013e+02,-1.812334377999660073e-01
5.490000000000000213e+00,3.442456372130060060e+00,9.857456372130059208e+00,6.415000000000000036e+00,2.744754709599999956e+02,1.365961341752000067e+02,-1.691381277999660093e-01
5.500000000000000000e+00,3.451000000000000068e+00,9.866142289994508374e+00,6.415142289994507863e+00,2.749829864960000236e+02,1.366191065152000021e+02,-1.671062618000140054e-01
5.509999999999999787e+00,3.451000000000000068e+00,9.872746656207555205e+00,6.421746656207555581e+00,2.754953244619999850e+02,1.366453342581999948e+02,-1.720848538000090133e-01
5.519999999999999574e+00,3.459670975834233886e+00,9.884337476763686681e+00,6.424666500929452795e+00,2.759944515359999855e+02,1.366397928881999917e+02,-1.669542358000130067e-01
5.529999999999999361e+00,3.476891938591571307e+00,9.900922813279693813e+00,6.424030874688122950e+00,2.764929226680000056e+02,1.366281972552000070e+02,-1.638024167999700131e-01
5.539999999999999147e+00,3.466745578044227116e+00,9.893675412888732978e+00,6.426929834844506750e+00,2.769948202019999712e+02,1.366267674341999907e+02,-1.736857857999619947e-01
5.550000000000000711e+00,3.468469940619282266e+00,9.900677587249498757e+00,6.432207646630216935e+00,2.774914103579999960e+02,1.366130328431999885e+02,-1.785268908000129939e-01
5.560000000000000497e+00,3.477288174480672289e+00,9.913999999999999702e+00,6.436711825519327412e+00,2.779968407000000070e+02,1.365848069481999971e+02,-1.753148507999710004e-01
5.570000000000000284e+00,3.485720815611362156e+00,9.913999999999999702e+00,6.428279184388637546e+00,2.785000465240000267e+02,1.365604569991999995e+02,-1.731169867999620138e-01
5.580000000000000071e+00,3.474846181920867139e+00,9.900218650817686594e+00,6.425372468896819456e+00,2.789951246580000088e+02,1.365556613052000046e+02,-1.749899457999720132e-01
5.589999999999999858e+00,3.451426806701973327e+00,9.877415574946658339e+00,6.425988768244685012e+00,2.794905176340000139e+02,1.365628959702000031e+02,-1.789052917999900127e-01
5.599999999999999645e+00,3.458186255647142993e+00,9.869813744352857299e+00,6.411627488705714306e+00,2.799809165199999939e+02,1.365698809202000064e+02,-1.728208027999610097e-01
5.609999999999999432e+00,3.456774245765659170e+00,9.858774245765658861e+00,6.402000000000000135e+00,2.804770208819999766e+02,1.365821961762000001e+02,-1.677538567999649899e-01
5.619999999999999218e+00,3.438656940905741699e+00,9.840656940905741834e+00,6.402000000000000135e+00,2.809823704519999978e+02,1.366080213982000089e+02,-1.737325897999950075e-01
5.630000000000000782e+00,3.429446208509850269e+00,9.823550400980481712e+00,6.394104192470630998e+00,2.814875189539999951e+02,1.366198230532000082e+02,-1.766618717999799970e-01
5.640000000000000568e+00,3.421270698757245654e+00,9.814999999999999503e+00,6.393729301242753849e+00,2.819816530479999983e+02,1.366140143281999997e+02,-1.665313887999899933e-01
5.650000000000000355e+00,3.413614214528999824e+00,9.814999999999999503e+00,6.401385785470999679e+00,2.824766169640000157e+02,1.366112188982000077e+02,-1.674114237999670129e-01
5.660000000000000142e+00,3.429168585774171163e+00,9.830521842343204142e+00,6.401353256569032979e+00,2.829754040479999730e+02,1.366116359842000065e+02,-1.713019617999849975e-01
5.669999999999999929e+00,3.450644787890220666e+00,9.847543775601501181e+00,6.396898987711280071e+00,2.834667716779999864e+02,1.366016522061999865e+02,-1.641573837999799890e-01
5.679999999999999716e+00,3.474404600408631083e+00,9.863900766734772674e+00,6.389496166326140703e+00,2.839660125259999859e+02,1.365941176281999958e+02,-1.580197018000079889e-01
5.689999999999999503e+00,3.466060391326845291e+00,9.862510065221140820e+00,6.396449673894295529e+00,2.844676217400000269e+02,1.365977325672000120e+02,-1.529208358000120060e-01
5.699999999999999289e+00,3.447869914516865641e+00,9.842888313073935080e+00,6.395018398557070327e+00,2.849546848479999994e+02,1.366105155602000139e+02,-1.528575838000129916e-01
5.709999999999999076e+00,3.425745673034563232e+00,9.813942640535803008e+00,6.388196967501239776e+00,2.854530148380000014e+02,1.366189372302000038e+02,-1.517764317999789891e-01
5.720000000000000639e+00,3.434962722732453066e+00,9.813233636712888952e+00,6.378270913980434997e+00,2.859498599519999971e+02,1.366182772301999933e+02,-1.456635368000079866e-01
5.730000000000000426e+00,3.425825920817065384e+00,9.818618805776738512e+00,6.392792884959673572e+00,2.864513569459999758e+02,1.366238606812000000e+02,-1.485716927999929937e-01
5.740000000000000213e+00,3.419091097971796334e+00,9.825181823024918160e+00,6.406090725053121382e+00,2.869694860860000176e+02,1.366363750991999950e+02,-1.595006537999610063e-01
5.750000000000000000e+00,3.445883667297370057e+00,9.825868811981983697e+00,6.379985144684614085e+00,2.874777704080000262e+02,1.366283375042000046e+02,-1.583592177999849915e-01
5.759999999999999787e+00,3.456887318208241133e+00,9.826000000000000512e+00,6.369112681791759378e+00,2.879708206099999757e+02,1.366064267812000139e+02,-1.521721928000130120e-01
5.769999999999999574e+00,3.465256686130094632e+00,9.831210697808151266e+00,6.365954011678057078e+00,2.884753409819999774e+02,1.365941430222000008e+02,-1.580166587999840000e-01
5.779999999999999361e+00,3.475444711474302562e+00,9.847511538358883598e+00,6.372066826884581481e+00,2.889778637179999805e+02,1.365817593772000009e+02,-1.598611907999950010e-01
5.789999999999999147e+00,3.483398481192696128e+00,9.858143521517977348e+00,6.374745040325280776e+00,2.894849472660000060e+02,1.365596623842000099e+02,-1.496703608000040098e-01
5.800000000000000711e+00,3.481761381402829869e+00,9.854018210244529286e+00,6.372256828841698528e+00,2.899790820260000146e+02,1.365538430752000068e+02,-1.425398597999990025e-01
5.810000000000000497e+00,3.465347108170134138e+00,9.827755373072214695e+00,6.362408264902080113e+00,2.904648608819999822e+02,1.365715750212000046e+02,-1.384943277999790001e-01
5.820000000000000284e+00,3.469989498526503624e+00,9.830989498526504278e+00,6.360999999999999766e+00,2.909514116739999849e+02,1.365933327422000048e+02,-1.414628727999650004e-01
5.830000000000000071e+00,3.473527424462754976e+00,9.836999999999999744e+00,6.363472575537244325e+00,2.914470880860000079e+02,1.365956002631999979e+02,-1.383605857999800071e-01
5.839999999999999858e+00,3.464495554073277361e+00,9.836999999999999744e+00,6.372504445926723271e+00,2.919475546339999710e+02,1.365841397961999917e+02,-1.292087607999649890e-01
5.849999999999999645e+00,3.455999348490345735e+00,9.824498642688219263e+00,6.368499294197873972e+00,2.924558126979999884e+02,1.365941086562000066e+02,-1.341308977999600138e-01
5.859999999999999432e+00,3.450000000000000178e+00,9.811999999999999389e+00,6.362000000000000099e+00,2.929756540399999949e+02,1.366117218562000062e+02,-1.470774797999929995e-01
5.869999999999999218e+00,3.450000000000000178e+00,9.811999999999999389e+00,6.362000000000000099e+00,2.934796019899999919e+02,1.366094605851999972e+02,-1.419573617999979886e-01
5.880000000000000782e+00,3.443060764470338153e+00,9.805060764470336920e+00,6.362000000000000099e+00,2.939796704400000067e+02,1.366049745821999863e+02,-1.368302578000029912e-01
5.890000000000000568e+00,3.441440314222930841e+00,9.803617926791847736e+00,6.362177612568917340e+00,2.944841062240000156e+02,1.366117168142000082e+02,-1.427418677999749974e-01
5.900000000000000355e+00,3.456782960293527385e+00,9.819574278705268000e+00,6.362791318411741059e+00,2.949774144919999799e+02,1.366028312901999868e+02,-1.396007587999900101e-01
5.910000000000000142e+00,3.449753914025123436e+00,9.818876957012561135e+00,6.369123042987438588e+00,2.954722323400000050e+02,1.365850456771999859e+02,-1.284278617999639882e-01
5.919999999999999929e+00,3.431487474818108119e+00,9.809653486905416386e+00,6.378166012087308268e+00,2.959731277259999729e+02,1.365836188332000063e+02,-1.213113537999599978e-01
5.929999999999999716e+00,3.415305477310356608e+00,9.801238848201384357e+00,6.385933370891028638e+00,2.964520324040000219e+02,1.365989479941999889e+02,-1.192588868000069996e-01
5.939999999999999503e+00,3.398005149661162072e+00,9.792762471837358262e+00,6.394757322176195302e+00,2.969419205280000256e+02,1.366148829761999934e+02,-1.232061527999689932e-01
5.949999999999999289e+00,3.386000000000000121e+00,9.786795419630140103e+00,6.400795419630139094e+00,2.974354870839999876e+02,1.366190191231999904e+02,-1.241109538000020052e-01
5.959999999999999076e+00,3.386000000000000121e+00,9.786162162070143111e+00,6.400162162070142990e+00,2.979267407180000191e+02,1.366110320811999941e+02,-1.169734457999969945e-01
5.970000000000000639e+00,3.405896992893238995e+00,9.804876634283330006e+00,6.398979641390090123e+00,2.984300066900000274e+02,1.366207194742000013e+02,-1.208956937999599995e-01
5.980000000000000426e+00,3.422182375836222423e+00,9.822798741131158806e+00,6.400616365294935939e+00,2.989413175400000000e+02,1.366298503792000076e+02,-1.288142147999979947e-01
5.990000000000000213e+00,3.412545668433817792e+00,9.822110404888128699e+00,6.409564736454312239e+00,2.994505986820000203e+02,1.366218944791999945e+02,-1.206727997999589991e-01
6.000000000000000000e+00,3.395971789596760715e+00,9.821421991907566706e+00,6.425450202310806880e+00,2.999599365999999918e+02,1.366129437392000057e+02,-1.115278558000010051e-01
6.009999999999999787e+00,3.381862582437763720e+00,9.817862582437763663e+00,6.435999999999999943e+00,3.004655976399999986e+02,1.366157671381999990e+02,-1.124253347999780023e-01
6.019999999999999574e+00,3.373684427950658815e+00,9.809684427950656982e+00,6.435999999999999943e+00,3.009698303580000243e+02,1.366085175551999953e+02,-1.062875478000060020e-01
6.029999999999999361e+00,3.358279432958587218e+00,9.801345305138465136e+00,6.443065872179878362e+00,3.014688124740000035e+02,1.365879683622000016e+02,-9.410396780000600259e-02
6.039999999999999147e+00,3.350662321266612231e+00,9.799106041477713802e+00,6.448443720211102459e+00,3.019598953359999882e+02,1.365829728962000047e+02,-8.797705879997770595e-02
6.050000000000000711e+00,3.358140580856501245e+00,9.807830677665918984e+00,6.449690096809416850e+00,3.024433376759999987e+02,1.366065457722000076e+02,-9.395271880000670428e-02
6.060000000000000497e+00,3.359999999999999876e+00,9.821422203057410982e+00,6.461422203057410663e+00,3.029355389439999726e+02,1.366346004151999978e+02,-1.069422877999829935e-01
6.070000000000000284e+00,3.362634556628612881e+00,9.837708206028661806e+00,6.475073649400048481e+00,3.034346094640000047e+02,1.366300503571999911e+02,-1.038151927999960006e-01
6.080000000000000071e+00,3.371084248117421023e+00,9.856015870921080335e+00,6.484931622803657980e+00,3.039303689100000270e+02,1.366133165832000032e+02,-9.364580380000679660e-02
6.089999999999999858e+00,3.396681408635809696e+00,9.882048552004123465e+00,6.485367143368312881e+00,3.044406252759999916e+02,1.366233747452000102e+02,-1.055678568000059936e-01
6.099999999999999645e+00,3.406598326583351266e+00,9.896338590262820034e+00,6.489740263679467880e+00,3.049559872859999814e+02,1.366317246941999883e+02,-1.164827407999730058e-01
6.109999999999999432e+00,3.398554272028565748e+00,9.897350066544357006e+00,6.498795794515791258e+00,3.054561381039999901e+02,1.366082479801999909e+02,-1.012885527999879964e-01
6.119999999999999218e+00,3.424728568225159364e+00,9.913881200984310027e+00,6.489152632759151551e+00,3.059657603460000246e+02,1.365943159841999943e+02,-8.912595179998690498e-02
6.130000000000000782e+00,3.421589100373843895e+00,9.911898379183480046e+00,6.490309278809636595e+00,3.064658038700000020e+02,1.366078152681999995e+02,-9.606238479999240631e-02
6.140000000000000568e+00,3.398000000000000131e+00,9.896919640769635151e+00,6.498919640769635464e+00,3.069562610859999836e+02,1.366137806822000016e+02,-9.597432479999259969e-02
6.150000000000000355e+00,3.398000000000000131e+00,9.895644965284319028e+00,6.497644965284318452e+00,3.074506799480000154e+02,1.366029836451999984e+02,-8.482617279996769455e-02
6.160000000000000142e+00,3.400977217234426586e+00,9.897977217234425140e+00,6.496999999999999886e+00,3.079323214600000256e+02,1.366054621321999889e+02,-7.872773279999560614e-02
6.169999999999999929e+00,3.407232325392143490e+00,9.904232325392143821e+00,6.496999999999999886e+00,3.084186453699999788e+02,1.366311956851999980e+02,-8.671038779997709833e-02
6.179999999999999716e+00,3.414331072066620898e+00,9.910712347485675977e+00,6.496381275419054191e+00,3.089224559520000071e+02,1.366488917412000035e+02,-1.006608347999869979e-01
6.189999999999999503e+00,3.421887599415672110e+00,9.917189370927719239e+00,6.495301771512046685e+00,3.094260333940000010e+02,1.366355773111999952e+02,-9.950182880001109953e-02
6.199999999999999289e+00,3.429037051381714551e+00,9.935026981669091484e+00,6.505989930287377376e+00,3.099348863640000218e+02,1.366175772041999892e+02,-9.232507880000609402e-02
6.209999999999999076e+00,3.435000000000000053e+00,9.951528795133494754e+00,6.516528795133495144e+00,3.104470254820000150e+02,1.366297461002000091e+02,-1.042541598000070041e-01
6.220000000000000639e+00,3.435000000000000053e+00,9.934895081977911602e+00,6.499895081977911104e+00,3.109612751220000177e+02,1.366400357862000021e+02,-1.151761347999740032e-01
6.230000000000000426e+00,3.430133425050236884e+00,9.924256480807875036e+00,6.494123055757637708e+00,3.114648501219999730e+02,1.366267601641999931e+02,-1.030171947999729970e-01
6.240000000000000213e+00,3.421709956703735678e+00,9.917999999999999261e+00,6.496290043296264471e+00,3.119680835780000052e+02,1.366194676942000115e+02,-9.287945279998230386e-02
6.250000000000000000e+00,3.413633067312295655e+00,9.917999999999999261e+00,6.504366932687704939e+00,3.124660726899999759e+02,1.366338619322000056e+02,-9.681948080000099544e-02
6.259999999999999787e+00,3.400704555882044566e+00,9.922290204977517902e+00,6.521585649095473336e+00,3.129545903779999776e+02,1.366387114521999990e+02,-9.772792179997839834e-02
6.269999999999999574e+00,3.383999999999999897e+00,9.930356067012866106e+00,6.546356067012866653e+00,3.134550569259999975e+02,1.366272509851999928e+02,-8.857609679996400476e-02
6.279999999999999361e+00,3.383999999999999897e+00,9.937420194817255137e+00,6.553420194817255684e+00,3.139532426239999836e+02,1.366206542481999975e+02,-8.344196479996750238e-02
6.289999999999999147e+00,3.392080872875520292e+00,9.933229929927383850e+00,6.541149057051863558e+00,3.144468096240000250e+02,1.366247833392000075e+02,-8.634675380001059775e-02
6.300000000000000711e+00,3.408965408617911752e+00,9.916994799405854266e+00,6.508029390787942958e+00,3.149505899100000192e+02,1.366254642522000040e+02,-9.623715080000229405e-02
6.310000000000000497e+00,3.434984921014828441e+00,9.933297253010266559e+00,6.498312331995437674e+00,3.154554500500000245e+02,1.366072255651999967e+02,-9.206046679998300397e-02
6.320000000000000284e+00,3.448679545409740310e+00,9.946525000492853152e+00,6.497845455083113286e+00,3.159584269939999785e+02,1.365868832001999920e+02,-8.587676680001139762e-02
6.330000000000000071e+00,3.447752518594733306e+00,9.953524074220641893e+00,6.505771555625908142e+00,3.164748439319999989e+02,1.365942988362000108e+02,-9.478810679996760302e-02
6.339999999999999858e+00,3.438587110052723439e+00,9.935898288562929892e+00,6.497311178510205565e+00,3.169799937660000069e+02,1.366060793231999924e+02,-1.037173527999829953e-01
6.349999999999999645e+00,3.440080800449429876e+00,9.939161600898859916e+00,6.499080800449429596e+00,3.174810597019999818e+02,1.366016644311999926e+02,-9.459025179996860544e-02
6.359999999999999432e+00,3.443857697191107015e+00,9.949978554991448121e+00,6.506120857800341994e+00,3.179879455540000208e+02,1.366005760532000011e+02,-8.847361179999620184e-02
6.369999999999999218e+00,3.427293437629924888e+00,9.934051382336466673e+00,6.506757944706540897e+00,3.184821698279999964e+02,1.366107382392000034e+02,-9.539956580000100161e-02
6.380000000000000782e+00,3.411052563934543702e+00,9.908105127869088591e+00,6.497052563934543556e+00,3.189786172880000095e+02,1.366170456472000012e+02,-9.531137980000130294e-02
6.390000000000000568e+00,3.396034323779058894e+00,9.877519467093174299e+00,6.481485143314115405e+00,3.194694721579999737e+02,1.366160436531999949e+02,-8.919861079997269682e-02
6.400000000000000355e+00,3.396750244166506949e+00,9.867496581668902422e+00,6.470746337502395029e+00,3.199652618999999731e+02,1.366163250221999874e+02,-8.308927180000159896e-02
6.410000000000000142e+00,3.385577983987393846e+00,9.858974312954453367e+00,6.473396328967059077e+00,3.204554915680000136e+02,1.366262768521999931e+02,-8.501533980001099722e-02
6.419999999999999929e+00,3.371817349496112559e+00,9.857566262597181606e+00,6.485748913101067714e+00,3.209606414020000216e+02,1.366380573392000031e+02,-9.394458579996770031e-02
6.429999999999999716e+00,3.371097720554577570e+00,9.875556986135562099e+00,6.504459265580984528e+00,3.214649322280000092e+02,1.366297917482000059e+02,-9.280323379999209921e-02
6.439999999999999503e+00,3.355231293344286492e+00,9.869169524272800587e+00,6.513938230928514095e+00,3.219716176779999728e+02,1.366146692192000103e+02,-8.663712479996389659e-02
6.449999999999999289e+00,3.355171687699646910e+00,9.873538555207632683e+00,6.518366867507985773e+00,3.224822151440000084e+02,1.366187512852000054e+02,-9.453799180000170554e-02
6.459999999999999076e+00,3.368391644550553732e+00,9.888539320948311229e+00,6.520147676397756165e+00,3.229929261620000034e+02,1.366208436711999923e+02,-1.004318007999730061e-01
6.470000000000000639e+00,3.350456645649154019e+00,9.878495721563526288e+00,6.528039075914372269e+00,3.234897405359999993e+02,1.366031755841999882e+02,-8.825886779997360598e-02
6.480000000000000426e+00,3.364687093512986671e+00,9.895697206675849955e+00,6.531010113162864172e+00,3.239868708619999893e+02,1.365975202161999960e+02,-8.312829179997779927e-02
6.490000000000000213e+00,3.380740917352365482e+00,9.912567141764085932e+00,6.531826224411720005e+00,3.244816377480000256e+02,1.366157228172000089e+02,-9.108249879995830578e-02
6.500000000000000000e+00,3.372183904387348274e+00,9.903351897032528939e+00,6.531167992645180220e+00,3.249686454120000008e+02,1.366294794821999972e+02,-9.802273979996449504e-02
6.509999999999999787e+00,3.363835701066399508e+00,9.894835701066400091e+00,6.530999999999999694e+00,3.254607843119999870e+02,1.366235320632000025e+02,-9.489225679997820295e-02
6.519999999999999574e+00,3.354399155340363592e+00,9.884207101538029505e+00,6.529807946197665913e+00,3.259558036720000018e+02,1.366197629611999957e+02,-8.876879880000590473e-02
6.529999999999999361e+00,3.339700808038884805e+00,9.862772011723373922e+00,6.523071203684488673e+00,3.264480873080000265e+02,1.366288268931999994e+02,-9.169128379999250122e-02
6.539999999999999147e+00,3.337252168724214041e+00,9.848039136488417000e+00,6.510786967764203403e+00,3.269573448560000202e+02,1.366388351122000131e+02,-1.016133697999830054e-01
6.550000000000000711e+00,3.344783998207059295e+00,9.839252002091765092e+00,6.494468003884704466e+00,3.274618636739999715e+02,1.366265760491999970e+02,-1.004578778000070061e-01
6.560000000000000497e+00,3.345636005407311320e+00,9.839636005407310648e+00,6.493999999999999773e+00,3.279697178260000214e+02,1.366085259991999976e+02,-9.128116079999269716e-02
6.570000000000000284e+00,3.341798984879823298e+00,9.839676844990755455e+00,6.497877860110932602e+00,3.284911825219999741e+02,1.366152459022000016e+02,-9.518889080001119440e-02
6.580000000000000071e+00,3.333748936526542916e+00,9.839492721399041741e+00,6.505743784872498381e+00,3.290065436439999758e+02,1.366236099632000105e+02,-1.021037987999589974e-01
6.589999999999999858e+00,3.359341658876076941e+00,9.856330038734261834e+00,6.496988379858184892e+00,3.295048424500000124e+02,1.366150306021999938e+02,-9.296262080000169958e-02
6.599999999999999645e+00,3.375311979326980349e+00,9.868671310937562779e+00,6.493359331610581542e+00,3.299976938460000042e+02,1.366141461342000127e+02,-8.584981579999680090e-02
6.609999999999999432e+00,3.383000000000000007e+00,9.877327637108455960e+00,6.494327637108454176e+00,3.304937440960000004e+02,1.366274138942000036e+02,-9.378632679997860044e-02
6.619999999999999218e+00,3.383000000000000007e+00,9.884784443064706494e+00,6.501784443064706487e+00,3.309952974220000215e+02,1.366320095611999932e+02,-9.369096579997740482e-02
6.630000000000000782e+00,3.392564923994263903e+00,9.902921281431051881e+00,6.510356357436787533e+00,3.314946524879999856e+02,1.366224747191999995e+02,-8.854620779998180480e-02
6.640000000000000568e+00,3.407324147208175447e+00,9.927619531725838442e+00,6.520295384517663884e+00,3.319931225099999779e+02,1.366108967261999965e+02,-8.039441880000060270e-02
6.650000000000000355e+00,3.399511446415937943e+00,9.934781174118723968e+00,6.535269727702784692e+00,3.324748227960000122e+02,1.366123486211999989e+02,-8.229239580001079801e-02
6.660000000000000142e+00,3.386499238842616943e+00,9.937239939107410436e+00,6.550740700264792160e+00,3.329724988419999931e+02,1.366146842761999949e+02,-9.218998880000220386e-02
6.669999999999999929e+00,3.366757675666202321e+00,9.932884543067366678e+00,6.566126867401165690e+00,3.334802407739999808e+02,1.365986027381999861e+02,-9.102029379996870451e-02
6.679999999999999716e+00,3.322539024120547690e+00,9.900411470838527350e+00,6.577872446717979216e+00,3.339914309260000209e+02,1.365747511172000088e+02,-7.682233379995760669e-02
6.689999999999999503e+00,3.295952658234976518e+00,9.882626533597102636e+00,6.586673875362125230e+00,3.345006871420000039e+02,1.365847805042000118e+02,-8.074445579997749367e-02
6.699999999999999289e+00,3.282049536285957192e+00,9.874149933755136388e+00,6.592100397469179640e+00,3.350049824500000000e+02,1.366115294552000137e+02,-9.172671480000170463e-02
6.709999999999999076e+00,3.290860607566470364e+00,9.875408658223781444e+00,6.584548050657311968e+00,3.354932142600000020e+02,1.366213849272000118e+02,-8.865285479995879681e-02
6.720000000000000639e+00,3.294999999999999929e+00,9.871711298594162187e+00,6.576711298594161370e+00,3.359870072539999910e+02,1.366215522981999868e+02,-8.254355779998620579e-02
6.730000000000000426e+00,3.294999999999999929e+00,9.864588968302911098e+00,6.569588968302909393e+00,3.364814016340000080e+02,1.366287334922000127e+02,-8.545893079997310404e-02
6.740000000000000213e+00,3.294999999999999929e+00,9.879994277056777463e+00,6.584994277056776646e+00,3.369769653820000030e+02,1.366329765812000119e+02,-8.836367779995929483e-02
6.750000000000000000e+00,3.305055014382680678e+00,9.896310198502481725e+00,6.591255184119801491e+00,3.374778625440000042e+02,1.366315215131999992e+02,-8.924712179999179373e-02
6.759999999999999787e+00,3.320916588252769586e+00,9.910607042039275782e+00,6.589690453786505309e+00,3.379708288240000229e+02,1.366286261971999920e+02,-8.612722280000620345e-02
6.769999999999999574e+00,3.302208743967388838e+00,9.886554099386643202e+00,6.584345355419253920e+00,3.384651653180000039e+02,1.366368198712000037e+02,-8.504615479997300331e-02
6.779999999999999361e+00,3.303941712264836905e+00,9.890147821299960285e+00,6.586206109035122935e+00,3.389649810720000005e+02,1.366543090991999918e+02,-9.299672180001129773e-02
6.789999999999999147e+00,3.319120386734605521e+00,9.913811950706518772e+00,6.594691563971911918e+00,3.394707561079999891e+02,1.366551357621999898e+02,-9.388713079998679822e-02
6.800000000000000711e+00,3.309955442142310300e+00,9.922271899560945130e+00,6.612316457418634386e+00,3.399793229780000274e+02,1.366421451351999963e+02,-8.172808579998659673e-02
6.810000000000000497e+00,3.306999999999999940e+00,9.942092247429545893e+00,6.635092247429544621e+00,3.404731738579999956e+02,1.366413000262000139e+02,-7.961522979997709415e-02
6.820000000000000284e+00,3.302393579674838708e+00,9.963211081756078613e+00,6.660817502081238572e+00,3.409743887480000240e+02,1.366518294532000084e+02,-9.554098279999649612e-02
6.830000000000000071e+00,3.285524378608220442e+00,9.971308298268054315e+00,6.685783919659833430e+00,3.414736311500000170e+02,1.366442701791999923e+02,-9.640325879997270475e-02
6.839999999999999858e+00,3.268417173681865684e+00,9.966731003237784492e+00,6.698313829555918808e+00,3.419644563900000094e+02,1.366262424582000108e+02,-8.923042179996830414e-02
6.849999999999999645e+00,3.258671765345848570e+00,9.963466244934629401e+00,6.704794479588780831e+00,3.424601345780000088e+02,1.366284817551999993e+02,-9.412808679996430283e-02
6.859999999999999432e+00,3.267997028952831950e+00,9.972074180571846469e+00,6.704077151619012298e+00,3.429568990999999869e+02,1.366467842421999990e+02,-1.060822277999639990e-01
6.869999999999999218e+00,3.261300148201724092e+00,9.958241950719969537e+00,6.696941802518246334e+00,3.434546871439999904e+02,1.366471549132000121e+02,-1.069728047999980031e-01
6.880000000000000782e+00,3.257000000000000117e+00,9.954591013646620468e+00,6.697591013646621683e+00,3.439641386139999781e+02,1.366362144931999865e+02,-9.582080279997400030e-02
6.890000000000000568e+00,3.256969920552402975e+00,9.962909761657206431e+00,6.705939841104806121e+00,3.444649765579999894e+02,1.366357930732000057e+02,-8.670784179995939811e-02
6.900000000000000355e+00,3.256293839813512392e+00,9.960881519440539122e+00,6.704587679627024954e+00,3.449651901880000082e+02,1.366463113652000061e+02,-8.963369380000199560e-02
6.910000000000000142e+00,3.251176250233013931e+00,9.959598020852752143e+00,6.708421770619737323e+00,3.454800075879999781e+02,1.366466526511999859e+02,-9.052037879997840153e-02
6.919999999999999929e+00,3.245165559746805872e+00,9.952544592171536308e+00,6.707379032424730880e+00,3.459888026720000198e+02,1.366296650241999941e+02,-7.934718780001019656e-02
6.929999999999999716e+00,3.254164569598314571e+00,9.902703922224720401e+00,6.648539352626405829e+00,3.465009658280000053e+02,1.366238627452000003e+02,-7.521275579999160688e-02
6.939999999999999503e+00,3.244995435552980201e+00,9.914702841031584057e+00,6.669707405478604301e+00,3.470039490300000011e+02,1.366385066981999898e+02,-8.915261880000109607e-02
6.949999999999999289e+00,3.230999999999999872e+00,9.947262882521558325e+00,6.716262882521559341e+00,3.474970306380000125e+02,1.366335934781999981e+02,-9.202561379998740188e-02
6.959999999999999076e+00,3.230999999999999872e+00,9.948606603773823664e+00,6.717606603773824681e+00,3.479816946400000006e+02,1.366182188671999995e+02,-8.486350779998200200e-02
6.970000000000000639e+00,3.230505495928995607e+00,9.948999999999999844e+00,6.718494504071004236e+00,3.484803111740000077e+02,1.366216240011999901e+02,-9.076463880001030271e-02
6.980000000000000426e+00,3.232524687829673393e+00,9.948999999999999844e+00,6.716475312170326895e+00,3.489822387820000245e+02,1.366372128511999904e+02,-1.037080637999869964e-01
6.990000000000000213e+00,3.241735865296700325e+00,9.948999999999999844e+00,6.707264134703299518e+00,3.494830789459999778e+02,1.366367561511999895e+02,-1.045950427999639970e-01
7.000000000000000000e+00,3.255864187752717243e+00,9.949474567510108614e+00,6.693610379757391371e+00,3.499876532079999834e+02,1.366235234161999870e+02,-9.643605779998269678e-02
7.009999999999999787e+00,3.269000000000000128e+00,9.946968462505063613e+00,6.677968462505064373e+00,3.504939962259999788e+02,1.366143981511999925e+02,-8.829117080000130346e-02
7.019999999999999574e+00,3.269000000000000128e+00,9.928855241454032310e+00,6.659855241454032182e+00,3.509958336540000232e+02,1.366140160902000105e+02,-8.417815879998219453e-02
7.029999999999999361e+00,3.263313038006200095e+00,9.911500993242215785e+00,6.648187955236015689e+00,3.515094257979999952e+02,1.366182762091999905e+02,-9.007897480001049451e-02
7.039999999999999147e+00,3.250493033916781016e+00,9.895826197598729834e+00,6.645333163681948818e+00,3.520301766659999885e+02,1.366199543291999987e+02,-9.196906279996400202e-02
7.050000000000000711e+00,3.224265070267700484e+00,9.885473054053038666e+00,6.661207983785339515e+00,3.525280771519999803e+02,1.366183529602000135e+02,-8.585261179999149894e-02
7.060000000000000497e+00,3.218513086834286163e+00,9.871199002811414047e+00,6.652685915977128772e+00,3.530171390059999794e+02,1.366312181991999921e+02,-9.478926380000650409e-02
7.070000000000000284e+00,3.218820632866433940e+00,9.864125444072012527e+00,6.645304811205578588e+00,3.535010952160000102e+02,1.366457916511999997e+02,-1.047330847999980025e-01
7.080000000000000071e+00,3.218176092086258766e+00,9.878949882016048178e+00,6.660773789929790745e+00,3.539779732939999803e+02,1.366439846151999973e+02,-1.006205977999790058e-01
7.089999999999999858e+00,3.230786122609212274e+00,9.890671673565526234e+00,6.659885550956315292e+00,3.544747055220000220e+02,1.366453037112000004e+02,-9.951474280000220662e-02
7.099999999999999645e+00,3.251043520300892276e+00,9.903000026132986022e+00,6.651956505832094635e+00,3.549805117419999760e+02,1.366631314052000050e+02,-1.084651777999599970e-01
7.109999999999999432e+00,3.277201728726268914e+00,9.919260534073085722e+00,6.642058805346817252e+00,3.554870567159999837e+02,1.366680155951999893e+02,-1.073697177999839991e-01
7.119999999999999218e+00,3.288864195265252643e+00,9.935182712424403206e+00,6.646318517159151895e+00,3.559996747459999824e+02,1.366542440121999960e+02,-9.820703579996900578e-02
7.130000000000000782e+00,3.291372765753510787e+00,9.942340028219241788e+00,6.650967262465730556e+00,3.565045907740000075e+02,1.366350245971999868e+02,-8.902684680001039796e-02
7.140000000000000568e+00,3.281676435776475831e+00,9.935229386236082760e+00,6.653552950459606485e+00,3.570060568060000037e+02,1.366236034892000077e+02,-8.487497079999149763e-02
7.150000000000000355e+00,3.294075231966206552e+00,9.946451166739336713e+00,6.652375934773130162e+00,3.575127168860000211e+02,1.366264733031999867e+02,-8.877241080001120610e-02
7.160000000000000142e+00,3.313304343975365995e+00,9.959566391126481122e+00,6.646262047151114238e+00,3.580216593700000089e+02,1.366244546911999862e+02,-9.565211579995949731e-02
7.169999999999999929e+00,3.337158071194640918e+00,9.967947430419739518e+00,6.630789359225097712e+00,3.585217859279999857e+02,1.366189526802000103e+02,-9.552144679995920595e-02
7.179999999999999716e+00,3.330176918204255987e+00,9.963054164027306925e+00,6.632877245823049606e+00,3.590152970400000072e+02,1.366240624991999937e+02,-1.034297407999970053e-01
7.189999999999999503e+00,3.310851447156636151e+00,9.951776568690151592e+00,6.640925121533514996e+00,3.595066410759999940e+02,1.366320428402000005e+02,-1.143486637999640010e-01
7.199999999999999289e+00,3.286876786903797587e+00,9.936408196733204079e+00,6.649531409829405604e+00,3.600007765020000079e+02,1.366262129472000026e+02,-1.102181448000029984e-01
7.209999999999999076e+00,3.246508486674347882e+00,9.908644076233427356e+00,6.662135589559079030e+00,3.604967372379999802e+02,1.366234992121999881e+02,-1.040982007999730063e-01
7.220000000000000639e+00,3.201948403215908900e+00,9.876948403215907391e+00,6.674999999999999822e+00,3.610097582920000150e+02,1.366377606512000114e+02,-1.050343968000069933e-01
7.230000000000000426e+00,3.185422702692773722e+00,9.860422702692773100e+00,6.674999999999999822e+00,3.615206686020000006e+02,1.366539048282000124e+02,-1.059777047999830024e-01
7.240000000000000213e+00,3.173688161543099628e+00,9.854077959614224724e+00,6.680389798071125540e+00,3.620288943720000248e+02,1.366468902972000024e+02,-9.783984580000179565e-02
7.250000000000000000e+00,3.165795408766967967e+00,9.855984262212842850e+00,6.690188853445875772e+00,3.625368048560000034e+02,1.366278524632000142e+02,-8.565961180000210284e-02
7.259999999999999787e+00,3.156554862407560336e+00,9.855273450954427972e+00,6.698718588546867636e+00,3.630290564200000176e+02,1.366199294762000136e+02,-7.652209479998739461e-02
7.269999999999999574e+00,3.163422244282782181e+00,9.861012833240065945e+00,6.697590588957284652e+00,3.635150089339999795e+02,1.366346239821999973e+02,-8.446588579996899826e-02
7.279999999999999361e+00,3.182517914636164402e+00,9.874510146969441848e+00,6.691992232333277002e+00,3.640250381960000254e+02,1.366486615041999926e+02,-1.004020547999869978e-01
7.289999999999999147e+00,3.209115060534242669e+00,9.908609051966978498e+00,6.699493991432735385e+00,3.645296151219999956e+02,1.366353864332000114e+02,-1.042429978000069951e-01
7.300000000000000711e+00,3.229339619872353850e+00,9.931339619872353808e+00,6.701999999999999957e+00,3.650253772319999825e+02,1.366186103231999880e+02,-1.060735367999589979e-01
7.310000000000000497e+00,3.244369209931185161e+00,9.948540985701439965e+00,6.704171775770253028e+00,3.655274201679999919e+02,1.366321812692000037e+02,-1.250098557999649862e-01
7.320000000000000284e+00,3.252978144770192870e+00,9.965041444142871185e+00,6.712063299372677427e+00,3.660242423540000232e+02,1.366494748041999969e+02,-1.399604438000079942e-01
7.330000000000000071e+00,3.233821548430070081e+00,9.946261035886461599e+00,6.712439487456390630e+00,3.665180349039999896e+02,1.366496492311999873e+02,-1.318511587999690038e-01
7.339999999999999858e+00,3.212688502084331876e+00,9.927548539423536766e+00,6.714860037339205334e+00,3.670231809640000051e+02,1.366614896941999859e+02,-1.237805067999890041e-01
7.349999999999999645e+00,3.196468194872479351e+00,9.920062243787297618e+00,6.723594048914819155e+00,3.675246497019999765e+02,1.366851113522000105e+02,-1.237522897999879939e-01
7.359999999999999432e+00,3.185741028611416947e+00,9.906376195992631750e+00,6.720635167381214359e+00,3.680221516459999975e+02,1.366904915032000076e+02,-1.196605717999700003e-01
7.369999999999999218e+00,3.177298439654228090e+00,9.890405544668700699e+00,6.713107105014472609e+00,3.685160840059999714e+02,1.366706697952000127e+02,-1.034806558000069959e-01
7.380000000000000782e+00,3.170254561891054035e+00,9.874396731570577401e+00,6.704142169679523811e+00,3.690128416040000161e+02,1.366539965482000127e+02,-9.231125179998249386e-02
7.390000000000000568e+00,3.166640423489396561e+00,9.867359576510605024e+00,6.700719153021206687e+00,3.695084049079999886e+02,1.366582466931999988e+02,-9.321601079995919803e-02
7.400000000000000355e+00,3.167638934646945348e+00,9.869550343584949204e+00,6.701911408938002523e+00,3.700150097659999915e+02,1.366620866512000134e+02,-1.051169377999589954e-01
7.410000000000000142e+00,3.193568333783908919e+00,9.894078153579373591e+00,6.700509819795464672e+00,3.705335084839999809e+02,1.366505832381999994e+02,-1.159610797999840043e-01
7.419999999999999929e+00,3.202999999999999847e+00,9.903936097874925792e+00,6.700936097874925501e+00,3.710462429520000001e+02,1.366347761112000114e+02,-1.177912617999939959e-01
7.429999999999999716e+00,3.209896651079787055e+00,9.902640619367440777e+00,6.692743968287653722e+00,3.715489102020000018e+02,1.366374073451999891e+02,-1.246887677999980043e-01
7.439999999999999503e+00,3.235697786000748977e+00,9.893813915315533336e+00,6.658116129314784359e+00,3.720512668700000063e+02,1.366630262902000084e+02,-1.406675037999610134e-01
7.449999999999999289e+00,3.268724162995391147e+00,9.910127337343139331e+00,6.641403174347749072e+00,3.725489709920000223e+02,1.366824123682000049e+02,-1.446252067999810043e-01
7.459999999999999076e+00,3.289747017553010355e+00,9.901137919869434256e+00,6.611390902316424345e+00,3.730552866419999987e+02,1.366913111981999975e+02,-1.375439227999759872e-01
7.470000000000000639e+00,3.279550545382706517e+00,9.823207739710687392e+00,6.543657194327979987e+00,3.735596629859999780e+02,1.366990906062000022e+02,-1.324591337999790064e-01
7.480000000000000426e+00,3.245726740509713437e+00,9.865974013398052023e+00,6.620247272888338586e+00,3.740387083620000226e+02,1.366944095201999971e+02,-1.263360118000070031e-01
7.490000000000000213e+00,3.218686588390033521e+00,9.890254927071202573e+00,6.671568338681169941e+00,3.745374061539999957e+02,1.366788415832000112e+02,-1.171700887999929941e-01
7.500000000000000000e+00,3.201919506073913624e+00,9.886929053308334048e+00,6.685009547234420424e+00,3.750385566780000204e+02,1.366554007002000048e+02,-1.079758437999800008e-01
7.509999999999999787e+00,3.193938920740407195e+00,9.871632931419112467e+00,6.677694010678706604e+00,3.755306080619999989e+02,1.366334400341999924e+02,-9.978885179999759381e-02
7.519999999999999574e+00,3.190578196789290111e+00,9.866421803210709385e+00,6.675843606421419274e+00,3.760238909600000170e+02,1.366425468532000025e+02,-1.067112918000019950e-01
7.529999999999999361e+00,3.190105200919822526e+00,9.868262411037871829e+00,6.678157210118047971e+00,3.765245367580000106e+02,1.366630458481999995e+02,-1.266723707999840021e-01
7.539999999999999147e+00,3.190828744298790376e+00,9.876944931585486032e+00,6.686116187286695656e+00,3.770256055799999899e+02,1.366585850922000134e+02,-1.305451918000040124e-01
7.550000000000000711e+00,3.196856320411377350e+00,9.890712640822755475e+00,6.693856320411377681e+00,3.775227935699999762e+02,1.366519207721999862e+02,-1.284110627999930088e-01
7.560000000000000497e+00,3.202999999999999847e+00,9.902867541586688915e+00,6.699867541586687736e+00,3.780264327140000091e+02,1.366726189882000142e+02,-1.403721267999940014e-01
7.570000000000000284e+00,3.202999999999999847e+00,9.902234561958751513e+00,6.699234561958751222e+00,3.785352336120000132e+02,1.366906247352000037e+02,-1.473225107999990013e-01
7.580000000000000071e+00,3.215081283659539935e+00,9.907111312317496754e+00,6.692030028657957708e+00,3.790464529500000026e+02,1.366838058971999885e+02,-1.321846308000129977e-01
7.589999999999999858e+00,3.231232443437010549e+00,9.913186036953083757e+00,6.681953593516073653e+00,3.795558458680000058e+02,1.366738885412000002e+02,-1.140362057999839973e-01
7.599999999999999645e+00,3.239457825502063848e+00,9.913871485458505717e+00,6.674413659956441869e+00,3.800629904520000082e+02,1.366858147782000117e+02,-1.139654637999829995e-01
7.609999999999999432e+00,3.226926704630692644e+00,9.893972618128293206e+00,6.667045913497601006e+00,3.805585535339999979e+02,1.366900684512000055e+02,-1.138702287999839996e-01
7.619999999999999218e+00,3.215411293081387623e+00,9.876794353459306564e+00,6.661383060377918497e+00,3.810574790960000087e+02,1.366705105702000083e+02,-1.036901717999920008e-01
7.630000000000000782e+00,3.216707004339064646e+00,9.876146497830466942e+00,6.659439493491403184e+00,3.815600572760000091e+02,1.366571532531999935e+02,-9.853121079999699328e-02
7.640000000000000568e+00,3.204521902760095742e+00,9.870720805013887045e+00,6.666198902253791303e+00,3.820460102339999935e+02,1.366718407031999902e+02,-1.084749897999880003e-01
7.650000000000000355e+00,3.190867359833527761e+00,9.861816636004673953e+00,6.670949276171145748e+00,3.825475971860000186e+02,1.366933985931999871e+02,-1.274395887999930088e-01
7.660000000000000142e+00,3.190182102750245718e+00,9.845370466005897825e+00,6.655188363255652106e+00,3.830546001420000266e+02,1.366902640872000063e+02,-1.353157947999759914e-01
7.669999999999999929e+00,3.184203730419663980e+00,9.840999999999999304e+00,6.656796269580335768e+00,3.835467080799999735e+02,1.366673121091999974e+02,-1.251252797999840016e-01
7.679999999999999716e+00,3.177999999999999936e+00,9.841155894434788109e+00,6.663155894434788173e+00,3.840371657399999776e+02,1.366732704672000125e+02,-1.270372077999930016e-01
7.689999999999999503e+00,3.177999999999999936e+00,9.841875692900837080e+00,6.663875692900835368e+00,3.845356411320000234e+02,1.366966929042000061e+02,-1.350090057999759896e-01
7.699999999999999289e+00,3.193623946009877645e+00,9.849211052004559264e+00,6.655587105994681174e+00,3.850378766580000161e+02,1.366893363792000002e+02,-1.268712727999939949e-01
7.709999999999999076e+00,3.203681582977723430e+00,9.845721157420806335e+00,6.642039574443083794e+00,3.855498351940000248e+02,1.366695669812000062e+02,-1.036874857999700028e-01
7.720000000000000639e+00,3.203002613733074710e+00,9.828004825353367835e+00,6.625002211620294013e+00,3.860542685359999950e+02,1.366763480211999990e+02,-9.859916179997310626e-02
7.730000000000000426e+00,3.211691958768351451e+00,9.844046693110803048e+00,6.632354734342451152e+00,3.865488076519999936e+02,1.366985405661999948e+02,-1.075675027999880018e-01
7.740000000000000213e+00,3.220538524531763258e+00,9.852378210377647605e+00,6.631839685845883459e+00,3.870567504300000223e+02,1.366964861232000032e+02,-1.084472647999649986e-01
7.750000000000000000e+00,3.228000000000000203e+00,9.850122587467362578e+00,6.622122587467361932e+00,3.875662862660000201e+02,1.366665232402000072e+02,-9.622812479996349644e-02
7.759999999999999787e+00,3.228000000000000203e+00,9.831551927395231871e+00,6.603551927395232113e+00,3.880668120319999730e+02,1.366540291251999975e+02,-9.707270479999770274e-02
7.769999999999999574e+00,3.234441133499743604e+00,9.820558866500256556e+00,6.586117733000513397e+00,3.885622373019999714e+02,1.366782471811999926e+02,-1.140480467999940017e-01
7.779999999999999361e+00,3.243192648491262098e+00,9.820701158020110455e+00,6.577508509528849245e+00,3.890608295760000033e+02,1.366996270182000046e+02,-1.350126968000089911e-01
7.789999999999999147e+00,3.252458787186200517e+00,9.837247834261072299e+00,6.584789047074871782e+00,3.895742772059999766e+02,1.366888722582000071e+02,-1.358605387999849978e-01
7.800000000000000711e+00,3.240317298371672372e+00,9.821054720822315787e+00,6.580737422450643415e+00,3.900679254639999840e+02,1.366740282782000122e+02,-1.236982737999839932e-01
7.810000000000000497e+00,3.232509369150100120e+00,9.806254684575050007e+00,6.573745315424949887e+00,3.905558729499999799e+02,1.366888650061999897e+02,-1.236420707999850016e-01
7.820000000000000284e+00,3.251062824304943533e+00,9.815531412152472157e+00,6.564468587847527736e+00,3.910514095519999955e+02,1.367111286621999966e+02,-1.286104147999790059e-01
7.830000000000000071e+00,3.269081165168929104e+00,9.824842205887843960e+00,6.555761040718913968e+00,3.915487658719999899e+02,1.367015115741999978e+02,-1.144657527999689978e-01
7.839999999999999858e+00,3.283418751992246865e+00,9.837817791986282145e+00,6.554399039994036613e+00,3.920596712560000014e+02,1.366826482651999868e+02,-1.012854617999929957e-01
7.849999999999999645e+00,3.288262122950159849e+00,9.850288206846194328e+00,6.562026083896034478e+00,3.925675574800000049e+02,1.366815851341999917e+02,-1.041687467999779931e-01
7.859999999999999432e+00,3.252247882892806974e+00,9.824160228765370206e+00,6.571912345872562788e+00,3.930565890380000269e+02,1.366774352301999897e+02,-1.090453487999750032e-01
7.869999999999999218e+00,3.253233853041257007e+00,9.816000000000000725e+00,6.562766146958742830e+00,3.935574565699999994e+02,1.366589544352000019e+02,-1.088687247999750030e-01
7.880000000000000782e+00,3.268805119643397816e+00,9.816000000000000725e+00,6.547194880356602908e+00,3.940604913999999894e+02,1.366375995902000113e+02,-1.066814657999640009e-01
7.890000000000000568e+00,3.276813980968386719e+00,9.816000000000000725e+00,6.539186019031613561e+00,3.945542861700000117e+02,1.366377387372000101e+02,-1.085721207999749971e-01
7.900000000000000355e+00,3.278999999999999915e+00,9.809720000810584040e+00,6.530720000810584125e+00,3.950526482320000241e+02,1.366631473262000043e+02,-1.195509707999980048e-01
7.910000000000000142e+00,3.282107226767104535e+00,9.806868209323480912e+00,6.524760982556377265e+00,3.955562292679999814e+02,1.366848615501999973e+02,-1.265155998000029869e-01
7.919999999999999929e+00,3.291084051843183200e+00,9.815154509393709148e+00,6.524070457550524615e+00,3.960543573019999712e+02,1.366792737652000085e+02,-1.183850207999640053e-01
7.929999999999999716e+00,3.284477542528690730e+00,9.824101108046026098e+00,6.539623565517334036e+00,3.965456659359999776e+02,1.366703201072000127e+02,-1.022440318000019943e-01
7.939999999999999503e+00,3.276012177757654520e+00,9.829502029626276283e+00,6.553489851868620875e+00,3.970408870300000217e+02,1.366805639881999923e+02,-1.021700068000020029e-01
7.949999999999999289e+00,3.267241281966587696e+00,9.828040213661097368e+00,6.560798931694510117e+00,3.975530818139999951e+02,1.366917556841999897e+02,-1.080955887999739962e-01
7.959999999999999076e+00,3.303782028542079363e+00,9.838818243688846721e+00,6.535036215146767802e+00,3.980725751319999972e+02,1.366803692462000015e+02,-1.019398118000029996e-01
7.970000000000000639e+00,3.317617875524718762e+00,9.841853626574156522e+00,6.524235751049437759e+00,3.985750958699999842e+02,1.366680173532000140e+02,-9.478439779999760229e-02
7.980000000000000426e+00,3.316860649975514441e+00,9.839790974963271708e+00,6.522930324987756379e+00,3.990764229800000180e+02,1.366765782681999895e+02,-1.027031287999790043e-01
7.990000000000000213e+00,3.301936588866881461e+00,9.817404883300321572e+00,6.515468294433440555e+00,3.995762663240000165e+02,1.366760398732000112e+02,-1.105900867999600051e-01
8.000000000000000000e+00,3.281037992370932077e+00,9.796332046391622583e+00,6.515294054020690950e+00,4.000905119259999765e+02,1.366513079611999899e+02,-1.113884387999929948e-01
8.009999999999999787e+00,3.254304360891264292e+00,9.778999999999999915e+00,6.524695639108736067e+00,4.005926051580000262e+02,1.366289012771999865e+02,-1.081976718000079996e-01
8.019999999999999574e+00,3.263200514153517862e+00,9.778999999999999915e+00,6.515799485846481609e+00,4.010680295440000123e+02,1.366350136021999901e+02,-1.071134677999739937e-01
8.029999999999999361e+00,3.281689755582675172e+00,9.798454000636516170e+00,6.516764245053840554e+00,4.015460249180000005e+02,1.366662743152000132e+02,-1.171174887999660019e-01
8.039999999999999147e+00,3.302538384129263260e+00,9.826660185451824958e+00,6.524121801322561254e+00,4.020479507499999841e+02,1.366818913891999898e+02,-1.220609617999599966e-01
8.050000000000000711e+00,3.293788246156078792e+00,9.818639225643073232e+00,6.524850979486993552e+00,4.025529217779999840e+02,1.366617053582000096e+02,-1.038772917999880030e-01
8.060000000000000497e+00,3.305921294839025304e+00,9.836811073424765794e+00,6.530889778585741823e+00,4.030522748459999889e+02,1.366522022681999999e+02,-8.973258779997790591e-02
8.070000000000000284e+00,3.320513683576731268e+00,9.856932630839519760e+00,6.536418947262788492e+00,4.035509780080000155e+02,1.366716347612000106e+02,-9.669025179998279318e-02
8.080000000000000071e+00,3.328712255881063342e+00,9.866497631861241402e+00,6.537785375980177172e+00,4.040564696079999862e+02,1.366774285682000141e+02,-1.045982937999650059e-01
8.089999999999999858e+00,3.314196019271167692e+00,9.859149770791853840e+00,6.544953751520687035e+00,4.045736502259999838e+02,1.366539154131999965e+02,-9.140020179998729899e-02
8.099999999999999645e+00,3.296082071610816122e+00,9.846111063348029546e+00,6.550028991737213424e+00,4.050821618739999508e+02,1.366418949302000101e+02,-8.724464379996919872e-02
8.109999999999999432e+00,3.279206979334180261e+00,9.831143293385201432e+00,6.551936314051021171e+00,4.055800400979999836e+02,1.366582365122000056e+02,-1.051916577999980063e-01
8.119999999999999218e+00,3.288101335682452664e+00,9.837300924703235694e+00,6.549199589020783918e+00,4.060862470799999642e+02,1.366690474062000078e+02,-1.221172997999940002e-01
8.130000000000000782e+00,3.291999999999999815e+00,9.835389704627667484e+00,6.543389704627667669e+00,4.065983806060000347e+02,1.366462194002000103e+02,-1.169227997999980062e-01
8.140000000000000568e+00,3.288721560996902937e+00,9.825448357746646266e+00,6.536726796749741553e+00,4.070952530879999927e+02,1.366275353052000128e+02,-1.097463017999940060e-01
8.150000000000000355e+00,3.272236317634023450e+00,9.807589344103526230e+00,6.535353026469501891e+00,4.075709353179999539e+02,1.366466763571999934e+02,-1.107080197999689986e-01
8.160000000000000142e+00,3.280365641938460364e+00,9.822578933069229024e+00,6.542213291130768660e+00,4.080499853980000466e+02,1.366770062852000081e+02,-1.177085027999749955e-01
8.169999999999999929e+00,3.291999999999999815e+00,9.841249896944944453e+00,6.549249896944945526e+00,4.085587540019999437e+02,1.366780286412000009e+02,-1.115988908000020013e-01
8.179999999999999716e+00,3.291999999999999815e+00,9.841982286992800866e+00,6.549982286992801050e+00,4.090659493259999522e+02,1.366539701922000063e+02,-9.140105079996410642e-02
8.189999999999999503e+00,3.299937405968435211e+00,9.849326836278555319e+00,6.549389430310120552e+00,4.095518693240000516e+02,1.366516848352000011e+02,-8.528485179999320542e-02
8.199999999999999289e+00,3.310859108008080920e+00,9.862905844172281888e+00,6.552046736164202301e+00,4.100423588340000265e+02,1.366746336401999997e+02,-9.825678779996969980e-02
8.209999999999999076e+00,3.326311803762370456e+00,9.886393941718802481e+00,6.560082137956432469e+00,4.105392055020000157e+02,1.366739489441999922e+02,-9.914385080000280570e-02
8.220000000000000639e+00,3.322799728615667636e+00,9.884245861586103743e+00,6.561446132970435663e+00,4.110424093280000193e+02,1.366496307472000069e+02,-8.794604079997760115e-02
8.230000000000000426e+00,3.313577726964522352e+00,9.874862916384145706e+00,6.561285189419622910e+00,4.115632183040000314e+02,1.366502928591999932e+02,-9.483256379998260266e-02
8.240000000000000213e+00,3.305338860805475232e+00,9.867310622405019771e+00,6.561971761599544095e+00,4.120711942639999847e+02,1.366652076951999959e+02,-1.127722978000129939e-01
8.250000000000000000e+00,3.305000000000000160e+00,9.867649227814753843e+00,6.562649227814754127e+00,4.125724329699999657e+02,1.366577694752000127e+02,-1.116345437999790025e-01
8.259999999999999787e+00,3.305000000000000160e+00,9.871240987355722751e+00,6.566240987355722147e+00,4.130813431600000172e+02,1.366387674721999872e+02,-1.054542528000070034e-01
8.269999999999999574e+00,3.301773520645551852e+00,9.874722485161566254e+00,6.572948964516013959e+00,4.135684327480000206e+02,1.366335404822000044e+02,-1.003274218000120011e-01
8.279999999999999361e+00,3.266263848996933117e+00,9.849656834586070886e+00,6.583392985589137325e+00,4.140521583020000094e+02,1.366521497422000095e+02,-9.828545480000210055e-02
8.289999999999999147e+00,3.260122154877831857e+00,9.841941869981203794e+00,6.581819715103372381e+00,4.145492356679999943e+02,1.366825143401999867e+02,-1.032820367999970068e-01
8.300000000000000711e+00,3.271878091642088204e+00,9.847682967976405521e+00,6.575804876334315985e+00,4.150567217959999766e+02,1.366884574251999993e+02,-1.011900967999889989e-01
8.310000000000000497e+00,3.289730357437533392e+00,9.864821143140032333e+00,6.575090785702498941e+00,4.155571315679999884e+02,1.366779917981999972e+02,-9.304180080000680475e-02
8.320000000000000284e+00,3.299951648745305999e+00,9.844368384340283384e+00,6.544416735594976942e+00,4.160493846859999962e+02,1.366700441151999996e+02,-9.090424179999709309e-02
8.330000000000000071e+00,3.304669045257437876e+00,9.834302411653309761e+00,6.529633366395872329e+00,4.165513387740000439e+02,1.366676229821999868e+02,-9.878408779997870093e-02
8.339999999999999858e+00,3.303046610085890844e+00,9.841973272400190709e+00,6.538926662314299421e+00,4.170667272640000078e+02,1.366579629482000087e+02,-1.046353928000079980e-01
8.349999999999999645e+00,3.293475676488939907e+00,9.831666113141935170e+00,6.538190436652995707e+00,4.175765788299999599e+02,1.366400163122000038e+02,-9.845861579997940150e-02
8.359999999999999432e+00,3.278282562246993326e+00,9.809393950130781192e+00,6.531111387883788311e+00,4.180754222459999596e+02,1.366394456142000138e+02,-9.934563680001259889e-02
8.369999999999999218e+00,3.269972561247703524e+00,9.791999999999999815e+00,6.522027438752296291e+00,4.185725276459999691e+02,1.366517755332000092e+02,-1.062785977999600034e-01
8.380000000000000782e+00,3.278499348751928721e+00,9.791999999999999815e+00,6.513500651248071094e+00,4.190646091039999988e+02,1.366468335382000134e+02,-1.011516617999650008e-01
8.390000000000000568e+00,3.296892194809339927e+00,9.800946097404668933e+00,6.504053902595329895e+00,4.195700677440000277e+02,1.366356545381999865e+02,-9.299972579998250222e-02
8.400000000000000355e+00,3.305000000000000160e+00,9.795350457784079978e+00,6.490350457784080263e+00,4.200644603479999546e+02,1.366428639561999887e+02,-8.791514679998800597e-02
8.410000000000000142e+00,3.306425765035362119e+00,9.781101840359669453e+00,6.474676075324307334e+00,4.205490698360000010e+02,1.366635340072000133e+02,-8.388024079996879434e-02
8.419999999999999929e+00,3.316517360843024509e+00,9.781822668631644291e+00,6.465305307788620226e+00,4.210482583899999440e+02,1.366920088111999974e+02,-9.086969879997369715e-02
8.429999999999999716e+00,3.339665552214166944e+00,9.795404682517297346e+00,6.455739130303130402e+00,4.215578565940000431e+02,1.366960479901999861e+02,-9.477061079999249404e-02
8.439999999999999503e+00,3.352591434599564213e+00,9.799466916315831000e+00,6.446875481716267231e+00,4.220608337599999800e+02,1.366757020972000021e+02,-8.958690479999710521e-02
8.449999999999999289e+00,3.344037269524428257e+00,9.783074539048856266e+00,6.439037269524428453e+00,4.225603609299999448e+02,1.366631545111999912e+02,-8.943151179999810074e-02
8.459999999999999076e+00,3.351950525284483451e+00,9.798901050568966653e+00,6.446950525284483646e+00,4.230599199500000509e+02,1.366675973721999924e+02,-1.003361267999639955e-01
8.470000000000000639e+00,3.361270208758758926e+00,9.810374464650363890e+00,6.449104255891605852e+00,4.235635862400000065e+02,1.366702750212000126e+02,-1.102335938000130050e-01
8.480000000000000426e+00,3.362089606764997907e+00,9.810266796335126216e+00,6.448177189570128753e+00,4.240702725780000151e+02,1.366551383801999862e+02,-1.080674608000029985e-01
8.490000000000000213e+00,3.334259604028629642e+00,9.783150383412511530e+00,6.448890779383881444e+00,4.245660322460000202e+02,1.366384010781999905e+02,-9.889806579998859648e-02
8.500000000000000000e+00,3.322160916148164667e+00,9.763321832296329106e+00,6.441160916148164439e+00,4.250606539519999956e+02,1.366415993841999921e+02,-9.879931679998829597e-02
8.509999999999999787e+00,3.317000000000000171e+00,9.749854550080485183e+00,6.432854550080485900e+00,4.255547628979999786e+02,1.366537794742000074e+02,-9.973237679996439786e-02
8.519999999999999574e+00,3.315798441539155483e+00,9.742253085281097569e+00,6.426454643741941197e+00,4.260533202140000526e+02,1.366582182562000014e+02,-9.563710280000249642e-02
8.529999999999999361e+00,3.289703957979868143e+00,9.726032190095594387e+00,6.436328232115726244e+00,4.265432902619999709e+02,1.366551695832000064e+02,-8.751729679996450573e-02
8.539999999999999147e+00,3.290908413238664121e+00,9.724799701825013187e+00,6.433891288586348622e+00,4.270286398359999680e+02,1.366628749621999930e+02,-7.943645979998320561e-02
8.550000000000000711e+00,3.308900105738755482e+00,9.726949890194369175e+00,6.418049784455615026e+00,4.275241205499999637e+02,1.366861193462000017e+02,-8.940830879997370417e-02
8.560000000000000497e+00,3.328242478917298630e+00,9.706863579585883528e+00,6.378621100668584454e+00,4.280393126759999518e+02,1.366974467592000053e+02,-1.053337677999929972e-01
8.570000000000000284e+00,3.323414349844334481e+00,9.730549775544830027e+00,6.407135425700493769e+00,4.285517314140000167e+02,1.366696233851999978e+02,-1.011215867999750023e-01
8.580000000000000071e+00,3.327954616243891550e+00,9.746344408317073160e+00,6.418389792073180722e+00,4.290463488600000233e+02,1.366378036211999927e+02,-8.989922080000779803e-02
8.589999999999999858e+00,3.343885370624090303e+00,9.747668777625545289e+00,6.403783407001456318e+00,4.295530672699999855e+02,1.366396538991999989e+02,-9.979308979999849949e-02
8.599999999999999645e+00,3.332903020768729352e+00,9.754258187538763281e+00,6.421355166770033485e+00,4.300601009659999932e+02,1.366535274802000117e+02,-1.137293338000069931e-01
8.609999999999999432e+00,3.323512905947942020e+00,9.743025811895883237e+00,6.419512905947941661e+00,4.305684983960000523e+02,1.366435072611999999e+02,-1.085808518000130063e-01
8.619999999999999218e+00,3.314484923488081325e+00,9.731999999999999318e+00,6.417515076511918437e+00,4.310738995940000109e+02,1.366333336852000002e+02,-9.843246279996430148e-02
8.630000000000000782e+00,3.305184344910922167e+00,9.731999999999999318e+00,6.426815655089077595e+00,4.315693491239999844e+02,1.366395770382000023e+02,-1.003442857999739951e-01
8.640000000000000568e+00,3.322741301528117752e+00,9.749741301528116466e+00,6.426999999999999602e+00,4.320706181259999425e+02,1.366491539611999997e+02,-1.032665817999609964e-01
8.650000000000000355e+00,3.325264787527979493e+00,9.752264787527979095e+00,6.426999999999999602e+00,4.325698021979999908e+02,1.366426142232000132e+02,-9.813242879996419976e-02
8.660000000000000142e+00,3.320558025885337994e+00,9.745870164509556233e+00,6.425312138624216907e+00,4.330541246560000559e+02,1.366332227642000134e+02,-9.299152079996940434e-02
8.669999999999999929e+00,3.328915326176857814e+00,9.745173722818595508e+00,6.416258396641737249e+00,4.335364249959999938e+02,1.366417096501999993e+02,-9.791420379996410017e-02
8.679999999999999716e+00,3.351666366345750880e+00,9.766754069837631391e+00,6.415087703491881399e+00,4.340333602899999619e+02,1.366570205611999995e+02,-1.088577457999879983e-01
8.689999999999999503e+00,3.372148212918714361e+00,9.790509372607749228e+00,6.418361159689036199e+00,4.345433588120000081e+02,1.366540499962000013e+02,-1.187338767999800010e-01
8.699999999999999289e+00,3.380418460003696168e+00,9.804982305006467058e+00,6.424563845002771778e+00,4.350532695960000069e+02,1.366350697121999929e+02,-1.225535047999990051e-01
8.709999999999999076e+00,3.389035185249403614e+00,9.806618091173030294e+00,6.417582905923628012e+00,4.355464337940000519e+02,1.366111622532000069e+02,-1.163594097999700039e-01
8.720000000000000639e+00,3.398038068802518019e+00,9.807000000000000384e+00,6.408961931197482365e+00,4.360441089520000446e+02,1.366135120202000053e+02,-1.222570267999990024e-01
8.730000000000000426e+00,3.404610690911034965e+00,9.805490962680654121e+00,6.400880271769619156e+00,4.365650617760000500e+02,1.366291995951999922e+02,-1.311965418000130001e-01
8.740000000000000213e+00,3.376455679939050825e+00,9.787708850487820911e+00,6.411253170548770974e+00,4.370781651980000220e+02,1.366244703232000006e+02,-1.220656538000000069e-01
8.750000000000000000e+00,3.356576261116299698e+00,9.763846735887629080e+00,6.407270474771328495e+00,4.375725266180000403e+02,1.366146787101999962e+02,-1.089210487999660026e-01
8.759999999999999787e+00,3.350557455129715034e+00,9.751557455129715279e+00,6.400999999999999801e+00,4.380669205539999780e+02,1.366218669602000091e+02,-1.098364337999979956e-01
8.769999999999999574e+00,3.367587395508596426e+00,9.768587395508594895e+00,6.400999999999999801e+00,4.385583200340000189e+02,1.366288736292000010e+02,-1.137518637999599957e-01
8.779999999999999361e+00,3.385583145802920857e+00,9.764030067510947930e+00,6.378446921708027517e+00,4.390584477020000236e+02,1.366233539781999866e+02,-1.186211648000140007e-01
8.789999999999999147e+00,3.379676703322432640e+00,9.759838651620736272e+00,6.380161948298304964e+00,4.395596875179999756e+02,1.366158981181999934e+02,-1.224833807999760049e-01
8.800000000000000711e+00,3.358031489967479910e+00,9.760142325317072931e+00,6.402110835349593465e+00,4.400392216160000203e+02,1.366202064231999884e+02,-1.313919627999899920e-01
8.810000000000000497e+00,3.367261779561387058e+00,9.779312926781342341e+00,6.412051147219955283e+00,4.405322776319999889e+02,1.366332890742000075e+02,-1.433285127999910091e-01
8.820000000000000284e+00,3.395860738248550170e+00,9.823273892607854663e+00,6.427413154359304492e+00,4.410409916799999905e+02,1.366352709902000129e+02,-1.482223697999859868e-01
8.830000000000000071e+00,3.407582954271844322e+00,9.852046454392231922e+00,6.444463500120388488e+00,4.415518431739999983e+02,1.366173566571999913e+02,-1.490455297999619955e-01
8.839999999999999858e+00,3.371316322827995204e+00,9.831737140783676665e+00,6.460420817955682793e+00,4.420557610499999441e+02,1.365980767151999942e+02,-1.408653557999799966e-01
8.849999999999999645e+00,3.377672033553841491e+00,9.840764406341254045e+00,6.463092372787412110e+00,4.425570549780000533e+02,1.365896683512000038e+02,-1.317241147999660134e-01
8.859999999999999432e+00,3.397390086411025578e+00,9.850043103511085363e+00,6.452653017100059785e+00,4.430576097080000295e+02,1.365942105471999923e+02,-1.306287807999899908e-01
8.869999999999999218e+00,3.411903634906686911e+00,9.850967414244196974e+00,6.439063779337511839e+00,4.435690318899999625e+02,1.366013870522000104e+02,-1.265403037999709990e-01
8.880000000000000782e+00,3.375036699252629280e+00,9.823497932776469099e+00,6.448461233523840264e+00,4.440696420639999928e+02,1.366049555762000125e+02,-1.184414767999899948e-01
8.890000000000000568e+00,3.376672367913648110e+00,9.826672367913648287e+00,6.450000000000000178e+00,4.445603268279999725e+02,1.366069345742000110e+02,-1.163392887999789987e-01
8.900000000000000355e+00,3.386012573544560755e+00,9.843420401626826077e+00,6.457407828082265766e+00,4.450578873239999780e+02,1.366112916611999992e+02,-1.192439937999650035e-01
8.910000000000000142e+00,3.394175371342385006e+00,9.868240473604828367e+00,6.474065102262443361e+00,4.455516832039999713e+02,1.366114131681999879e+02,-1.261346187999710100e-01
8.919999999999999929e+00,3.366967110664513818e+00,9.843180233506789278e+00,6.476213122842275460e+00,4.460475328299999660e+02,1.366106503052000107e+02,-1.330216667999760127e-01
8.929999999999999716e+00,3.362407983329133820e+00,9.845717297213122166e+00,6.483309313883989233e+00,4.465412708240000370e+02,1.366117842922000136e+02,-1.359158507999619903e-01
8.939999999999999503e+00,3.379580576136205217e+00,9.868397282647780600e+00,6.488816706511576271e+00,4.470380023859999596e+02,1.366131139722000114e+02,-1.318100137999989874e-01
8.949999999999999289e+00,3.425771242519052073e+00,9.905056541681787508e+00,6.479285299162735434e+00,4.475457483560000469e+02,1.366320540321999886e+02,-1.407639418000130038e-01
8.959999999999999076e+00,3.415877517543926434e+00,9.893232618245683341e+00,6.477355100701757351e+00,4.480620504100000403e+02,1.366414805162000050e+02,-1.456823758000090063e-01
8.970000000000000639e+00,3.411413214632780910e+00,9.888413214632780779e+00,6.477000000000000313e+00,4.485640272039999559e+02,1.366211093761999962e+02,-1.314987447999990122e-01
8.980000000000000426e+00,3.420140826659403999e+00,9.895912244103122646e+00,6.475771417443718647e+00,4.490638366999999675e+02,1.366036122861999900e+02,-1.193257487999990069e-01
8.990000000000000213e+00,3.429564023339861212e+00,9.895187382820010313e+00,6.465623359480149546e+00,4.495658181980000450e+02,1.366182521602000008e+02,-1.182657227999650007e-01
9.000000000000000000e+00,3.398376212773551064e+00,9.869256787904749473e+00,6.470880575131198853e+00,4.500594154940000067e+02,1.366393963941999914e+02,-1.252305617999699971e-01
9.009999999999999787e+00,3.368244916112981269e+00,9.843061006644225230e+00,6.474816090531243518e+00,4.505577149659999918e+02,1.366308064492000085e+02,-1.190893657999990002e-01
9.019999999999999574e+00,3.368961451835037479e+00,9.834462577979554254e+00,6.465501126144516775e+00,4.510539308399999641e+02,1.366060786751999956e+02,-1.108916847999610045e-01
9.029999999999999361e+00,3.402456900154661401e+00,9.866787762151567165e+00,6.464330861996907096e+00,4.515440182140000047e+02,1.366009803462000036e+02,-1.177647187999650014e-01
9.039999999999999147e+00,3.429166553504717108e+00,9.883376539018692952e+00,6.454209985513976733e+00,4.520339081139999848e+02,1.366168871042000035e+02,-1.297119367999660100e-01
9.050000000000000711e+00,3.441498319050534604e+00,9.881749159525266890e+00,6.440250840474732286e+00,4.525280179480000129e+02,1.366290530821999880e+02,-1.346449727999619872e-01
9.060000000000000497e+00,3.405350085118535652e+00,9.863675042559268746e+00,6.458324957440732206e+00,4.530286860079999656e+02,1.366316091262000043e+02,-1.305425867999999989e-01
9.070000000000000284e+00,3.409199223616831365e+00,9.884848479582961644e+00,6.475649255966129836e+00,4.535390525959999763e+02,1.366397305282000048e+02,-1.254576718000040003e-01
9.080000000000000071e+00,3.426622585076482430e+00,9.909311292538241389e+00,6.482688707461758959e+00,4.540418042540000556e+02,1.366584244011999942e+02,-1.234117707999950048e-01
9.089999999999999858e+00,3.443988637641731021e+00,9.917994318820865018e+00,6.474005681179134442e+00,4.545429022620000410e+02,1.366709964281999987e+02,-1.263446717999809898e-01
9.099999999999999645e+00,3.408230704547220657e+00,9.872740891467911339e+00,6.464510186920691126e+00,4.550487603319999721e+02,1.366528217961999871e+02,-1.201679788000089982e-01
9.109999999999999432e+00,3.388651881752853257e+00,9.860987807194186772e+00,6.472335925441333515e+00,4.555497654540000099e+02,1.366143801462000056e+02,-1.019207837999799998e-01
9.119999999999999218e+00,3.380999999999999783e+00,9.863242793461376223e+00,6.482242793461374220e+00,4.560521737500000086e+02,1.366040002931999879e+02,-1.017723977999790003e-01
9.130000000000000782e+00,3.380999999999999783e+00,9.847933211344567894e+00,6.466933211344566779e+00,4.565570405919999644e+02,1.366207408681999880e+02,-1.197192648000089954e-01
9.140000000000000568e+00,3.373617400333758898e+00,9.831234800667516538e+00,6.457617400333758972e+00,4.570468427540000107e+02,1.366206379072000061e+02,-1.256099797999800094e-01
9.150000000000000355e+00,3.381864865633920747e+00,9.833510669251401382e+00,6.451645803617481967e+00,4.575477655080000545e+02,1.366011869682000111e+02,-1.174298687999990043e-01
9.160000000000000142e+00,3.407767570948629476e+00,9.856826614867754799e+00,6.449059043919125322e+00,4.580467231419999621e+02,1.365986160061999897e+02,-1.193098138000090042e-01
9.169999999999999929e+00,3.417035540158973816e+00,9.866807504786587302e+00,6.449771964627613485e+00,4.585404355439999904e+02,1.366177458642000033e+02,-1.312675528000090130e-01
9.179999999999999716e+00,3.419999999999999929e+00,9.863693305735617756e+00,6.443693305735617827e+00,4.590343176079999807e+02,1.366339017861999992e+02,-1.372147227999810093e-01
9.189999999999999503e+00,3.430158136609472663e+00,9.859487706924769057e+00,6.429329570315296394e+00,4.595344412799999532e+02,1.366284456392000095e+02,-1.240841318000039939e-01
9.199999999999999289e+00,3.465666067125888095e+00,9.868183526643074188e+00,6.402517459517186538e+00,4.600362775980000265e+02,1.366280812182000091e+02,-1.149711497999890003e-01
9.209999999999999076e+00,3.477571886964752501e+00,9.884825022088774560e+00,6.407253135124021171e+00,4.605400278520000370e+02,1.366468285621999996e+02,-1.139252218000129935e-01
9.220000000000000639e+00,3.467572632113921749e+00,9.878952299689871097e+00,6.411379667575949348e+00,4.610388447879999489e+02,1.366642678471999943e+02,-1.198758217999850023e-01
9.230000000000000426e+00,3.442686140013112350e+00,9.853473346179061565e+00,6.410787206165950103e+00,4.615384282900000130e+02,1.366507324771999947e+02,-1.167169117999980049e-01
9.240000000000000213e+00,3.433227166528735719e+00,9.835283012555260385e+00,6.402055846026525998e+00,4.620423156480000557e+02,1.366144409201999963e+02,-1.034766937999660047e-01
9.250000000000000000e+00,3.431000000000000050e+00,9.838077114862967321e+00,6.407077114862969047e+00,4.625379624300000501e+02,1.365996827141999859e+02,-9.931433880000330172e-02
9.259999999999999787e+00,3.434844609242062585e+00,9.833564632057258947e+00,6.398720022815196806e+00,4.630436559860000330e+02,1.366194859761999965e+02,-1.142718077999899939e-01
9.269999999999999574e+00,3.445300077291203245e+00,9.806475122377737108e+00,6.361175045086534752e+00,4.635546827339999822e+02,1.366335946092000029e+02,-1.262079797999899888e-01
9.279999999999999361e+00,3.462307860698103479e+00,9.833404112771997774e+00,6.371096252073893851e+00,4.640467911159999517e+02,1.366106355752000070e+02,-1.180174528000079992e-01
9.289999999999999147e+00,3.479980692545895149e+00,9.855419920247729948e+00,6.375439227701836131e+00,4.645454334640000411e+02,1.365960413102000075e+02,-1.158550227999989995e-01
9.300000000000000711e+00,3.494162387958871019e+00,9.867888956534676126e+00,6.373726568575806439e+00,4.650473038519999704e+02,1.366126320561999989e+02,-1.278019887999989890e-01
9.310000000000000497e+00,3.494868097842535271e+00,9.858714728047043963e+00,6.363846630204509580e+00,4.655360226079999961e+02,1.366315051432000018e+02,-1.317598807999610100e-01
9.320000000000000284e+00,3.501932117372148046e+00,9.863354440924469557e+00,6.361422323552321068e+00,4.660274205339999867e+02,1.366385365081999907e+02,-1.286753527999749958e-01
9.330000000000000071e+00,3.510625965614580402e+00,9.875251931229161784e+00,6.364625965614580494e+00,4.665291430780000042e+02,1.366401652952000063e+02,-1.205694347999950039e-01
9.339999999999999858e+00,3.518452303910613033e+00,9.891977179329607850e+00,6.373524875418996594e+00,4.670282129320000308e+02,1.366356258211999943e+02,-1.144423577999650055e-01
9.349999999999999645e+00,3.500958763912342508e+00,9.891248281829680522e+00,6.390289517917338458e+00,4.675329895939999574e+02,1.366363954852000120e+02,-1.153327877999990037e-01
9.359999999999999432e+00,3.488081653092652168e+00,9.885564156001370506e+00,6.397482502908717450e+00,4.680471512739999866e+02,1.366306789802000026e+02,-1.191982657999619971e-01
9.369999999999999218e+00,3.478201629973322273e+00,9.874170062444422413e+00,6.395968432471098808e+00,4.685589448100000141e+02,1.366138094302000070e+02,-1.230249217999799943e-01
9.380000000000000782e+00,3.469346655382154587e+00,9.855722198712822291e+00,6.386375543330667703e+00,4.690699659659999838e+02,1.365929211611999960e+02,-1.178375127999850003e-01
9.390000000000000568e+00,3.451309258554422055e+00,9.846508444106122582e+00,6.395199185551700083e+00,4.695800197100000446e+02,1.365889804521999906e+02,-1.197101567999939997e-01
9.400000000000000355e+00,3.454764006668174847e+00,9.849027843734177168e+00,6.394263837066002765e+00,4.700806641759999707e+02,1.366095006152000053e+02,-1.336712718000039879e-01
9.410000000000000142e+00,3.476428717594456597e+00,9.864137395335850655e+00,6.387708677741393615e+00,4.705758863799999858e+02,1.366197268562000033e+02,-1.385972168000000060e-01
9.419999999999999929e+00,3.512398587436388997e+00,9.898696682046727702e+00,6.386298094610337373e+00,4.710643154420000087e+02,1.366085807691999889e+02,-1.294491787999839938e-01
9.429999999999999716e+00,3.506172030959756825e+00,9.898809456099074922e+00,6.392637425139316321e+00,4.715516323559999705e+02,1.365993708912000102e+02,-1.213082258000039992e-01
9.439999999999999503e+00,3.495000000000000107e+00,9.889666870597087822e+00,6.394666870597085939e+00,4.720548406639999826e+02,1.366100672361999955e+02,-1.222340267999799945e-01
9.449999999999999289e+00,3.495000000000000107e+00,9.881162916787424422e+00,6.386162916787423427e+00,4.725469526400000291e+02,1.366221368562000009e+02,-1.221671347999799956e-01
9.459999999999999076e+00,3.521859901645402857e+00,9.896550469373654124e+00,6.374690567728251267e+00,4.730474503720000143e+02,1.366276774202000013e+02,-1.210753358000039998e-01
9.470000000000000639e+00,3.515382797744985410e+00,9.891989248590617123e+00,6.376606450845629936e+00,4.735571053519999509e+02,1.366307217591999859e+02,-1.239727187999890012e-01
9.480000000000000426e+00,3.489077078551400923e+00,9.869827246982085356e+00,6.380750168430684433e+00,4.740590572199999428e+02,1.366283359061999931e+02,-1.218526247999800055e-01
9.490000000000000213e+00,3.471768304106022107e+00,9.833767300220879193e+00,6.361998996114857086e+00,4.745585024659999931e+02,1.366347719752000103e+02,-1.337643037999809992e-01
9.500000000000000000e+00,3.477088668310611919e+00,9.844799541875886462e+00,6.367710873565274099e+00,4.750692720359999726e+02,1.366358412971999883e+02,-1.466545358000150012e-01
9.509999999999999787e+00,3.486480759374084748e+00,9.850174566827908151e+00,6.363693807453824292e+00,4.755695965120000324e+02,1.366093271432000051e+02,-1.434496707999710075e-01
9.519999999999999574e+00,3.495828899267597212e+00,9.842036124084495796e+00,6.346207224816899028e+00,4.760712593520000269e+02,1.365769115322000005e+02,-1.312236287999699880e-01
9.529999999999999361e+00,3.504628552555277388e+00,9.853035690694095905e+00,6.348407138138819406e+00,4.765790879120000341e+02,1.365768573532000119e+02,-1.311104667999699880e-01
9.539999999999999147e+00,3.520098725968158426e+00,9.867526878851979433e+00,6.347428152883821006e+00,4.770787898919999748e+02,1.365963397891999875e+02,-1.400680977999859966e-01
9.550000000000000711e+00,3.531767668054553777e+00,9.881020315290804490e+00,6.349252647236250269e+00,4.775693597720000412e+02,1.366003296352000120e+02,-1.339730038000130075e-01
9.560000000000000497e+00,3.531055662379985804e+00,9.890276389060186801e+00,6.359220726680201885e+00,4.780624384939999914e+02,1.365954622792000066e+02,-1.238460767999659956e-01
9.570000000000000284e+00,3.507453066845332756e+00,9.857641844697553779e+00,6.350188777852221911e+00,4.785539508600000431e+02,1.366004898522000133e+02,-1.227544667999889982e-01
9.580000000000000071e+00,3.504188610114781444e+00,9.858760078984344588e+00,6.354571468869563589e+00,4.790586442660000444e+02,1.366202643391999914e+02,-1.297120047999940073e-01
9.589999999999999858e+00,3.523354874587861119e+00,9.889229203925676615e+00,6.365874329337816384e+00,4.795653916399999730e+02,1.366391509281999959e+02,-1.376659597999760065e-01
9.599999999999999645e+00,3.551114054096518480e+00,9.890690213373501294e+00,6.339576159276981926e+00,4.800712813380000057e+02,1.366379702712000039e+02,-1.415492807999949865e-01
9.609999999999999432e+00,3.535263015107241724e+00,9.877843403880699924e+00,6.342580388773456868e+00,4.805746880080000096e+02,1.366276474171999951e+02,-1.414008737999959964e-01
9.619999999999999218e+00,3.515182573187924042e+00,9.864476221404236966e+00,6.349293648216313812e+00,4.810749851160000503e+02,1.366191573581999990e+02,-1.392596117999850003e-01
9.630000000000000782e+00,3.506104251495493429e+00,9.856268075274126517e+00,6.350163823778632199e+00,4.815706633039999929e+02,1.366213966551999874e+02,-1.441572767999809990e-01
9.640000000000000568e+00,3.516344716477698640e+00,9.882600699514082265e+00,6.366255983036383626e+00,4.820786074140000323e+02,1.366193210442000066e+02,-1.510370027999859976e-01
9.650000000000000355e+00,3.501359683299595904e+00,9.880051079038203454e+00,6.378691395738606218e+00,4.825909106019999513e+02,1.365935191021999913e+02,-1.398319337999630041e-01
9.660000000000000142e+00,3.483358626068606245e+00,9.873879326033435433e+00,6.390520699964829632e+00,4.830885527999999454e+02,1.365788960621999877e+02,-1.296695727999709891e-01
9.669999999999999929e+00,3.492123228555136016e+00,9.899442749952479303e+00,6.407319521397344175e+00,4.835943585760000474e+02,1.365967308122000077e+02,-1.366200197999770105e-01
9.679999999999999716e+00,3.500772477180723374e+00,9.909772477180723627e+00,6.408999999999999808e+00,4.840949449340000115e+02,1.366182669831999874e+02,-1.455846997999910020e-01
9.689999999999999503e+00,3.500696323855620129e+00,9.913282720642603962e+00,6.412586396786982945e+00,4.845910196660000224e+02,1.366135565122000060e+02,-1.394576857999630104e-01
9.699999999999999289e+00,3.491039810848379776e+00,9.910980701641157964e+00,6.419940890792777743e+00,4.850949106180000285e+02,1.366122936092000089e+02,-1.343411027999660001e-01
9.709999999999999076e+00,3.473117781077304844e+00,9.901661246160198715e+00,6.428543465082893427e+00,4.855927296240000146e+02,1.366296688392000078e+02,-1.422917118000049941e-01
9.720000000000000639e+00,3.486789008515472688e+00,9.913218709146843111e+00,6.426429700631371311e+00,4.860865555779999454e+02,1.366468090172000132e+02,-1.522423927999959903e-01
9.730000000000000426e+00,3.505227976964574665e+00,9.924264276425100562e+00,6.419036299460526784e+00,4.865852854420000426e+02,1.366482279992000031e+02,-1.551364717999809961e-01
9.740000000000000213e+00,3.505949128946694415e+00,9.915610452639663563e+00,6.409661323692969148e+00,4.870846981719999462e+02,1.366376842052000029e+02,-1.529881607999709903e-01
9.750000000000000000e+00,3.505999999999999783e+00,9.906236530791806771e+00,6.400236530791807432e+00,4.875867647020000391e+02,1.366332910321999918e+02,-1.538609788000049883e-01
9.759999999999999787e+00,3.515888891522369164e+00,9.901999999999999247e+00,6.386111108477630971e+00,4.880863787220000063e+02,1.366367672771999935e+02,-1.557621127999569977e-01
9.769999999999999574e+00,3.537057244441183190e+00,9.906275701958481505e+00,6.369218457517299647e+00,4.885872193299999822e+02,1.366363035212000057e+02,-1.586490798000000091e-01
9.779999999999999361e+00,3.573953726509907280e+00,9.932320277536405229e+00,6.358366551026497504e+00,4.890882307100000048e+02,1.366328481891999900e+02,-1.605254478000109897e-01
9.789999999999999147e+00,3.574506296032446517e+00,9.937423561233265090e+00,6.362917265200819017e+00,4.895966855820000205e+02,1.366218225462000078e+02,-1.573734187999679957e-01
9.800000000000000711e+00,3.579838593867755936e+00,9.944909244173768315e+00,6.365070650306011935e+00,4.900928740879999737e+02,1.366151188672000103e+02,-1.502393407999620123e-01
9.810000000000000497e+00,3.605999999999999872e+00,9.963987063396642085e+00,6.357987063396640437e+00,4.905914901780000150e+02,1.366185310571999878e+02,-1.541404837999819921e-01
9.820000000000000284e+00,3.605999999999999872e+00,9.963266441879472524e+00,6.357266441879473540e+00,4.910905355499999700e+02,1.366319698142000050e+02,-1.620769317999619930e-01
9.830000000000000071e+00,3.589548451150971431e+00,9.940768177231042557e+00,6.351219726080071126e+00,4.915838180039999656e+02,1.366410836892000020e+02,-1.669993837999589892e-01
9.839999999999999858e+00,3.566622492960399793e+00,9.910622492960399654e+00,6.344000000000000306e+00,4.920884806700000240e+02,1.366438500891999865e+02,-1.678968837999909869e-01
9.849999999999999645e+00,3.556540263533294777e+00,9.900540263533294194e+00,6.344000000000000306e+00,4.925931431140000427e+02,1.366466200172000072e+02,-1.677943897999910061e-01
9.859999999999999432e+00,3.570567306888669634e+00,9.923548445478285629e+00,6.352981138589616883e+00,4.930898183439999798e+02,1.366489374811999937e+02,-1.666920697999589862e-01
9.869999999999999218e+00,3.576882284941165668e+00,9.935248790316729028e+00,6.358366505375563804e+00,4.935929709860000116e+02,1.366606110262000016e+02,-1.736213697999630101e-01
9.880000000000000782e+00,3.566989311081867786e+00,9.923947199043611889e+00,6.356957887961744547e+00,4.941010275379999825e+02,1.366565633751999940e+02,-1.734940677999629866e-01
9.890000000000000568e+00,3.549826720439864136e+00,9.906069500458192678e+00,6.356242780018327210e+00,4.945978419119999785e+02,1.366388952881999899e+02,-1.613211347999629897e-01
9.900000000000000355e+00,3.574175239121653025e+00,9.923848172854210503e+00,6.349672933732556146e+00,4.951035590619999880e+02,1.366407344312000021e+02,-1.582151027999769977e-01
9.910000000000000142e+00,3.608985749545331245e+00,9.951985749545331217e+00,6.342999999999999972e+00,4.956185220860000413e+02,1.366560729562000063e+02,-1.691547318000010125e-01
9.919999999999999929e+00,3.618424252050456591e+00,9.961424252050456118e+00,6.342999999999999972e+00,4.961227002479999442e+02,1.366497829331999867e+02,-1.740204137999969980e-01
9.930000000000001492e+00,3.601567375480279942e+00,9.945237861038730642e+00,6.343670485558450700e+00,4.966233079379999822e+02,1.366183051632000058e+02,-1.627979217999729888e-01
9.939999999999999503e+00,3.602452473383352505e+00,9.941159088288674894e+00,6.338706614905322390e+00,4.971169007520000491e+02,1.366044348551999974e+02,-1.576391497999780067e-01
9.950000000000001066e+00,3.618169265752394281e+00,9.946984405485633118e+00,6.328815139733238837e+00,4.976077315839999642e+02,1.366214040362000048e+02,-1.675898937999669991e-01
9.959999999999999076e+00,3.619610995792939878e+00,9.938334025242360426e+00,6.318723029449420991e+00,4.981083170539999969e+02,1.366429543191999869e+02,-1.725545977999639879e-01
9.970000000000000639e+00,3.592424287704182984e+00,9.910545496342322735e+00,6.318121208638140196e+00,4.986116380259999801e+02,1.366516750961999946e+02,-1.674733647999689934e-01
9.979999999999998650e+00,3.568000000000000060e+00,9.887999999999999901e+00,6.320000000000000284e+00,4.991020941319999906e+02,1.366576581502000067e+02,-1.623853347999719976e-01
9.990000000000000213e+00,3.568000000000000060e+00,9.887999999999999901e+00,6.320000000000000284e+00,4.995991997540000398e+02,1.366699845411999945e+02,-1.703182898000110135e-01
9.999999999999998224e+00,3.568683865469764349e+00,9.895522520167407521e+00,6.326838654697643172e+00,5.001039189740000097e+02,1.366717596292000110e+02,-1.692122667999780006e-01
1.000999999999999979e+01,3.568582500869147633e+00,9.893990010429771331e+00,6.325407509560624142e+00,5.006119755259999806e+02,1.366677119782000034e+02,-1.690849647999770056e-01
1.002000000000000135e+01,3.568000000000000060e+00,9.886843675132780618e+00,6.318843675132779225e+00,5.011236276980000071e+02,1.366708632591999901e+02,-1.739822937999729868e-01
1.002999999999999936e+01,3.568000000000000060e+00,9.886133848971162763e+00,6.318133848971163147e+00,5.016151970620000498e+02,1.366748924642000134e+02,-1.728871487999970036e-01
1.004000000000000092e+01,3.574206171171600221e+00,9.885435802620763823e+00,6.311229631449163158e+00,5.020986086620000037e+02,1.366814572531999943e+02,-1.728027707999960083e-01
1.004999999999999893e+01,3.571908321682070397e+00,9.869930183574398441e+00,6.298021861892329376e+00,5.026050416380000456e+02,1.366883064271999899e+02,-1.807143267999780090e-01
1.006000000000000050e+01,3.555655979938306288e+00,9.834997089506225976e+00,6.279341109567918799e+00,5.031111029959999428e+02,1.366841200821999962e+02,-1.875870247999829876e-01
1.006999999999999851e+01,3.573525077134511729e+00,9.862158117244456790e+00,6.288633040109945505e+00,5.036060918380000544e+02,1.366633393651999882e+02,-1.764035227999589950e-01
1.008000000000000007e+01,3.585432158320820850e+00,9.877884838180888138e+00,6.292452679860068621e+00,5.040989427899999669e+02,1.366624619531999940e+02,-1.672907298000010090e-01
1.009000000000000163e+01,3.585392791855874783e+00,9.878571365048959052e+00,6.293178573193084269e+00,5.046016390039999919e+02,1.366821294981999984e+02,-1.722483217999969951e-01
1.009999999999999964e+01,3.558739002754186753e+00,9.852637948625694975e+00,6.293898945871507777e+00,5.051005120499999634e+02,1.366985845272000120e+02,-1.741954108000060009e-01
1.011000000000000121e+01,3.547700669264202578e+00,9.841092391702886744e+00,6.293391722438683722e+00,5.055917389819999812e+02,1.367086109962000080e+02,-1.711214877999630013e-01
1.011999999999999922e+01,3.562698349902531980e+00,9.859137744329958153e+00,6.296439394427426173e+00,5.060801417859999560e+02,1.367154713641999990e+02,-1.680370227999780086e-01
1.013000000000000078e+01,3.605995547335564488e+00,9.909942115362342818e+00,6.303946568026777442e+00,5.065605584860000477e+02,1.367218616282000028e+02,-1.689527018000100134e-01
1.013999999999999879e+01,3.605278074483229123e+00,9.900614968281978179e+00,6.295336893798748612e+00,5.070633383999999637e+02,1.367225172942000029e+02,-1.698431737999870073e-01
1.015000000000000036e+01,3.593388284811477540e+00,9.880922240508200005e+00,6.287533955696721577e+00,5.075711680700000556e+02,1.367224454752000042e+02,-1.747299817999830029e-01
1.015999999999999837e+01,3.589537036472962850e+00,9.866686654604457374e+00,6.277149618131493192e+00,5.080761745000000360e+02,1.367191934431999982e+02,-1.836062237999969982e-01
1.016999999999999993e+01,3.635014677503242808e+00,9.891230143414448506e+00,6.256215465911205698e+00,5.085820339019999778e+02,1.367009976431999974e+02,-1.834294947999970116e-01
1.018000000000000149e+01,3.658156822947038034e+00,9.909913990412650975e+00,6.251757167465612497e+00,5.090914564080000559e+02,1.366730209122000019e+02,-1.742174067999829878e-01
1.018999999999999950e+01,3.648996129671687960e+00,9.900741379488485094e+00,6.251745249816797134e+00,5.096132332399999427e+02,1.366567284081999958e+02,-1.760438647999920114e-01
1.020000000000000107e+01,3.623007731003915488e+00,9.875654335062508338e+00,6.252646604058593738e+00,5.101314463020000289e+02,1.366502274192000073e+02,-1.839056997999730103e-01
1.020999999999999908e+01,3.659293495388941331e+00,9.909805642719001995e+00,6.250512147330062440e+00,5.106300305420000427e+02,1.366366491622000012e+02,-1.767468347999680001e-01
1.022000000000000064e+01,3.674412049020597149e+00,9.920137349673531446e+00,6.245725300652935630e+00,5.111241071940000325e+02,1.366318458611999915e+02,-1.646198987999679952e-01
1.022999999999999865e+01,3.670526312526637192e+00,9.918671407103953896e+00,6.248145094577316705e+00,5.116298550839999848e+02,1.366506930911999973e+02,-1.675739048000099984e-01
1.024000000000000021e+01,3.644625851133477035e+00,9.909571244992843475e+00,6.264945393859366440e+00,5.121203993720000653e+02,1.366726788082000041e+02,-1.705423657999959874e-01
1.024999999999999822e+01,3.642999999999999794e+00,9.925141558118701468e+00,6.282141558118702562e+00,5.125997600339999281e+02,1.366800210252000056e+02,-1.684616187999870007e-01
1.025999999999999979e+01,3.656208843144228560e+00,9.951492792272086163e+00,6.295283949127858492e+00,5.130938389059999736e+02,1.366751824442000043e+02,-1.663346227999779881e-01
1.027000000000000135e+01,3.678094280627020041e+00,9.981094280627020865e+00,6.302999999999999936e+00,5.135912551100000201e+02,1.366645211242000073e+02,-1.651863478000009933e-01
1.027999999999999936e+01,3.659215174794414605e+00,9.962215174794415873e+00,6.302999999999999936e+00,5.140954893820000962e+02,1.366572468452000066e+02,-1.660485187999770074e-01
1.029000000000000092e+01,3.660778494067182365e+00,9.950742928553371058e+00,6.289964434486186917e+00,5.145958753380000417e+02,1.366647488652000106e+02,-1.749637297999920016e-01
1.029999999999999893e+01,3.663485535126871362e+00,9.950388846138796595e+00,6.286903311011925233e+00,5.150895561120000821e+02,1.366668847482000047e+02,-1.768614548000020104e-01
1.031000000000000050e+01,3.652665805475793004e+00,9.966979098270451587e+00,6.314313292794658139e+00,5.155890819500000362e+02,1.366543583302000116e+02,-1.707060977999730056e-01
1.031999999999999851e+01,3.661814352216372637e+00,9.967298974841687809e+00,6.305484622625314728e+00,5.161052953779999370e+02,1.366477892071999918e+02,-1.655680527999769946e-01
1.033000000000000007e+01,3.671318265967683736e+00,9.978079720766007910e+00,6.306761454798324174e+00,5.166192591399999401e+02,1.366630848451999896e+02,-1.725077267999819974e-01
1.034000000000000163e+01,3.678169249658992168e+00,9.994200245566901231e+00,6.316030995907907730e+00,5.171220713479999631e+02,1.366807239021999862e+02,-1.864581947999920108e-01
1.034999999999999964e+01,3.678890729258720071e+00,1.000357948036336531e+01,6.324688751104643458e+00,5.176217109599999731e+02,1.366662042762000056e+02,-1.792957737999870127e-01
1.036000000000000121e+01,3.663996588473392713e+00,9.991796997856585705e+00,6.327800409383192104e+00,5.181129901859999336e+02,1.366402213631999984e+02,-1.630947107999680123e-01
1.036999999999999922e+01,3.638052832084777588e+00,9.974707472684084308e+00,6.336654640599306276e+00,5.186107788960000562e+02,1.366405814501999885e+02,-1.669852697999870128e-01
1.038000000000000078e+01,3.604898142892879243e+00,9.957898142892879889e+00,6.352999999999999758e+00,5.191073724240000047e+02,1.366618790411999953e+02,-1.789500157999870111e-01
1.038999999999999879e+01,3.622018045782829709e+00,9.975018045782828580e+00,6.352999999999999758e+00,5.195829108059999726e+02,1.366659946302000037e+02,-1.778587418000119880e-01
1.040000000000000036e+01,3.623022537454803071e+00,9.976022537454802830e+00,6.352999999999999758e+00,5.200760478580000381e+02,1.366601077381999971e+02,-1.737282437999919937e-01
1.040999999999999837e+01,3.611108345668949227e+00,9.965820673574611988e+00,6.354712327905661873e+00,5.205857607240000107e+02,1.366621395971999959e+02,-1.806220677999970103e-01
1.041999999999999993e+01,3.593207876275684498e+00,9.955796410714384592e+00,6.362588534438698318e+00,5.210832078900000397e+02,1.366684828362000133e+02,-1.865338247999689947e-01
1.043000000000000149e+01,3.611956651467558732e+00,9.982312524260800402e+00,6.370355872793240337e+00,5.215724966259999746e+02,1.366773722432000113e+02,-1.904563667999870091e-01
1.043999999999999950e+01,3.646479360719879104e+00,1.002535406538695106e+01,6.378874704667071072e+00,5.220712830439999834e+02,1.366777999132000048e+02,-1.913469227999639866e-01
1.045000000000000107e+01,3.688639272836895522e+00,1.007742937247998860e+01,6.388790099643093079e+00,5.225726357460000600e+02,1.366683649571999979e+02,-1.902020987999880064e-01
1.045999999999999908e+01,3.642896746961216792e+00,1.005824702291922002e+01,6.415350275958003223e+00,5.230849692300000697e+02,1.366595781581999915e+02,-1.830570797999830079e-01
1.047000000000000064e+01,3.634886227212859477e+00,1.004806501302122257e+01,6.413178785808363536e+00,5.235965060739999899e+02,1.366647473431999913e+02,-1.819615148000069960e-01
1.047999999999999865e+01,3.647216512225388119e+00,1.005082159291012367e+01,6.403605080684735107e+00,5.240931815260000803e+02,1.366670612791999986e+02,-1.818591888000060108e-01
1.049000000000000021e+01,3.665608240787850747e+00,1.007487231487641921e+01,6.409264074088569352e+00,5.245888846400000602e+02,1.366513152891999994e+02,-1.746933168000009973e-01
1.049999999999999822e+01,3.643154515635479651e+00,1.005570277044209604e+01,6.412548254806617720e+00,5.250957404180001049e+02,1.366332082401999912e+02,-1.655166207999869965e-01
1.050999999999999979e+01,3.615402820422198182e+00,1.002940282042219700e+01,6.413999999999999702e+00,5.256030829199999062e+02,1.366241223341999955e+02,-1.623716828000009993e-01
1.052000000000000135e+01,3.597399296723926110e+00,1.001139929672392626e+01,6.413999999999999702e+00,5.261030140020000090e+02,1.366395936581999990e+02,-1.763151438000110094e-01
1.052999999999999936e+01,3.641846109877700410e+00,1.005584610987770056e+01,6.413999999999999702e+00,5.266010623320000832e+02,1.366529542481999897e+02,-1.902515767999649887e-01
1.054000000000000092e+01,3.647339615476821617e+00,1.005929026639276636e+01,6.411950650915945182e+00,5.270930315699999937e+02,1.366499807652000129e+02,-1.931316628000080138e-01
1.054999999999999893e+01,3.638046378341162956e+00,1.004009432002890989e+01,6.402047941687746047e+00,5.275894500659999267e+02,1.366392518622000125e+02,-1.949833907999599936e-01
1.056000000000000050e+01,3.628709879391311510e+00,1.000562109313714920e+01,6.376911213745838580e+00,5.280881794859999445e+02,1.366406779001999894e+02,-1.958774817999930085e-01
1.056999999999999851e+01,3.644918736983805196e+00,1.002772738482248549e+01,6.382808647838679406e+00,5.285781811619999644e+02,1.366546232022000140e+02,-1.978176898000020001e-01
1.058000000000000007e+01,3.662897299224625147e+00,1.005471666963796373e+01,6.391819370413339030e+00,5.290783943480000744e+02,1.366651485502000014e+02,-1.987435537999779900e-01
1.059000000000000163e+01,3.672533724090486285e+00,1.007275237512686594e+01,6.400218651036380990e+00,5.295914982140000120e+02,1.366604122221999944e+02,-1.916126537999739976e-01
1.059999999999999964e+01,3.636842205223752345e+00,1.003848851701480172e+01,6.401646311791050259e+00,5.300871986639999704e+02,1.366447085682000022e+02,-1.724468537999679918e-01
1.061000000000000121e+01,3.648621443529120878e+00,1.004374762901941232e+01,6.395126185490293658e+00,5.305805363399999806e+02,1.366528522991999921e+02,-1.693658187999819986e-01
1.061999999999999922e+01,3.676241252888173161e+00,1.006174456260616168e+01,6.385503309717988962e+00,5.310842892579998988e+02,1.366715573072000041e+02,-1.803198188000069979e-01
1.063000000000000078e+01,3.703101505320247178e+00,1.007844147628015463e+01,6.375339970959906566e+00,5.315886379700000361e+02,1.366622792361999927e+02,-1.831749077999929864e-01
1.063999999999999879e+01,3.667558471386719976e+00,1.004470209071691400e+01,6.377143619330192692e+00,5.321003424359998917e+02,1.366294211352000048e+02,-1.749450968000119955e-01
1.065000000000000036e+01,3.659126689595221471e+00,1.003012475862925434e+01,6.370998069034032874e+00,5.326019235740000113e+02,1.366159856511999919e+02,-1.757861207999870112e-01
1.065999999999999837e+01,3.670145803679392138e+00,1.003201997153221647e+01,6.361874167852824336e+00,5.330798336519999339e+02,1.366311978372000056e+02,-1.907335727999739938e-01
1.066999999999999993e+01,3.687818311510906444e+00,1.004898557905046985e+01,6.361167267539563852e+00,5.335707217040001069e+02,1.366471651221999934e+02,-2.016807757999979911e-01
1.068000000000000149e+01,3.677559550534365229e+00,1.004633517716970736e+01,6.368775626635341247e+00,5.340715035379998881e+02,1.366477279581999937e+02,-1.965713258000029995e-01
1.068999999999999950e+01,3.666274205914652473e+00,1.004045158817069527e+01,6.374177382256042357e+00,5.345692902499999946e+02,1.366481197971999961e+02,-1.914619388000070033e-01
1.070000000000000107e+01,3.667079568452657146e+00,1.003908443999057454e+01,6.372004871537917836e+00,5.350730422799999815e+02,1.366668389172000104e+02,-1.984159628000120024e-01
1.070999999999999908e+01,3.702680416880355985e+00,1.007686493219956070e+01,6.374184515319205602e+00,5.355761918139999125e+02,1.366785618542000122e+02,-1.913453468000060054e-01
1.072000000000000064e+01,3.710716886813832271e+00,1.008087403305984431e+01,6.370157146246012481e+00,5.360693273120000413e+02,1.366726996582000027e+02,-1.802148907999830130e-01
1.072999999999999865e+01,3.702228994171356646e+00,1.006606799364147875e+01,6.363838999470122992e+00,5.365684554960000696e+02,1.366671406481999895e+02,-1.800842427999830020e-01
1.074000000000000021e+01,3.694265511379037914e+00,1.005738055786803997e+01,6.363115046489003390e+00,5.370698079759999928e+02,1.366577092201999903e+02,-1.779394247999729894e-01
1.074999999999999822e+01,3.692413421118179606e+00,1.004837447453633281e+01,6.355961053418154094e+00,5.375556981219999670e+02,1.366384016641999892e+02,-1.697631637999920118e-01
1.075999999999999979e+01,3.691682340258483297e+00,1.004299999999999926e+01,6.351317659741516408e+00,5.380619868060000499e+02,1.366302324311999996e+02,-1.736217398000119982e-01
1.077000000000000135e+01,3.687446438549051742e+00,1.004006690165953408e+01,6.352620463110483229e+00,5.385735837560000618e+02,1.366343538561999935e+02,-1.865225557999879991e-01
1.077999999999999936e+01,3.641751640706331727e+00,1.000235056058300387e+01,6.360598919876673030e+00,5.390758789439998964e+02,1.366259566271999972e+02,-1.903812158000069976e-01
1.079000000000000092e+01,3.634051755781943616e+00,1.000310351156388755e+01,6.369051755781943491e+00,5.395762896040000669e+02,1.366154768881999928e+02,-1.862328957999880019e-01
1.079999999999999893e+01,3.651848574509603651e+00,1.002336369965383867e+01,6.371515125144234126e+00,5.400808950499999810e+02,1.366192451841999969e+02,-1.861339367999879923e-01
1.081000000000000050e+01,3.688237753242231243e+00,1.004905017875922191e+01,6.360812425516990665e+00,5.405763753199998973e+02,1.366424966241999925e+02,-1.941057977999690043e-01
1.081999999999999851e+01,3.682483465707782067e+00,1.005231023604495633e+01,6.369826770337174260e+00,5.410689156900000398e+02,1.366646069232000116e+02,-1.940742347999689921e-01
1.083000000000000007e+01,3.668698261975451125e+00,1.003960549724465068e+01,6.370907235269198665e+00,5.415660756459999448e+02,1.366759772821999945e+02,-1.900037268000079882e-01
1.084000000000000163e+01,3.656186864699988881e+00,1.002010515022050186e+01,6.363918285520512974e+00,5.420577008979998936e+02,1.366790257591999875e+02,-1.839050767999790004e-01
1.084999999999999964e+01,3.684249159083012426e+00,1.004744789859370435e+01,6.363198739510692370e+00,5.425575985759999185e+02,1.366775313322000045e+02,-1.797885717999589961e-01
1.086000000000000121e+01,3.685431674047253026e+00,1.005550525584251886e+01,6.370073581795265838e+00,5.430497365880000871e+02,1.366715980252000122e+02,-1.726581128000100052e-01
1.086999999999999922e+01,3.673751691566552680e+00,1.005264108260259270e+01,6.378889391036040912e+00,5.435422179199999846e+02,1.366596533421999879e+02,-1.715064077999770009e-01
1.088000000000000078e+01,3.655488785563040466e+00,1.004095282276034418e+01,6.385464037197305487e+00,5.440495054220000384e+02,1.366515340521999917e+02,-1.773649508000069985e-01
1.088999999999999879e+01,3.653326633328473960e+00,1.004134673334305106e+01,6.388020100014577984e+00,5.445586743440001101e+02,1.366455466641999976e+02,-1.772305578000069881e-01
1.090000000000000036e+01,3.653000000000000025e+00,1.003695560257000530e+01,6.383955602570004828e+00,5.450575179820000358e+02,1.366449724381999999e+02,-1.791175727999599898e-01
1.090999999999999837e+01,3.646217451202689919e+00,1.002476090700168143e+01,6.378543455798991957e+00,5.455599579059999087e+02,1.366515865602000019e+02,-1.890292008000059865e-01
1.091999999999999993e+01,3.599198879178583610e+00,9.995374299486615044e+00,6.396175420308031434e+00,5.460701265340001100e+02,1.366456350031999989e+02,-1.948947507999790052e-01
1.093000000000000149e+01,3.596538542639316827e+00,9.997698318429980802e+00,6.401159775790664419e+00,5.465823725019999983e+02,1.366208349572000031e+02,-1.826932227999779890e-01
1.093999999999999950e+01,3.625620773920755546e+00,1.001922918318575029e+01,6.393608409264994741e+00,5.470885440819999985e+02,1.366147118522000028e+02,-1.725589527999880080e-01
1.095000000000000107e+01,3.677700562078228597e+00,1.005300000000000082e+01,6.375299437921771784e+00,5.475846811819999402e+02,1.366440034432000061e+02,-1.825519907999789970e-01
1.095999999999999908e+01,3.670041955955939184e+00,1.005300000000000082e+01,6.382958044044061197e+00,5.480668397140000252e+02,1.366725182161999896e+02,-1.865453587999970075e-01
1.097000000000000064e+01,3.656071977432200359e+00,1.004795629727640005e+01,6.391884319844200135e+00,5.485494228239999757e+02,1.366760485421999931e+02,-1.814504268000020071e-01
1.097999999999999865e+01,3.642855567758354951e+00,1.004471113551671024e+01,6.401855567758355292e+00,5.490497188219999316e+02,1.366675761232000070e+02,-1.743091947999959868e-01
1.099000000000000021e+01,3.652032441596229972e+00,1.006306488319246029e+01,6.411032441596230314e+00,5.495385784980001063e+02,1.366664354351999862e+02,-1.751964257999729935e-01
1.099999999999999822e+01,3.639356488080600194e+00,1.005967824404030075e+01,6.420321755959700560e+00,5.500334279740000056e+02,1.366656437972000049e+02,-1.740835427999959939e-01
1.100999999999999979e+01,3.613229799703395084e+00,1.003509414362034668e+01,6.421864343916950268e+00,5.505404861520000850e+02,1.366615391471999885e+02,-1.739562617999969862e-01
1.102000000000000135e+01,3.579480721451326897e+00,9.991510335880354532e+00,6.412029614429026303e+00,5.510489984660000573e+02,1.366495080802000075e+02,-1.728006857999649926e-01
1.102999999999999936e+01,3.616082426648562276e+00,1.002884407518153331e+01,6.412761648532971037e+00,5.515573400079999828e+02,1.366404685891999975e+02,-1.726557087999650020e-01
1.104000000000000092e+01,3.628000000000000114e+00,1.002833513811853550e+01,6.400335138118534495e+00,5.520611174079999728e+02,1.366411953662000087e+02,-1.695461837999779897e-01
1.104999999999999893e+01,3.617063886234889392e+00,1.000642265587050161e+01,6.389358769635611779e+00,5.525657798520001052e+02,1.366439652942000009e+02,-1.694436897999780089e-01
1.106000000000000050e+01,3.579375329511801151e+00,9.976863003538667840e+00,6.397487674026866245e+00,5.530775466860000051e+02,1.366451092551999977e+02,-1.773339307999589887e-01
1.106999999999999851e+01,3.594957731521739586e+00,9.976381363963211513e+00,6.381423632441470595e+00,5.535881125240000529e+02,1.366321973462000017e+02,-1.751747838000060065e-01
1.108000000000000007e+01,3.627329317030490330e+00,9.997405233638476219e+00,6.370075916607985000e+00,5.540749436020000758e+02,1.366139522132000081e+02,-1.650020487999590002e-01
1.109000000000000163e+01,3.662665847405708330e+00,1.002647133468951779e+01,6.363805487283809015e+00,5.545646299919999365e+02,1.366158742121999978e+02,-1.628998818000060023e-01
1.109999999999999964e+01,3.645374921539736857e+00,1.000773949833471477e+01,6.362364576794978355e+00,5.550651593519999096e+02,1.366384087511999894e+02,-1.718680967999640097e-01
1.111000000000000121e+01,3.634181168731883904e+00,9.996181168731883560e+00,6.362000000000000099e+00,5.555560451839999132e+02,1.366544113161999974e+02,-1.728153597999959878e-01
1.111999999999999922e+01,3.636527823560403494e+00,9.998746485702977083e+00,6.362218662142574921e+00,5.560394565619999412e+02,1.366609796331999860e+02,-1.717309877999640133e-01
1.113000000000000078e+01,3.663820341320185303e+00,1.002673881161044633e+01,6.362918470290261475e+00,5.565298576679999769e+02,1.366679293031999975e+02,-1.756464387999820131e-01
1.113999999999999879e+01,3.666999999999999815e+00,1.002872225290899166e+01,6.361722252908991848e+00,5.570346911060000821e+02,1.366677041272000110e+02,-1.755333397999830070e-01
1.115000000000000036e+01,3.652959679274597082e+00,1.002007981907797785e+01,6.367120139803380319e+00,5.575377540120000504e+02,1.366633997051999927e+02,-1.674061908000019916e-01
1.115999999999999837e+01,3.631288566697333131e+00,1.000876931932407032e+01,6.377480752626737193e+00,5.580423029040000529e+02,1.366681593131999932e+02,-1.693107548000110096e-01
1.116999999999999993e+01,3.658336574517196738e+00,1.003154658906711383e+01,6.373210014549916202e+00,5.585368119459999434e+02,1.366733331872000008e+02,-1.752190397999829896e-01
1.118000000000000149e+01,3.665999999999999925e+00,1.002652363762826937e+01,6.360523637628269000e+00,5.590393329060000269e+02,1.366609777662000056e+02,-1.690636198000100010e-01
1.118999999999999950e+01,3.652667424104129701e+00,1.000586724231913927e+01,6.353199818215008676e+00,5.595568290319999960e+02,1.366494843861999868e+02,-1.609078967999729992e-01
1.120000000000000107e+01,3.616110467738467893e+00,9.978119673383339716e+00,6.362009205644872267e+00,5.600693088059999809e+02,1.366556842422000102e+02,-1.668158038000009946e-01
1.120999999999999908e+01,3.633074912188174910e+00,9.996497821537188244e+00,6.363422909349014667e+00,5.605646458940000230e+02,1.366638996352000106e+02,-1.757346547999590058e-01
1.122000000000000064e+01,3.650445255225813757e+00,1.001904116752517204e+01,6.368595912299357842e+00,5.610596351799999866e+02,1.366431118621999872e+02,-1.665511408000009963e-01
1.122999999999999865e+01,3.665277458476182026e+00,1.004027745847618114e+01,6.375000000000000000e+00,5.615639502659998925e+02,1.366168715681999970e+02,-1.503462697999830011e-01
1.124000000000000021e+01,3.666734463240257647e+00,1.004173446324025676e+01,6.375000000000000000e+00,5.620698392980000335e+02,1.366157014951999997e+02,-1.512296087999580041e-01
1.124999999999999822e+01,3.659447221543705719e+00,1.003328525562735152e+01,6.373838034083647131e+00,5.625643795240000600e+02,1.366378764002000139e+02,-1.651979197999690063e-01
1.125999999999999979e+01,3.653728426508175531e+00,1.003053045539371801e+01,6.376802028885542484e+00,5.630426278160000493e+02,1.366471583542000019e+02,-1.631242637999590073e-01
1.127000000000000135e+01,3.653006409009783795e+00,1.003991668287281058e+01,6.386910273863026788e+00,5.635426399339999080e+02,1.366436601352000082e+02,-1.610006768000059874e-01
1.127999999999999936e+01,3.653000000000000025e+00,1.003925699819891904e+01,6.386256998198919455e+00,5.640616224899999906e+02,1.366412237291999929e+02,-1.648766547999689913e-01
1.129000000000000092e+01,3.647212166663450716e+00,1.003321216666344995e+01,6.386000000000000121e+00,5.645736153180000656e+02,1.366384059702000116e+02,-1.637528097999919885e-01
1.129999999999999893e+01,3.643290415080322475e+00,1.002909954715696195e+01,6.385809132076639472e+00,5.650642998599998919e+02,1.366403884961999893e+02,-1.606506278000069954e-01
1.131000000000000050e+01,3.652065874148002766e+00,1.003714371796900195e+01,6.385077843820999632e+00,5.655707321699999284e+02,1.366472482542000080e+02,-1.655622018000010021e-01
1.131999999999999851e+01,3.653000000000000025e+00,1.003800000000000026e+01,6.384999999999999787e+00,5.660861769919999915e+02,1.366366004362000126e+02,-1.684099897999870032e-01
1.133000000000000007e+01,3.643380896629390797e+00,1.003376759451693090e+01,6.390386697887540990e+00,5.665836185660000410e+02,1.366079467732000126e+02,-1.571981657999640125e-01
1.134000000000000163e+01,3.629232548726978980e+00,1.002920097986960535e+01,6.399968431142626812e+00,5.670706511559999399e+02,1.366037181512000132e+02,-1.520748697999680099e-01
1.134999999999999964e+01,3.639100387822274740e+00,1.004682212111120521e+01,6.407721733288930466e+00,5.675587714119999418e+02,1.366155315512000072e+02,-1.600080138000060104e-01
1.136000000000000121e+01,3.641486208806495650e+00,1.005919307670906093e+01,6.417706867902564838e+00,5.680580140360000314e+02,1.366079687492000119e+02,-1.618702837999579924e-01
1.136999999999999922e+01,3.644405479921689395e+00,1.007202507986145079e+01,6.427619599939760953e+00,5.685761364739998953e+02,1.365855039051999995e+02,-1.506756937999919888e-01
1.138000000000000078e+01,3.653881126583836902e+00,1.008878968549448096e+01,6.434908558910643173e+00,5.690809120260000782e+02,1.365862912091999988e+02,-1.465661537999720099e-01
1.138999999999999879e+01,3.627607176498243824e+00,1.008205452013111803e+01,6.454447343632872425e+00,5.695682334220000484e+02,1.366120958731999906e+02,-1.505488117999909947e-01
1.140000000000000036e+01,3.605366555584334609e+00,1.007777306410588558e+01,6.472406508521550528e+00,5.700637695800000984e+02,1.366343665852000129e+02,-1.535171677999780104e-01
1.140999999999999837e+01,3.591622126941804716e+00,1.007762212694180448e+01,6.485999999999999766e+00,5.705689160839999658e+02,1.366461999921999961e+02,-1.474465038000050132e-01
1.141999999999999993e+01,3.600124343176904329e+00,1.008612434317690365e+01,6.485999999999999766e+00,5.710654207640000095e+02,1.366515055042000029e+02,-1.483547767999819911e-01
1.143000000000000149e+01,3.581501590715495453e+00,1.008692113635344612e+01,6.505419545637951551e+00,5.715497187399998893e+02,1.366600922762000039e+02,-1.572773937999960014e-01
1.143999999999999950e+01,3.560959825967563663e+00,1.008042634760719913e+01,6.519466521639635914e+00,5.720456246979999833e+02,1.366583416292000095e+02,-1.611609247999589989e-01
1.145000000000000107e+01,3.552207963173991789e+00,1.006438126581898551e+01,6.512173302644992390e+00,5.725520828220001022e+02,1.366472019882000097e+02,-1.580089377999729927e-01
1.145999999999999908e+01,3.552000000000000046e+00,1.005413848394386989e+01,6.502138483943870284e+00,5.730532649740000579e+02,1.366407550801999946e+02,-1.588747068000060103e-01
1.147000000000000064e+01,3.562437232693814515e+00,1.005542736100078471e+01,6.492990128306969311e+00,5.735476606859999720e+02,1.366479151062000028e+02,-1.677900437999640115e-01
1.147999999999999865e+01,3.580088179391308856e+00,1.006323755226087080e+01,6.483149372869561056e+00,5.740335800180000660e+02,1.366456403331999923e+02,-1.586738628000060047e-01
1.149000000000000021e+01,3.598958577172658213e+00,1.006468912132097415e+01,6.465730544148315495e+00,5.745378118480000467e+02,1.366384048621999909e+02,-1.485360997999579935e-01
1.149999999999999822e+01,3.625325338977195333e+00,1.007263761596588125e+01,6.447312276988687252e+00,5.750575075659999129e+02,1.366410208231999945e+02,-1.514297377999999916e-01
1.150999999999999979e+01,3.644548316676334387e+00,1.008154831667633466e+01,6.437000000000000277e+00,5.755519030559999010e+02,1.366481843772000104e+02,-1.593450807999829966e-01
1.152000000000000135e+01,3.652585338315224028e+00,1.008971628411041621e+01,6.437130945795193071e+00,5.760485471019999295e+02,1.366335008101999904e+02,-1.501827347999679929e-01
1.152999999999999936e+01,3.625108148648418904e+00,1.007091610170681228e+01,6.445807953058394268e+00,5.765492977520000295e+02,1.366170626152000125e+02,-1.370132587999909890e-01
1.154000000000000092e+01,3.608761778001584375e+00,1.005152355600316838e+01,6.442761778001584005e+00,5.770658262439999362e+02,1.366225203232000069e+02,-1.349175947999809999e-01
1.154999999999999893e+01,3.599447234896077319e+00,1.003525086834962288e+01,6.435803633453544670e+00,5.775620196760000908e+02,1.366508241301999931e+02,-1.419071157999869937e-01
1.156000000000000050e+01,3.590373125256053566e+00,1.002547875027574875e+01,6.435105625019695630e+00,5.780454050180001104e+02,1.366753953742000078e+02,-1.478863107999580095e-01
1.156999999999999851e+01,3.573842477142413099e+00,1.001672438902835793e+01,6.442881911885945279e+00,5.785384285180000461e+02,1.366714981622000096e+02,-1.457628708000059947e-01
1.158000000000000007e+01,3.564000000000000057e+00,1.001234582300812015e+01,6.448345823008120092e+00,5.790505629320000480e+02,1.366486560442000098e+02,-1.445683467999719918e-01
1.159000000000000163e+01,3.566168625095087474e+00,1.001416772120504639e+01,6.447999096109959360e+00,5.795613563179999801e+02,1.366317577192000101e+02,-1.403950718000110121e-01
1.159999999999999964e+01,3.584397075978221103e+00,1.002398304091134840e+01,6.439585964933129070e+00,5.800468786619999264e+02,1.366364397702000133e+02,-1.403035818000100132e-01
1.161000000000000121e+01,3.578451418702415676e+00,1.001978213668900963e+01,6.441330717986594401e+00,5.805293495519999851e+02,1.366419386082000074e+02,-1.432156717999960027e-01
1.161999999999999922e+01,3.568250816848074880e+00,1.000974918315192497e+01,6.441498366303849643e+00,5.810445093840000936e+02,1.366362826301999860e+02,-1.460811347999809995e-01
1.163000000000000078e+01,3.575789351089592394e+00,1.000221064891040790e+01,6.426421297820815504e+00,5.815665685419999136e+02,1.366150406222000129e+02,-1.358899897999910067e-01
1.163999999999999879e+01,3.593271510045583206e+00,1.001927151004558247e+01,6.426000000000000156e+00,5.820595915979999972e+02,1.366111504662000016e+02,-1.317665617999730088e-01
1.165000000000000036e+01,3.596157593507113948e+00,1.001610458539100534e+01,6.419946991883891840e+00,5.825531327839998994e+02,1.366332789562000016e+02,-1.427349117999960060e-01
1.165999999999999837e+01,3.585602818617617427e+00,9.996472157795217583e+00,6.410869339177600601e+00,5.830566833020000104e+02,1.366379815651999934e+02,-1.446394968000060122e-01
1.166999999999999993e+01,3.566602390184032689e+00,9.976740943652650628e+00,6.410138553468616607e+00,5.835627675880000425e+02,1.366158416851999959e+02,-1.304487117999960089e-01
1.168000000000000149e+01,3.563587458803791463e+00,9.973000000000000753e+00,6.409412541196208402e+00,5.840655461700000615e+02,1.366165185192000138e+02,-1.253392197999990132e-01
1.168999999999999950e+01,3.564000000000000057e+00,9.972704686189896250e+00,6.408704686189896194e+00,5.845557504680000420e+02,1.366444626921999941e+02,-1.373288367999999926e-01
1.170000000000000107e+01,3.564000000000000057e+00,9.972010099279392747e+00,6.408010099279392691e+00,5.850367663340000490e+02,1.366579020592000120e+02,-1.372692458000009941e-01
1.170999999999999908e+01,3.555371484838473428e+00,9.932176083869876493e+00,6.376804599031403065e+00,5.855279623040000843e+02,1.366509239691999937e+02,-1.271352908000089876e-01
1.172000000000000064e+01,3.560044008190867970e+00,9.916522004095435605e+00,6.356477995904565859e+00,5.860270337120000477e+02,1.366463597992000132e+02,-1.280081717999859980e-01
1.172999999999999865e+01,3.577741390308211589e+00,9.926242329705651457e+00,6.348500939397440312e+00,5.865166655460000129e+02,1.366492413581999870e+02,-1.369094737999999867e-01
1.174000000000000021e+01,3.604779153516320722e+00,9.971548851838159422e+00,6.366769698321838256e+00,5.870227253499999733e+02,1.366450797091999902e+02,-1.367822137999999965e-01
1.174999999999999822e+01,3.608060930720747184e+00,9.973142171681743662e+00,6.365081240960996922e+00,5.875380539560001125e+02,1.366364639072000102e+02,-1.296371317999950035e-01
1.175999999999999979e+01,3.595926843280885965e+00,9.956525750966287447e+00,6.360598907685401038e+00,5.880436005560000012e+02,1.366412910982000142e+02,-1.285416927999629977e-01
1.177000000000000135e+01,3.576409991010517153e+00,9.948574440782062211e+00,6.372164449771545947e+00,5.885441866920000393e+02,1.366628307972000016e+02,-1.365063788000009937e-01
1.177999999999999936e+01,3.600153249775284614e+00,9.963886263015968581e+00,6.363733013240684855e+00,5.890387500679998993e+02,1.366670486392000043e+02,-1.304112007999720102e-01
1.179000000000000092e+01,3.603040013545253384e+00,9.970850770793681761e+00,6.367810757248429709e+00,5.895381605780000882e+02,1.366565401251999958e+02,-1.182629497999709983e-01
1.179999999999999893e+01,3.585619715122671636e+00,9.966239430245343200e+00,6.380619715122671565e+00,5.900450493159999041e+02,1.366554058831999896e+02,-1.251462317999769980e-01
1.181000000000000050e+01,3.576894145584973650e+00,9.948788291169947229e+00,6.371894145584973579e+00,5.905486024980000366e+02,1.366600661562000028e+02,-1.390507447999859980e-01
1.181999999999999851e+01,3.568842156324262049e+00,9.951717647646260545e+00,6.382875491321997607e+00,5.910455896420000954e+02,1.366393747411999868e+02,-1.348671587999669963e-01
1.183000000000000007e+01,3.563727904240750810e+00,9.957000000000000739e+00,6.393272095759249041e+00,5.915388665039999978e+02,1.366134917141999949e+02,-1.226660297999680044e-01
1.184000000000000163e+01,3.563001433810246699e+00,9.957000000000000739e+00,6.393998566189753596e+00,5.920419623699999647e+02,1.366261600992000069e+02,-1.305988588000049910e-01
1.184999999999999964e+01,3.572148712026498529e+00,9.958407494157922812e+00,6.386258782131424283e+00,5.925316536860000269e+02,1.366630895842000086e+02,-1.426202908000059888e-01
1.186000000000000121e+01,3.581132766482968854e+00,9.955446546281020659e+00,6.374313779798052693e+00,5.930115565159999278e+02,1.366784792722000077e+02,-1.395678087999630002e-01
1.186999999999999922e+01,3.588886540830357852e+00,9.948298112455365327e+00,6.359411571625008364e+00,5.935106265920001078e+02,1.366739362701999880e+02,-1.344407257999679917e-01
1.188000000000000078e+01,3.588151675731421797e+00,9.937275135971324502e+00,6.349123460239901817e+00,5.940211670599999252e+02,1.366790167041999950e+02,-1.423451278000059939e-01
1.188999999999999879e+01,3.588000000000000078e+00,9.919318257133042493e+00,6.331318257133043303e+00,5.945300512139999682e+02,1.366780176281999957e+02,-1.432284037999820014e-01
1.190000000000000036e+01,3.584138085412859720e+00,9.905326366824287021e+00,6.321188281411427745e+00,5.950270101020000766e+02,1.366753644201999975e+02,-1.361084447999769964e-01
1.190999999999999837e+01,3.575326850178021321e+00,9.899130740071207413e+00,6.323803889893187424e+00,5.955228575080000155e+02,1.366746368372000120e+02,-1.329955527999910070e-01
1.191999999999999993e+01,3.593483393985223984e+00,9.906393357594089011e+00,6.312909963608865915e+00,5.960258088600000974e+02,1.366722903431999896e+02,-1.358754077999770049e-01
1.193000000000000149e+01,3.618335877276537715e+00,9.920580554069392321e+00,6.302244676792854605e+00,5.965404815239999152e+02,1.366576202781999996e+02,-1.307091247999820072e-01
1.193999999999999950e+01,3.638204084029360352e+00,9.935857176411049707e+00,6.297653092381688467e+00,5.970401774679999107e+02,1.366421128682000017e+02,-1.205431867999900014e-01
1.195000000000000107e+01,3.638918729618952685e+00,9.945862214665339707e+00,6.306943485046388354e+00,5.975350843860001078e+02,1.366403158061999932e+02,-1.214267567999670061e-01
1.195999999999999908e+01,3.607376347100369252e+00,9.916008820158362269e+00,6.308632473057993018e+00,5.980293665459998920e+02,1.366494655122000097e+02,-1.323491517999909883e-01
1.197000000000000064e+01,3.588999999999999968e+00,9.892841665768646209e+00,6.303841665768646685e+00,5.985390475619999506e+02,1.366345069241999965e+02,-1.281829677999719863e-01
1.197999999999999865e+01,3.593422786290532578e+00,9.886346784562324075e+00,6.292923998271790609e+00,5.990389149439999983e+02,1.366159973542000046e+02,-1.200064127999909969e-01
1.199000000000000021e+01,3.629098497113456112e+00,9.905276753570404935e+00,6.276178256456949711e+00,5.995431225140000606e+02,1.366267365861999963e+02,-1.249321687999860042e-01
1.199999999999999822e+01,3.617956324671192103e+00,9.902957627587175793e+00,6.285001302915984134e+00,6.000440811559999474e+02,1.366592976921999991e+02,-1.379356887999619863e-01
1.200999999999999979e+01,3.591499711210192292e+00,9.894320431366978141e+00,6.302820720156785406e+00,6.005301450019999265e+02,1.366720377981999945e+02,-1.338724818000009975e-01
1.202000000000000135e+01,3.563794121628802269e+00,9.886506034305558188e+00,6.322711912676757251e+00,6.010221115760000430e+02,1.366691066511999963e+02,-1.247526397999860065e-01
1.202999999999999936e+01,3.579982308235440502e+00,9.901215799276140928e+00,6.321233491040701757e+00,6.015329359239999576e+02,1.366692128852000110e+02,-1.276393967999719936e-01
1.204000000000000092e+01,3.582635216885420082e+00,9.912952107490381692e+00,6.330316890604961166e+00,6.020330620380000255e+02,1.366637179301999936e+02,-1.255087397999619936e-01
1.204999999999999893e+01,3.575000000000000178e+00,9.915634033539443948e+00,6.340634033539444658e+00,6.025275374539999120e+02,1.366519295811999939e+02,-1.123570647999860006e-01
1.206000000000000050e+01,3.575000000000000178e+00,9.890861067381015559e+00,6.315861067381016269e+00,6.030190495980000378e+02,1.366569606822000083e+02,-1.102654607999759978e-01
1.206999999999999851e+01,3.582296510051717231e+00,9.904644450139238998e+00,6.322347940087521323e+00,6.035240282160000334e+02,1.366717398012000046e+02,-1.182053178000150029e-01
1.208000000000000007e+01,3.595226360779057106e+00,9.931562177246490819e+00,6.336335816467434157e+00,6.040280340520000664e+02,1.366684660502000099e+02,-1.170816407999809988e-01
1.209000000000000163e+01,3.612287196255554722e+00,9.959768820407207457e+00,6.347481624151652291e+00,6.045337200179999400e+02,1.366533041621999871e+02,-1.059155828000139937e-01
1.209999999999999964e+01,3.585321045908372639e+00,9.951023041916229772e+00,6.365701996007856245e+00,6.050384394600000633e+02,1.366550757221999959e+02,-1.058095538000140001e-01
1.211000000000000121e+01,3.551442825851286234e+00,9.930184010911718318e+00,6.378741185060430752e+00,6.055463573120000547e+02,1.366710065661999920e+02,-1.187528527999909961e-01
1.211999999999999922e+01,3.530633018729851358e+00,9.913929169739521541e+00,6.383296151009671071e+00,6.060614594799999395e+02,1.366663595402000055e+02,-1.186218687999909954e-01
1.213000000000000078e+01,3.548934579486051177e+00,9.923445981332745802e+00,6.374511401846694625e+00,6.065684279219999553e+02,1.366462769231999914e+02,-1.034381388000050056e-01
1.213999999999999879e+01,3.575259990830476742e+00,9.937294732016040300e+00,6.362034741185563114e+00,6.070582848619999368e+02,1.366452108741999893e+02,-9.932537879998550034e-02
1.215000000000000036e+01,3.574296525042828687e+00,9.931378378328922452e+00,6.357081853286092432e+00,6.075535375839999688e+02,1.366724487301999886e+02,-1.093113677999759947e-01
1.215999999999999837e+01,3.549999999999999822e+00,9.910655423184158153e+00,6.360655423184156554e+00,6.080535221120001097e+02,1.366869781341999897e+02,-1.072513897999669980e-01
1.216999999999999993e+01,3.549999999999999822e+00,9.934544389145015586e+00,6.384544389145014875e+00,6.085376150239999333e+02,1.366816048432000059e+02,-9.512466379996560584e-02
1.218000000000000149e+01,3.555292183977660336e+00,9.935636905270293084e+00,6.380344721292632748e+00,6.090314095720000296e+02,1.366817475182000123e+02,-9.601532479999949632e-02
1.218999999999999950e+01,3.563132122418196879e+00,9.921735755163608061e+00,6.358603632745410295e+00,6.095335088399999677e+02,1.366943306802000109e+02,-1.119481267999619944e-01
1.220000000000000107e+01,3.563858255873972869e+00,9.920283488252055193e+00,6.356425232378081880e+00,6.100363713439999174e+02,1.366759921071999884e+02,-1.037715087999799973e-01
1.220999999999999908e+01,3.578211189243718060e+00,9.929095161115979451e+00,6.350883971872261391e+00,6.105281938480000008e+02,1.366580390251999972e+02,-9.159868079998069457e-02
1.222000000000000064e+01,3.588719613982280787e+00,9.939084246194910932e+00,6.350364632212630589e+00,6.110218483640001068e+02,1.366781813631999967e+02,-9.955997879996110467e-02
1.222999999999999865e+01,3.587758893118273562e+00,9.946695443938871506e+00,6.358936550820597944e+00,6.115262013359999855e+02,1.367039213621999920e+02,-1.135386847999720061e-01
1.224000000000000021e+01,3.559601839566766124e+00,9.911128639452757128e+00,6.351526799885991004e+00,6.120409866640000018e+02,1.366872757291999960e+02,-1.023653678000040063e-01
1.224999999999999822e+01,3.538156409893058019e+00,9.891597756183161394e+00,6.353441346290103375e+00,6.125582808340000156e+02,1.366617728941999985e+02,-8.716021779996140084e-02
1.225999999999999979e+01,3.531182952007232867e+00,9.891990384344484966e+00,6.360807432337250766e+00,6.130586086820001128e+02,1.366702909221999960e+02,-9.107899379998049549e-02
1.227000000000000135e+01,3.548177390433145728e+00,9.918190143584432406e+00,6.370012753151288010e+00,6.135489837519999128e+02,1.366952435192000053e+02,-1.020580118000039976e-01
1.227999999999999936e+01,3.549999999999999822e+00,9.913101809503649164e+00,6.363101809503649342e+00,6.140573802940000405e+02,1.366852374121999958e+02,-9.290955379999030206e-02
1.229000000000000092e+01,3.559695520599461371e+00,9.904346150112258940e+00,6.344650629512797124e+00,6.145634078040000077e+02,1.366640923722000025e+02,-7.972229780001290067e-02
1.229999999999999893e+01,3.578948947486088716e+00,9.899390152425791456e+00,6.320441204939702295e+00,6.150606835319999846e+02,1.366734377712000139e+02,-8.364467179997589485e-02
1.231000000000000050e+01,3.605467768132506023e+00,9.915441017553884961e+00,6.309973249421379826e+00,6.155452963499999441e+02,1.366940549022000084e+02,-9.460967579999980670e-02
1.231999999999999851e+01,3.619210848804881753e+00,9.919999999999999929e+00,6.300789151195118620e+00,6.160413710820000688e+02,1.366893444311999986e+02,-8.848266179996990000e-02
1.233000000000000007e+01,3.634729361111864510e+00,9.923742061966102312e+00,6.289012700854237359e+00,6.165482270820000394e+02,1.366712338542000111e+02,-8.030595979999000100e-02
1.234000000000000163e+01,3.663174131757583218e+00,9.934682358368300825e+00,6.271508226610717607e+00,6.170533192519999375e+02,1.366840232931999992e+02,-8.623875879996159566e-02
1.234999999999999964e+01,3.690048361566113932e+00,9.950766113579490479e+00,6.260717752013376547e+00,6.175426955039999939e+02,1.367089259471999867e+02,-9.521780979997560013e-02
1.236000000000000121e+01,3.696837998641872680e+00,9.953235075669420340e+00,6.256397077027548548e+00,6.180354890139999497e+02,1.367090539591999914e+02,-8.410856380000909793e-02
1.236999999999999922e+01,3.684152039623512565e+00,9.941024461718868110e+00,6.256872422095355546e+00,6.185413760480000747e+02,1.367079156382000065e+02,-7.599195679997020059e-02
1.238000000000000078e+01,3.655688331290350757e+00,9.911811708429571155e+00,6.256123377139219954e+00,6.190601052419999633e+02,1.367274650472000133e+02,-8.994562379997940449e-02
1.238999999999999879e+01,3.628340730850558860e+00,9.891496289529330355e+00,6.263155558678771051e+00,6.195584942279999723e+02,1.367348565972000074e+02,-9.786088279996170425e-02
1.240000000000000036e+01,3.608782996816820798e+00,9.874072066199062192e+00,6.265289069382242282e+00,6.200466645579999749e+02,1.367106958951999900e+02,-8.266694679997489692e-02
1.240999999999999837e+01,3.599969131329199268e+00,9.858335468537031687e+00,6.258366337207831975e+00,6.205564012400000138e+02,1.366947601072000111e+02,-7.249726379998369663e-02
1.241999999999999993e+01,3.619439995318603387e+00,9.865075382994902498e+00,6.245635387676298222e+00,6.210750157719999152e+02,1.367163168362000079e+02,-8.345801880000849882e-02
1.243000000000000149e+01,3.618358908086696690e+00,9.862913174207198708e+00,6.244554266120501573e+00,6.215768852720000268e+02,1.367329216942000016e+02,-9.140500879998919581e-02
1.243999999999999950e+01,3.609189791063563746e+00,9.855721422907491203e+00,6.246531631843927457e+00,6.220778069160000996e+02,1.367134883951999882e+02,-7.822492780001319423e-02
1.245000000000000107e+01,3.600486591176782714e+00,9.845567689706246739e+00,6.245081098529463581e+00,6.225800691439999355e+02,1.366881183591999900e+02,-6.602360980001240054e-02
1.245999999999999908e+01,3.592409581793362783e+00,9.827749049530369874e+00,6.235339467737007091e+00,6.230873288339998908e+02,1.366980302201999962e+02,-7.094576780000870497e-02
1.247000000000000064e+01,3.588606921708335395e+00,9.820786156583329429e+00,6.232179234874992702e+00,6.235755363840000882e+02,1.367258603951999874e+02,-8.293542680000909328e-02
1.247999999999999865e+01,3.590013963091344795e+00,9.824013963091344337e+00,6.233999999999999986e+00,6.240527854140000272e+02,1.367350994621999973e+02,-7.686181579998040136e-02
1.249000000000000021e+01,3.607714235605143926e+00,9.841714235605143912e+00,6.233999999999999986e+00,6.245430976719999308e+02,1.367260570532000088e+02,-6.972079379997450643e-02
1.249999999999999822e+01,3.606361157493340741e+00,9.846999999999999531e+00,6.240638842506659678e+00,6.250559764320000795e+02,1.367252683332000061e+02,-7.560395580000399407e-02
1.250999999999999979e+01,3.591423206652866629e+00,9.846780082221867403e+00,6.255356875569001218e+00,6.255649178060000395e+02,1.367232673611999871e+02,-7.748369080001210607e-02
1.252000000000000135e+01,3.565300911150361518e+00,9.846110279773085949e+00,6.280809368622724875e+00,6.260455609440000444e+02,1.367256888491999973e+02,-7.138527179998480077e-02
1.252999999999999936e+01,3.568675270090186036e+00,9.866073783312796053e+00,6.297398513222608685e+00,6.265335645400000431e+02,1.367395413211999937e+02,-6.732555779996519940e-02
1.254000000000000092e+01,3.561559271710336372e+00,9.867559271710337754e+00,6.306000000000000050e+00,6.270500676619999467e+02,1.367629913721999912e+02,-7.529344280000389855e-02
1.254999999999999893e+01,3.533361994277220308e+00,9.840606575182381022e+00,6.307244580905161158e+00,6.275760379480000211e+02,1.367609680712000113e+02,-7.516929780000340677e-02
1.256000000000000050e+01,3.505984999565497695e+00,9.822595394450985395e+00,6.316610394885487700e+00,6.280749626219999300e+02,1.367414243021999880e+02,-6.098926479999260131e-02
1.256999999999999851e+01,3.512425158562417771e+00,9.819074012684993136e+00,6.306648854122576253e+00,6.285741469160000179e+02,1.367348810361999938e+02,-5.685510579997399977e-02
1.258000000000000007e+01,3.520518573353422553e+00,9.822945822547104910e+00,6.302427249193681469e+00,6.290802381260000402e+02,1.367477168901999960e+02,-6.578786579998820161e-02
1.259000000000000163e+01,3.511113596062829689e+00,9.830903880254528104e+00,6.319790284191699747e+00,6.295812490620000972e+02,1.367442686141999957e+02,-6.566424579998929312e-02
1.259999999999999964e+01,3.511702567250976958e+00,9.822569192988279241e+00,6.310866625737303615e+00,6.300738428360000398e+02,1.367303518912000015e+02,-5.750551280000670146e-02
1.261000000000000121e+01,3.517029776032742028e+00,9.819419148002729969e+00,6.302389371969987053e+00,6.305700898939999206e+02,1.367226251481999952e+02,-5.736785780000810270e-02
1.261999999999999922e+01,3.524000000000000021e+00,9.823223502210735703e+00,6.299223502210734793e+00,6.310738120720000097e+02,1.367243220692000136e+02,-6.226181980000330268e-02
1.263000000000000078e+01,3.524000000000000021e+00,9.839454970365437703e+00,6.315454970365436793e+00,6.315847497499999008e+02,1.367224421511999992e+02,-6.214152480000360163e-02
1.263999999999999879e+01,3.508488007516252338e+00,9.827681237707309947e+00,6.319193230191057609e+00,6.320780310939999254e+02,1.367315736662000063e+02,-6.206400680000270093e-02
1.265000000000000036e+01,3.505858326195641528e+00,9.818302243315217837e+00,6.312443917119575865e+00,6.325666932960000395e+02,1.367514380652000057e+02,-6.802542179997519978e-02
1.265999999999999837e+01,3.524869658204056844e+00,9.819869658204057217e+00,6.294999999999999929e+00,6.330666796000000431e+02,1.367659392452000020e+02,-7.396539580000340008e-02
1.266999999999999993e+01,3.551682722713636053e+00,9.846682722713635982e+00,6.294999999999999929e+00,6.335838911799999096e+02,1.367594306491999987e+02,-6.782733579997460294e-02
1.268000000000000149e+01,3.554137889929481542e+00,9.849626399102024976e+00,6.295488509172542990e+00,6.340835597559998860e+02,1.367619473341999878e+02,-5.872500079996059719e-02
1.268999999999999950e+01,3.540909893261868113e+00,9.834610399184635199e+00,6.293700505922767974e+00,6.345718801919999805e+02,1.367877984131999938e+02,-6.570761979996579683e-02
1.270000000000000107e+01,3.514263781204234771e+00,9.799322304838039344e+00,6.285058523633805905e+00,6.350722080400000777e+02,1.367963164411999912e+02,-6.962639579998490535e-02
1.270999999999999908e+01,3.502612307120461566e+00,9.800806864301218724e+00,6.298194557180757158e+00,6.355817427659999339e+02,1.367663711982000052e+02,-5.240728579998830267e-02
1.272000000000000064e+01,3.516387462380269557e+00,9.813193731190134272e+00,6.296806268809865159e+00,6.360836053420000553e+02,1.367480003221999993e+02,-3.723073080000190160e-02
1.272999999999999865e+01,3.548000000000000043e+00,9.828232948716017603e+00,6.280232948716017560e+00,6.365759208280001076e+02,1.367740547011999865e+02,-5.121322380001200325e-02
1.274000000000000021e+01,3.548000000000000043e+00,9.821148738173297588e+00,6.273148738173295769e+00,6.370678649179999411e+02,1.367890700332000051e+02,-6.515685279996549784e-02
1.274999999999999822e+01,3.535308476729566607e+00,9.824076609308173502e+00,6.288768132578606895e+00,6.375686440459999176e+02,1.367545901032000017e+02,-5.592374380000739859e-02
1.275999999999999979e+01,3.529102268043439850e+00,9.829000000000000625e+00,6.299897731956559888e+00,6.380786369760000980e+02,1.367166226361999861e+02,-4.867629380000240008e-02
1.277000000000000135e+01,3.547322728055839480e+00,9.829000000000000625e+00,6.281677271944160701e+00,6.385833588600000894e+02,1.367183553881999956e+02,-5.957019879996940104e-02
1.277999999999999936e+01,3.565745766585183052e+00,9.838555412776637255e+00,6.272809646191453758e+00,6.390763006580000365e+02,1.367334383031999892e+02,-7.051382479999379616e-02
1.279000000000000092e+01,3.568742835687146897e+00,9.838147232941981457e+00,6.269404397254835004e+00,6.395802477199999885e+02,1.367311911442000110e+02,-6.139373079997949983e-02
1.279999999999999893e+01,3.559370279363092582e+00,9.832378994385075899e+00,6.273008715021982873e+00,6.400846803960000670e+02,1.367379827681999984e+02,-5.330542479999839794e-02
1.281000000000000050e+01,3.549973370444734933e+00,9.840330225008301568e+00,6.290356854563566635e+00,6.405866367460000674e+02,1.367706114572000047e+02,-6.330894179998899918e-02
1.281999999999999851e+01,3.554638986274694989e+00,9.855277972549389531e+00,6.300638986274694986e+00,6.410751849519999723e+02,1.367924725921999993e+02,-6.927742679996129471e-02
1.283000000000000007e+01,3.556841680206841882e+00,9.859420167097587395e+00,6.302578486890745069e+00,6.415668362399999296e+02,1.367775181421999946e+02,-5.611520979998400188e-02
1.284000000000000163e+01,3.548239771282680977e+00,9.841499523505584435e+00,6.293259752222904346e+00,6.420632529599999998e+02,1.367668174631999989e+02,-4.996698580001149997e-02
1.284999999999999964e+01,3.513128549295571723e+00,9.814497697464634740e+00,6.301369148169063017e+00,6.425600742579999860e+02,1.367841251101999944e+02,-6.091759779997889951e-02
1.286000000000000121e+01,3.502913825862918884e+00,9.808323311351495377e+00,6.305409485488576493e+00,6.430531881599999906e+02,1.367961952811999993e+02,-7.685058879999810688e-02
1.286999999999999922e+01,3.515191038834880377e+00,9.821054432549752633e+00,6.305863393714871812e+00,6.435567344179999054e+02,1.367658798202000128e+02,-6.763155679998450465e-02
1.288000000000000078e+01,3.542520946785976843e+00,9.847665132396871357e+00,6.305144185610894958e+00,6.440548009720000664e+02,1.367262758612000084e+02,-4.738090180000190110e-02
1.288999999999999879e+01,3.532843475226883356e+00,9.838426418487387082e+00,6.305582943260504614e+00,6.445583528219999607e+02,1.367309573022000109e+02,-5.528545079998360007e-02
1.290000000000000036e+01,3.518514852496706702e+00,9.819762378628579924e+00,6.301247526131873222e+00,6.450665857379999579e+02,1.367589149771999928e+02,-7.127113080000410661e-02
1.290999999999999837e+01,3.512157692401609133e+00,9.804411859170018673e+00,6.292254166768410428e+00,6.455730993059999037e+02,1.367468016642000066e+02,-6.111565080001259836e-02
1.291999999999999993e+01,3.529704404546184726e+00,9.840967509471218122e+00,6.311263104925033396e+00,6.460794102519998887e+02,1.367206894802000079e+02,-4.091076179997450019e-02
1.293000000000000149e+01,3.528124480815433728e+00,9.852528886091119986e+00,6.324404405275687147e+00,6.465984794359999341e+02,1.367342804332000128e+02,-4.584327279996969901e-02
1.293999999999999950e+01,3.509630654545087936e+00,9.843659882003434447e+00,6.334029227458345623e+00,6.470995525180001096e+02,1.367648377472000050e+02,-6.083971080001279730e-02
1.295000000000000107e+01,3.474829070704803957e+00,9.817381135021996386e+00,6.342552064317191096e+00,6.475914059839999481e+02,1.367638892241999997e+02,-5.572691479996039893e-02
1.295999999999999908e+01,3.481052138075559022e+00,9.832104276151117261e+00,6.351052138075559128e+00,6.480819457899999634e+02,1.367508603992000076e+02,-4.657176480000219804e-02
1.297000000000000064e+01,3.490118941600095948e+00,9.844331412123159097e+00,6.354212470523062706e+00,6.485832165679998980e+02,1.367604090982000002e+02,-5.749401279997019831e-02
1.297999999999999865e+01,3.487980441744201077e+00,9.842781710644119997e+00,6.354801268899918476e+00,6.490823781560000043e+02,1.367718158392000021e+02,-7.542333079999830048e-02
1.299000000000000021e+01,3.424321326583055214e+00,9.790566930792843792e+00,6.366245604209787246e+00,6.495790789780000978e+02,1.367561374322000063e+02,-6.525745580000789914e-02
1.299999999999999822e+01,3.409541071245666188e+00,9.783951783702327987e+00,6.374410712456660910e+00,6.500733268460001000e+02,1.367483354992000102e+02,-5.411990879998360149e-02
1.300999999999999979e+01,3.432344474708024951e+00,9.807748812111331205e+00,6.375404337403305810e+00,6.505695768319999388e+02,1.367756479941999999e+02,-5.910590679997999863e-02
1.302000000000000135e+01,3.494031117928079411e+00,9.859508869066090142e+00,6.365477751138010731e+00,6.510621768640000937e+02,1.367967175892000000e+02,-7.107073679998010540e-02
1.302999999999999936e+01,3.496999999999999886e+00,9.855231632333422809e+00,6.358231632333422922e+00,6.515561107779999475e+02,1.367768711852000081e+02,-6.189077879996480319e-02
1.304000000000000092e+01,3.492576261453947506e+00,9.843152522907894664e+00,6.350576261453947602e+00,6.520495570799998859e+02,1.367480177502000060e+02,-4.267908679996010313e-02
1.304999999999999893e+01,3.488150321150412125e+00,9.830331237651304122e+00,6.342180916500892884e+00,6.525561038299999836e+02,1.367528737162000141e+02,-4.958357879996549977e-02
1.306000000000000050e+01,3.522874533535920172e+00,9.856027154816580094e+00,6.333152621280660810e+00,6.530627400939999916e+02,1.367737111771999992e+02,-7.054452579997959327e-02
1.306999999999999851e+01,3.535479941287258399e+00,9.869799412872582778e+00,6.334319471585324379e+00,6.535720234559998971e+02,1.367657199971999944e+02,-7.240305079998979321e-02
1.308000000000000007e+01,3.533138058221323874e+00,9.872751331459610924e+00,6.339613273238287938e+00,6.540737430720000702e+02,1.367323095462000140e+02,-5.917347980001169683e-02
1.309000000000000163e+01,3.522840085719946668e+00,9.864660067351387340e+00,6.341819981631439340e+00,6.545831402080000316e+02,1.367223251581999932e+02,-6.002494079998890036e-02
1.309999999999999964e+01,3.530883617226985294e+00,9.872883617226985820e+00,6.341999999999999638e+00,6.550979333479999696e+02,1.367406411471999945e+02,-7.597514480000859549e-02
1.311000000000000121e+01,3.545187872680864327e+00,9.881890178886814979e+00,6.336702306205950208e+00,6.555994290099999944e+02,1.367462457661999906e+02,-7.288333679996540637e-02
1.311999999999999922e+01,3.558635273189947767e+00,9.888790042029222960e+00,6.330154768839274304e+00,6.560826371000000563e+02,1.367388257961999898e+02,-5.874957380001270130e-02
1.313000000000000078e+01,3.549401828206550480e+00,9.887369512031776608e+00,6.337967683825226572e+00,6.565758616680000159e+02,1.367489521512000010e+02,-5.967558479998900239e-02
1.313999999999999879e+01,3.547000000000000153e+00,9.879426010833132210e+00,6.332426010833132501e+00,6.570798430219999773e+02,1.367636566312000070e+02,-7.261543279996529598e-02
1.315000000000000036e+01,3.550211618649670164e+00,9.879670284887776432e+00,6.329458666238106268e+00,6.575696694440000556e+02,1.367455789672000037e+02,-6.344262880000829663e-02
1.315999999999999837e+01,3.559177450154742850e+00,9.898291627244466540e+00,6.339114177089722801e+00,6.580472867200001019e+02,1.367308213711999940e+02,-5.128423480000809942e-02
1.316999999999999993e+01,3.591935216383835172e+00,9.917245016847271444e+00,6.325309800463435828e+00,6.585348383279999780e+02,1.367525972832000036e+02,-6.525269279996009919e-02
1.318000000000000149e+01,3.618597393580161636e+00,9.931126748918476466e+00,6.312529355338316606e+00,6.590385928000000604e+02,1.367712775951999902e+02,-8.320665079999009506e-02
1.318999999999999950e+01,3.636235213700076407e+00,9.940140197261609245e+00,6.303904983561532838e+00,6.595543221679999988e+02,1.367556449932000078e+02,-8.403677579996619851e-02
1.320000000000000107e+01,3.654891515015738168e+00,9.957361398476065162e+00,6.302469883460327438e+00,6.600606359999999313e+02,1.367294869451999944e+02,-7.683180879996180657e-02
1.320999999999999908e+01,3.661000000000000032e+00,9.956930900542420915e+00,6.295930900542421327e+00,6.605506084900000587e+02,1.367263994642000000e+02,-7.971193680000310255e-02
1.322000000000000064e+01,3.658448518982636344e+00,9.949803732229433706e+00,6.291355213246797362e+00,6.610567571419999240e+02,1.367382298942000034e+02,-9.064114979997099641e-02
1.322999999999999865e+01,3.648815442406706744e+00,9.949062726338977924e+00,6.300247283932271181e+00,6.615699191159999373e+02,1.367324775582000029e+02,-8.850668479996190441e-02
1.324000000000000021e+01,3.639333978001408010e+00,9.932334573079630857e+00,6.293000595078222403e+00,6.620750045839999984e+02,1.367102877352000121e+02,-7.231593279999949664e-02
1.324999999999999822e+01,3.625743952510046775e+00,9.919371976255023426e+00,6.293628023744976652e+00,6.625729627339999297e+02,1.367076774141999920e+02,-6.919592880001210200e-02
1.325999999999999979e+01,3.610893380296401389e+00,9.910613943853215702e+00,6.299720563556814312e+00,6.630722363200000018e+02,1.367171191712000109e+02,-7.811823079997060049e-02
1.327000000000000135e+01,3.610159583307360975e+00,9.901074582995693873e+00,6.290914999688333786e+00,6.635804059800000232e+02,1.367110888962000104e+02,-7.398388280000889328e-02
1.327999999999999936e+01,3.596107078092233955e+00,9.878438475576507116e+00,6.282331397484272273e+00,6.640757662179998988e+02,1.367013472261999993e+02,-6.283924479998470591e-02
1.329000000000000092e+01,3.578524027765632720e+00,9.855783066655007474e+00,6.277259038889374310e+00,6.645628313239999443e+02,1.367140984671999888e+02,-7.177593879999810689e-02
1.329999999999999893e+01,3.560552681507031636e+00,9.838530574246750149e+00,6.277977892739718513e+00,6.650606525499999861e+02,1.367314384171999961e+02,-8.972648779997050017e-02
1.331000000000000050e+01,3.585713755336235486e+00,9.872748318021939085e+00,6.287034562685704486e+00,6.655572409300000345e+02,1.367177320501999986e+02,-8.656764079998489902e-02
1.331999999999999851e+01,3.611627093759155915e+00,9.902242170239178520e+00,6.290615076480022161e+00,6.660492903159999969e+02,1.366958031361999986e+02,-6.938070279998999335e-02
1.333000000000000007e+01,3.634414413157328827e+00,9.924459458299073944e+00,6.290045045141743785e+00,6.665317917239999588e+02,1.367183135891999939e+02,-7.735283679997090323e-02
1.334000000000000163e+01,3.625787661218193403e+00,9.916496302662947571e+00,6.290708641444754612e+00,6.670296421359998931e+02,1.367526863221999918e+02,-9.436346579996640616e-02
1.334999999999999964e+01,3.627303310481261978e+00,9.912592053039903206e+00,6.285288742558640784e+00,6.675341032900000755e+02,1.367414362112000106e+02,-9.021152680000420199e-02
1.336000000000000121e+01,3.633186562552325860e+00,9.912139495188283078e+00,6.278952932635956330e+00,6.680458620899999005e+02,1.367076220781999893e+02,-6.997825279996519598e-02
1.336999999999999922e+01,3.623816947326239823e+00,9.912860234821058825e+00,6.289043287494818557e+00,6.685463604879998911e+02,1.367131520581999951e+02,-7.188643579997590349e-02
1.338000000000000078e+01,3.621999999999999886e+00,9.918933295793388893e+00,6.296933295793388119e+00,6.690543097459999444e+02,1.367460804051999901e+02,-9.388975479996690410e-02
1.338999999999999879e+01,3.613551359889362047e+00,9.914876307585924309e+00,6.301324947696563150e+00,6.695609704920000240e+02,1.367489396352000028e+02,-1.007871767999709983e-01
1.340000000000000036e+01,3.596000000000000085e+00,9.898125466616358281e+00,6.302125466616357308e+00,6.700719023560000096e+02,1.367120663432000072e+02,-8.254330679999929976e-02
1.340999999999999837e+01,3.596000000000000085e+00,9.899548080000213801e+00,6.303548080000214604e+00,6.705644970180001110e+02,1.366981355082000107e+02,-7.838454979998049632e-02
1.341999999999999993e+01,3.596000000000000085e+00,9.893609002324875945e+00,6.297609002324875860e+00,6.710614327559999310e+02,1.367134393631999956e+02,-9.132807980001439452e-02
1.343000000000000149e+01,3.593596541798470767e+00,9.878697144394717355e+00,6.285100602596246588e+00,6.715648129460000746e+02,1.367211264921999998e+02,-9.624325180000919966e-02
1.343999999999999950e+01,3.585581021179607308e+00,9.851007164075006983e+00,6.265426142895400119e+00,6.720694415420000496e+02,1.367069377251999924e+02,-7.608080379997020359e-02
1.345000000000000107e+01,3.576759884058864802e+00,9.849633855072394084e+00,6.272873971013529726e+00,6.725449783700000808e+02,1.367110780101999978e+02,-6.798957179998990630e-02
1.345999999999999908e+01,3.584894846984928218e+00,9.875441184591885246e+00,6.290546337606956584e+00,6.730398913240001093e+02,1.367442707941999913e+02,-8.799671079997049838e-02
1.347000000000000064e+01,3.608005286192254246e+00,9.922834214365375161e+00,6.314828928173121803e+00,6.735505451219999031e+02,1.367473650761999977e+02,-9.289406079996649634e-02
1.347999999999999865e+01,3.599556578159949005e+00,9.921426096359990510e+00,6.321869518200042393e+00,6.740557704000000285e+02,1.367051791181999931e+02,-6.863267779996590212e-02
1.349000000000000021e+01,3.596999999999999975e+00,9.920999999999999375e+00,6.323999999999999844e+00,6.745456273400000100e+02,1.367041130691999911e+02,-6.451991780000369825e-02
1.349999999999999822e+01,3.601078568089731480e+00,9.923379164719010603e+00,6.322300596629278679e+00,6.750333544239999810e+02,1.367579084191999925e+02,-9.060138180001349462e-02
1.350999999999999979e+01,3.618150516870298983e+00,9.933337801507674314e+00,6.315187284637375775e+00,6.755318304820000321e+02,1.367813202721999915e+02,-1.015731617999799941e-01
1.352000000000000135e+01,3.605430628052500808e+00,9.911957329517701254e+00,6.306526701465200446e+00,6.760476981060000981e+02,1.367457162311999923e+02,-8.733269779997179794e-02
1.352999999999999936e+01,3.596000000000000085e+00,9.893142027269460570e+00,6.297142027269461373e+00,6.765500749959999212e+02,1.367183388752000042e+02,-7.812429180001399798e-02
1.354000000000000092e+01,3.596000000000000085e+00,9.884124555715938953e+00,6.288124555715938868e+00,6.770477250060000642e+02,1.367386774571999979e+02,-9.508545180000900487e-02
1.354999999999999893e+01,3.596000000000000085e+00,9.885490289446092760e+00,6.289490289446093563e+00,6.775458862220000356e+02,1.367500589512000033e+02,-1.040148447999670045e-01
1.356000000000000050e+01,3.607571252636641912e+00,9.890450481783323866e+00,6.282879229146682398e+00,6.780564758759999222e+02,1.367191793952000012e+02,-8.479219079996200281e-02
1.356999999999999851e+01,3.625400802395001509e+00,9.892740897704790370e+00,6.267340095309788417e+00,6.785594514879999224e+02,1.366988581982000142e+02,-7.260852679996160353e-02
1.358000000000000007e+01,3.642622607331130968e+00,9.876236667974332306e+00,6.233614060643201782e+00,6.790563872259999698e+02,1.367141620531999990e+02,-8.555205679999400292e-02
1.359000000000000163e+01,3.632135903748550998e+00,9.858558233071407884e+00,6.226422329322856442e+00,6.795538909459999104e+02,1.367195139801999915e+02,-8.946029080001420553e-02
1.359999999999999964e+01,3.621711134489185024e+00,9.847133403467555723e+00,6.225422268978370255e+00,6.800570943279999483e+02,1.366952028391999932e+02,-7.626249279998090214e-02
1.361000000000000121e+01,3.621025343753132564e+00,9.845076031259397453e+00,6.224050687506265334e+00,6.805573885500000415e+02,1.366867586442000118e+02,-6.112130879999359834e-02
1.361999999999999922e+01,3.612902196957826551e+00,9.822575314652443268e+00,6.209673117694616273e+00,6.810432019200000013e+02,1.367214387011999861e+02,-8.013571279999930075e-02
1.363000000000000078e+01,3.608000000000000096e+00,9.808674311007639091e+00,6.200674311007639439e+00,6.815523773219999839e+02,1.367504341032000070e+02,-1.011248768000140019e-01
1.363999999999999879e+01,3.607936797145365304e+00,9.809453665656596044e+00,6.201516868511231628e+00,6.820647379520000868e+02,1.367236267371999929e+02,-9.191626079999970500e-02
1.365000000000000036e+01,3.607212781041332583e+00,9.826106036049351289e+00,6.218893255008019594e+00,6.825675116079999043e+02,1.366892960851999987e+02,-7.268316979999379923e-02
1.365999999999999837e+01,3.601241596038376347e+00,9.831959733993603123e+00,6.230718137955228109e+00,6.830485025479999877e+02,1.367207207392000043e+02,-8.468711579999399497e-02
1.366999999999999993e+01,3.595188811797948247e+00,9.837720294948701039e+00,6.242531483150752791e+00,6.835404511199999433e+02,1.367707506131999935e+02,-1.107543558000060047e-01
1.368000000000000149e+01,3.595908930127324155e+00,9.855723253183107602e+00,6.259814323055782559e+00,6.840391480240000419e+02,1.367551967882000099e+02,-9.758845679997099620e-02
1.368999999999999950e+01,3.588620752962077720e+00,9.865994184291082547e+00,6.277373431329004383e+00,6.845434882580000249e+02,1.367109676791999959e+02,-7.032004279998470275e-02
1.370000000000000107e+01,3.576223536729596919e+00,9.867111768364798863e+00,6.290888231635201500e+00,6.850344324200000301e+02,1.367259507082000027e+02,-7.726373479999000538e-02
1.370999999999999908e+01,3.558012548766200656e+00,9.858006274383100731e+00,6.299993725616899631e+00,6.855370482640000773e+02,1.367645772122000096e+02,-1.012883567999900009e-01
1.372000000000000064e+01,3.548738645607539155e+00,9.859424823752686251e+00,6.310686178145147096e+00,6.860307546300000467e+02,1.367487172241999929e+02,-9.412252679998550642e-02
1.372999999999999865e+01,3.539153355372709253e+00,9.848306710745417192e+00,6.309153355372709271e+00,6.865413709859999472e+02,1.366998241571999984e+02,-7.083628779996099800e-02
1.374000000000000021e+01,3.532166158356503161e+00,9.827685982452884161e+00,6.295519824096381001e+00,6.870375042699999995e+02,1.366940906222000081e+02,-7.170569679999380663e-02
1.374999999999999822e+01,3.532892922014311043e+00,9.800068963456180171e+00,6.267176041441868684e+00,6.875408032020000064e+02,1.367207508221999888e+02,-9.168792279997579897e-02
1.375999999999999979e+01,3.539965079903839129e+00,9.833358155847864879e+00,6.293393075944025306e+00,6.880534535260001121e+02,1.367239626301999920e+02,-9.558523679999539335e-02
1.377000000000000135e+01,3.558766915859138624e+00,9.869388276990955333e+00,6.310621361131817153e+00,6.885696929900000214e+02,1.366993905802000029e+02,-8.338362479999469890e-02
1.377999999999999936e+01,3.583090316284006871e+00,9.891916204591918671e+00,6.308825888307910468e+00,6.890625443859998995e+02,1.366985061121999934e+02,-7.627081979998970307e-02
1.379000000000000092e+01,3.583794961330303064e+00,9.883460464036364357e+00,6.299665502706060849e+00,6.895505257199999960e+02,1.367303015351999989e+02,-9.627457079997120415e-02
1.379999999999999893e+01,3.571067661658061887e+00,9.874275184062192068e+00,6.303207522404130181e+00,6.900517399440000190e+02,1.367408415461999880e+02,-1.092003418000049991e-01
1.381000000000000050e+01,3.561654097737360747e+00,9.871619224187309527e+00,6.309965126449949224e+00,6.905560242900000958e+02,1.366975931652000043e+02,-8.693543280001460316e-02
1.381999999999999851e+01,3.569279367920482837e+00,9.882017319891566842e+00,6.312737951971084449e+00,6.910417991080000775e+02,1.366803035131999877e+02,-7.276627780000430312e-02
1.383000000000000007e+01,3.592667893289675174e+00,9.904505437223537712e+00,6.311837543933862982e+00,6.915237628299998960e+02,1.367297810372000129e+02,-9.383375779996229460e-02
1.384000000000000163e+01,3.599245212730796784e+00,9.913325671868440381e+00,6.314080459137643153e+00,6.920252084179999201e+02,1.367713597581999920e+02,-1.138690298000010065e-01
1.384999999999999964e+01,3.572819659693991845e+00,9.895245030316941026e+00,6.322425370622950069e+00,6.925325195139998868e+02,1.367452763491999974e+02,-1.016640718000010046e-01
1.386000000000000121e+01,3.562859636104345640e+00,9.885859636104346038e+00,6.323000000000000398e+00,6.930372338080001100e+02,1.367120439512000019e+02,-8.643444980001309397e-02
1.386999999999999922e+01,3.572717072608594169e+00,9.886572357536197231e+00,6.313855284927604394e+00,6.935238447060000908e+02,1.367327539121999962e+02,-1.033993758000100044e-01
1.388000000000000078e+01,3.588038512454902573e+00,9.888385897141050762e+00,6.300347384686148189e+00,6.940302520899999763e+02,1.367575989572000026e+02,-1.203744868000049956e-01
1.388999999999999879e+01,3.542520356515639790e+00,9.851677706867450368e+00,6.309157350351811466e+00,6.945386757779999698e+02,1.367295722832000138e+02,-1.091624317999820015e-01
1.390000000000000036e+01,3.517653646726030203e+00,9.835736579006324476e+00,6.318082932280294273e+00,6.950537716880000971e+02,1.366899389392000046e+02,-8.890788480000010041e-02
1.390999999999999837e+01,3.521428538361788707e+00,9.848468529103088898e+00,6.327039990741300635e+00,6.955480525160000980e+02,1.366991098132000104e+02,-9.383031579999470684e-02
1.391999999999999993e+01,3.555814383886124919e+00,9.892482411374240669e+00,6.336668027488114419e+00,6.960497519099999408e+02,1.367186956632000090e+02,-1.057878867999949984e-01
1.393000000000000149e+01,3.565734635836176114e+00,9.910125481543710535e+00,6.344390845707533977e+00,6.965572075200000199e+02,1.367076271331999919e+02,-9.863590279999019661e-02
1.393999999999999950e+01,3.579555119365009475e+00,9.923573819629588399e+00,6.344018700264578925e+00,6.970731617720000486e+02,1.366880504512000130e+02,-8.545197180001350146e-02
1.395000000000000107e+01,3.597526300096285823e+00,9.934260448779671293e+00,6.336734148683384582e+00,6.975541221940000014e+02,1.367024634901999889e+02,-9.239587379996190564e-02
1.395999999999999908e+01,3.624951641657590429e+00,9.951840795934353778e+00,6.326889154276762461e+00,6.980426732860000811e+02,1.367242787611999972e+02,-1.113642807999680046e-01
1.397000000000000064e+01,3.619760046331807146e+00,9.944819242625262845e+00,6.325059196293454811e+00,6.985538108799999009e+02,1.367013549481999917e+02,-1.171697357999959971e-01
1.397999999999999865e+01,3.601221159815318096e+00,9.926407698993156004e+00,6.325186539177837908e+00,6.990687642739999319e+02,1.366466749731999926e+02,-1.008621607999769937e-01
1.399000000000000021e+01,3.583825083086501273e+00,9.906924093056881375e+00,6.323099009970380102e+00,6.995519739179999306e+02,1.366392303071999947e+02,-9.372835579997100541e-02
1.399999999999999822e+01,3.599334748536324291e+00,9.913187289355983367e+00,6.313852540819659076e+00,7.000273783039999671e+02,1.366983354051999981e+02,-1.188312878000059997e-01
1.400999999999999979e+01,3.622179884881520540e+00,9.926197763166392463e+00,6.304017878284871479e+00,7.005328147239999907e+02,1.367401844581999910e+02,-1.268665477999869895e-01
1.402000000000000135e+01,3.644878356617219151e+00,9.936742481602667709e+00,6.291864124985449003e+00,7.010441743159999533e+02,1.367133624292000036e+02,-1.056580247999719946e-01
1.402999999999999936e+01,3.644157663754899357e+00,9.911518231421471370e+00,6.267360567666571569e+00,7.015432690959999036e+02,1.366908376682000039e+02,-8.746741079999950652e-02
1.404000000000000092e+01,3.617601676212728101e+00,9.891992726153693738e+00,6.274391049940963860e+00,7.020255440660000659e+02,1.367173168971999928e+02,-1.024536427999870047e-01
1.404999999999999893e+01,3.594738804324187686e+00,9.883656739461377683e+00,6.288917935137189552e+00,7.025324065459999474e+02,1.367341891101999920e+02,-1.154004977999630033e-01
1.406000000000000050e+01,3.594021780952195488e+00,9.893695066669263127e+00,6.299673285717067195e+00,7.030469349180000336e+02,1.367045006381999883e+02,-1.061812348000050060e-01
1.406999999999999851e+01,3.576263331571218895e+00,9.902513600845814778e+00,6.326250269274595439e+00,7.035631748260000222e+02,1.366799215322000123e+02,-9.597961080001500556e-02
1.408000000000000007e+01,3.574936725304493468e+00,9.916177243379131312e+00,6.341240518074638288e+00,7.040626508119999016e+02,1.367033656881999946e+02,-1.139513277999869983e-01
1.409000000000000163e+01,3.586620282934684933e+00,9.931882547126035021e+00,6.345262264191351420e+00,7.045665177260000291e+02,1.367200739602000112e+02,-1.248982578000100013e-01
1.409999999999999964e+01,3.604288483764568785e+00,9.941070011557576080e+00,6.336781527793006852e+00,7.050736582720001024e+02,1.366969785992000084e+02,-1.147038927999620012e-01
1.411000000000000121e+01,3.586527124645857434e+00,9.923178884288484269e+00,6.336651759642625947e+00,7.055848482020001029e+02,1.366731305062000104e+02,-9.950593879997619851e-02
1.411999999999999922e+01,3.571775336829051017e+00,9.912123698761325485e+00,6.340348361932274024e+00,7.060647512539999298e+02,1.366885166662000017e+02,-9.745345079996760307e-02
1.413000000000000078e+01,3.580909405847051197e+00,9.928986595409940108e+00,6.348077189562889799e+00,7.065571232939998936e+02,1.367135797331999925e+02,-1.094324207999679971e-01
1.413999999999999879e+01,3.598264503828742189e+00,9.938156381684645879e+00,6.339891877855904134e+00,7.070676897979999467e+02,1.367006572402000018e+02,-1.102732558000009966e-01
1.415000000000000036e+01,3.579025158584623778e+00,9.923098080124745479e+00,6.344072921540122145e+00,7.075729736279999997e+02,1.366574482181999883e+02,-9.300829580000470609e-02
1.415999999999999837e+01,3.535477532297934822e+00,9.892068820341608060e+00,6.356591288043674126e+00,7.080533023680000042e+02,1.366478322911999896e+02,-8.686747779997680552e-02
1.416999999999999993e+01,3.560166808345749612e+00,9.892754633565159494e+00,6.332587825219409439e+00,7.085338963199999398e+02,1.366862137692000090e+02,-1.078961147999920045e-01
1.418000000000000149e+01,3.580927024571320061e+00,9.914945725211229188e+00,6.334018700639909127e+00,7.090371367000000191e+02,1.367138970331999985e+02,-1.208819177999680000e-01
1.418999999999999950e+01,3.588859767650339982e+00,9.926663442360815992e+00,6.337803674710476010e+00,7.095426525600000787e+02,1.367017161372000089e+02,-1.137264407999619975e-01
1.420000000000000107e+01,3.570690950204139735e+00,9.883058280489935399e+00,6.312367330285795219e+00,7.100459439020000900e+02,1.366934111872000130e+02,-1.075851397999910003e-01
1.420999999999999908e+01,3.544719128103508421e+00,9.870468882847177383e+00,6.325749754743670294e+00,7.105472443099999964e+02,1.367199856132000093e+02,-1.195674557999920062e-01
1.422000000000000064e+01,3.556913214577546611e+00,9.890913214577546242e+00,6.333999999999999631e+00,7.110681401360000109e+02,1.367366715562000081e+02,-1.285105058000060030e-01
1.422999999999999865e+01,3.596531378460954720e+00,9.927271644496995506e+00,6.330740266036041675e+00,7.115718859080000129e+02,1.367204043581999997e+02,-1.153409667999729937e-01
1.424000000000000021e+01,3.615119469402221952e+00,9.928701497646324370e+00,6.313582028244102418e+00,7.120669874140000957e+02,1.366976480732000141e+02,-9.815043079997690101e-02
1.424999999999999822e+01,3.612266054092273748e+00,9.922266054092274246e+00,6.309999999999999609e+00,7.125482323819999237e+02,1.367070763282000030e+02,-1.030766697999720011e-01
1.425999999999999979e+01,3.614382637752869609e+00,9.923737819464188092e+00,6.309355181711317151e+00,7.130566627719999815e+02,1.367140289161999931e+02,-1.139881657999970016e-01
1.427000000000000135e+01,3.641127034850637934e+00,9.948424955246743195e+00,6.307297920396105262e+00,7.135569300279998970e+02,1.366885166582000011e+02,-1.097868417999769974e-01
1.427999999999999936e+01,3.660051849046993766e+00,9.951999999999999957e+00,6.291948150953006191e+00,7.140614176619999398e+02,1.366592565642000068e+02,-1.005713237999630028e-01
1.429000000000000092e+01,3.659128531999801481e+00,9.938619731692062587e+00,6.279491199692261993e+00,7.145469972260000304e+02,1.366629367191999904e+02,-1.014762927999959957e-01
1.429999999999999893e+01,3.632404472500496695e+00,9.905728581539072763e+00,6.273324109038576069e+00,7.150387126579998949e+02,1.366819561071999942e+02,-1.124340797999630048e-01
1.431000000000000050e+01,3.649391332136310062e+00,9.912488307139835086e+00,6.263096975003525024e+00,7.155544153240000469e+02,1.366843370162000042e+02,-1.173277897999590036e-01
1.431999999999999851e+01,3.657000000000000028e+00,9.921452341446823198e+00,6.264452341446822281e+00,7.160725947599999017e+02,1.366608738042000084e+02,-1.061296647999900034e-01
1.433000000000000007e+01,3.657000000000000028e+00,9.923669356324548829e+00,6.266669356324548801e+00,7.165728892039999209e+02,1.366524260811999909e+02,-9.198847479998099874e-02
1.434000000000000163e+01,3.657000000000000028e+00,9.906199530038795942e+00,6.249199530038795913e+00,7.170625789660000464e+02,1.366893802621999896e+02,-9.700994879997650033e-02
1.434999999999999964e+01,3.641442988327658892e+00,9.894623147561047105e+00,6.253180159233388657e+00,7.175679592760000105e+02,1.367322135711999920e+02,-1.090487197999770036e-01
1.436000000000000121e+01,3.642847848713403280e+00,9.897106422803906511e+00,6.254258574090504119e+00,7.180707380799999555e+02,1.367328868772000021e+02,-1.049392217999570026e-01
1.436999999999999922e+01,3.669000000000000039e+00,9.915040120013335567e+00,6.246040120013335972e+00,7.185669526219999170e+02,1.367081802712000069e+02,-9.074157680000459469e-02
1.438000000000000078e+01,3.669000000000000039e+00,9.923216125905922169e+00,6.254216125905923462e+00,7.190477117539999199e+02,1.367085732712000095e+02,-9.363603379999040077e-02
1.438999999999999879e+01,3.673854392734251295e+00,9.937113318196356460e+00,6.263258925462105609e+00,7.195511251259999881e+02,1.367332296792000079e+02,-1.156111777999820067e-01
1.440000000000000036e+01,3.679433383139426805e+00,9.953084580903473366e+00,6.273651197764047005e+00,7.200480864559999645e+02,1.367305376632000105e+02,-1.194911528000009993e-01
1.440999999999999837e+01,3.670132897033136832e+00,9.959523378977060304e+00,6.289390481943923028e+00,7.205435310600000776e+02,1.367017735302000006e+02,-1.072793768000000064e-01
1.441999999999999993e+01,3.661542876490364584e+00,9.947547659354926353e+00,6.286004782864561768e+00,7.210297932680000486e+02,1.366934944372000018e+02,-1.021419618000039969e-01
1.443000000000000149e+01,3.662449273467975441e+00,9.939869564080785480e+00,6.277420290612809595e+00,7.215288958599999205e+02,1.367059312981999994e+02,-1.110748687999630058e-01
1.443999999999999950e+01,3.681000000000000050e+00,9.950995163332041926e+00,6.269995163332040100e+00,7.220461081060000197e+02,1.366994121182000015e+02,-1.079367907999770060e-01
1.445000000000000107e+01,3.681000000000000050e+00,9.949528805810592402e+00,6.268528805810592353e+00,7.225598941719999857e+02,1.366827235981999991e+02,-9.276351879998999406e-02
1.445999999999999908e+01,3.652333238750707256e+00,9.914872903274652316e+00,6.262539664523944616e+00,7.230611605100000361e+02,1.366923428572000034e+02,-8.368588679997619739e-02
1.447000000000000064e+01,3.621779684166264612e+00,9.876325959486932149e+00,6.254546275320667981e+00,7.235439195399999335e+02,1.367278855652000118e+02,-9.270394879999009630e-02
1.447999999999999865e+01,3.640346049262665584e+00,9.887751414930871618e+00,6.247405365668205590e+00,7.240563436479999382e+02,1.367350626212000009e+02,-1.046153547999909977e-01
1.449000000000000021e+01,3.651556865514093975e+00,9.902788541639237607e+00,6.251231676125142300e+00,7.245743240140000125e+02,1.366975440902000116e+02,-9.936772479999529673e-02
1.449999999999999822e+01,3.635192523197064762e+00,9.894263252200280689e+00,6.259070729003214595e+00,7.250834314559999711e+02,1.366575405282000020e+02,-8.711325579999500135e-02
1.450999999999999979e+01,3.586251014373514234e+00,9.854457491690459037e+00,6.268206477316944358e+00,7.255516968960000668e+02,1.366662383802000136e+02,-8.903978580000450338e-02
1.452000000000000135e+01,3.597946192780538066e+00,9.866946192780538638e+00,6.269000000000000128e+00,7.260424446940000962e+02,1.367022088562000022e+02,-1.060576318000009954e-01
1.452999999999999936e+01,3.619727115682406904e+00,9.889080646673583885e+00,6.269353530991177870e+00,7.265434848160000456e+02,1.367157933631999924e+02,-1.049940917999669932e-01
1.454000000000000092e+01,3.644066600789715782e+00,9.914066600789716688e+00,6.269999999999999574e+00,7.270492266700000528e+02,1.366996507471999962e+02,-8.882452880000399342e-02
1.454999999999999893e+01,3.653048536756041464e+00,9.923048536756041926e+00,6.269999999999999574e+00,7.275277018439999210e+02,1.367049568692000037e+02,-8.173676279999919636e-02
1.456000000000000050e+01,3.668497007140839816e+00,9.926480654120801717e+00,6.257983646979961456e+00,7.280177917020000677e+02,1.367349048341999946e+02,-9.173346179998999317e-02
1.456999999999999851e+01,3.681788141210942555e+00,9.924033976953197111e+00,6.242245835742254556e+00,7.285241661259999546e+02,1.367427770721999991e+02,-9.264859479996730152e-02
1.458000000000000007e+01,3.681064646067350399e+00,9.913905044942906031e+00,6.232840398875556076e+00,7.290252015440000832e+02,1.367213505651999981e+02,-7.846144980001350244e-02
1.459000000000000163e+01,3.658059679606023629e+00,9.903699870110550307e+00,6.245640190504526679e+00,7.295222755380000308e+02,1.367166829811999946e+02,-7.633439080000420374e-02
1.459999999999999964e+01,3.650989890986277242e+00,9.898873736373284160e+00,6.247883845387007362e+00,7.300179860200000803e+02,1.367359056692000081e+02,-9.429205179997640629e-02
1.461000000000000121e+01,3.667824956347823129e+00,9.900978119543477618e+00,6.233153163195654045e+00,7.305442437379999774e+02,1.367288517201999980e+02,-1.051501658000009998e-01
1.461999999999999922e+01,3.659232889631993668e+00,9.882735186733318855e+00,6.223502297101325631e+00,7.310572876779999660e+02,1.366900745222000069e+02,-9.289914780000009531e-02
1.463000000000000078e+01,3.667740907342857959e+00,9.886386187264834646e+00,6.218645279921977576e+00,7.315580389940000714e+02,1.366736257432000059e+02,-8.272965380000890656e-02
1.463999999999999879e+01,3.683572408815327659e+00,9.900715355071266544e+00,6.217142946255938440e+00,7.320381444459999329e+02,1.367030143021999891e+02,-8.972658080001369441e-02
1.465000000000000036e+01,3.691471197462996567e+00,9.909332215414178080e+00,6.217861017951181068e+00,7.325367901659999461e+02,1.367234522191999986e+02,-9.468779180000980178e-02
1.465999999999999837e+01,3.671521052861950185e+00,9.881764766395432886e+00,6.210243713533482257e+00,7.330478106559999105e+02,1.367025745342000107e+02,-8.650040079997099729e-02
1.466999999999999993e+01,3.664859139689534917e+00,9.870514067996996488e+00,6.205654928307461127e+00,7.335575183739999829e+02,1.366696024352000052e+02,-7.827063179998990095e-02
1.468000000000000149e+01,3.682252724048216130e+00,9.888747593383612866e+00,6.206494869335396736e+00,7.340428389839998999e+02,1.366602715031999935e+02,-7.212970879996200013e-02
1.468999999999999950e+01,3.725331800742282873e+00,9.914456074636524008e+00,6.189124273894241135e+00,7.345253408359999412e+02,1.366827749002000019e+02,-8.210183080000940659e-02
1.470000000000000107e+01,3.748682652357200329e+00,9.925000000000000711e+00,6.176317347642799049e+00,7.350369090859999233e+02,1.367049415882000005e+02,-9.006628579999050033e-02
1.470999999999999908e+01,3.752966180607754776e+00,9.922092589749098579e+00,6.169126409141343359e+00,7.355315305700000863e+02,1.367081434222000098e+02,-8.896754280001380188e-02
1.472000000000000064e+01,3.736410104634932949e+00,9.906226350275144199e+00,6.169816245640211250e+00,7.360265499300001011e+02,1.367043743202000030e+02,-8.284408479998629782e-02
1.472999999999999865e+01,3.743963407705753976e+00,9.924969742795047623e+00,6.181006335089293202e+00,7.365075092419999692e+02,1.367188049991999890e+02,-8.478801679999449503e-02
1.474000000000000021e+01,3.754399861609924560e+00,9.949814275829279353e+00,6.195414414219355237e+00,7.370234129759999178e+02,1.367352094752000085e+02,-9.273117779997609722e-02
1.474999999999999822e+01,3.744746734710219016e+00,9.949124766765015337e+00,6.204378032054797210e+00,7.375264197720000539e+02,1.367318893091999996e+02,-8.860753980001490060e-02
1.475999999999999979e+01,3.735997729513453436e+00,9.934995459026907838e+00,6.198997729513453514e+00,7.380228356039999653e+02,1.367212027422000062e+02,-7.845933979996640162e-02
1.477000000000000135e+01,3.730735848353196271e+00,9.924735848353197554e+00,6.193999999999999950e+00,7.385103540299999167e+02,1.367260093751999932e+02,-7.536782579997999831e-02
1.477999999999999936e+01,3.730061039778510779e+00,9.924061039778511173e+00,6.193999999999999950e+00,7.390166162339999119e+02,1.367358501251999883e+02,-8.428998079999540372e-02
1.479000000000000092e+01,3.737776563159364684e+00,9.932424610089311656e+00,6.194648046929946972e+00,7.395351697300000069e+02,1.367233836242000109e+02,-8.513064779997199516e-02
1.479999999999999893e+01,3.725272587704469007e+00,9.931879363583000497e+00,6.206606775878531934e+00,7.400283343720000175e+02,1.366994691092000096e+02,-8.093654080000929618e-02
1.481000000000000050e+01,3.693553356856336123e+00,9.921953886928639221e+00,6.228400530072303098e+00,7.405175355920000584e+02,1.366923452691999898e+02,-7.980257379997660050e-02
1.481999999999999851e+01,3.701715074061129762e+00,9.921273743828239233e+00,6.219558669767109471e+00,7.410055990719999954e+02,1.367051535091999881e+02,-8.873924679998999865e-02
1.483000000000000007e+01,3.716854782362037479e+00,9.928295250684330497e+00,6.211440468322293462e+00,7.415183077260001028e+02,1.367073457811999901e+02,-9.863298979998079419e-02
1.484000000000000163e+01,3.728749105612616521e+00,9.940982351608447232e+00,6.212233245995832043e+00,7.420219993860000613e+02,1.366920310872000073e+02,-9.846690779998119869e-02
1.484999999999999964e+01,3.719639639995409031e+00,9.957099098469662124e+00,6.237459458474251761e+00,7.425331906480000725e+02,1.366681618261999915e+02,-8.926891779996709575e-02
1.486000000000000121e+01,3.731868402787372752e+00,9.982189444459796945e+00,6.250321041672423306e+00,7.430232742480000070e+02,1.366631234731999882e+02,-7.914205379997650558e-02
1.486999999999999922e+01,3.736178868016204468e+00,9.992391814325767285e+00,6.256212946309561929e+00,7.435279097679999722e+02,1.366839104402000089e+02,-8.210315079996149956e-02
1.488000000000000078e+01,3.717594892732282830e+00,9.971663534201391954e+00,6.254068641469109124e+00,7.440322607420000622e+02,1.367096821911999882e+02,-8.708191080001480289e-02
1.488999999999999879e+01,3.709451442906645635e+00,9.981293486945483906e+00,6.271842044038837827e+00,7.445249413659998936e+02,1.367117892992000066e+02,-8.097970479998520266e-02
1.490000000000000036e+01,3.716162053569275869e+00,9.995380357140870586e+00,6.279218303571593829e+00,7.450232973919999040e+02,1.367022080421999988e+02,-7.283498580000369316e-02
1.490999999999999837e+01,3.725700788134755026e+00,1.000689238881314580e+01,6.281191600678390330e+00,7.455206882259999475e+02,1.367095390652000049e+02,-8.175025979996239367e-02
1.491999999999999993e+01,3.672209448940930709e+00,9.980503328144193276e+00,6.308293879203262122e+00,7.460324857999999040e+02,1.367276911131999952e+02,-9.570053879997250657e-02
1.493000000000000149e+01,3.662437723253718858e+00,9.967067938268669991e+00,6.304630215014951133e+00,7.465203473239998857e+02,1.367264898981999863e+02,-9.758778479998210520e-02
1.493999999999999950e+01,3.675413719198440621e+00,9.965608528150381673e+00,6.290194808951941496e+00,7.470092893680000543e+02,1.367063584992000074e+02,-8.840793179996669915e-02
1.495000000000000107e+01,3.701313047024177294e+00,9.981708110312325744e+00,6.280395063288149338e+00,7.474940413300000728e+02,1.367069900792000112e+02,-8.830232279996659550e-02
1.495999999999999908e+01,3.643541448621796963e+00,9.931760231328526700e+00,6.288218782706730181e+00,7.480040692600000511e+02,1.367210487691999958e+02,-9.823852779995799478e-02
1.497000000000000064e+01,3.613210604159162731e+00,9.905947434288520981e+00,6.292736830129359582e+00,7.485072479380000914e+02,1.367147193872000059e+02,-9.810426079995850090e-02
1.497999999999999865e+01,3.632021955924952472e+00,9.922033839133382216e+00,6.290011883208429744e+00,7.490064573800000289e+02,1.366901873061999879e+02,-8.290655879997090028e-02
1.499000000000000021e+01,3.693488279181018186e+00,9.984214887078470824e+00,6.290726607897454414e+00,7.495014190760000474e+02,1.366874271561999876e+02,-7.378665380001339646e-02
1.499999999999999822e+01,3.705767758309655768e+00,9.990926992630676295e+00,6.285159234321021415e+00,7.500018912160001037e+02,1.367109635911999987e+02,-8.175840979999600411e-02
1.500999999999999979e+01,3.696760643250403433e+00,9.970380851460031835e+00,6.273620208209628402e+00,7.505221878760000891e+02,1.367206004312000118e+02,-9.167672979998529870e-02
1.502000000000000135e+01,3.714349287806836486e+00,9.971787943024546408e+00,6.257438655217710810e+00,7.510354346599999644e+02,1.366958185761999971e+02,-9.047511480001020623e-02
1.502999999999999936e+01,3.731856739518488730e+00,9.986856739518488624e+00,6.254999999999999893e+00,7.515463121899999805e+02,1.366599013162000062e+02,-8.423470779998140645e-02
1.504000000000000092e+01,3.731733281724449292e+00,9.979796309916645569e+00,6.248063028192195389e+00,7.520344582600000649e+02,1.366537153172000103e+02,-8.410429079998099633e-02
1.504999999999999893e+01,3.705317112691055570e+00,9.935531378022849580e+00,6.230214265331794898e+00,7.525288838240001041e+02,1.366778975421999860e+02,-9.507968980000550130e-02
1.506000000000000050e+01,3.723692170202164586e+00,9.960881466433766818e+00,6.237189296231601787e+00,7.530326928520000820e+02,1.366956182941999884e+02,-1.020301788000110010e-01
1.506999999999999851e+01,3.725526910491228527e+00,9.965526910491227852e+00,6.240000000000000213e+00,7.535294500059999336e+02,1.366789521032000039e+02,-8.886078679997669316e-02
1.508000000000000007e+01,3.712465682001657719e+00,9.952791230119206745e+00,6.240325548117549914e+00,7.540214998359999754e+02,1.366570161331999884e+02,-7.367383679998970591e-02
1.509000000000000163e+01,3.677041358386331726e+00,9.919450690245959379e+00,6.242409331859628097e+00,7.545116159520000565e+02,1.366689576432000024e+02,-7.760696280000850544e-02
1.509999999999999964e+01,3.679915701820812846e+00,9.928598610621969911e+00,6.248682908801157510e+00,7.550150843240000995e+02,1.366926474352000014e+02,-9.057862579998650354e-02
1.511000000000000121e+01,3.692000000000000171e+00,9.945999999999999730e+00,6.253999999999999559e+00,7.555029451820000759e+02,1.366914568041999871e+02,-8.946588980001020375e-02
1.511999999999999922e+01,3.692000000000000171e+00,9.945999999999999730e+00,6.253999999999999559e+00,7.559996466699999473e+02,1.366757678131999967e+02,-8.229999680000410489e-02
1.513000000000000078e+01,3.692000000000000171e+00,9.959654041959417725e+00,6.267654041959419331e+00,7.564997478580000916e+02,1.366882581451999954e+02,-9.223287679999629673e-02
1.513999999999999879e+01,3.704017636431359506e+00,9.985240049231565607e+00,6.281222412800207877e+00,7.570244111859999521e+02,1.367091338042000075e+02,-1.101899287999680010e-01
1.515000000000000036e+01,3.729498150780957921e+00,1.001861680709157199e+01,6.289118656310613176e+00,7.575354637479999838e+02,1.367052430381999955e+02,-1.140625397999859986e-01
1.515999999999999837e+01,3.738815234263679343e+00,1.001144981979716952e+01,6.272634585533490181e+00,7.580317925080000805e+02,1.366785361681999973e+02,-1.008578188000100045e-01
1.516999999999999993e+01,3.725150086404954042e+00,9.997914530529575572e+00,6.272764444124621086e+00,7.585249280059999819e+02,1.366726739721999877e+02,-8.972736279998559661e-02
1.518000000000000149e+01,3.705504963448935207e+00,9.986894160478721361e+00,6.281389197029786153e+00,7.590154152959999010e+02,1.366956580572000064e+02,-9.269935879997280581e-02
1.518999999999999950e+01,3.714521502481873405e+00,1.000423365861898795e+01,6.289712156137113652e+00,7.595213918439999361e+02,1.367105012311999985e+02,-9.863920680000100305e-02
1.520000000000000107e+01,3.710339235650258694e+00,1.001412366488441741e+01,6.303784429234157827e+00,7.600164381279998906e+02,1.366887150901999917e+02,-8.945215779998580419e-02
1.520999999999999908e+01,3.695732409473811764e+00,1.001356079570645541e+01,6.317828386232643645e+00,7.605184431780000978e+02,1.366503057431999935e+02,-7.820489979996160523e-02
1.522000000000000064e+01,3.670883074304423843e+00,9.997212548884489181e+00,6.326329474580066226e+00,7.610090415360000407e+02,1.366362538541999925e+02,-7.604617280000920687e-02
1.522999999999999865e+01,3.680203769335435027e+00,9.994546298820592867e+00,6.314342529485158728e+00,7.615039805260000776e+02,1.366514437111999882e+02,-8.898974479998629505e-02
1.524000000000000021e+01,3.704334059081991093e+00,1.000659401553707184e+01,6.302259956455080747e+00,7.620057939159999023e+02,1.366690328251999915e+02,-1.009402457999870051e-01
1.524999999999999822e+01,3.740591525116001570e+00,1.004067603360904215e+01,6.300084508493039692e+00,7.625079748860000564e+02,1.366626358601999982e+02,-1.038059817999719969e-01
1.525999999999999979e+01,3.733921505005957098e+00,1.000901281210765781e+01,6.275091307101701155e+00,7.630185977220000950e+02,1.366487255831999903e+02,-1.016432997999630050e-01
1.527000000000000135e+01,3.725475623767395827e+00,9.985343363298669672e+00,6.259867739531273401e+00,7.635180992999999035e+02,1.366541738681999902e+02,-1.105514617999770050e-01
1.527999999999999936e+01,3.719170634197388470e+00,9.972713658576886075e+00,6.253543024379497162e+00,7.640272426300000461e+02,1.366661823512000069e+02,-1.194806237999929965e-01
1.529000000000000092e+01,3.772417556407121175e+00,1.001475070242667442e+01,6.242333146019553247e+00,7.645182108300000436e+02,1.366631942051999999e+02,-1.103608027999779945e-01
1.529999999999999893e+01,3.781648555645582555e+00,1.001528261550926757e+01,6.233634059863685906e+00,7.650111742239998875e+02,1.366603447532000075e+02,-9.424098179995729629e-02
1.531000000000000050e+01,3.772301491869894718e+00,9.996767163956631563e+00,6.224465672086736845e+00,7.654965547599999809e+02,1.366850546912000084e+02,-9.322017679998199913e-02
1.531999999999999851e+01,3.800682152043319384e+00,1.000622738401443890e+01,6.205545231971120401e+00,7.660005085239999971e+02,1.367177867942000091e+02,-1.062236337999580005e-01
1.533000000000000007e+01,3.819611561815321021e+00,9.994388438184678591e+00,6.174776876369358014e+00,7.665086801820000346e+02,1.367117247671999962e+02,-1.110892318000109985e-01
1.534000000000000163e+01,3.817612020453593047e+00,9.971612020453592962e+00,6.153999999999999915e+00,7.669998180019999836e+02,1.366706775831999892e+02,-1.038351108000060002e-01
1.534999999999999964e+01,3.783044610691446596e+00,9.937044610691447843e+00,6.153999999999999915e+00,7.674891601419999461e+02,1.366435399682000025e+02,-9.963048279998619472e-02
1.536000000000000121e+01,3.811521888591606455e+00,9.973788233418499516e+00,6.162266344826893061e+00,7.679743994939999538e+02,1.366531821071999957e+02,-1.085566138000010061e-01
1.536999999999999922e+01,3.833540209954867883e+00,9.986570333170659453e+00,6.153030123215790681e+00,7.684863092880000295e+02,1.366693656431999955e+02,-1.144998707999729942e-01
1.538000000000000078e+01,3.838471220405550000e+00,9.964765464486658786e+00,6.126294244081109674e+00,7.690022377259999757e+02,1.366677883602000065e+02,-1.093795007999770058e-01
1.538999999999999879e+01,3.801156641903450151e+00,9.919987970284140033e+00,6.118831328380689882e+00,7.695199046239999916e+02,1.366533034041999883e+02,-1.002131787999629986e-01
1.540000000000000036e+01,3.840026691772028933e+00,9.948932305518317420e+00,6.108905613746287599e+00,7.700281867260000581e+02,1.366453010891999895e+02,-8.907180279999529771e-02
1.540999999999999837e+01,3.862646771345275010e+00,9.960058464181594573e+00,6.097411692836319119e+00,7.705252324640000552e+02,1.366586717122000039e+02,-8.400837080000020385e-02
1.541999999999999993e+01,3.809272058754074930e+00,9.893340073442592697e+00,6.084068014688519099e+00,7.710248197819998950e+02,1.366801614681999979e+02,-8.997308979997180323e-02
1.543000000000000149e+01,3.815622322694027790e+00,9.906240963958570234e+00,6.090618641264543776e+00,7.715234928699999273e+02,1.366825752901999920e+02,-9.387069779999139552e-02
1.543999999999999950e+01,3.840231714570933264e+00,9.942937000332754849e+00,6.102705285761821585e+00,7.720348562359999960e+02,1.366556932851999875e+02,-8.966207279997219504e-02
1.545000000000000107e+01,3.832009214091038007e+00,9.933344083106209865e+00,6.101334869015173190e+00,7.725347256160000597e+02,1.366371519632000116e+02,-9.048546380000530021e-02
1.545999999999999908e+01,3.816167320461421486e+00,9.924913621003025099e+00,6.108746300541604057e+00,7.730400482200000170e+02,1.366459091222000097e+02,-1.074040568000009938e-01
1.547000000000000064e+01,3.820032439351831233e+00,9.931691897273646319e+00,6.111659457921815530e+00,7.735234618179999870e+02,1.366524421592000067e+02,-1.163196247999579991e-01
1.547999999999999865e+01,3.861786463203975117e+00,9.964167249158647266e+00,6.102380785954672149e+00,7.740069564519999403e+02,1.366400056532000065e+02,-1.091681448000099974e-01
1.549000000000000021e+01,3.861342046478058787e+00,9.969554829460161471e+00,6.108212782982103128e+00,7.744951568559999941e+02,1.366328636222000057e+02,-9.703426480001040022e-02
1.549999999999999822e+01,3.861297055666945255e+00,9.980594111333891405e+00,6.119297055666945262e+00,7.749913498440000694e+02,1.366611744852000072e+02,-1.020237978000060053e-01
1.550999999999999979e+01,3.878083403080022862e+00,1.001416680616004662e+01,6.136083403080022869e+00,7.755054000120001092e+02,1.366925010102000044e+02,-1.090200108000110024e-01
1.552000000000000135e+01,3.895804733414759191e+00,1.002495408270249477e+01,6.129149349287734694e+00,7.760101742320000540e+02,1.366933094821999930e+02,-9.891050679996360451e-02
1.552999999999999936e+01,3.883547269756434606e+00,1.000890934786713693e+01,6.125362078110702768e+00,7.765099823959999412e+02,1.366758335602000045e+02,-8.073754679999040063e-02
1.554000000000000092e+01,3.843702021892147158e+00,9.971201427217986080e+00,6.127499405325838921e+00,7.769992695779999394e+02,1.366847476631999996e+02,-7.766013080000530588e-02
1.554999999999999893e+01,3.878963122551207565e+00,9.996091615918500040e+00,6.117128493367292030e+00,7.774954066780001085e+02,1.367140392542000029e+02,-8.765316879999540678e-02
1.556000000000000050e+01,3.881635514789327779e+00,1.000009046769045007e+01,6.118454952901123178e+00,7.780077165679999780e+02,1.367232165741999950e+02,-9.857165079996260681e-02
1.556999999999999851e+01,3.861255226918495431e+00,9.988740143316944042e+00,6.127484916398449499e+00,7.785149161100000583e+02,1.366990910931999963e+02,-9.737369679998669758e-02
1.558000000000000007e+01,3.835016817398976929e+00,9.972168516251985082e+00,6.137151698853008597e+00,7.790186344720000307e+02,1.366657628881999926e+02,-9.314402979996790066e-02
1.559000000000000163e+01,3.849518869834992696e+00,9.988518869834992486e+00,6.139000000000000234e+00,7.794997919239999646e+02,1.366591778961999921e+02,-9.301375979996759358e-02
1.559999999999999964e+01,3.867206625938286901e+00,1.000641325187657316e+01,6.139206625938286699e+00,7.799927330559999064e+02,1.366742713952000088e+02,-1.009574038000059931e-01
1.561000000000000121e+01,3.867892413004434093e+00,1.000778482600886754e+01,6.139892413004433891e+00,7.804848465860000033e+02,1.366863163191999888e+02,-1.078904698000110046e-01
1.561999999999999922e+01,3.875814697204526649e+00,1.002302826385485979e+01,6.147213566650332695e+00,7.809934147880001092e+02,1.366733045242000060e+02,-1.017313887999820032e-01
1.563000000000000078e+01,3.872893343694665091e+00,1.002894667184733279e+01,6.156053328152667703e+00,7.815033796840000377e+02,1.366533717362000004e+02,-9.254755979996799609e-02
1.563999999999999879e+01,3.854999999999999982e+00,1.001968726009524069e+01,6.164687260095240262e+00,7.820142035880001004e+02,1.366534850262000020e+02,-9.343432880000120122e-02
1.565000000000000036e+01,3.854999999999999982e+00,1.001019976381006060e+01,6.155199763810061064e+00,7.825291663900000003e+02,1.366688270792000139e+02,-1.033739637999920025e-01
1.565999999999999837e+01,3.889807292255022197e+00,1.004043332019232437e+01,6.150626027937302176e+00,7.830237872079999306e+02,1.366720394971999895e+02,-9.927523879997229850e-02
1.566999999999999993e+01,3.923839946560746750e+00,1.007326112617482039e+01,6.149421179614074084e+00,7.835089357140000175e+02,1.366657213091999949e+02,-8.814495080000460392e-02
1.568000000000000149e+01,3.890405986955261852e+00,1.004179387007554070e+01,6.151387883120278843e+00,7.840007629219999217e+02,1.366827792411999951e+02,-8.909572779998099767e-02
1.568999999999999950e+01,3.861849441982044162e+00,1.000845333013886851e+01,6.146603888156824347e+00,7.845117066360000990e+02,1.367158891692000111e+02,-1.080990017999859942e-01
1.570000000000000107e+01,3.847667978837691738e+00,9.993141458557147416e+00,6.145473479719454346e+00,7.850252435580000565e+02,1.367211194321999983e+02,-1.220033047999970061e-01
1.570999999999999908e+01,3.863806964884104467e+00,1.002474697289803807e+01,6.160940008013933600e+00,7.855158111759999429e+02,1.366900594562000038e+02,-1.137845397999590058e-01
1.572000000000000064e+01,3.848432100939083611e+00,9.999537726591226416e+00,6.151105625652141917e+00,7.859998183479999625e+02,1.366686446941999975e+02,-1.046012568000019988e-01
1.572999999999999865e+01,3.835302389026364001e+00,9.974302389026364679e+00,6.139000000000000234e+00,7.864826606340000126e+02,1.366851825791999886e+02,-1.075522107999880017e-01
1.574000000000000021e+01,3.853269623790453124e+00,9.992269623790452471e+00,6.139000000000000234e+00,7.869819631840000511e+02,1.367116606472000058e+02,-1.145345987999910053e-01
1.574999999999999822e+01,3.847191539218625334e+00,9.986191539218625124e+00,6.139000000000000234e+00,7.874935565820001102e+02,1.367158385202000090e+02,-1.114355108000070066e-01
1.575999999999999979e+01,3.833044718094233527e+00,9.967387971503233857e+00,6.134343253409001662e+00,7.880116803519999849e+02,1.366933525082000074e+02,-1.062408848000109957e-01
1.577000000000000135e+01,3.821643316513117394e+00,9.947024207644700411e+00,6.125380891131584349e+00,7.885250393559999793e+02,1.366666021412000021e+02,-9.703224779999600202e-02
1.577999999999999936e+01,3.872101456827958810e+00,9.990754595917563208e+00,6.118653139089605730e+00,7.890158385600000202e+02,1.366665773471999898e+02,-9.692297779999679841e-02
1.579000000000000092e+01,3.875681954609001334e+00,1.000112924404589521e+01,6.125447289436893428e+00,7.895175377319999370e+02,1.366861667251999961e+02,-1.078805547999640013e-01
1.579999999999999893e+01,3.852610830985133461e+00,9.989568954223983610e+00,6.136958123238850149e+00,7.900100493600000391e+02,1.366912371852000092e+02,-1.107888998000060021e-01
1.581000000000000050e+01,3.844114344855837029e+00,9.974700103497715631e+00,6.130585758641877270e+00,7.905181317260000924e+02,1.366691901352000116e+02,-1.025980367999679982e-01
1.581999999999999851e+01,3.894405044993655363e+00,1.003441010444232262e+01,6.140005059448667701e+00,7.910268700340000123e+02,1.366531973481999955e+02,-9.242837479997710604e-02
1.583000000000000007e+01,3.922681671193345654e+00,1.007579036778292192e+01,6.153108696589576709e+00,7.915360705840000719e+02,1.366642039351999927e+02,-1.023539957999679978e-01
1.584000000000000163e+01,3.862200708913853919e+00,1.002504197414610765e+01,6.162841265232253285e+00,7.920432169440000507e+02,1.366761019481999995e+02,-1.102832058000070004e-01
1.584999999999999964e+01,3.870821108109915976e+00,1.002630204989688423e+01,6.155480941786968252e+00,7.925249982660000114e+02,1.366585843002000047e+02,-9.611413479999650344e-02
1.586000000000000121e+01,3.892361314792356808e+00,1.004646401180070825e+01,6.154102697008351441e+00,7.930225828000000092e+02,1.366449702122000076e+02,-8.295532679996310554e-02
1.586999999999999922e+01,3.916906562010073589e+00,1.007987282051371203e+01,6.162966258503637995e+00,7.935118441679999250e+02,1.366718837141999927e+02,-8.794147179995780161e-02
1.588000000000000078e+01,3.847038723227877099e+00,1.000304259555066544e+01,6.156003872322787451e+00,7.940157413780000297e+02,1.367056071291999899e+02,-1.029484518000010063e-01
1.588999999999999879e+01,3.817000000000000171e+00,9.979215647844030812e+00,6.162215647844030642e+00,7.945114189000000806e+02,1.367078570102000015e+02,-1.048461348000099963e-01
1.590000000000000036e+01,3.819799336742230711e+00,9.995287694901426434e+00,6.175488358159195279e+00,7.950028134540000337e+02,1.366798561932000098e+02,-9.463796579996359981e-02
1.590999999999999837e+01,3.853035700487830173e+00,1.001057642222440158e+01,6.157540721736571854e+00,7.955015123559999211e+02,1.366642706162000138e+02,-9.047201280000030654e-02
1.591999999999999993e+01,3.847342189799673573e+00,1.000312389868212293e+01,6.155781708882448910e+00,7.960002157399999305e+02,1.366836995811999884e+02,-9.842967079998160562e-02
1.593000000000000149e+01,3.823804503182327341e+00,9.989352187616175272e+00,6.165547684433847486e+00,7.965112151200000881e+02,1.367158323092000103e+02,-1.114294457999590038e-01
1.593999999999999950e+01,3.903393891168079222e+00,1.007452679581145283e+01,6.171132904643373607e+00,7.970205274459999600e+02,1.367248774402000038e+02,-1.113480567999590026e-01
1.595000000000000107e+01,3.898921405509674809e+00,1.007871984805443333e+01,6.179798442544758963e+00,7.975392501599999378e+02,1.367094440591999955e+02,-1.041781668000110045e-01
1.595999999999999908e+01,3.861555038691675712e+00,1.004892545213403743e+01,6.187370413442360828e+00,7.980390605439999945e+02,1.366919328571999870e+02,-9.600514679997300405e-02
1.597000000000000064e+01,3.844899384982071400e+00,1.003365776956689892e+01,6.188758384584827077e+00,7.985287469340000825e+02,1.366938548562000051e+02,-9.390297979996239941e-02
1.597999999999999865e+01,3.899751402286545598e+00,1.009337151446946912e+01,6.193620112182923521e+00,7.990186922779998895e+02,1.367087879421999901e+02,-9.884670479995809333e-02
1.599000000000000021e+01,3.912376669887926095e+00,1.011986280444087249e+01,6.207486134552946844e+00,7.995114312319999499e+02,1.367098755142000073e+02,-9.874092779995799485e-02
1.599999999999999822e+01,3.834964031868428602e+00,1.006985287014509112e+01,6.234888838276662959e+00,8.000253900679999788e+02,1.366901636661999930e+02,-9.155700280000990399e-02
1.600999999999999801e+01,3.820699301922441560e+00,1.005833781715917752e+01,6.237638515236735515e+00,8.005307925980000618e+02,1.366799689222000040e+02,-8.740857779999160193e-02
1.602000000000000313e+01,3.833032973672169330e+00,1.008319938343800537e+01,6.250166409765835596e+00,8.010352292699999452e+02,1.366866970421999952e+02,-9.732016379998280342e-02
1.603000000000000114e+01,3.860435488777933966e+00,1.013349717136201456e+01,6.273061682584081922e+00,8.015320200500000283e+02,1.366869930741999895e+02,-1.032107318000110019e-01
1.603999999999999915e+01,3.810314801850843036e+00,1.008405379101501964e+01,6.273738989164177937e+00,8.020261249580000822e+02,1.366641515661999904e+02,-9.402016879999630650e-02
1.604999999999999716e+01,3.801400429114235369e+00,1.007581644627880380e+01,6.274416017164569759e+00,8.025286450300000070e+02,1.366518102571999975e+02,-8.386477280000480261e-02
1.606000000000000227e+01,3.821896840813981733e+00,1.009773924664454903e+01,6.275842405830569071e+00,8.030369890560000385e+02,1.366778170601999989e+02,-8.684346079999180623e-02
1.607000000000000028e+01,3.864951306152775601e+00,1.014694434988888716e+01,6.281993043736110671e+00,8.035496999720000986e+02,1.367150591541999916e+02,-9.886087479999150496e-02
1.607999999999999829e+01,3.838152756497743123e+00,1.012957952804360851e+01,6.291426771545864938e+00,8.040556188559999100e+02,1.367309112801999902e+02,-1.018042757999780001e-01
1.609000000000000341e+01,3.806798547293055890e+00,1.010456158484448075e+01,6.297763037551425747e+00,8.045433336460000646e+02,1.367147304661999954e+02,-8.863860780000140660e-02
1.610000000000000142e+01,3.885193276963263553e+00,1.017185617580032364e+01,6.286662898837059643e+00,8.050237759379999716e+02,1.367031248591999884e+02,-8.049073179996239780e-02
1.610999999999999943e+01,3.864204955847214240e+00,1.016810247792360755e+01,6.303897522076392868e+00,8.055147764319999624e+02,1.367171201042000064e+02,-8.443090679998109527e-02
1.611999999999999744e+01,3.814282875895894431e+00,1.014716948232772431e+01,6.332886606431829435e+00,8.060102573680001115e+02,1.367403609602000074e+02,-9.540274980000630622e-02
1.613000000000000256e+01,3.769665170317268110e+00,1.013796265419245302e+01,6.368297483875183573e+00,8.065099860499999522e+02,1.367418298851999907e+02,-1.002967958000020032e-01
1.614000000000000057e+01,3.845053764019898512e+00,1.023114322648740071e+01,6.386089462467501754e+00,8.070141339159999916e+02,1.367185247191999906e+02,-1.011024277999779952e-01
1.614999999999999858e+01,3.864195815008851564e+00,1.026266854040731857e+01,6.398472725398465677e+00,8.075147424940000747e+02,1.366870328372000074e+02,-9.387991179997280666e-02
1.615999999999999659e+01,3.814709736477218005e+00,1.022105004665271366e+01,6.406340310175496100e+00,8.080037150559999191e+02,1.366839130532000013e+02,-8.976010280001070485e-02
1.617000000000000171e+01,3.806624752775522147e+00,1.019459009999261845e+01,6.387965347217096301e+00,8.085127167999999074e+02,1.367159458952000080e+02,-9.875994379996730355e-02
1.617999999999999972e+01,3.845631690097596866e+00,1.020972038156723549e+01,6.364088691469638626e+00,8.090253393119999146e+02,1.367371888542000136e+02,-1.017208728000110057e-01
1.618999999999999773e+01,3.877163747045597297e+00,1.022257781972154511e+01,6.345414072675948702e+00,8.095441183580001052e+02,1.367207676891999881e+02,-9.154746579996360378e-02
1.620000000000000284e+01,3.832757697920228246e+00,1.017960422379377050e+01,6.346846525873541367e+00,8.100580749739999646e+02,1.367010911211999939e+02,-7.436360079996780226e-02
1.621000000000000085e+01,3.797233545105491270e+00,1.016577006353164769e+01,6.368536518426155979e+00,8.105546943159999955e+02,1.367043893132000107e+02,-7.826478579998649709e-02
1.621999999999999886e+01,3.789505895084372522e+00,1.017917649180728823e+01,6.389670596722914375e+00,8.110562503060000381e+02,1.367089426441999933e+02,-9.016935279998579411e-02
1.622999999999999687e+01,3.813052636601233836e+00,1.021850906743800813e+01,6.405456430836773407e+00,8.115473033159998977e+02,1.366869249792000005e+02,-8.198238180000540221e-02
1.624000000000000199e+01,3.770500301176051394e+00,1.015154145758853943e+01,6.381041156412488924e+00,8.120395254719999230e+02,1.366619727371999886e+02,-7.278479079999129742e-02
1.625000000000000000e+01,3.779445277302372119e+00,1.016128350570498462e+01,6.381838228402611612e+00,8.125426778920000288e+02,1.366736498102000041e+02,-7.871409679996209385e-02
1.625999999999999801e+01,3.812052264714923755e+00,1.020805226471492411e+01,6.395999999999999908e+00,8.130540201480000633e+02,1.366997782182000094e+02,-9.569263779995909602e-02
1.627000000000000313e+01,3.803749039238443430e+00,1.019974903923844423e+01,6.395999999999999908e+00,8.135587970320000295e+02,1.367005443541999909e+02,-9.758306179996770191e-02
1.628000000000000114e+01,3.789461032196626444e+00,1.018441611821301329e+01,6.394955086016385515e+00,8.140400357420001001e+02,1.366749862912000140e+02,-8.238573779998180358e-02
1.628999999999999915e+01,3.798422669063517443e+00,1.018974090443901481e+01,6.391318235375497814e+00,8.145307467640000141e+02,1.366589588342000070e+02,-7.421997680000090580e-02
1.629999999999999716e+01,3.866850536170485242e+00,1.024918329404708750e+01,6.382332757876603146e+00,8.150267377959999067e+02,1.366732602422000014e+02,-7.216008279999089337e-02
1.631000000000000227e+01,3.823411198586789794e+00,1.021284089768549741e+01,6.389429699098706728e+00,8.155395611540000118e+02,1.367085302961999957e+02,-7.717046879998580577e-02
1.632000000000000028e+01,3.784361491058278126e+00,1.017905828197980078e+01,6.394696790921522656e+00,8.160510147420000067e+02,1.367327043042000128e+02,-8.214201179998090185e-02
1.632999999999999829e+01,3.776051709845602122e+00,1.017005601899940181e+01,6.394004309153800136e+00,8.165561901680000574e+02,1.367264889202000120e+02,-8.200770279998140233e-02
1.634000000000000341e+01,3.811280383149923789e+00,1.021233645977990889e+01,6.401056076629984659e+00,8.170656703380000181e+02,1.366975032372000101e+02,-7.579206180000959414e-02
1.635000000000000142e+01,3.807061512307839291e+00,1.020642351532200465e+01,6.399362003014164912e+00,8.175542712819999451e+02,1.366833479341999862e+02,-7.063339480001450121e-02
1.635999999999999943e+01,3.775882223524461789e+00,1.017011777647553927e+01,6.394235552951077040e+00,8.180518057419999423e+02,1.367057079482000006e+02,-8.060166680000589723e-02
1.636999999999999744e+01,3.766101966443788474e+00,1.017989803355621170e+01,6.413796067112422783e+00,8.185531063720000020e+02,1.367322788461999892e+02,-9.358397679998130270e-02
1.638000000000000256e+01,3.781120491348206603e+00,1.019349081078054020e+01,6.412370319432334043e+00,8.190542880800001058e+02,1.367258389941999894e+02,-9.244975780000540266e-02
1.639000000000000057e+01,3.787654660091232195e+00,1.018774002705132631e+01,6.400085366960095001e+00,8.195573776880000878e+02,1.367035210612000071e+02,-8.025902380000529690e-02
1.639999999999999858e+01,3.736721770475230908e+00,1.012186682314796649e+01,6.385145052672734245e+00,8.200446963780000260e+02,1.366942829591999953e+02,-8.011802280000590581e-02
1.640999999999999659e+01,3.773672298996849861e+00,1.015512434153711752e+01,6.381452042540265879e+00,8.205404892280000695e+02,1.366945149361999938e+02,-8.800859979998640337e-02
1.642000000000000171e+01,3.801018964518895871e+00,1.018178404225456113e+01,6.380765077735664370e+00,8.210362493400000403e+02,1.366777705782000112e+02,-8.083919279998109941e-02
1.642999999999999972e+01,3.765592953252896002e+00,1.014566340331667682e+01,6.380070450063782594e+00,8.215429902339999444e+02,1.366616743772000007e+02,-6.766959080000399529e-02
1.643999999999999773e+01,3.762639628718996487e+00,1.012025262355411392e+01,6.357612994835117881e+00,8.220610029360000226e+02,1.366762243391999903e+02,-6.760568780000450473e-02
1.645000000000000284e+01,3.809879126007079009e+00,1.014944386502075169e+01,6.339564739013671790e+00,8.225676668319999862e+02,1.367141192791999913e+02,-8.062675679998139444e-02
1.646000000000000085e+01,3.896941243965035717e+00,1.022603348842037718e+01,6.329092244455339689e+00,8.230745852000000014e+02,1.367300107641999887e+02,-8.857010679996299429e-02
1.646999999999999886e+01,3.835525498610531159e+00,1.016601355546029239e+01,6.330488056849761236e+00,8.235753952899999604e+02,1.367125353931999996e+02,-8.639702980001090493e-02
1.647999999999999687e+01,3.812525167369443135e+00,1.014305033473888606e+01,6.330525167369443373e+00,8.240888126239999565e+02,1.366847654901999931e+02,-8.318482179996730674e-02
1.649000000000000199e+01,3.819676388664475564e+00,1.014684824547230058e+01,6.327171856807824568e+00,8.245960424620000140e+02,1.366776551522000034e+02,-8.604691780000990609e-02
1.650000000000000000e+01,3.846539482840963142e+00,1.016381441021534471e+01,6.317274927374382010e+00,8.250948580659999152e+02,1.366951156051999874e+02,-8.599755380000999316e-02
1.650999999999999801e+01,3.820182016826625837e+00,1.012902570086501619e+01,6.308843684038389910e+00,8.255870571139998901e+02,1.367232055281999976e+02,-8.898718279999590086e-02
1.652000000000000313e+01,3.799999999999999822e+00,1.010399999999999920e+01,6.304000000000000270e+00,8.260772291180001048e+02,1.367341663102000098e+02,-8.791680379996330563e-02
1.653000000000000114e+01,3.799999999999999822e+00,1.010399999999999920e+01,6.304000000000000270e+00,8.265669433200000640e+02,1.367180571581999970e+02,-8.675102179998579743e-02
1.653999999999999915e+01,3.822624143079639492e+00,1.013335023967088233e+01,6.310726096591244172e+00,8.270522908539999207e+02,1.366907091872000137e+02,-7.754650779997189491e-02
1.654999999999999716e+01,3.820018514655942443e+00,1.011940650393640517e+01,6.299387989280463174e+00,8.275322780500000590e+02,1.366870764122000139e+02,-7.342688780000980464e-02
1.656000000000000227e+01,3.776116902250922891e+00,1.003514373173967478e+01,6.259026829488751886e+00,8.280403963040000690e+02,1.367170414072000142e+02,-8.641965579998729663e-02
1.657000000000000028e+01,3.827301236761169179e+00,1.010970848058304838e+01,6.282407243821879206e+00,8.285537341980000292e+02,1.367433014531999902e+02,-9.839818479998720113e-02
1.657999999999999829e+01,3.829835861721167856e+00,1.013682730460852177e+01,6.306991442887353472e+00,8.290711174380001012e+02,1.367337871692000135e+02,-9.524950180000049671e-02
1.659000000000000341e+01,3.793007533994745106e+00,1.011779908944066086e+01,6.324791555445916202e+00,8.295771458359999997e+02,1.367126280171999895e+02,-8.606222179998700150e-02
1.660000000000000142e+01,3.740292631608251650e+00,1.005051822718421661e+01,6.310225595575964519e+00,8.300831495299999006e+02,1.367094506242000023e+02,-8.993847280000540068e-02
1.660999999999999943e+01,3.808019988111965848e+00,1.011863220967374133e+01,6.310612221561775925e+00,8.305976839380000456e+02,1.367147519982000006e+02,-9.984277879999679806e-02
1.661999999999999744e+01,3.871165236380466723e+00,1.018426506474612303e+01,6.313099828365656307e+00,8.310990357519999634e+02,1.367053311541999960e+02,-9.469797880000140056e-02
1.663000000000000256e+01,3.818840282516251516e+00,1.012566111641820221e+01,6.306820833901950252e+00,8.315996735159999389e+02,1.366908720552000034e+02,-8.653554279996270027e-02
1.664000000000000057e+01,3.781927809257415340e+00,1.010915523801688742e+01,6.327227428759471195e+00,8.320882475359999262e+02,1.366947337912000080e+02,-8.444046680001039695e-02
1.664999999999999858e+01,3.784537455898185687e+00,1.012574405850835824e+01,6.341206602610172993e+00,8.325724876260001110e+02,1.367043330431999948e+02,-8.936664280000569671e-02
1.665999999999999659e+01,3.844949568758932124e+00,1.018411980801424832e+01,6.339170239255317085e+00,8.330595785460000116e+02,1.366990848851999942e+02,-9.023977579998239407e-02
1.667000000000000171e+01,3.810375817275497123e+00,1.013616775636733003e+01,6.325791939091832461e+00,8.335516308179999214e+02,1.366771101072000079e+02,-8.605275979996269975e-02
1.667999999999999972e+01,3.786667413888400002e+00,1.011231689445519955e+01,6.325649480566799099e+00,8.340565488439999626e+02,1.366578589401999864e+02,-8.587251679996349418e-02
1.668999999999999773e+01,3.787092998552069378e+00,1.012809299855207001e+01,6.341000000000000192e+00,8.345673723039999459e+02,1.366579792862000033e+02,-8.475929779998719882e-02
1.670000000000000284e+01,3.804755077504731187e+00,1.014575507750473093e+01,6.341000000000000192e+00,8.350827619459998914e+02,1.366833867141999974e+02,-8.773430379997179673e-02
1.671000000000000085e+01,3.776994671757198052e+00,1.011890148051034011e+01,6.341906808753141611e+00,8.355957574080000541e+02,1.367156440242000031e+02,-9.773405479996319367e-02
1.671999999999999886e+01,3.758251332620435203e+00,1.010257757098854192e+01,6.344326238368105386e+00,8.361002506340000764e+02,1.367213808321999977e+02,-1.056421178000010036e-01
1.672999999999999687e+01,3.865855719744854202e+00,1.021659546463030921e+01,6.350739744885455451e+00,8.366116133339999124e+02,1.366945094111999879e+02,-9.843351079999579367e-02
1.674000000000000199e+01,3.871986162059336767e+00,1.023207053633507968e+01,6.360084374275741581e+00,8.371126494180000464e+02,1.366730723201999922e+02,-8.724634779997260392e-02
1.675000000000000000e+01,3.836309459034239921e+00,1.020960439159230582e+01,6.373294932558065007e+00,8.376003695780000271e+02,1.366918919361999940e+02,-9.020426679995849351e-02
1.675999999999999801e+01,3.773678224801845005e+00,1.016547784020129974e+01,6.391799615399455625e+00,8.380940548339999623e+02,1.367290423611999870e+02,-1.042256027999689943e-01
1.677000000000000313e+01,3.901155677316202386e+00,1.028974728164289942e+01,6.388591604326696149e+00,8.385804036699998960e+02,1.367367906272000084e+02,-1.001447208000059985e-01
1.678000000000000114e+01,3.909454028349836019e+00,1.029304289787298821e+01,6.383588869523150855e+00,8.390724537220000911e+02,1.367148511292000137e+02,-8.595776479999579778e-02
1.678999999999999915e+01,3.828632220459640134e+00,1.020640983961517101e+01,6.377777619155532207e+00,8.395638229060000413e+02,1.367048426551999967e+02,-8.581314479999570255e-02
1.679999999999999716e+01,3.862483164287191961e+00,1.023818827667777143e+01,6.375705112390580354e+00,8.400595592019999458e+02,1.367060659441999917e+02,-9.570724479998639345e-02
1.681000000000000227e+01,3.879484307921509778e+00,1.026636697508478058e+01,6.386882667163270355e+00,8.405616263980000440e+02,1.367016621871999860e+02,-9.958004480000590131e-02
1.682000000000000028e+01,3.873196846726469023e+00,1.027255923409845906e+01,6.399362387371989591e+00,8.410694237739999153e+02,1.366846069771999908e+02,-9.140685679996829460e-02
1.682999999999999829e+01,3.814856294129464143e+00,1.020675651779718685e+01,6.391900223667722258e+00,8.415783642599999439e+02,1.366826201172000026e+02,-8.928661579995890440e-02
1.684000000000000341e+01,3.837861588162606363e+00,1.022734994507932704e+01,6.389488356916721123e+00,8.420918152619999546e+02,1.367068975392000141e+02,-9.725809879999680607e-02
1.685000000000000142e+01,3.866821373575673348e+00,1.026035524289630096e+01,6.393533869320627616e+00,8.425892343939999591e+02,1.367312754572000131e+02,-1.012334767999590046e-01
1.685999999999999943e+01,3.839165354920291318e+00,1.025016618339168595e+01,6.411000828471395074e+00,8.430940676099999109e+02,1.367310538092000058e+02,-1.001203837999830037e-01
1.686999999999999744e+01,3.813567993802524203e+00,1.021036710043768103e+01,6.396799106635156384e+00,8.435989860800000315e+02,1.367117955861999974e+02,-1.019401287999919942e-01
1.688000000000000256e+01,3.840806618364400293e+00,1.021595953561344494e+01,6.375152917249044648e+00,8.441055857900000774e+02,1.366806315862000076e+02,-9.871746280000599783e-02
1.689000000000000057e+01,3.922332530520681537e+00,1.027371283057736839e+01,6.351380300056686856e+00,8.445975229559999207e+02,1.366606711841999982e+02,-8.953754679999230415e-02
1.689999999999999858e+01,3.845394847923623072e+00,1.021432233874805995e+01,6.368927490824436433e+00,8.450818182680000064e+02,1.366693002922000062e+02,-8.646023580000559983e-02
1.690999999999999659e+01,3.815156370367215555e+00,1.019178805819812794e+01,6.376631687830912831e+00,8.455733052640000551e+02,1.366923202081999875e+02,-9.543217479996279895e-02
1.692000000000000171e+01,3.828769814334606725e+00,1.020357736075095545e+01,6.374807546416348281e+00,8.460689271199998984e+02,1.366955472891999932e+02,-1.033333568000009972e-01
1.692999999999999972e+01,3.897923953759104165e+00,1.025544296531932886e+01,6.357519011560223809e+00,8.465734165300000313e+02,1.366662589711999942e+02,-1.021177907999679946e-01
1.693999999999999773e+01,3.879403089355921708e+00,1.023084905846236303e+01,6.351445969106441325e+00,8.470836677479999253e+02,1.366413131751999970e+02,-9.891625079998299375e-02
1.695000000000000284e+01,3.823852103444089323e+00,1.017910582767411753e+01,6.355253724230029100e+00,8.475873634459999266e+02,1.366610200792000001e+02,-1.088737917999740012e-01
1.696000000000000085e+01,3.823143971321036449e+00,1.019397660225823543e+01,6.370832630937200314e+00,8.480955115520000618e+02,1.367080072731999962e+02,-1.239266217999600017e-01
1.696999999999999886e+01,3.829563011190887600e+00,1.019864075279772031e+01,6.369077741606834486e+00,8.485978081139999176e+02,1.367346739781999929e+02,-1.259089767999700127e-01
1.697999999999999687e+01,3.820090583419767150e+00,1.018485392601373007e+01,6.364763342593964701e+00,8.491009832400000050e+02,1.367284010442000124e+02,-1.097748058000059951e-01
1.699000000000000199e+01,3.776804336730657852e+00,1.014088059604384284e+01,6.364076259313184991e+00,8.496022203919999356e+02,1.367209875201999978e+02,-1.016370937999680063e-01
1.700000000000000000e+01,3.795290555779463837e+00,1.015929055577946372e+01,6.363999999999999879e+00,8.500976699220000228e+02,1.367272308731999999e+02,-1.035489167999780052e-01
1.700999999999999801e+01,3.798401783500532591e+00,1.016208831818973479e+01,6.363686534689203533e+00,8.505966277780000837e+02,1.367246563831999993e+02,-1.064288557999640006e-01
1.702000000000000313e+01,3.772571992012872411e+00,1.013581891969775306e+01,6.363246927684881982e+00,8.510926724359999298e+02,1.367029272412000012e+02,-9.724178580000529537e-02
1.703000000000000114e+01,3.754412796097585048e+00,1.012813618296436324e+01,6.373723386866777751e+00,8.515854953119999209e+02,1.366849994062000064e+02,-9.406888279996319935e-02
1.703999999999999915e+01,3.762900400270101642e+00,1.014008499512804562e+01,6.377184594857943978e+00,8.520792344159999629e+02,1.366861157531999993e+02,-1.019630368000010029e-01
1.704999999999999716e+01,3.780164266917041882e+00,1.015716728354067655e+01,6.377003016623633336e+00,8.525696929640000690e+02,1.366920599992000120e+02,-1.078749407999729931e-01
1.706000000000000227e+01,3.735208126612157287e+00,1.011993797985069321e+01,6.384729853238535036e+00,8.530737562419999449e+02,1.366877808241999901e+02,-1.087477168000069994e-01
1.707000000000000028e+01,3.696825151315089819e+00,1.008332165434139149e+01,6.386496503026301674e+00,8.535831542660000650e+02,1.366777823241999954e+02,-1.135991538000010043e-01
1.707999999999999829e+01,3.692158385237833684e+00,1.007540951452358335e+01,6.383251129285749670e+00,8.541038196160000098e+02,1.366634154452000018e+02,-1.194326787999740042e-01
1.709000000000000341e+01,3.754920761898031589e+00,1.012961338527557409e+01,6.374692623377541167e+00,8.546156107100000554e+02,1.366465847032000056e+02,-1.122594007999690030e-01
1.710000000000000142e+01,3.750871709486601979e+00,1.013400000000000034e+01,6.383128290513397474e+00,8.551171043740000641e+02,1.366522210742000141e+02,-1.001676467999679937e-01
1.710999999999999943e+01,3.737911559427468777e+00,1.011711977619645708e+01,6.379208216768987860e+00,8.556107880760000626e+02,1.366893961952000041e+02,-1.071890247999729984e-01
1.711999999999999744e+01,3.725509341140258446e+00,1.008850934114025932e+01,6.363000000000000433e+00,8.561042718199998944e+02,1.367125301092000029e+02,-1.161609217999880067e-01
1.713000000000000256e+01,3.760243538253239759e+00,1.012324353825323975e+01,6.363000000000000433e+00,8.566027696539999852e+02,1.366829209651999975e+02,-1.089455177999830021e-01
1.714000000000000057e+01,3.762043006254786714e+00,1.011846881000765741e+01,6.356425803752872028e+00,8.571003525920000357e+02,1.366342464711999867e+02,-9.666302079998309593e-02
1.714999999999999858e+01,3.746436331449003010e+00,1.009477140328136002e+01,6.348335071832356569e+00,8.575809115439999459e+02,1.366206017922000058e+02,-1.005080028000019943e-01
1.715999999999999659e+01,3.736637495401065046e+00,1.008707231781512270e+01,6.350434822414057656e+00,8.580664105159999053e+02,1.366432444341999997e+02,-1.194800078000070043e-01
1.717000000000000171e+01,3.746311842071832210e+00,1.009140215787735428e+01,6.345090315805520298e+00,8.585563560820000930e+02,1.366581739922000054e+02,-1.254237267999790129e-01
1.717999999999999972e+01,3.746585446879895809e+00,1.008558544687989666e+01,6.339000000000000412e+00,8.590453845320000710e+02,1.366540734801999974e+02,-1.163004127999640036e-01
1.718999999999999773e+01,3.693643137952481670e+00,1.003264313795248164e+01,6.339000000000000412e+00,8.595519290619999992e+02,1.366589647261999971e+02,-1.132049647999780057e-01
1.720000000000000284e+01,3.692312567041049931e+00,1.003784386971616094e+01,6.345531302675110119e+00,8.600631553240000358e+02,1.366871216222000101e+02,-1.211906297999599952e-01
1.721000000000000085e+01,3.701664863004904937e+00,1.005632923410205670e+01,6.354664371097151765e+00,8.605811684699999660e+02,1.367016645282000127e+02,-1.231267147999690059e-01
1.721999999999999886e+01,3.703322698568440430e+00,1.006823106679749102e+01,6.364908368229049707e+00,8.610985508220001066e+02,1.366921643562000099e+02,-1.159780557999649936e-01
1.722999999999999687e+01,3.650893374851663875e+00,1.002419043487539696e+01,6.373297060023734417e+00,8.616001871819998996e+02,1.366777587281999899e+02,-1.088155927999590045e-01
1.724000000000000199e+01,3.634471313676498117e+00,1.001706970514747219e+01,6.382598391470974519e+00,8.621000303040000290e+02,1.366772238611999910e+02,-1.157025567999639959e-01
1.725000000000000000e+01,3.646600133226988838e+00,1.003628661611274708e+01,6.389686482885756469e+00,8.625937676319999809e+02,1.366783684321999885e+02,-1.155967587999640056e-01
1.725999999999999801e+01,3.695491301822905861e+00,1.008385640177363740e+01,6.388365099950732429e+00,8.630757515759999023e+02,1.366748496552000063e+02,-1.114770968000020068e-01
1.727000000000000313e+01,3.683229587103710401e+00,1.008463020180978020e+01,6.401400614706070691e+00,8.635664385600000514e+02,1.366767933732000131e+02,-1.193748487999840013e-01
1.728000000000000114e+01,3.669833317122424887e+00,1.007831044956981614e+01,6.408477132447391256e+00,8.640586943420000807e+02,1.366688033542000085e+02,-1.292372177999749905e-01
1.728999999999999915e+01,3.704660636712372224e+00,1.009538266505508552e+01,6.390722028342712413e+00,8.645605865059999360e+02,1.366323731031999955e+02,-1.229969998000030040e-01
1.729999999999999716e+01,3.681913382208874985e+00,1.009689856400819075e+01,6.414985181799316649e+00,8.650506970300000376e+02,1.366093177111999921e+02,-1.098065447999689997e-01
1.731000000000000227e+01,3.650512620577747835e+00,1.008797139784381613e+01,6.437458777266067855e+00,8.655551045580000391e+02,1.366340981502000034e+02,-1.127817818000119987e-01
1.732000000000000028e+01,3.624269855936570917e+00,1.006314716102108164e+01,6.438877305084509395e+00,8.660725227979999090e+02,1.366766100231999985e+02,-1.268167537999649874e-01
1.732999999999999829e+01,3.654612501776488998e+00,1.009296025174095846e+01,6.438347749964470346e+00,8.665931024500000603e+02,1.366812867751999931e+02,-1.277174527999979936e-01
1.734000000000000341e+01,3.652737557316606765e+00,1.009073755731660604e+01,6.437999999999999723e+00,8.671140198299999611e+02,1.366449552491999953e+02,-1.174733248000059960e-01
1.735000000000000142e+01,3.619108372792193329e+00,1.005861201894025392e+01,6.439503646148058813e+00,8.676234434460000102e+02,1.366169608781999898e+02,-1.132612067999879957e-01
1.735999999999999943e+01,3.602230039397954275e+00,1.005051041891101882e+01,6.448280379513063210e+00,8.681079119720000108e+02,1.366225596021999991e+02,-1.201732307999929944e-01
1.736999999999999744e+01,3.627247806810776520e+00,1.008448941773998442e+01,6.457241610929207454e+00,8.686025646400000824e+02,1.366427624671999865e+02,-1.271345137999969899e-01
1.738000000000000256e+01,3.651454333357206039e+00,1.011545433335720645e+01,6.464000000000000412e+00,8.690918520440000066e+02,1.366516730422000023e+02,-1.250570917999880016e-01
1.739000000000000057e+01,3.615356405731369627e+00,1.007935640573136915e+01,6.464000000000000412e+00,8.695828209100000095e+02,1.366486743122000007e+02,-1.189372527999599943e-01
1.739999999999999858e+01,3.609531929065740385e+00,1.006661685121111383e+01,6.457084922145373440e+00,8.700683441419998871e+02,1.366533422512000016e+02,-1.228457387999789957e-01
1.740999999999999659e+01,3.614582844582965304e+00,1.006814923754942548e+01,6.453566392966460619e+00,8.705570330460000150e+02,1.366551931392000085e+02,-1.247435687999890047e-01
1.742000000000000171e+01,3.631048994382598316e+00,1.009383643123685381e+01,6.462787436854254608e+00,8.710511695820000568e+02,1.366493456062000007e+02,-1.256130197999650033e-01
1.742999999999999972e+01,3.635537618854097985e+00,1.009139809833443380e+01,6.455860479480335812e+00,8.715619369319999805e+02,1.366504502081999988e+02,-1.285033118000080132e-01
1.743999999999999773e+01,3.635763171306044317e+00,1.008447365738791213e+01,6.448710486081867366e+00,8.720691964000000098e+02,1.366603655972000126e+02,-1.324254757999699939e-01
1.745000000000000284e+01,3.635040655963303280e+00,1.008591868807339331e+01,6.450878032110089144e+00,8.725876657520000208e+02,1.366669180311999980e+02,-1.353332748000120045e-01
1.746000000000000085e+01,3.651944610478678577e+00,1.011040023908929797e+01,6.458455628610618504e+00,8.730950946600000862e+02,1.366738630122000018e+02,-1.322448757999689917e-01
1.746999999999999886e+01,3.655373811262637052e+00,1.010310972932243345e+01,6.447735918059796845e+00,8.735944802439998966e+02,1.366813397852000094e+02,-1.321601617999700051e-01
1.747999999999999687e+01,3.648902831662280466e+00,1.007585896693055538e+01,6.426956135268273584e+00,8.740820578880000085e+02,1.366851127701999928e+02,-1.390650527999739983e-01
1.749000000000000199e+01,3.657100728030209247e+00,1.010181897209566237e+01,6.444718244065452240e+00,8.745722848499999600e+02,1.366600218341999948e+02,-1.368674617999650067e-01
1.750000000000000000e+01,3.654468160585348180e+00,1.010546816058534780e+01,6.450999999999999623e+00,8.750764578640000764e+02,1.366187278531999993e+02,-1.266095507999749903e-01
1.750999999999999801e+01,3.639579003849751082e+00,1.009276846284881657e+01,6.453189458999064598e+00,8.755820877199998904e+02,1.366045502211999860e+02,-1.194470037999700029e-01
1.752000000000000313e+01,3.604364045522935101e+00,1.006670939368697226e+01,6.462345348164037162e+00,8.760790515339999729e+02,1.366369044991999999e+02,-1.264506437999740052e-01
1.753000000000000114e+01,3.627708411501161301e+00,1.008471819703030015e+01,6.457009785529138846e+00,8.765798959579999519e+02,1.366714658692000057e+02,-1.384612397999739897e-01
1.753999999999999915e+01,3.645042747235633929e+00,1.009082420717734507e+01,6.445781459941710700e+00,8.770773119400000724e+02,1.366608080771999880e+02,-1.363129707999659879e-01
1.754999999999999716e+01,3.635221493585113262e+00,1.006556955493314831e+01,6.430348061348035493e+00,8.775807139060000281e+02,1.366154742091999879e+02,-1.230409587999879983e-01
1.756000000000000227e+01,3.610068569552274731e+00,1.002206253645113954e+01,6.411993966898864805e+00,8.780890260399999079e+02,1.365894054631999950e+02,-1.228359077999889998e-01
1.757000000000000028e+01,3.577952326050263920e+00,9.992682512769736292e+00,6.414730186719473259e+00,8.785954592380001031e+02,1.365962511092000113e+02,-1.317474578000019936e-01
1.757999999999999829e+01,3.559174830682153345e+00,9.985449887121434998e+00,6.426275056439282096e+00,8.791073120339999605e+02,1.366134330131999945e+02,-1.376942497999749937e-01
1.759000000000000341e+01,3.612124257243880976e+00,1.002074950482925431e+01,6.408625247585373330e+00,8.796054705859999103e+02,1.366248568432000070e+02,-1.346237147999879979e-01
1.760000000000000142e+01,3.630077302145763962e+00,1.004215460429152884e+01,6.412077302145764435e+00,8.800919338619999053e+02,1.366306013171999894e+02,-1.325357507999790074e-01
1.760999999999999943e+01,3.633220393107593260e+00,1.005677960689240713e+01,6.423559213784813871e+00,8.805796243919999142e+02,1.366323952061999876e+02,-1.344336017999890054e-01
1.761999999999999744e+01,3.624923738491698355e+00,1.006507626150830248e+01,6.440152523016603681e+00,8.810757570099999612e+02,1.366266722551999919e+02,-1.323030287999789889e-01
1.763000000000000256e+01,3.647044997376793773e+00,1.009651905058007770e+01,6.449474053203283930e+00,8.815779375360000358e+02,1.366202823462000140e+02,-1.331687768000129890e-01
1.764000000000000057e+01,3.657001298615436546e+00,1.010733582234625416e+01,6.450334523730816727e+00,8.820837136820000524e+02,1.366210913692000020e+02,-1.390591557999840133e-01
1.764999999999999858e+01,3.649000000000000021e+00,1.009196530966715777e+01,6.442965309667156859e+00,8.825786778199999389e+02,1.366182924112000023e+02,-1.409391847999930114e-01
1.765999999999999659e+01,3.649000000000000021e+00,1.009125636700579953e+01,6.442256367005800399e+00,8.830789181519999147e+02,1.366107971922000104e+02,-1.398014517999600081e-01
1.767000000000000171e+01,3.637572594477391341e+00,1.007180195872201622e+01,6.434229364244625771e+00,8.835763630980000016e+02,1.366171757111999909e+02,-1.357132687999980103e-01
1.767999999999999972e+01,3.613422790019042541e+00,1.003705798873117594e+01,6.423635198712134731e+00,8.840706724459998895e+02,1.366433899522000104e+02,-1.366957977999740115e-01
1.768999999999999773e+01,3.568883291332673124e+00,9.986771457956242770e+00,6.417888166623570534e+00,8.845689777319998939e+02,1.366697933812000088e+02,-1.486781767999749981e-01
1.770000000000000284e+01,3.576825445675277937e+00,1.000865089135055541e+01,6.431825445675277919e+00,8.850786026379998930e+02,1.366558190492000051e+02,-1.485155037999749961e-01
1.771000000000000085e+01,3.583414117579781788e+00,1.001764470566930854e+01,6.434230588089527636e+00,8.855899345979998998e+02,1.366119395412000017e+02,-1.352468587999980099e-01
1.771999999999999886e+01,3.575038319754801019e+00,9.991121345890201511e+00,6.416083026135401823e+00,8.860907999099999870e+02,1.365934940262000055e+02,-1.250702948000070036e-01
1.772999999999999687e+01,3.557711210840294846e+00,9.975094313973071891e+00,6.417383103132777045e+00,8.865810603180000271e+02,1.366204539432000047e+02,-1.330564007999900100e-01
1.774000000000000199e+01,3.569725830548756029e+00,9.977862915274378963e+00,6.408137084725622046e+00,8.870770827559999816e+02,1.366517528541999980e+02,-1.400565267999940022e-01
1.775000000000000000e+01,3.600000000000000089e+00,9.990260915092763483e+00,6.390260915092762950e+00,8.875799183359999915e+02,1.366514313202000039e+02,-1.349434997999980068e-01
1.775999999999999801e+01,3.600000000000000089e+00,9.971896263845259512e+00,6.371896263845259867e+00,8.880867752239998936e+02,1.366333066312000142e+02,-1.307667737999790025e-01
1.777000000000000313e+01,3.606239438195911085e+00,9.954521123608177646e+00,6.348281685412266562e+00,8.886012234479999279e+02,1.366225735902000054e+02,-1.416145348000029947e-01
1.778000000000000114e+01,3.616707954654538870e+00,9.947519636468356907e+00,6.330811681813818481e+00,8.890927066280000872e+02,1.366105683801999930e+02,-1.414628448000030125e-01
1.778999999999999915e+01,3.633224386111464810e+00,9.963375410667007159e+00,6.330151024555541461e+00,8.895883520780000708e+02,1.365958313422000003e+02,-1.313005258000120024e-01
1.779999999999999716e+01,3.637000000000000011e+00,9.954870925466112297e+00,6.317870925466111842e+00,8.900808055980000972e+02,1.366019178102000069e+02,-1.292124358000029949e-01
1.781000000000000227e+01,3.637190235614988332e+00,9.940717172620137987e+00,6.303526937005149655e+00,8.905838435779999145e+02,1.366155986752000047e+02,-1.331488237999650104e-01
1.782000000000000028e+01,3.637929705283496240e+00,9.931843536598043087e+00,6.293913831314546847e+00,8.910967784479998954e+02,1.366138256991999924e+02,-1.350284747999750123e-01
1.782999999999999829e+01,3.653515801043313971e+00,9.907726298435028056e+00,6.254210497391714974e+00,8.916094541420000041e+02,1.365990451641999925e+02,-1.288622398000039970e-01
1.784000000000000341e+01,3.649653101312413828e+00,9.886082795392297839e+00,6.236429694079885344e+00,8.921092391560000578e+02,1.365995263051999871e+02,-1.307527688000119925e-01
1.785000000000000142e+01,3.625425944097727005e+00,9.868999999999999773e+00,6.243574055902272768e+00,8.926091134620000958e+02,1.366159924691999947e+02,-1.456997587999979971e-01
1.785999999999999943e+01,3.615529869436530763e+00,9.868999999999999773e+00,6.253470130563469453e+00,8.930986304119999204e+02,1.366208848761999946e+02,-1.506081547999950088e-01
1.786999999999999744e+01,3.646578033215751802e+00,9.898045547901231700e+00,6.251467514685479898e+00,8.935985550140001124e+02,1.366013734102000114e+02,-1.434280587999889889e-01
1.788000000000000256e+01,3.686999999999999833e+00,9.931492234519490481e+00,6.244492234519490204e+00,8.940982816979999370e+02,1.366028740872000071e+02,-1.393221587999700084e-01
1.789000000000000057e+01,3.686999999999999833e+00,9.929417298867441843e+00,6.242417298867440678e+00,8.945863166999999976e+02,1.366337240622000024e+02,-1.443224647999659938e-01
1.789999999999999858e+01,3.651344554243214802e+00,9.888250919135101569e+00,6.236906364891887655e+00,8.950764061140000649e+02,1.366636790832000088e+02,-1.523191758000040086e-01
1.790999999999999659e+01,3.638505548412728885e+00,9.874295076953638173e+00,6.235789528540909288e+00,8.955738214299999527e+02,1.366530318752000142e+02,-1.471709248000090120e-01
1.792000000000000171e+01,3.675042366511416692e+00,9.917858206225151463e+00,6.242815839713734327e+00,8.960696082439999373e+02,1.366182740062000107e+02,-1.359379327999850062e-01
1.792999999999999972e+01,3.666346790101568498e+00,9.911415335079803768e+00,6.245068544978235714e+00,8.965691347479998967e+02,1.366057370041999945e+02,-1.327825577999980078e-01
1.793999999999999773e+01,3.657307324058931552e+00,9.893530915848371521e+00,6.236223591789441301e+00,8.970688353959999404e+02,1.366252406081999879e+02,-1.357402247999839884e-01
1.795000000000000284e+01,3.656300963140487692e+00,9.877199334702739364e+00,6.220898371562250340e+00,8.975799463299999843e+02,1.366554154082000139e+02,-1.377329957999940124e-01
1.796000000000000085e+01,3.700452025507176668e+00,9.920638283160286619e+00,6.220186257653109507e+00,8.980994436860000860e+02,1.366790505682000116e+02,-1.417008418000119951e-01
1.796999999999999886e+01,3.699925687226732762e+00,9.925459747247813880e+00,6.225534060021081117e+00,8.986023373739999442e+02,1.366777130261999957e+02,-1.415842498000129956e-01
1.797999999999999687e+01,3.688000000000000167e+00,9.921819762877682081e+00,6.233819762877681470e+00,8.991093665880000572e+02,1.366565720652000095e+02,-1.433968827999649864e-01
1.799000000000000199e+01,3.688000000000000167e+00,9.931683925718271411e+00,6.243683925718271688e+00,8.996149679239999841e+02,1.366253510662000110e+02,-1.401742377999790068e-01
1.800000000000000000e+01,3.709841070072191105e+00,9.946794360045593919e+00,6.236953289973403258e+00,9.001048513440000534e+02,1.366062750341999958e+02,-1.309978987999650124e-01
1.800999999999999801e+01,3.716912614743646870e+00,9.948151756460919870e+00,6.231239141717272112e+00,9.006007862659998864e+02,1.366215606981999997e+02,-1.329415157999750130e-01
1.802000000000000313e+01,3.692513923077635596e+00,9.924395135628223841e+00,6.231881212550589133e+00,9.010932137499999044e+02,1.366456500932000040e+02,-1.379169927999699952e-01
1.803000000000000114e+01,3.674569312856269754e+00,9.926983957314739371e+00,6.252414644458469617e+00,9.015834696760000497e+02,1.366375954682000042e+02,-1.337794878000080068e-01
1.803999999999999915e+01,3.671389606124694005e+00,9.932779220891454486e+00,6.261389614766760481e+00,9.020857327920000444e+02,1.366122113202000037e+02,-1.255781457999700090e-01
1.804999999999999716e+01,3.697698530473459755e+00,9.932086880777013960e+00,6.234388350303554205e+00,9.025825487199999770e+02,1.365945185372000026e+02,-1.204051707999749948e-01
1.806000000000000227e+01,3.677629830773620156e+00,9.909244835226946435e+00,6.231615004453326279e+00,9.030862141220000012e+02,1.365972102981999967e+02,-1.263026618000019918e-01
1.807000000000000028e+01,3.646237044474886169e+00,9.874549194259360618e+00,6.228312149784475338e+00,9.036030612300000939e+02,1.366146383891999960e+02,-1.432492827999989893e-01
1.807999999999999829e+01,3.615818180527483161e+00,9.838058179959574545e+00,6.222239999432092716e+00,9.041191052179999588e+02,1.366110396741999864e+02,-1.451218008000089987e-01
1.809000000000000341e+01,3.652584227837897934e+00,9.891001288086574306e+00,6.238417060248675483e+00,9.046283302500000900e+02,1.366040680302000112e+02,-1.409838967999899884e-01
1.810000000000000142e+01,3.656833507918122450e+00,9.907541623020469146e+00,6.250708115102346696e+00,9.051351902880001035e+02,1.366209790512000097e+02,-1.429308177999989993e-01
1.810999999999999943e+01,3.646207245881128323e+00,9.906603622940565401e+00,6.260396377059435302e+00,9.056191175760000078e+02,1.366536012942000013e+02,-1.469382837999609892e-01
1.811999999999999744e+01,3.629552477731364135e+00,9.898276238865681975e+00,6.268723761134317840e+00,9.061087779300000875e+02,1.366735262201999888e+02,-1.518996838000130079e-01
1.813000000000000256e+01,3.647891808005388814e+00,9.924275416007036554e+00,6.276383608001646408e+00,9.066002595560000827e+02,1.366615457062000019e+02,-1.447480358000080014e-01
1.814000000000000057e+01,3.656395047127344977e+00,9.931582688599409181e+00,6.275187641472063760e+00,9.070909975019999365e+02,1.366275012101999948e+02,-1.335186837999839948e-01
1.814999999999999858e+01,3.639229621421375072e+00,9.899311688272184995e+00,6.260082066850810811e+00,9.075837066040000991e+02,1.366115665831999877e+02,-1.313528447999749993e-01
1.815999999999999659e+01,3.637999999999999901e+00,9.889262195481295592e+00,6.251262195481295691e+00,9.080739934919999996e+02,1.366205165172000022e+02,-1.342753717999599916e-01
1.817000000000000171e+01,3.646064393115528546e+00,9.896424556913665072e+00,6.250360163798136526e+00,9.085617138739999064e+02,1.366393326051999964e+02,-1.382332847999790115e-01
1.817999999999999972e+01,3.659564348598122852e+00,9.916132216897789675e+00,6.256567868299666380e+00,9.090584207320000587e+02,1.366586440442000026e+02,-1.471909787999939878e-01
1.818999999999999773e+01,3.615860247298779306e+00,9.864674162142112124e+00,6.248813914843331929e+00,9.095642529879999074e+02,1.366584688112000094e+02,-1.490778468000029944e-01
1.820000000000000284e+01,3.612157566949086185e+00,9.852321934813524251e+00,6.240164367864438510e+00,9.100967854959999386e+02,1.366467720722000081e+02,-1.579181717999610102e-01
1.821000000000000085e+01,3.639114682576887638e+00,9.854071063227118898e+00,6.214956380650231260e+00,9.106234969780000483e+02,1.366317664592000085e+02,-1.587480657999940092e-01
1.821999999999999886e+01,3.684129298125691676e+00,9.838351673670393538e+00,6.154222375544701862e+00,9.111276711440000327e+02,1.366255399402000137e+02,-1.456138557999610006e-01
1.822999999999999687e+01,3.664600285285885661e+00,9.819292107783912371e+00,6.154691822498028486e+00,9.116172720580000259e+02,1.366465020422000123e+02,-1.395788567999889929e-01
1.824000000000000199e+01,3.634428897782103984e+00,9.804775993552301117e+00,6.170347095770196688e+00,9.121016548860000057e+02,1.366711443972000097e+02,-1.415580547999999994e-01
1.825000000000000000e+01,3.600447216350238122e+00,9.797307247793002105e+00,6.196860031442764871e+00,9.125930218500000137e+02,1.366611712032000128e+02,-1.314134948000089953e-01
1.825999999999999801e+01,3.609913246724711477e+00,9.824977182733771741e+00,6.215063936009060264e+00,9.130981090939999376e+02,1.366389531561999888e+02,-1.232226947999690014e-01
1.827000000000000313e+01,3.601975690286612686e+00,9.828708331337573156e+00,6.226732641050961803e+00,9.135936427680001088e+02,1.366261775741999998e+02,-1.230673857999699944e-01
1.828000000000000114e+01,3.585633214873179320e+00,9.821999999999999176e+00,6.236366785126820744e+00,9.140813361840000653e+02,1.366279255992000117e+02,-1.379651588000120055e-01
1.828999999999999915e+01,3.568508303677087490e+00,9.821999999999999176e+00,6.253491696322912574e+00,9.145754760499999065e+02,1.366220251462000022e+02,-1.538345197999760050e-01
1.829999999999999716e+01,3.561999999999999833e+00,9.831819562344978891e+00,6.269819562344978614e+00,9.150723756780000713e+02,1.365853204841999968e+02,-1.445944247999610133e-01
1.831000000000000227e+01,3.566212602713572100e+00,9.848212602713571684e+00,6.282000000000000028e+00,9.155773489260000133e+02,1.365650991731999966e+02,-1.364106947999799979e-01
1.832000000000000028e+01,3.584163963997730740e+00,9.866163963997729880e+00,6.282000000000000028e+00,9.160953360359999351e+02,1.365976450061999969e+02,-1.454103467999940114e-01
1.832999999999999829e+01,3.615518978097128411e+00,9.896979390291301470e+00,6.281460412194173948e+00,9.166025975439999911e+02,1.366426137452000091e+02,-1.504561877999890107e-01
1.834000000000000341e+01,3.648266665057331437e+00,9.925852630562525647e+00,6.277585965505193322e+00,9.171130505379999249e+02,1.366667660342000090e+02,-1.454278117999940056e-01
1.835000000000000142e+01,3.675178824314486725e+00,9.942849783777571560e+00,6.267670959463083946e+00,9.176127772219999770e+02,1.366682667112000047e+02,-1.413219117999759966e-01
1.835999999999999943e+01,3.626923487017459813e+00,9.904328996208636937e+00,6.277405509191178012e+00,9.181054867679999916e+02,1.366523250282000106e+02,-1.411560607999750028e-01
1.836999999999999744e+01,3.582200731646724812e+00,9.861284892609003094e+00,6.279084160962280059e+00,9.185991390219999175e+02,1.366374175441999910e+02,-1.469936878000049907e-01
1.838000000000000256e+01,3.552849968803619252e+00,9.823341161789937104e+00,6.270491192986319184e+00,9.190866278179998972e+02,1.366251984502000028e+02,-1.428421057999839927e-01
1.839000000000000057e+01,3.586772662449337012e+00,9.839304782329099552e+00,6.252532119879762540e+00,9.195718649499999628e+02,1.366348758691999876e+02,-1.417682968000079924e-01
1.839999999999999858e+01,3.585836207813661414e+00,9.841610481209217554e+00,6.255774273395556584e+00,9.200617277039998498e+02,1.366688031941999952e+02,-1.557791117999620112e-01
1.840999999999999659e+01,3.561013650213668225e+00,9.832060202316229791e+00,6.271046552102561122e+00,9.205480785380000270e+02,1.366765197082000043e+02,-1.606981758000139981e-01
1.842000000000000171e+01,3.543115099765133724e+00,9.805570347652398766e+00,6.262455247887263710e+00,9.210446933979999358e+02,1.366448033581999937e+02,-1.524757497999759959e-01
1.842999999999999972e+01,3.568721415820434562e+00,9.815555094754534693e+00,6.246833678934098799e+00,9.215524611439998353e+02,1.366107224211999949e+02,-1.432424937999610126e-01
1.843999999999999773e+01,3.596947421139276013e+00,9.835945237853147560e+00,6.238997816713871103e+00,9.220584630619998734e+02,1.366075732522000123e+02,-1.391187927999980034e-01
1.845000000000000284e+01,3.579621873184566816e+00,9.844261500871407833e+00,6.264639627686840129e+00,9.225783894779999628e+02,1.366412385072000006e+02,-1.461219498000030093e-01
1.846000000000000085e+01,3.554781032072001690e+00,9.832598546571789555e+00,6.277817514499788309e+00,9.230944355059998543e+02,1.366726931421999893e+02,-1.491181447999899989e-01
1.846999999999999886e+01,3.537741180699655263e+00,9.827694024607579237e+00,6.289952843907924418e+00,9.236023195099999157e+02,1.366716652911999859e+02,-1.420014897999850034e-01
1.847999999999999687e+01,3.537045063868339057e+00,9.843008594896540231e+00,6.305963531028202063e+00,9.241018455700000231e+02,1.366591353452000135e+02,-1.368461267999890041e-01
1.849000000000000199e+01,3.545603553862914925e+00,9.844661811835608844e+00,6.299058257972693475e+00,9.245925013700000363e+02,1.366440780322000137e+02,-1.366838527999900132e-01
1.850000000000000000e+01,3.545293563346936239e+00,9.849344403064366205e+00,6.304050839717429966e+00,9.250821599060000153e+02,1.366289460801999951e+02,-1.415215697999850086e-01
1.850999999999999801e+01,3.539649638623134198e+00,9.858766425748754614e+00,6.319116787125622636e+00,9.255808614719999241e+02,1.366133181671999921e+02,-1.493555447999669883e-01
1.852000000000000313e+01,3.566513733284932375e+00,9.876675822189953990e+00,6.310162088905022948e+00,9.260730292939999799e+02,1.365893219572000135e+02,-1.521614168000089973e-01
1.853000000000000114e+01,3.565396567861900845e+00,9.878758627144758719e+00,6.313362059282860095e+00,9.265650247900000522e+02,1.365683420192000028e+02,-1.489779297999659913e-01
1.853999999999999915e+01,3.552150354957205547e+00,9.870699290085587663e+00,6.318548935128383448e+00,9.270689740719999463e+02,1.365660595802000046e+02,-1.498577758000000093e-01
1.854999999999999716e+01,3.560148550528494660e+00,9.854702898943012102e+00,6.294554348414516554e+00,9.275690151539999988e+02,1.365795976722000091e+02,-1.457942747999800004e-01
1.856000000000000227e+01,3.585632492821264616e+00,9.870301169714132072e+00,6.284668676892867012e+00,9.280710253939998893e+02,1.366112773851999975e+02,-1.417943407999610050e-01
1.857000000000000028e+01,3.611930982234444532e+00,9.896556639050238857e+00,6.284625656815793882e+00,9.285828503779998755e+02,1.366464904402000116e+02,-1.468047478000130135e-01
1.857999999999999829e+01,3.601988845772834402e+00,9.894426181237035323e+00,6.292437335464200920e+00,9.290924483599999348e+02,1.366505331472000080e+02,-1.497056657999999985e-01
1.859000000000000341e+01,3.578181746990832579e+00,9.880437302183491255e+00,6.302255555192657788e+00,9.296027567979999731e+02,1.366245854551999912e+02,-1.475005847999890096e-01
1.860000000000000142e+01,3.574945531695097323e+00,9.893947995098477222e+00,6.319002463403379011e+00,9.301049640259998341e+02,1.366001820351999925e+02,-1.443027478000039887e-01
1.860999999999999943e+01,3.600985616318255200e+00,9.944001106437058368e+00,6.343015490118801836e+00,9.305813300099998742e+02,1.366073461992000091e+02,-1.442220518000039975e-01
1.861999999999999744e+01,3.592104313265212401e+00,9.944684283594984464e+00,6.352579970329771619e+00,9.310552174479998939e+02,1.366403827082000078e+02,-1.522332387999849879e-01
1.863000000000000256e+01,3.573441450915065598e+00,9.940278308404886687e+00,6.366836857489820645e+00,9.315467039999998633e+02,1.366634096802000045e+02,-1.592051897999889887e-01
1.864000000000000057e+01,3.549616179968128282e+00,9.930338807631015285e+00,6.380722627662887447e+00,9.320431213859999389e+02,1.366526984172000141e+02,-1.560569478000040089e-01
1.864999999999999858e+01,3.540447794658972747e+00,9.912707297421102126e+00,6.372259502762128491e+00,9.325492087799998444e+02,1.366305091451999942e+02,-1.558660788000049979e-01
1.865999999999999659e+01,3.544316159891998996e+00,9.890994954136925088e+00,6.346678794244927424e+00,9.330453119899998455e+02,1.366077569391999873e+02,-1.536754317999949881e-01
1.867000000000000171e+01,3.552934030919651320e+00,9.876868061839301660e+00,6.323934030919651228e+00,9.335396170779999920e+02,1.365989531102000001e+02,-1.435343438000029892e-01
1.867999999999999972e+01,3.561677086544155824e+00,9.894354173088311555e+00,6.332677086544155287e+00,9.340473036079999929e+02,1.366189303461999884e+02,-1.414918727999940062e-01
1.868999999999999773e+01,3.586514377019677013e+00,9.919878853316442147e+00,6.333364476296765133e+00,9.345642351239998789e+02,1.366524210761999996e+02,-1.494950867999750022e-01
1.870000000000000284e+01,3.581430806378995690e+00,9.909125322487279064e+00,6.327694516108284262e+00,9.350790823759998602e+02,1.366697845612000037e+02,-1.524418337999620121e-01
1.871000000000000085e+01,3.555592662343285415e+00,9.874965040371119329e+00,6.319372378027833470e+00,9.355982348159998310e+02,1.366643706911999914e+02,-1.513072367999860057e-01
1.871999999999999886e+01,3.580960674885024897e+00,9.902389918794622048e+00,6.321429243909596707e+00,9.360902298680000513e+02,1.366433978091999961e+02,-1.461237617999890104e-01
1.872999999999999687e+01,3.606226740340050529e+00,9.945973829618521833e+00,6.339747089278470860e+00,9.365766650680000112e+02,1.366320918602000063e+02,-1.499756878000089999e-01
1.874000000000000199e+01,3.616050764036538911e+00,9.974892839656165577e+00,6.358842075619627110e+00,9.370658117319999292e+02,1.366259275801999991e+02,-1.598451897999990101e-01
1.875000000000000000e+01,3.571335024550596593e+00,9.929467326527589677e+00,6.358132301976993084e+00,9.375581478839999363e+02,1.365989786021999919e+02,-1.506405287999849907e-01
1.875999999999999801e+01,3.514235310632113585e+00,9.885687638733600124e+00,6.371452328101485207e+00,9.380521381300000030e+02,1.365781444142000112e+02,-1.384570537999849915e-01
1.877000000000000313e+01,3.482857118781510053e+00,9.871714237563020689e+00,6.388857118781509747e+00,9.385643326919998799e+02,1.365893396381999878e+02,-1.433826417999800040e-01
1.878000000000000114e+01,3.500262127318217509e+00,9.906524254636433824e+00,6.406262127318217203e+00,9.390639186779999363e+02,1.366108505621999996e+02,-1.433473967999799870e-01
1.878999999999999915e+01,3.500308360669844188e+00,9.916299671961871454e+00,6.415991311292026822e+00,9.395640728680000393e+02,1.366224060302000112e+02,-1.352768497999989883e-01
1.879999999999999716e+01,3.490002280117609157e+00,9.920833143323532610e+00,6.430830863205923009e+00,9.400715581079998628e+02,1.366283632271999977e+02,-1.291849337999700087e-01
1.881000000000000227e+01,3.479340043008374739e+00,9.928412882576079568e+00,6.449072839567704385e+00,9.405775050259999261e+02,1.366261806741999862e+02,-1.340647137999660121e-01
1.882000000000000028e+01,3.497637678684218709e+00,9.963544343073701626e+00,6.465906664389481584e+00,9.410939482219998808e+02,1.366155898551999996e+02,-1.369124808000090066e-01
1.882999999999999829e+01,3.508844631194107500e+00,9.956121037118116135e+00,6.447276405924009524e+00,9.416067383560000508e+02,1.365988055281999891e+02,-1.327391637999890128e-01
1.884000000000000341e+01,3.517560981433052181e+00,9.946406503094490148e+00,6.428845521661438411e+00,9.420943126699999084e+02,1.366026314332000027e+02,-1.246441448000080027e-01
1.885000000000000142e+01,3.525533817654079805e+00,9.945077697057653765e+00,6.419543879403573072e+00,9.425710812339998483e+02,1.366378356751999945e+02,-1.326623387999890102e-01
1.885999999999999943e+01,3.564184411832738597e+00,9.982568534222533430e+00,6.418384122389794832e+00,9.430482501159999629e+02,1.366660301731999994e+02,-1.466557517999990123e-01
1.886999999999999744e+01,3.566056652687982442e+00,9.991371101791989062e+00,6.425314449104005732e+00,9.435310892519999015e+02,1.366475323482000022e+02,-1.434830588000139961e-01
1.888000000000000256e+01,3.512667762771858992e+00,9.955667762771858165e+00,6.442999999999999616e+00,9.440401984699999502e+02,1.366075005621999878e+02,-1.392285417999949981e-01
1.889000000000000057e+01,3.503844470528206578e+00,9.946844470528207083e+00,6.442999999999999616e+00,9.445502232500000446e+02,1.365865235422000126e+02,-1.430410998000130052e-01
1.889999999999999858e+01,3.529571307578768025e+00,9.973492962661953953e+00,6.443921655083186373e+00,9.450453310139998848e+02,1.365987535751999928e+02,-1.459741267999989933e-01
1.890999999999999659e+01,3.561072785807346097e+00,1.000591218462462351e+01,6.444839398817278742e+00,9.455493963320000148e+02,1.366295277501999976e+02,-1.479705798000079953e-01
1.892000000000000171e+01,3.552791146514568954e+00,9.996940408724114491e+00,6.444149262209547757e+00,9.460528609299999516e+02,1.366532775182000137e+02,-1.439423447999889916e-01
1.892999999999999972e+01,3.529803988341507992e+00,9.981251235680977274e+00,6.451447247339469726e+00,9.465591191379999145e+02,1.366631817722000051e+02,-1.348646077999750004e-01
1.893999999999999773e+01,3.532630155110530357e+00,9.989630155110530652e+00,6.456999999999999851e+00,9.470710280439998314e+02,1.366793794202000072e+02,-1.368078887999850113e-01
1.895000000000000284e+01,3.576004079064207364e+00,1.003299999999999947e+01,6.456995920935792554e+00,9.475759187019998535e+02,1.366781523482000011e+02,-1.376912487999610024e-01
1.896000000000000085e+01,3.576695107319807665e+00,1.003299999999999947e+01,6.456304892680193142e+00,9.480717932539998856e+02,1.366594041982000078e+02,-1.325147597999649929e-01
1.896999999999999886e+01,3.541370757693742988e+00,1.001378422886853414e+01,6.472413471174792932e+00,9.485682698579998942e+02,1.366476592872000140e+02,-1.393629227999700071e-01
1.897999999999999687e+01,3.486820323397331389e+00,9.983623710630219250e+00,6.496803387232888305e+00,9.490579858359999434e+02,1.366315219111999966e+02,-1.461970927999760028e-01
1.899000000000000199e+01,3.478961305884845423e+00,9.974454856865651919e+00,6.495493550980807385e+00,9.495493256119998478e+02,1.366044841821999967e+02,-1.459923987999759976e-01
1.900000000000000000e+01,3.449309755334382999e+00,9.951088230170094917e+00,6.501778474835712807e+00,9.500523029999999380e+02,1.365841347612000050e+02,-1.418086868000139888e-01
1.900999999999999801e+01,3.412999999999999812e+00,9.924987542274944730e+00,6.511987542274945362e+00,9.505530843899998672e+02,1.365847046531999922e+02,-1.346992488000079979e-01
1.902000000000000313e+01,3.412999999999999812e+00,9.932154179861424126e+00,6.519154179861424758e+00,9.510493889319998289e+02,1.366110575881999978e+02,-1.286817777999799961e-01
1.903000000000000114e+01,3.451524065466903934e+00,9.966441318287918349e+00,6.514917252821015303e+00,9.515575045220000447e+02,1.366410649192000051e+02,-1.296746178000139915e-01
1.903999999999999915e+01,3.484370061223720505e+00,9.993184863672668783e+00,6.508814802448949166e+00,9.520663875660000031e+02,1.366400834831999873e+02,-1.255579237999940034e-01
1.904999999999999716e+01,3.467198721205811296e+00,9.975326670054043277e+00,6.508127948848232869e+00,9.525816863200000171e+02,1.366144454822000114e+02,-1.163527797999800023e-01
1.906000000000000227e+01,3.463999999999999968e+00,9.958752199893835311e+00,6.494752199893835787e+00,9.530978714499999569e+02,1.365908294641999987e+02,-1.161546307999789945e-01
1.907000000000000028e+01,3.480921976656857542e+00,9.962430140203855089e+00,6.481508163546997991e+00,9.535999384239999017e+02,1.365864292352000007e+02,-1.190274367999649974e-01
1.907999999999999829e+01,3.523755862803718220e+00,9.996425287939459281e+00,6.472669425135741506e+00,9.540878295779998552e+02,1.366022537471999954e+02,-1.219747508000069980e-01
1.909000000000000341e+01,3.527000000000000135e+00,1.001461909578060450e+01,6.487619095780605250e+00,9.545762072339998667e+02,1.366271029302000102e+02,-1.299538287999900121e-01
1.910000000000000142e+01,3.497418925871741635e+00,1.000239295959604391e+01,6.504974033724303162e+00,9.550609035299999050e+02,1.366287117102000082e+02,-1.358517187999599973e-01
1.910999999999999943e+01,3.437905310338114084e+00,9.960888094035952989e+00,6.522982783697838904e+00,9.555541251699999066e+02,1.366037988271999950e+02,-1.316540767999979933e-01
1.911999999999999744e+01,3.430128653564282981e+00,9.951697499666879665e+00,6.521568846102597128e+00,9.560614384860000428e+02,1.365776801382000087e+02,-1.294490587999889974e-01
1.913000000000000256e+01,3.453301122463448447e+00,9.969127131159163824e+00,6.515826008695714933e+00,9.565646167200000036e+02,1.365713578122000058e+02,-1.273148037999800031e-01
1.914000000000000057e+01,3.484902333605966351e+00,9.993767652458400264e+00,6.508865318852433468e+00,9.570574416360000214e+02,1.365884833272000094e+02,-1.252655777999689968e-01
1.914999999999999858e+01,3.469417671454393393e+00,9.977609744126324287e+00,6.508192072671930006e+00,9.575485844239999551e+02,1.366175287311999966e+02,-1.242587867999939977e-01
1.915999999999999659e+01,3.445520898885753969e+00,9.961512324983905486e+00,6.515991426098151962e+00,9.580471143719998963e+02,1.366399916082000061e+02,-1.212271158000080007e-01
1.917000000000000171e+01,3.437607826317170989e+00,9.958357634948363568e+00,6.520749808631191691e+00,9.585670668239999941e+02,1.366556539361999967e+02,-1.211667058000080038e-01
1.917999999999999972e+01,3.474985740036366622e+00,9.985269732826184352e+00,6.510283992789816843e+00,9.590847664599998552e+02,1.366581453151999881e+02,-1.270603677999800063e-01
1.918999999999999773e+01,3.449458945396102649e+00,9.967840331060491721e+00,6.518381385664389072e+00,9.595832950340000025e+02,1.366455442582000046e+02,-1.259050018000029969e-01
1.920000000000000284e+01,3.438000000000000167e+00,9.970308437807359425e+00,6.532308437807359702e+00,9.600784856099999161e+02,1.366387765242000114e+02,-1.207709328000080018e-01
1.921000000000000085e+01,3.436547889122166577e+00,9.982095778244332251e+00,6.545547889122166119e+00,9.605700574160000542e+02,1.366427669212000069e+02,-1.306757217999990062e-01
1.921999999999999886e+01,3.428065583670428573e+00,9.965131167340857132e+00,6.537065583670428559e+00,9.610603716719999738e+02,1.366336927602000060e+02,-1.325346458000080108e-01
1.922999999999999687e+01,3.407684802353360798e+00,9.941694791669759113e+00,6.534009989316397871e+00,9.615511396919998788e+02,1.366166669351999872e+02,-1.243653497999710061e-01
1.924000000000000199e+01,3.395341494633822510e+00,9.927840850320626132e+00,6.532499355686804066e+00,9.620552018599998974e+02,1.366124054002000037e+02,-1.202381558000070044e-01
1.925000000000000000e+01,3.420579558280304244e+00,9.951086435258176266e+00,6.530506876977870689e+00,9.625534748519999084e+02,1.366218254382000055e+02,-1.191605387999749993e-01
1.925999999999999801e+01,3.447044394426017622e+00,9.978669615595695319e+00,6.531625221169677253e+00,9.630553995739999209e+02,1.366374601521999921e+02,-1.191040417999749967e-01
1.927000000000000313e+01,3.461165348177960510e+00,1.000266930364407791e+01,6.541503955466118292e+00,9.635515050459998747e+02,1.366497577682000042e+02,-1.190370657999750004e-01
1.928000000000000114e+01,3.453265975852033876e+00,1.001846804829593296e+01,6.565202072443898196e+00,9.640496339679998528e+02,1.366441558712000131e+02,-1.149064628000120020e-01
1.928999999999999915e+01,3.407793675971337866e+00,9.986312350317737341e+00,6.578518674346398143e+00,9.645654766659999950e+02,1.366265371172000016e+02,-1.127295358000030001e-01
1.929999999999999716e+01,3.420018338468250985e+00,1.000401833846825106e+01,6.583999999999999631e+00,9.650863116779999018e+02,1.366091963021999902e+02,-1.125524918000019997e-01
1.931000000000000227e+01,3.462620942538590096e+00,1.004662094253859017e+01,6.583999999999999631e+00,9.655885474259998773e+02,1.366018362492000051e+02,-1.054147527999969997e-01
1.932000000000000028e+01,3.454887554759160651e+00,1.003888755475916206e+01,6.583999999999999631e+00,9.660762094780000098e+02,1.366216718732000004e+02,-1.033762367999880027e-01
1.932999999999999829e+01,3.427140986877338591e+00,1.001164802635033269e+01,6.584507039472993206e+00,9.665651299679998374e+02,1.366545579431999897e+02,-1.133835617999800066e-01
1.934000000000000341e+01,3.404111128766260208e+00,9.991222257532520246e+00,6.587111128766260038e+00,9.670509954100000414e+02,1.366532321461999970e+02,-1.182708317999749958e-01
1.935000000000000142e+01,3.412469746772273993e+00,1.000793949354454782e+01,6.595469746772273822e+00,9.675508333840000432e+02,1.366176933211999938e+02,-1.100342027999930000e-01
1.935999999999999943e+01,3.384876525488938803e+00,9.976051830586726510e+00,6.591175305097787707e+00,9.680603151079999407e+02,1.365886829421999948e+02,-1.108185197999689980e-01
1.936999999999999744e+01,3.377692946086225501e+00,9.960585062260358669e+00,6.582892116174131836e+00,9.685564488359998450e+02,1.365829423511999892e+02,-1.136879168000130003e-01
1.938000000000000256e+01,3.412137175008874035e+00,9.984696022506211577e+00,6.572558847497337986e+00,9.690507851079999000e+02,1.365911395532000085e+02,-1.116068548000039989e-01
1.939000000000000057e+01,3.438080804087730424e+00,1.002700245020343317e+01,6.588921646115702302e+00,9.695445505119998870e+02,1.366093345472000067e+02,-1.055611667999740017e-01
1.939999999999999858e+01,3.442506123960189068e+00,1.003642906346107999e+01,6.593922939500890479e+00,9.700429655759999150e+02,1.366338082722000138e+02,-9.853658979996950118e-02
1.940999999999999659e+01,3.425530351627674275e+00,1.001135957040137470e+01,6.585829218773699978e+00,9.705541911719999462e+02,1.366619757521999929e+02,-1.035222727999639963e-01
1.942000000000000171e+01,3.417331216988153564e+00,1.000017893225657239e+01,6.582847715268419719e+00,9.710703794519999974e+02,1.366733954441999970e+02,-1.094477707999930022e-01
1.942999999999999972e+01,3.401781829366707921e+00,9.991407697039761615e+00,6.589625867673053250e+00,9.715697912939999696e+02,1.366628657621999992e+02,-1.032994837999649945e-01
1.943999999999999773e+01,3.402191777245809678e+00,9.998985655726345456e+00,6.596793878480534445e+00,9.720587075240000559e+02,1.366607337622000102e+02,-1.021831917999879991e-01
1.945000000000000284e+01,3.445558121048088562e+00,1.004167440040671266e+01,6.596116279358623657e+00,9.725449454719998812e+02,1.366704293722000045e+02,-1.121092957999789974e-01
1.946000000000000085e+01,3.416648196128747816e+00,1.002060015322558506e+01,6.603951957096836800e+00,9.730359748880000552e+02,1.366663758262000101e+02,-1.219858257999709983e-01
1.946999999999999886e+01,3.385743604206636004e+00,9.994929505258296487e+00,6.609185901051659151e+00,9.735339025199998559e+02,1.366467538901999887e+02,-1.138057777999890025e-01
1.947999999999999687e+01,3.377017641219369981e+00,9.984022051524213737e+00,6.607004410304842423e+00,9.740374784079999699e+02,1.366334641562000058e+02,-1.056468138000079965e-01
1.949000000000000199e+01,3.449087671128287624e+00,1.003039305567662076e+01,6.581305384548333137e+00,9.745335834359998444e+02,1.366457688282000049e+02,-1.035798497999980000e-01
1.950000000000000000e+01,3.456198288406828301e+00,1.003275558744038065e+01,6.576557299033553683e+00,9.750317150639998545e+02,1.366752096971999890e+02,-1.035729057999980052e-01
1.950999999999999801e+01,3.427000000000000046e+00,1.000966014150080419e+01,6.582660141500803697e+00,9.755365781319999314e+02,1.366920102482000061e+02,-1.045198747999740024e-01
1.952000000000000313e+01,3.427000000000000046e+00,1.000307252272442859e+01,6.576072522724428993e+00,9.760462591479999901e+02,1.366770516601999930e+02,-1.003536908000119965e-01
1.953000000000000114e+01,3.414685545185323523e+00,1.000001484361482618e+01,6.585329298429502209e+00,9.765659521600000517e+02,1.366446248551999929e+02,-9.912366979997949690e-02
1.953999999999999915e+01,3.399151209345791624e+00,9.999000000000000554e+00,6.599848790654208486e+00,9.770881290879999597e+02,1.366213261352000075e+02,-1.059253527999829969e-01
1.954999999999999716e+01,3.389695819575429425e+00,9.999000000000000554e+00,6.609304180424571129e+00,9.775926485719999164e+02,1.366090564881999967e+02,-1.077698427999940062e-01
1.956000000000000227e+01,3.388999999999999790e+00,9.998355015568618498e+00,6.609355015568619152e+00,9.780771709880000344e+02,1.366137062361999881e+02,-1.006784157999879997e-01
1.957000000000000028e+01,3.384934276558278388e+00,9.994273086845089082e+00,6.609338810286810251e+00,9.785584449199998289e+02,1.366401708022000037e+02,-1.036647407999739950e-01
1.957999999999999829e+01,3.376524697679027742e+00,9.987000000000000099e+00,6.610475302320972801e+00,9.790424004639999112e+02,1.366547548382000059e+02,-1.106085797999789982e-01
1.959000000000000341e+01,3.367214008990741192e+00,9.987000000000000099e+00,6.619785991009258908e+00,9.795383885679998457e+02,1.366340170082000043e+02,-1.034250327999740038e-01
1.960000000000000142e+01,3.363999999999999879e+00,9.981094268694755911e+00,6.617094268694756032e+00,9.800509785219999230e+02,1.366031950022000103e+02,-1.002022407999880044e-01
1.960999999999999943e+01,3.380115238370669850e+00,9.988536800231361923e+00,6.608421561860692961e+00,9.805600044840000464e+02,1.365821680392000133e+02,-1.020148317999969995e-01
1.961999999999999744e+01,3.431127488304477779e+00,1.003138709017576069e+01,6.600259601871283799e+00,9.810561934339998515e+02,1.365754573042000004e+02,-9.688074180000219582e-02
1.963000000000000256e+01,3.386635247109872626e+00,9.978494598988492115e+00,6.591859351878619044e+00,9.815597726940000030e+02,1.365971997521999981e+02,-9.584541879996880120e-02
1.964000000000000057e+01,3.343028326036952436e+00,9.921737785115384511e+00,6.578709459078430299e+00,9.820715404579998449e+02,1.366334147032000033e+02,-9.985936679998809462e-02
1.964999999999999858e+01,3.332589404485862161e+00,9.893485634336478540e+00,6.560896229850616379e+00,9.825799414819998674e+02,1.366584231381999928e+02,-1.028345197999740029e-01
1.965999999999999659e+01,3.425494167639160370e+00,9.984927330353505326e+00,6.559433162714343624e+00,9.830865436760000193e+02,1.366623054321999859e+02,-1.027355187999740016e-01
1.967000000000000171e+01,3.427728463656050550e+00,9.993170227822155027e+00,6.565441764166104477e+00,9.835802495979999094e+02,1.366464525002000130e+02,-9.356970079995989564e-02
1.967999999999999972e+01,3.404350918230381051e+00,9.971844991622150545e+00,6.567494073391769938e+00,9.840658547539999290e+02,1.366321367841999859e+02,-8.541111479997880174e-02
1.968999999999999773e+01,3.412857998669517112e+00,9.964046834552942045e+00,6.551188835883426265e+00,9.845567989159999343e+02,1.366471198131999927e+02,-9.235480679998410436e-02
1.970000000000000284e+01,3.430024185929329228e+00,9.970395778121227792e+00,6.540371592191899452e+00,9.850495147199999337e+02,1.366661644481999929e+02,-1.123125187999659963e-01
1.971000000000000085e+01,3.431374916427564425e+00,9.966706650411119028e+00,6.535331733983555047e+00,9.855453327180000542e+02,1.366484076101999960e+02,-1.091395527999790005e-01
1.971999999999999886e+01,3.415960167987285523e+00,9.951186417465988754e+00,6.535226249478702343e+00,9.860446579319998364e+02,1.366218505692000065e+02,-1.019347327999750030e-01
1.972999999999999687e+01,3.443925721604080170e+00,9.968112936760364917e+00,6.524187215156284303e+00,9.865551414019998901e+02,1.366279293711999969e+02,-1.098426698000120050e-01
1.974000000000000199e+01,3.451999999999999957e+00,9.966539872616825946e+00,6.514539872616825100e+00,9.870472280080000473e+02,1.366579913342000054e+02,-1.198393268000030043e-01
1.975000000000000000e+01,3.444076233966292477e+00,9.952493274283856550e+00,6.508417040317563185e+00,9.875408221959999082e+02,1.366791849601999900e+02,-1.128042497999979937e-01
1.975999999999999801e+01,3.416442194373031427e+00,9.926313657827082082e+00,6.509871463454050655e+00,9.880452542059999814e+02,1.366859871682000005e+02,-1.017159617999739973e-01
1.977000000000000313e+01,3.381238885979692466e+00,9.899756775624972249e+00,6.518517889645279340e+00,9.885600146079998467e+02,1.366873268221999922e+02,-1.026061818000079950e-01
1.978000000000000114e+01,3.392547832682802689e+00,9.929250792370547529e+00,6.536702959687745285e+00,9.890805650739998782e+02,1.366749707911999963e+02,-1.044468007999610065e-01
1.978999999999999915e+01,3.436594450585733540e+00,9.994536008843455832e+00,6.557941558257723180e+00,9.895917574459999742e+02,1.366510838901999989e+02,-1.002487807999969949e-01
1.979999999999999716e+01,3.418953948496957551e+00,9.969133685835618763e+00,6.550179737338661212e+00,9.900812124719998337e+02,1.366219671791999986e+02,-9.103711279998359662e-02
1.981000000000000227e+01,3.376569171308516637e+00,9.924569171308517568e+00,6.548000000000000043e+00,9.905648516199998994e+02,1.366245455522000043e+02,-8.893860679997370178e-02
1.982000000000000028e+01,3.352252997128807088e+00,9.905169431547559356e+00,6.552916434418751379e+00,9.910605912879998414e+02,1.366608010232000083e+02,-1.059563477999690001e-01
1.982999999999999829e+01,3.396738921346297957e+00,9.966158198619924136e+00,6.569419277273626179e+00,9.915582971859998906e+02,1.366801588772000002e+02,-1.179140027999689977e-01
1.984000000000000341e+01,3.385411528936229875e+00,9.940823057872460566e+00,6.555411528936230248e+00,9.920565106960000321e+02,1.366555309892000025e+02,-1.137162558000080065e-01
1.985000000000000142e+01,3.376624296990632157e+00,9.928508436112410962e+00,6.551884139121779249e+00,9.925602295019998564e+02,1.366221957282000119e+02,-1.114865767999980023e-01
1.985999999999999943e+01,3.377245207008193528e+00,9.933796941447042173e+00,6.556551734438848200e+00,9.930631512239999665e+02,1.366028235071999859e+02,-1.133063638000069984e-01
1.986999999999999744e+01,3.386137644629072074e+00,9.918064167194719616e+00,6.531926522565646209e+00,9.935621636359999229e+02,1.365992894572000012e+02,-1.051828337999699964e-01
1.988000000000000256e+01,3.370400877068553847e+00,9.894400877068553868e+00,6.524000000000000021e+00,9.940740135459998328e+02,1.366165172251999991e+02,-9.812970379996439896e-02
1.989000000000000057e+01,3.361884435644140634e+00,9.880548927975445039e+00,6.518664492331303961e+00,9.945881763779998437e+02,1.366458681821999903e+02,-9.911888279999760132e-02
1.989999999999999858e+01,3.399579208509999173e+00,9.899765871005097750e+00,6.500186662495098133e+00,9.951000276199999917e+02,1.366630747821999989e+02,-9.806571679996539670e-02
1.990999999999999659e+01,3.375524391256267354e+00,9.891942554903460305e+00,6.516418163647192507e+00,9.956161851599999864e+02,1.366574863872000094e+02,-9.793117679996429792e-02
1.992000000000000171e+01,3.353150757089789824e+00,9.876733478516319664e+00,6.523582721426530284e+00,9.961159977639999852e+02,1.366399399052000092e+02,-9.975809679997449386e-02
1.992999999999999972e+01,3.331015732286780384e+00,9.856534648511219743e+00,6.525518916224439359e+00,9.965994948400000339e+02,1.366274645912000096e+02,-1.036065507999939933e-01
1.993999999999999773e+01,3.289103228168953841e+00,9.829738129485068754e+00,6.540634901316114913e+00,9.970753190999998878e+02,1.366265742282000133e+02,-1.064975777999789958e-01
1.995000000000000284e+01,3.276499812410127888e+00,9.822500187589872311e+00,6.546000375179744424e+00,9.975656643180000174e+02,1.366345046261999983e+02,-1.154165337999930041e-01
1.996000000000000085e+01,3.289957216905916582e+00,9.834298699400028099e+00,6.544341482494110629e+00,9.980746633559999736e+02,1.366314947022000013e+02,-1.202927157999899993e-01
1.996999999999999886e+01,3.335715634505400651e+00,9.871341227932944662e+00,6.535625593427543123e+00,9.985871682780000356e+02,1.366197057432000008e+02,-1.151370797999940049e-01
1.997999999999999687e+01,3.287505902234708177e+00,9.832669211004175125e+00,6.545163308769465615e+00,9.990939407999999275e+02,1.366206035172000099e+02,-1.120274918000089964e-01
1.999000000000000199e+01,3.248579851442068289e+00,9.802374627378366512e+00,6.553794775936297334e+00,9.995808318039998994e+02,1.366363992542000005e+02,-1.069748748000129979e-01
