time,Gap_leftedge,Gap_rightedge,Gap_gap,LT_x,LT_y,LT_z
0.000000000000000000e+00,3.750000000000000000e+00,9.744999999999999218e+00,5.995000000000000107e+00,9.252033900003479860e-02,2.366246329811999942e+02,-2.839060307999869970e-01
9.999999999999786837e-03,3.753734779655247600e+00,9.751402479408996626e+00,5.997667699753748138e+00,5.757885350000090385e-01,2.366161652511999876e+02,-2.837686487999859786e-01
1.999999999999957367e-02,3.766828416115571176e+00,9.771828416115571514e+00,6.004999999999999893e+00,1.058543083000039964e+00,2.366166934171999969e+02,-2.806630997999999821e-01
2.999999999999980460e-02,3.779191196109753736e+00,9.778545233761727573e+00,5.999354037651973393e+00,1.548058034999999943e+00,2.366216175762000091e+02,-2.765715497999819972e-01
3.999999999999959144e-02,3.789366825760420721e+00,9.766598090874955673e+00,5.977231265114533620e+00,2.044675157000039878e+00,2.366249510481999891e+02,-2.704727948000100191e-01
4.999999999999982236e-02,3.784271836003688438e+00,9.753271836003689188e+00,5.969000000000000306e+00,2.544627835000000005e+00,2.366224900052000066e+02,-2.573528087999770175e-01
5.999999999999960920e-02,3.759795720494137239e+00,9.733910506293177889e+00,5.974114785799041094e+00,3.054995089000009933e+00,2.366306008232000124e+02,-2.552678757999670145e-01
6.999999999999984013e-02,3.732249668606938187e+00,9.711696073507434690e+00,5.979446404900495615e+00,3.566733222999990183e+00,2.366497900472000140e+02,-2.582217558000099999e-01
7.999999999999962697e-02,3.717886502475710397e+00,9.682531853009658462e+00,5.964645350533949397e+00,4.075390051000040259e+00,2.366527738592000105e+02,-2.621191537999710275e-01
8.999999999999985789e-02,3.703928659690939984e+00,9.659928659690939057e+00,5.956000000000000405e+00,4.585500792999980035e+00,2.366478347821999932e+02,-2.639882627999819986e-01
9.999999999999964473e-02,3.707661065358244912e+00,9.647671406235330593e+00,5.940010340877086570e+00,5.092843961000009578e+00,2.366387382922000029e+02,-2.638433067999820247e-01
1.099999999999998757e-01,3.721604142606698140e+00,9.660991944611851068e+00,5.939387802005152928e+00,5.586323667000059778e+00,2.366268506081999874e+02,-2.626915808000039876e-01
1.199999999999996625e-01,3.735007771559586409e+00,9.677777600141093117e+00,5.942769828581506708e+00,6.085566069000029721e+00,2.366192913341999997e+02,-2.635538567999820003e-01
1.299999999999998934e-01,3.748419529785057325e+00,9.692163781912560339e+00,5.943744252127504346e+00,6.571057007000000283e+00,2.366069758822000040e+02,-2.544023467999679822e-01
1.399999999999996803e-01,3.751999999999999780e+00,9.695999999999999730e+00,5.943999999999999950e+00,7.055321357000010174e+00,2.365986004311999977e+02,-2.442650037999770096e-01
1.499999999999999112e-01,3.772320105725598616e+00,9.708504680446521817e+00,5.936184574720924090e+00,7.542838673000040295e+00,2.366034247041999947e+02,-2.361735197999950131e-01
1.599999999999996980e-01,3.787099051453286069e+00,9.711241745712225537e+00,5.924142694258939912e+00,8.017376017000039212e+00,2.366075256302000014e+02,-2.230823387999610052e-01
1.699999999999999289e-01,3.791521348466454722e+00,9.704153931900952657e+00,5.912632583434497491e+00,8.516815712999999732e+00,2.366140498992000119e+02,-2.099941677999840051e-01
1.799999999999997158e-01,3.802532947174420919e+00,9.711655201576551377e+00,5.909122254402131347e+00,9.024787233000049369e+00,2.366290352951999978e+02,-2.079340217999740004e-01
1.899999999999999467e-01,3.780035982551321894e+00,9.701017991275660890e+00,5.920982008724338996e+00,9.538149387000009582e+00,2.366373206382000092e+02,-2.048490317999890065e-01
1.999999999999997335e-01,3.791414597460792457e+00,9.689459959137948886e+00,5.898045361677156428e+00,1.005456521500000022e+01,2.366447539142000096e+02,-2.087604018000079886e-01
2.099999999999999645e-01,3.803999999999999826e+00,9.686910302208607604e+00,5.882910302208609110e+00,1.056792936699999963e+01,2.366530075052000086e+02,-2.146753577999800100e-01
2.199999999999997513e-01,3.803854374248456072e+00,9.685739954015099684e+00,5.881885579766644057e+00,1.107647330900000071e+01,2.366579704131999904e+02,-2.235797957999950125e-01
2.299999999999999822e-01,3.784043904517794044e+00,9.655043904517793152e+00,5.871000000000000441e+00,1.159283413700000054e+01,2.366663703051999903e+02,-2.364946467999710089e-01
2.399999999999997691e-01,3.744427262760906316e+00,9.622800717441075236e+00,5.878373454680170695e+00,1.210123245499999989e+01,2.366563359742000046e+02,-2.353461407999949961e-01
2.500000000000000000e-01,3.711374159142771134e+00,9.619172171384523296e+00,5.907798012241752161e+00,1.260121472099999984e+01,2.366358155561999865e+02,-2.311624917999759998e-01
2.599999999999997868e-01,3.702347702698724152e+00,9.609451372137087333e+00,5.907103669438363625e+00,1.310091332900000083e+01,2.366202658102000100e+02,-2.329964817999850002e-01
2.699999999999995737e-01,3.711891994820941232e+00,9.586216010358118211e+00,5.874324015537176535e+00,1.359296449100000004e+01,2.365983086722000053e+02,-2.238094957999710033e-01
2.799999999999998046e-01,3.684004123619304849e+00,9.583578730335826634e+00,5.899574606716521785e+00,1.406704381099999956e+01,2.365753431921999947e+02,-2.096229177999600068e-01
2.899999999999995914e-01,3.697821705616082255e+00,9.583999999999999631e+00,5.886178294383917375e+00,1.454369234300000002e+01,2.365775543242000083e+02,-1.985246127999930055e-01
2.999999999999998224e-01,3.722597785797320480e+00,9.617780368707606442e+00,5.895182582910284630e+00,1.502536459499999921e+01,2.365970408981999924e+02,-1.984862107999930125e-01
3.099999999999996092e-01,3.759060054499602455e+00,9.675621138683583311e+00,5.916561084183980412e+00,1.553345077700000054e+01,2.366100189741999884e+02,-1.994189767999690055e-01
3.199999999999998401e-01,3.765851490497706955e+00,9.673930623529811257e+00,5.908079133032104302e+00,1.603557341699999839e+01,2.366046415451999962e+02,-1.962882837999830044e-01
3.299999999999996270e-01,3.766000000000000014e+00,9.662523162852448166e+00,5.896523162852447264e+00,1.653880975899999939e+01,2.365973032111999999e+02,-1.991504637999690075e-01
3.399999999999998579e-01,3.751999999999999780e+00,9.647945175672989038e+00,5.895945175672988370e+00,1.705277574100000137e+01,2.366125635692000060e+02,-2.160900777999660016e-01
3.499999999999996447e-01,3.752539340672770951e+00,9.634999999999999787e+00,5.882460659327228392e+00,1.756597000900000083e+01,2.366237946242000021e+02,-2.270156087999899985e-01
3.599999999999998757e-01,3.759353684576316024e+00,9.628519842461907174e+00,5.869166157885591595e+00,1.807456872899999922e+01,2.366277944441999921e+02,-2.259165718000130108e-01
3.699999999999996625e-01,3.724013897577816756e+00,9.591666685624327116e+00,5.867652788046511247e+00,1.857997574099999838e+01,2.366526142422000021e+02,-2.338917577999949926e-01
3.799999999999998934e-01,3.716818845987525322e+00,9.575637691975050103e+00,5.858818845987525670e+00,1.907063402500000038e+01,2.366726032232000136e+02,-2.368531487999800123e-01
3.899999999999996803e-01,3.728379175278039526e+00,9.591986851687812177e+00,5.863607676409772651e+00,1.956753724700000063e+01,2.366709272152000096e+02,-2.357366888000050065e-01
3.999999999999999112e-01,3.735600326070763977e+00,9.576200652141528380e+00,5.840600326070764403e+00,2.007051263700000021e+01,2.366506095462000019e+02,-2.225530307999709911e-01
4.099999999999996980e-01,3.714514100661939544e+00,9.546514100661939395e+00,5.831999999999999851e+00,2.056938075700000113e+01,2.366320570892000035e+02,-2.103765207999699904e-01
4.199999999999999289e-01,3.683160791164223458e+00,9.510321582328446155e+00,5.827160791164223141e+00,2.107139006699999939e+01,2.366286658122000119e+02,-2.102528797999700105e-01
4.299999999999997158e-01,3.676000000000000156e+00,9.500465725976091846e+00,5.824465725976092578e+00,2.157097312499999830e+01,2.366151374981999993e+02,-2.050939817999750114e-01
4.399999999999999467e-01,3.666832123593764869e+00,9.502966134381257035e+00,5.836134010787492166e+00,2.204964643900009946e+01,2.365994279491999919e+02,-1.959320137999600031e-01
4.499999999999997335e-01,3.650999999999999801e+00,9.486974159006591023e+00,5.835974159006590334e+00,2.254686672300000083e+01,2.366097470201999897e+02,-2.068578807999839897e-01
4.599999999999999645e-01,3.670235704727896398e+00,9.485344133557477520e+00,5.815108428829581122e+00,2.305378575699999999e+01,2.366256279211999924e+02,-2.178012128000079983e-01
4.699999999999997513e-01,3.709029398524668064e+00,9.515515090456434066e+00,5.806485691931765558e+00,2.356252495300000049e+01,2.366096210222000025e+02,-2.116315267999789862e-01
4.799999999999999822e-01,3.733540837082805819e+00,9.538450697569004433e+00,5.804909860486199058e+00,2.407608546899999880e+01,2.365968871661999913e+02,-2.074723287999599985e-01
4.899999999999997691e-01,3.747383118735813312e+00,9.535261736551555956e+00,5.787878617815743532e+00,2.458833725099999867e+01,2.366070804942000052e+02,-2.133943757999899882e-01
5.000000000000000000e-01,3.725283986251300306e+00,9.504283986251301997e+00,5.778999999999999915e+00,2.508692508500000073e+01,2.366285308912000005e+02,-2.143591457999660110e-01
5.099999999999997868e-01,3.704313969040808896e+00,9.476632406764506911e+00,5.772318437723699347e+00,2.557675399100000035e+01,2.366454995212000085e+02,-2.083100067999940075e-01
5.199999999999995737e-01,3.680712168438261322e+00,9.457872404868227889e+00,5.777160236429966567e+00,2.607063183700000053e+01,2.366617224752000084e+02,-1.952572907999599872e-01
5.299999999999993605e-01,3.665017929711423594e+00,9.454000000000000625e+00,5.788982070288576587e+00,2.655789556899999937e+01,2.366885360912000067e+02,-1.962435017999940023e-01
5.400000000000000355e-01,3.662828245718286357e+00,9.443232805662276519e+00,5.780404559943989717e+00,2.705000754499999971e+01,2.367006057112000121e+02,-1.961766097999939895e-01
5.499999999999998224e-01,3.631228586233474775e+00,9.422263012394099135e+00,5.791034426160625692e+00,2.753196030499999836e+01,2.366800859031999948e+02,-1.839969217999919970e-01
5.599999999999996092e-01,3.644934190181236655e+00,9.459868380362474127e+00,5.814934190181237028e+00,2.802546582500000127e+01,2.366501988201999893e+02,-1.747816347999779918e-01
5.699999999999993960e-01,3.660050590076818988e+00,9.487781813212833981e+00,5.827731223136014549e+00,2.850773697900000059e+01,2.366416529232000130e+02,-1.806442378000059912e-01
5.800000000000000711e-01,3.641738304187028596e+00,9.482794386009773646e+00,5.841056081822745050e+00,2.899742581099999938e+01,2.366435361142000033e+02,-1.895420047999649971e-01
5.899999999999998579e-01,3.637999999999999901e+00,9.470708755446544558e+00,5.832708755446544657e+00,2.949093714500000019e+01,2.366486424052000075e+02,-1.984502927999790001e-01
5.999999999999996447e-01,3.626772775560137774e+00,9.457772775560137291e+00,5.831000000000000405e+00,2.999217496300000008e+01,2.366412182971999982e+02,-1.933125627999829899e-01
6.099999999999994316e-01,3.613488981726070914e+00,9.434748889340438538e+00,5.821259907614368068e+00,3.050128555499999905e+01,2.366362504452000053e+02,-1.871817408000130134e-01
6.200000000000001066e-01,3.612000000000000099e+00,9.429289377779191739e+00,5.817289377779190751e+00,3.102651619899999957e+01,2.366471847601999912e+02,-1.931035147999839996e-01
6.299999999999998934e-01,3.612000000000000099e+00,9.414855486979721633e+00,5.802855486979722421e+00,3.154698007900000079e+01,2.366538864722000142e+02,-1.860113317999780025e-01
6.399999999999996803e-01,3.610144316779290818e+00,9.405325488014792512e+00,5.795181171235500805e+00,3.206373478700000135e+01,2.366553789321999943e+02,-1.759015757999879970e-01
6.499999999999994671e-01,3.600546730280684837e+00,9.414391804658567509e+00,5.813845074377881339e+00,3.258268864299999734e+01,2.366709877892000122e+02,-1.748411928000110083e-01
6.600000000000001421e-01,3.622654233355302456e+00,9.423360568434928197e+00,5.800706335079625298e+00,3.307462851500010004e+01,2.366860701532000064e+02,-1.697849357999590136e-01
6.699999999999999289e-01,3.636285136833212750e+00,9.427619738495495838e+00,5.791334601662284420e+00,3.356691104099999734e+01,2.366951517251999917e+02,-1.677074508000070130e-01
6.799999999999997158e-01,3.605171184862946188e+00,9.400435321339696060e+00,5.795264136476750316e+00,3.405143567700000062e+01,2.366997661931999914e+02,-1.706159637999929979e-01
6.899999999999995026e-01,3.579934985708569162e+00,9.391533460439120518e+00,5.811598474730551800e+00,3.453681439500000039e+01,2.366894192531999863e+02,-1.694714757999589982e-01
7.000000000000001776e-01,3.552741077101839284e+00,9.382438621981082250e+00,5.829697544879243409e+00,3.502707320700000082e+01,2.366813187642000003e+02,-1.783338927999739976e-01
7.099999999999999645e-01,3.536000000000000032e+00,9.365607239400500106e+00,5.829607239400500518e+00,3.552588743700000151e+01,2.366637152831999913e+02,-1.801608337999839882e-01
7.199999999999997513e-01,3.528367881270819684e+00,9.360248510354956863e+00,5.831880629084136736e+00,3.600285054700000131e+01,2.366428752001999953e+02,-1.779811907999739873e-01
7.299999999999995381e-01,3.509999999999999787e+00,9.343999999999999417e+00,5.833999999999999631e+00,3.648988446900000326e+01,2.366386254102000066e+02,-1.788578588000059866e-01
7.400000000000002132e-01,3.525746283330447373e+00,9.358131279911939160e+00,5.832384996581492231e+00,3.698211088499999732e+01,2.366486912382000014e+02,-1.807838847999599929e-01
7.500000000000000000e-01,3.553813103335279333e+00,9.379802183889212941e+00,5.825989080553934052e+00,3.748982389500000068e+01,2.366506584912000051e+02,-1.736778348000120042e-01
7.599999999999997868e-01,3.554868721351812422e+00,9.379978120225301197e+00,5.825109398873490107e+00,3.800963272100000268e+01,2.366512918281999873e+02,-1.725644267999789927e-01
7.699999999999995737e-01,3.548999999999999932e+00,9.379632539014247428e+00,5.830632539014246163e+00,3.853343459900000312e+01,2.366521602171999916e+02,-1.694509467999930075e-01
7.799999999999993605e-01,3.539128551269858036e+00,9.378589793038552003e+00,5.839461241768693078e+00,3.904748028499999890e+01,2.366484722001999899e+02,-1.643235487999959998e-01
7.900000000000000355e-01,3.544704733938087049e+00,9.377253482004762830e+00,5.832548748066675337e+00,3.956634840099999906e+01,2.366480395862000137e+02,-1.662066088000070108e-01
7.999999999999998224e-01,3.537971218238506133e+00,9.367742662989391178e+00,5.829771444750884157e+00,4.007700175499999773e+01,2.366511409242000070e+02,-1.691039707999930086e-01
8.099999999999996092e-01,3.513012604442282694e+00,9.342133108619973925e+00,5.829120504177691231e+00,4.058038216700000334e+01,2.366588245252000036e+02,-1.750191367999640035e-01
8.199999999999993960e-01,3.509999999999999787e+00,9.351593700530775877e+00,5.841593700530776090e+00,4.108193682499999966e+01,2.366633990242000039e+02,-1.809237397999929886e-01
8.300000000000000711e-01,3.554885254281857421e+00,9.374122472603227507e+00,5.819237218321369198e+00,4.157048165900000214e+01,2.366502279771999895e+02,-1.797685837999599967e-01
8.399999999999998579e-01,3.572957387539715590e+00,9.390950285463000924e+00,5.817992897923285334e+00,4.207152040700000128e+01,2.366287485501999868e+02,-1.805813487999919920e-01
8.499999999999996447e-01,3.560864661795188457e+00,9.366864661795188951e+00,5.806000000000000050e+00,4.257310154500000010e+01,2.366153130662000024e+02,-1.814223727999690061e-01
8.599999999999994316e-01,3.523934431497126152e+00,9.329934431497127534e+00,5.806000000000000050e+00,4.305730934099999985e+01,2.366079289271999926e+02,-1.732885527999880049e-01
8.700000000000001066e-01,3.523933926480657064e+00,9.318726808712773035e+00,5.794792882232116860e+00,4.353487498900000219e+01,2.366291701291999914e+02,-1.772572808000079936e-01
8.799999999999998934e-01,3.508972035184151128e+00,9.328329557174246389e+00,5.819357521990094817e+00,4.403201001899999767e+01,2.366585257751999904e+02,-1.852503097999879944e-01
8.899999999999996803e-01,3.485765574684963397e+00,9.290547894035286802e+00,5.804782319350322517e+00,4.451724648500010062e+01,2.366682137781999984e+02,-1.811765187999689886e-01
8.999999999999994671e-01,3.471999999999999975e+00,9.263732227340954140e+00,5.791732227340954609e+00,4.501626000699999963e+01,2.366646620882000036e+02,-1.780529587999840069e-01
9.100000000000001421e-01,3.475686408324049737e+00,9.254840008670884188e+00,5.779153600346835340e+00,4.552654129900000157e+01,2.366567349631999946e+02,-1.779114747999830104e-01
9.199999999999999289e-01,3.507241538427790850e+00,9.286800693783563432e+00,5.779559155355772582e+00,4.604586584300000141e+01,2.366483083491999935e+02,-1.817662428000020036e-01
9.299999999999997158e-01,3.547000000000000153e+00,9.320719559748679828e+00,5.773719559748679231e+00,4.656884278300000091e+01,2.366460858272000110e+02,-1.896421127999849965e-01
9.399999999999995026e-01,3.532356445833565228e+00,9.298356445833565687e+00,5.766000000000000014e+00,4.708654197500000294e+01,2.366485842621999893e+02,-1.935357868000039949e-01
9.500000000000001776e-01,3.509542495828704922e+00,9.281032545884242424e+00,5.771490050055536614e+00,4.759020604500000218e+01,2.366512971912000012e+02,-1.934333138000030039e-01
9.599999999999999645e-01,3.502179246242639543e+00,9.280703919608590979e+00,5.778524673365950548e+00,4.809187381099999925e+01,2.366538890662000085e+02,-1.953308708000129901e-01
9.699999999999997513e-01,3.503538868213117219e+00,9.288462264666282664e+00,5.784923396453163669e+00,4.859699201699999804e+01,2.366486755781999989e+02,-1.942001027999790130e-01
9.799999999999995381e-01,3.494528327348272789e+00,9.285123391681032956e+00,5.790595064332759279e+00,4.909047061300000081e+01,2.366368055341999934e+02,-1.880484068000070064e-01
9.900000000000002132e-01,3.484647976437716732e+00,9.260096541932519187e+00,5.775448565494802011e+00,4.959265025100000202e+01,2.366304297371999894e+02,-1.849141787999649955e-01
1.000000000000000000e+00,3.484999999999999876e+00,9.262891303188878211e+00,5.777891303188877892e+00,5.008156670300000002e+01,2.366282942091999928e+02,-1.847978807999640094e-01
1.009999999999999787e+00,3.490990992499594991e+00,9.283148650196952900e+00,5.792157657697357465e+00,5.056626211100000035e+01,2.366299171011999931e+02,-1.866957947999750012e-01
1.019999999999999574e+00,3.521256045691969039e+00,9.314256045691969632e+00,5.793000000000000149e+00,5.105278393900000111e+01,2.366346385111999950e+02,-1.916042537999690099e-01
1.029999999999999361e+00,3.506687031587566672e+00,9.301409775162033711e+00,5.794722743574465262e+00,5.154286887100000314e+01,2.366295789902000024e+02,-1.874773538000079898e-01
1.040000000000000036e+00,3.484774852728495631e+00,9.290324558185487192e+00,5.805549705456991560e+00,5.203923036900000199e+01,2.366198484552000139e+02,-1.893326167999599963e-01
1.049999999999999822e+00,3.483999999999999986e+00,9.288262783826240820e+00,5.804262783826239946e+00,5.255621617700000314e+01,2.366172980512000095e+02,-1.932086367999789889e-01
1.059999999999999609e+00,3.479668349125712545e+00,9.288666796086593180e+00,5.808998446960880635e+00,5.307108990900000123e+01,2.366166515532000005e+02,-1.910918047999700109e-01
1.069999999999999396e+00,3.470565779279225715e+00,9.291907986486972248e+00,5.821342207207746533e+00,5.358274052699999856e+01,2.366198275302000127e+02,-1.889891757999599964e-01
1.080000000000000071e+00,3.476288635701919816e+00,9.302839447437497356e+00,5.826550811735576652e+00,5.408843186299999672e+01,2.366396660721999865e+02,-1.939467048000119986e-01
1.089999999999999858e+00,3.495339117003541052e+00,9.320885552323399992e+00,5.825546435319858496e+00,5.458884633899999983e+01,2.366642114592000041e+02,-1.989220138000080129e-01
1.099999999999999645e+00,3.515251728030620804e+00,9.342335637374160839e+00,5.827083909343540036e+00,5.509182665500009790e+01,2.366789012762000084e+02,-1.998619547999830048e-01
1.109999999999999432e+00,3.535961032933312431e+00,9.371866125056380170e+00,5.835905092123066851e+00,5.559066962699999692e+01,2.366783376342000054e+02,-1.987489878000069932e-01
1.120000000000000107e+00,3.538665389065824396e+00,9.379024265147810624e+00,5.840358876081986672e+00,5.608614519300000012e+01,2.366665780602000098e+02,-1.935972438000120033e-01
1.129999999999999893e+00,3.542068390531906363e+00,9.375241290851063169e+00,5.833172900319156362e+00,5.658866748500000199e+01,2.366542014711999968e+02,-1.934417878000130042e-01
1.139999999999999680e+00,3.547000000000000153e+00,9.375327854239214886e+00,5.828327854239215178e+00,5.709635197499999748e+01,2.366391253571999869e+02,-1.902756397999690041e-01
1.149999999999999467e+00,3.529660238354785928e+00,9.358353828820595410e+00,5.828693590465808150e+00,5.758712066100000015e+01,2.366220889482000018e+02,-1.851063257999749911e-01
1.160000000000000142e+00,3.502041679480578207e+00,9.341020839740288295e+00,5.838979160259710532e+00,5.807974717300000123e+01,2.366251485601999889e+02,-1.920075767999800120e-01
1.169999999999999929e+00,3.487800282841241550e+00,9.328433663314781299e+00,5.840633380473540193e+00,5.856093469900000059e+01,2.366355822392000050e+02,-1.949373627999639869e-01
1.179999999999999716e+00,3.474248076122115059e+00,9.314944642113392348e+00,5.840696565991277289e+00,5.904474373099999696e+01,2.366351831482000136e+02,-1.878282817999600007e-01
1.189999999999999503e+00,3.488540872344251920e+00,9.328799237450482451e+00,5.840258365106230087e+00,5.954863468300010254e+01,2.366339202451999881e+02,-1.827116987999639897e-01
1.200000000000000178e+00,3.495000000000000107e+00,9.335876548671876662e+00,5.840876548671876556e+00,6.006556216100000256e+01,2.366323893772000133e+02,-1.805912898000109901e-01
1.209999999999999964e+00,3.482986473832964780e+00,9.323062356435499964e+00,5.840075882602535629e+00,6.058066233099999920e+01,2.366277741032000108e+02,-1.714603597999979911e-01
1.219999999999999751e+00,3.469849797360377686e+00,9.309719059304933708e+00,5.839869261944556911e+00,6.109753214500000240e+01,2.366272521872000141e+02,-1.663435038000020127e-01
1.229999999999999538e+00,3.481782483704826792e+00,9.319815947750237584e+00,5.838033464045411236e+00,6.160567488099999878e+01,2.366392389512000136e+02,-1.652727467999700051e-01
1.240000000000000213e+00,3.507756715489642740e+00,9.334309286383135174e+00,5.826552570893491989e+00,6.209022914700000229e+01,2.366608791461999886e+02,-1.692413277999869903e-01
1.250000000000000000e+00,3.507843063298988984e+00,9.343638128517017805e+00,5.835795065218029265e+00,6.258476715300000137e+01,2.366830893311999944e+02,-1.732096988000070004e-01
1.259999999999999787e+00,3.520155266889816836e+00,9.326018469567618041e+00,5.805863202677802093e+00,6.307628018500000167e+01,2.366881063202000064e+02,-1.751180707999590025e-01
1.269999999999999574e+00,3.522998624579485760e+00,9.336999999999999744e+00,5.814001375420514428e+00,6.357375360900000061e+01,2.366764431041999899e+02,-1.749662547999590034e-01
1.279999999999999361e+00,3.538270260228737474e+00,9.343076908787049106e+00,5.804806648558312077e+00,6.407721927500000447e+01,2.366650901302000136e+02,-1.838142587999740118e-01
1.290000000000000036e+00,3.565275081399828405e+00,9.376637540699915618e+00,5.811362459300085881e+00,6.458347677499999406e+01,2.366399198661999890e+02,-1.796128088000120138e-01
1.299999999999999822e+00,3.578773124293691765e+00,9.383108605388910561e+00,5.804335481095219684e+00,6.507498510300000305e+01,2.366099258412000097e+02,-1.683975757999869871e-01
1.309999999999999609e+00,3.555804564146681113e+00,9.365508150261929288e+00,5.809703586115248619e+00,6.558403936300000225e+01,2.366059457732000055e+02,-1.652702708000020060e-01
1.319999999999999396e+00,3.542329447556783251e+00,9.340658895113566729e+00,5.798329447556783478e+00,6.607364205300000037e+01,2.366268796511999994e+02,-1.672352238000109903e-01
1.330000000000000071e+00,3.525499465391346288e+00,9.313899422622652580e+00,5.788399957231307624e+00,6.656407145699999717e+01,2.366508762162000039e+02,-1.662107787999780040e-01
1.339999999999999858e+00,3.508000000000000007e+00,9.280499714669932843e+00,5.772499714669931947e+00,6.706933195700000283e+01,2.366607128871999919e+02,-1.601330448000070072e-01
1.349999999999999645e+00,3.501919900803488694e+00,9.257064600123612763e+00,5.755144699320124957e+00,6.757944070099999578e+01,2.366558055621999870e+02,-1.530022078000020103e-01
1.359999999999999432e+00,3.488390442304688310e+00,9.242230088134766319e+00,5.753839645830079341e+00,6.808960844099999576e+01,2.366498681171999863e+02,-1.548677818000100126e-01
1.370000000000000107e+00,3.482418035156326752e+00,9.232163929687347448e+00,5.749745894531019808e+00,6.860337157899999738e+01,2.366511331321999876e+02,-1.607579927999830127e-01
1.379999999999999893e+00,3.490649661942626381e+00,9.248968606663309444e+00,5.758318944720683952e+00,6.910632137700000044e+01,2.366488113341999906e+02,-1.566378897999639863e-01
1.389999999999999680e+00,3.495000000000000107e+00,9.283524767616993856e+00,5.788524767616993749e+00,6.959338559500000088e+01,2.366615766872000108e+02,-1.615746077999599961e-01
1.399999999999999467e+00,3.521847441014897662e+00,9.322159045091439111e+00,5.800311604076541450e+00,7.009574181899999701e+01,2.366872026881999886e+02,-1.755533557999690020e-01
1.410000000000000142e+00,3.543010751129095137e+00,9.343010751129094515e+00,5.799999999999999822e+00,7.058354634500000202e+01,2.366869998411999916e+02,-1.774441367999780028e-01
1.419999999999999929e+00,3.526174983043291356e+00,9.338374993478188557e+00,5.812200010434897202e+00,7.107377197499999966e+01,2.366619300732000113e+02,-1.692465817999969924e-01
1.429999999999999716e+00,3.520759541398269299e+00,9.336000000000000298e+00,5.815240458601731000e+00,7.157053157100000362e+01,2.366452250741999990e+02,-1.670771237999869874e-01
1.439999999999999503e+00,3.501141275618505855e+00,9.335236202908404834e+00,5.834094927289897647e+00,7.207088589900000386e+01,2.366357331192000117e+02,-1.659323208000109962e-01
1.450000000000000178e+00,3.506993120548291376e+00,9.345279817612821560e+00,5.838286697064529740e+00,7.256795944899999995e+01,2.366310725911999953e+02,-1.618052737999919888e-01
1.459999999999999964e+00,3.507444374736115034e+00,9.355555938951368944e+00,5.848111564215254354e+00,7.306203676699999505e+01,2.366262587061999909e+02,-1.526783197999780073e-01
1.469999999999999751e+00,3.496878177313067937e+00,9.336912869402224757e+00,5.840034692089156820e+00,7.355859644699999933e+01,2.366305976021999982e+02,-1.445831117999969995e-01
1.479999999999999538e+00,3.507729662412856886e+00,9.344750457611867844e+00,5.837020795199010514e+00,7.406157787300000450e+01,2.366452697791999924e+02,-1.505230227999679871e-01
1.490000000000000213e+00,3.519719344732112454e+00,9.344415301525234696e+00,5.824695956793122242e+00,7.458067420300000094e+01,2.366408401651999895e+02,-1.533919368000110084e-01
1.500000000000000000e+00,3.508043270229555421e+00,9.320519242754663480e+00,5.812475972525109391e+00,7.508881423299999369e+01,2.366177841632000138e+02,-1.481975207999599864e-01
1.509999999999999787e+00,3.506565934077360946e+00,9.328348901116042313e+00,5.821782967038680923e+00,7.561213316100000270e+01,2.366095714331999886e+02,-1.560521807999979971e-01
1.519999999999999574e+00,3.479138833504864525e+00,9.291069416752431920e+00,5.811930583247566950e+00,7.612949325099999953e+01,2.366180142121999950e+02,-1.729669867999930055e-01
1.529999999999999361e+00,3.456708366103959928e+00,9.283791240648515242e+00,5.827082874544556645e+00,7.663575545499999464e+01,2.366278549621999900e+02,-1.818891418000070093e-01
1.540000000000000036e+00,3.460069365195514557e+00,9.293313028091962025e+00,5.833243662896448356e+00,7.712276311899999826e+01,2.366416116272000068e+02,-1.888293828000129904e-01
1.549999999999999822e+00,3.472244350764658982e+00,9.303233921407107587e+00,5.830989570642447717e+00,7.761359239700000501e+01,2.366586055042000112e+02,-1.917801687999990123e-01
1.559999999999999609e+00,3.489950017324918274e+00,9.338644247427804856e+00,5.848694230102887914e+00,7.809828580699999634e+01,2.366602601481999955e+02,-1.846781367999930090e-01
1.569999999999999396e+00,3.512158257734872002e+00,9.356693042955811279e+00,5.844534785220940165e+00,7.859764042899999481e+01,2.366507323621999888e+02,-1.775333907999880056e-01
1.580000000000000071e+00,3.520000000000000018e+00,9.363559055757306737e+00,5.843559055757305387e+00,7.910010416900000507e+01,2.366393788372000131e+02,-1.703815117999830098e-01
1.589999999999999858e+00,3.520428435706061787e+00,9.370571564293937783e+00,5.850143128587876440e+00,7.959874474100000441e+01,2.366248127961999899e+02,-1.602191297999930042e-01
1.599999999999999645e+00,3.504427172095132104e+00,9.358224569646541369e+00,5.853797397551409709e+00,8.010081082700000366e+01,2.366204266791999942e+02,-1.590919597999589929e-01
1.609999999999999432e+00,3.476301053621082549e+00,9.337258045960927788e+00,5.860956992339845684e+00,8.059366533099999685e+01,2.366194928191999907e+02,-1.659790707999639903e-01
1.620000000000000107e+00,3.468999999999999861e+00,9.317718786757341221e+00,5.848718786757340915e+00,8.107913200900000561e+01,2.366251520701999880e+02,-1.718910797999929907e-01
1.629999999999999893e+00,3.461886438936901733e+00,9.291867271883511137e+00,5.829980832946609404e+00,8.156519985100000270e+01,2.366378286721999871e+02,-1.858277648000029869e-01
1.639999999999999680e+00,3.455393706680832899e+00,9.281000000000000583e+00,5.825606293319166795e+00,8.206781076900000471e+01,2.366414476902000104e+02,-1.957287877999940029e-01
1.649999999999999467e+00,3.463164195084401875e+00,9.288536180077908710e+00,5.825371984993507724e+00,8.257686724900000286e+01,2.366374323421999861e+02,-2.026014227999989870e-01
1.660000000000000142e+00,3.485414171845385045e+00,9.301707085922691576e+00,5.816292914077307863e+00,8.309590791300000490e+01,2.366339799282000058e+02,-2.114738358000139984e-01
1.669999999999999929e+00,3.504388590515035595e+00,9.325178936335449364e+00,5.820790345820414657e+00,8.361434785699999850e+01,2.366235031072000083e+02,-2.143215608000000050e-01
1.679999999999999716e+00,3.485287836560293506e+00,9.330835083209219505e+00,5.845547246648925110e+00,8.411937832499999956e+01,2.366022799001999886e+02,-2.071342897999939869e-01
1.689999999999999503e+00,3.470841359149472893e+00,9.330999999999999517e+00,5.860158640850526623e+00,8.462332716299999902e+01,2.366000045172000057e+02,-2.060141477999609949e-01
1.700000000000000178e+00,3.458290751527107965e+00,9.341709248472891858e+00,5.883418496945783893e+00,8.511021883300000468e+01,2.366157896702000016e+02,-2.039615128000079880e-01
1.709999999999999964e+00,3.467508131238939750e+00,9.353737649509872298e+00,5.886229518270932104e+00,8.559006422100000577e+01,2.366321847821999995e+02,-1.989125778000130074e-01
1.719999999999999751e+00,3.468999999999999861e+00,9.367460761579627260e+00,5.898460761579627842e+00,8.608434349499999882e+01,2.366413803522000023e+02,-1.968350508000039911e-01
1.729999999999999538e+00,3.460897129944988659e+00,9.361520427641528030e+00,5.900623297696538927e+00,8.658769161300000405e+01,2.366320805622000023e+02,-1.896902207999990042e-01
1.740000000000000213e+00,3.438103964993636463e+00,9.350406723945024368e+00,5.912302758951387460e+00,8.709343590899999299e+01,2.366158991382000067e+02,-1.845205918000029921e-01
1.750000000000000000e+00,3.424645106090102864e+00,9.343511162006929993e+00,5.918866055916828017e+00,8.761170574700000202e+01,2.366084033092000141e+02,-1.913788978000069974e-01
1.759999999999999787e+00,3.423432671086343859e+00,9.342835795551744482e+00,5.919403124465401511e+00,8.811305978100000402e+01,2.365989471851999895e+02,-1.962340378000030083e-01
1.769999999999999574e+00,3.425994142112386065e+00,9.343229868017289164e+00,5.917235725904904875e+00,8.860451714699999570e+01,2.366049413741999956e+02,-2.041459087999840105e-01
1.779999999999999361e+00,3.430373127418048895e+00,9.351522470983415047e+00,5.921149343565367040e+00,8.910869934699999817e+01,2.366336729491999904e+02,-2.191352137999710015e-01
1.790000000000000036e+00,3.421607195090017761e+00,9.354601199181669102e+00,5.932994004091652229e+00,8.960435083299999803e+01,2.366539257571999997e+02,-2.280964637999859934e-01
1.799999999999999822e+00,3.409237074639706933e+00,9.354730243780023713e+00,5.945493169140317669e+00,9.010131105300000343e+01,2.366512513812000122e+02,-2.269764688000099895e-01
1.809999999999999609e+00,3.395698538468801875e+00,9.346170175830401661e+00,5.950471637361599342e+00,9.060232265499999471e+01,2.366477925211999889e+02,-2.298528307999949949e-01
1.819999999999999396e+00,3.362743755366329079e+00,9.321442767112031902e+00,5.958699011745703267e+00,9.111753770900000404e+01,2.366411663991999887e+02,-2.247148067999990007e-01
1.830000000000000071e+00,3.354000000000000092e+00,9.315859779146446584e+00,5.961859779146445604e+00,9.161295516699999553e+01,2.366304228331999866e+02,-2.145666278000090132e-01
1.839999999999999858e+00,3.330936543778201475e+00,9.304468271889101416e+00,5.973531728110899053e+00,9.211701689100000578e+01,2.366261683541999901e+02,-2.084394457999790007e-01
1.849999999999999645e+00,3.328887477029772057e+00,9.303000000000000824e+00,5.974112522970228767e+00,9.261546065500000680e+01,2.366325968161999924e+02,-2.063512297999700040e-01
1.859999999999999432e+00,3.354877191545532433e+00,9.326886638349721537e+00,5.972009446804189992e+00,9.311230621299999655e+01,2.366319297601999949e+02,-2.022383228000080024e-01
1.870000000000000107e+00,3.366877715578194152e+00,9.340857334841226489e+00,5.973979619263032781e+00,9.360755489699999998e+01,2.366241460182000083e+02,-2.021006888000080048e-01
1.879999999999999893e+00,3.342301424680031996e+00,9.329144683846415376e+00,5.986843259166383824e+00,9.410485888099999841e+01,2.366154532102000019e+02,-2.089594358000129992e-01
1.889999999999999680e+00,3.343149705227313806e+00,9.329023031573433045e+00,5.985873326346118795e+00,9.461420012899999676e+01,2.366064495502000113e+02,-2.148144017999850108e-01
1.899999999999999467e+00,3.355840099542078736e+00,9.330840099542077937e+00,5.974999999999999645e+00,9.513164258700000175e+01,2.365959016182000028e+02,-2.216621237999900074e-01
1.910000000000000142e+00,3.352506298689971409e+00,9.327506298689971942e+00,5.974999999999999645e+00,9.563516236499999934e+01,2.365835961402000009e+02,-2.175066707999699922e-01
1.919999999999999929e+00,3.338869302367200032e+00,9.316759177105168988e+00,5.977889874737968512e+00,9.611306955700000287e+01,2.365988541902000009e+02,-2.194542007999809863e-01
1.929999999999999716e+00,3.332324917206558546e+00,9.316000000000000725e+00,5.983675082793442179e+00,9.661402753299999802e+01,2.366314258801999983e+02,-2.294577387999719997e-01
1.939999999999999503e+00,3.350152949008723180e+00,9.324800912508388606e+00,5.974647963499664094e+00,9.710958861700000000e+01,2.366357113052000045e+02,-2.203625578000139862e-01
1.950000000000000178e+00,3.371542355749195252e+00,9.344843531787780933e+00,5.973301176038585680e+00,9.760651498900000433e+01,2.366160782341999891e+02,-1.991826087999979955e-01
1.959999999999999964e+00,3.379635569110221116e+00,9.351635569110221979e+00,5.972000000000000419e+00,9.811223191700010204e+01,2.366179209052000090e+02,-1.950765827999789981e-01
1.969999999999999751e+00,3.373288037160652397e+00,9.356711962839348473e+00,5.983423925678695632e+00,9.862348510299999305e+01,2.366280607621999934e+02,-1.999986567999749998e-01
1.979999999999999538e+00,3.359268143220421887e+00,9.351054121577734080e+00,5.991785978357312636e+00,9.912977178900000297e+01,2.366199232811999877e+02,-1.948572867999789904e-01
1.990000000000000213e+00,3.354052423089211921e+00,9.339000000000000412e+00,5.984947576910787603e+00,9.963217919699999925e+01,2.366095575402000009e+02,-1.907089247999609882e-01
2.000000000000000000e+00,3.338848601083475920e+00,9.316866601484763422e+00,5.978018000401287502e+00,1.001331643190000023e+02,2.366241086631999906e+02,-1.986488657999989915e-01
2.009999999999999787e+00,3.304018915649306720e+00,9.285591889654789099e+00,5.981572974005482379e+00,1.006255374689999940e+02,2.366491540901999997e+02,-2.156278057999939934e-01
2.019999999999999574e+00,3.281634092065950803e+00,9.260555246890985970e+00,5.978921154825035167e+00,1.011299745849999994e+02,2.366558751542000039e+02,-2.275393797999950007e-01
2.029999999999999361e+00,3.285421226154836116e+00,9.259773439527540617e+00,5.974352213372704945e+00,1.016303286910000026e+02,2.366463867271999959e+02,-2.253945827999850049e-01
2.040000000000000036e+00,3.327378084063162156e+00,9.283055493836121386e+00,5.955677409772960118e+00,1.021303978069999943e+02,2.366418901401999904e+02,-2.232674607999760030e-01
2.049999999999999822e+00,3.360284079570394766e+00,9.328568159140788296e+00,5.968284079570394418e+00,1.026330073929999998e+02,2.366455303262000029e+02,-2.271685197999950001e-01
2.059999999999999609e+00,3.366000000000000103e+00,9.349168610197621021e+00,5.983168610197620474e+00,1.031275981370000068e+02,2.366317240731999902e+02,-2.200097387999900012e-01
2.069999999999999396e+00,3.357740798071381150e+00,9.352000000000000313e+00,5.994259201928619163e+00,1.036192483149999930e+02,2.366167872631999956e+02,-2.018475517999610003e-01
2.080000000000000071e+00,3.354168619469735546e+00,9.352000000000000313e+00,5.997831380530264767e+00,1.041115873950000008e+02,2.366248775232000128e+02,-1.977665437999980014e-01
2.089999999999999858e+00,3.354000000000000092e+00,9.360460717968473787e+00,6.006460717968473695e+00,1.046078064189999992e+02,2.366351854591999881e+02,-1.956925097999890062e-01
2.099999999999999645e+00,3.354000000000000092e+00,9.350713071303070834e+00,5.996713071303072518e+00,1.051010565790000015e+02,2.366273159431999886e+02,-1.875549658000089936e-01
2.109999999999999432e+00,3.340316825714327642e+00,9.324588390612323252e+00,5.984271564897994722e+00,1.056143321050000026e+02,2.366195739272000083e+02,-1.834134427999890016e-01
2.120000000000000107e+00,3.328402555464307078e+00,9.327481444283003853e+00,5.999078888818697664e+00,1.061282085729999949e+02,2.366188527902000089e+02,-1.862966017999750090e-01
2.129999999999999893e+00,3.339999999999999858e+00,9.348439118893070443e+00,6.008439118893069697e+00,1.066350403130000046e+02,2.366187169161999861e+02,-1.931834187999799946e-01
2.139999999999999680e+00,3.338065143887562591e+00,9.362553494743282911e+00,6.024488350855721208e+00,1.071391047009999937e+02,2.366144201012000110e+02,-1.990561648000080119e-01
2.149999999999999467e+00,3.327156185457321946e+00,9.358438145426779542e+00,6.031281959969457596e+00,1.076410009030000055e+02,2.366130114482000124e+02,-2.029395697999709924e-01
2.160000000000000142e+00,3.332129241844010714e+00,9.355946108255375648e+00,6.023816866411364934e+00,1.081345674589999959e+02,2.366171475952000094e+02,-2.038443708000050036e-01
2.169999999999999929e+00,3.353000000000000203e+00,9.389095079134522237e+00,6.036095079134523367e+00,1.086229137090000023e+02,2.366249992751999969e+02,-2.027634287999700025e-01
2.179999999999999716e+00,3.346617512574727726e+00,9.396447005029889610e+00,6.049829492455163660e+00,1.091155923350000023e+02,2.366271381351999992e+02,-1.876612767999840115e-01
2.189999999999999503e+00,3.324517785319727192e+00,9.384937416206348360e+00,6.060419630886621611e+00,1.096060455549999944e+02,2.366331670531999976e+02,-1.695733248000119986e-01
2.200000000000000178e+00,3.309403339805840893e+00,9.366204453074454150e+00,6.056801113268614145e+00,1.101071981190000031e+02,2.366447795201999895e+02,-1.615027567999740010e-01
2.209999999999999964e+00,3.293121313945906792e+00,9.342487265646536088e+00,6.049365951700629296e+00,1.105998215230000028e+02,2.366478885241999990e+02,-1.544040917999690010e-01
2.219999999999999751e+00,3.306426540016267790e+00,9.349999999999999645e+00,6.043573459983732299e+00,1.110909034969999993e+02,2.366429071702000044e+02,-1.442772067999789909e-01
2.229999999999999538e+00,3.309885311487059223e+00,9.338491950845883238e+00,6.028606639358824459e+00,1.115953372830000063e+02,2.366496811542000103e+02,-1.411888707999910120e-01
2.240000000000000213e+00,3.291243935370521623e+00,9.317775082386898333e+00,6.026531147016376266e+00,1.120981479369999931e+02,2.366673449072000039e+02,-1.481393807999960011e-01
2.250000000000000000e+00,3.270824948520092867e+00,9.310137491420015010e+00,6.039312542899922143e+00,1.125943115169999942e+02,2.366786265151999942e+02,-1.530688397999920014e-01
2.259999999999999787e+00,3.263505856845035691e+00,9.321847722029071193e+00,6.058341865184034170e+00,1.130965234490000029e+02,2.366892341091999867e+02,-1.629946077999830101e-01
2.269999999999999574e+00,3.270826172250753228e+00,9.342224159000695138e+00,6.071397986749942355e+00,1.136204980969999951e+02,2.366870791702000076e+02,-1.678704747999779923e-01
2.279999999999999361e+00,3.258597632807877620e+00,9.338646863747781524e+00,6.080049230939903460e+00,1.141270713269999959e+02,2.366739251532000026e+02,-1.697113877999880116e-01
2.290000000000000036e+00,3.234021146270914304e+00,9.318700300420077909e+00,6.084679154149163161e+00,1.146376384969999975e+02,2.366609920761999888e+02,-1.735522048000069928e-01
2.299999999999999822e+00,3.245226676586332903e+00,9.320613338293165739e+00,6.075386661706833280e+00,1.151427569250000005e+02,2.366557750601999999e+02,-1.734214308000069926e-01
2.309999999999999609e+00,3.262238816186887380e+00,9.335092050869128855e+00,6.072853234682241030e+00,1.156360073069999999e+02,2.366479020161999927e+02,-1.662838808000020041e-01
2.319999999999999396e+00,3.274045902910294181e+00,9.357091805820587638e+00,6.083045902910294345e+00,1.161288017050000008e+02,2.366480159161999950e+02,-1.591746107999980064e-01
2.330000000000000071e+00,3.266419853775648807e+00,9.363813857401874330e+00,6.097394003626224190e+00,1.166150361010000012e+02,2.366577679741999987e+02,-1.531008107999690115e-01
2.339999999999999858e+00,3.263999999999999790e+00,9.373097645647870735e+00,6.109097645647870500e+00,1.171095427009999952e+02,2.366629806562000056e+02,-1.480091617999730047e-01
2.349999999999999645e+00,3.279985071441191558e+00,9.382992535720596550e+00,6.103007464279404104e+00,1.176041338889999963e+02,2.366491673472000059e+02,-1.428503687999780059e-01
2.359999999999999432e+00,3.295445151111612514e+00,9.393898913704246567e+00,6.098453762592634497e+00,1.181112198790000036e+02,2.366270315461999871e+02,-1.436594728000110122e-01
2.370000000000000107e+00,3.302000000000000046e+00,9.404986987332007331e+00,6.102986987332006841e+00,1.186098061170000051e+02,2.366134215371999971e+02,-1.455005537999639886e-01
2.379999999999999893e+00,3.295366920853833204e+00,9.397754315422460536e+00,6.102387394568627776e+00,1.191107052769999939e+02,2.366119347172000005e+02,-1.553839438000109985e-01
2.389999999999999680e+00,3.282157389683955540e+00,9.379157389683955515e+00,6.097000000000000419e+00,1.196169697010000021e+02,2.366217401872000039e+02,-1.743060387999610106e-01
2.399999999999999467e+00,3.262847601395676644e+00,9.371947808111654510e+00,6.109100206715977421e+00,1.201150748069999992e+02,2.366341059371999904e+02,-1.872389427999940070e-01
2.410000000000000142e+00,3.250999999999999890e+00,9.371593045499135854e+00,6.120593045499136409e+00,1.206138347450000055e+02,2.366525435901999970e+02,-1.931930777999650017e-01
2.419999999999999929e+00,3.259848766320863067e+00,9.373474794386810416e+00,6.113626028065946905e+00,1.211206391169999961e+02,2.366704318111999896e+02,-2.011434978000030127e-01
2.429999999999999716e+00,3.281503600499322548e+00,9.382540123307379076e+00,6.101036522808056972e+00,1.216309188550000044e+02,2.366625293822000060e+02,-1.940020557999989903e-01
2.439999999999999503e+00,3.289000000000000146e+00,9.396430599014781393e+00,6.107430599014782580e+00,1.221458747329999994e+02,2.366428957011999898e+02,-1.808181457999649966e-01
2.450000000000000178e+00,3.289852497206366522e+00,9.400704994412732773e+00,6.110852497206366252e+00,1.226581503310000016e+02,2.366351213821999977e+02,-1.696766857999970068e-01
2.459999999999999964e+00,3.279512494563927572e+00,9.387652265808636542e+00,6.108139771244707639e+00,1.231538821869999936e+02,2.366364152312000044e+02,-1.595709058000079894e-01
2.469999999999999751e+00,3.278066356903485801e+00,9.399137360254686158e+00,6.121071003351199025e+00,1.236396886330000058e+02,2.366361195542000075e+02,-1.554617647999879948e-01
2.479999999999999538e+00,3.254058150447935116e+00,9.365008066039290924e+00,6.110949915591355364e+00,1.241315438750000055e+02,2.366351428071999976e+02,-1.583489207999740078e-01
2.490000000000000213e+00,3.251999999999999780e+00,9.323126905815843912e+00,6.071126905815843244e+00,1.246124174469999986e+02,2.366335320151999895e+02,-1.632362957999690112e-01
2.500000000000000000e+00,3.263873504521921376e+00,9.301231908376477620e+00,6.037358403854555355e+00,1.251068405270000028e+02,2.366226679462000106e+02,-1.710880298000080069e-01
2.509999999999999787e+00,3.252023152780735060e+00,9.284032799772708344e+00,6.032009646991973284e+00,1.256093652609999936e+02,2.366102525491999984e+02,-1.819325077999749962e-01
2.519999999999999574e+00,3.238543937338614676e+00,9.259543937338614583e+00,6.020999999999999908e+00,1.261240973649999972e+02,2.365945453081999972e+02,-1.877626238000029979e-01
2.529999999999999361e+00,3.227942433416236323e+00,9.247149417955094819e+00,6.019206984538858940e+00,1.266341519970000036e+02,2.365905904871999894e+02,-1.936352437999749876e-01
2.540000000000000036e+00,3.240767619748215367e+00,9.249841270571057095e+00,6.009073650822842616e+00,1.271376466269999952e+02,2.365962738242000114e+02,-2.005433337999799892e-01
2.549999999999999822e+00,3.272174231566527869e+00,9.281821376506277588e+00,6.009647144939748387e+00,1.276358054009999989e+02,2.366076941261999877e+02,-1.984727927999709873e-01
2.559999999999999609e+00,3.317230602164030095e+00,9.323343169563697685e+00,6.006112567399666702e+00,1.281221277569999870e+02,2.366334523751999939e+02,-1.994554898000039933e-01
2.569999999999999396e+00,3.338471420525745081e+00,9.335195856827699146e+00,5.996724436301954064e+00,1.286263070710000136e+02,2.366622298142000034e+02,-2.014448728000139965e-01
2.580000000000000071e+00,3.362265154984367399e+00,9.358839746525234204e+00,5.996574591540866805e+00,1.291144818829999963e+02,2.366730836542000134e+02,-1.983745477999699913e-01
2.589999999999999858e+00,3.344642967686430435e+00,9.342642967686430211e+00,5.998000000000000220e+00,1.296151764230000083e+02,2.366576297151999881e+02,-1.892085828000129866e-01
2.599999999999999645e+00,3.324460834490418737e+00,9.322460834490419401e+00,5.998000000000000220e+00,1.301143310870000107e+02,2.366340607221999903e+02,-1.840143557999600055e-01
2.609999999999999432e+00,3.319530191595495783e+00,9.313728446800347172e+00,5.994198255204850945e+00,1.306220175750000010e+02,2.366189528561999964e+02,-1.898481537999890112e-01
2.620000000000000107e+00,3.328462365509061271e+00,9.313041356499303092e+00,5.984578990990241820e+00,1.311164967649999937e+02,2.366071045312000081e+02,-1.936963768000090069e-01
2.629999999999999893e+00,3.330465722923622529e+00,9.311999999999999389e+00,5.981534277076376860e+00,1.316195625569999947e+02,2.366027542452000034e+02,-1.985691498000040078e-01
2.639999999999999680e+00,3.353534471340081868e+00,9.312044539278339528e+00,5.958510067938258103e+00,1.321218878189999941e+02,2.366113756871999954e+02,-2.054878658000089953e-01
2.649999999999999467e+00,3.361156629516237615e+00,9.312679719126354172e+00,5.951523089610115669e+00,1.326141716770000016e+02,2.366204360911999913e+02,-2.094103447999710044e-01
2.660000000000000142e+00,3.372285009649724330e+00,9.326008945803078376e+00,5.953723936153354934e+00,1.331216591369999946e+02,2.366263580081999862e+02,-2.133183687999889999e-01
2.669999999999999929e+00,3.362845723676401999e+00,9.322444030206904486e+00,5.959598306530503820e+00,1.336256079750000083e+02,2.366240826252000033e+02,-2.121982268000129901e-01
2.679999999999999716e+00,3.319224317271080693e+00,9.277886534302552946e+00,5.958662217031473141e+00,1.341367723129999945e+02,2.366182304031999877e+02,-2.060638277999849999e-01
2.689999999999999503e+00,3.291821731630848902e+00,9.251418627112157012e+00,5.959596895481307222e+00,1.346553541069999937e+02,2.366228107972000032e+02,-2.019645987999660053e-01
2.700000000000000178e+00,3.311244489576706140e+00,9.270388932285293038e+00,5.959144442708588230e+00,1.351708842250000089e+02,2.366282115061999889e+02,-1.998689558000129873e-01
2.709999999999999964e+00,3.308008199129351290e+00,9.273417349927445485e+00,5.965409150798094196e+00,1.356621670449999897e+02,2.366372572472000115e+02,-1.917915277999739931e-01
2.719999999999999751e+00,3.293651205421706862e+00,9.269044740755337131e+00,5.975393535333630268e+00,1.361416713330000050e+02,2.366596284551999929e+02,-1.907637787999990064e-01
2.729999999999999538e+00,3.282063987347818124e+00,9.267453524836112067e+00,5.985389537488293499e+00,1.366332721029999959e+02,2.366806551631999866e+02,-1.987286537999800040e-01
2.740000000000000213e+00,3.300445311131542159e+00,9.289123596037065056e+00,5.988678284905523341e+00,1.371112057750000019e+02,2.366779032302000019e+02,-1.956126047999940110e-01
2.750000000000000000e+00,3.325105194122945473e+00,9.320106525949340082e+00,5.995001331826396829e+00,1.376012612989999866e+02,2.366558144541999980e+02,-1.914256307999759876e-01
2.759999999999999787e+00,3.329000000000000181e+00,9.312491715234269662e+00,5.983491715234269037e+00,1.381047844070000110e+02,2.366434560561999945e+02,-2.022700877999989988e-01
2.769999999999999574e+00,3.290644933666955207e+00,9.274628396906262395e+00,5.983983463239308520e+00,1.386115306289999864e+02,2.366272751831999983e+02,-2.131003417999660088e-01
2.779999999999999361e+00,3.302887216667308667e+00,9.274991324359024958e+00,5.972104107691714958e+00,1.391136813029999928e+02,2.366038630751999960e+02,-2.119060277999909869e-01
2.790000000000000036e+00,3.313888043423147245e+00,9.286092663048071572e+00,5.972204619624923438e+00,1.396070463469999936e+02,2.365939827111999989e+02,-2.077613897999719961e-01
2.799999999999999822e+00,3.301976722616507764e+00,9.286134149906276392e+00,5.984157427289767739e+00,1.400983302770000023e+02,2.366030108122000115e+02,-2.046839317999850083e-01
2.809999999999999609e+00,3.289097167272048150e+00,9.275097167272047471e+00,5.985999999999999766e+00,1.405881035170000075e+02,2.366209566422000137e+02,-2.046382917999859941e-01
2.819999999999999396e+00,3.290503572729007509e+00,9.276292579405117422e+00,5.985789006676109025e+00,1.411053451710000104e+02,2.366314667171999986e+02,-2.015602877999989884e-01
2.830000000000000071e+00,3.350923713702449014e+00,9.335923713702449334e+00,5.985000000000000320e+00,1.416141119989999879e+02,2.366325172971999962e+02,-1.874507237999900044e-01
2.839999999999999858e+00,3.382038559403306444e+00,9.369375912790465222e+00,5.987337353387158778e+00,1.421224818389999882e+02,2.366405247012000075e+02,-1.823658507999940115e-01
2.849999999999999645e+00,3.390898777544352427e+00,9.385051683347700902e+00,5.994152905803348474e+00,1.426507080490000021e+02,2.366516229572000043e+02,-1.902875497999760024e-01
2.859999999999999432e+00,3.402539244671315632e+00,9.409835030121184829e+00,6.007295785449868752e+00,1.431539446129999931e+02,2.366442810952000002e+02,-1.941497237999950110e-01
2.870000000000000107e+00,3.403999999999999915e+00,9.424993694602296301e+00,6.020993694602296387e+00,1.436572363989999985e+02,2.366359690891999890e+02,-1.900084107999749916e-01
2.879999999999999893e+00,3.392237466813737612e+00,9.426960422197710798e+00,6.034722955383973186e+00,1.441458436009999957e+02,2.366568001041999878e+02,-2.049733067999610081e-01
2.889999999999999680e+00,3.401786120509129319e+00,9.435786120509130015e+00,6.033999999999999808e+00,1.446476013250000108e+02,2.366753664182000136e+02,-2.229273067999910096e-01
2.899999999999999467e+00,3.379943940614508868e+00,9.413943940614508676e+00,6.033999999999999808e+00,1.451312687289999985e+02,2.366599065842000016e+02,-2.237651737999669932e-01
2.910000000000000142e+00,3.339003579857839910e+00,9.386166070023692853e+00,6.047162490165852944e+00,1.456318198650000113e+02,2.366294201261999888e+02,-2.145462048000099931e-01
2.919999999999999929e+00,3.325505737120772132e+00,9.389918663753251238e+00,6.064412926632479994e+00,1.461335147769999878e+02,2.366139914341999884e+02,-2.143801648000089877e-01
2.929999999999999716e+00,3.314999999999999947e+00,9.393565211781570667e+00,6.078565211781571165e+00,1.466282195169999909e+02,2.365981884452000088e+02,-2.072143138000039908e-01
2.939999999999999503e+00,3.314999999999999947e+00,9.373777547745969940e+00,6.058777547745968661e+00,1.471329068869999901e+02,2.365829730862000133e+02,-1.950482828000039970e-01
2.950000000000000178e+00,3.311546796356303446e+00,9.369546796356303275e+00,6.057999999999999829e+00,1.476365689589999874e+02,2.365857177672000091e+02,-1.859458637999890085e-01
2.959999999999999964e+00,3.302787551672970334e+00,9.361424896654060746e+00,6.058637344981089079e+00,1.481249443950000000e+02,2.366106022301999872e+02,-1.839250017999800035e-01
2.969999999999999751e+00,3.304786520903117530e+00,9.368174967391503571e+00,6.063388446488386485e+00,1.486169724490000021e+02,2.366416872572000045e+02,-1.869252357999650060e-01
2.979999999999999538e+00,3.314517343359357326e+00,9.386246494810233543e+00,6.071729151450877993e+00,1.491171863010000038e+02,2.366522020211999973e+02,-1.908510817999840015e-01
2.990000000000000213e+00,3.315124898374328222e+00,9.388999999999999346e+00,6.073875101625671569e+00,1.496294077869999910e+02,2.366453802062000022e+02,-1.927130787999949968e-01
3.000000000000000000e+00,3.314999999999999947e+00,9.388094588493450132e+00,6.073094588493450630e+00,1.501427431969999873e+02,2.366365939581999953e+02,-2.015679428000090034e-01
3.009999999999999787e+00,3.353373494417561052e+00,9.401537004784946916e+00,6.048163510367386309e+00,1.506649506429999974e+02,2.366303068532000111e+02,-2.134296698000099912e-01
3.019999999999999574e+00,3.343578334797753460e+00,9.409932855887639391e+00,6.066354521089886376e+00,1.511684717530000057e+02,2.366179802071999916e+02,-2.152741807999619950e-01
3.029999999999999361e+00,3.347905290516886456e+00,9.419689091975826045e+00,6.071783801458940921e+00,1.516553921230000128e+02,2.366157200972000112e+02,-2.181579068000039923e-01
3.040000000000000036e+00,3.360771638268806871e+00,9.409652360119126868e+00,6.048880721850319553e+00,1.521485038049999901e+02,2.366278255482000077e+02,-2.240909577999770086e-01
3.049999999999999822e+00,3.373305253555599847e+00,9.386513378051200007e+00,6.013208124495600160e+00,1.526288632849999942e+02,2.366352177082000026e+02,-2.240101777999770061e-01
3.059999999999999609e+00,3.395443893274280533e+00,9.376632457433625945e+00,5.981188564159345411e+00,1.531272177570000110e+02,2.366256611471999918e+02,-2.088655007999909996e-01
3.069999999999999396e+00,3.386670643637937239e+00,9.368853619394638343e+00,5.982182975756701993e+00,1.536282266949999951e+02,2.366222446232000038e+02,-1.997419347999760120e-01
3.080000000000000071e+00,3.379593573366419523e+00,9.355438559801482867e+00,5.975844986435062900e+00,1.541411036789999969e+02,2.366214841272000058e+02,-1.976251447999650135e-01
3.089999999999999858e+00,3.373088186463086391e+00,9.346619864427463398e+00,5.973531677964378339e+00,1.546431684329999996e+02,2.366171191781999994e+02,-1.904980107999610095e-01
3.099999999999999645e+00,3.354701920452094921e+00,9.332690486791955564e+00,5.977988566339861087e+00,1.551533352849999972e+02,2.366111958452000010e+02,-1.883636088000089914e-01
3.109999999999999432e+00,3.334811256727413298e+00,9.333058092033557074e+00,5.998246835306142444e+00,1.556669280950000029e+02,2.366154453801999864e+02,-1.972644067999660134e-01
3.120000000000000107e+00,3.362878972902973995e+00,9.386316961214060228e+00,6.023437988311086677e+00,1.561609831510000106e+02,2.366285744461999911e+02,-2.122009178000099916e-01
3.129999999999999893e+00,3.378632047363164137e+00,9.428000000000000824e+00,6.049367952636835355e+00,1.566731799330000001e+02,2.366397343902000046e+02,-2.271264457999959963e-01
3.139999999999999680e+00,3.358476947249627198e+00,9.428000000000000824e+00,6.069523052750373182e+00,1.571766758949999883e+02,2.366453965592000088e+02,-2.400344997999719898e-01
3.149999999999999467e+00,3.348192193991905707e+00,9.428400650500675440e+00,6.080208456508769288e+00,1.576749203669999986e+02,2.366377732301999970e+02,-2.428967847999579932e-01
3.160000000000000142e+00,3.343842048300585290e+00,9.432978867620819940e+00,6.089136819320233762e+00,1.581628952210000136e+02,2.366345858631999874e+02,-2.417769787999820008e-01
3.169999999999999929e+00,3.366000000000000103e+00,9.465308085473115085e+00,6.099308085473113650e+00,1.586588000689999944e+02,2.366328528562000031e+02,-2.406605398000060125e-01
3.179999999999999716e+00,3.360630808958589011e+00,9.473208020658466566e+00,6.112577211699877999e+00,1.591502805849999902e+02,2.366208899821999978e+02,-2.285089218000060096e-01
3.189999999999999503e+00,3.310935694926333550e+00,9.446753650593803897e+00,6.135817955667469903e+00,1.596390498590000107e+02,2.366037819112000022e+02,-2.113397218000100108e-01
3.200000000000000178e+00,3.283740419934687349e+00,9.429320782009416035e+00,6.145580362074727354e+00,1.601408872869999982e+02,2.366033998501999918e+02,-2.072267097999909991e-01
3.209999999999999964e+00,3.286416977784182958e+00,9.426448765812951436e+00,6.140031788028768034e+00,1.606261811949999867e+02,2.366120824292000009e+02,-2.051493717999799959e-01
3.219999999999999751e+00,3.277358515538999484e+00,9.426027578118384653e+00,6.148669062579384281e+00,1.611134150750000060e+02,2.366218738462000033e+02,-2.040755208000039900e-01
3.229999999999999538e+00,3.260460595857209931e+00,9.421165645511978326e+00,6.160705049654767507e+00,1.616138003650000030e+02,2.366293864502000019e+02,-2.099907497999770056e-01
3.240000000000000213e+00,3.256639712954656929e+00,9.413070702989536187e+00,6.156430990034879258e+00,1.621236270050000030e+02,2.366294251012000132e+02,-2.158775098000050019e-01
3.250000000000000000e+00,3.269418824588415706e+00,9.423469413794462568e+00,6.154050589206047306e+00,1.626427244449999989e+02,2.366249778472000003e+02,-2.237463937999860097e-01
3.259999999999999787e+00,3.281318637750545442e+00,9.442650840654433608e+00,6.161332202903888167e+00,1.631615938930000027e+02,2.366245240652000064e+02,-2.316294177999670134e-01
3.269999999999999574e+00,3.287943467392543173e+00,9.450848341739824576e+00,6.162904874347280959e+00,1.636831736949999936e+02,2.366292295922000051e+02,-2.405300477999829933e-01
3.279999999999999361e+00,3.267573767940642249e+00,9.439441310046760236e+00,6.171867542106117099e+00,1.641917158610000058e+02,2.366342207241999915e+02,-2.414345337999579955e-01
3.290000000000000036e+00,3.292909706671394154e+00,9.453342941540643807e+00,6.160433234869248764e+00,1.646882192090000103e+02,2.366395474041999876e+02,-2.363428427999640091e-01
3.299999999999999822e+00,3.314089063632180920e+00,9.464000000000000412e+00,6.149910936367818159e+00,1.651873191370000029e+02,2.366520266011999922e+02,-2.332758217999769956e-01
3.309999999999999609e+00,3.305363010121153522e+00,9.464000000000000412e+00,6.158636989878846002e+00,1.656703876390000119e+02,2.366645992381999974e+02,-2.282126837999809976e-01
3.319999999999999396e+00,3.322138299038679854e+00,9.480930033764986220e+00,6.158791734726306366e+00,1.661679465809999954e+02,2.366689810212000111e+02,-2.241174307999619919e-01
3.330000000000000071e+00,3.329000000000000181e+00,9.478336412837906622e+00,6.149336412837907773e+00,1.666591441049999958e+02,2.366619782351999959e+02,-2.209834337999770082e-01
3.339999999999999858e+00,3.337875715498514584e+00,9.494365197451305249e+00,6.156489481952789333e+00,1.671550184349999881e+02,2.366432336132000103e+02,-2.148069508000050032e-01
3.349999999999999645e+00,3.346893042472447899e+00,9.512786084944895748e+00,6.165893042472447405e+00,1.676514925969999865e+02,2.366315275101999873e+02,-2.106551797999859921e-01
3.359999999999999432e+00,3.334073413148126885e+00,9.501867504958822153e+00,6.167794091810694823e+00,1.681486249209999926e+02,2.366258403902000111e+02,-2.145245498000039885e-01
3.370000000000000107e+00,3.290000000000000036e+00,9.448383271092584579e+00,6.158383271092584543e+00,1.686494089750000001e+02,2.366263679461999914e+02,-2.194150398000009883e-01
3.379999999999999893e+00,3.290414848914200441e+00,9.449414848914200249e+00,6.158999999999999808e+00,1.691404103570000075e+02,2.366403490792000071e+02,-2.273551907999820099e-01
3.389999999999999680e+00,3.282585647896323788e+00,9.446440081802290223e+00,6.163854433905966879e+00,1.696503812889999949e+02,2.366554061372000035e+02,-2.372949307999719926e-01
3.399999999999999467e+00,3.265693001083190161e+00,9.439293192765964235e+00,6.173600191682774962e+00,1.701539320290000035e+02,2.366601052181999876e+02,-2.401995097999579942e-01
3.410000000000000142e+00,3.265000000000000124e+00,9.415686867968403817e+00,6.150686867968405913e+00,1.706585643989999994e+02,2.366458564751999916e+02,-2.370369597999719968e-01
3.419999999999999929e+00,3.255942692644166137e+00,9.393052291848922764e+00,6.137109599204756627e+00,1.711739524449999976e+02,2.366362034972000004e+02,-2.408882767999920016e-01
3.429999999999999716e+00,3.272998856106193344e+00,9.402291047057520501e+00,6.129292190951328045e+00,1.716854037710000114e+02,2.366253276831999983e+02,-2.437361487999779863e-01
3.439999999999999503e+00,3.323422520303555228e+00,9.430550167670750383e+00,6.107127647367194712e+00,1.721889796590000117e+02,2.366120379491999870e+02,-2.355771847999950097e-01
3.450000000000000178e+00,3.341515139223828257e+00,9.446818329314060847e+00,6.105303190090233478e+00,1.726825439950000032e+02,2.366162093762000040e+02,-2.264820457999809911e-01
3.459999999999999964e+00,3.337924423229597259e+00,9.455365828284923779e+00,6.117441405055328296e+00,1.731711485330000073e+02,2.366370827272000099e+02,-2.294470137999669868e-01
3.469999999999999751e+00,3.322172804934891754e+00,9.463242799794379323e+00,6.141069994859487124e+00,1.736590387990000011e+02,2.366529213512000069e+02,-2.283943517999920125e-01
3.479999999999999538e+00,3.298978264245453929e+00,9.460986958547271897e+00,6.162008694301818856e+00,1.741500635529999954e+02,2.366489418932000035e+02,-2.172710077999669975e-01
3.490000000000000213e+00,3.282436324189329735e+00,9.451061794513597292e+00,6.168625470324268001e+00,1.746628839830000004e+02,2.366491727092000019e+02,-2.171577407999669973e-01
3.500000000000000000e+00,3.242494815621604687e+00,9.427096889372963417e+00,6.184602073751357842e+00,1.751735947790000125e+02,2.366512686231999965e+02,-2.220515557999619971e-01
3.509999999999999787e+00,3.203130117651802777e+00,9.389130117651802721e+00,6.185999999999999943e+00,1.756825940390000085e+02,2.366482551711999918e+02,-2.279277317999900132e-01
3.519999999999999574e+00,3.202972320956827268e+00,9.389958481435241922e+00,6.186986160478413765e+00,1.762018615849999890e+02,2.366408269252000025e+02,-2.317860348000100046e-01
3.529999999999999361e+00,3.193297335572793827e+00,9.390000000000000568e+00,6.196702664427205853e+00,1.767075232910000011e+02,2.366436397402000011e+02,-2.356834957999729974e-01
3.540000000000000036e+00,3.181547851550997397e+00,9.398073160819752303e+00,6.216525309268755350e+00,1.772034588790000100e+02,2.366589148202000104e+02,-2.406270947999669951e-01
3.549999999999999822e+00,3.201142338482169336e+00,9.426507013785270672e+00,6.225364675303100448e+00,1.776878432610000118e+02,2.366835324792000108e+02,-2.496062507999829982e-01
3.559999999999999609e+00,3.214999999999999858e+00,9.445627444973435871e+00,6.230627444973436013e+00,1.781810684950000052e+02,2.366936482501999990e+02,-2.535322438000019996e-01
3.569999999999999396e+00,3.219459863012010370e+00,9.461919726024019539e+00,6.242459863012010501e+00,1.786682146370000055e+02,2.366874299481999913e+02,-2.464018897999959989e-01
3.580000000000000071e+00,3.246692933208433107e+00,9.507290341800278100e+00,6.260597408591844548e+00,1.791555883270000038e+02,2.366772252302000084e+02,-2.372574077999820008e-01
3.589999999999999858e+00,3.273299261653231707e+00,9.524345680546943527e+00,6.251046418893711376e+00,1.796465578590000121e+02,2.366742159162000121e+02,-2.341375507999960137e-01
3.599999999999999645e+00,3.239020281138818902e+00,9.478794192170854060e+00,6.239773911032035159e+00,1.801348168149999935e+02,2.366660508212000025e+02,-2.290000937999999986e-01
3.609999999999999432e+00,3.227883899810751522e+00,9.485213595458034774e+00,6.257329695647283252e+00,1.806414450450000118e+02,2.366519301881999979e+02,-2.218375257999949945e-01
3.620000000000000107e+00,3.219840519397283440e+00,9.494993840516613659e+00,6.275153321119330663e+00,1.811445662810000101e+02,2.366466062302000068e+02,-2.197068057999859991e-01
3.629999999999999893e+00,3.209238050821791699e+00,9.508424987007598972e+00,6.299186936185807717e+00,1.816503985370000009e+02,2.366464309972000137e+02,-2.215936737999960049e-01
3.639999999999999680e+00,3.201293765435763827e+00,9.523293765435763447e+00,6.322000000000000064e+00,1.821612794389999976e+02,2.366455459192000035e+02,-2.224769077999720068e-01
3.649999999999999467e+00,3.200318610966544686e+00,9.523159305483272163e+00,6.322840694516727922e+00,1.826692231049999862e+02,2.366434773642000096e+02,-2.273566457999670054e-01
3.660000000000000142e+00,3.178055248735703220e+00,9.512027624367851431e+00,6.333972375632147767e+00,1.831827584730000069e+02,2.366487323231999937e+02,-2.342609907999730068e-01
3.669999999999999929e+00,3.177255033989662358e+00,9.523174490155065897e+00,6.345919456165403538e+00,1.836789227190000133e+02,2.366600033471999893e+02,-2.421904318000099865e-01
3.679999999999999716e+00,3.167357141904764806e+00,9.525622448843538592e+00,6.358265306938773342e+00,1.841915162669999972e+02,2.366642099951999967e+02,-2.470912748000070047e-01
3.689999999999999503e+00,3.163714387397527084e+00,9.509283477254410144e+00,6.345569089856883060e+00,1.847025109429999929e+02,2.366613317091999988e+02,-2.469674448000059863e-01
3.700000000000000178e+00,3.176436065782618279e+00,9.515436065782617803e+00,6.339000000000000412e+00,1.852028080510000052e+02,2.366528416502000027e+02,-2.448261827999959894e-01
3.709999999999999964e+00,3.185396195832037591e+00,9.523795561804043075e+00,6.338399365972006372e+00,1.856974869770000112e+02,2.366550380602000132e+02,-2.457238927999730038e-01
3.719999999999999751e+00,3.173706184260633556e+00,9.511176729366257021e+00,6.337470545105623465e+00,1.861766777549999858e+02,2.366653577412000118e+02,-2.486537207999590104e-01
3.729999999999999538e+00,3.164140225345904334e+00,9.502977336010776099e+00,6.338837110664870877e+00,1.866684167809999906e+02,2.366664130101999888e+02,-2.415480068000110114e-01
3.740000000000000213e+00,3.182289202145332396e+00,9.521289202145332808e+00,6.339000000000000412e+00,1.871541651189999982e+02,2.366671333412000138e+02,-2.324424307999959916e-01
3.750000000000000000e+00,3.209340847308149058e+00,9.566398487338121370e+00,6.357057640029972312e+00,1.876441358330000071e+02,2.366640740841999957e+02,-2.273226068000009925e-01
3.759999999999999787e+00,3.243160809596335348e+00,9.590438075668648921e+00,6.347277266072312685e+00,1.881349922569999933e+02,2.366630473941999924e+02,-2.282097957999769944e-01
3.769999999999999574e+00,3.255292866996005063e+00,9.587812651763391258e+00,6.332519784767386639e+00,1.886291857909999976e+02,2.366562014932000011e+02,-2.290757118000089909e-01
3.779999999999999361e+00,3.234693267640252223e+00,9.558910225393026039e+00,6.324216957752773816e+00,1.891364726269999892e+02,2.366480927871999995e+02,-2.319342727999960108e-01
3.790000000000000036e+00,3.224196710701628277e+00,9.546925047180316426e+00,6.322728336478688149e+00,1.896351459370000043e+02,2.366505030811999859e+02,-2.368318747999919871e-01
3.799999999999999822e+00,3.214509149560312640e+00,9.536545517386048942e+00,6.322036367825736747e+00,1.901331359369999916e+02,2.366648832072000062e+02,-2.447718787999730028e-01
3.809999999999999609e+00,3.203531327534344886e+00,9.504738890112403027e+00,6.301207562578056809e+00,1.906369454089999920e+02,2.366825969031999932e+02,-2.537223557999879753e-01
3.819999999999999396e+00,3.211215334358330509e+00,9.529886548809081148e+00,6.318671214450750639e+00,1.911396689910000077e+02,2.366842403532000105e+02,-2.576163448000070022e-01
3.830000000000000071e+00,3.189543903490387411e+00,9.498680489538205762e+00,6.309136586047818795e+00,1.916511753169999963e+02,2.366723979232000090e+02,-2.514607357999770199e-01
3.839999999999999858e+00,3.188540372094881725e+00,9.483539378605543746e+00,6.294999006510662021e+00,1.921522998050000126e+02,2.366669599672000004e+02,-2.493300577999690015e-01
3.849999999999999645e+00,3.208307426568768772e+00,9.495802832443267505e+00,6.287495405874498289e+00,1.926654631110000082e+02,2.366611864632000106e+02,-2.531955567999870094e-01
3.859999999999999432e+00,3.229292572148922513e+00,9.513191047679077528e+00,6.283898475530154570e+00,1.931754856709999899e+02,2.366402447231999986e+02,-2.470081747999590127e-01
3.870000000000000107e+00,3.237553745939745653e+00,9.513879478828311420e+00,6.276325732888566655e+00,1.936709298309999951e+02,2.366114876462000041e+02,-2.327964108000049881e-01
3.879999999999999893e+00,3.260128991877331295e+00,9.522939188871179184e+00,6.262810196993847001e+00,1.941625570809999886e+02,2.366145043712000131e+02,-2.356977067999909969e-01
3.889999999999999680e+00,3.233281161703099205e+00,9.483851236804021312e+00,6.250570075100920775e+00,1.946355608069999903e+02,2.366454765612000131e+02,-2.467018267999590009e-01
3.899999999999999467e+00,3.235094049402842842e+00,9.484094049402843396e+00,6.248999999999999666e+00,1.951242227870000079e+02,2.366653444881999917e+02,-2.516632478000109807e-01
3.910000000000000142e+00,3.228854631289443056e+00,9.472710614961494358e+00,6.243855983672050414e+00,1.956082916610000098e+02,2.366779423721999933e+02,-2.556000347999730082e-01
3.919999999999999929e+00,3.195269182405203523e+00,9.431776266152709809e+00,6.236507083747505398e+00,1.961069077509999943e+02,2.366813545621999992e+02,-2.595011777999919889e-01
3.929999999999999716e+00,3.184789298029815807e+00,9.416570434975504611e+00,6.231781136945688360e+00,1.966125703449999946e+02,2.366841532651999955e+02,-2.673986147999740104e-01
3.939999999999999503e+00,3.203644296925490575e+00,9.426118741006938251e+00,6.222474444081448119e+00,1.971298976969999899e+02,2.366756197091999923e+02,-2.692534367999839806e-01
3.950000000000000178e+00,3.226999999999999869e+00,9.436136590141122937e+00,6.209136590141121737e+00,1.976455132909999861e+02,2.366619803151999974e+02,-2.710906257999929903e-01
3.959999999999999964e+00,3.226894800437354327e+00,9.439524789503492386e+00,6.212629989066138947e+00,1.981514025449999963e+02,2.366608067141999925e+02,-2.729739588000030248e-01
3.969999999999999751e+00,3.226203823973436524e+00,9.456108224637523207e+00,6.229904400664087127e+00,1.986486784950000128e+02,2.366701485851999962e+02,-2.778963267999979836e-01
3.979999999999999538e+00,3.236003030115153223e+00,9.452535897594870562e+00,6.216532867479717339e+00,1.991361408109999900e+02,2.366759394741999927e+02,-2.788083237999740005e-01
3.990000000000000213e+00,3.248056099389547757e+00,9.459810774338675898e+00,6.211754674949128585e+00,1.996142441449999865e+02,2.366702136051999901e+02,-2.696817057999599809e-01
4.000000000000000000e+00,3.251498184000091829e+00,9.462501815999907251e+00,6.211003631999815866e+00,2.000950021669999899e+02,2.366706242452000026e+02,-2.675761928000069956e-01
4.009999999999999787e+00,3.252269679502677313e+00,9.458763845967872896e+00,6.206494166465195583e+00,2.005905082509999886e+02,2.366758762862000083e+02,-2.674844928000070232e-01
4.019999999999999574e+00,3.256039070129664648e+00,9.456906977567419048e+00,6.200867907437754845e+00,2.010920303929999875e+02,2.366634709221999913e+02,-2.593291057999679849e-01
4.029999999999999361e+00,3.261227410584536024e+00,9.474999999999999645e+00,6.213772589415464509e+00,2.016061014489999934e+02,2.366417905621999864e+02,-2.441381587999819913e-01
4.040000000000000036e+00,3.252142201228841234e+00,9.474999999999999645e+00,6.222857798771158855e+00,2.021090525790000072e+02,2.366394475962000001e+02,-2.460180197999919938e-01
4.049999999999999822e+00,3.265205656699488479e+00,9.487304371915241674e+00,6.222098715215754972e+00,2.026215343510000082e+02,2.366456157002000111e+02,-2.609258727999779759e-01
4.059999999999999609e+00,3.281570975162767745e+00,9.511525043240895982e+00,6.229954068078128238e+00,2.031288792949999902e+02,2.366364909861999877e+02,-2.687808687999589941e-01
4.069999999999999396e+00,3.282933796444372554e+00,9.525087108239326028e+00,6.242153311794954362e+00,2.036309157510000034e+02,2.366150791421999884e+02,-2.665936308000069754e-01
4.080000000000000071e+00,3.288492969929968091e+00,9.525999999999999801e+00,6.237507030070031711e+00,2.041394033610000065e+02,2.366210298341999874e+02,-2.785015858000070010e-01
4.089999999999999858e+00,3.301698028016612163e+00,9.523698028016612582e+00,6.222000000000000419e+00,2.046346583030000090e+02,2.366482324101999950e+02,-2.984875147999899725e-01
4.099999999999999645e+00,3.293023522366878897e+00,9.514902581472203025e+00,6.221879059105325460e+00,2.051380070870000054e+02,2.366389220362000003e+02,-2.943426667999710089e-01
4.109999999999999432e+00,3.310212528797862763e+00,9.531404027645947963e+00,6.221191498848085644e+00,2.056328244910000080e+02,2.366211434791999864e+02,-2.811697817999930238e-01
4.120000000000000107e+00,3.314257241469225068e+00,9.536742758530776243e+00,6.222485517061549842e+00,2.061407082730000013e+02,2.366201191561999906e+02,-2.730531328000119773e-01
4.129999999999999893e+00,3.295496357990934655e+00,9.517016066630208826e+00,6.221519708639275059e+00,2.066376404590000107e+02,2.366354794592000133e+02,-2.699967587999699825e-01
4.139999999999999680e+00,3.307849891395001407e+00,9.523393343885922846e+00,6.215543452490920551e+00,2.071241015150000067e+02,2.366412592131999872e+02,-2.579088547999680014e-01
4.149999999999999467e+00,3.330435159493615682e+00,9.536713736708865241e+00,6.206278577215250003e+00,2.076135588029999894e+02,2.366471923242000059e+02,-2.508208577999629929e-01
4.160000000000000142e+00,3.343963433084510051e+00,9.532691044610325903e+00,6.188727611525815853e+00,2.080945181149999996e+02,2.366616230031999919e+02,-2.527647897999730220e-01
4.169999999999999929e+00,3.359314247625897032e+00,9.531101677720860366e+00,6.171787430094964222e+00,2.085808691709999891e+02,2.366693359891999933e+02,-2.586838478000019759e-01
4.179999999999999716e+00,3.376437046681251442e+00,9.547539564814002233e+00,6.171102518132750347e+00,2.090737806729999875e+02,2.366674037612000063e+02,-2.655674238000059750e-01
4.189999999999999503e+00,3.386195141046187018e+00,9.557794736133370606e+00,6.171599595087181811e+00,2.095790714270000024e+02,2.366591704731999926e+02,-2.714260087999790239e-01
4.200000000000000178e+00,3.397406617075848789e+00,9.573982772130026575e+00,6.176576155054177342e+00,2.100952309650000132e+02,2.366535503261999906e+02,-2.802914147999939765e-01
4.209999999999999964e+00,3.388135519392895478e+00,9.570784153262399840e+00,6.182648633869503918e+00,2.105988669589999915e+02,2.366392128322000019e+02,-2.861288317999650110e-01
4.219999999999999751e+00,3.352620610620228536e+00,9.536970816201556289e+00,6.184350205581328197e+00,2.110996770490000074e+02,2.366217374612000128e+02,-2.839557548000130049e-01
4.229999999999999538e+00,3.339670202969338142e+00,9.535670202969338760e+00,6.195999999999999730e+00,2.116016280290000111e+02,2.366193657201999940e+02,-2.778356847999829959e-01
4.240000000000000213e+00,3.330666445859480795e+00,9.526666445859479637e+00,6.195999999999999730e+00,2.121000700170000073e+02,2.366258224062000011e+02,-2.677475167999919803e-01
4.250000000000000000e+00,3.291181998005244580e+00,9.488598075005043597e+00,6.197416076999798129e+00,2.126004515330000118e+02,2.366333949861999884e+02,-2.566628477999690072e-01
4.259999999999999787e+00,3.282343119541017540e+00,9.485710374537262624e+00,6.203367254996245528e+00,2.130970675449999874e+02,2.366367460982000068e+02,-2.455641228000020049e-01
4.269999999999999574e+00,3.296303409550295882e+00,9.512314682718578496e+00,6.216011273168283502e+00,2.135949678089999964e+02,2.366351482572000009e+02,-2.384476777999960107e-01
4.279999999999999361e+00,3.320461892305357487e+00,9.559426715971842015e+00,6.238964823666483639e+00,2.141010843889999933e+02,2.366299917682000000e+02,-2.373168887999639876e-01
4.290000000000000036e+00,3.337292266650605299e+00,9.591792820481932935e+00,6.254500553831327636e+00,2.146027788570000041e+02,2.366145701321999866e+02,-2.351508608000099920e-01
4.299999999999999822e+00,3.351456248659532733e+00,9.619912497319065281e+00,6.268456248659532548e+00,2.151063001889999953e+02,2.366022399581999878e+02,-2.379953657999969996e-01
4.309999999999999609e+00,3.351999999999999869e+00,9.621000000000000441e+00,6.269000000000000128e+00,2.156161279389999947e+02,2.366022609691999889e+02,-2.488820957999640093e-01
4.319999999999999396e+00,3.359015557779964745e+00,9.629418669335958469e+00,6.270403111555992837e+00,2.161256704769999999e+02,2.366072773482000002e+02,-2.587865068000109736e-01
4.330000000000000071e+00,3.371426360411700074e+00,9.644311632494041220e+00,6.272885272082340258e+00,2.166203491809999946e+02,2.366094772861999900e+02,-2.586842228000110211e-01
4.339999999999999858e+00,3.365042444644577024e+00,9.636442976089050205e+00,6.271400531444473181e+00,2.171015360410000028e+02,2.366199215492000008e+02,-2.586140268000119979e-01
4.349999999999999645e+00,3.349145033091762258e+00,9.624040350051764392e+00,6.274895316960003022e+00,2.175903113509999969e+02,2.366378033242000072e+02,-2.605683957999639921e-01
4.359999999999999432e+00,3.339009549505931762e+00,9.625277238828651605e+00,6.286267689322721175e+00,2.180722679270000128e+02,2.366523086422000119e+02,-2.575123367999779811e-01
4.370000000000000107e+00,3.305444212071074084e+00,9.603790655659306452e+00,6.298346443588231480e+00,2.185736484829999995e+02,2.366599276372000134e+02,-2.494276287999959985e-01
4.379999999999999893e+00,3.323235699499440532e+00,9.638661971018903429e+00,6.315426271519463342e+00,2.190858094189999861e+02,2.366541606382000111e+02,-2.352932567999869995e-01
4.389999999999999680e+00,3.336477786372516796e+00,9.648706482197708212e+00,6.312228695825193192e+00,2.195749520870000140e+02,2.366480598622000002e+02,-2.271628668000049978e-01
4.399999999999999467e+00,3.327431367922400351e+00,9.648516591073937221e+00,6.321085223151538202e+00,2.200690881790000049e+02,2.366422193852000078e+02,-2.260323297999730086e-01
4.410000000000000142e+00,3.321950870315702797e+00,9.655797968963478084e+00,6.333847098647774843e+00,2.205509026830000039e+02,2.366416710162000072e+02,-2.289232307999579941e-01
4.419999999999999929e+00,3.357906260608831683e+00,9.691061909443277500e+00,6.333155648834445373e+00,2.210485192890000121e+02,2.366450438471999860e+02,-2.278244247999809957e-01
4.429999999999999716e+00,3.326139306052385614e+00,9.659905857859071077e+00,6.333766551806684575e+00,2.215424574630000052e+02,2.366602155132000007e+02,-2.297680837999910020e-01
4.439999999999999503e+00,3.327706691792958527e+00,9.667505676782287338e+00,6.339798984989328368e+00,2.220381659470000102e+02,2.366794699531999981e+02,-2.387257988000059949e-01
4.450000000000000178e+00,3.330784318029159419e+00,9.680746608321150859e+00,6.349962290291990996e+00,2.225550393130000089e+02,2.366788915891999920e+02,-2.496088467999739990e-01
4.459999999999999964e+00,3.317676955292220953e+00,9.679828631256981453e+00,6.362151675964761388e+00,2.230656888510000044e+02,2.366469678011999918e+02,-2.433825798000019969e-01
4.469999999999999751e+00,3.327595782770439214e+00,9.698249310859386796e+00,6.370653528088948470e+00,2.235755671189999987e+02,2.366110076541999945e+02,-2.331422178000109868e-01
4.479999999999999538e+00,3.327311580279666892e+00,9.698311580279666444e+00,6.371000000000000441e+00,2.240917818789999956e+02,2.366044173632000138e+02,-2.340041367999869948e-01
4.490000000000000213e+00,3.290716042876267178e+00,9.676346670748740664e+00,6.385630627872473042e+00,2.246075963209999884e+02,2.366048368161999917e+02,-2.288908367999910043e-01
4.500000000000000000e+00,3.275192583038032623e+00,9.665892439858255969e+00,6.390699856820223346e+00,2.251076636610000037e+02,2.366003684531999909e+02,-2.187637628000010104e-01
4.509999999999999787e+00,3.288403687798494346e+00,9.670149442497312009e+00,6.381745754698816775e+00,2.255907323849999955e+02,2.366129375621999884e+02,-2.147006187999820070e-01
4.519999999999999574e+00,3.276061080801265124e+00,9.648671888813916908e+00,6.372610808012652228e+00,2.260761146970000084e+02,2.366376192762000130e+02,-2.216797657999859950e-01
4.529999999999999361e+00,3.276748763280964205e+00,9.656236396090607244e+00,6.379487632809643038e+00,2.265710200610000129e+02,2.366358469102000015e+02,-2.155633777999569900e-01
4.539999999999999147e+00,3.286163742150679301e+00,9.652655870818760420e+00,6.366492128668081563e+00,2.270640117110000062e+02,2.366149592511999913e+02,-2.023799297999800129e-01
4.549999999999998934e+00,3.283205466136847495e+00,9.642682809685835466e+00,6.359477343548988415e+00,2.275708434510000018e+02,2.366148233771999969e+02,-2.092667467999849984e-01
4.560000000000000497e+00,3.277354630812220559e+00,9.632099061065574119e+00,6.354744430253354892e+00,2.280714309189999938e+02,2.366363419081999950e+02,-2.232313967999970117e-01
4.570000000000000284e+00,3.270476005666430819e+00,9.617476005666430794e+00,6.347000000000000419e+00,2.285655102350000050e+02,2.366314962712000067e+02,-2.231043887999960007e-01
4.580000000000000071e+00,3.252427291383837904e+00,9.599427291383838323e+00,6.347000000000000419e+00,2.290650926270000127e+02,2.366179785411999887e+02,-2.149455087999579961e-01
4.589999999999999858e+00,3.287510393724439872e+00,9.633550653353507798e+00,6.346040259629069702e+00,2.295550951909999924e+02,2.366319097312000110e+02,-2.208856927999859887e-01
4.599999999999999645e+00,3.315079139077817150e+00,9.653054788592335456e+00,6.337975649514517862e+00,2.300563951549999899e+02,2.366584912131999943e+02,-2.308680207999770084e-01
4.609999999999999432e+00,3.315112101501044961e+00,9.648596585561087124e+00,6.333484484060042163e+00,2.305516728030000024e+02,2.366677437822000059e+02,-2.287904727999680032e-01
4.619999999999999218e+00,3.306927717342983630e+00,9.644926630324961891e+00,6.337998912981979593e+00,2.310500288290000128e+02,2.366581625251999981e+02,-2.206457537999869933e-01
4.629999999999999005e+00,3.315126820864414903e+00,9.659873179135583854e+00,6.344746358271170728e+00,2.315559167510000123e+02,2.366570100922000108e+02,-2.165291227999669998e-01
4.640000000000000568e+00,3.327833660297430107e+00,9.648800313885532276e+00,6.320966653588102169e+00,2.320349630149999882e+02,2.366523148942000034e+02,-2.144059767999579869e-01
4.650000000000000355e+00,3.345232828845390749e+00,9.665503515691575842e+00,6.320270686846184205e+00,2.325358303250000063e+02,2.366338376271999948e+02,-2.132293587999820050e-01
4.660000000000000142e+00,3.352626086890174495e+00,9.658226088416158817e+00,6.305600001525983878e+00,2.330425736610000058e+02,2.366177026182000134e+02,-2.110596907999719996e-01
4.669999999999999929e+00,3.330327602223028816e+00,9.627327602223028080e+00,6.296999999999999709e+00,2.335488046810000071e+02,2.366105423372000018e+02,-2.119218198000049902e-01
4.679999999999999716e+00,3.310204463502818939e+00,9.604259271476166759e+00,6.294054807973346932e+00,2.340533551270000032e+02,2.366152772492000054e+02,-2.208263417999629941e-01
4.689999999999999503e+00,3.340857910917206741e+00,9.622152841923686140e+00,6.281294931006478954e+00,2.345490326489999973e+02,2.366175271301999885e+02,-2.227240247999719980e-01
4.699999999999999289e+00,3.340165986520569064e+00,9.613157824767398552e+00,6.272991838246828600e+00,2.350469907990000138e+02,2.366149168091999968e+02,-2.196040207999860050e-01
4.709999999999999076e+00,3.373843722957850844e+00,9.624016816522249940e+00,6.250173093564399096e+00,2.355507677550000096e+02,2.366156506421999950e+02,-2.144945077999909910e-01
4.720000000000000639e+00,3.394517799179261885e+00,9.648966342785307404e+00,6.254448543606045519e+00,2.360560298089999947e+02,2.366254626171999860e+02,-2.154167317999670095e-01
4.730000000000000426e+00,3.415986785570460427e+00,9.674507314147641424e+00,6.258520528577181885e+00,2.365678814949999946e+02,2.366426621612000076e+02,-2.163635538000009961e-01
4.740000000000000213e+00,3.437784374570937995e+00,9.691392187285467585e+00,6.253607812714530922e+00,2.370703750870000022e+02,2.366483308351999995e+02,-2.112717368000049944e-01
4.750000000000000000e+00,3.452608996649966233e+00,9.698602182656902215e+00,6.245993186006937314e+00,2.375652252289999922e+02,2.366475286131999951e+02,-2.131588357999580075e-01
4.759999999999999787e+00,3.389815629312132650e+00,9.661363083078276404e+00,6.271547453766143754e+00,2.380571942450000051e+02,2.366445586581999976e+02,-2.150389277999679993e-01
4.769999999999999574e+00,3.382401961689110781e+00,9.635752231289655967e+00,6.253350269600544742e+00,2.385422309749999954e+02,2.366402019262000067e+02,-2.139156497999910034e-01
4.779999999999999361e+00,3.378376058771532797e+00,9.647085825453286745e+00,6.268709766681753948e+00,2.390411309449999919e+02,2.366386399161999918e+02,-2.127991477999580106e-01
4.789999999999999147e+00,3.367040932235781270e+00,9.650040932235780744e+00,6.283000000000000362e+00,2.395343552909999971e+02,2.366487697992000108e+02,-2.127251647999580109e-01
4.799999999999998934e+00,3.348473068940622799e+00,9.630452115212907671e+00,6.281979046272286205e+00,2.400238134669999965e+02,2.366546887981999987e+02,-2.096371437999730025e-01
4.810000000000000497e+00,3.316003639223708888e+00,9.586000000000000298e+00,6.269996360776291411e+00,2.405217139529999884e+02,2.366530874292000135e+02,-2.035206928000000137e-01
4.820000000000000284e+00,3.326330751798493246e+00,9.586000000000000298e+00,6.259669248201506164e+00,2.410171890750000046e+02,2.366413349112000049e+02,-1.963689607999949960e-01
4.830000000000000071e+00,3.396440906036250595e+00,9.644814743636263898e+00,6.248373837600015079e+00,2.415359678990000134e+02,2.366249172741999871e+02,-1.851955597999719871e-01
4.839999999999999858e+00,3.443155735392585903e+00,9.681978783233690322e+00,6.238823047841105307e+00,2.420407997830000113e+02,2.366247167941999976e+02,-1.780825027999670129e-01
4.849999999999999645e+00,3.443924755033751062e+00,9.676924755033750714e+00,6.232999999999999652e+00,2.425405572070000062e+02,2.366432255581999868e+02,-1.800366407999759999e-01
4.859999999999999432e+00,3.410047721865494097e+00,9.646827548031428279e+00,6.236779826165933294e+00,2.430427426589999982e+02,2.366718431351999925e+02,-1.950259877999619973e-01
4.869999999999999218e+00,3.426376192344629423e+00,9.673361312560023961e+00,6.246985120215393650e+00,2.435323731610000095e+02,2.366747458622000124e+02,-1.979273258000039948e-01
4.879999999999999005e+00,3.465603643933953038e+00,9.684809749088298503e+00,6.219206105154344577e+00,2.440353496609999979e+02,2.366544105531999946e+02,-1.897436377999660029e-01
4.890000000000000568e+00,3.448407575668216207e+00,9.676555636320744114e+00,6.228148060652527462e+00,2.445303703529999950e+02,2.366506202831999985e+02,-1.896201437999670003e-01
4.900000000000000355e+00,3.433323916226366901e+00,9.666504852191541985e+00,6.233180935965174641e+00,2.450378023689999907e+02,2.366575158722000083e+02,-2.005316607999899914e-01
4.910000000000000142e+00,3.433566883079377519e+00,9.670992657282072358e+00,6.237425774202693951e+00,2.455500240769999891e+02,2.366506905292000056e+02,-2.033936517999760107e-01
4.919999999999999929e+00,3.443258340727247457e+00,9.685258340727248338e+00,6.241999999999999993e+00,2.460552816489999941e+02,2.366254879621999976e+02,-1.921922648000100042e-01
4.929999999999999716e+00,3.449526458317568878e+00,9.689859158310001774e+00,6.240332699992433341e+00,2.465597428030000060e+02,2.366142378511999880e+02,-1.880403257999909983e-01
4.939999999999999503e+00,3.432352154639877195e+00,9.664441188867018084e+00,6.232089034227141333e+00,2.470541369610000118e+02,2.366214225731999932e+02,-1.899557048000000137e-01
4.949999999999999289e+00,3.436753957965162254e+00,9.667483454462258763e+00,6.230729496497096953e+00,2.475428817529999890e+02,2.366222927331999983e+02,-1.868500298000140003e-01
4.959999999999999076e+00,3.465050381480546893e+00,9.696050381480546321e+00,6.230999999999999872e+00,2.480382166210000037e+02,2.366305434061999904e+02,-1.857689407999799924e-01
4.970000000000000639e+00,3.473663841318997303e+00,9.704663841318996731e+00,6.230999999999999872e+00,2.485420245390000105e+02,2.366482817982000029e+02,-1.877194597999899961e-01
4.980000000000000426e+00,3.439999999999999947e+00,9.667680198755004284e+00,6.227680198755003893e+00,2.490392989350000050e+02,2.366576483652000036e+02,-1.856418697999810130e-01
4.990000000000000213e+00,3.439999999999999947e+00,9.659277234105065446e+00,6.219277234105065943e+00,2.495432466629999908e+02,2.366553906222000023e+02,-1.795217578000080083e-01
5.000000000000000000e+00,3.451577087149895640e+00,9.682154174299791194e+00,6.230577087149895554e+00,2.500405479830000104e+02,2.366467401502000030e+02,-1.743805768000130096e-01
5.009999999999999787e+00,3.460825212798770867e+00,9.683678862522981490e+00,6.222853649724211955e+00,2.505466650070000014e+02,2.366415766051999867e+02,-1.752497757999889882e-01
5.019999999999999574e+00,3.486066304296264295e+00,9.684540161648621748e+00,6.198473857352357896e+00,2.510469053390000056e+02,2.366340813861999948e+02,-1.741120428000129949e-01
5.029999999999999361e+00,3.499144529535520576e+00,9.680518027263557812e+00,6.181373497728037236e+00,2.515448080449999964e+02,2.366324447371999895e+02,-1.779955317999759867e-01
5.039999999999999147e+00,3.490885954321805595e+00,9.675851141954863621e+00,6.184965187633057582e+00,2.520461917089999986e+02,2.366400143401999969e+02,-1.839107398000039972e-01
5.049999999999998934e+00,3.490000000000000213e+00,9.697689868679665537e+00,6.207689868679666212e+00,2.525186788590000049e+02,2.366449431881999885e+02,-1.868230397999899872e-01
5.060000000000000497e+00,3.490000000000000213e+00,9.695773731921343952e+00,6.205773731921343739e+00,2.530137004389999902e+02,2.366411388061999901e+02,-1.906995218000089864e-01
5.070000000000000284e+00,3.472057422187413867e+00,9.676367323040775403e+00,6.204309900853361981e+00,2.535192165210000041e+02,2.366289543821999928e+02,-1.845440387999809917e-01
5.080000000000000071e+00,3.470561117522679595e+00,9.674561117522678444e+00,6.203999999999999737e+00,2.540196828470000128e+02,2.366174974431999942e+02,-1.743922197999900059e-01
5.089999999999999858e+00,3.465030294202040562e+00,9.669337209735321181e+00,6.204306915533281064e+00,2.545290508390000070e+02,2.366255653741999936e+02,-1.683073317999609908e-01
5.099999999999999645e+00,3.435607033864929605e+00,9.642800586155411580e+00,6.207193552290481975e+00,2.550289209270000015e+02,2.366420985702000053e+02,-1.642544357999979887e-01
5.109999999999999432e+00,3.427748646872275096e+00,9.642145720572688816e+00,6.214397073700414609e+00,2.555364618330000042e+02,2.366470785671999977e+02,-1.521590207999979905e-01
5.119999999999999218e+00,3.426000000000000156e+00,9.641999999999999460e+00,6.216000000000000192e+00,2.560351311470000155e+02,2.366495523652000088e+02,-1.390567307999650004e-01
5.129999999999999005e+00,3.410416344371475006e+00,9.627039690596616239e+00,6.216623346225141233e+00,2.565408788149999850e+02,2.366684031231999938e+02,-1.410107427999739982e-01
5.140000000000000568e+00,3.425498479207535141e+00,9.648743189593769642e+00,6.223244710386234502e+00,2.570512785849999773e+02,2.366934938041999885e+02,-1.529857997999750086e-01
5.150000000000000355e+00,3.460696370979338798e+00,9.694041129048315497e+00,6.233344758068977143e+00,2.575508923830000185e+02,2.366969735771999979e+02,-1.538869398000070055e-01
5.160000000000000142e+00,3.477260107282650559e+00,9.718634193757727857e+00,6.241374086475078187e+00,2.580561824709999996e+02,2.366887508732000072e+02,-1.567455427999940032e-01
5.169999999999999929e+00,3.464601074016957938e+00,9.730601074016957952e+00,6.266000000000000014e+00,2.585613601169999924e+02,2.366825002091999863e+02,-1.666111737999849962e-01
5.179999999999999716e+00,3.473433270136335071e+00,9.739433270136334642e+00,6.266000000000000014e+00,2.590503046029999723e+02,2.366623300022000080e+02,-1.684312547999939902e-01
5.189999999999999503e+00,3.468192490871242928e+00,9.742322499297788596e+00,6.274130008426544336e+00,2.595478042849999838e+02,2.366326603311999861e+02,-1.622158657999649978e-01
5.199999999999999289e+00,3.476994896956161707e+00,9.754495093227077973e+00,6.277500196270916710e+00,2.600503254669999933e+02,2.366203013822000116e+02,-1.570604397999690038e-01
5.209999999999999076e+00,3.473072118999287916e+00,9.750072118999288051e+00,6.277000000000000135e+00,2.605441761249999786e+02,2.366194598012000085e+02,-1.539475897999829923e-01
5.220000000000000639e+00,3.417134140418035315e+00,9.694513596555804469e+00,6.277379456137768265e+00,2.610345750110000154e+02,2.366264447512000118e+02,-1.478631008000129976e-01
5.230000000000000426e+00,3.378783138084348270e+00,9.657637632773411696e+00,6.278854494689063870e+00,2.615245179130000110e+02,2.366414166451999961e+02,-1.418068917999839862e-01
5.240000000000000213e+00,3.385600812271814419e+00,9.672755283250133118e+00,6.287154470978318699e+00,2.620242744490000177e+02,2.366599395211999877e+02,-1.397610537999739999e-01
5.250000000000000000e+00,3.387433431162261144e+00,9.676999999999999602e+00,6.289566568837738458e+00,2.625341850529999874e+02,2.366760478671999977e+02,-1.347044187999789921e-01
5.259999999999999787e+00,3.392976352526918316e+00,9.683403234850269214e+00,6.290426882323351343e+00,2.630351683989999856e+02,2.366906272141999921e+02,-1.346444077999779942e-01
5.269999999999999574e+00,3.410385738209057660e+00,9.697256013397073104e+00,6.286870275188015000e+00,2.635591735649999805e+02,2.367054838901999858e+02,-1.445803187999699924e-01
5.279999999999999361e+00,3.430793617018850661e+00,9.715082642772559396e+00,6.284289025753708735e+00,2.640715101569999774e+02,2.366966476992000139e+02,-1.514352157999749870e-01
5.289999999999999147e+00,3.463999999999999968e+00,9.776814407628267034e+00,6.312814407628266622e+00,2.645779960930000243e+02,2.366674769072000117e+02,-1.492196137999650118e-01
5.299999999999998934e+00,3.463999999999999968e+00,9.768383357691075020e+00,6.304383357691073719e+00,2.650836281690000078e+02,2.366532639952000068e+02,-1.520570068000079988e-01
5.310000000000000497e+00,3.404504944747301476e+00,9.716681730514210358e+00,6.312176785766909326e+00,2.655732597809999902e+02,2.366561490821999882e+02,-1.599583147999890098e-01
5.320000000000000284e+00,3.394159028176938708e+00,9.703513252348077600e+00,6.309354224171140224e+00,2.660672253230000024e+02,2.366532966531999875e+02,-1.608383707999649914e-01
5.330000000000000071e+00,3.400254790721553011e+00,9.703490418556894426e+00,6.303235627835340082e+00,2.665573100330000216e+02,2.366482406602000026e+02,-1.557114767999699945e-01
5.339999999999999858e+00,3.392048917001971642e+00,9.693048917001972242e+00,6.301000000000000156e+00,2.670568663889999925e+02,2.366527258572000108e+02,-1.546161637999939886e-01
5.349999999999999645e+00,3.365293419274341780e+00,9.666293419274341048e+00,6.301000000000000156e+00,2.675635812470000019e+02,2.366546325831999980e+02,-1.485101287999650022e-01
5.359999999999999432e+00,3.339057848110500437e+00,9.630849328153001210e+00,6.291791480042500773e+00,2.680658154409999838e+02,2.366472972262000098e+02,-1.343724318000119877e-01
5.369999999999999218e+00,3.368417113519243333e+00,9.650792807847293986e+00,6.282375694328051097e+00,2.685826854769999841e+02,2.366467717822000054e+02,-1.302555697999940032e-01
5.379999999999999005e+00,3.413806078589346704e+00,9.691322200161133438e+00,6.277516121571786734e+00,2.691088574969999740e+02,2.366587614642000119e+02,-1.361808577999649994e-01
5.390000000000000568e+00,3.443824476274249147e+00,9.716416034019589532e+00,6.272591557745339941e+00,2.696225627489999965e+02,2.366610389591999990e+02,-1.380746277999750082e-01
5.400000000000000355e+00,3.456320884419643580e+00,9.718828066485233563e+00,6.262507182065589539e+00,2.701256267649999927e+02,2.366567168971999990e+02,-1.349474487999879901e-01
5.410000000000000142e+00,3.479008524945332859e+00,9.730200418062542767e+00,6.251191893117210796e+00,2.706070427270000209e+02,2.366631500482000092e+02,-1.398630827999839954e-01
5.419999999999999929e+00,3.486285347055617656e+00,9.746077120848621433e+00,6.259791773793002889e+00,2.710831263850000141e+02,2.366752637161999928e+02,-1.517999897999849912e-01
5.429999999999999716e+00,3.480621954716441202e+00,9.742923784276145582e+00,6.262301829559703492e+00,2.715699336470000276e+02,2.366749862302000054e+02,-1.586907617999890052e-01
5.439999999999999503e+00,3.464141215185701839e+00,9.726141215185702293e+00,6.261999999999999567e+00,2.720595331869999995e+02,2.366608843982000110e+02,-1.545320677999700021e-01
5.449999999999999289e+00,3.451000000000000068e+00,9.713836302166377834e+00,6.262836302166378211e+00,2.725621690309999963e+02,2.366465181291999897e+02,-1.523695537999600058e-01
5.459999999999999076e+00,3.451193679975609552e+00,9.715418960073170851e+00,6.264225280097562631e+00,2.730608975630000259e+02,2.366479582791999974e+02,-1.492636687999739920e-01
5.470000000000000639e+00,3.451869947544542239e+00,9.713390157366372790e+00,6.261520209821831884e+00,2.735475879429999964e+02,2.366497233931999915e+02,-1.431615888000029868e-01
5.480000000000000426e+00,3.422217944595685069e+00,9.699827167801936767e+00,6.277609223206252587e+00,2.740533616469999743e+02,2.366505712242000072e+02,-1.380520338000069958e-01
5.490000000000000213e+00,3.389909110832128647e+00,9.689999999999999503e+00,6.300090889167871744e+00,2.745619592570000123e+02,2.366545886842000073e+02,-1.319530267999790007e-01
5.500000000000000000e+00,3.378788539194160556e+00,9.693497113102301554e+00,6.314708573908141886e+00,2.750688192950000257e+02,2.366714997052000058e+02,-1.338999477999880117e-01
5.509999999999999787e+00,3.388091352575345105e+00,9.702007027121180016e+00,6.313915674545835799e+00,2.755818717550000088e+02,2.367027586471999996e+02,-1.438961637999789933e-01
5.519999999999999574e+00,3.398167434770426709e+00,9.700316517150930906e+00,6.302149082380503309e+00,2.760794059930000230e+02,2.367251221891999933e+02,-1.528644417999940053e-01
5.529999999999999361e+00,3.372865612041037409e+00,9.676346369302034844e+00,6.303480757260998324e+00,2.765954504250000241e+02,2.367215164181999967e+02,-1.567369478000129879e-01
5.539999999999999147e+00,3.357886036569221577e+00,9.672540127050009318e+00,6.314654090480788184e+00,2.771033626849999791e+02,2.367024503602000038e+02,-1.525566657999929965e-01
5.549999999999998934e+00,3.353433885015697058e+00,9.679778737725845517e+00,6.326344852710148459e+00,2.776143277310000030e+02,2.366825463472000024e+02,-1.513727677999600063e-01
5.560000000000000497e+00,3.362235612670100959e+00,9.679000000000000270e+00,6.316764387329898867e+00,2.781287746230000266e+02,2.366718344742000113e+02,-1.562205648000130065e-01
5.570000000000000284e+00,3.362924483458915148e+00,9.679000000000000270e+00,6.316075516541084234e+00,2.786245351790000200e+02,2.366550830602000133e+02,-1.510511457999600127e-01
5.580000000000000071e+00,3.362999999999999989e+00,9.679000000000000270e+00,6.315999999999999837e+00,2.791074302029999785e+02,2.366356045071999858e+02,-1.428749477999790019e-01
5.589999999999999858e+00,3.348026326465972424e+00,9.684759105205396068e+00,6.336732778739422756e+00,2.795915825550000022e+02,2.366291940401999909e+02,-1.417446208000019969e-01
5.599999999999999645e+00,3.337000000000000188e+00,9.684746370311355435e+00,6.347746370311354802e+00,2.800733961710000131e+02,2.366286597831999927e+02,-1.406355457999700076e-01
5.609999999999999432e+00,3.337000000000000188e+00,9.674386313945017690e+00,6.337386313945017946e+00,2.805660211289999779e+02,2.366317440912000052e+02,-1.405368387999690050e-01
5.619999999999999218e+00,3.337000000000000188e+00,9.666683112923006860e+00,6.329683112923007116e+00,2.810700004849999800e+02,2.366464803231999952e+02,-1.444767407999880127e-01
5.629999999999999005e+00,3.329140047878692332e+00,9.665345003989891381e+00,6.336204956111198605e+00,2.815860747689999926e+02,2.366598967511999945e+02,-1.504093087999610057e-01
5.640000000000000568e+00,3.325000000000000178e+00,9.669743399314130627e+00,6.344743399314131338e+00,2.820969556709999893e+02,2.366590116732000126e+02,-1.512925427999939898e-01
5.650000000000000355e+00,3.324151321760329569e+00,9.677281887643356839e+00,6.353130565883025938e+00,2.826010178390000078e+02,2.366547501382000007e+02,-1.471653487999750043e-01
5.660000000000000142e+00,3.314946044989781182e+00,9.669492807299045367e+00,6.354546762309264629e+00,2.831106158210000103e+02,2.366587928451999971e+02,-1.500662667999599909e-01
5.669999999999999929e+00,3.311999999999999833e+00,9.657333944990408980e+00,6.345333944990409591e+00,2.836177038509999875e+02,2.366717103942000051e+02,-1.519990477999700051e-01
5.679999999999999716e+00,3.306410440809948170e+00,9.652534203400829682e+00,6.346123762590880624e+00,2.841071613610000099e+02,2.366776399771999877e+02,-1.459110447999980020e-01
5.689999999999999503e+00,3.297313707931063931e+00,9.647247329416497763e+00,6.349933621485433832e+00,2.845945662350000021e+02,2.366844362902000114e+02,-1.448265887999659884e-01
5.699999999999999289e+00,3.288487146993275712e+00,9.632098222902657270e+00,6.343611075909382002e+00,2.850790343169999801e+02,2.366900420702000076e+02,-1.497386247999600017e-01
5.709999999999999076e+00,3.296466781931744805e+00,9.648722462357801177e+00,6.352255680426057260e+00,2.855575938569999721e+02,2.366763257291999878e+02,-1.415837207999799952e-01
5.720000000000000639e+00,3.289003433309406255e+00,9.652462066662984341e+00,6.363458633353578975e+00,2.860500734130000069e+02,2.366644092701999966e+02,-1.324320637999649997e-01
5.730000000000000426e+00,3.279432922694005548e+00,9.645980179136170563e+00,6.366547256442165903e+00,2.865462369929999795e+02,2.366756908781999869e+02,-1.373615227999600008e-01
5.740000000000000213e+00,3.265002033120263381e+00,9.631642114445073233e+00,6.366640081324810296e+00,2.870513872710000101e+02,2.366874643092000099e+02,-1.482907567999839915e-01
5.750000000000000000e+00,3.245436960589215492e+00,9.611162880634539718e+00,6.365725920045323782e+00,2.875675450329999876e+02,2.366818723862000127e+02,-1.491562107999609976e-01
5.759999999999999787e+00,3.236321377637793262e+00,9.601346098994547162e+00,6.365024721356753901e+00,2.880721776249999948e+02,2.366676201152000090e+02,-1.469936548000080057e-01
5.769999999999999574e+00,3.222964602184962057e+00,9.612123894156505699e+00,6.389159291971544974e+00,2.885901624730000208e+02,2.366651161261999903e+02,-1.538696358000130049e-01
5.779999999999999361e+00,3.213854649575943245e+00,9.604415472718105917e+00,6.390560823142162228e+00,2.890944833730000028e+02,2.366738692062000098e+02,-1.557883397999650088e-01
5.789999999999999147e+00,3.219514987401869366e+00,9.609298560630174180e+00,6.389783573228304370e+00,2.895892177430000061e+02,2.366750919442000054e+02,-1.496825567999930107e-01
5.799999999999998934e+00,3.225000000000000089e+00,9.614418718715592505e+00,6.389418718715591083e+00,2.900842680650000034e+02,2.366883274012000129e+02,-1.506191307999699969e-01
5.810000000000000497e+00,3.224811375059961627e+00,9.615188624940039119e+00,6.390377249880077493e+00,2.905643995529999870e+02,2.366997130331999983e+02,-1.505524907999699902e-01
5.820000000000000284e+00,3.228562026611366154e+00,9.619241439960706685e+00,6.390679413349341864e+00,2.910550531330000013e+02,2.366846910001999902e+02,-1.403902767999790080e-01
5.830000000000000071e+00,3.254270632951518749e+00,9.637508081307657903e+00,6.383237448356139154e+00,2.915419412090000151e+02,2.366654474992000132e+02,-1.302140067999880135e-01
5.839999999999999858e+00,3.280920870204068862e+00,9.659980268131857173e+00,6.379059397927787423e+00,2.920374744389999933e+02,2.366526789732000111e+02,-1.280587097999789925e-01
5.849999999999999645e+00,3.293270041447710295e+00,9.671062857709484817e+00,6.377792816261773190e+00,2.925506386330000055e+02,2.366468913571999906e+02,-1.359241847999589914e-01
5.859999999999999432e+00,3.265767088146364738e+00,9.646380720131354281e+00,6.380613631984988210e+00,2.930581536830000005e+02,2.366347856511999908e+02,-1.397685997999789931e-01
5.869999999999999218e+00,3.238489814406634526e+00,9.626723717666131108e+00,6.388233903259497026e+00,2.935615042430000017e+02,2.366254470531999914e+02,-1.436237037999990029e-01
5.879999999999999005e+00,3.219759752318339885e+00,9.615189938079584664e+00,6.395430185761244779e+00,2.940566137829999889e+02,2.366376488621999954e+02,-1.545566827999650117e-01
5.890000000000000568e+00,3.212200722421371335e+00,9.613300180605342860e+00,6.401099458183971080e+00,2.945448204450000276e+02,2.366654931491999889e+02,-1.625463658000040057e-01
5.900000000000000355e+00,3.188625272250542597e+00,9.599457401625327790e+00,6.410832129374785637e+00,2.950461188549999747e+02,2.366920993271999976e+02,-1.655287357999900011e-01
5.910000000000000142e+00,3.176666095506259335e+00,9.592749571629694216e+00,6.416083476123435325e+00,2.955619068170000219e+02,2.367105287631999886e+02,-1.654790147999899985e-01
5.919999999999999929e+00,3.185209998710115453e+00,9.599258459950911870e+00,6.414048461240795973e+00,2.960724439549999829e+02,2.367156621171999973e+02,-1.583835067999850021e-01
5.929999999999999716e+00,3.195052265402010150e+00,9.611372018956320318e+00,6.416319753554310168e+00,2.965753928650000262e+02,2.367133544312000026e+02,-1.502634278000030132e-01
5.939999999999999503e+00,3.197999999999999954e+00,9.625296269500841717e+00,6.427296269500841319e+00,2.970729780649999725e+02,2.366997297592000109e+02,-1.401046018000119964e-01
5.949999999999999289e+00,3.202414259554276388e+00,9.642329369947463036e+00,6.439915110393187092e+00,2.975621481009999911e+02,2.366756048882000130e+02,-1.309106087999979962e-01
5.959999999999999076e+00,3.238227367930794465e+00,9.677453764701356320e+00,6.439226396770561855e+00,2.980577955489999908e+02,2.366608360982000079e+02,-1.297482357999650004e-01
5.970000000000000639e+00,3.261244851653041898e+00,9.699795057586920066e+00,6.438550205933878168e+00,2.985444307070000036e+02,2.366635713562000092e+02,-1.316496427999739871e-01
5.980000000000000426e+00,3.270080874091091605e+00,9.708837662692461734e+00,6.438756788601370573e+00,2.990346625949999861e+02,2.366734879061999948e+02,-1.435756507999740028e-01
5.990000000000000213e+00,3.247114326898410841e+00,9.690419792891820094e+00,6.443305465993407921e+00,2.995349917749999804e+02,2.366819847662000029e+02,-1.534943907999649915e-01
6.000000000000000000e+00,3.237543325523295934e+00,9.687474869391783372e+00,6.449931543868487438e+00,3.000240787769999997e+02,2.366768611901999861e+02,-1.513674998000129890e-01
6.009999999999999787e+00,3.228177088952199014e+00,9.673159465069273821e+00,6.444982376117075695e+00,3.005360152729999754e+02,2.366750312151999935e+02,-1.532471717999659977e-01
6.019999999999999574e+00,3.217061650853777710e+00,9.653036893883896852e+00,6.435975243030119586e+00,3.010502068050000162e+02,2.366863369092000084e+02,-1.591727117999940100e-01
6.029999999999999361e+00,3.202261745835242479e+00,9.635666577667736377e+00,6.433404831832493009e+00,3.015607448310000223e+02,2.366914561511999864e+02,-1.560771798000090138e-01
6.039999999999999147e+00,3.185691357356256859e+00,9.626387160119502795e+00,6.440695802763246824e+00,3.020744471969999836e+02,2.366937795101999882e+02,-1.449710277999849972e-01
6.049999999999998934e+00,3.194281611845978031e+00,9.651702925111939280e+00,6.457421313265961693e+00,3.025701790530000039e+02,2.366950733591999949e+02,-1.348652477999940091e-01
6.060000000000000497e+00,3.203022029763971990e+00,9.672881064488606739e+00,6.469859034724634306e+00,3.030613763549999931e+02,2.366880741011999874e+02,-1.307312567999739938e-01
6.070000000000000284e+00,3.211719273931712859e+00,9.689587022090812241e+00,6.477867748159098937e+00,3.035457558109999923e+02,2.366776842742000042e+02,-1.255868137999779921e-01
6.080000000000000071e+00,3.224948021100475515e+00,9.701948021100475827e+00,6.477000000000000313e+00,3.040320180190000201e+02,2.366694051812000055e+02,-1.204493987999839949e-01
6.089999999999999858e+00,3.242921686068425569e+00,9.719921686068426325e+00,6.477000000000000313e+00,3.045295230710000283e+02,2.366747359402000086e+02,-1.303575967999739960e-01
6.099999999999999645e+00,3.254505840273719031e+00,9.726000000000000867e+00,6.471494159726280948e+00,3.050279683890000229e+02,2.366811397062000140e+02,-1.352693387999699959e-01
6.109999999999999432e+00,3.252392574074703280e+00,9.717529199883042423e+00,6.465136625808337811e+00,3.055233292930000175e+02,2.366713874522000083e+02,-1.271246827999890083e-01
6.119999999999999218e+00,3.211008356901418725e+00,9.676801875045841328e+00,6.465793518144422158e+00,3.060324409950000017e+02,2.366664019602000053e+02,-1.259938308000120022e-01
6.129999999999999005e+00,3.184192378307062032e+00,9.649661315934256578e+00,6.465468937627194990e+00,3.065452618690000008e+02,2.366666257201999883e+02,-1.278805517999649921e-01
6.140000000000000568e+00,3.172000000000000153e+00,9.636715417190146127e+00,6.464715417190146418e+00,3.070615888489999747e+02,2.366580669171999887e+02,-1.207354487999599962e-01
6.150000000000000355e+00,3.172000000000000153e+00,9.635938036184517941e+00,6.463938036184519120e+00,3.075804560770000080e+02,2.366576484151999864e+02,-1.186185328000060046e-01
6.160000000000000142e+00,3.172000000000000153e+00,9.628164834115828796e+00,6.456164834115829088e+00,3.080824952390000249e+02,2.366712793371999908e+02,-1.205549537999589943e-01
6.169999999999999929e+00,3.184867360384239898e+00,9.630176332984435206e+00,6.445308972600195752e+00,3.085794298669999876e+02,2.366866008322000141e+02,-1.284985137999979932e-01
6.179999999999999716e+00,3.201997178747871153e+00,9.640997178747870322e+00,6.439000000000000057e+00,3.090709998969999788e+02,2.366906194531999859e+02,-1.304033508000080055e-01
6.189999999999999503e+00,3.208864827310867973e+00,9.648519734631520350e+00,6.439654907320653265e+00,3.095454519450000248e+02,2.366786718522000115e+02,-1.222556007999689998e-01
6.199999999999999289e+00,3.191281758234027155e+00,9.641080743868242209e+00,6.449798985634214610e+00,3.100321454329999824e+02,2.366803875742000116e+02,-1.301534368000079878e-01
6.209999999999999076e+00,3.176262409231644046e+00,9.637355200769304631e+00,6.461092791537660140e+00,3.105192673149999791e+02,2.366921439751999969e+02,-1.380866017999889950e-01
6.220000000000000639e+00,3.188022385622638399e+00,9.653444027349550538e+00,6.465421641726911695e+00,3.110033620030000066e+02,2.366867424602000085e+02,-1.339598277999700104e-01
6.230000000000000426e+00,3.211757532711410068e+00,9.675623385847554658e+00,6.463865853136145034e+00,3.115141547229999901e+02,2.366698547192000035e+02,-1.267865707999639990e-01
6.240000000000000213e+00,3.223909589626114958e+00,9.670920561400638604e+00,6.447010971774523647e+00,3.120149071490000097e+02,2.366533883001999925e+02,-1.216170467999699994e-01
6.250000000000000000e+00,3.223211878574051337e+00,9.654873207203182872e+00,6.431661328629130203e+00,3.125170297889999915e+02,2.366480108712000003e+02,-1.184863537999839983e-01
6.259999999999999787e+00,3.203167922683278768e+00,9.627788073405271874e+00,6.424620150721993994e+00,3.130208377069999983e+02,2.366657492632000128e+02,-1.204368727999930028e-01
6.269999999999999574e+00,3.196962502252027161e+00,9.622518748873986283e+00,6.425556246621959566e+00,3.135144336710000061e+02,2.366869146651999927e+02,-1.214017477999689981e-01
6.279999999999999361e+00,3.193621883932122429e+00,9.620423707593131368e+00,6.426801823661009827e+00,3.140190689689999886e+02,2.367077051601999926e+02,-1.233628507999779966e-01
6.289999999999999147e+00,3.184630441927291500e+00,9.610682978754564232e+00,6.426052536827274508e+00,3.145168292010000073e+02,2.367261069822000081e+02,-1.233170427999790014e-01
6.299999999999998934e+00,3.183398112502668464e+00,9.609999999999999432e+00,6.426601887497331411e+00,3.150182113110000159e+02,2.367337012812000125e+02,-1.222322928000020015e-01
6.310000000000000497e+00,3.195008995171880972e+00,9.621701072218755257e+00,6.426692077046874729e+00,3.155313176189999922e+02,2.367289261452000062e+02,-1.261013267999649967e-01
6.320000000000000284e+00,3.221259230368204385e+00,9.645891655663351827e+00,6.424632425295146554e+00,3.160352357169999777e+02,2.367096426752000013e+02,-1.189211467999589933e-01
6.330000000000000071e+00,3.212830673283252114e+00,9.621902685498486818e+00,6.409072012215235148e+00,3.165377272690000154e+02,2.366802579991999949e+02,-1.127056527999879959e-01
6.339999999999999858e+00,3.201941392892907690e+00,9.612283383110380441e+00,6.410341990217473196e+00,3.170502922969999986e+02,2.366674212801999886e+02,-1.215463978000029949e-01
6.349999999999999645e+00,3.209334893547556078e+00,9.619347540386630868e+00,6.410012646839074790e+00,3.175603736310000045e+02,2.366454529481999884e+02,-1.233554328000120021e-01
6.359999999999999432e+00,3.220611007611245746e+00,9.625566604566747841e+00,6.404955596955501207e+00,3.180474901430000045e+02,2.366222089192000055e+02,-1.151650107999740019e-01
6.369999999999999218e+00,3.202444540988660826e+00,9.614666724593195823e+00,6.412222183604534997e+00,3.185302182109999762e+02,2.366407470681999996e+02,-1.171230407999839934e-01
6.379999999999999005e+00,3.151751891046794096e+00,9.558525624022855993e+00,6.406773732976061453e+00,3.190083578769999804e+02,2.366870261882000079e+02,-1.311800417999930135e-01
6.390000000000000568e+00,3.127985980319049730e+00,9.531484812012303465e+00,6.403498831693253734e+00,3.195072311449999916e+02,2.367034776892000139e+02,-1.341271247999800131e-01
6.400000000000000355e+00,3.131975432025652761e+00,9.529987716012826127e+00,6.398012283987172921e+00,3.200098066610000274e+02,2.366901627082000061e+02,-1.169682357999830002e-01
6.410000000000000142e+00,3.167003578471154768e+00,9.547501789235578684e+00,6.380498210764423028e+00,3.205139817149999999e+02,2.366839220772000090e+02,-1.078340017999690065e-01
6.419999999999999929e+00,3.179385602196094229e+00,9.555539201647070158e+00,6.376153599450976373e+00,3.210288311869999802e+02,2.367012502821999931e+02,-1.207806888000020062e-01
6.429999999999999716e+00,3.188091406353421142e+00,9.558999999999999275e+00,6.370908593646579021e+00,3.215320661970000060e+02,2.366939331161999860e+02,-1.176429047999599936e-01
6.439999999999999503e+00,3.197155458171830222e+00,9.559087056576224484e+00,6.361931598404394705e+00,3.220283381809999810e+02,2.366682210861999920e+02,-1.054417127999599940e-01
6.449999999999999289e+00,3.221999999999999975e+00,9.573186486011032059e+00,6.351186486011031640e+00,3.225346580489999724e+02,2.366770528842000090e+02,-1.173603147999599944e-01
6.459999999999999076e+00,3.221999999999999975e+00,9.581385522970490953e+00,6.359385522970490534e+00,3.230263757010000063e+02,2.366960369921999927e+02,-1.383180417999750056e-01
6.470000000000000639e+00,3.222380772615354161e+00,9.571672958462610126e+00,6.349292185847255077e+00,3.235171764589999839e+02,2.366959875022000119e+02,-1.452087297999790083e-01
6.480000000000000426e+00,3.229370349777102689e+00,9.551213399957543260e+00,6.321843050180440571e+00,3.240131964130000028e+02,2.366922401191999938e+02,-1.490851907999989900e-01
6.490000000000000213e+00,3.285327627998458233e+00,9.561327627998457146e+00,6.275999999999999801e+00,3.245013745549999840e+02,2.367030410392000022e+02,-1.610147757999990104e-01
6.500000000000000000e+00,3.276988801626853576e+00,9.552988801626854709e+00,6.275999999999999801e+00,3.250014757430000145e+02,2.367155313712000009e+02,-1.709476557999899948e-01
6.509999999999999787e+00,3.254920942446292376e+00,9.537769834901469679e+00,6.282848892455176859e+00,3.255057077949999780e+02,2.367082923721999919e+02,-1.618098867999749890e-01
6.519999999999999574e+00,3.234999999999999876e+00,9.524323817331943332e+00,6.289323817331942124e+00,3.260197214089999989e+02,2.366876174361999858e+02,-1.446224867999799935e-01
6.529999999999999361e+00,3.234999999999999876e+00,9.522318804332471132e+00,6.287318804332470812e+00,3.265377035930000034e+02,2.366851557832000026e+02,-1.394985397999840004e-01
6.539999999999999147e+00,3.256360966379602484e+00,9.537010408807288897e+00,6.280649442427685969e+00,3.270355477470000096e+02,2.366845421982000062e+02,-1.363856057999980054e-01
6.549999999999998934e+00,3.271999999999999797e+00,9.544240003346390111e+00,6.272240003346389869e+00,3.275330189509999741e+02,2.366729142622000097e+02,-1.262338498000069864e-01
6.560000000000000497e+00,3.271999999999999797e+00,9.534430983310583585e+00,6.262430983310583343e+00,3.280372525569999880e+02,2.366656505672000037e+02,-1.240960387999970049e-01
6.570000000000000284e+00,3.281217158041639159e+00,9.543875526473184934e+00,6.262658368431545775e+00,3.285332161790000214e+02,2.366628909682000028e+02,-1.309760168000030089e-01
6.580000000000000071e+00,3.285664962755247664e+00,9.553355484181782487e+00,6.267690521426536598e+00,3.290201953229999958e+02,2.366596042662000059e+02,-1.418561597999699886e-01
6.589999999999999858e+00,3.285877348876012238e+00,9.562404930250465895e+00,6.276527581374454989e+00,3.295230346769999983e+02,2.366592227561999948e+02,-1.537430307999700096e-01
6.599999999999999645e+00,3.303879818598534079e+00,9.570713762430091975e+00,6.266833943831558784e+00,3.300213370349999877e+02,2.366505869471999972e+02,-1.606017567999759865e-01
6.609999999999999432e+00,3.305305336202545075e+00,9.568305336202545419e+00,6.262999999999999901e+00,3.305336740710000072e+02,2.366417437002000099e+02,-1.694566417999910091e-01
6.619999999999999218e+00,3.298000000000000043e+00,9.560869849458184078e+00,6.262869849458184035e+00,3.310389632710000001e+02,2.366335351081999931e+02,-1.683152688000139896e-01
6.629999999999999005e+00,3.298000000000000043e+00,9.560216823647836648e+00,6.262216823647835717e+00,3.315450782969999750e+02,2.366284033151999893e+02,-1.601845217999749993e-01
6.640000000000000568e+00,3.291201124520811483e+00,9.554247105363764092e+00,6.263045980842951721e+00,3.320605520830000046e+02,2.366347918081999921e+02,-1.610923958000090028e-01
6.650000000000000355e+00,3.291046074241528174e+00,9.551902115635932944e+00,6.260856041394405658e+00,3.325648709850000273e+02,2.366435766401999956e+02,-1.540111538000039915e-01
6.660000000000000142e+00,3.306592402526424834e+00,9.559364353212684406e+00,6.252771950686259572e+00,3.330468262289999757e+02,2.366581031261999897e+02,-1.449551307999900063e-01
6.669999999999999929e+00,3.325211896693890168e+00,9.581477553241775524e+00,6.256265656547885357e+00,3.335411369089999880e+02,2.366842961991999914e+02,-1.519376237999940094e-01
6.679999999999999716e+00,3.339877320399762262e+00,9.600175575815129037e+00,6.260298255415365887e+00,3.340314237970000022e+02,2.366932461332000059e+02,-1.548601507999800009e-01
6.689999999999999503e+00,3.348788351031124488e+00,9.609772070341209727e+00,6.260983719310086570e+00,3.345247325089999890e+02,2.366843535531999976e+02,-1.537190298000050137e-01
6.699999999999999289e+00,3.331256997628585736e+00,9.611364846336263312e+00,6.280107848707676688e+00,3.350275696429999925e+02,2.366840073232000066e+02,-1.556059608000139871e-01
6.709999999999999076e+00,3.323360397885800843e+00,9.615964376743811215e+00,6.292603978858010372e+00,3.355154886089999877e+02,2.366818006841999988e+02,-1.594896597999760079e-01
6.720000000000000639e+00,3.322488780961985633e+00,9.619977561923970910e+00,6.297488780961986166e+00,3.360192951529999732e+02,2.366644751421999899e+02,-1.633164837999949992e-01
6.730000000000000426e+00,3.304834961238340529e+00,9.584669922476681592e+00,6.279834961238340618e+00,3.365274930690000019e+02,2.366404066602000000e+02,-1.621185087999610086e-01
6.740000000000000213e+00,3.298999999999999932e+00,9.557460588473361440e+00,6.258460588473361952e+00,3.370343501790000005e+02,2.366222784432000026e+02,-1.589417767999750097e-01
6.750000000000000000e+00,3.296656116000657111e+00,9.545692289712690126e+00,6.249036173712032571e+00,3.375448904250000055e+02,2.366273624051999889e+02,-1.658461847999800065e-01
6.759999999999999787e+00,3.287613173158550506e+00,9.567653722329234611e+00,6.280040549170683661e+00,3.380455017090000069e+02,2.366309132892000093e+02,-1.627473277999940127e-01
6.769999999999999574e+00,3.285487659189525012e+00,9.579364251084772519e+00,6.293876591895247508e+00,3.385411195689999886e+02,2.366342038742000113e+02,-1.526486178000039939e-01
6.779999999999999361e+00,3.280832216603334128e+00,9.582614869201538710e+00,6.301782652598205026e+00,3.390418758110000113e+02,2.366527625811999940e+02,-1.566027227999660099e-01
6.789999999999999147e+00,3.261426590433556427e+00,9.573658426353949480e+00,6.312231835920392164e+00,3.395376985130000094e+02,2.366700167571999884e+02,-1.665533618000140104e-01
6.799999999999998934e+00,3.275194986902120409e+00,9.580901393189103388e+00,6.305706406286982535e+00,3.400452117870000279e+02,2.366579392751999933e+02,-1.623978247999940117e-01
6.810000000000000497e+00,3.285000000000000142e+00,9.579294874980568864e+00,6.294294874980568721e+00,3.405502411449999727e+02,2.366367337082000120e+02,-1.502105837999949955e-01
6.820000000000000284e+00,3.285000000000000142e+00,9.562586876051364371e+00,6.277586876051366005e+00,3.410512523030000125e+02,2.366332819042000040e+02,-1.510869577999710001e-01
6.830000000000000071e+00,3.293115793418303738e+00,9.577555270718415059e+00,6.284439477300111321e+00,3.415555758670000159e+02,2.366419926481999880e+02,-1.650055897999810062e-01
6.839999999999999858e+00,3.292450327653102971e+00,9.594857623418278081e+00,6.302407295765173778e+00,3.420613776050000183e+02,2.366248058001999937e+02,-1.618324137999949952e-01
6.849999999999999645e+00,3.284342209135386881e+00,9.610940200830491165e+00,6.326597991695102507e+00,3.425512289530000203e+02,2.365887428492000026e+02,-1.405960727999789883e-01
6.859999999999999432e+00,3.276833027444701507e+00,9.610257547949517587e+00,6.333424520504816968e+00,3.430425146590000054e+02,2.365977427262000106e+02,-1.455185667999749910e-01
6.869999999999999218e+00,3.268062338734958772e+00,9.604910576058536265e+00,6.336848237323577493e+00,3.435330905750000170e+02,2.366367224182000086e+02,-1.585470418000090032e-01
6.879999999999999005e+00,3.262640500416168710e+00,9.599373060216407794e+00,6.336732559800238640e+00,3.440177005069999723e+02,2.366573854131999894e+02,-1.565121237999989867e-01
6.890000000000000568e+00,3.281588381499473517e+00,9.609225958379726151e+00,6.327637576880252190e+00,3.445211926950000247e+02,2.366631075582000108e+02,-1.524202797999799908e-01
6.900000000000000355e+00,3.269730604746574176e+00,9.581048493925973020e+00,6.311317889179398399e+00,3.450344996270000024e+02,2.366723630452000009e+02,-1.573387767999749887e-01
6.910000000000000142e+00,3.252139225717193494e+00,9.553413656688507061e+00,6.301274430971312235e+00,3.455442116049999868e+02,2.366744090162000020e+02,-1.602326247999610043e-01
6.919999999999999929e+00,3.235607434291810414e+00,9.537543136920136888e+00,6.301935702628327363e+00,3.460567174149999801e+02,2.366626059451999993e+02,-1.590769647999860092e-01
6.929999999999999716e+00,3.249600640579488608e+00,9.550976614956310229e+00,6.301375974376820288e+00,3.465556431989999737e+02,2.366430445361999944e+02,-1.498969017999700060e-01
6.939999999999999503e+00,3.258999999999999897e+00,9.555553921396757744e+00,6.296553921396757403e+00,3.470547722709999903e+02,2.366374714142000073e+02,-1.537662297999889960e-01
6.949999999999999289e+00,3.258770306892578184e+00,9.545889747308436313e+00,6.287119440415859017e+00,3.475525046490000136e+02,2.366388192851999861e+02,-1.606603057999949902e-01
6.959999999999999076e+00,3.241854785512487513e+00,9.537770297045994994e+00,6.295915511533506148e+00,3.480394492789999958e+02,2.366185844722000127e+02,-1.484805127999939967e-01
6.970000000000000639e+00,3.233999999999999986e+00,9.542443510228663328e+00,6.308443510228662454e+00,3.485297617589999959e+02,2.366095385351999880e+02,-1.423394847999659985e-01
6.980000000000000426e+00,3.234551586126158895e+00,9.556448413873841474e+00,6.321896827747682579e+00,3.490157706050000002e+02,2.366232452572000113e+02,-1.472797587999609970e-01
6.990000000000000213e+00,3.243352886208542341e+00,9.547647113791457585e+00,6.304294227582914800e+00,3.495030047070000023e+02,2.366330331462000061e+02,-1.472059017999609865e-01
7.000000000000000000e+00,3.241504760466911161e+00,9.539772892666855242e+00,6.298268132199943636e+00,3.500091192890000116e+02,2.366279084091999891e+02,-1.370751667999700052e-01
7.009999999999999787e+00,3.237112601708355797e+00,9.538482146460033562e+00,6.301369544751676877e+00,3.505141798309999785e+02,2.366237038731999860e+02,-1.329479518000080129e-01
7.019999999999999574e+00,3.255017222030498036e+00,9.564264799723916965e+00,6.309247577693419373e+00,3.510295975070000054e+02,2.366310766221999984e+02,-1.378593368000040065e-01
7.029999999999999361e+00,3.266152254625631191e+00,9.563948092239849430e+00,6.297795837614219572e+00,3.515401931970000078e+02,2.366351869121999982e+02,-1.377602518000030085e-01
7.039999999999999147e+00,3.268703320818219460e+00,9.558746409293709334e+00,6.290043088475489874e+00,3.520464224410000043e+02,2.366280548551999914e+02,-1.306224287999979972e-01
7.049999999999998934e+00,3.259607280226532122e+00,9.558046713863578958e+00,6.298439433637047280e+00,3.525499731809999844e+02,2.366327539362000039e+02,-1.335270077999839988e-01
7.060000000000000497e+00,3.292453896280507220e+00,9.574398968764954887e+00,6.281945072484447223e+00,3.530556665149999844e+02,2.366525607261999937e+02,-1.474844827999939878e-01
7.070000000000000284e+00,3.297340659388111384e+00,9.574671486439546797e+00,6.277330827051435413e+00,3.535430148350000081e+02,2.366603483512000139e+02,-1.484035497999710018e-01
7.080000000000000071e+00,3.271768636813030984e+00,9.557695574753989121e+00,6.285926937940956805e+00,3.540276532450000104e+02,2.366629696111999976e+02,-1.503049987999799941e-01
7.089999999999999858e+00,3.247381449468911718e+00,9.525607170353831421e+00,6.278225720884919703e+00,3.545250431910000088e+02,2.366703147462000061e+02,-1.552202967999760097e-01
7.099999999999999645e+00,3.249295709535561461e+00,9.515647854767779634e+00,6.266352145232219506e+00,3.550181228010000041e+02,2.366654332781999983e+02,-1.490933458000029965e-01
7.109999999999999432e+00,3.283596547167987989e+00,9.532798273583994231e+00,6.249201726416005798e+00,3.555118293890000132e+02,2.366495697622000023e+02,-1.429275097999750110e-01
7.119999999999999218e+00,3.301436230163529384e+00,9.515563769836470343e+00,6.214127539672941403e+00,3.560195706549999954e+02,2.366334988081999882e+02,-1.387578328000129979e-01
7.129999999999999005e+00,3.294503798354504909e+00,9.512701470803943238e+00,6.218197672449440105e+00,3.565192672649999963e+02,2.366179808141999956e+02,-1.315918768000080008e-01
7.140000000000000568e+00,3.273191483990467443e+00,9.524765935961870156e+00,6.251574451971403157e+00,3.570284355210000058e+02,2.366120040101999962e+02,-1.284575017999660118e-01
7.150000000000000355e+00,3.281606340102046104e+00,9.558425360408184801e+00,6.276819020306139585e+00,3.575330964109999741e+02,2.366147986342000138e+02,-1.213550497999599936e-01
7.160000000000000142e+00,3.283999999999999808e+00,9.562764811220620942e+00,6.278764811220621134e+00,3.580191609230000154e+02,2.366275281561999861e+02,-1.202918247999840012e-01
7.169999999999999929e+00,3.277463717739812488e+00,9.552406936790138303e+00,6.274943219050325816e+00,3.585234562310000115e+02,2.366542771071999880e+02,-1.312740838000079902e-01
7.179999999999999716e+00,3.251486969896368873e+00,9.534153005873124087e+00,6.282666035976754770e+00,3.590287189509999735e+02,2.366640784982000127e+02,-1.351962897999700042e-01
7.189999999999999503e+00,3.246424391268120324e+00,9.545965827028867423e+00,6.299541435760746211e+00,3.595302422030000002e+02,2.366516554942000141e+02,-1.320408727999849985e-01
7.199999999999999289e+00,3.253324882984171662e+00,9.560662441492086216e+00,6.307337558507914110e+00,3.600384147490000259e+02,2.366455793551999989e+02,-1.409064467999980030e-01
7.209999999999999076e+00,3.271140798724872845e+00,9.569570399362437030e+00,6.298429600637563297e+00,3.605315533550000282e+02,2.366396677671999953e+02,-1.437759067999850038e-01
7.220000000000000639e+00,3.272652654058062272e+00,9.562820805361315735e+00,6.290168151303253019e+00,3.610250321729999996e+02,2.366277941952000106e+02,-1.386242047999899918e-01
7.230000000000000426e+00,3.268091575012360472e+00,9.567063841051121287e+00,6.298972266038760814e+00,3.615273251410000057e+02,2.366194322462000059e+02,-1.324829247999599890e-01
7.240000000000000213e+00,3.260038342099038644e+00,9.583495212622617387e+00,6.323456870523577855e+00,3.620245690190000118e+02,2.366117871982000054e+02,-1.253452908000119992e-01
7.250000000000000000e+00,3.277544495317517459e+00,9.608704073257225531e+00,6.331159577939707184e+00,3.625285160810000207e+02,2.366095400391999988e+02,-1.162251967999980012e-01
7.259999999999999787e+00,3.262208581296634158e+00,9.596208581296634677e+00,6.333999999999999631e+00,3.630218528689999857e+02,2.366176978821999910e+02,-1.091441857999929932e-01
7.269999999999999574e+00,3.238349891454160190e+00,9.573608689443373621e+00,6.335258797989213875e+00,3.635095144769999820e+02,2.366375405622000017e+02,-1.051056817999739962e-01
7.279999999999999361e+00,3.273878863350873747e+00,9.617497419433432171e+00,6.343618556082558868e+00,3.640108709950000048e+02,2.366631307321999884e+02,-1.130844868000119990e-01
7.289999999999999147e+00,3.283999999999999808e+00,9.642323734264468982e+00,6.358323734264469174e+00,3.645232356629999799e+02,2.366713449641999887e+02,-1.139994937999879998e-01
7.299999999999998934e+00,3.275894610051585776e+00,9.646107909787071222e+00,6.370213299735485002e+00,3.650268694370000162e+02,2.366570427501999916e+02,-1.098369707999699990e-01
7.310000000000000497e+00,3.249170585307655124e+00,9.620087148852190850e+00,6.370916563544535727e+00,3.655329882369999837e+02,2.366518509811999991e+02,-1.187061217999839935e-01
7.320000000000000284e+00,3.238485250748722066e+00,9.601970501497444133e+00,6.363485250748722066e+00,3.660410474529999760e+02,2.366477609942000129e+02,-1.305787477999849899e-01
7.330000000000000071e+00,3.239173147948113840e+00,9.597173147948112160e+00,6.357999999999999652e+00,3.665321015729999772e+02,2.366257256892000100e+02,-1.273917467999980124e-01
7.339999999999999858e+00,3.257878395297566065e+00,9.615878395297565717e+00,6.357999999999999652e+00,3.670291463809999755e+02,2.366040253221999876e+02,-1.262046077999640081e-01
7.349999999999999645e+00,3.241000192547241365e+00,9.589791963510331030e+00,6.348791770963089220e+00,3.675421391369999924e+02,2.366012398661999896e+02,-1.320806997999940113e-01
7.359999999999999432e+00,3.233638864715408179e+00,9.579000000000000625e+00,6.345361135284592002e+00,3.680319399670000280e+02,2.366011580731999970e+02,-1.319714507999930064e-01
7.369999999999999218e+00,3.233047345876137069e+00,9.579049239711183716e+00,6.346001893835045315e+00,3.685284426489999987e+02,2.366064953371999877e+02,-1.238797778000129968e-01
7.379999999999999005e+00,3.249928271950007996e+00,9.596605402828009446e+00,6.346677130878000561e+00,3.690143913890000249e+02,2.366212498191999885e+02,-1.148236707999990003e-01
7.390000000000000568e+00,3.253392374471508752e+00,9.605000000000000426e+00,6.351607625528491674e+00,3.695018261149999717e+02,2.366450683312000081e+02,-1.157992767999739964e-01
7.400000000000000355e+00,3.245808643109144409e+00,9.605000000000000426e+00,6.359191356890856461e+00,3.700077447770000276e+02,2.366609239851999860e+02,-1.177426837999839965e-01
7.410000000000000142e+00,3.255755297387638247e+00,9.605000000000000426e+00,6.349244702612361735e+00,3.705160279890000083e+02,2.366529040302000055e+02,-1.116012778000119998e-01
7.419999999999999929e+00,3.278893130703036007e+00,9.637989153741635562e+00,6.359096023038599554e+00,3.710264234989999750e+02,2.366429766411999935e+02,-1.124527177999880001e-01
7.429999999999999716e+00,3.289627618823903088e+00,9.656666886154335216e+00,6.367039267330431684e+00,3.715403591849999998e+02,2.366412218561999907e+02,-1.253322817999650007e-01
7.439999999999999503e+00,3.272806760370559065e+00,9.634670378946115221e+00,6.361863618575556600e+00,3.720417699949999815e+02,2.366307708921999904e+02,-1.291838927999849895e-01
7.449999999999999289e+00,3.263592676028212569e+00,9.623427708033343464e+00,6.359835032005129563e+00,3.725446333869999762e+02,2.366124182071999940e+02,-1.250072507999659965e-01
7.459999999999999076e+00,3.251829240711722857e+00,9.618000000000000327e+00,6.366170759288277026e+00,3.730435919089999857e+02,2.366098331331999987e+02,-1.308871717999930129e-01
7.470000000000000639e+00,3.233935990368726809e+00,9.618000000000000327e+00,6.384064009631273073e+00,3.735388711109999917e+02,2.366190610062000133e+02,-1.358095817999890043e-01
7.480000000000000426e+00,3.242087465581350081e+00,9.625689393953450690e+00,6.383601928372099721e+00,3.740291568889999780e+02,2.366280285802000094e+02,-1.337321387999790001e-01
7.490000000000000213e+00,3.236311288308363121e+00,9.619683931065733162e+00,6.383372642757370485e+00,3.745179005709999842e+02,2.366289163801999962e+02,-1.256264937999989895e-01
7.500000000000000000e+00,3.220090110351397250e+00,9.603999999999999204e+00,6.383909889648602842e+00,3.750095258229999899e+02,2.366319648571999892e+02,-1.195278437999700016e-01
7.509999999999999787e+00,3.228578746409279887e+00,9.603999999999999204e+00,6.375421253590720205e+00,3.755186114890000226e+02,2.366449822922000124e+02,-1.254605587999980121e-01
7.519999999999999574e+00,3.237541161166537229e+00,9.614656079166417513e+00,6.377114917999880284e+00,3.760305479849999983e+02,2.366431523171999913e+02,-1.273402308000080030e-01
7.529999999999999361e+00,3.246737106610782408e+00,9.629267247170888666e+00,6.382530140560107590e+00,3.765396293910000054e+02,2.366211516822000078e+02,-1.221493288000130018e-01
7.539999999999999147e+00,3.256006802726857163e+00,9.630693354265670081e+00,6.374686551538813362e+00,3.770527935850000176e+02,2.366153640661999873e+02,-1.300148037999930006e-01
7.549999999999998934e+00,3.278914403485577722e+00,9.643658717899166177e+00,6.364744314413587567e+00,3.775592276709999737e+02,2.366221956002000013e+02,-1.429263297999699978e-01
7.560000000000000497e+00,3.298839170272630739e+00,9.653763402477281375e+00,6.354924232204649748e+00,3.780530794389999869e+02,2.366213363791999882e+02,-1.448134497999800097e-01
7.570000000000000284e+00,3.307190329640762538e+00,9.653067472529937021e+00,6.345877142889174038e+00,3.785539202690000025e+02,2.366208690951999927e+02,-1.487004107999989888e-01
7.580000000000000071e+00,3.268689333976887212e+00,9.623049016363342645e+00,6.354359682386455432e+00,3.790515379849999817e+02,2.366242242861999898e+02,-1.526015747999610039e-01
7.589999999999999858e+00,3.256811710551087646e+00,9.605302864373104654e+00,6.348491153822017452e+00,3.795401124489999916e+02,2.366280789662000075e+02,-1.525064867999610108e-01
7.599999999999999645e+00,3.283901843705109957e+00,9.605997483171925921e+00,6.322095639466815520e+00,3.800400096829999939e+02,2.366265915952000114e+02,-1.463899937999899870e-01
7.609999999999999432e+00,3.300957651618813049e+00,9.629740712266338321e+00,6.328783060647524827e+00,3.805299783990000151e+02,2.366235640902000057e+02,-1.322702237999789920e-01
7.619999999999999218e+00,3.309000000000000163e+00,9.641363572297020568e+00,6.332363572297020404e+00,3.810231448590000127e+02,2.366347064532000104e+02,-1.281997997999599903e-01
7.629999999999999005e+00,3.310891368428805936e+00,9.644994666678941897e+00,6.334103298250137293e+00,3.815378787810000176e+02,2.366540560901999868e+02,-1.341535987999900037e-01
7.640000000000000568e+00,3.327765816806799837e+00,9.671712543277433127e+00,6.343946726470633735e+00,3.820438811430000214e+02,2.366508998651999889e+02,-1.320298857999800124e-01
7.650000000000000355e+00,3.333486874438869929e+00,9.690711237655131427e+00,6.357224363216261942e+00,3.825512245329999814e+02,2.366417998471999908e+02,-1.328849238000129884e-01
7.660000000000000142e+00,3.326746025312559585e+00,9.697418542302669309e+00,6.370672516990110168e+00,3.830578872770000203e+02,2.366446273251999912e+02,-1.487822917999760131e-01
7.669999999999999929e+00,3.300499454398202026e+00,9.680841760672549867e+00,6.380342306274346065e+00,3.835549637130000065e+02,2.366399209331999884e+02,-1.576551667999900042e-01
7.679999999999999716e+00,3.288622062755614195e+00,9.664946726413779388e+00,6.376324663658165193e+00,3.840486153009999839e+02,2.366250240331999919e+02,-1.604928117999769865e-01
7.689999999999999503e+00,3.292558376796959507e+00,9.666764156057796598e+00,6.374205779260837090e+00,3.845497985630000244e+02,2.366185594851999952e+02,-1.663585508000040014e-01
7.699999999999999289e+00,3.317344720563173865e+00,9.697270425308520458e+00,6.379925704745348369e+00,3.850423671890000037e+02,2.366226315771999964e+02,-1.692633607999899925e-01
7.709999999999999076e+00,3.298461982152765870e+00,9.688515065940164206e+00,6.390053083787397448e+00,3.855358177510000246e+02,2.366287962122000010e+02,-1.611752858000090050e-01
7.720000000000000639e+00,3.279816329899489347e+00,9.672053810689794417e+00,6.392237480790305959e+00,3.860235045069999842e+02,2.366306500771999879e+02,-1.460732387999670034e-01
7.730000000000000426e+00,3.272841154430833566e+00,9.656835246030908593e+00,6.383994091600076359e+00,3.865149567670000010e+02,2.366367254102000004e+02,-1.309852477999789988e-01
7.740000000000000213e+00,3.279363772900604879e+00,9.663033206800658803e+00,6.383669433900054813e+00,3.870189352350000149e+02,2.366514757541999927e+02,-1.309251737999800047e-01
7.750000000000000000e+00,3.292717846893250311e+00,9.686046979910770460e+00,6.393329133017521038e+00,3.875397994329999847e+02,2.366511677222000003e+02,-1.298082098000029883e-01
7.759999999999999787e+00,3.308799203930710586e+00,9.716614772254391852e+00,6.407815568323682598e+00,3.880578083190000029e+02,2.366306925581999963e+02,-1.206206777999900004e-01
7.769999999999999574e+00,3.317995712676539810e+00,9.723689009751184997e+00,6.405693297074645187e+00,3.885669209089999754e+02,2.366256929541999909e+02,-1.234898017999749992e-01
7.779999999999999361e+00,3.327644691628435680e+00,9.727022260250528518e+00,6.399377568622092838e+00,3.890727861249999933e+02,2.366424905281999997e+02,-1.414366478000040062e-01
7.789999999999999147e+00,3.325892586637662518e+00,9.719892586637662646e+00,6.394000000000000128e+00,3.895629033509999886e+02,2.366544143982000037e+02,-1.503697437999609865e-01
7.799999999999998934e+00,3.301466307126623700e+00,9.695466307126624272e+00,6.394000000000000128e+00,3.900610906030000251e+02,2.366477929652000114e+02,-1.522355697999709934e-01
7.810000000000000497e+00,3.295999999999999819e+00,9.695970767086345532e+00,6.399970767086345269e+00,3.905632143529999780e+02,2.366423978962000092e+02,-1.541048467999799887e-01
7.820000000000000284e+00,3.292817631378012422e+00,9.698499567511296604e+00,6.405681936133283294e+00,3.910558401989999879e+02,2.366454680921999909e+02,-1.580061157999989863e-01
7.830000000000000071e+00,3.283089628836807439e+00,9.690856136943205357e+00,6.407766508106398362e+00,3.915559090930000252e+02,2.366409750331999930e+02,-1.548789998000139889e-01
7.839999999999999858e+00,3.274717511429970696e+00,9.689393125952497243e+00,6.414675614522526992e+00,3.920486714190000157e+02,2.366241020141999911e+02,-1.357097278000080065e-01
7.849999999999999645e+00,3.266565215774009712e+00,9.685565215774008863e+00,6.418999999999999595e+00,3.925375858730000118e+02,2.366219982382000069e+02,-1.265934837999939944e-01
7.859999999999999432e+00,3.258086090340751362e+00,9.677100438730876775e+00,6.419014348390124525e+00,3.930564272870000195e+02,2.366395791351999947e+02,-1.325401287999649902e-01
7.869999999999999218e+00,3.266584197088552965e+00,9.687014896603312053e+00,6.420430699514758643e+00,3.935660809350000022e+02,2.366426446421999970e+02,-1.294375477999800128e-01
7.879999999999999005e+00,3.285186441815993508e+00,9.700440220588321338e+00,6.415253778772326498e+00,3.940663206009999726e+02,2.366351600071999997e+02,-1.252998327999609862e-01
7.890000000000000568e+00,3.306999999999999940e+00,9.712791055403231510e+00,6.405791055403231127e+00,3.945697016789999907e+02,2.366428330242000015e+02,-1.342149807999749866e-01
7.900000000000000355e+00,3.306999999999999940e+00,9.705297991242220590e+00,6.398297991242221094e+00,3.950599329010000247e+02,2.366527601582000102e+02,-1.431410067999890068e-01
7.910000000000000142e+00,3.313636859409528679e+00,9.690674403953732252e+00,6.377037544544204017e+00,3.955514465989999735e+02,2.366577665631999992e+02,-1.480493607999860128e-01
7.919999999999999929e+00,3.320649711839302132e+00,9.676649711839301560e+00,6.355999999999999872e+00,3.960559957130000157e+02,2.366625226431999920e+02,-1.509539187999719978e-01
7.929999999999999716e+00,3.319252465608038882e+00,9.675252465608039643e+00,6.355999999999999872e+00,3.965587747390000004e+02,2.366631924211999944e+02,-1.478444147999850022e-01
7.939999999999999503e+00,3.297607452219602386e+00,9.659967398857018495e+00,6.362359946637415220e+00,3.970657182549999789e+02,2.366610950911999964e+02,-1.447242217999989977e-01
7.949999999999999289e+00,3.282000000000000028e+00,9.652951189773014917e+00,6.370951189773014889e+00,3.975724034830000164e+02,2.366459760902000085e+02,-1.375581187999949939e-01
7.959999999999999076e+00,3.282000000000000028e+00,9.662854476768306000e+00,6.380854476768305084e+00,3.980814828910000074e+02,2.366240072072000089e+02,-1.233672707999829976e-01
7.970000000000000639e+00,3.343615778318187459e+00,9.696923293680800526e+00,6.353307515362612179e+00,3.985872007070000222e+02,2.366258357661999980e+02,-1.232612207999849996e-01
7.980000000000000426e+00,3.370999999999999996e+00,9.708354899711581609e+00,6.337354899711582057e+00,3.991001097629999776e+02,2.366420621892000042e+02,-1.332044327999749866e-01
7.990000000000000213e+00,3.371111879567115110e+00,9.701657445194616258e+00,6.330545565627501148e+00,3.996088227010000082e+02,2.366440617451999913e+02,-1.330983197999759948e-01
8.000000000000000000e+00,3.371805034061388096e+00,9.693339591263340438e+00,6.321534557201951898e+00,4.001076661170000079e+02,2.366434910472000013e+02,-1.339853408000090118e-01
8.009999999999999787e+00,3.388671096408873318e+00,9.707671096408873268e+00,6.318999999999999950e+00,4.006068833709999808e+02,2.366539205882000090e+02,-1.459111598000089882e-01
8.019999999999999574e+00,3.410647363906621710e+00,9.728018216887162950e+00,6.317370852980540796e+00,4.010962863249999941e+02,2.366608097312000041e+02,-1.508266258000039994e-01
8.029999999999999361e+00,3.428318972128272968e+00,9.734814989280105024e+00,6.306496017151832056e+00,4.015854305469999872e+02,2.366546842591999962e+02,-1.496961937999710113e-01
8.039999999999999147e+00,3.414135481619767543e+00,9.730204243712025303e+00,6.316068762092258204e+00,4.020899489209999729e+02,2.366424322521999954e+02,-1.465407137999860110e-01
8.049999999999998934e+00,3.398575006771263229e+00,9.724000000000000199e+00,6.325424993228737414e+00,4.025884196090000273e+02,2.366308436751999977e+02,-1.413889067999890004e-01
8.060000000000000497e+00,3.405728354979136618e+00,9.724000000000000199e+00,6.318271645020863581e+00,4.030924254450000035e+02,2.366275699242000030e+02,-1.402652298000139908e-01
8.070000000000000284e+00,3.391393900004191053e+00,9.707145412004525298e+00,6.315751512000336021e+00,4.035967149389999804e+02,2.366193255011999952e+02,-1.331239138000079869e-01
8.080000000000000071e+00,3.377982364869356324e+00,9.685874241176676946e+00,6.307891876307322399e+00,4.040858564970000089e+02,2.366132423651999943e+02,-1.199935537999750057e-01
8.089999999999999858e+00,3.369494399765772474e+00,9.662369107043677019e+00,6.292874707277904101e+00,4.045918898209999952e+02,2.366270906992000107e+02,-1.249298727999700043e-01
8.099999999999999645e+00,3.379169461876357250e+00,9.669716681608306885e+00,6.290547219731949191e+00,4.051039144989999841e+02,2.366412633872000129e+02,-1.348660357999610093e-01
8.109999999999999432e+00,3.383000000000000007e+00,9.683618943044510985e+00,6.300618943044511866e+00,4.056022155250000196e+02,2.366326487462000046e+02,-1.357247977999949951e-01
8.119999999999999218e+00,3.381388167204524731e+00,9.697323693892705876e+00,6.315935526688180701e+00,4.061071070709999731e+02,2.366314075621999962e+02,-1.406081337999889880e-01
8.129999999999999005e+00,3.364021529131324240e+00,9.679262390296576868e+00,6.315240861165253072e+00,4.066070379309999794e+02,2.366468824142000074e+02,-1.535516007999669919e-01
8.140000000000000568e+00,3.363783471545668480e+00,9.696133886182673578e+00,6.332350414637005542e+00,4.071005479329999730e+02,2.366520098732000008e+02,-1.564599248000090037e-01
8.150000000000000355e+00,3.376288881022564858e+00,9.730288881022564951e+00,6.354000000000000092e+00,4.076057794690000264e+02,2.366448102331999905e+02,-1.523221047999900046e-01
8.160000000000000142e+00,3.401606278202768063e+00,9.755606278202767712e+00,6.354000000000000092e+00,4.081118962709999778e+02,2.366396502162000104e+02,-1.521913097999909870e-01
8.169999999999999929e+00,3.407000000000000028e+00,9.766599757462133269e+00,6.359599757462133240e+00,4.086227199530000007e+02,2.366397670341999913e+02,-1.520780847999909924e-01
8.179999999999999716e+00,3.396912636625834203e+00,9.760912636625834082e+00,6.363999999999999879e+00,4.091355978249999907e+02,2.366389924261999909e+02,-1.539612707999999941e-01
8.189999999999999503e+00,3.371022635620138264e+00,9.735022635620138587e+00,6.363999999999999879e+00,4.096391732690000254e+02,2.366257097481999949e+02,-1.438023188000089880e-01
8.199999999999999289e+00,3.387241470079697780e+00,9.742620735039848157e+00,6.355379264960150820e+00,4.101363022630000046e+02,2.366200755481999920e+02,-1.326717787999850129e-01
8.209999999999999076e+00,3.386193896303517636e+00,9.750631890257956513e+00,6.364437993954439321e+00,4.106401121790000275e+02,2.366377821881999921e+02,-1.436222438000089863e-01
8.220000000000000639e+00,3.367052253934819994e+00,9.754273155508746740e+00,6.387220901573927634e+00,4.111544762589999777e+02,2.366460680822000029e+02,-1.565371367999849883e-01
8.230000000000000426e+00,3.349903799695966633e+00,9.730265319574352034e+00,6.380361519878386289e+00,4.116481262930000184e+02,2.366311958782000033e+02,-1.523748237999670019e-01
8.240000000000000213e+00,3.372481406507667145e+00,9.750029320690085655e+00,6.377547914182417621e+00,4.121434313089999932e+02,2.366224243521999995e+02,-1.492336727999800106e-01
8.250000000000000000e+00,3.410282714705196838e+00,9.784000000000000696e+00,6.373717285294802970e+00,4.126286138849999929e+02,2.366330613311999969e+02,-1.591633327999719960e-01
8.259999999999999787e+00,3.427899761359050501e+00,9.784000000000000696e+00,6.356100238640949307e+00,4.131162478609999766e+02,2.366358465321999915e+02,-1.630647067999909938e-01
8.269999999999999574e+00,3.426327355381138418e+00,9.765008626854010387e+00,6.338681271472871082e+00,4.136268139210000072e+02,2.366229310951999878e+02,-1.619055538000140071e-01
8.279999999999999361e+00,3.425874272314729740e+00,9.754519068562855111e+00,6.328644796248124038e+00,4.141461939089999760e+02,2.366135308092000002e+02,-1.587568287999709948e-01
8.289999999999999147e+00,3.443405315089428598e+00,9.776958803314467872e+00,6.333553488225039274e+00,4.146508574630000226e+02,2.366162830972000108e+02,-1.636543047999670097e-01
8.299999999999998934e+00,3.452802120065977309e+00,9.780300353344330233e+00,6.327498233278351591e+00,4.151646769330000097e+02,2.366165603281999950e+02,-1.665409988000099983e-01
8.310000000000000497e+00,3.448574365927097318e+00,9.764485757217110873e+00,6.315911391290013555e+00,4.156589822430000254e+02,2.366077529712000000e+02,-1.573999047999959933e-01
8.320000000000000284e+00,3.431564420977363028e+00,9.732226501091769677e+00,6.300662080114407537e+00,4.161496095649999916e+02,2.366107373931999973e+02,-1.533012637999759953e-01
8.330000000000000071e+00,3.415175989428521852e+00,9.740748485497167763e+00,6.325572496068646799e+00,4.166576710429999935e+02,2.366416972282000017e+02,-1.672975607999860059e-01
8.339999999999999858e+00,3.402181377462862866e+00,9.740181377462862500e+00,6.338000000000000078e+00,4.171573728010000082e+02,2.366611831922000135e+02,-1.752551977999680100e-01
8.349999999999999645e+00,3.391617357722984671e+00,9.732099276761541518e+00,6.340481919038557734e+00,4.176523912729999779e+02,2.366574282022000091e+02,-1.651317637999759891e-01
8.359999999999999432e+00,3.376113384340434731e+00,9.732745275652481709e+00,6.356631891312047422e+00,4.181530602209999756e+02,2.366599701341999946e+02,-1.650293537999769911e-01
8.369999999999999218e+00,3.392821042591772418e+00,9.755373571168403757e+00,6.362552528576632227e+00,4.186477400350000266e+02,2.366621524322000027e+02,-1.699270397999730065e-01
8.379999999999999005e+00,3.427300505961475618e+00,9.789475520015960441e+00,6.362175014054485267e+00,4.191504326549999746e+02,2.366467913232000058e+02,-1.667609967999859888e-01
8.390000000000000568e+00,3.451173798968759865e+00,9.814011960051225003e+00,6.362838161082465582e+00,4.196643919350000260e+02,2.366270724192000046e+02,-1.615770597999900138e-01
8.400000000000000355e+00,3.430616723954352576e+00,9.787284737703396686e+00,6.356668013749044555e+00,4.201695678049999856e+02,2.366208499791999884e+02,-1.634427387999999870e-01
8.410000000000000142e+00,3.404134459734212026e+00,9.757779573825708042e+00,6.353645114091496460e+00,4.206681277850000242e+02,2.366252464252000038e+02,-1.713473927999820123e-01
8.419999999999999929e+00,3.395319754793787226e+00,9.757101519599521211e+00,6.361781764805734873e+00,4.211561039709999932e+02,2.366220378902000050e+02,-1.762275507999780111e-01
8.429999999999999716e+00,3.417639238863692253e+00,9.771307960364865153e+00,6.353668721501174232e+00,4.216424233989999948e+02,2.366127569011999867e+02,-1.720865947999579981e-01
8.439999999999999503e+00,3.428007775232979615e+00,9.777236152084370246e+00,6.349228376851391076e+00,4.221314841430000229e+02,2.366256397802000038e+02,-1.760232767999770076e-01
8.449999999999999289e+00,3.419611141463088533e+00,9.771423097935985069e+00,6.351811956472896092e+00,4.226320724990000031e+02,2.366471441991999995e+02,-1.939879028000059957e-01
8.459999999999999076e+00,3.394969831318528808e+00,9.753464471502709898e+00,6.358494640184181534e+00,4.231359080070000118e+02,2.366468549681999889e+02,-1.958748127999589972e-01
8.470000000000000639e+00,3.390712951949810261e+00,9.757243686963711582e+00,6.366530735013901321e+00,4.236389971710000282e+02,2.366245440911999935e+02,-1.816840908000059984e-01
8.480000000000000426e+00,3.408490508256928564e+00,9.782859908609767174e+00,6.374369400352837722e+00,4.241491068029999951e+02,2.366196226541999863e+02,-1.785532297999629925e-01
8.490000000000000213e+00,3.426770236088806598e+00,9.793405905435850656e+00,6.366635669347043169e+00,4.246550835730000131e+02,2.366344623001999992e+02,-1.854930717999669909e-01
8.500000000000000000e+00,3.404374032495879998e+00,9.774280978171333345e+00,6.369906945675452903e+00,4.251545259330000022e+02,2.366409442332000026e+02,-1.844048287999910107e-01
8.509999999999999787e+00,3.376362327282376619e+00,9.753529756947701301e+00,6.377167429665325571e+00,4.256676870190000272e+02,2.366352060092000045e+02,-1.782703877999629871e-01
8.519999999999999574e+00,3.403191631690730912e+00,9.781065095682592414e+00,6.377873463991861058e+00,4.261757996810000009e+02,2.366301741021999874e+02,-1.741395748000010013e-01
8.529999999999999361e+00,3.421615119630336377e+00,9.805855382794240072e+00,6.384240263163904139e+00,4.266751311529999953e+02,2.366386033791999921e+02,-1.870583177999770030e-01
8.539999999999999147e+00,3.425221106907200941e+00,9.810424926775233700e+00,6.385203819868032760e+00,4.271816783470000018e+02,2.366434522892000132e+02,-1.959627977999920112e-01
8.549999999999998934e+00,3.408398662460030870e+00,9.784181913437647538e+00,6.375783250977617556e+00,4.276659435849999795e+02,2.366350627262000046e+02,-1.898254307999640011e-01
8.560000000000000497e+00,3.390879840848653792e+00,9.774559926545531852e+00,6.383680085696878947e+00,4.281524073049999970e+02,2.366408001442000000e+02,-1.897374547999640115e-01
8.570000000000000284e+00,3.393722118256038645e+00,9.781743493774804676e+00,6.388021375518766476e+00,4.286606406650000167e+02,2.366687507631999949e+02,-2.077231227999919994e-01
8.580000000000000071e+00,3.419622024430262197e+00,9.805302198948176340e+00,6.385680174517914587e+00,4.291664738090000242e+02,2.366685614181999995e+02,-2.136099667999639962e-01
8.589999999999999858e+00,3.410651296258820242e+00,9.788740854631667432e+00,6.378089558372848522e+00,4.296630873369999790e+02,2.366368662362000066e+02,-1.993875768000110127e-01
8.599999999999999645e+00,3.412847982015023707e+00,9.767797757963514016e+00,6.354949775948489865e+00,4.301658367329999919e+02,2.366205102872000055e+02,-1.952180047999919899e-01
8.609999999999999432e+00,3.423596330251950981e+00,9.750388623831794277e+00,6.326792293579844184e+00,4.306596321690000195e+02,2.366206388502000095e+02,-2.001086417999879963e-01
8.619999999999999218e+00,3.440969751074166805e+00,9.766372170988233847e+00,6.325402419914066598e+00,4.311597582829999737e+02,2.366151438951999921e+02,-1.979779847999779963e-01
8.629999999999999005e+00,3.446471414516645293e+00,9.771471414516645027e+00,6.325000000000000178e+00,4.316699240250000003e+02,2.366092382022000038e+02,-1.908436127999730003e-01
8.640000000000000568e+00,3.439872441796981928e+00,9.768847426179434024e+00,6.328974984382452540e+00,4.321782381990000204e+02,2.366182228062000092e+02,-1.917622388000070066e-01
8.650000000000000355e+00,3.403927105382212659e+00,9.752948527380594257e+00,6.349021421998381598e+00,4.326757156610000266e+02,2.366415811882000071e+02,-2.017340457999970138e-01
8.660000000000000142e+00,3.414560267333636379e+00,9.773707706105646764e+00,6.359147438772009941e+00,4.331697117209999988e+02,2.366557403742000076e+02,-2.076741457999680129e-01
8.669999999999999929e+00,3.432800189462188900e+00,9.801595642369649752e+00,6.368795452907460408e+00,4.336627345549999859e+02,2.366518537462000040e+02,-2.025507237999719934e-01
8.679999999999999716e+00,3.432116905448669097e+00,9.817311174680609653e+00,6.385194269231939224e+00,4.341544744689999789e+02,2.366528949032000071e+02,-1.994449857999880116e-01
8.689999999999999503e+00,3.402475893830784415e+00,9.796971197188012681e+00,6.394495303357227378e+00,4.346635610229999998e+02,2.366658982261999995e+02,-2.093776767999790123e-01
8.699999999999999289e+00,3.377697298411252991e+00,9.785633678634036769e+00,6.407936380222783335e+00,4.351781513189999941e+02,2.366702188721999960e+02,-2.142784777999739987e-01
8.709999999999999076e+00,3.370923430858312475e+00,9.797846677670301929e+00,6.426923246811989898e+00,4.356779608150000058e+02,2.366527217821999898e+02,-2.021054817999740072e-01
8.720000000000000639e+00,3.388347327013563337e+00,9.823634043980073116e+00,6.435286716966509779e+00,4.361795399549999956e+02,2.366393180501999893e+02,-1.939465597999910085e-01
8.730000000000000426e+00,3.394454562508870232e+00,9.838363875124180424e+00,6.443909312615309304e+00,4.366693982269999879e+02,2.366382308331999980e+02,-1.958337638000010039e-01
8.740000000000000213e+00,3.391505272201598586e+00,9.842784850425470466e+00,6.451279578223871880e+00,4.371625361669999847e+02,2.366323298291999890e+02,-1.957032418000020091e-01
8.750000000000000000e+00,3.373744382977045486e+00,9.826444832338882662e+00,6.452700449361836732e+00,4.376738162770000145e+02,2.366244526472000018e+02,-1.975617248000109960e-01
8.759999999999999787e+00,3.389519003773505901e+00,9.841491687785426379e+00,6.451972684011920478e+00,4.381797059749999903e+02,2.366232719902000099e+02,-2.014450457999739930e-01
8.769999999999999574e+00,3.407846568361408313e+00,9.855317640673805002e+00,6.447471072312396245e+00,4.386670562929999733e+02,2.366310278631999893e+02,-2.113640587999650045e-01
8.779999999999999361e+00,3.407155671406007613e+00,9.838736113744181111e+00,6.431580442338171721e+00,4.391642750230000161e+02,2.366413716302000125e+02,-2.152899677999839945e-01
8.789999999999999147e+00,3.385845215872797631e+00,9.826995487087003767e+00,6.441150271214207024e+00,4.396561282669999855e+02,2.366404266351999865e+02,-2.091771778000119930e-01
8.799999999999998934e+00,3.379981202645629512e+00,9.831250964879295395e+00,6.451269762233665439e+00,4.401496932690000108e+02,2.366445874782000089e+02,-2.030820207999819993e-01
8.810000000000000497e+00,3.404350390201239751e+00,9.856278779125597467e+00,6.451928388924358160e+00,4.406601491490000058e+02,2.366686939031999941e+02,-2.110535667999650089e-01
8.820000000000000284e+00,3.406367556176832956e+00,9.850145786475659193e+00,6.443778230298825349e+00,4.411708016150000162e+02,2.366718093531999898e+02,-2.099509527999869896e-01
8.830000000000000071e+00,3.393270608878623751e+00,9.824230993433545223e+00,6.430960384554920140e+00,4.416763996209999732e+02,2.366406412741999929e+02,-1.917283977999590106e-01
8.839999999999999858e+00,3.368035742717395919e+00,9.783071485434792436e+00,6.415035742717396516e+00,4.421807155949999810e+02,2.366143868682000004e+02,-1.795235027999589894e-01
8.849999999999999645e+00,3.368724499362438785e+00,9.784448998724876390e+00,6.415724499362438493e+00,4.426763940050000201e+02,2.366166226372000096e+02,-1.854211617999859951e-01
8.859999999999999432e+00,3.379651910423868699e+00,9.800158487910890059e+00,6.420506577487021360e+00,4.431695052430000032e+02,2.366287351441999931e+02,-1.893542248000069927e-01
8.869999999999999218e+00,3.395095352020359947e+00,9.820951127776039513e+00,6.425855775755679566e+00,4.436629573590000177e+02,2.366348750832000007e+02,-1.882661077999719934e-01
8.879999999999999005e+00,3.395791797414110302e+00,9.813290228444785157e+00,6.417498431030675299e+00,4.441641691410000021e+02,2.366454539021999892e+02,-1.901919447999829982e-01
8.890000000000000568e+00,3.401721017679828929e+00,9.811476751473318103e+00,6.409755733793489618e+00,4.446571109390000061e+02,2.366605368172000112e+02,-2.011355708000059916e-01
8.900000000000000355e+00,3.407999999999999918e+00,9.811999999999999389e+00,6.403999999999999915e+00,4.451528472350000243e+02,2.366617601062000062e+02,-2.110296707999969879e-01
8.910000000000000142e+00,3.407999999999999918e+00,9.811999999999999389e+00,6.403999999999999915e+00,4.456504337669999813e+02,2.366481142661999968e+02,-2.068708087999779899e-01
8.919999999999999929e+00,3.393547726426051181e+00,9.804218006537103847e+00,6.410670280111053110e+00,4.461533833429999731e+02,2.366457959962000075e+02,-2.017507117999819966e-01
8.929999999999999716e+00,3.385470088878996364e+00,9.792299139698791066e+00,6.406829050819795590e+00,4.466651223650000020e+02,2.366649711082000067e+02,-2.087045677999880000e-01
8.939999999999999503e+00,3.394685179315471313e+00,9.777160062553154063e+00,6.382474883237682306e+00,4.471752636250000137e+02,2.366770436461999907e+02,-2.156337207999919903e-01
8.949999999999999289e+00,3.435108418904769145e+00,9.813477637954692412e+00,6.378369219049923267e+00,4.476670865730000060e+02,2.366590835082000126e+02,-2.054608808000019937e-01
8.959999999999999076e+00,3.462492705106821056e+00,9.835308814598951344e+00,6.372816109492129399e+00,4.481610763749999933e+02,2.366382563761999904e+02,-1.912774177999919945e-01
8.970000000000000639e+00,3.470247352843552235e+00,9.832855976322198543e+00,6.362608623478647196e+00,4.486537008889999925e+02,2.366413477401999899e+02,-1.891787227999819909e-01
8.980000000000000426e+00,3.453248444856835242e+00,9.807017636182388642e+00,6.353769191325554289e+00,4.491430459570000266e+02,2.366492493631999992e+02,-1.900977477999589993e-01
8.990000000000000213e+00,3.459873867707002226e+00,9.801999510359783230e+00,6.342125642652781892e+00,4.496423186549999969e+02,2.366587052321999920e+02,-1.950200738000099909e-01
9.000000000000000000e+00,3.483677957654132129e+00,9.813205258051789670e+00,6.329527300397657541e+00,4.501434171070000048e+02,2.366712702032000095e+02,-1.999529628000069892e-01
9.009999999999999787e+00,3.503821763897501995e+00,9.849016469151115061e+00,6.345194705253612177e+00,4.506390382970000132e+02,2.366745078682000099e+02,-2.048541628000019876e-01
9.019999999999999574e+00,3.484698277332811678e+00,9.837617706871332857e+00,6.352919429538521179e+00,4.511412201549999850e+02,2.366680967912000142e+02,-2.117198748000080066e-01
9.029999999999999361e+00,3.455963304341626241e+00,9.813629691698476876e+00,6.357666387356851523e+00,4.516439699950000204e+02,2.366517337861999977e+02,-2.095502907999980124e-01
9.039999999999999147e+00,3.448248400118914425e+00,9.812226981839801354e+00,6.363978581720888705e+00,4.521487150290000159e+02,2.366355094751999957e+02,-2.003807067999829883e-01
9.049999999999998934e+00,3.453215181569674108e+00,9.819345214582341441e+00,6.366130033012668221e+00,4.526682963069999914e+02,2.366401292282000099e+02,-2.012814267999590012e-01
9.060000000000000497e+00,3.451814386030518822e+00,9.824505150882441029e+00,6.372690764851922651e+00,4.531834862129999806e+02,2.366514919212000052e+02,-2.072069457999879960e-01
9.070000000000000284e+00,3.434306252810970239e+00,9.823104500224877356e+00,6.388798247413906672e+00,4.536874902729999803e+02,2.366482463941999868e+02,-1.980833167999730138e-01
9.080000000000000071e+00,3.424865640284457946e+00,9.814187776974829802e+00,6.389322136690371856e+00,4.541754059090000055e+02,2.366460926752000091e+02,-1.869671058000060004e-01
9.089999999999999858e+00,3.438527497750356154e+00,9.827527497750356389e+00,6.389000000000000234e+00,4.546557649449999872e+02,2.366534918911999910e+02,-1.848863377999969970e-01
9.099999999999999645e+00,3.470833512846840829e+00,9.859833512846840620e+00,6.389000000000000234e+00,4.551467091069999924e+02,2.366684749201999978e+02,-1.918300298000019943e-01
9.109999999999999432e+00,3.471329254306701362e+00,9.868378202626283624e+00,6.397048948319582706e+00,4.556471522830000254e+02,2.366749750442000106e+02,-2.017416997999930128e-01
9.119999999999999218e+00,3.450301053792290240e+00,9.837095894630136783e+00,6.386794840837845655e+00,4.561537259570000060e+02,2.366618139711999902e+02,-2.055826008000110061e-01
9.129999999999999005e+00,3.423592533388276404e+00,9.786266113584316528e+00,6.362673580196039680e+00,4.566515422570000169e+02,2.366441464352000139e+02,-2.094095507999740036e-01
9.140000000000000568e+00,3.440669848693956201e+00,9.787531099903256759e+00,6.346861251209300114e+00,4.571417438490000222e+02,2.366370478421999906e+02,-2.172755088000130064e-01
9.150000000000000355e+00,3.458024696521574626e+00,9.798142720799848604e+00,6.340118024278273978e+00,4.576408161449999739e+02,2.366324695602000077e+02,-2.221483658000069916e-01
9.160000000000000142e+00,3.468736718443198086e+00,9.807736718443198498e+00,6.339000000000000412e+00,4.581370607609999865e+02,2.366247816252000007e+02,-2.110107767999840067e-01
9.169999999999999929e+00,3.451531747155010432e+00,9.790531747155009512e+00,6.339000000000000412e+00,4.586323377429999937e+02,2.366340447782000069e+02,-2.059332467999880067e-01
9.179999999999999716e+00,3.432639634540584517e+00,9.779617615351369864e+00,6.346977980810787123e+00,4.591455607529999838e+02,2.366623156722000090e+02,-2.139188697999699906e-01
9.189999999999999503e+00,3.429007095233171931e+00,9.779451662904287801e+00,6.350444567671116758e+00,4.596530466589999833e+02,2.366682622852000009e+02,-2.108269357999839888e-01
9.199999999999999289e+00,3.454938498582976081e+00,9.795146985984432675e+00,6.340208487401457482e+00,4.601441542250000225e+02,2.366452850601999955e+02,-1.916364957999779906e-01
9.209999999999999076e+00,3.442820088251842492e+00,9.788499249421031223e+00,6.345679161169189619e+00,4.606391170310000120e+02,2.366425072702000136e+02,-1.875165607999589867e-01
9.220000000000000639e+00,3.425716021358601093e+00,9.776590098795567840e+00,6.350874077436967191e+00,4.611314892930000156e+02,2.366675668091999967e+02,-2.004955247999929968e-01
9.230000000000000426e+00,3.408353312440123073e+00,9.761310914947307182e+00,6.352957602507184554e+00,4.616313070450000282e+02,2.366850242852000008e+02,-2.174460377999890004e-01
9.240000000000000213e+00,3.449086028362709389e+00,9.793098459658367005e+00,6.344012431295657173e+00,4.621390236070000128e+02,2.366869350901999951e+02,-2.263398918000029958e-01
9.250000000000000000e+00,3.471665023633172531e+00,9.803295543562963843e+00,6.331630519929791312e+00,4.626390372789999788e+02,2.366834121752000044e+02,-2.312162627999979903e-01
9.259999999999999787e+00,3.468508737271954967e+00,9.786316714372942371e+00,6.317807977100987848e+00,4.631330043749999845e+02,2.366805350502000067e+02,-2.390962767999789962e-01
9.269999999999999574e+00,3.444412079788243375e+00,9.770035189046110347e+00,6.325623109257866972e+00,4.636377516289999789e+02,2.366642754592000131e+02,-2.399266328000120019e-01
9.279999999999999361e+00,3.439229409052841024e+00,9.773458818105682511e+00,6.334229409052841042e+00,4.641453477150000140e+02,2.366332002101999876e+02,-2.277039998000119914e-01
9.289999999999999147e+00,3.448437183252321958e+00,9.789119765271026452e+00,6.340682582018704494e+00,4.646550839529999735e+02,2.366172714781999957e+02,-2.155343288000109991e-01
9.299999999999998934e+00,3.457444065255321330e+00,9.789870338771276437e+00,6.332426273515955550e+00,4.651536989329999869e+02,2.366207013082000117e+02,-2.144355017999790003e-01
9.310000000000000497e+00,3.444844640114949286e+00,9.795662143954020351e+00,6.350817503839071065e+00,4.656473227089999796e+02,2.366238355591999891e+02,-2.163367617999890080e-01
9.320000000000000284e+00,3.443106667553070821e+00,9.806153153752074303e+00,6.363046486199003482e+00,4.661366357050000033e+02,2.366147502631999942e+02,-2.051957847999640039e-01
9.330000000000000071e+00,3.468031782297282817e+00,9.822994447498164305e+00,6.354962665200881489e+00,4.666214435549999848e+02,2.366144011151999962e+02,-2.000866707999690020e-01
9.339999999999999858e+00,3.463754621296530445e+00,9.844924791434541689e+00,6.381170170138011244e+00,4.671137013769999839e+02,2.366414644461999899e+02,-2.110727167999920106e-01
9.349999999999999645e+00,3.451377395232891665e+00,9.855068228935728314e+00,6.403690833702835761e+00,4.676098395870000104e+02,2.366707383972000116e+02,-2.260657247999789954e-01
9.359999999999999432e+00,3.432842218169170678e+00,9.848157781830829904e+00,6.415315563661658338e+00,4.681272544550000134e+02,2.366782180881999977e+02,-2.329770557999850111e-01
9.369999999999999218e+00,3.423526197289744832e+00,9.857473802710256194e+00,6.433947605420510030e+00,4.686429831570000033e+02,2.366625960702000100e+02,-2.308071987999749941e-01
9.379999999999999005e+00,3.435271844705745536e+00,9.875880258944059520e+00,6.440608414238313983e+00,4.691416820590000043e+02,2.366470104932000140e+02,-2.266412458000129915e-01
9.390000000000000568e+00,3.458488736430313626e+00,9.898016800827525330e+00,6.439528064397213036e+00,4.696415249589999803e+02,2.366464791541999944e+02,-2.325282157999850052e-01
9.400000000000000355e+00,3.449220093975778223e+00,9.880192488414959229e+00,6.430972394439179673e+00,4.701546308229999909e+02,2.366417110742000034e+02,-2.343972617999940111e-01
9.410000000000000142e+00,3.434895515754273099e+00,9.857565363316323825e+00,6.422669847562051615e+00,4.706525562350000200e+02,2.366221244182000021e+02,-2.162172737999639993e-01
9.419999999999999929e+00,3.422637959953265696e+00,9.836999999999999744e+00,6.414362040046734492e+00,4.711432407770000168e+02,2.366241069442000082e+02,-2.131150917999790062e-01
9.429999999999999716e+00,3.431556286770802711e+00,9.836999999999999744e+00,6.405443713229197478e+00,4.716369534010000280e+02,2.366432332742000142e+02,-2.260728248000120066e-01
9.439999999999999503e+00,3.452163432296267320e+00,9.849905596631558069e+00,6.397742164335291193e+00,4.721162278790000073e+02,2.366345410762000085e+02,-2.249355327999789933e-01
9.449999999999999289e+00,3.478543517631553339e+00,9.863823148172119915e+00,6.385279630540567020e+00,4.726093918550000126e+02,2.366106371452000019e+02,-2.177414437999740104e-01
9.459999999999999076e+00,3.506308486854752715e+00,9.863072743598520375e+00,6.356764256743767660e+00,4.731078946150000206e+02,2.366160354872000084e+02,-2.246496387999800115e-01
9.470000000000000639e+00,3.515998978623123605e+00,9.861250255344218729e+00,6.345251276721095124e+00,4.736082543129999749e+02,2.366415439621999894e+02,-2.396284227999649907e-01
9.480000000000000426e+00,3.531197949142577119e+00,9.860536734165398443e+00,6.329338785022821767e+00,4.741243858170000181e+02,2.366539584941999976e+02,-2.465574497999709902e-01
9.490000000000000213e+00,3.558253153938347513e+00,9.861960692312544907e+00,6.303707538374196950e+00,4.746367767429999844e+02,2.366441662711999925e+02,-2.414088837999749937e-01
9.500000000000000000e+00,3.542106083823831408e+00,9.877542402882074413e+00,6.335436319058243448e+00,4.751372437350000268e+02,2.366326987481999993e+02,-2.342570467999700035e-01
9.509999999999999787e+00,3.515359362052400627e+00,9.876227935083482734e+00,6.360868573031082107e+00,4.756336341969999921e+02,2.366400045242000090e+02,-2.341723957999690131e-01
9.519999999999999574e+00,3.485638874950314658e+00,9.862544707287989709e+00,6.376905832337674163e+00,4.761365837729999839e+02,2.366376862541999913e+02,-2.290522987999739912e-01
9.529999999999999361e+00,3.514327744393887620e+00,9.879338191840323802e+00,6.365010447446437070e+00,4.766401583289999735e+02,2.366244176881999977e+02,-2.148933707999640119e-01
9.539999999999999147e+00,3.523538832763969175e+00,9.891456341304433408e+00,6.367917508540465121e+00,4.771418238750000000e+02,2.366270448431999966e+02,-2.067909877999840051e-01
9.549999999999998934e+00,3.517577951504253786e+00,9.893995032157771874e+00,6.376417080653519420e+00,4.776296600289999787e+02,2.366438359711999908e+02,-2.187417827999839914e-01
9.560000000000000497e+00,3.491197122163686828e+00,9.869643497381863639e+00,6.378446375218177700e+00,4.781164684010000201e+02,2.366435408451999933e+02,-2.306325247999840011e-01
9.570000000000000284e+00,3.478387840403743603e+00,9.861596960100936116e+00,6.383209119697191625e+00,4.786117440090000059e+02,2.366177400642000066e+02,-2.274312997999989872e-01
9.580000000000000071e+00,3.477428087860340522e+00,9.862285510678036715e+00,6.384857422817697525e+00,4.791192016169999874e+02,2.366066397822000056e+02,-2.292792618000069893e-01
9.589999999999999858e+00,3.506814947861818244e+00,9.874658925415502608e+00,6.367843977553683921e+00,4.796329396070000257e+02,2.366258936122000023e+02,-2.462330158000040070e-01
9.599999999999999645e+00,3.509380011304826130e+00,9.882199886951735124e+00,6.372819875646909438e+00,4.801348084410000183e+02,2.366425090541999907e+02,-2.511800237999989860e-01
9.609999999999999432e+00,3.508999999999999897e+00,9.877872004294232511e+00,6.368872004294233058e+00,4.806520202429999813e+02,2.366359969302000081e+02,-2.460419578000030139e-01
9.619999999999999218e+00,3.509612297991168806e+00,9.861952900154525636e+00,6.352340602163356387e+00,4.811644668349999847e+02,2.366252275072000089e+02,-2.348898927999789887e-01
9.629999999999999005e+00,3.517828894520125260e+00,9.861320854267683345e+00,6.343491959747557196e+00,4.816543217770000069e+02,2.366241932101999907e+02,-2.217771868000019964e-01
9.640000000000000568e+00,3.517178591437181812e+00,9.856549469018938581e+00,6.339370877581755437e+00,4.821493720990000043e+02,2.366374286671999982e+02,-2.227137607999790103e-01
9.650000000000000355e+00,3.504657139751451655e+00,9.846371426691668205e+00,6.341714286940216105e+00,4.826495538789999955e+02,2.366309565121999867e+02,-2.145796047999979916e-01
9.660000000000000142e+00,3.478945617585817551e+00,9.830809189591416697e+00,6.351863572005599146e+00,4.831364971770000238e+02,2.366107428672000026e+02,-1.963998477999679970e-01
9.669999999999999929e+00,3.477665333161389150e+00,9.827428285677441977e+00,6.349762952516051939e+00,4.836296090810000123e+02,2.366228447901999914e+02,-2.033328927999729918e-01
9.679999999999999716e+00,3.488782892946585612e+00,9.830664472896497585e+00,6.341881579949911973e+00,4.841239226469999721e+02,2.366489919992000068e+02,-2.233153078000119918e-01
9.689999999999999503e+00,3.504725842055836260e+00,9.837679370504568865e+00,6.332953528448731717e+00,4.846181736230000183e+02,2.366411406741999883e+02,-2.261776767999980065e-01
9.699999999999999289e+00,3.509999999999999787e+00,9.828174707624816264e+00,6.318174707624817366e+00,4.851220919429999867e+02,2.366218536762000042e+02,-2.199974907999699969e-01
9.709999999999999076e+00,3.504940034298012375e+00,9.807604665512478448e+00,6.302664631214467406e+00,4.856306347749999759e+02,2.366268342241999960e+02,-2.239019587999890037e-01
9.720000000000000639e+00,3.485391494544570534e+00,9.779033722795910322e+00,6.293642228251340676e+00,4.861301089849999926e+02,2.366503066042000114e+02,-2.338737237999800045e-01
9.730000000000000426e+00,3.500534768764920202e+00,9.767740529491645063e+00,6.267205760726723973e+00,4.866416462729999921e+02,2.366554687331999958e+02,-2.347781468000129934e-01
9.740000000000000213e+00,3.522340343085874625e+00,9.775314162848498967e+00,6.252973819762624785e+00,4.871504406909999716e+02,2.366384916901999986e+02,-2.206049738000029903e-01
9.750000000000000000e+00,3.547479534324406103e+00,9.798519570145604263e+00,6.251040035821199936e+00,4.876500213069999745e+02,2.366250021842000137e+02,-2.044461417999829944e-01
9.759999999999999787e+00,3.574802656628622177e+00,9.798999999999999488e+00,6.224197343371378643e+00,4.881415893390000065e+02,2.366290525571999979e+02,-1.973510327999790093e-01
9.769999999999999574e+00,3.580129180581699710e+00,9.789664262781590409e+00,6.209535082199892031e+00,4.886392624989999831e+02,2.366314340762000086e+02,-1.942487037999920119e-01
9.779999999999999361e+00,3.573788931180778228e+00,9.775332442847034287e+00,6.201543511666255171e+00,4.891433816649999926e+02,2.366261741732000132e+02,-1.901179747999739988e-01
9.789999999999999147e+00,3.582654614517213343e+00,9.767830710793127480e+00,6.185176096275913693e+00,4.896341799809999884e+02,2.366261634912000034e+02,-1.860087288000109862e-01
9.799999999999998934e+00,3.591518830025270503e+00,9.770518830025270773e+00,6.179000000000000270e+00,4.901248970390000181e+02,2.366451258801999984e+02,-1.969665367999779981e-01
9.810000000000000497e+00,3.597524691035664635e+00,9.774935896766379528e+00,6.177411205730716226e+00,4.906207217389999755e+02,2.366623483042000089e+02,-2.159171217999829862e-01
9.820000000000000284e+00,3.588516285061990274e+00,9.756226130513365291e+00,6.167709845451374129e+00,4.911194210849999990e+02,2.366467556711999976e+02,-2.137511567999740014e-01
9.830000000000000071e+00,3.579871259282676910e+00,9.739763975351573677e+00,6.159892716068897656e+00,4.916262775289999922e+02,2.366286380381999948e+02,-2.075744428000020070e-01
9.839999999999999858e+00,3.576607378711211815e+00,9.728130873762928843e+00,6.151523495051717916e+00,4.921347635849999733e+02,2.366346134261999907e+02,-2.124824397999970083e-01
9.849999999999999645e+00,3.584814884136420243e+00,9.725395038621192256e+00,6.140580154484773345e+00,4.926269891129999792e+02,2.366446933661999878e+02,-2.104084897999879966e-01
9.859999999999999432e+00,3.563684903343527388e+00,9.702684903343527623e+00,6.139000000000000234e+00,4.931321050990000003e+02,2.366395151581999983e+02,-1.992777817999649981e-01
9.869999999999999218e+00,3.552178309163416259e+00,9.691467246360090826e+00,6.139288937196674567e+00,4.936416701210000042e+02,2.366265850581999928e+02,-1.861187217999870080e-01
9.879999999999999005e+00,3.559160777982230073e+00,9.699084485071523432e+00,6.139923707089293359e+00,4.941336362509999844e+02,2.366236609672000100e+02,-1.749988917999630023e-01
9.890000000000000568e+00,3.584798578194200669e+00,9.716967448238138516e+00,6.132168870043936515e+00,4.946262917270000230e+02,2.366437568901999953e+02,-1.799602287999589878e-01
9.900000000000000355e+00,3.602722626248016535e+00,9.734718694611723677e+00,6.131996068363706698e+00,4.951185190310000053e+02,2.366538086061999877e+02,-1.858862307999880059e-01
9.910000000000000142e+00,3.609989326761148920e+00,9.749572407475870506e+00,6.139583080714722030e+00,4.956047240190000025e+02,2.366465314092000085e+02,-1.797523567999589900e-01
9.919999999999999929e+00,3.592244470258114220e+00,9.742064968186125995e+00,6.149820497928010887e+00,4.960958957290000058e+02,2.366575280222000117e+02,-1.846819208000110013e-01
9.929999999999999716e+00,3.579912462179523747e+00,9.738576038514960231e+00,6.158663576335436929e+00,4.966015331749999859e+02,2.366783155402000034e+02,-2.036429007999600027e-01
9.939999999999999503e+00,3.569940905345509119e+00,9.733283895740992619e+00,6.163342990395483945e+00,4.971078225250000173e+02,2.366701357231999907e+02,-2.105014587999639863e-01
9.949999999999999289e+00,3.552817321973790854e+00,9.706885038042928571e+00,6.154067716069136829e+00,4.976212955249999936e+02,2.366413886201999901e+02,-2.012857518000059909e-01
9.959999999999999076e+00,3.555055115329528448e+00,9.714211160718971172e+00,6.159156045389442724e+00,4.981319168069999819e+02,2.366275030392000076e+02,-1.921231117999930016e-01
9.970000000000000639e+00,3.565993389475870856e+00,9.724520528841930300e+00,6.158527139366059444e+00,4.986279650590000188e+02,2.366408025512000108e+02,-1.910596767999589995e-01
9.980000000000000426e+00,3.583229090069386835e+00,9.723141672794449519e+00,6.139912582725061796e+00,4.991241266409999753e+02,2.366521159112000134e+02,-1.869891897999970132e-01
9.990000000000000213e+00,3.584999999999999964e+00,9.716130590103576381e+00,6.131130590103576417e+00,4.996245344150000278e+02,2.366416820361999953e+02,-1.698409478000000028e-01
1.000000000000000000e+01,3.584999999999999964e+00,9.707946415953763619e+00,6.122946415953764543e+00,5.001191806030000180e+02,2.366269021111999962e+02,-1.556786737999910075e-01
1.000999999999999979e+01,3.584999999999999964e+00,9.699135877537530703e+00,6.114135877537530739e+00,5.006069261330000018e+02,2.366277293841999949e+02,-1.485730437999860098e-01
1.001999999999999957e+01,3.593695353902595091e+00,9.706453160487939158e+00,6.112757806585343623e+00,5.010958172150000109e+02,2.366435861992000014e+02,-1.585202947999770073e-01
1.002999999999999936e+01,3.598694638797615308e+00,9.715275056833384326e+00,6.116580418035768574e+00,5.016092385869999930e+02,2.366508378942000093e+02,-1.654317097999820074e-01
1.003999999999999915e+01,3.598054880925711796e+00,9.725050659316041290e+00,6.126995778390329939e+00,5.021121883850000245e+02,2.366485160962000123e+02,-1.613116067999630088e-01
1.004999999999999893e+01,3.607016455735422511e+00,9.733322882217313676e+00,6.126306426481891165e+00,5.026082951889999890e+02,2.366607925442000067e+02,-1.672445947999909865e-01
1.006000000000000050e+01,3.626600549231761672e+00,9.752600549231761562e+00,6.126000000000000334e+00,5.031167002089999869e+02,2.366857374751999998e+02,-1.882196398000069992e-01
1.007000000000000028e+01,3.645851660582743570e+00,9.774723587871612551e+00,6.128871927288869870e+00,5.036250426390000143e+02,2.366766838721999875e+02,-1.920746387999689997e-01
1.008000000000000007e+01,3.618653527644811074e+00,9.766354931583018484e+00,6.147701403938207854e+00,5.041269328050000240e+02,2.366402853731999869e+02,-1.768344747999819888e-01
1.008999999999999986e+01,3.605076598058986725e+00,9.751165962461136871e+00,6.146089364402151034e+00,5.046234060790000058e+02,2.366285933821999947e+02,-1.686827278000009867e-01
1.009999999999999964e+01,3.604923345734130979e+00,9.745733256930670052e+00,6.140809911196540405e+00,5.051062483649999990e+02,2.366451312671999858e+02,-1.716336817999870035e-01
1.010999999999999943e+01,3.629363169913056186e+00,9.777640805164267590e+00,6.148277635251211848e+00,5.055948217189999809e+02,2.366490035872000135e+02,-1.665386237999920138e-01
1.011999999999999922e+01,3.607345066756941332e+00,9.757898165421803327e+00,6.150553098664861551e+00,5.061055561090000197e+02,2.366331353822000096e+02,-1.533689377999579995e-01
1.012999999999999901e+01,3.573158960375320436e+00,9.724855492117949751e+00,6.151696531742627982e+00,5.065942694949999918e+02,2.366170080391999875e+02,-1.412032428000150053e-01
1.014000000000000057e+01,3.538663033817755377e+00,9.692388737710828650e+00,6.153725703893073273e+00,5.070810485009999979e+02,2.366347687601999894e+02,-1.451576417999760060e-01
1.015000000000000036e+01,3.549324660776281171e+00,9.701485701483127500e+00,6.152161040706846329e+00,5.075879982750000181e+02,2.366676577482000141e+02,-1.621610117999719991e-01
1.016000000000000014e+01,3.559000000000000163e+00,9.706452788652764951e+00,6.147452788652764788e+00,5.080985959629999797e+02,2.366717362862000016e+02,-1.710618727999859978e-01
1.016999999999999993e+01,3.559388548950585207e+00,9.699333041957643786e+00,6.139944493007059023e+00,5.086061655689999839e+02,2.366586710201999892e+02,-1.639028187999820030e-01
1.017999999999999972e+01,3.569084967540771203e+00,9.707644257892090067e+00,6.138559290351317976e+00,5.091046108869999784e+02,2.366650747861999946e+02,-1.688145607999770037e-01
1.018999999999999950e+01,3.596729066406162190e+00,9.735482370101596672e+00,6.138753303695433594e+00,5.095977802329999804e+02,2.366761712852000130e+02,-1.777440587999919996e-01
1.019999999999999929e+01,3.636818829305371814e+00,9.777211867371949694e+00,6.140393038066577880e+00,5.101044656830000008e+02,2.366610487561999889e+02,-1.715779497999629921e-01
1.020999999999999908e+01,3.654382340860006018e+00,9.803205864472809949e+00,6.148823523612803044e+00,5.106100639109999975e+02,2.366298771492000128e+02,-1.543553887999669916e-01
1.022000000000000064e+01,3.649527245255061114e+00,9.801527245255060805e+00,6.152000000000000135e+00,5.111054250369999750e+02,2.366201213671999994e+02,-1.472107267999619995e-01
1.023000000000000043e+01,3.631141329167964837e+00,9.785196920673826071e+00,6.154055591505860789e+00,5.115993638769999734e+02,2.366352824491999911e+02,-1.521543677999580013e-01
1.024000000000000021e+01,3.613265671016704150e+00,9.774884040971175025e+00,6.161618369954471319e+00,5.120941561329999558e+02,2.366354927072000010e+02,-1.500450258000060044e-01
1.025000000000000000e+01,3.602535299017138648e+00,9.766109506785049632e+00,6.163574207767912760e+00,5.125977896849999524e+02,2.366211940212000115e+02,-1.448825088000099959e-01
1.025999999999999979e+01,3.583643502978719919e+00,9.761261892098456627e+00,6.177618389119736264e+00,5.130926963809999961e+02,2.366194004872000107e+02,-1.447660848000089928e-01
1.026999999999999957e+01,3.548660322979285908e+00,9.761947836804328205e+00,6.213287513825041408e+00,5.135863511190000281e+02,2.366395392972000025e+02,-1.537273767999680074e-01
1.027999999999999936e+01,3.538060705949100271e+00,9.736858902172151886e+00,6.198798196223051171e+00,5.141000316670000529e+02,2.366597985511999980e+02,-1.686846778000110070e-01
1.028999999999999915e+01,3.553162182689918236e+00,9.734144684953486504e+00,6.180982502263567824e+00,5.146139642450000338e+02,2.366580931581999891e+02,-1.675643257999779867e-01
1.029999999999999893e+01,3.585583507396098213e+00,9.752069763559513049e+00,6.166486256163415725e+00,5.150982285950000232e+02,2.366497177072000113e+02,-1.574269827999869864e-01
1.031000000000000050e+01,3.593735391130690626e+00,9.767014883739598474e+00,6.173279492608909180e+00,5.155871183450000217e+02,2.366655956902000071e+02,-1.613742698000049935e-01
1.032000000000000028e+01,3.581602451359254147e+00,9.773416149963262356e+00,6.191813698604009097e+00,5.160823966589999827e+02,2.366748376751999956e+02,-1.622967037999820117e-01
1.033000000000000007e+01,3.559883250621726614e+00,9.776801985078558133e+00,6.216918734456832851e+00,5.165865979709999465e+02,2.366505905891999930e+02,-1.470988967999959929e-01
1.033999999999999986e+01,3.559175040424154890e+00,9.793799029820288382e+00,6.234623989396133936e+00,5.170962765450000234e+02,2.366356708092000076e+02,-1.319327788000090040e-01
1.034999999999999964e+01,3.565775167782748500e+00,9.810582454453676604e+00,6.244807286670927660e+00,5.175973168890000125e+02,2.366492517881999902e+02,-1.318692328000090064e-01
1.035999999999999943e+01,3.571206261390262870e+00,9.825281241864097126e+00,6.254074980473835588e+00,5.180894860849999759e+02,2.366603195122000045e+02,-1.327987997999859893e-01
1.036999999999999922e+01,3.561438315298650625e+00,9.832258346215249745e+00,6.270820030916599563e+00,5.185916082810000489e+02,2.366549491391999993e+02,-1.276681187999899880e-01
1.037999999999999901e+01,3.559000000000000163e+00,9.821710422608459723e+00,6.262710422608460448e+00,5.191014916970000286e+02,2.366539929502000064e+02,-1.325513497999850077e-01
1.039000000000000057e+01,3.553336568818599606e+00,9.807828478538416661e+00,6.254491909719815723e+00,5.195996538010000450e+02,2.366653603322000095e+02,-1.454807187999619944e-01
1.040000000000000036e+01,3.536200852755683854e+00,9.798232477543184160e+00,6.262031624787498529e+00,5.200929371429999719e+02,2.366744600952000042e+02,-1.544031467999759932e-01
1.041000000000000014e+01,3.533999999999999808e+00,9.804973758010998353e+00,6.270973758010997656e+00,5.205977146929999435e+02,2.366752156471999911e+02,-1.592935527999720102e-01
1.041999999999999993e+01,3.530241490438202234e+00,9.797699423252298701e+00,6.267457932814095578e+00,5.211029480050000302e+02,2.366679877832000045e+02,-1.631556847999910131e-01
1.042999999999999972e+01,3.521986749999605149e+00,9.773999999999999133e+00,6.252013250000395317e+00,5.215963689369999656e+02,2.366571266912000056e+02,-1.540075417999779983e-01
1.043999999999999950e+01,3.513062857002284822e+00,9.773999999999999133e+00,6.260937142997715199e+00,5.220903897010000492e+02,2.366533041181999977e+02,-1.468841107999719897e-01
1.044999999999999929e+01,3.514071291599126123e+00,9.788043576736042084e+00,6.273972285136915517e+00,5.225960500749999937e+02,2.366561381012000140e+02,-1.447816077999629913e-01
1.045999999999999908e+01,3.525224623549302105e+00,9.811612311774650763e+00,6.286387688225349102e+00,5.231173687030000110e+02,2.366478678212000091e+02,-1.366364057999820136e-01
1.047000000000000064e+01,3.544588673327003558e+00,9.821294336663502378e+00,6.276705663336498375e+00,5.236121291089999659e+02,2.366310876322000070e+02,-1.234670558000049989e-01
1.048000000000000043e+01,3.534352969716027637e+00,9.804104111914501374e+00,6.269751142198471960e+00,5.241060926530000188e+02,2.366282669551999902e+02,-1.153471657999669969e-01
1.049000000000000021e+01,3.524095174550343046e+00,9.791015751221491925e+00,6.266920576671147991e+00,5.245999738289999641e+02,2.366444369891999884e+02,-1.172943597999750037e-01
1.050000000000000000e+01,3.532397836880174502e+00,9.806929187353668809e+00,6.274531350473493418e+00,5.250979061650000403e+02,2.366598260671999867e+02,-1.222379167999709942e-01
1.050999999999999979e+01,3.548295298574909662e+00,9.823723486631912749e+00,6.275428188057003531e+00,5.256055087309999863e+02,2.366637336082000047e+02,-1.311388407999850014e-01
1.051999999999999957e+01,3.549697750762025983e+00,9.824949162903592992e+00,6.275251412141567009e+00,5.260945975089999820e+02,2.366585818082000117e+02,-1.370119018000139910e-01
1.052999999999999936e+01,3.524498341319551642e+00,9.800430818581185477e+00,6.275932477261633835e+00,5.265847405490000028e+02,2.366525062791999972e+02,-1.378814367999899870e-01
1.053999999999999915e+01,3.498244402616890181e+00,9.790295481929801369e+00,6.292051079312911632e+00,5.270953947909999897e+02,2.366555935051999882e+02,-1.447787747999960128e-01
1.054999999999999893e+01,3.493414783254649603e+00,9.795466631161481530e+00,6.302051847906831483e+00,5.276053343170000289e+02,2.366536530602000141e+02,-1.456584947999730040e-01
1.056000000000000050e+01,3.510345238513794541e+00,9.813827839085412563e+00,6.303482600571618022e+00,5.280994107469999790e+02,2.366488532872000121e+02,-1.325315647999950053e-01
1.057000000000000028e+01,3.535510435332481105e+00,9.829314114050758278e+00,6.293803678718276728e+00,5.285995081610000170e+02,2.366614035951999995e+02,-1.254645467999910002e-01
1.058000000000000007e+01,3.538143362351296783e+00,9.827522463799322594e+00,6.289379101448027143e+00,5.290995496870000352e+02,2.366749346311999886e+02,-1.234010337999800061e-01
1.058999999999999986e+01,3.526911324243883872e+00,9.815052985340791736e+00,6.288141661096908308e+00,5.296075481310000441e+02,2.366719029882000029e+02,-1.182772967999859981e-01
1.059999999999999964e+01,3.553154754363394119e+00,9.831366468928596447e+00,6.278211714565202328e+00,5.301179979749999802e+02,2.366610195671999861e+02,-1.071252737999620064e-01
1.060999999999999943e+01,3.566453587692986371e+00,9.829143609669797499e+00,6.262690021976809795e+00,5.306148437550000381e+02,2.366603489832000093e+02,-1.040123607999760003e-01
1.061999999999999922e+01,3.570210493558318099e+00,9.818635564535226123e+00,6.248425070976908913e+00,5.311057879170000433e+02,2.366753320121999877e+02,-1.109560527999789992e-01
1.062999999999999901e+01,3.561124712880711751e+00,9.801162909385983113e+00,6.240038196505272694e+00,5.316087706749999597e+02,2.366899830211999927e+02,-1.228959277999810001e-01
1.064000000000000057e+01,3.567350062498385821e+00,9.806350062498385256e+00,6.238999999999999879e+00,5.321118364669999892e+02,2.366856327351999880e+02,-1.277687007999749880e-01
1.065000000000000036e+01,3.590170307644313219e+00,9.818498857123049817e+00,6.228328549478736598e+00,5.325982712229999834e+02,2.366743338422000136e+02,-1.296206387999860044e-01
1.066000000000000014e+01,3.632979994514478950e+00,9.836166346942484040e+00,6.203186352428003758e+00,5.330873014490000514e+02,2.366702051062000010e+02,-1.284972768000089971e-01
1.066999999999999993e+01,3.635611072873251803e+00,9.836388927126748172e+00,6.200777854253495924e+00,5.335839769010000282e+02,2.366725190422000082e+02,-1.283949508000090112e-01
1.067999999999999972e+01,3.636000000000000121e+00,9.836298129747483188e+00,6.200298129747483067e+00,5.340999627810000447e+02,2.366699363351999921e+02,-1.252710337999659862e-01
1.068999999999999950e+01,3.635879357856308669e+00,9.836885879053264503e+00,6.201006521196956278e+00,5.346072447330000159e+02,2.366619052451999892e+02,-1.061297267999609939e-01
1.069999999999999929e+01,3.608392679082704557e+00,9.810884966699854104e+00,6.202492287617150879e+00,5.351007509610000170e+02,2.366670926801999997e+02,-9.203815280000769705e-02
1.070999999999999908e+01,3.615130306385713865e+00,9.801564045773359268e+00,6.186433739387645403e+00,5.356072685670000055e+02,2.366900009651999994e+02,-9.200629580000820040e-02
1.072000000000000064e+01,3.633359006439861094e+00,9.800796846649220129e+00,6.167437840209358590e+00,5.361175231570000506e+02,2.367000873512000112e+02,-9.592839679996960356e-02
1.073000000000000043e+01,3.614820812993834842e+00,9.799370831768756673e+00,6.184550018774921831e+00,5.366306541689999676e+02,2.366773304561999964e+02,-8.673389980001310062e-02
1.074000000000000021e+01,3.609999999999999876e+00,9.798999999999999488e+00,6.189000000000000057e+00,5.371332904570000437e+02,2.366629571311999882e+02,-8.657137380001270199e-02
1.075000000000000000e+01,3.614991698552965094e+00,9.803792030610846808e+00,6.188800332057881270e+00,5.376274592869999651e+02,2.366740929892000054e+02,-1.005008207999650016e-01
1.075999999999999979e+01,3.632007552956070473e+00,9.820127250837828115e+00,6.188119697881757197e+00,5.381172921889999543e+02,2.366909981151999887e+02,-1.124515737999649961e-01
1.076999999999999957e+01,3.657086697436381151e+00,9.844505468556475236e+00,6.187418771120094974e+00,5.386217290829999911e+02,2.366977227072000005e+02,-1.233631537999899941e-01
1.077999999999999936e+01,3.666320839187232394e+00,9.856794002809872168e+00,6.190473163622639774e+00,5.391153786730000093e+02,2.366828575591999879e+02,-1.172008527999619937e-01
1.078999999999999915e+01,3.649323037608354081e+00,9.848635058052011004e+00,6.199312020443656479e+00,5.396046918910000159e+02,2.366737687352000137e+02,-1.070598697999699950e-01
1.079999999999999893e+01,3.648000000000000131e+00,9.833788397641900048e+00,6.185788397641898584e+00,5.401076726510000299e+02,2.366884514962000026e+02,-1.099997988000129961e-01
1.081000000000000050e+01,3.652096263757130146e+00,9.834533882827354745e+00,6.182437619070224599e+00,5.406081129409999448e+02,2.366949974842000017e+02,-1.069115467999700031e-01
1.082000000000000028e+01,3.659626994307777270e+00,9.851373005692224183e+00,6.191746011384445580e+00,5.411065244110000094e+02,2.366844425552000075e+02,-9.176333479998470544e-02
1.083000000000000007e+01,3.651998854180696252e+00,9.859001145819304313e+00,6.207002291638607616e+00,5.416055929330000254e+02,2.366799242492000133e+02,-7.963629379998299340e-02
1.083999999999999986e+01,3.628024879833515737e+00,9.836410353396889406e+00,6.208385473563373225e+00,5.421036958189999950e+02,2.366923252791999914e+02,-8.256925779997019432e-02
1.084999999999999964e+01,3.597362267095582933e+00,9.800748041091628338e+00,6.203385773996044961e+00,5.426121270969999841e+02,2.366992637552000076e+02,-9.748072980001369625e-02
1.085999999999999943e+01,3.588236392148768328e+00,9.799344060330579254e+00,6.211107668181811370e+00,5.431173294469999746e+02,2.366750313322000068e+02,-9.428282979996970015e-02
1.086999999999999922e+01,3.611004730041409427e+00,9.824515030654499270e+00,6.213510300613090287e+00,5.436083833449999929e+02,2.366529995552000116e+02,-9.009583480000840638e-02
1.087999999999999901e+01,3.634999999999999787e+00,9.846426641980908556e+00,6.211426641980907881e+00,5.441032653370000389e+02,2.366691877801999908e+02,-1.030429417999849939e-01
1.089000000000000057e+01,3.634999999999999787e+00,9.837411430181013827e+00,6.202411430181014040e+00,5.446023414490000505e+02,2.366996346242000016e+02,-1.170394277999940030e-01
1.090000000000000036e+01,3.642062035962501998e+00,9.836000000000000298e+00,6.193937964037497856e+00,5.451014999290000560e+02,2.367110907571999974e+02,-1.209688298000139994e-01
1.091000000000000014e+01,3.658484517036606043e+00,9.846274826695873728e+00,6.187790309659267685e+00,5.455948077530000546e+02,2.367022122891999913e+02,-1.158277327999610029e-01
1.091999999999999993e+01,3.695684564534687411e+00,9.882730873243993130e+00,6.187046308709306608e+00,5.460890565089999882e+02,2.366943962441999929e+02,-1.086901618000129938e-01
1.092999999999999972e+01,3.681593200050035541e+00,9.878437280020014200e+00,6.196844079969978658e+00,5.465921200809999618e+02,2.366900812382000083e+02,-1.035629947999610057e-01
1.093999999999999950e+01,3.653740051776706910e+00,9.860649450343428768e+00,6.206909398566721414e+00,5.471112722990000066e+02,2.366846708962000037e+02,-1.014284038000090038e-01
1.094999999999999929e+01,3.623084764030346960e+00,9.839086084673743571e+00,6.216001320643397499e+00,5.476192144110000299e+02,2.366826270372000067e+02,-9.930818379999920009e-02
1.095999999999999908e+01,3.631935485698074562e+00,9.856106703265528068e+00,6.224171217567453951e+00,5.481091844589999482e+02,2.366795783642000117e+02,-9.118837779996109838e-02
1.097000000000000064e+01,3.640482519408806628e+00,9.876760629177555373e+00,6.236278109768749189e+00,5.486056893610000316e+02,2.366848803482000108e+02,-9.309664479996999920e-02
1.098000000000000043e+01,3.646866255515217592e+00,9.894906933258862836e+00,6.248040677743645688e+00,5.491166279269999677e+02,2.366829863181999940e+02,-9.697632579998939628e-02
1.099000000000000021e+01,3.637752715724248187e+00,9.878081936721688550e+00,6.240329220997440807e+00,5.496211474110000381e+02,2.366707166712000117e+02,-9.882081579999839327e-02
1.100000000000000000e+01,3.616741175720533885e+00,9.852819194217431686e+00,6.236078018496898245e+00,5.501193346630000178e+02,2.366640952381999909e+02,-1.006866418000089969e-01
1.100999999999999979e+01,3.599099252835230356e+00,9.834552581721158759e+00,6.235453328885928848e+00,5.506094204830000081e+02,2.366590216051999960e+02,-1.005597178000089964e-01
1.101999999999999957e+01,3.608055116340581403e+00,9.849708658422521523e+00,6.241653542081941453e+00,5.511052111129999957e+02,2.366592888621999862e+02,-9.845035479999840466e-02
1.102999999999999936e+01,3.637688733029206478e+00,9.870167014478107959e+00,6.232478281448901924e+00,5.516114143209999838e+02,2.366701597322000055e+02,-9.837609879999829887e-02
1.103999999999999915e+01,3.660000000000000142e+00,9.886651447122815739e+00,6.226651447122815597e+00,5.521086887169999500e+02,2.366795262992000062e+02,-9.629850879998949620e-02
1.104999999999999893e+01,3.660237792199856788e+00,9.894142675319914204e+00,6.233904883120056972e+00,5.526037071890000334e+02,2.366757713092000017e+02,-8.617507479999800268e-02
1.106000000000000050e+01,3.677719156116209920e+00,9.904631493669725728e+00,6.226912337553516252e+00,5.531069406450000088e+02,2.366684788391999916e+02,-7.603733280000689321e-02
1.107000000000000028e+01,3.700003063722332897e+00,9.924397881188710357e+00,6.224394817466377461e+00,5.536225288709999859e+02,2.366728635402000123e+02,-7.893812479999419429e-02
1.108000000000000007e+01,3.722198981137654794e+00,9.945596943412965629e+00,6.223397962275309503e+00,5.541396030829999972e+02,2.366863122711999949e+02,-9.187062979997059897e-02
1.108999999999999986e+01,3.713923476605025087e+00,9.920770429815076952e+00,6.206846953210050089e+00,5.546359066950000170e+02,2.366775942161999922e+02,-8.972945179996019704e-02
1.109999999999999964e+01,3.699784263436718401e+00,9.895607769638282036e+00,6.195823506201562303e+00,5.551216830670000490e+02,2.366602798682000071e+02,-8.256025480001180639e-02
1.110999999999999943e+01,3.685000000000000053e+00,9.873750304126069466e+00,6.188750304126068080e+00,5.556207560289999492e+02,2.366556910022000011e+02,-9.043309379999339703e-02
1.111999999999999922e+01,3.685000000000000053e+00,9.872331010819475949e+00,6.187331010819475452e+00,5.561314683790000117e+02,2.366577622201999986e+02,-1.023268667999940040e-01
1.112999999999999901e+01,3.685000000000000053e+00,9.866265203549556162e+00,6.181265203549555665e+00,5.566257750209999813e+02,2.366489336951999860e+02,-9.918573680000850046e-02
1.114000000000000057e+01,3.680088431784473535e+00,9.858053059070684299e+00,6.177964627286210764e+00,5.571116377990000501e+02,2.366476502342000003e+02,-9.207307880000359379e-02
1.115000000000000036e+01,3.662766460142623970e+00,9.847659876085574027e+00,6.184893415942950945e+00,5.576102828529999442e+02,2.366680987352000045e+02,-9.403430780001209577e-02
1.116000000000000014e+01,3.645691242807734156e+00,9.837414745684640138e+00,6.191723502876905982e+00,5.581018246270000418e+02,2.366901555631999940e+02,-9.300277179997949728e-02
1.116999999999999993e+01,3.640992061912784017e+00,9.840237762115542353e+00,6.199245700202758336e+00,5.586030931850000343e+02,2.366997395422000068e+02,-9.392507980001339740e-02
1.117999999999999972e+01,3.656329939879582991e+00,9.863883657314357123e+00,6.207553717434773688e+00,5.590983984230000488e+02,2.366909644881999952e+02,-9.178392280000290115e-02
1.118999999999999950e+01,3.690534702482806573e+00,9.891496444987190273e+00,6.200961742504381924e+00,5.595953849009999885e+02,2.366702836572000024e+02,-8.460035479999790387e-02
1.119999999999999929e+01,3.705715371961177507e+00,9.897430743922354779e+00,6.191715371961177716e+00,5.601058948510000164e+02,2.366583524762000081e+02,-8.744471279998490554e-02
1.120999999999999908e+01,3.698998902867735694e+00,9.883997805735470266e+00,6.184998902867735460e+00,5.606281581849999611e+02,2.366510846431999937e+02,-9.430293479998909378e-02
1.122000000000000064e+01,3.707462420417264148e+00,9.900924840834527174e+00,6.193462420417263914e+00,5.611327340010000171e+02,2.366378272121999942e+02,-9.314390780001299830e-02
1.123000000000000043e+01,3.716135311129437291e+00,9.919554450041234261e+00,6.203419138911796971e+00,5.616279239110000390e+02,2.366310700621999956e+02,-8.500985679997530298e-02
1.124000000000000021e+01,3.718812429786013229e+00,9.932906214893007402e+00,6.214093785106992840e+00,5.621238590550000254e+02,2.366463521981999918e+02,-8.795346779995980024e-02
1.125000000000000000e+01,3.700841804739085639e+00,9.923920902369543384e+00,6.223079097630456857e+00,5.626212799630000063e+02,2.366707018921999861e+02,-9.992879779996069467e-02
1.125999999999999979e+01,3.690708997188101748e+00,9.908369493907555281e+00,6.217660496719451757e+00,5.631339298430000326e+02,2.366739207562000047e+02,-1.018261237999709967e-01
1.126999999999999957e+01,3.684807935513490840e+00,9.893311097188874470e+00,6.208503161675382742e+00,5.636408738029999768e+02,2.366718163701999913e+02,-1.007059187999950062e-01
1.127999999999999936e+01,3.684113632897892732e+00,9.883590860570492964e+00,6.199477227672600677e+00,5.641405434890000379e+02,2.366743154151999988e+02,-9.660355379997440095e-02
1.128999999999999915e+01,3.698368147402288031e+00,9.868206578493804670e+00,6.169838431091516640e+00,5.646359355770000548e+02,2.366815641921999998e+02,-9.651892379997539795e-02
1.129999999999999893e+01,3.709000000000000075e+00,9.867677686595733633e+00,6.158677686595733114e+00,5.651256789650000201e+02,2.366824878232000060e+02,-9.441322179996569641e-02
1.131000000000000050e+01,3.709017544695933921e+00,9.892543837905718007e+00,6.183526293209783198e+00,5.656189315670000042e+02,2.366745794992000071e+02,-9.727561180000829366e-02
1.132000000000000028e+01,3.709721124071259091e+00,9.874250774147261822e+00,6.164529650076002731e+00,5.661252774710000040e+02,2.366654083701999980e+02,-1.021306468000039991e-01
1.133000000000000007e+01,3.705288836479598391e+00,9.868570387840135183e+00,6.163281551360535460e+00,5.666302511630000254e+02,2.366451800032000108e+02,-9.594690479997509958e-02
1.133999999999999986e+01,3.699286518576113014e+00,9.872643884847256857e+00,6.173357366271142510e+00,5.671267257690000179e+02,2.366334668442000009e+02,-9.379512179996560284e-02
1.134999999999999964e+01,3.724730986162397617e+00,9.905156260096397602e+00,6.180425273933999541e+00,5.676353828190000286e+02,2.366364471281999897e+02,-9.869251379996170359e-02
1.135999999999999943e+01,3.728832722116869558e+00,9.917861212980522367e+00,6.189028490863652365e+00,5.681305736169999818e+02,2.366296758661999888e+02,-9.455843879999850654e-02
1.136999999999999922e+01,3.727134957852677566e+00,9.920843318203525385e+00,6.193708360350847819e+00,5.686278168290000394e+02,2.366220414022000114e+02,-8.442082280000720584e-02
1.137999999999999901e+01,3.757232989648324306e+00,9.931647739873756819e+00,6.174414750225433401e+00,5.691404958949999582e+02,2.366422930491999921e+02,-8.537822879998349657e-02
1.139000000000000057e+01,3.774931202794209906e+00,9.953593951956658969e+00,6.178662749162447732e+00,5.696405699370000093e+02,2.366728039481999986e+02,-9.737470579998540321e-02
1.140000000000000036e+01,3.777568489763625692e+00,9.960300510170444710e+00,6.182732020406818130e+00,5.701320255269999961e+02,2.366788263612000094e+02,-9.728662479998409496e-02
1.141000000000000014e+01,3.762254495342228111e+00,9.944348432648155267e+00,6.182093937305926268e+00,5.706265594950000377e+02,2.366660149482000008e+02,-9.113137280001329388e-02
1.141999999999999993e+01,3.737685147787126905e+00,9.942587232952970311e+00,6.204902085165843850e+00,5.711219785069999944e+02,2.366552466862000017e+02,-8.798315179996969715e-02
1.142999999999999972e+01,3.721721393965949698e+00,9.945786060340502388e+00,6.224064666374552246e+00,5.716195398910000449e+02,2.366595896611999876e+02,-9.488783279997510534e-02
1.143999999999999950e+01,3.721012143929816052e+00,9.952878560701842403e+00,6.231866416772026795e+00,5.721299668069999598e+02,2.366666597752000030e+02,-1.047992927999659984e-01
1.144999999999999929e+01,3.705018661663645574e+00,9.944661910433206131e+00,6.239643248769560557e+00,5.726387634449999950e+02,2.366496474522000142e+02,-1.006260598000029982e-01
1.145999999999999908e+01,3.707322200037248550e+00,9.945661100018623912e+00,6.238338899981376251e+00,5.731379161109999814e+02,2.366261102112000003e+02,-8.643188679999409818e-02
1.147000000000000064e+01,3.718445914394546747e+00,9.950904000796782611e+00,6.232458086402236752e+00,5.736436330389999512e+02,2.366279528821999918e+02,-8.232586079997490647e-02
1.148000000000000043e+01,3.691799236764169212e+00,9.935189293476303973e+00,6.243390056712135205e+00,5.741353471390000323e+02,2.366469934382000133e+02,-8.728368379997039628e-02
1.149000000000000021e+01,3.671392909516241421e+00,9.929535716380650356e+00,6.258142806864407603e+00,5.746318520410000019e+02,2.366522954222000124e+02,-8.919195079997939424e-02
1.150000000000000000e+01,3.669540158064856339e+00,9.938110651103833959e+00,6.268570493038977176e+00,5.751266696669999874e+02,2.366345133371999907e+02,-7.701905979997959728e-02
1.150999999999999979e+01,3.720954644689637103e+00,9.978701035281293485e+00,6.257746390591655050e+00,5.756135319290000325e+02,2.366332692352000038e+02,-7.490635079997000345e-02
1.151999999999999957e+01,3.740739978201230720e+00,9.995739978201230613e+00,6.254999999999999893e+00,5.761101837869999827e+02,2.366535472902000095e+02,-9.286752579999819901e-02
1.152999999999999936e+01,3.738753145540039124e+00,9.994176061153371649e+00,6.255422915613331192e+00,5.766089145390000112e+02,2.366549521601999970e+02,-9.976158080000309403e-02
1.153999999999999915e+01,3.711763594342101680e+00,9.968570589504045287e+00,6.256806995161943163e+00,5.771069557230000555e+02,2.366333405441999957e+02,-8.957447480001309859e-02
1.154999999999999893e+01,3.713501338876011637e+00,9.965458444906333924e+00,6.251957106030322286e+00,5.776078522190000513e+02,2.366318960602000061e+02,-8.745793680000280013e-02
1.156000000000000050e+01,3.719949719012670464e+00,9.965947623971530334e+00,6.245997904958861646e+00,5.781190221489999885e+02,2.366610407402000078e+02,-9.844711879996999315e-02
1.157000000000000028e+01,3.703418601027440804e+00,9.948727709403584640e+00,6.245309108376143392e+00,5.786147293010000112e+02,2.366803163481999945e+02,-1.014048698000129950e-01
1.158000000000000007e+01,3.687173974023006728e+00,9.927937481554049981e+00,6.240763507531043253e+00,5.791108033670000168e+02,2.366756164612000077e+02,-9.227787379999860540e-02
1.158999999999999986e+01,3.671005658991354004e+00,9.904008375307203238e+00,6.233002716315849234e+00,5.796120409630000267e+02,2.366681958812000062e+02,-8.614014979996979793e-02
1.159999999999999964e+01,3.687879973044181803e+00,9.920176640834007742e+00,6.232296667789825939e+00,5.801183844250000448e+02,2.366590635601999963e+02,-7.999525079999790511e-02
1.160999999999999943e+01,3.705757549293808406e+00,9.932577988522716339e+00,6.226820439228907489e+00,5.806186247570000205e+02,2.366515683412000044e+02,-7.885751779996449939e-02
1.161999999999999922e+01,3.720412213599137985e+00,9.940788295146552045e+00,6.220376081547414060e+00,5.811277380129999983e+02,2.366465581532000044e+02,-8.472662379999429394e-02
1.162999999999999901e+01,3.710136167418867981e+00,9.939418155655848963e+00,6.229281988236981427e+00,5.816207630669999844e+02,2.366426362452000092e+02,-8.960314179998929429e-02
1.164000000000000057e+01,3.695310310198329784e+00,9.921699259093527345e+00,6.226388948895198006e+00,5.821077397689999771e+02,2.366393883512000116e+02,-8.948335079998949448e-02
1.165000000000000036e+01,3.689928187375531632e+00,9.909611059880509387e+00,6.219682872504978199e+00,5.826050154969999539e+02,2.366487337501999946e+02,-9.340572480000790268e-02
1.166000000000000014e+01,3.724514801711510170e+00,9.942814209643049850e+00,6.218299407931539236e+00,5.831028353909999851e+02,2.366660948681999912e+02,-1.053563098000079995e-01
1.166999999999999993e+01,3.753720195586288444e+00,9.971720195586287971e+00,6.217999999999999972e+00,5.836113782229999742e+02,2.366710754162000114e+02,-1.092607777999709956e-01
1.167999999999999972e+01,3.758117498105004728e+00,9.976375148142905047e+00,6.218257650037900319e+00,5.841156677169999512e+02,2.366628309932000036e+02,-1.021194617999670040e-01
1.168999999999999950e+01,3.723501586228393556e+00,9.942451554503826117e+00,6.218949968275432560e+00,5.846139093030000140e+02,2.366552535282000065e+02,-9.198182479997550620e-02
1.169999999999999929e+01,3.713224510213029905e+00,9.923801062943811147e+00,6.210576552730782574e+00,5.851162321230000316e+02,2.366639137781999978e+02,-8.790060680001329785e-02
1.170999999999999908e+01,3.713163262835463385e+00,9.915346938569621571e+00,6.202183675734159074e+00,5.856192687709999518e+02,2.366776158112000132e+02,-8.583703080000260055e-02
1.172000000000000064e+01,3.720018480402417893e+00,9.913997700020932058e+00,6.193979219618515053e+00,5.861283804729999929e+02,2.366726303192000103e+02,-8.470617879997080490e-02
1.173000000000000043e+01,3.707272806202229098e+00,9.887996524652548302e+00,6.180723718450318316e+00,5.866364067289999866e+02,2.366515675251999937e+02,-8.051882680000789494e-02
1.174000000000000021e+01,3.693125514123531961e+00,9.861406892654414946e+00,6.168281378530882542e+00,5.871374434790000123e+02,2.366301198502000034e+02,-7.233164579996889665e-02
1.175000000000000000e+01,3.666009705757418136e+00,9.827512132196771333e+00,6.161502426439354529e+00,5.876253052250000337e+02,2.366289151071999868e+02,-7.521888580001180602e-02
1.175999999999999979e+01,3.662699548564931185e+00,9.832227410595537620e+00,6.169527862030606435e+00,5.881232970009999690e+02,2.366432670092000023e+02,-9.115884179997560399e-02
1.176999999999999957e+01,3.672589728079472149e+00,9.856395266832235436e+00,6.183805538752761954e+00,5.886250224310000476e+02,2.366448499322000032e+02,-9.605284579997090677e-02
1.177999999999999936e+01,3.680766263000358141e+00,9.873429714584078809e+00,6.192663451583722001e+00,5.891153905769999710e+02,2.366348267952000128e+02,-8.390831879997040499e-02
1.178999999999999915e+01,3.674799783336932357e+00,9.861599566673865169e+00,6.186799783336932812e+00,5.896211967970000387e+02,2.366526544891999890e+02,-9.285875379998509427e-02
1.179999999999999893e+01,3.669999999999999929e+00,9.852277978473511055e+00,6.182277978473510238e+00,5.901244941749999953e+02,2.366793393851999951e+02,-1.058410217999620068e-01
1.181000000000000050e+01,3.669999999999999929e+00,9.852915620317020284e+00,6.182915620317021244e+00,5.906186861549999776e+02,2.366725181802000009e+02,-9.970697979998900673e-02
1.182000000000000028e+01,3.700397317004831432e+00,9.883397317004831706e+00,6.182999999999999829e+00,5.911216045469999472e+02,2.366531988792000050e+02,-8.652685680001299950e-02
1.183000000000000007e+01,3.725927538468247313e+00,9.908690436929516565e+00,6.182762898461270140e+00,5.916268926369999690e+02,2.366450079271999982e+02,-8.038551379998350177e-02
1.183999999999999986e+01,3.739174473194303072e+00,9.921407494266530236e+00,6.182233021072228496e+00,5.921255648369999562e+02,2.366474358611999946e+02,-8.028314579998410694e-02
1.184999999999999964e+01,3.725463224982315857e+00,9.907072489481961952e+00,6.181609264499646983e+00,5.926260641229999919e+02,2.366529517291999980e+02,-8.619130480001220562e-02
1.185999999999999943e+01,3.694999999999999840e+00,9.877332236750854477e+00,6.182332236750855081e+00,5.931382860530000016e+02,2.366461228581999876e+02,-9.005328979997599681e-02
1.186999999999999922e+01,3.694999999999999840e+00,9.886397842835673799e+00,6.191397842835674403e+00,5.936401519590000362e+02,2.366276990622000085e+02,-8.987664479997579947e-02
1.187999999999999901e+01,3.694514385857774474e+00,9.882687016151070480e+00,6.188172630293295562e+00,5.941336882189999642e+02,2.366148200661999965e+02,-8.672139579998940084e-02
1.189000000000000057e+01,3.689940119520981998e+00,9.873726466931749712e+00,6.183786347410768158e+00,5.946297382469999775e+02,2.366280913541999951e+02,-9.365791279999480246e-02
1.190000000000000036e+01,3.673927108602988323e+00,9.864759180817673112e+00,6.190832072214685233e+00,5.951261612250000326e+02,2.366523769931999936e+02,-1.076332518000040067e-01
1.191000000000000014e+01,3.675330666130023793e+00,9.868817640447717920e+00,6.193486974317694127e+00,5.956293690889999652e+02,2.366630803941999943e+02,-1.065590647999720003e-01
1.191999999999999993e+01,3.686246496580182441e+00,9.882284814938669726e+00,6.196038318358487729e+00,5.961208222369999703e+02,2.366691416152000045e+02,-9.547104980000320484e-02
1.192999999999999972e+01,3.703294944611878581e+00,9.907516518025580865e+00,6.204221573413701840e+00,5.966115934069999867e+02,2.366871515002000024e+02,-9.342540079999450686e-02
1.193999999999999950e+01,3.699408922126684818e+00,9.911373340455718051e+00,6.211964418329033677e+00,5.971084703709999530e+02,2.367034819472000038e+02,-9.837251379998930567e-02
1.194999999999999929e+01,3.693000000000000060e+00,9.912754757648050585e+00,6.219754757648050081e+00,5.976181507210000063e+02,2.366885339432000137e+02,-9.120634779998469666e-02
1.195999999999999908e+01,3.693000000000000060e+00,9.920375015610348512e+00,6.227375015610349784e+00,5.981167035549999582e+02,2.366579581832000088e+02,-7.498746279996459929e-02
1.197000000000000064e+01,3.702811611966891903e+00,9.923102488278619404e+00,6.220290876311727502e+00,5.986231623449999688e+02,2.366468079581999859e+02,-7.483545779996469971e-02
1.198000000000000043e+01,3.716657072661528449e+00,9.938485608992293052e+00,6.221828536330764159e+00,5.991337602549999701e+02,2.366508829681999941e+02,-8.473631280001199528e-02
1.199000000000000021e+01,3.730999999999999872e+00,9.960716450560804347e+00,6.229716450560802699e+00,5.996365978329999962e+02,2.366505296821999877e+02,-8.862323179997440292e-02
1.200000000000000000e+01,3.730999999999999872e+00,9.969982032284821827e+00,6.238982032284820178e+00,6.001495342570000275e+02,2.366487320102000069e+02,-9.750284079998909614e-02
1.200999999999999979e+01,3.724982735226088248e+00,9.967484173957247506e+00,6.242501438731159702e+00,6.006497187009999834e+02,2.366422175191999884e+02,-1.013686128000090003e-01
1.201999999999999957e+01,3.721875201665857169e+00,9.959124798334142881e+00,6.237249596668285712e+00,6.011400881790000312e+02,2.366321732142000087e+02,-9.522404979997990682e-02
1.202999999999999936e+01,3.730984140714974195e+00,9.950015859285025854e+00,6.219031718570050771e+00,6.016443529690000105e+02,2.366419105502000093e+02,-1.011462648000090031e-01
1.203999999999999915e+01,3.709612043613581100e+00,9.947232529758966990e+00,6.237620486145385890e+00,6.021572048049999921e+02,2.366591388692000066e+02,-1.100930177999659976e-01
1.204999999999999893e+01,3.690756808436378655e+00,9.940262045695131832e+00,6.249505237258752288e+00,6.026551618449999523e+02,2.366565461881999965e+02,-1.019730437999849942e-01
1.206000000000000050e+01,3.682090573529031907e+00,9.924929476243670834e+00,6.242838902714639815e+00,6.031349188289999574e+02,2.366569421652000074e+02,-8.786762379997530015e-02
1.207000000000000028e+01,3.696055266879342938e+00,9.945281794981427836e+00,6.249226528102084011e+00,6.036286860090000346e+02,2.366751089352000008e+02,-8.982188779998399875e-02
1.208000000000000007e+01,3.703311036056410543e+00,9.957086955727778133e+00,6.253775919671367589e+00,6.041258475189999899e+02,2.366864545981999868e+02,-9.275133779997049577e-02
1.208999999999999986e+01,3.696863058443796035e+00,9.950101646647445008e+00,6.253238588203649861e+00,6.046315348169999879e+02,2.366712715422000031e+02,-8.758524379997560672e-02
1.209999999999999964e+01,3.714393307153164070e+00,9.951894393716758103e+00,6.237501086563595365e+00,6.051496018110000250e+02,2.366497803702000056e+02,-8.339414680001359936e-02
1.210999999999999943e+01,3.745376641989687450e+00,9.959317686613005094e+00,6.213941044623317644e+00,6.056519535529999985e+02,2.366403918292000128e+02,-8.524928379996619954e-02
1.211999999999999922e+01,3.754292350314693216e+00,9.961375157764928545e+00,6.207082807450236217e+00,6.061455212189999884e+02,2.366445103361999998e+02,-9.115405479999359739e-02
1.212999999999999901e+01,3.751241896105567797e+00,9.955282212123162111e+00,6.204040316017595202e+00,6.066407434230000035e+02,2.366547365771999978e+02,-9.607999979998889384e-02
1.214000000000000057e+01,3.742969682526143593e+00,9.949624253979084898e+00,6.206654571452942193e+00,6.071424695189999738e+02,2.366563089162000040e+02,-1.039739857999719963e-01
1.215000000000000036e+01,3.734911502683870399e+00,9.956070797852904164e+00,6.221159295169034209e+00,6.076480443750000404e+02,2.366430979001999901e+02,-1.058149197999800062e-01
1.216000000000000014e+01,3.736423903671328706e+00,9.965929757235073794e+00,6.229505853563743756e+00,6.081476842089999764e+02,2.366285747462000018e+02,-9.965249280000940124e-02
1.216999999999999993e+01,3.753102218050694106e+00,9.981325124354487599e+00,6.228222906303792605e+00,6.086448459409999714e+02,2.366399168812000084e+02,-1.035819367999710056e-01
1.217999999999999972e+01,3.727315567442890387e+00,9.962199831256596028e+00,6.234884263813706085e+00,6.091440928250000297e+02,2.366673721491999913e+02,-1.165678238000049938e-01
1.218999999999999950e+01,3.702278627646517162e+00,9.951582058530224373e+00,6.249303430883707655e+00,6.096421943789999887e+02,2.366797943471999872e+02,-1.135008237999620001e-01
1.219999999999999929e+01,3.692924132945935245e+00,9.965613800581097692e+00,6.272689667635162891e+00,6.101230630669999755e+02,2.366782611712000062e+02,-9.638833079996619868e-02
1.220999999999999908e+01,3.692621715697503859e+00,9.960782843024963640e+00,6.268161127327459781e+00,6.106179991709999513e+02,2.366934968921999882e+02,-9.633198079996649343e-02
1.222000000000000064e+01,3.676318750128517276e+00,9.948822916729666233e+00,6.272504166601148512e+00,6.111256320329999880e+02,2.367144195761999867e+02,-1.092929547999989953e-01
1.223000000000000043e+01,3.641343143270543870e+00,9.931315774240150773e+00,6.289972630969606016e+00,6.116296075730000439e+02,2.366941306822000115e+02,-1.041092278000040061e-01
1.224000000000000021e+01,3.624711393881649979e+00,9.913991035293385323e+00,6.289279641411734900e+00,6.121283322890000136e+02,2.366605457061999971e+02,-9.187971380000380106e-02
1.225000000000000000e+01,3.628004223058413302e+00,9.922006334587619492e+00,6.294002111529206189e+00,6.126295718830000396e+02,2.366530933742000116e+02,-9.474193579998950454e-02
1.225999999999999979e+01,3.647406320165838878e+00,9.946346769626471129e+00,6.298940449460633140e+00,6.131300143930000104e+02,2.366596040821999907e+02,-1.016536237999949993e-01
1.226999999999999957e+01,3.680788640259089473e+00,9.967012015398482916e+00,6.286223375139394776e+00,6.136286872590000030e+02,2.366620214321999924e+02,-1.045512377999810033e-01
1.227999999999999936e+01,3.707853434631533052e+00,9.987267879319752240e+00,6.279414444688220520e+00,6.141483264229999577e+02,2.366656287051999925e+02,-1.094483987999760044e-01
1.228999999999999915e+01,3.717008734535480308e+00,1.000416997145011777e+01,6.287161236914637463e+00,6.146551577190000444e+02,2.366654998872000135e+02,-1.143352277999710037e-01
1.229999999999999893e+01,3.686568400019100800e+00,9.977649929428993758e+00,6.291081529409892070e+00,6.151535711870000114e+02,2.366549132062000069e+02,-1.081869617999999950e-01
1.231000000000000050e+01,3.672778956471415945e+00,9.968001632037346127e+00,6.295222675565929293e+00,6.156511873489999971e+02,2.366582930932000011e+02,-1.050881678000139957e-01
1.232000000000000028e+01,3.685611818487511737e+00,9.985770210213477327e+00,6.300158391725966034e+00,6.161430156669999860e+02,2.366753333851999912e+02,-1.110389147999859966e-01
1.233000000000000007e+01,3.692716982919522106e+00,9.995716982919521598e+00,6.302999999999999936e+00,6.166298521149999488e+02,2.366920886821999943e+02,-1.169897668000149937e-01
1.233999999999999986e+01,3.692033700139898400e+00,9.995033700139897448e+00,6.302999999999999936e+00,6.171215911409999535e+02,2.366931439511999997e+02,-1.098840528000089994e-01
1.234999999999999964e+01,3.667788001419461263e+00,9.962935461339286647e+00,6.295147459919825828e+00,6.176167814950000547e+02,2.366863797451999858e+02,-1.037499897999809989e-01
1.235999999999999943e+01,3.663503524710196135e+00,9.954149211180604695e+00,6.290645686470409004e+00,6.181205047830000012e+02,2.366880590261999942e+02,-1.136439217999720003e-01
1.236999999999999922e+01,3.677419914133408962e+00,9.966661472917445863e+00,6.289241558784036457e+00,6.186306725230000438e+02,2.366821215811999934e+02,-1.155094957999800026e-01
1.237999999999999901e+01,3.660161490528226036e+00,9.941119005981775558e+00,6.280957515453548190e+00,6.191274882290000505e+02,2.366644323262000000e+02,-1.093365268000090068e-01
1.239000000000000057e+01,3.636781165425198914e+00,9.918569309031655123e+00,6.281788143606456210e+00,6.196289540389999502e+02,2.366530147462000002e+02,-1.041846568000140000e-01
1.240000000000000036e+01,3.609453722728397373e+00,9.897253903728151059e+00,6.287800180999751909e+00,6.201433158989999583e+02,2.366613359202000026e+02,-1.070996097999989960e-01
1.241000000000000014e+01,3.618084042668939126e+00,9.907647404375698130e+00,6.289563361706757227e+00,6.206514020810000147e+02,2.366743139961999987e+02,-1.080323757999750028e-01
1.241999999999999993e+01,3.638764251611057432e+00,9.922597355856705548e+00,6.283833104245648116e+00,6.211505605610000202e+02,2.366857701291999945e+02,-1.119617777999949992e-01
1.242999999999999972e+01,3.665411413184560985e+00,9.932414731173258460e+00,6.267003317988698363e+00,6.216552236710000443e+02,2.366885294731999920e+02,-1.148592657999819994e-01
1.243999999999999950e+01,3.682856569315132500e+00,9.939976890498659401e+00,6.257120321183525569e+00,6.221417702029999646e+02,2.366752691242000139e+02,-1.067041937999999995e-01
1.244999999999999929e+01,3.694890969446090967e+00,9.941331412818994906e+00,6.246440443372902607e+00,6.226265776090000372e+02,2.366749270322000029e+02,-9.959509179999539996e-02
1.245999999999999908e+01,3.701391899489252957e+00,9.935330554317612695e+00,6.233938654828360626e+00,6.231248828950000416e+02,2.367013304612000013e+02,-1.115774707999939996e-01
1.247000000000000064e+01,3.705000000000000071e+00,9.928780348490581886e+00,6.223780348490581815e+00,6.236178803589999688e+02,2.367154361762000008e+02,-1.165175977999910045e-01
1.248000000000000043e+01,3.705000000000000071e+00,9.921463123614543633e+00,6.216463123614545339e+00,6.241097591950000378e+02,2.366964953101999924e+02,-1.013412528000049995e-01
1.249000000000000021e+01,3.713930167475497868e+00,9.931023160901766289e+00,6.217092993426270198e+00,6.246103401829999484e+02,2.366830310512000040e+02,-9.418234579999970602e-02
1.250000000000000000e+01,3.726981018374342369e+00,9.949350302445925109e+00,6.222369284071584516e+00,6.251181135210000548e+02,2.366839470161999941e+02,-1.020726707999800031e-01
1.250999999999999979e+01,3.708740473023228290e+00,9.916377008926605896e+00,6.207636535903377606e+00,6.256230057330000136e+02,2.366826952481999911e+02,-1.099559887999630031e-01
1.252000000000000135e+01,3.709391669048168083e+00,9.905086904421690264e+00,6.195695235373522181e+00,6.261357386470000392e+02,2.366669128172000001e+02,-1.047862127999669990e-01
1.252999999999999936e+01,3.717000000000000082e+00,9.902386612653709008e+00,6.185386612653709371e+00,6.266462468209999770e+02,2.366550098602000105e+02,-9.963061879997070491e-02
1.254000000000000092e+01,3.717000000000000082e+00,9.893407007424443123e+00,6.176407007424443485e+00,6.271433517770000208e+02,2.366673468351999929e+02,-1.045635917999659936e-01
1.254999999999999893e+01,3.712036146008683257e+00,9.891000000000000014e+00,6.178963853991317201e+00,6.276359502550000116e+02,2.366884411261999901e+02,-1.095284637999610067e-01
1.256000000000000050e+01,3.705249800850154873e+00,9.891000000000000014e+00,6.185750199149845585e+00,6.281272339629999806e+02,2.366974727552000104e+02,-1.054510117999999941e-01
1.256999999999999851e+01,3.697233134514807507e+00,9.877466269029614665e+00,6.180233134514807602e+00,6.286235373529999606e+02,2.366887582281999869e+02,-1.023098398000149983e-01
1.258000000000000007e+01,3.694260132949187092e+00,9.871896954723238693e+00,6.177636821774051157e+00,6.291250612710000496e+02,2.366763246401999936e+02,-1.021544048000140037e-01
1.258999999999999808e+01,3.700255430232310072e+00,9.884886765503338779e+00,6.184631335271028263e+00,6.296229047589999936e+02,2.366757216391999918e+02,-9.604148879998529453e-02
1.259999999999999964e+01,3.713290309619948992e+00,9.904735127940988093e+00,6.191444818321039101e+00,6.301097966510000106e+02,2.366915032642000085e+02,-9.498884780000829697e-02
1.261000000000000121e+01,3.739710196056263758e+00,9.938107616071070183e+00,6.198397420014805981e+00,6.306101554609999766e+02,2.367170258511999918e+02,-1.059676557999769952e-01
1.261999999999999922e+01,3.741354301946604011e+00,9.939708603893208760e+00,6.198354301946603861e+00,6.311182117910000215e+02,2.367129817281999919e+02,-1.048403597999990056e-01
1.263000000000000078e+01,3.719892380795559728e+00,9.926603461737075307e+00,6.206711080941515135e+00,6.316143125590000409e+02,2.366902683302000128e+02,-9.164977879996559496e-02
1.263999999999999879e+01,3.678409929732197270e+00,9.902819859464393915e+00,6.224409929732197533e+00,6.321225401049999846e+02,2.366832255751999980e+02,-9.151187179996539411e-02
1.265000000000000036e+01,3.685446137260278476e+00,9.916892274520556327e+00,6.231446137260278739e+00,6.326319120929999826e+02,2.366912300022000011e+02,-1.034268757999669969e-01
1.265999999999999837e+01,3.690851866598526598e+00,9.927851866598526698e+00,6.237000000000000099e+00,6.331323795289999907e+02,2.366797554231999925e+02,-9.827502679997149326e-02
1.266999999999999993e+01,3.690083476542089791e+00,9.927083476542089002e+00,6.237000000000000099e+00,6.336428302609999719e+02,2.366688578902000017e+02,-9.112297979996659969e-02
1.268000000000000149e+01,3.678963003779838203e+00,9.926080250314987197e+00,6.247117246535148105e+00,6.341565352909999547e+02,2.366711389131999965e+02,-9.201675579999959997e-02
1.268999999999999950e+01,3.667197021746447128e+00,9.925099751812204829e+00,6.257902730065756813e+00,6.346450529789999564e+02,2.366759884331999899e+02,-9.292519679997560123e-02
1.270000000000000107e+01,3.683088580012183755e+00,9.943012287039870500e+00,6.259923707027685857e+00,6.351294070650000094e+02,2.366835909492000098e+02,-9.784430279997100022e-02
1.270999999999999908e+01,3.702611111172407821e+00,9.963590090154701429e+00,6.260978978982292276e+00,6.356259698530000151e+02,2.366878804531999947e+02,-1.037490107999999994e-01
1.272000000000000064e+01,3.678799215524997557e+00,9.939315199835498049e+00,6.260515984310499604e+00,6.361181675269999687e+02,2.366809064422000120e+02,-1.086149447999940065e-01
1.272999999999999865e+01,3.653934743656413353e+00,9.913953438529542694e+00,6.260018694873128453e+00,6.366137005350000209e+02,2.366681414441999891e+02,-1.054596538000100031e-01
1.274000000000000021e+01,3.678434543312382399e+00,9.937095883138047370e+00,6.258661339825663639e+00,6.371140270509999937e+02,2.366766806402000043e+02,-1.033784657999999995e-01
1.274999999999999822e+01,3.697547228657590779e+00,9.958820842986385813e+00,6.261273614328795034e+00,6.376087362729999768e+02,2.366958921931999953e+02,-1.083362257999949951e-01
1.275999999999999979e+01,3.710231563516022568e+00,9.977847345274033941e+00,6.267615781758011373e+00,6.381061253310000438e+02,2.367032514402000061e+02,-1.092515477999709966e-01
1.277000000000000135e+01,3.709622134177136044e+00,9.985896310970476364e+00,6.276274176793340764e+00,6.386156340210000053e+02,2.366913091241999894e+02,-9.909600479998140199e-02
1.277999999999999936e+01,3.704803180041772226e+00,9.992109010118355172e+00,6.287305830076582502e+00,6.391209221110000271e+02,2.366831181722000110e+02,-9.295466180000859502e-02
1.279000000000000092e+01,3.713332717337232580e+00,1.001627603245549381e+01,6.302943315118260337e+00,6.396324607310000374e+02,2.366882591332000061e+02,-9.985904880001410244e-02
1.279999999999999893e+01,3.699326478770734283e+00,1.000161432900590874e+01,6.302287850235173572e+00,6.401434562949999645e+02,2.366853667352000059e+02,-1.037351947999760049e-01
1.281000000000000050e+01,3.680223952313012248e+00,9.977987519966093899e+00,6.297763567653081651e+00,6.406443788269999686e+02,2.366659193241999901e+02,-9.455508979996189722e-02
1.281999999999999851e+01,3.691138316956084076e+00,9.987007251599596458e+00,6.295868934643513271e+00,6.411359176729999945e+02,2.366529369142000121e+02,-8.839990079998949479e-02
1.283000000000000007e+01,3.708451377863635212e+00,1.000267721251999831e+01,6.294225834656363538e+00,6.416343062150000378e+02,2.366603355201999932e+02,-9.431517179996229405e-02
1.283999999999999808e+01,3.725452242715855622e+00,1.001763797358995234e+01,6.292185730874097160e+00,6.421237076149999439e+02,2.366672493592000137e+02,-9.223067980000899946e-02
1.284999999999999964e+01,3.687964190304311884e+00,9.987505198995524580e+00,6.299541008691212696e+00,6.426102846649999947e+02,2.366710006252000085e+02,-8.913565179996660315e-02
1.286000000000000121e+01,3.643416498589371333e+00,9.951563311361880437e+00,6.308146812772507772e+00,6.431147204489999467e+02,2.366777428572000019e+02,-9.504726179999560542e-02
1.286999999999999922e+01,3.638999999999999790e+00,9.946777169135721408e+00,6.307777169135722062e+00,6.436047488269999803e+02,2.366736746482000058e+02,-9.292388479998550666e-02
1.288000000000000078e+01,3.647399868777105869e+00,9.951902610492020074e+00,6.304502741714914649e+00,6.440980557630000476e+02,2.366648102922000021e+02,-8.378281179996979744e-02
1.288999999999999879e+01,3.667532477812393665e+00,9.966049849273574068e+00,6.298517371461180403e+00,6.446101361070000166e+02,2.366780057802000101e+02,-8.771547579999029731e-02
1.290000000000000036e+01,3.655605882777256621e+00,9.952421647466165311e+00,6.296815764688910022e+00,6.451190518890000476e+02,2.366940006792000020e+02,-9.865876580001320395e-02
1.290999999999999837e+01,3.628607148742124089e+00,9.925147145446533870e+00,6.296539996704410669e+00,6.456202335970000377e+02,2.366875608272000022e+02,-9.752454679998050213e-02
1.291999999999999993e+01,3.646031037185518020e+00,9.932813656361627608e+00,6.286782619176110032e+00,6.461218125149999878e+02,2.366741606232000095e+02,-8.836563079996620496e-02
1.293000000000000149e+01,3.665479214900728255e+00,9.944281548013288230e+00,6.278802333112558642e+00,6.466348039389999940e+02,2.366713963352000007e+02,-8.824175879996569438e-02
1.293999999999999950e+01,3.685113684765851882e+00,9.956867746644777029e+00,6.271754061878924702e+00,6.471364737029999787e+02,2.366739564581999957e+02,-9.913926179999030253e-02
1.295000000000000107e+01,3.688936394117781070e+00,9.960000000000000853e+00,6.271063605882218894e+00,6.476440446410000504e+02,2.366608700241999941e+02,-9.798017180001429571e-02
1.295999999999999908e+01,3.676823868129890815e+00,9.948367699482131954e+00,6.271543831352240694e+00,6.481451383889999533e+02,2.366384239811999919e+02,-8.978945579997629767e-02
1.297000000000000064e+01,3.643152668383293769e+00,9.913322165052001367e+00,6.270169496668705378e+00,6.486396730230000003e+02,2.366256019841999887e+02,-8.663418579998979907e-02
1.297999999999999865e+01,3.644612496128312173e+00,9.908532291989306628e+00,6.263919795860994455e+00,6.491408280289999766e+02,2.366371756432000097e+02,-8.956355179997629867e-02
1.299000000000000021e+01,3.650967044776067816e+00,9.908002746268660843e+00,6.257035701492592139e+00,6.496391880930000298e+02,2.366626159841999879e+02,-9.154245579998529503e-02
1.299999999999999822e+01,3.667094876872465825e+00,9.924094876872466386e+00,6.256999999999999673e+00,6.501243985229999680e+02,2.366903069141999936e+02,-9.453223179997119474e-02
1.300999999999999979e+01,3.670680346065872790e+00,9.927320374904695655e+00,6.256640028838822865e+00,6.506205048829999669e+02,2.367025904182000033e+02,-9.846523179999010222e-02
1.302000000000000135e+01,3.661770333132645217e+00,9.916688226289373631e+00,6.254917893156727970e+00,6.511301282350000292e+02,2.366886407821999967e+02,-9.130260079998460399e-02
1.302999999999999936e+01,3.649152802586636213e+00,9.892967268862877361e+00,6.243814466276240260e+00,6.516330468490000385e+02,2.366693179531999931e+02,-7.912247179998499469e-02
1.304000000000000092e+01,3.637905410027763242e+00,9.871621640111053253e+00,6.233716230083290455e+00,6.521404205349999756e+02,2.366772330782000040e+02,-8.403755979997970527e-02
1.304999999999999893e+01,3.637145341699723033e+00,9.868581366798892418e+00,6.231436025099168496e+00,6.526453430430000253e+02,2.366929964532000099e+02,-9.598092779998050605e-02
1.306000000000000050e+01,3.623269062156513343e+00,9.848227449505380093e+00,6.224958387348865863e+00,6.531371657690000347e+02,2.366750398432000111e+02,-8.480809380001390341e-02
1.306999999999999851e+01,3.617760419439456143e+00,9.840295003992817868e+00,6.222534584553359949e+00,6.536273909550000099e+02,2.366499771311999893e+02,-7.461055079996480044e-02
1.308000000000000007e+01,3.635432214868788314e+00,9.865742389411055413e+00,6.230310174542266211e+00,6.541361063350000222e+02,2.366519378792000055e+02,-8.550437179999050008e-02
1.308999999999999808e+01,3.660941930039023795e+00,9.884381320553016437e+00,6.223439390513992642e+00,6.546346674249999751e+02,2.366563166852000109e+02,-9.840899579996610635e-02
1.309999999999999964e+01,3.669190173637611352e+00,9.888422566692106841e+00,6.219232393054495489e+00,6.551324815049999870e+02,2.366386844291999978e+02,-9.223600579999489957e-02
1.311000000000000121e+01,3.656301379235986193e+00,9.876049324066546120e+00,6.219747944830560371e+00,6.556462123490000522e+02,2.366229660532000025e+02,-8.506622079998960029e-02
1.311999999999999922e+01,3.663015346437460629e+00,9.882311814197597855e+00,6.219296467760137226e+00,6.561505332489999773e+02,2.366317191331999936e+02,-8.698492479999919702e-02
1.313000000000000078e+01,3.686442793609458590e+00,9.904957137969958580e+00,6.218514344360499990e+00,6.566478951609999513e+02,2.366570989472000122e+02,-8.996384379998470515e-02
1.313999999999999879e+01,3.677552861389815853e+00,9.904273297029986267e+00,6.226720435640170415e+00,6.571400358790000382e+02,2.366862084061999951e+02,-8.695704379999949496e-02
1.315000000000000036e+01,3.658298065409458566e+00,9.882781169472240279e+00,6.224483104062782601e+00,6.576421315950000235e+02,2.366988480162000030e+02,-8.688994179999909306e-02
1.315999999999999837e+01,3.643578122581597523e+00,9.860709685033228311e+00,6.217131562451631233e+00,6.581510729689999835e+02,2.366968470442000125e+02,-8.876967680000889815e-02
1.316999999999999993e+01,3.678707389353955914e+00,9.896541537141034794e+00,6.217834147787079324e+00,6.586567034910000302e+02,2.366826588282000046e+02,-8.460711179998940679e-02
1.318000000000000149e+01,3.697604063431622734e+00,9.909320173990661118e+00,6.211716110559038384e+00,6.591456764969999540e+02,2.366795319882000115e+02,-8.248729079998000369e-02
1.318999999999999950e+01,3.711326466951700542e+00,9.914910782832174974e+00,6.203584315880473987e+00,6.596239828970000190e+02,2.366877979342000060e+02,-8.541006979996669524e-02
1.320000000000000107e+01,3.673113914874078123e+00,9.871444650824315659e+00,6.198330735950237980e+00,6.601234272550000242e+02,2.366942481151999971e+02,-9.332177280000350517e-02
1.320999999999999908e+01,3.640784801246705893e+00,9.835402017146968490e+00,6.194617215900263929e+00,6.606299412670000493e+02,2.366821277461999955e+02,-8.516628079996639566e-02
1.322000000000000064e+01,3.658204745111673262e+00,9.851428365502739481e+00,6.193223620391066220e+00,6.611314066329999832e+02,2.366707172222000111e+02,-7.801442279996149975e-02
1.322999999999999865e+01,3.666406723465466921e+00,9.858505602887888131e+00,6.192098879422421653e+00,6.616358994150000399e+02,2.366764610861999927e+02,-8.392249779998960102e-02
1.324000000000000021e+01,3.672816905314975067e+00,9.863847421095814028e+00,6.191030515780837185e+00,6.621386225530000047e+02,2.366781115921999969e+02,-8.581649879999890540e-02
1.324999999999999822e+01,3.648719268986083453e+00,9.831625691981445314e+00,6.182906422995361417e+00,6.626383748289999858e+02,2.366616163982000103e+02,-7.264704379996500538e-02
1.325999999999999979e+01,3.646365052975397258e+00,9.834730105950795220e+00,6.188365052975397518e+00,6.631534765530000186e+02,2.366569764282000108e+02,-7.051607180001359665e-02
1.327000000000000135e+01,3.664415350437231211e+00,9.867348382781599980e+00,6.202933032344367881e+00,6.636590556690000540e+02,2.366787834822000036e+02,-8.348062279999010626e-02
1.327999999999999936e+01,3.689683806741342220e+00,9.892121379158178129e+00,6.202437572416836353e+00,6.641527656289999868e+02,2.366979521481999882e+02,-8.443842779996650616e-02
1.329000000000000092e+01,3.712914791149426019e+00,9.912918883187042951e+00,6.200004092037616488e+00,6.646486424429999715e+02,2.367142538202000139e+02,-8.138560979997999656e-02
1.329999999999999893e+01,3.720748793572334012e+00,9.903660516687240900e+00,6.182911723114907332e+00,6.651611794369999870e+02,2.367194517801999893e+02,-8.828997579998540401e-02
1.331000000000000050e+01,3.708470724052193912e+00,9.886853073419242577e+00,6.178382349367047333e+00,6.656682961669999941e+02,2.367143240661999926e+02,-9.515911779999010334e-02
1.331999999999999851e+01,3.688728284551288983e+00,9.867630171799939731e+00,6.178901887248650304e+00,6.661572377669999696e+02,2.366941997232000006e+02,-8.397927679996680661e-02
1.333000000000000007e+01,3.678316903649303971e+00,9.857873828345194767e+00,6.179556924695891240e+00,6.666503752630000008e+02,2.366883057752000070e+02,-8.184876680001369753e-02
1.333999999999999808e+01,3.673000000000000043e+00,9.862041841508265350e+00,6.189041841508266195e+00,6.671606307409999772e+02,2.366983780491999880e+02,-8.977084379999410169e-02
1.334999999999999964e+01,3.673000000000000043e+00,9.885800465483246313e+00,6.212800465483245382e+00,6.676635248730000285e+02,2.366970334512000136e+02,-9.165423980000460269e-02
1.336000000000000121e+01,3.679198628525508052e+00,9.887000000000000455e+00,6.207801371474491958e+00,6.681640486410000221e+02,2.366845710881999878e+02,-8.349887379996580317e-02
1.336999999999999922e+01,3.685582999629776868e+00,9.887000000000000455e+00,6.201417000370223143e+00,6.686534195230000250e+02,2.366744733122000071e+02,-7.635433779996080028e-02
1.338000000000000078e+01,3.685304368869887437e+00,9.878652426438652157e+00,6.193348057568764276e+00,6.691474992830000019e+02,2.366696206192000034e+02,-7.822731779997070534e-02
1.338999999999999879e+01,3.679862898300243046e+00,9.879280918083130913e+00,6.199418019782887868e+00,6.696577805749999470e+02,2.366616934941999943e+02,-7.808583379997140195e-02
1.340000000000000036e+01,3.671163295100396518e+00,9.883294488307511116e+00,6.212131193207114599e+00,6.701637824929999852e+02,2.366585443252000118e+02,-7.396213280000860091e-02
1.340999999999999837e+01,3.661446363290622230e+00,9.874271623055577152e+00,6.212825259764955810e+00,6.706632822950000445e+02,2.366640208341999880e+02,-7.487034279998450170e-02
1.341999999999999993e+01,3.678290880810134666e+00,9.882387397359304160e+00,6.204096516549168605e+00,6.711587060110000493e+02,2.366882635862000086e+02,-8.484572679997569311e-02
1.343000000000000149e+01,3.704636779591752305e+00,9.896573650549404633e+00,6.191936870957652772e+00,6.716635684130000072e+02,2.367050747211999919e+02,-8.279271379996559765e-02
1.343999999999999950e+01,3.717273215963064814e+00,9.905227679969220489e+00,6.187954464006155675e+00,6.721617269649999571e+02,2.367164985512000044e+02,-7.972217879998019785e-02
1.345000000000000107e+01,3.722999999999999865e+00,9.910165817018445011e+00,6.187165817018445146e+00,6.726612289869999586e+02,2.367219397801999889e+02,-9.063032880000390645e-02
1.345999999999999908e+01,3.722999999999999865e+00,9.910702969386758099e+00,6.187702969386758234e+00,6.731667477329999656e+02,2.367097130202000130e+02,-9.647477379997659863e-02
1.347000000000000064e+01,3.730438911349815534e+00,9.918748865989391206e+00,6.188309954639575672e+00,6.736693512829999690e+02,2.366783633601999952e+02,-8.125226379998880255e-02
1.347999999999999865e+01,3.746950657224075165e+00,9.935968186894470477e+00,6.189017529670394424e+00,6.741664243889999852e+02,2.366737098881999941e+02,-7.512522879996059999e-02
1.349000000000000021e+01,3.695089728159367759e+00,9.902531535260644446e+00,6.207441807101277575e+00,6.746575141749999602e+02,2.367036901561999969e+02,-9.212186480001330335e-02
1.349999999999999822e+01,3.666962226194991459e+00,9.882595155849081436e+00,6.215632929654089978e+00,6.751497984769999903e+02,2.367127435042000059e+02,-9.804433179998570114e-02
1.350999999999999979e+01,3.663902989966459689e+00,9.878824141684308557e+00,6.214921151717849312e+00,6.756445846970000275e+02,2.366779639162000137e+02,-7.681142079997040073e-02
1.352000000000000135e+01,3.715308071356195008e+00,9.929190736581322341e+00,6.213882665225127333e+00,6.761619939729999942e+02,2.366504467052000109e+02,-6.659917079998020628e-02
1.352999999999999936e+01,3.753544560927451368e+00,9.966433225436174936e+00,6.212888664508723124e+00,6.766818927570000142e+02,2.366670544812000117e+02,-8.154220579996529494e-02
1.354000000000000092e+01,3.719725476870717085e+00,9.931923955990528796e+00,6.212198479119810379e+00,6.771785993930000132e+02,2.366863694481999971e+02,-8.949990580000499740e-02
1.354999999999999893e+01,3.703611502686229962e+00,9.915120079815940457e+00,6.211508577129709607e+00,6.776751020750000407e+02,2.366917067121999878e+02,-8.140823279996629858e-02
1.356000000000000050e+01,3.704392901971972574e+00,9.915543777522421109e+00,6.211150875550448980e+00,6.781831007409999756e+02,2.366886715411999944e+02,-7.728448980000360291e-02
1.356999999999999851e+01,3.730186191810437979e+00,9.941863461031058335e+00,6.211677269220620801e+00,6.786784943830000429e+02,2.366958956221999983e+02,-8.419981780000949934e-02
1.358000000000000007e+01,3.740073513490478341e+00,9.948863333297820688e+00,6.208789819807342347e+00,6.791736028130000022e+02,2.367081150712000124e+02,-9.013282679998099733e-02
1.358999999999999808e+01,3.724863670860709686e+00,9.925414825910259253e+00,6.200551155049550900e+00,6.796647734130000345e+02,2.367191293241999972e+02,-9.006242079998010019e-02
1.359999999999999964e+01,3.756765380466720483e+00,9.961933431839847586e+00,6.205168051373127547e+00,6.801607924789999515e+02,2.367153960532000099e+02,-8.993890579998109480e-02
1.361000000000000121e+01,3.794409891282562786e+00,1.000084861268589620e+01,6.206438721403333858e+00,6.806740711129999681e+02,2.367076046452000071e+02,-9.979729879997109587e-02
1.361999999999999922e+01,3.821380731239043982e+00,1.001859258634147665e+01,6.197211855102432665e+00,6.811848642769999742e+02,2.366907098481999867e+02,-9.462402979997619479e-02
1.363000000000000078e+01,3.809843251058622648e+00,9.994686502117245297e+00,6.184843251058622648e+00,6.816732933389999971e+02,2.366795637612000007e+02,-8.547599179996090424e-02
1.363999999999999879e+01,3.798503246709563630e+00,9.971045749700868654e+00,6.172542502991305469e+00,6.821706258430000389e+02,2.366879143202000080e+02,-8.839483680000380372e-02
1.365000000000000036e+01,3.806244825306019486e+00,9.971749529573274984e+00,6.165504704267255498e+00,6.826771160389999977e+02,2.366937615982000125e+02,-9.730285179996260581e-02
1.365999999999999837e+01,3.797656536530561233e+00,9.954757935526451718e+00,6.157101398995892261e+00,6.831839150409999775e+02,2.366766493892000085e+02,-8.912968479998030491e-02
1.366999999999999993e+01,3.776431852062640093e+00,9.928360987811378990e+00,6.151929135748739341e+00,6.836838394210000160e+02,2.366571414512000047e+02,-8.094959479999970509e-02
1.368000000000000149e+01,3.741238488983890331e+00,9.902138481987996954e+00,6.160899993004107067e+00,6.841804600949999440e+02,2.366604184752000037e+02,-9.085074379999029393e-02
1.368999999999999950e+01,3.757159788472830719e+00,9.914023969178144213e+00,6.156864180705313494e+00,6.846788493029999927e+02,2.366678064971999902e+02,-9.976599680000410031e-02
1.370000000000000107e+01,3.788530479812877161e+00,9.937427500812781034e+00,6.148897020999904761e+00,6.851750380309999855e+02,2.366610992902000135e+02,-9.363191279997599981e-02
1.370999999999999908e+01,3.795999999999999819e+00,9.930118488076480787e+00,6.134118488076480524e+00,6.856821532070000558e+02,2.366559962722000137e+02,-9.350109679997560541e-02
1.372000000000000064e+01,3.780118981777773168e+00,9.901625157768883412e+00,6.121506175991109799e+00,6.861860773409999865e+02,2.366717026482000108e+02,-1.054444857999760066e-01
1.372999999999999865e+01,3.746057069414104213e+00,9.860037665813308649e+00,6.113980596399204437e+00,6.866783037569999806e+02,2.366817684762000056e+02,-1.073705117999859959e-01
1.374000000000000021e+01,3.770569476286945054e+00,9.876215854349384315e+00,6.105646378062438373e+00,6.871668203350000113e+02,2.366866356362000090e+02,-1.032789827999660015e-01
1.374999999999999822e+01,3.795635928852596486e+00,9.892759713042714509e+00,6.097123784190117135e+00,6.876663786889999983e+02,2.366910890812000048e+02,-1.111836158000050062e-01
1.375999999999999979e+01,3.805570789896627115e+00,9.893683627849759077e+00,6.088112837953131518e+00,6.881656217570000535e+02,2.366835192231999940e+02,-1.150458737999670022e-01
1.377000000000000135e+01,3.823535428167425199e+00,9.907535428167426161e+00,6.083999999999999631e+00,6.886638907110000218e+02,2.366579176632000099e+02,-1.038446337999990032e-01
1.377999999999999936e+01,3.851935116184326269e+00,9.933904681700214567e+00,6.081969565515888299e+00,6.891691788010000437e+02,2.366497267112000031e+02,-9.770329079997140675e-02
1.379000000000000092e+01,3.904642110489604967e+00,9.968580335848423957e+00,6.063938225358818990e+00,6.896682802829999446e+02,2.366621812122000108e+02,-1.016362277999900005e-01
1.379999999999999893e+01,3.911952098867195193e+00,9.976741221254226133e+00,6.064789122387030496e+00,6.901633887130000176e+02,2.366744006611999964e+02,-1.075692367999619981e-01
1.381000000000000050e+01,3.896446349033873435e+00,9.971712329416391185e+00,6.075265980382518194e+00,6.906737815589999627e+02,2.366645156081999914e+02,-9.642074879999530668e-02
1.381999999999999851e+01,3.886971300919116690e+00,9.967820790825534516e+00,6.080849489906418270e+00,6.911795254109999860e+02,2.366483412402000113e+02,-8.925113179999009938e-02
1.383000000000000007e+01,3.894654456901926576e+00,9.967122322099825737e+00,6.072467865197897829e+00,6.916821933270000500e+02,2.366509618901999943e+02,-9.914861979998160213e-02
1.383999999999999808e+01,3.869428170967545100e+00,9.931149119559385952e+00,6.061720948591840852e+00,6.921905103870000175e+02,2.366599006302000134e+02,-1.130671677999919994e-01
1.384999999999999964e+01,3.837797692158557261e+00,9.888473076721862043e+00,6.050675384563305670e+00,6.926908081609999499e+02,2.366513999871999943e+02,-1.139258877999669989e-01
1.386000000000000121e+01,3.833000000000000185e+00,9.881419741054958905e+00,6.048419741054959609e+00,6.931842887550000114e+02,2.366394981912000048e+02,-1.167741378000100028e-01
1.386999999999999922e+01,3.856732141200295505e+00,9.897639777163425023e+00,6.040907635963129962e+00,6.936826786289999518e+02,2.366468756291999966e+02,-1.286893728000109982e-01
1.388000000000000078e+01,3.916571311311625170e+00,9.939595976896656637e+00,6.023024665585031912e+00,6.941776732849999689e+02,2.366610882861999983e+02,-1.356294457999590031e-01
1.388999999999999879e+01,3.895900436856242433e+00,9.911506675205858485e+00,6.015606238349615609e+00,6.946688991070000156e+02,2.366711323952000043e+02,-1.275555527999779892e-01
1.390000000000000036e+01,3.870270299823797444e+00,9.879915803825824128e+00,6.009645504002025795e+00,6.951673422049999544e+02,2.366775714412000013e+02,-1.224673547999819978e-01
1.390999999999999837e+01,3.851691733131210160e+00,9.877772123053601305e+00,6.026080389922391589e+00,6.956815907349999861e+02,2.366878787672000044e+02,-1.283893598000100111e-01
1.391999999999999993e+01,3.861936255405723717e+00,9.898429547656222738e+00,6.036493292250497689e+00,6.961920984649999582e+02,2.366759828662000018e+02,-1.212337778000060068e-01
1.393000000000000149e+01,3.887680136141996812e+00,9.931003437567424541e+00,6.043323301425427729e+00,6.966865431410000156e+02,2.366471864302000085e+02,-1.020220648000000063e-01
1.393999999999999950e+01,3.907506920103579695e+00,9.933285533802331813e+00,6.025778613698752118e+00,6.971817913810000391e+02,2.366394097442000088e+02,-9.988444279999010578e-02
1.395000000000000107e+01,3.930914222277247738e+00,9.933136104601057781e+00,6.002221882323810043e+00,6.976816084670000464e+02,2.366568778042000076e+02,-1.138349738000000028e-01
1.395999999999999908e+01,3.966285281763890946e+00,9.949781309065359736e+00,5.983496027301469233e+00,6.981807366509999611e+02,2.366513187941999945e+02,-1.137043258000000057e-01
1.397000000000000064e+01,3.970534422728898782e+00,9.946413072746786099e+00,5.975878650017887317e+00,6.986854257969999935e+02,2.366360752111999943e+02,-1.095382467999810039e-01
1.397999999999999865e+01,3.969712223362717118e+00,9.939655611565218152e+00,5.969943388202501922e+00,6.991917708129999482e+02,2.366269181941999875e+02,-1.103933057999579997e-01
1.399000000000000021e+01,3.927722205211245488e+00,9.889405261974113515e+00,5.961683056762868027e+00,6.996871644550000156e+02,2.366341422751999914e+02,-1.173086337999629941e-01
1.399999999999999822e+01,3.926685432530456765e+00,9.883602650946960111e+00,5.956917218416502458e+00,7.001877766269999483e+02,2.366376790472000096e+02,-1.182097527999960013e-01
1.400999999999999979e+01,3.957715282101272436e+00,9.912732713809358387e+00,5.955017431708085063e+00,7.006785742770000525e+02,2.366376789491999943e+02,-1.111005247999899970e-01
1.402000000000000135e+01,3.947448573870831812e+00,9.906669144322499676e+00,5.959220570451667420e+00,7.011737383729999920e+02,2.366489211981999858e+02,-1.110300347999910037e-01
1.402999999999999936e+01,3.936710093262263843e+00,9.900226055957357829e+00,5.963515962695094430e+00,7.016730974770000557e+02,2.366744079542000065e+02,-1.160088997999860067e-01
1.404000000000000092e+01,3.909927909071609253e+00,9.876737484830698577e+00,5.966809575759089768e+00,7.021711985870000490e+02,2.366868372081999894e+02,-1.109419117999899951e-01
1.404999999999999893e+01,3.888491049417639900e+00,9.857236498460085983e+00,5.968745449042446083e+00,7.026568914810000024e+02,2.366885312112000008e+02,-1.088398287999809977e-01
1.406000000000000050e+01,3.923716615988564360e+00,9.891080670263523444e+00,5.967364054274957752e+00,7.031539665850000347e+02,2.366838459871999873e+02,-1.117127397999680000e-01
1.406999999999999851e+01,3.908588630727370727e+00,9.881310045400644171e+00,5.972721414673272555e+00,7.036650467370000115e+02,2.366619275982000090e+02,-1.155217417999870044e-01
1.408000000000000007e+01,3.875538447804659281e+00,9.856005999100442949e+00,5.980467551295783224e+00,7.041796318850000489e+02,2.366312442862000012e+02,-1.052989497999960028e-01
1.408999999999999808e+01,3.869000000000000217e+00,9.851000000000000867e+00,5.982000000000000206e+00,7.046717705629999955e+02,2.366253003951999858e+02,-1.011684727999769967e-01
1.409999999999999964e+01,3.871580590998214166e+00,9.853580590998214817e+00,5.982000000000000206e+00,7.051558703990000367e+02,2.366549028382000017e+02,-1.121652918000009963e-01
1.411000000000000121e+01,3.879799070799757832e+00,9.861799070799758482e+00,5.982000000000000206e+00,7.056487540890000218e+02,2.366710017611999888e+02,-1.181124827999719962e-01
1.411999999999999922e+01,3.875819527412152521e+00,9.862999999999999545e+00,5.987180472587847468e+00,7.061509582090000094e+02,2.366466477332000125e+02,-1.009147297999759968e-01
1.413000000000000078e+01,3.869722909447756543e+00,9.862999999999999545e+00,5.993277090552243003e+00,7.066572152649999907e+02,2.366214845252000032e+02,-9.471329180000420678e-02
1.413999999999999879e+01,3.899994679296608702e+00,9.877257552476439884e+00,5.977262873179831182e+00,7.071633645829999750e+02,2.366333043712000119e+02,-1.086424867999579991e-01
1.415000000000000036e+01,3.910400134008796158e+00,9.885338471846830899e+00,5.974938337838033853e+00,7.076566468150000446e+02,2.366424217741999882e+02,-1.125649447999760022e-01
1.415999999999999837e+01,3.891129348460942605e+00,9.882230464760350941e+00,5.991101116299407892e+00,7.081516078449999441e+02,2.366396722082000110e+02,-1.004450577999760064e-01
1.416999999999999993e+01,3.872403359493968633e+00,9.864516691413212968e+00,5.992113331919244779e+00,7.086559280789999775e+02,2.366484358721999968e+02,-9.936377979999980181e-02
1.418000000000000149e+01,3.857930209029370339e+00,9.852340746396988536e+00,5.994410537367617309e+00,7.091511238030000186e+02,2.366766720962000079e+02,-1.093533037999910029e-01
1.418999999999999950e+01,3.875566810832133058e+00,9.882865634132537380e+00,6.007298823300404322e+00,7.096392990589999954e+02,2.366875188802000025e+02,-1.082829667999579970e-01
1.420000000000000107e+01,3.881323344471064640e+00,9.878098595070014198e+00,5.996775250598950002e+00,7.101357707790000404e+02,2.366758515852000073e+02,-9.313126179997190113e-02
1.420999999999999908e+01,3.880241041236161426e+00,9.852664469049797091e+00,5.972423427813635222e+00,7.106450532530000146e+02,2.366678745172000049e+02,-9.098981079996139310e-02
1.422000000000000064e+01,3.866206843089578182e+00,9.848103452552834369e+00,5.981896609463255743e+00,7.111555378330000394e+02,2.366739356792000137e+02,-1.038977177999960005e-01
1.422999999999999865e+01,3.861550284256134447e+00,9.857313822325094677e+00,5.995763538068959342e+00,7.116594572630000357e+02,2.366546310411999912e+02,-1.027175017999620021e-01
1.424000000000000021e+01,3.879351599604158096e+00,9.879907799497585685e+00,6.000556199893427589e+00,7.121521917349999740e+02,2.366207040712000094e+02,-9.048811379996199444e-02
1.424999999999999822e+01,3.862162944319830871e+00,9.857849928615168622e+00,5.995686984295336863e+00,7.126523757349999642e+02,2.366141966362000062e+02,-9.235389779997220383e-02
1.425999999999999979e+01,3.842230131323145503e+00,9.832498617866816559e+00,5.990268486543669724e+00,7.131537908049999714e+02,2.366387637422000125e+02,-1.073291257999570009e-01
1.427000000000000135e+01,3.849885856646098947e+00,9.849086022733214207e+00,5.999200166087114816e+00,7.136482426269999451e+02,2.366449395122000112e+02,-1.122409518000099943e-01
1.427999999999999936e+01,3.866184023039556994e+00,9.863360970137405204e+00,5.997176947097847766e+00,7.141432880229999682e+02,2.366231674832000067e+02,-9.905392679997700178e-02
1.429000000000000092e+01,3.892632289787348210e+00,9.874998207506434866e+00,5.982365917719084436e+00,7.146411018810000542e+02,2.366055387552000013e+02,-9.188094279997109648e-02
1.429999999999999893e+01,3.899128991656247933e+00,9.875534909018227836e+00,5.976405917361979014e+00,7.151471939790000079e+02,2.366183604972000012e+02,-1.048136788000040009e-01
1.431000000000000050e+01,3.899659409805678933e+00,9.876455158877528007e+00,5.976795749071849073e+00,7.156482349890000023e+02,2.366319308921999891e+02,-1.077501147999909981e-01
1.431999999999999851e+01,3.950367504926986850e+00,9.925811038128934172e+00,5.975443533201946877e+00,7.161348104850000027e+02,2.366357068542000093e+02,-9.765512880000039309e-02
1.433000000000000007e+01,3.949767232379052473e+00,9.916495503920998544e+00,5.966728271541945183e+00,7.166378475770000023e+02,2.366494018312000094e+02,-9.759154080000080611e-02
1.433999999999999808e+01,3.924448859429039871e+00,9.879024311954980320e+00,5.954575452525938672e+00,7.171424265430000560e+02,2.366711801101999981e+02,-1.025561607999959934e-01
1.434999999999999964e+01,3.899000242996983445e+00,9.849513763077982986e+00,5.950513520080999541e+00,7.176409831930000109e+02,2.366756294761999868e+02,-9.546090479999150280e-02
1.436000000000000121e+01,3.889917073973826245e+00,9.839803084617805951e+00,5.949886010643979262e+00,7.181241356169999790e+02,2.366691867062000085e+02,-8.733064080000960128e-02
1.436999999999999922e+01,3.933577430914863893e+00,9.882961598375613832e+00,5.949384167460748607e+00,7.186242062869999927e+02,2.366646654232000060e+02,-9.220347680000540169e-02
1.438000000000000078e+01,3.939435463068946319e+00,9.890832379323819978e+00,5.951396916254874547e+00,7.191397085510000124e+02,2.366530121812000118e+02,-9.704771780000029380e-02
1.438999999999999879e+01,3.832597887476489440e+00,9.793285027695924683e+00,5.960687140219436131e+00,7.196540091529999472e+02,2.366273136531999910e+02,-8.884258879996269342e-02
1.440000000000000036e+01,3.815830153826063054e+00,9.777843218916364876e+00,5.962013065090302710e+00,7.201480310270000018e+02,2.366234734402000015e+02,-8.671912780000949617e-02
1.440999999999999837e+01,3.805451835493205426e+00,9.767942363182928744e+00,5.962490527689723763e+00,7.206353533110000171e+02,2.366492639921999910e+02,-9.470176179999099941e-02
1.441999999999999993e+01,3.859053808456351931e+00,9.810406263842045504e+00,5.951352455385692686e+00,7.211363377669999863e+02,2.366638256992000038e+02,-9.964172079998599718e-02
1.443000000000000149e+01,3.859171704247379875e+00,9.818863946971632117e+00,5.959692242724252687e+00,7.216564015090000339e+02,2.366424485251999954e+02,-9.545058179996709913e-02
1.443999999999999950e+01,3.826777303150148413e+00,9.806209884043026292e+00,5.979432580892877880e+00,7.221607762569999522e+02,2.366151675271999864e+02,-9.124210380000459530e-02
1.445000000000000107e+01,3.849533435281642824e+00,9.847158359512611980e+00,5.997624924230969157e+00,7.226503508710000006e+02,2.366190509822000081e+02,-9.914694679998639626e-02
1.445999999999999908e+01,3.893231365368232222e+00,9.905142110753503815e+00,6.011910745385270260e+00,7.231371875410000030e+02,2.366358027512000035e+02,-1.060977927999919995e-01
1.447000000000000064e+01,3.905763083674879343e+00,9.917172560327884412e+00,6.011409476653004624e+00,7.236366857890000119e+02,2.366413039562000051e+02,-1.000060447999630009e-01
1.447999999999999865e+01,3.903935113517746913e+00,9.918540711776810070e+00,6.014605598259064045e+00,7.241368408670000463e+02,2.366528453121999860e+02,-9.593547380000090607e-02
1.449000000000000021e+01,3.838930044531613905e+00,9.872962445016417732e+00,6.034032400484805159e+00,7.246332046270000546e+02,2.366781645991999881e+02,-9.991440779996249577e-02
1.449999999999999822e+01,3.870454339280251510e+00,9.907031335818206941e+00,6.036576996537956319e+00,7.251305375749999484e+02,2.366865081022000084e+02,-1.048332407999579968e-01
1.450999999999999979e+01,3.920607998611531197e+00,9.956673223115494409e+00,6.036065224503963655e+00,7.256405020270000250e+02,2.366665823701999898e+02,-9.364942379999090238e-02
1.452000000000000135e+01,3.888862050887242017e+00,9.916250255926296830e+00,6.027388205039054370e+00,7.261481862949999595e+02,2.366515097841999875e+02,-8.948328179997219745e-02
1.452999999999999936e+01,3.848763820546647008e+00,9.875220810984822961e+00,6.026456990438175509e+00,7.266542795029999979e+02,2.366643138862000058e+02,-1.074159878000010004e-01
1.454000000000000092e+01,3.815013542057113849e+00,9.850916242019630786e+00,6.035902699962516493e+00,7.271524696410000388e+02,2.366576465891999987e+02,-1.222817357999859966e-01
1.454999999999999893e+01,3.882054285731779242e+00,9.911521074301527179e+00,6.029466788569749269e+00,7.276572106370000483e+02,2.366064006802000108e+02,-1.029885287999809940e-01
1.456000000000000050e+01,3.925081668107484045e+00,9.951502247567050929e+00,6.026420579459568216e+00,7.281585317110000233e+02,2.365799717492000127e+02,-9.178369080001450020e-02
1.456999999999999851e+01,3.828254847088774504e+00,9.871514873682031066e+00,6.043260026593256562e+00,7.286634845150000501e+02,2.366127502671999991e+02,-1.077871087999769939e-01
1.458000000000000007e+01,3.805487362098499027e+00,9.849000000000000199e+00,6.043512637901501172e+00,7.291495813210000279e+02,2.366424631801999965e+02,-1.197838797999769972e-01
1.458999999999999808e+01,3.811984820580084588e+00,9.849000000000000199e+00,6.037015179419915611e+00,7.296476205070000560e+02,2.366208833162000076e+02,-1.005968277999720051e-01
1.459999999999999964e+01,3.857403133217462088e+00,9.904733568790604181e+00,6.047330435573142537e+00,7.301570412370000440e+02,2.365929348091999884e+02,-8.338478779997579582e-02
1.461000000000000121e+01,3.884036279622283594e+00,9.946894144227828249e+00,6.062857864605545544e+00,7.306686669289999827e+02,2.366140960731999883e+02,-9.334569579996729316e-02
1.461999999999999922e+01,3.823641508263604383e+00,9.896107631948940053e+00,6.072466123685335226e+00,7.311625803990000350e+02,2.366472494982000114e+02,-1.083528858000089995e-01
1.463000000000000078e+01,3.835468074584466258e+00,9.902598290717437024e+00,6.067130216132970766e+00,7.316455052750000050e+02,2.366447931442000083e+02,-1.022367497999819991e-01
1.463999999999999879e+01,3.861795127061522948e+00,9.920500686401837243e+00,6.058705559340312519e+00,7.321410376170000518e+02,2.366320387302000086e+02,-9.608147680000929391e-02
1.465000000000000036e+01,3.888409351470603070e+00,9.958364952190898123e+00,6.069955600720295052e+00,7.326513514250000298e+02,2.366410914681999884e+02,-1.099999827999619956e-01
1.465999999999999837e+01,3.908970672832310811e+00,9.991486426709775159e+00,6.082515753877464348e+00,7.331486295949999885e+02,2.366503980592000005e+02,-1.249222908000059973e-01
1.466999999999999993e+01,3.828869856108851444e+00,9.921638514526918584e+00,6.092768658418067140e+00,7.336452743070000224e+02,2.366357039081999858e+02,-1.187599267999770031e-01
1.468000000000000149e+01,3.813327874121788419e+00,9.913607382792749334e+00,6.100279508670960915e+00,7.341370402569999669e+02,2.366187421381999911e+02,-1.085906217999860063e-01
1.468999999999999950e+01,3.867134198415868251e+00,9.972256276273295583e+00,6.105122077857428664e+00,7.346434162350000179e+02,2.366265896801999986e+02,-1.165057127999680059e-01
1.470000000000000107e+01,3.866081728218619951e+00,9.984255749126774049e+00,6.118174020908154986e+00,7.351490792729999839e+02,2.366293813272000079e+02,-1.264031377999579875e-01
1.470999999999999908e+01,3.832779119824339720e+00,9.963625609530636140e+00,6.130846489706295976e+00,7.356452935930000194e+02,2.366046782491999920e+02,-1.112054987999720052e-01
1.472000000000000064e+01,3.808196128462645547e+00,9.926500275637465620e+00,6.118304147174819185e+00,7.361452153090000365e+02,2.365852126471999952e+02,-9.102548079998999675e-02
1.472999999999999865e+01,3.809021846520856069e+00,9.913237914147103425e+00,6.104216067626246023e+00,7.366567842250000240e+02,2.366073687511999992e+02,-1.019899177999590012e-01
1.474000000000000021e+01,3.915600181135492353e+00,1.000063214853110338e+01,6.085031967395611474e+00,7.371681267029999844e+02,2.366334936311999968e+02,-1.199684527999869965e-01
1.474999999999999822e+01,3.884959908542943818e+00,9.977746595533400153e+00,6.092786686990456779e+00,7.376717593670000497e+02,2.366192090572000097e+02,-1.108059597999720008e-01
1.475999999999999979e+01,3.819192645776373851e+00,9.926594280048290031e+00,6.107401634271917068e+00,7.381629827049999903e+02,2.365942068722000045e+02,-9.960840180000520017e-02
1.477000000000000135e+01,3.807016685867932182e+00,9.909674286063482995e+00,6.102657600195549925e+00,7.386681338710000091e+02,2.366059661911999967e+02,-1.145376117999920007e-01
1.477999999999999936e+01,3.801502975562998099e+00,9.897143126279541292e+00,6.095640150716542749e+00,7.391676098570000022e+02,2.366294103472000074e+02,-1.325093287999639935e-01
1.479000000000000092e+01,3.861980779572895983e+00,9.948973202457263909e+00,6.086992422884367038e+00,7.396564675350000471e+02,2.366283014111999989e+02,-1.243966137999829996e-01
1.479999999999999893e+01,3.877852198267106143e+00,9.965445077492583792e+00,6.087592879225478093e+00,7.401433850189999930e+02,2.366260871652000048e+02,-1.142804177999909993e-01
1.481000000000000050e+01,3.824823964825330158e+00,9.925807812091660409e+00,6.100983847266331139e+00,7.406474792589999652e+02,2.366388125491999972e+02,-1.222132257999720001e-01
1.481999999999999851e+01,3.830003132104216501e+00,9.940096799528665983e+00,6.110093667424449926e+00,7.411522563649999711e+02,2.366395751571999995e+02,-1.251036437999590023e-01
1.483000000000000007e+01,3.875999999999999890e+00,9.991763891470677450e+00,6.115763891470678004e+00,7.416570575089999693e+02,2.366223665901999880e+02,-1.119305487999830012e-01
1.483999999999999808e+01,3.875999999999999890e+00,9.997685683581076788e+00,6.121685683581076454e+00,7.421487972009999794e+02,2.366234112751999987e+02,-1.078248167999630025e-01
1.484999999999999964e+01,3.868385359508746291e+00,9.995727590542060170e+00,6.127342231033314768e+00,7.426516661849999537e+02,2.366400554921999912e+02,-1.207717557999959945e-01
1.486000000000000121e+01,3.805657288961043605e+00,9.935818759120097710e+00,6.130161470159054105e+00,7.431588975769999479e+02,2.366329204582000045e+02,-1.306338097999870107e-01
1.486999999999999922e+01,3.832029571757021635e+00,9.967583123957169278e+00,6.135553552200148530e+00,7.436738819329999615e+02,2.365952450421999913e+02,-1.213862667999729972e-01
1.488000000000000078e+01,3.869901381896433623e+00,1.001218836368527043e+01,6.142286981788837252e+00,7.441729219349999767e+02,2.365736833692000118e+02,-1.131991277999919998e-01
1.488999999999999879e+01,3.848697627100863716e+00,9.998936016938039018e+00,6.150238389837175745e+00,7.446717978670000093e+02,2.365900925342000107e+02,-1.281461387999779933e-01
1.490000000000000036e+01,3.826170126775596092e+00,9.979164030199186186e+00,6.152993903423591426e+00,7.451704451409999592e+02,2.366105057551999948e+02,-1.401073077999789862e-01
1.490999999999999837e+01,3.800985222405429909e+00,9.948839349426945589e+00,6.147854127021515680e+00,7.456826074089999565e+02,2.366047175882000033e+02,-1.319728997999969899e-01
1.491999999999999993e+01,3.813453920068519576e+00,9.961494600536166644e+00,6.148040680467645736e+00,7.461858410869999716e+02,2.365974215902000140e+02,-1.228351517999820008e-01
1.493000000000000149e+01,3.873044735358934787e+00,1.002793493482547937e+01,6.154890199466544587e+00,7.466787813309999819e+02,2.366125292012000045e+02,-1.267788198000009969e-01
1.493999999999999950e+01,3.833217083156199578e+00,9.981148044236608285e+00,6.147930961080407819e+00,7.471683292430000165e+02,2.366344261671999902e+02,-1.387472478000019993e-01
1.495000000000000107e+01,3.795766467939774458e+00,9.937766467939775694e+00,6.142000000000000348e+00,7.476655159010000489e+02,2.366277830152000092e+02,-1.306131547999639930e-01
1.495999999999999908e+01,3.778828137258635422e+00,9.920828137258636659e+00,6.142000000000000348e+00,7.481531171389999599e+02,2.366135918811999943e+02,-1.194545447999959958e-01
1.497000000000000064e+01,3.805891917339670361e+00,9.943126458426846170e+00,6.137234541087175366e+00,7.486573830390000239e+02,2.366233115772000133e+02,-1.303767297999640085e-01
1.497999999999999865e+01,3.849288540653897250e+00,9.980038528832050559e+00,6.130749988178153309e+00,7.491544329949999792e+02,2.366366151681999952e+02,-1.443131837999739875e-01
1.499000000000000021e+01,3.823111852452238058e+00,9.958679131360517189e+00,6.135567278908278688e+00,7.496521321909999642e+02,2.366209937602000082e+02,-1.341472877999820013e-01
1.499999999999999822e+01,3.789417020915422984e+00,9.929640170039403912e+00,6.140223149123980484e+00,7.501444414190000316e+02,2.366120618212000011e+02,-1.280062178000110074e-01
1.500999999999999979e+01,3.802130654297241730e+00,9.935742714062675063e+00,6.133612059765433777e+00,7.506511905690000503e+02,2.366309201862000009e+02,-1.439601247999729994e-01
1.502000000000000135e+01,3.816742880149140760e+00,9.947730800200766055e+00,6.130987920051625295e+00,7.511636723410000513e+02,2.366370882902000119e+02,-1.588679777999610077e-01
1.502999999999999936e+01,3.835055313071598970e+00,9.972382152211766382e+00,6.137326839140168744e+00,7.516705543770000304e+02,2.366009747861999983e+02,-1.436277087999739965e-01
1.504000000000000092e+01,3.813119171403964724e+00,9.958283419982775442e+00,6.145164248578810273e+00,7.521738717550000501e+02,2.365746669092000047e+02,-1.304228407999959982e-01
1.504999999999999893e+01,3.787796861913139690e+00,9.941033766806235406e+00,6.153236904893095272e+00,7.526809907470000098e+02,2.366045890171999986e+02,-1.394156538000120016e-01
1.506000000000000050e+01,3.813172535643094552e+00,9.973953559753203635e+00,6.160781024110108639e+00,7.531745622290000028e+02,2.366437326502000076e+02,-1.544440537999980101e-01
1.506999999999999851e+01,3.812401788378758205e+00,9.976707004474054230e+00,6.164305216095296025e+00,7.536724041630000102e+02,2.366431543452000028e+02,-1.413311797999640129e-01
1.508000000000000007e+01,3.792400195623658821e+00,9.957231769423035672e+00,6.164831573799377296e+00,7.541677639570000338e+02,2.366334197312000072e+02,-1.281865537999870019e-01
1.508999999999999808e+01,3.755650019167346976e+00,9.916314307619824575e+00,6.160664288452477599e+00,7.546729699009999877e+02,2.366442159622000077e+02,-1.331122887999829918e-01
1.509999999999999964e+01,3.730967209028086096e+00,9.886479420720243994e+00,6.155512211692157898e+00,7.551719596069999625e+02,2.366586319191999905e+02,-1.470522357999919927e-01
1.511000000000000121e+01,3.762779800038500877e+00,9.916344302076961270e+00,6.153564502038459061e+00,7.556751378410000370e+02,2.366523095931999876e+02,-1.449179807999829983e-01
1.511999999999999922e+01,3.758327830263332281e+00,9.911697348364324256e+00,6.153369518100991087e+00,7.561687299889999849e+02,2.366384498692000022e+02,-1.367592268000019928e-01
1.513000000000000078e+01,3.739001538676374636e+00,9.892893388982418656e+00,6.153891850306044020e+00,7.566603013510000437e+02,2.366424473222000131e+02,-1.446640277999839963e-01
1.513999999999999879e+01,3.693789370526432414e+00,9.854932546301849783e+00,6.161143175775418257e+00,7.571575234110000565e+02,2.366527381692000063e+02,-1.635898467999890027e-01
1.515000000000000036e+01,3.671746150356663296e+00,9.838746150356662667e+00,6.166999999999999815e+00,7.576572200209999437e+02,2.366372201752000137e+02,-1.564238907999830064e-01
1.515999999999999837e+01,3.704559043519415340e+00,9.871559043519415155e+00,6.166999999999999815e+00,7.581473866549999912e+02,2.366131805272000008e+02,-1.392299247999879974e-01
1.516999999999999993e+01,3.723311288166816890e+00,9.886264541998198041e+00,6.162953253831380707e+00,7.586468871230000559e+02,2.366186464522000108e+02,-1.431381168000069870e-01
1.518000000000000149e+01,3.723441875952340219e+00,9.877420409642814647e+00,6.153978533690474428e+00,7.591627354129999503e+02,2.366360246001999883e+02,-1.580847707999930019e-01
1.518999999999999950e+01,3.708996082285787921e+00,9.862419008527549380e+00,6.153422926241760571e+00,7.596856223949999958e+02,2.366178276391999873e+02,-1.499041978000119901e-01
1.520000000000000107e+01,3.706299988181194660e+00,9.862379016054864778e+00,6.156079027873668785e+00,7.601873959009999453e+02,2.365834682121999890e+02,-1.226711757999680019e-01
1.520999999999999908e+01,3.746194609483218585e+00,9.917073254936671134e+00,6.170878645453452549e+00,7.606860983970000234e+02,2.366029112891999944e+02,-1.266288577999870046e-01
1.522000000000000064e+01,3.746697922710351403e+00,9.931685812770924215e+00,6.184987890060573257e+00,7.611970158530000390e+02,2.366540276721999874e+02,-1.516957047999639985e-01
1.522999999999999865e+01,3.727018464478736082e+00,9.925303285776886142e+00,6.198284821298150504e+00,7.616975701390000495e+02,2.366585769241999913e+02,-1.486003827999790028e-01
1.524000000000000021e+01,3.728948542813700140e+00,9.951038830971365101e+00,6.222090288157664517e+00,7.621889626949999865e+02,2.366306078592000119e+02,-1.293922677999730098e-01
1.524999999999999822e+01,3.741835025029855988e+00,9.981208223027467241e+00,6.239373197997611697e+00,7.626755996289999757e+02,2.366333148932000086e+02,-1.392936267999639877e-01
1.525999999999999979e+01,3.766655468690536246e+00,1.000404303119529281e+01,6.237387562504757454e+00,7.631702551829999948e+02,2.366534718942000097e+02,-1.592548318000029939e-01
1.527000000000000135e+01,3.769607639190382997e+00,1.000825451014387468e+01,6.238646870953492574e+00,7.636716076630000316e+02,2.366440404662000105e+02,-1.571100137999930091e-01
1.527999999999999936e+01,3.724043978283606116e+00,9.971070373082023153e+00,6.247026394798417037e+00,7.641644853169999578e+02,2.366251495431999956e+02,-1.439336357999599914e-01
1.529000000000000092e+01,3.709518627837521176e+00,9.957836678473544367e+00,6.248318050636022747e+00,7.646472708270000567e+02,2.366426822681999909e+02,-1.478881187999780134e-01
1.529999999999999893e+01,3.742247072448225964e+00,9.980939109963452793e+00,6.238692037515227717e+00,7.651446345150000070e+02,2.366680338582000047e+02,-1.588669898000029945e-01
1.531000000000000050e+01,3.736013341880592087e+00,9.979672596391374384e+00,6.243659254510782297e+00,7.656498653849999982e+02,2.366608448021999891e+02,-1.517291877999979999e-01
1.531999999999999851e+01,3.721192019095337145e+00,9.973085341820150163e+00,6.251893322724812130e+00,7.661664755790000072e+02,2.366473223831999917e+02,-1.365664578000110041e-01
1.533000000000000007e+01,3.679190686510259489e+00,9.938608467935859281e+00,6.259417781425598903e+00,7.666584744470000032e+02,2.366613746271999901e+02,-1.405066117999750064e-01
1.533999999999999808e+01,3.679916010038923879e+00,9.942916010038924668e+00,6.262999999999999901e+00,7.671552964109999948e+02,2.366786716901999910e+02,-1.544572057999830106e-01
1.534999999999999964e+01,3.721100278937534700e+00,9.984100278937534156e+00,6.262999999999999901e+00,7.676720813729999691e+02,2.366620941911999978e+02,-1.562837687999930059e-01
1.536000000000000121e+01,3.733999999999999986e+00,9.996447150903851053e+00,6.262447150903850179e+00,7.682012128489999441e+02,2.366222392971999966e+02,-1.420253567999829880e-01
1.536999999999999922e+01,3.729336628798083808e+00,9.991150093950007971e+00,6.261813465151923275e+00,7.686944630089999464e+02,2.366143697811999971e+02,-1.338878128000030032e-01
1.538000000000000078e+01,3.717913810770929750e+00,9.979270363201766969e+00,6.261356552430837219e+00,7.691750562949999903e+02,2.366527618432000111e+02,-1.519164677999750024e-01
1.538999999999999879e+01,3.723707319753805756e+00,9.982534647517448789e+00,6.258827327763642145e+00,7.696703655710000476e+02,2.366790083872000139e+02,-1.598989338000119942e-01
1.540000000000000036e+01,3.786200656437268997e+00,1.003579601400903520e+01,6.249595357571767096e+00,7.701814412830000265e+02,2.366571605581999904e+02,-1.437080557999919905e-01
1.540999999999999837e+01,3.790939715377498853e+00,1.004499999999999993e+01,6.254060284622500632e+00,7.706771439530000407e+02,2.366414216242000066e+02,-1.345421957999780038e-01
1.541999999999999993e+01,3.783747975909171668e+00,1.004499999999999993e+01,6.261252024090827817e+00,7.711605874030000223e+02,2.366649768601999995e+02,-1.455178258000029978e-01
1.543000000000000149e+01,3.782999999999999918e+00,1.003973004230726396e+01,6.256730042307263595e+00,7.716484798889999865e+02,2.366807802042000048e+02,-1.544651037999600074e-01
1.543999999999999950e+01,3.782999999999999918e+00,1.003364821963191744e+01,6.250648219631917080e+00,7.721535083590000568e+02,2.366595887491999974e+02,-1.382778867999980010e-01
1.545000000000000107e+01,3.822422690757082187e+00,1.006256701806781173e+01,6.240144327310729544e+00,7.726506386849999899e+02,2.366539333812000052e+02,-1.331473108000020000e-01
1.545999999999999908e+01,3.830699863760920643e+00,1.006571862227586323e+01,6.235018758514942583e+00,7.731525983650000171e+02,2.366865091502000098e+02,-1.581507377999790132e-01
1.547000000000000064e+01,3.794251607991876440e+00,1.003154838249238523e+01,6.237296774500507901e+00,7.736570361469999852e+02,2.366932196301999909e+02,-1.730622937999659883e-01
1.547999999999999865e+01,3.777443369627866421e+00,1.002655663037213429e+01,6.249113260744266540e+00,7.741762972129999980e+02,2.366508085941999866e+02,-1.557970397999690060e-01
1.549000000000000021e+01,3.779833467493995069e+00,1.003983346749399530e+01,6.259999999999999787e+00,7.746885438470000054e+02,2.366259979641999962e+02,-1.465954938000109953e-01
1.549999999999999822e+01,3.804530795308749713e+00,1.006453079530874994e+01,6.259999999999999787e+00,7.751807457810000415e+02,2.366540420231999917e+02,-1.625850447999739878e-01
1.550999999999999979e+01,3.805074697317067045e+00,1.006336314985474800e+01,6.258288452537680513e+00,7.756657571409999719e+02,2.366676776342000039e+02,-1.715253157999900024e-01
1.552000000000000135e+01,3.741134074468041693e+00,9.992956621324360356e+00,6.251822546856319107e+00,7.761827934670000104e+02,2.366291460722000011e+02,-1.542742437999929939e-01
1.552999999999999936e+01,3.751066651454297851e+00,1.000539471882745701e+01,6.254328067373160494e+00,7.766960061810000298e+02,2.365874090501999945e+02,-1.320126808000020024e-01
1.554000000000000092e+01,3.770764383645879292e+00,1.002872098063327755e+01,6.257956596987399145e+00,7.771838405590000320e+02,2.366042284021999933e+02,-1.359635237999639867e-01
1.554999999999999893e+01,3.786913369233074533e+00,1.004557642628445358e+01,6.258663057051378154e+00,7.776668589869999551e+02,2.366527751412000100e+02,-1.540274657999929908e-01
1.556000000000000050e+01,3.785646466703135982e+00,1.004136009013937425e+01,6.255713623436237825e+00,7.781612524790000407e+02,2.366599704472000099e+02,-1.529428627999599999e-01
1.556999999999999851e+01,3.766351908897508594e+00,1.001528636337501155e+01,6.248934454477503841e+00,7.786808851629999708e+02,2.366285949301999949e+02,-1.367164667999969940e-01
1.558000000000000007e+01,3.782003395707741245e+00,1.002762238942666606e+01,6.245618993718925260e+00,7.791800144569999702e+02,2.366230182802000002e+02,-1.415857887999920073e-01
1.558999999999999808e+01,3.820406493096994094e+00,1.006609130875430935e+01,6.245684815657314815e+00,7.796684522189999598e+02,2.366468197032000091e+02,-1.635612477999839887e-01
1.559999999999999964e+01,3.813518071706462731e+00,1.006715106589131281e+01,6.253632994184850524e+00,7.801671255290000317e+02,2.366492299971999955e+02,-1.684588497999799928e-01
1.561000000000000121e+01,3.804251875939820948e+00,1.006260270135334167e+01,6.258350825413520724e+00,7.806744918470000130e+02,2.366221764441999937e+02,-1.482504047999979868e-01
1.561999999999999922e+01,3.787252998800515247e+00,1.003812431827274132e+01,6.250871319472226517e+00,7.811638360270000021e+02,2.366300921792000054e+02,-1.451694538000120049e-01
1.563000000000000078e+01,3.810683204454281103e+00,1.005894498566883399e+01,6.248261781214552002e+00,7.816540721750000102e+02,2.366750267991999976e+02,-1.682190787999789938e-01
1.563999999999999879e+01,3.848220492889444344e+00,1.009548127974572651e+01,6.247260786856281278e+00,7.821528015950000281e+02,2.366764528372000029e+02,-1.691131698000120087e-01
1.565000000000000036e+01,3.824405440363961350e+00,1.006436141979511412e+01,6.239955979431153210e+00,7.826726867529999936e+02,2.366231056171999967e+02,-1.388091087999840101e-01
1.565999999999999837e+01,3.786586987971667817e+00,1.002289221540717712e+01,6.236305227435510190e+00,7.831831949270000450e+02,2.366112026602000071e+02,-1.336535147999879936e-01
1.566999999999999993e+01,3.760661134229386526e+00,1.000331555033647568e+01,6.242654416107089155e+00,7.836811346309999635e+02,2.366615604161999897e+02,-1.637206047999600067e-01
1.568000000000000149e+01,3.774432671489866831e+00,1.001245805768467356e+01,6.238025386194806288e+00,7.841730784989999847e+02,2.366765792761999876e+02,-1.766642397999939884e-01
1.568999999999999950e+01,3.831346616300414620e+00,1.005293400261474090e+01,6.221587386314326729e+00,7.846848640010000508e+02,2.366247516322000024e+02,-1.523673807999930130e-01
1.570000000000000107e+01,3.792095244604569704e+00,1.002762719717926210e+01,6.235531952574692838e+00,7.851995052590000341e+02,2.365930840642000135e+02,-1.381410777999839967e-01
1.570999999999999908e+01,3.755024915082947778e+00,1.000254122081754815e+01,6.247516305734599484e+00,7.856864307770000551e+02,2.366258279122000090e+02,-1.561483968000119960e-01
1.572000000000000064e+01,3.719935963173553795e+00,9.958859056195649373e+00,6.238923093022094690e+00,7.861621453010000096e+02,2.366619523551999862e+02,-1.701701107999649965e-01
1.572999999999999865e+01,3.737064971437797478e+00,9.968110714942719497e+00,6.231045743504920686e+00,7.866530829829999902e+02,2.366419525942000064e+02,-1.559902458000129999e-01
1.574000000000000021e+01,3.781798494743072947e+00,1.000521920586641222e+01,6.223420711123339721e+00,7.871596230310000237e+02,2.366118292982000071e+02,-1.407711867999690003e-01
1.574999999999999822e+01,3.766570622106748534e+00,9.995044749825670038e+00,6.228474127718921061e+00,7.876566159889999881e+02,2.366261312572000008e+02,-1.547111757999790060e-01
1.575999999999999979e+01,3.735833365258476757e+00,9.973966711361867965e+00,6.238133346103390764e+00,7.881467652869999938e+02,2.366550420462000091e+02,-1.757042737999940096e-01
1.577000000000000135e+01,3.749084836442625246e+00,9.992518771019675228e+00,6.243433934577049982e+00,7.886456082590000278e+02,2.366544784042000060e+02,-1.745913067999609880e-01
1.577999999999999936e+01,3.767355552762141624e+00,1.001410935400524416e+01,6.246753801243101201e+00,7.891583959509999886e+02,2.366377328851999948e+02,-1.594180557999750059e-01
1.579000000000000092e+01,3.793383713235934263e+00,1.003945256288761989e+01,6.246068849651686072e+00,7.896513359729999593e+02,2.366528440241999931e+02,-1.623617297999599973e-01
1.579999999999999893e+01,3.755534215222145367e+00,1.000880896304737711e+01,6.253274747825232183e+00,7.901539509289999614e+02,2.366914846402000023e+02,-1.823863757999990010e-01
1.581000000000000050e+01,3.710057557326879252e+00,9.971507884099574781e+00,6.261450326772695085e+00,7.906631198510000331e+02,2.366854972522000082e+02,-1.822519827999999897e-01
1.581999999999999851e+01,3.757542650039604748e+00,1.001821258030171968e+01,6.260669930262115379e+00,7.911759596150000107e+02,2.366327458792000016e+02,-1.529515978000020038e-01
1.583000000000000007e+01,3.782999999999999918e+00,1.005254851048496256e+01,6.269548510484963977e+00,7.916737725850000515e+02,2.366151312631999986e+02,-1.417786377999790126e-01
1.583999999999999808e+01,3.782999999999999918e+00,1.007057885894145777e+01,6.287578858941459181e+00,7.921585873589999665e+02,2.366497578492000002e+02,-1.597930688000079869e-01
1.584999999999999964e+01,3.754784633124040205e+00,1.004602258420724503e+01,6.291237951083205715e+00,7.926497034029999895e+02,2.366617316621999976e+02,-1.707261317999750061e-01
1.586000000000000121e+01,3.708345975071701162e+00,9.993372588538754542e+00,6.285026613467054268e+00,7.931582099030000563e+02,2.366147072212000069e+02,-1.514469807999699880e-01
1.586999999999999922e+01,3.715224452624299456e+00,1.000078017974924549e+01,6.285555727124945591e+00,7.936561633490000531e+02,2.365770858861999955e+02,-1.352033718000079932e-01
1.588000000000000078e+01,3.721000000000000085e+00,1.000811812662870359e+01,6.287118126628704395e+00,7.941474254610000116e+02,2.366040498822000018e+02,-1.581893667999750008e-01
1.588999999999999879e+01,3.721000000000000085e+00,1.001571502230141064e+01,6.294715022301409668e+00,7.946444498250000379e+02,2.366353493441999944e+02,-1.811893757999999965e-01
1.590000000000000036e+01,3.706273459751617150e+00,1.000818230650107843e+01,6.301908846749460835e+00,7.951493097430000034e+02,2.366171141851999948e+02,-1.760126978000040032e-01
1.590999999999999837e+01,3.685006717761829975e+00,9.994004478507887868e+00,6.308997760746056116e+00,7.956624973089999457e+02,2.365933659782000120e+02,-1.648146777999799917e-01
1.591999999999999993e+01,3.688022945491721494e+00,9.998486248991085290e+00,6.310463303499362908e+00,7.961710713249999571e+02,2.366153475572000104e+02,-1.767791717999810108e-01
1.593000000000000149e+01,3.694914562827762872e+00,1.000590799073759030e+01,6.310993427909827425e+00,7.966699759990000302e+02,2.366487965611999869e+02,-1.887862747999800028e-01
1.593999999999999950e+01,3.679242835249488586e+00,9.988351975479426770e+00,6.309109140229938184e+00,7.971646524830000544e+02,2.366510317791999967e+02,-1.786840507999900018e-01
1.595000000000000107e+01,3.675729792641065696e+00,9.978687575116927277e+00,6.302957782475862025e+00,7.976668860109999741e+02,2.366437070062000032e+02,-1.615463717999930104e-01
1.595999999999999908e+01,3.688531184288563747e+00,9.980223742114628038e+00,6.291692557826063847e+00,7.981487860329999648e+02,2.366592036362000044e+02,-1.604938357999609877e-01
1.597000000000000064e+01,3.715166300283724521e+00,1.000500750033776676e+01,6.289841200054042680e+00,7.986403876910000008e+02,2.366802162321999958e+02,-1.724586867999620132e-01
1.597999999999999865e+01,3.755952243214673913e+00,1.005356219430318276e+01,6.297609951088509739e+00,7.991421393790000138e+02,2.366637927001999913e+02,-1.712891177999850134e-01
1.599000000000000021e+01,3.744540286489430603e+00,1.003063361684546528e+01,6.286093330356035125e+00,7.996545253790000061e+02,2.366189929912000025e+02,-1.520169527999790104e-01
1.599999999999999822e+01,3.732942303705289344e+00,1.000844486568144198e+01,6.275502561976154858e+00,8.001501719389999607e+02,2.366042383131999998e+02,-1.468546037999829967e-01
1.600999999999999801e+01,3.744004605207687408e+00,1.002540706131845383e+01,6.281402456110766863e+00,8.006400932450000028e+02,2.366371425741999985e+02,-1.678618417999989954e-01
1.602000000000000313e+01,3.764904469044020985e+00,1.004863526369887872e+01,6.283730794654858620e+00,8.011368584330000431e+02,2.366554344772000036e+02,-1.828159647999859916e-01
1.603000000000000114e+01,3.790257598153004892e+00,1.007502321440414761e+01,6.284765616251143605e+00,8.016524417330000460e+02,2.366248116922000122e+02,-1.715931577999600111e-01
1.603999999999999915e+01,3.747284141143671476e+00,1.003228414114367162e+01,6.285000000000000142e+00,8.021631456049999542e+02,2.365919318722000071e+02,-1.533634277999889883e-01
1.604999999999999716e+01,3.705010756365940239e+00,9.992180840330370017e+00,6.287170083964428891e+00,8.026590814149999460e+02,2.366072034242000086e+02,-1.593070207999610077e-01
1.606000000000000227e+01,3.699230046902206137e+00,9.992706359372526492e+00,6.293476312470320799e+00,8.031536519369999496e+02,2.366463934722000033e+02,-1.773353817999900051e-01
1.607000000000000028e+01,3.719396756898308176e+00,1.000161985780463958e+01,6.282223100906331403e+00,8.036515519790000326e+02,2.366447991592000051e+02,-1.692189428000089868e-01
1.607999999999999829e+01,3.771699302522206754e+00,1.002088921671870914e+01,6.249189914196500162e+00,8.041468235910000431e+02,2.366190618821999863e+02,-1.480178257999940072e-01
1.608999999999999631e+01,3.759108186890453673e+00,1.000166228033567961e+01,6.242554093445226826e+00,8.046437586629999714e+02,2.366343763211999942e+02,-1.579613737999850109e-01
1.610000000000000142e+01,3.746141241816167700e+00,9.982211862724250651e+00,6.236070620908083839e+00,8.051407258069999671e+02,2.366666776792000064e+02,-1.799649237999760010e-01
1.610999999999999943e+01,3.739275823255209907e+00,9.975793067620193355e+00,6.236517244364983448e+00,8.056329221490000236e+02,2.366597248362000130e+02,-1.788308937999990023e-01
1.611999999999999744e+01,3.734156826739882806e+00,9.969953726930405935e+00,6.235796900190521797e+00,8.061333572910000385e+02,2.366312668662000078e+02,-1.606190487999699934e-01
1.613000000000000256e+01,3.746481040338616175e+00,9.969460758386455623e+00,6.222979718047839448e+00,8.066245846670000219e+02,2.366412862791999885e+02,-1.595451137999940039e-01
1.614000000000000057e+01,3.761126843958589649e+00,9.972001770200245474e+00,6.210874926241656269e+00,8.071252596509999648e+02,2.366788180572000044e+02,-1.785662727999990096e-01
1.614999999999999858e+01,3.798910979358771645e+00,1.000827454018441998e+01,6.209363560825648776e+00,8.076272687389999874e+02,2.366754303081999922e+02,-1.774426377999659965e-01
1.615999999999999659e+01,3.823212557275172951e+00,1.002246091799621652e+01,6.199248360721043127e+00,8.081367155049999838e+02,2.366294788742000037e+02,-1.531670307999649927e-01
1.617000000000000171e+01,3.842902588641870842e+00,1.002952913438426208e+01,6.186626545742390348e+00,8.086398048910000398e+02,2.366071644692000007e+02,-1.399763027999889886e-01
1.617999999999999972e+01,3.839404458547253984e+00,1.002448953589764713e+01,6.185085077350392702e+00,8.091349451710000267e+02,2.366363743651999982e+02,-1.569693197999839918e-01
1.618999999999999773e+01,3.837209321313304500e+00,1.001948569092076546e+01,6.182276369607461852e+00,8.096254921229999582e+02,2.366583177461999981e+02,-1.719377087999710008e-01
1.620000000000000284e+01,3.850443222767175211e+00,1.002101267955005959e+01,6.170569456782883933e+00,8.101326905549999537e+02,2.366342099052000094e+02,-1.657397847999990126e-01
1.621000000000000085e+01,3.852608670191226548e+00,1.002174434680764925e+01,6.169135676616423147e+00,8.106446212370000239e+02,2.365973865562000071e+02,-1.494958817999789968e-01
1.621999999999999886e+01,3.835130105886196628e+00,1.002104520423544898e+01,6.185915098349251906e+00,8.111477741009999818e+02,2.366090565732000073e+02,-1.574251757999609869e-01
1.622999999999999687e+01,3.840439112287195478e+00,1.002050468367021629e+01,6.180065571383020817e+00,8.116464527809999936e+02,2.366464672971999903e+02,-1.784463647999759983e-01
1.624000000000000199e+01,3.846964359040082382e+00,1.001871692544295911e+01,6.171752566402878060e+00,8.121470647310000004e+02,2.366500075971999877e+02,-1.783474897999760000e-01
1.625000000000000000e+01,3.846266695020599702e+00,9.993601020741587959e+00,6.147334325720988701e+00,8.126491535229999954e+02,2.366276714731999959e+02,-1.551568428000079936e-01
1.625999999999999801e+01,3.835146367614619134e+00,9.966106173634912579e+00,6.130959806020293001e+00,8.131333916150000505e+02,2.366373024771999951e+02,-1.510830727999890044e-01
1.627000000000000313e+01,3.816747450513505502e+00,9.935772823819561950e+00,6.119025373306056892e+00,8.136289032910000287e+02,2.366775514201999897e+02,-1.681149537999850063e-01
1.628000000000000114e+01,3.818628990526179656e+00,9.927413287324498015e+00,6.108784296798319247e+00,8.141262921270000561e+02,2.366849141952000082e+02,-1.680302817999849985e-01
1.628999999999999915e+01,3.833074395449079130e+00,9.934074395449078665e+00,6.100999999999999979e+00,8.146272398070000236e+02,2.366474779691999970e+02,-1.477866338000040081e-01
1.629999999999999716e+01,3.833586144708278187e+00,9.934586144708278610e+00,6.100999999999999979e+00,8.151088514670000222e+02,2.366329342571999916e+02,-1.396281317999640004e-01
1.631000000000000227e+01,3.824202842983281059e+00,9.926761481599577053e+00,6.102558638616295994e+00,8.156031091449999622e+02,2.366600621942000089e+02,-1.646140517999989950e-01
1.632000000000000028e+01,3.776722448962561263e+00,9.886834786627609617e+00,6.110112337665047022e+00,8.161108842590000449e+02,2.366609499351999943e+02,-1.805043287999610058e-01
1.632999999999999829e+01,3.761760615550002740e+00,9.870405528634679015e+00,6.108644913084676276e+00,8.166223858810000138e+02,2.366140964912000015e+02,-1.612251148000120038e-01
1.633999999999999631e+01,3.805254365472633626e+00,9.896361476169152738e+00,6.091107110696518667e+00,8.171272440230000029e+02,2.365958895562000066e+02,-1.480484847999800069e-01
1.635000000000000142e+01,3.819926246814379311e+00,9.909467545013825429e+00,6.089541298199447006e+00,8.176161959190000061e+02,2.366457731291999949e+02,-1.671158297999849884e-01
1.635999999999999943e+01,3.832888672361667748e+00,9.921931415732371917e+00,6.089042743370705502e+00,8.181129898489999732e+02,2.366811048712000058e+02,-1.791300447999860102e-01
1.636999999999999744e+01,3.850907634968609994e+00,9.915846769820973350e+00,6.064939134852362912e+00,8.186235799470000529e+02,2.366502182591999883e+02,-1.619073787999890102e-01
1.638000000000000256e+01,3.866955616760657133e+00,9.918955616760657179e+00,6.051999999999999602e+00,8.191480032109999456e+02,2.366051076981999870e+02,-1.416314328000070066e-01
1.639000000000000057e+01,3.879522835961153771e+00,9.931522835961153817e+00,6.051999999999999602e+00,8.196407998290000023e+02,2.366051863181999977e+02,-1.445221027999940011e-01
1.639999999999999858e+01,3.862286474746864151e+00,9.919931991312679997e+00,6.057645516565814958e+00,8.201288942710000356e+02,2.366349991172000102e+02,-1.605188078000130136e-01
1.640999999999999659e+01,3.834084501199361394e+00,9.898915498800636925e+00,6.064830997601276863e+00,8.206202363090000063e+02,2.366430112102000010e+02,-1.624377847999660118e-01
1.642000000000000171e+01,3.834585682773785198e+00,9.898414317226214010e+00,6.063828634452429256e+00,8.211196477070000128e+02,2.366324885841999901e+02,-1.542895097999839871e-01
1.642999999999999972e+01,3.840519943119606427e+00,9.903632595020006590e+00,6.063112651900399719e+00,8.216073375710000164e+02,2.366342930572000114e+02,-1.531873788000079895e-01
1.643999999999999773e+01,3.875606709504705094e+00,9.939435417861943733e+00,6.063828708357238639e+00,8.220830224649999991e+02,2.366533917732000134e+02,-1.661490247999840020e-01
1.645000000000000284e+01,3.855574561462928873e+00,9.924952347132105501e+00,6.069377785669176184e+00,8.225795843649999597e+02,2.366576953892000006e+02,-1.680537567999939863e-01
1.646000000000000085e+01,3.817481022800519153e+00,9.894065694162582858e+00,6.076584671362064149e+00,8.230925437170000123e+02,2.366379441821999876e+02,-1.558698827999940029e-01
1.646999999999999886e+01,3.810000000000000053e+00,9.881253499386962957e+00,6.071253499386964236e+00,8.235978868070000090e+02,2.366287866142000098e+02,-1.407250588000069913e-01
1.647999999999999687e+01,3.819210837049083818e+00,9.889534291174163272e+00,6.070323454125079898e+00,8.240898589729999912e+02,2.366608523692000006e+02,-1.487287977999879884e-01
1.649000000000000199e+01,3.845981483837168202e+00,9.928870751760737079e+00,6.082889267923569321e+00,8.246040240249999442e+02,2.366901680462000002e+02,-1.597179168000119887e-01
1.650000000000000000e+01,3.840358442105281433e+00,9.920988763050511139e+00,6.080630320945228817e+00,8.251278532710000491e+02,2.366730123401999890e+02,-1.555408337999930057e-01
1.650999999999999801e+01,3.810845570768024437e+00,9.877000000000000668e+00,6.066154429231975342e+00,8.256439482209999596e+02,2.366334254111999940e+02,-1.382862477999969864e-01
1.652000000000000313e+01,3.816683220920506603e+00,9.877000000000000668e+00,6.060316779079493621e+00,8.261287008489999835e+02,2.366340464072000032e+02,-1.411806207999830032e-01
1.653000000000000114e+01,3.822000000000000064e+00,9.876944821514323181e+00,6.054944821514323117e+00,8.266221298149999939e+02,2.366581434091999938e+02,-1.601559927999889887e-01
1.653999999999999915e+01,3.822000000000000064e+00,9.876407729710747319e+00,6.054407729710748143e+00,8.271275915630000100e+02,2.366469150172000013e+02,-1.660039727999610137e-01
1.654999999999999716e+01,3.816005694715672192e+00,9.874055900988865986e+00,6.058050206273194682e+00,8.276368708869999864e+02,2.366039022392000106e+02,-1.577388747999790009e-01
1.656000000000000227e+01,3.792520580833176336e+00,9.866439107297246380e+00,6.073918526464069600e+00,8.281288082749999830e+02,2.365839383091999935e+02,-1.495589527999990065e-01
1.657000000000000028e+01,3.798180294794708090e+00,9.885157841644137022e+00,6.086977546849428045e+00,8.286127635970000256e+02,2.365985258732000034e+02,-1.555027977999710043e-01
1.657999999999999829e+01,3.818288035985323958e+00,9.917436057765915081e+00,6.099148021780591122e+00,8.291107522649999737e+02,2.366129271672000129e+02,-1.574428377999800011e-01
1.658999999999999631e+01,3.807451182149808044e+00,9.919680667577566169e+00,6.112229485427757680e+00,8.296125311409999767e+02,2.366135681702000113e+02,-1.463334028000120024e-01
1.660000000000000142e+01,3.787455243594084031e+00,9.912839951755872292e+00,6.125384708161786484e+00,8.301077509030000101e+02,2.366238332192000087e+02,-1.402594137999829960e-01
1.660999999999999943e+01,3.777755924561183143e+00,9.913207345906469570e+00,6.135451421345286427e+00,8.306030036250000421e+02,2.366510710752000080e+02,-1.502454027999750030e-01
1.661999999999999744e+01,3.781852315858863278e+00,9.925647784024819842e+00,6.143795468165956564e+00,8.311203617170000371e+02,2.366595456061999982e+02,-1.581602628000119970e-01
1.663000000000000256e+01,3.801335603029781129e+00,9.951283688197079869e+00,6.149948085167299183e+00,8.316312688770000250e+02,2.366406540732000110e+02,-1.529799237999610040e-01
1.664000000000000057e+01,3.801962714676131672e+00,9.967823466867789861e+00,6.165860752191658634e+00,8.321348458749999963e+02,2.366273466991999896e+02,-1.498209297999749945e-01
1.664999999999999858e+01,3.785000000000000142e+00,9.975137457414247066e+00,6.190137457414246924e+00,8.326151483569999527e+02,2.366357372271999964e+02,-1.497436847999739917e-01
1.665999999999999659e+01,3.785000000000000142e+00,9.981386167036024659e+00,6.196386167036025405e+00,8.331052079190000086e+02,2.366486700492000068e+02,-1.556803338000040116e-01
1.667000000000000171e+01,3.779701564988344309e+00,9.985974496449356863e+00,6.206272931461012554e+00,8.336259026769999991e+02,2.366513324251999961e+02,-1.615739327999750063e-01
1.667999999999999972e+01,3.746441492323882905e+00,9.979537063030429422e+00,6.233095570706545629e+00,8.341307630390000440e+02,2.366330902102000096e+02,-1.583972427999890131e-01
1.668999999999999773e+01,3.726213100372449460e+00,9.979626864536326636e+00,6.253413764163878064e+00,8.346146555489999628e+02,2.366136827681999932e+02,-1.462210477999890124e-01
1.670000000000000284e+01,3.738302532371119646e+00,9.997035646614412130e+00,6.258733114243292484e+00,8.350965248310000106e+02,2.366121713112000009e+02,-1.391084737999840060e-01
1.671000000000000085e+01,3.731542440597056309e+00,1.000437914276892926e+01,6.272836702171874279e+00,8.356087196150000409e+02,2.366233630071999983e+02,-1.450340558000119962e-01
1.671999999999999886e+01,3.664789342023599961e+00,9.977524447940529839e+00,6.312735105916929434e+00,8.361184309269999630e+02,2.366254195621999941e+02,-1.449279218000119884e-01
1.672999999999999687e+01,3.648987425673085649e+00,9.976961005946153094e+00,6.327973580273067888e+00,8.366261713049999571e+02,2.366093627202000107e+02,-1.367582687999739921e-01
1.674000000000000199e+01,3.636702644499922865e+00,9.977943788440006401e+00,6.341241143940083091e+00,8.371158269549999886e+02,2.365942766322000068e+02,-1.285960637999929990e-01
1.675000000000000000e+01,3.669728751189784255e+00,1.001240332621357965e+01,6.342674575023795391e+00,8.376293057689999841e+02,2.366005229031999875e+02,-1.375039318000070010e-01
1.675999999999999801e+01,3.685999999999999943e+00,1.003255309631541614e+01,6.346553096315415310e+00,8.381421589369999765e+02,2.366177300541999955e+02,-1.524506487999930104e-01
1.677000000000000313e+01,3.685999999999999943e+00,1.003877231971827655e+01,6.352772319718275718e+00,8.386299060210000107e+02,2.366185326311999972e+02,-1.523449767999930093e-01
1.678000000000000114e+01,3.707393994992000064e+00,1.006752855379007983e+01,6.360134558798080207e+00,8.391125463509999918e+02,2.366210610612000096e+02,-1.482465037999750046e-01
1.678999999999999915e+01,3.735069292513653494e+00,1.010376148794337503e+01,6.368692195429721536e+00,8.396085957129999997e+02,2.366343429332000028e+02,-1.521830387999930090e-01
1.679999999999999716e+01,3.729305593422779896e+00,1.010847724174499795e+01,6.379171648322218502e+00,8.401307176829999435e+02,2.366470959311999991e+02,-1.601119337999749870e-01
1.681000000000000227e+01,3.715194515255512364e+00,1.010464588644163442e+01,6.389451371186121165e+00,8.406310141249999788e+02,2.366386164561999976e+02,-1.549706897999799937e-01
1.682000000000000028e+01,3.671817261272947164e+00,1.007211294595471074e+01,6.400295684681762687e+00,8.411187854690000449e+02,2.366214443302000063e+02,-1.398014987999940117e-01
1.682999999999999829e+01,3.674526168424036232e+00,1.007825731266317426e+01,6.403731144239136697e+00,8.416047050229999513e+02,2.366191660291999881e+02,-1.316853118000120004e-01
1.683999999999999631e+01,3.693315782874615039e+00,1.009806258194891804e+01,6.404746799074303887e+00,8.421107387910000170e+02,2.366330073071999891e+02,-1.386216187999599891e-01
1.685000000000000142e+01,3.685153636367440200e+00,1.010299999999999976e+01,6.417846363632560447e+00,8.426221070829999462e+02,2.366411327881999966e+02,-1.485365928000070002e-01
1.685999999999999943e+01,3.669563444295498300e+00,1.009856344429549857e+01,6.429000000000000270e+00,8.431235746690000497e+02,2.366296869841999921e+02,-1.513846747999930131e-01
1.686999999999999744e+01,3.656297672105992991e+00,1.008529767210599282e+01,6.429000000000000270e+00,8.436229559930000050e+02,2.366021456871999931e+02,-1.401763437999689887e-01
1.688000000000000256e+01,3.652038033930822714e+00,1.007566305082244362e+01,6.423625016891621797e+00,8.441176044009999941e+02,2.365873304822000023e+02,-1.360140098000079956e-01
1.689000000000000057e+01,3.659095524795075161e+00,1.007023421169609634e+01,6.411138686901020733e+00,8.446285171529999616e+02,2.366034358512000040e+02,-1.479572518000069892e-01
1.689999999999999858e+01,3.652310308419171925e+00,1.006278247376416957e+01,6.410472165344997642e+00,8.451276195230000212e+02,2.366158762402000093e+02,-1.558901647999899887e-01
1.690999999999999659e+01,3.635827167378881342e+00,1.005379574326595105e+01,6.417968575887069704e+00,8.456285981649999712e+02,2.365954445732000124e+02,-1.427065488000129889e-01
1.692000000000000171e+01,3.629944903450738281e+00,1.004684397680541785e+01,6.416899073354679572e+00,8.461318572129999893e+02,2.365701562321999916e+02,-1.235052518000070015e-01
1.692999999999999972e+01,3.623796374000202825e+00,1.003757429523134626e+01,6.413777921231144319e+00,8.466420541390000380e+02,2.365812515702000098e+02,-1.244309057999840040e-01
1.693999999999999773e+01,3.616877961936784569e+00,1.001788343012777105e+01,6.401005468190986925e+00,8.471428985630000170e+02,2.366158129401999872e+02,-1.364415017999839885e-01
1.695000000000000284e+01,3.612180711340809314e+00,1.000671067011213466e+01,6.394529958771326683e+00,8.476260815050000019e+02,2.366263817852000102e+02,-1.333712817999979927e-01
1.696000000000000085e+01,3.612862088942408789e+00,1.001693133413613523e+01,6.404069245193725557e+00,8.481164494289999993e+02,2.366163621761999991e+02,-1.202267607999649990e-01
1.696999999999999886e+01,3.628110673726150370e+00,1.003451907031334400e+01,6.406408396587193188e+00,8.486226541910000378e+02,2.366272083501999930e+02,-1.271524627999700008e-01
1.697999999999999687e+01,3.647145108907055011e+00,1.005406794968832784e+01,6.406922840781271944e+00,8.491352813649999689e+02,2.366483772212000076e+02,-1.511132657999700035e-01
1.699000000000000199e+01,3.664938238153610417e+00,1.006504366669809691e+01,6.400105428544486941e+00,8.496256535070000382e+02,2.366382905801999925e+02,-1.569686307999980102e-01
1.700000000000000000e+01,3.675809083358034357e+00,1.006813625037051629e+01,6.392327167012481937e+00,8.501115126910000299e+02,2.366019784652000055e+02,-1.417323378000119871e-01
1.700999999999999801e+01,3.675293332726670137e+00,1.006039999090005033e+01,6.385106658173381078e+00,8.505968900770000118e+02,2.365916526931999897e+02,-1.345878858000069955e-01
1.702000000000000313e+01,3.651734597085228629e+00,1.003366521320181981e+01,6.381930616116591182e+00,8.510961939589999474e+02,2.366181095931999891e+02,-1.475702377999839887e-01
1.703000000000000114e+01,3.600012361701172559e+00,9.983839297884760100e+00,6.383826936183587542e+00,8.516049374149999949e+02,2.366371207642000059e+02,-1.525241687999789875e-01
1.703999999999999915e+01,3.600520841328363808e+00,9.977229062731270304e+00,6.376708221402907384e+00,8.521116210889999820e+02,2.366220264591999864e+02,-1.383581077999689879e-01
1.704999999999999716e+01,3.603116445419220604e+00,9.973704346924559871e+00,6.370587901505339268e+00,8.526313969550000138e+02,2.366056869891999952e+02,-1.211847217999739990e-01
1.706000000000000227e+01,3.628576606769514878e+00,1.000623677531660149e+01,6.377660168547087061e+00,8.531403677370000196e+02,2.366207152721999876e+02,-1.231245307999830063e-01
1.707000000000000028e+01,3.619212847525734578e+00,9.996011160080366054e+00,6.376798312554631920e+00,8.536435515629999600e+02,2.366493898482000020e+02,-1.381138567999699862e-01
1.707999999999999829e+01,3.592934105304332881e+00,9.965002244259112629e+00,6.372068138954780636e+00,8.541381746009999461e+02,2.366525669861999859e+02,-1.440150717999980068e-01
1.708999999999999631e+01,3.573865633120592022e+00,9.931184000954541347e+00,6.357318367833950212e+00,8.546437184950000301e+02,2.366223514111999862e+02,-1.387959738000029974e-01
1.710000000000000142e+01,3.571912114404040217e+00,9.917912114404041191e+00,6.346000000000000085e+00,8.551471514229999684e+02,2.365940221022000003e+02,-1.325839937999739870e-01
1.710999999999999943e+01,3.596739450809945282e+00,9.942739450809945367e+00,6.346000000000000085e+00,8.556419443449999562e+02,2.365942217761999871e+02,-1.334746338000080135e-01
1.711999999999999744e+01,3.619285841379557667e+00,9.965527604509540893e+00,6.346241763129983227e+00,8.561266128290000097e+02,2.366138617071999874e+02,-1.384361388000019955e-01
1.713000000000000256e+01,3.638355298825318052e+00,9.985330502626293736e+00,6.346975203800973908e+00,8.566138462650000065e+02,2.366236601802000052e+02,-1.353622997999590072e-01
1.714000000000000057e+01,3.623587331457762684e+00,9.970982528087050767e+00,6.347395196629288527e+00,8.571116307569999435e+02,2.366240872991999993e+02,-1.202529727999740033e-01
1.714999999999999858e+01,3.607800563689171458e+00,9.955600549235603225e+00,6.347799985546431323e+00,8.576046253350000370e+02,2.366382388782000135e+02,-1.121931777999919944e-01
1.715999999999999659e+01,3.614019824320594765e+00,9.961281938830037319e+00,6.347262114509442554e+00,8.581137415189999729e+02,2.366682679282000095e+02,-1.231859367999599969e-01
1.717000000000000171e+01,3.638838815228848222e+00,9.984059915373489247e+00,6.345221100144640580e+00,8.586242822089999436e+02,2.366733448342000088e+02,-1.320903327999750076e-01
1.717999999999999972e+01,3.646374154557071812e+00,9.984598153896932615e+00,6.338223999339861692e+00,8.591308231450000221e+02,2.366432074262000071e+02,-1.208712498000070051e-01
1.718999999999999773e+01,3.652000000000000135e+00,9.988958179863319131e+00,6.336958179863319884e+00,8.596276951830000144e+02,2.366245303871999965e+02,-1.116947637999920057e-01
1.720000000000000284e+01,3.652000000000000135e+00,1.000551508522016420e+01,6.353515085220164949e+00,8.601241756030000261e+02,2.366478106021999963e+02,-1.276665558000119882e-01
1.721000000000000085e+01,3.667370291415807948e+00,1.002437029141580815e+01,6.357000000000000206e+00,8.606426213610000104e+02,2.366723271552000085e+02,-1.486378557999709915e-01
1.721999999999999886e+01,3.686338752345251990e+00,1.004333875234525131e+01,6.357000000000000206e+00,8.611534717450000471e+02,2.366544304621999970e+02,-1.444610458000090136e-01
1.722999999999999687e+01,3.656614996410504581e+00,1.002527359770272142e+01,6.368658601292218613e+00,8.616554182429999855e+02,2.366170441792000076e+02,-1.262173647999789983e-01
1.724000000000000199e+01,3.619803519496127997e+00,1.000171425247752133e+01,6.381910732981394219e+00,8.621445043569999598e+02,2.366119347151999932e+02,-1.200904978000069956e-01
1.725000000000000000e+01,3.637626554176134341e+00,1.002824198934545130e+01,6.390615435169317848e+00,8.626401553990000366e+02,2.366321945791999894e+02,-1.270517598000129866e-01
1.725999999999999801e+01,3.665295233121751650e+00,1.006367016902541600e+01,6.398374935903664351e+00,8.631337776210000357e+02,2.366353535261999923e+02,-1.219530617999600025e-01
1.727000000000000313e+01,3.689691982946890825e+00,1.009512913590520178e+01,6.405437152958310065e+00,8.636313625989999991e+02,2.366217323822000083e+02,-1.107942417999930040e-01
1.728000000000000114e+01,3.691766918437588085e+00,1.010103621005765184e+01,6.409269291620063314e+00,8.641358239749999939e+02,2.366104787431999910e+02,-1.076422968000060043e-01
1.728999999999999915e+01,3.671871113866306047e+00,1.008166397929087665e+01,6.409792865424570607e+00,8.646285638169999856e+02,2.366115522032000058e+02,-1.115364957999689932e-01
1.729999999999999716e+01,3.664000000000000146e+00,1.007769923083394481e+01,6.413699230833944220e+00,8.651399888849999797e+02,2.366186828442000092e+02,-1.204479407999829998e-01
1.731000000000000227e+01,3.664000000000000146e+00,1.008351155967091195e+01,6.419511559670912249e+00,8.656372646129999566e+02,2.366280282431999922e+02,-1.243703148000030040e-01
1.732000000000000028e+01,3.657278485231011622e+00,1.007103993086440852e+01,6.413761445633397784e+00,8.661367071949999854e+02,2.366345066481999879e+02,-1.242820658000030054e-01
1.732999999999999829e+01,3.649348074310534429e+00,1.005469614862106909e+01,6.405348074310534656e+00,8.666339245929999606e+02,2.366448715832000005e+02,-1.222080107999929943e-01
1.733999999999999631e+01,3.643710647618554788e+00,1.004342129523710803e+01,6.399710647618554127e+00,8.671446077990000276e+02,2.366649951201999897e+02,-1.271654347999890133e-01
1.735000000000000142e+01,3.633790012908864941e+00,1.003026770422356684e+01,6.396477691314702341e+00,8.676526383149999901e+02,2.366789503962000083e+02,-1.341016997999940064e-01
1.735999999999999943e+01,3.615987603038979259e+00,1.001383471049751961e+01,6.397847107458539462e+00,8.681454030830000193e+02,2.366620385692000070e+02,-1.259323618000119938e-01
1.736999999999999744e+01,3.608708848426797733e+00,1.000626791912903180e+01,6.397559070702232731e+00,8.686397912050000514e+02,2.366342334452000102e+02,-1.087241717999599955e-01
1.738000000000000256e+01,3.602777786985064790e+00,9.999842602567154515e+00,6.397064815582089281e+00,8.691323006129999840e+02,2.366393391851999866e+02,-1.016325768000110041e-01
1.739000000000000057e+01,3.642611984715677487e+00,1.004026701672722055e+01,6.397655032011543064e+00,8.696320328890000155e+02,2.366758367641999996e+02,-1.146502577999889971e-01
1.739999999999999858e+01,3.664000000000000146e+00,1.006199999999999939e+01,6.397999999999999687e+00,8.701329044589999739e+02,2.366923775671999977e+02,-1.245972567999790032e-01
1.740999999999999659e+01,3.664000000000000146e+00,1.006199999999999939e+01,6.397999999999999687e+00,8.706382194730000492e+02,2.366661695761999908e+02,-1.153923227999650025e-01
1.742000000000000171e+01,3.678996771627931928e+00,1.006949838581396506e+01,6.390501614186034018e+00,8.711399390889999950e+02,2.366327591252000104e+02,-1.021627517999870033e-01
1.742999999999999972e+01,3.704951238117206724e+00,1.008247561905860223e+01,6.377524380941396842e+00,8.716284585529999731e+02,2.366375804211999991e+02,-1.110711448000030049e-01
1.743999999999999773e+01,3.708089159193606488e+00,1.007063151776690901e+01,6.362542358573303858e+00,8.721259961209999574e+02,2.366598910431999911e+02,-1.350393328000019932e-01
1.745000000000000284e+01,3.699750462372296766e+00,1.004816014175522021e+01,6.348409679382922555e+00,8.726253518529999837e+02,2.366503456172000028e+02,-1.328945567999930133e-01
1.746000000000000085e+01,3.693641135777644191e+00,1.003427530858555450e+01,6.340634172807910751e+00,8.731480373230000396e+02,2.366181321452000077e+02,-1.196645447999599987e-01
1.746999999999999886e+01,3.719391433789590362e+00,1.004576768998238023e+01,6.326376256192789427e+00,8.736611422989999483e+02,2.366133781771999907e+02,-1.175336148000060005e-01
1.747999999999999687e+01,3.792215017745860894e+00,1.009474638361668575e+01,6.302531365870824409e+00,8.741606158429999596e+02,2.366368611412000007e+02,-1.245053978000130041e-01
1.749000000000000199e+01,3.791721827175976056e+00,1.007448125830938146e+01,6.282759431133405847e+00,8.746591460130000542e+02,2.366593204902000025e+02,-1.224737208000020033e-01
1.750000000000000000e+01,3.778616630439966873e+00,1.004250457827351894e+01,6.263887947833551628e+00,8.751524825789999795e+02,2.366674818612000024e+02,-1.143927157999640037e-01
1.750999999999999801e+01,3.720719232816302569e+00,9.996391968918890925e+00,6.275672736102587912e+00,8.756527520969999614e+02,2.366770194252000010e+02,-1.123150628000119944e-01
1.752000000000000313e+01,3.669388280766114896e+00,9.955912575729721326e+00,6.286524294963607318e+00,8.761447518530000025e+02,2.366910575571999971e+02,-1.202551927999929993e-01
1.753000000000000114e+01,3.747688133807544730e+00,1.000788150473952065e+01,6.260193370931975920e+00,8.766434258289999661e+02,2.366934572671999888e+02,-1.281527767999749989e-01
1.753999999999999915e+01,3.770406776527282844e+00,1.002040677652728284e+01,6.250000000000000000e+00,8.771391313850000415e+02,2.366776724691999902e+02,-1.319868387999930115e-01
1.754999999999999716e+01,3.758111951930685368e+00,1.000811195193068492e+01,6.250000000000000000e+00,8.776291873530000203e+02,2.366555766371999994e+02,-1.297998527999839891e-01
1.756000000000000227e+01,3.745987462107563282e+00,9.995426459076169223e+00,6.249438996968605053e+00,8.781124539950000099e+02,2.366471336031999897e+02,-1.226625127999790010e-01
1.757000000000000028e+01,3.733776315361652554e+00,9.982238420590585193e+00,6.248462105228932195e+00,8.785991746710000143e+02,2.366659138601999928e+02,-1.206204827999689949e-01
1.757999999999999829e+01,3.738442095350181571e+00,9.987747357268954573e+00,6.249305261918772558e+00,8.791184449229999700e+02,2.366935283802000072e+02,-1.286024448000079867e-01
1.758999999999999631e+01,3.751999999999999780e+00,1.000490863223892646e+01,6.252908632238927567e+00,8.796400225050000472e+02,2.366982691871999975e+02,-1.275031347999739939e-01
1.760000000000000142e+01,3.751999999999999780e+00,1.001161970536275092e+01,6.259619705362751141e+00,8.801544355490000271e+02,2.366705986192000069e+02,-1.122909777999890057e-01
1.760999999999999943e+01,3.764014429519921823e+00,1.002732128935531186e+01,6.263306859835389595e+00,8.806564688969999679e+02,2.366492361672000015e+02,-9.610382379996830482e-02
1.761999999999999744e+01,3.800093567402309525e+00,1.006131893851371473e+01,6.261225371111405202e+00,8.811557981490000202e+02,2.366577007241999979e+02,-9.902262680001119866e-02
1.763000000000000256e+01,3.803999999999999826e+00,1.005994897550338862e+01,6.255948975503389242e+00,8.816674247290000039e+02,2.366788478761999954e+02,-1.129835107999650062e-01
1.764000000000000057e+01,3.803999999999999826e+00,1.005436383754754992e+01,6.250363837547549650e+00,8.821733712029999879e+02,2.366766723791999993e+02,-1.158633028000059934e-01
1.764999999999999858e+01,3.784562116917429275e+00,1.004735019789280592e+01,6.262788080975375316e+00,8.826877294690000326e+02,2.366499648992000004e+02,-1.106546208000119963e-01
1.765999999999999659e+01,3.765392254116056048e+00,1.003967400898048545e+01,6.274281754864429850e+00,8.831872007509999776e+02,2.366383980411999914e+02,-1.155027328000060027e-01
1.767000000000000171e+01,3.757879567264195142e+00,1.002328269221279022e+01,6.265403124948594638e+00,8.836787157810000508e+02,2.366433832781999911e+02,-1.264110507999749999e-01
1.767999999999999972e+01,3.766208861313001588e+00,1.002883157583038987e+01,6.262622714517388722e+00,8.841601315210000394e+02,2.366498199572000090e+02,-1.303266907999930113e-01
1.768999999999999773e+01,3.784832599720361568e+00,1.004848996637149305e+01,6.263657366651131042e+00,8.846469915630000287e+02,2.366486111352000137e+02,-1.182140417999929943e-01
1.770000000000000284e+01,3.802748869392991615e+00,1.007708787445882415e+01,6.274339005065832531e+00,8.851464321470000414e+02,2.366551212921999934e+02,-1.091258467999779991e-01
1.771000000000000085e+01,3.805933057695028321e+00,1.009517299314950201e+01,6.289239935454473240e+00,8.856431937830000152e+02,2.366734696432000078e+02,-1.080800658000009989e-01
1.771999999999999886e+01,3.761747212257378958e+00,1.006520787957684249e+01,6.303460667319463973e+00,8.861492832169999474e+02,2.366863337211999863e+02,-1.090128737999789960e-01
1.772999999999999687e+01,3.727338438099979445e+00,1.004312781245384656e+01,6.315789374353868446e+00,8.866446438990000161e+02,2.366765849951999883e+02,-9.986822379996429522e-02
1.774000000000000199e+01,3.720418944025478236e+00,1.004366008122880949e+01,6.323241137203331697e+00,8.871455666529999462e+02,2.366571340561999932e+02,-9.168811279998209662e-02
1.775000000000000000e+01,3.725952252413845756e+00,1.005063483494256360e+01,6.324682582528718733e+00,8.876491171709999435e+02,2.366618366652000134e+02,-9.359269779999210281e-02
1.775999999999999801e+01,3.753061197355216372e+00,1.006870746490347734e+01,6.315646267548261861e+00,8.881493615409999620e+02,2.366893630442000074e+02,-1.025785878000060047e-01
1.777000000000000313e+01,3.748363406423965483e+00,1.005774782724424377e+01,6.309384420820278727e+00,8.886655812269999615e+02,2.367177802392000103e+02,-1.175641057999930045e-01
1.778000000000000114e+01,3.740663557607784018e+00,1.004471701530347261e+01,6.304053457695689033e+00,8.891795160249999981e+02,2.367160395662000099e+02,-1.264436938000080002e-01
1.778999999999999915e+01,3.728046759298039525e+00,1.003260488892611768e+01,6.304558129628078156e+00,8.896824054530000012e+02,2.366796839541999873e+02,-1.152034847999840045e-01
1.779999999999999716e+01,3.716168426812933134e+00,1.002179210670323428e+01,6.305623679890300259e+00,8.901687504730000455e+02,2.366524070941999867e+02,-1.019989738000059987e-01
1.781000000000000227e+01,3.707436195698574188e+00,1.001960904892464299e+01,6.312172853226069691e+00,8.906521609630000285e+02,2.366589895232000060e+02,-9.691462580001129756e-02
1.782000000000000028e+01,3.700144743988651896e+00,1.002420206001215952e+01,6.324057316023506736e+00,8.911518050570000469e+02,2.366794844391999959e+02,-1.018758158000060005e-01
1.782999999999999829e+01,3.693533174523945917e+00,1.003128588443862945e+01,6.337752709914682647e+00,8.916485357310000381e+02,2.366808282311999960e+02,-9.377000279996909604e-02
1.783999999999999631e+01,3.703539159018078397e+00,1.004554922541138851e+01,6.342010066393309664e+00,8.921493994889999612e+02,2.366624074121999968e+02,-7.659348079997309322e-02
1.785000000000000142e+01,3.723209146498467348e+00,1.006366631914332643e+01,6.340457172644857309e+00,8.926365467409999610e+02,2.366561714702000074e+02,-7.446309679996310216e-02
1.785999999999999943e+01,3.722603808493389455e+00,1.005674063294566345e+01,6.334136824452273551e+00,8.931340520149999520e+02,2.366614987012000029e+02,-8.537128879998670539e-02
1.786999999999999744e+01,3.714645048413144135e+00,1.004639249193114203e+01,6.331747443517998342e+00,8.936398279390000425e+02,2.366623112521999985e+02,-9.026167379998299711e-02
1.788000000000000256e+01,3.708551502956866308e+00,1.004740808284052278e+01,6.338856579883656472e+00,8.941458298569999670e+02,2.366591620831999876e+02,-8.613797279996329714e-02
1.789000000000000057e+01,3.705000000000000071e+00,1.004823712175340411e+01,6.343237121753404040e+00,8.946639004449999675e+02,2.366726995651999914e+02,-9.007051079998219800e-02
1.789999999999999858e+01,3.705000000000000071e+00,1.004877839902690795e+01,6.343778399026908765e+00,8.951733011750000060e+02,2.366977438312000004e+02,-9.904560679999710460e-02
1.790999999999999659e+01,3.721176061013257819e+00,1.007454114896830077e+01,6.353365087955044288e+00,8.956882056470000180e+02,2.367141054202000134e+02,-1.029888127999600000e-01
1.792000000000000171e+01,3.739781130895490247e+00,1.010673809198061512e+01,6.366956961085124433e+00,8.961833962230000452e+02,2.367073376861999918e+02,-9.785474379996310368e-02
1.792999999999999972e+01,3.720878980665022429e+00,1.009345549992677249e+01,6.372576519261749617e+00,8.966641793930000404e+02,2.366897595112000090e+02,-8.468568779998750240e-02
1.793999999999999773e+01,3.692977846673082709e+00,1.007056311199114695e+01,6.377585265318063357e+00,8.971479314270000032e+02,2.366903587882000011e+02,-7.758014179998240500e-02
1.795000000000000284e+01,3.631682081977574583e+00,1.001202221312464857e+01,6.380340131147075766e+00,8.976435809150000296e+02,2.367106433481999943e+02,-7.754144579998149822e-02
1.796000000000000085e+01,3.640290582004551467e+00,1.001611489711465097e+01,6.375824315110099505e+00,8.981511550029999853e+02,2.367325926242000094e+02,-8.250600279997670483e-02
1.796999999999999886e+01,3.669883879376619529e+00,1.003913190618181517e+01,6.369248026805196083e+00,8.986452349850000019e+02,2.367277364031999980e+02,-8.537897679996289679e-02
1.797999999999999687e+01,3.688764797078534663e+00,1.005576479707853466e+01,6.366999999999999993e+00,8.991440754730000435e+02,2.366921264672000120e+02,-8.114234480000119543e-02
1.799000000000000199e+01,3.701910099704087909e+00,1.006891009970408746e+01,6.366999999999999993e+00,8.996389217989999452e+02,2.366562991192000140e+02,-7.390581479999680514e-02
1.800000000000000000e+01,3.690078603118964740e+00,1.005344907414790079e+01,6.363370471028937381e+00,9.001347703149999688e+02,2.366555538961999900e+02,-7.579289280000629792e-02
1.800999999999999801e+01,3.669909972275128496e+00,1.002837456012583495e+01,6.358464587850706451e+00,9.006477668869999889e+02,2.366877935662000141e+02,-9.079261379999159498e-02
1.802000000000000313e+01,3.684127828544072614e+00,1.004922407310346344e+01,6.365096244559391714e+00,9.011606171690000338e+02,2.367050465812000084e+02,-9.273940880000219877e-02
1.803000000000000114e+01,3.686318535848827072e+00,1.005558579441487410e+01,6.369267258566046586e+00,9.016823336730000165e+02,2.366898053651999874e+02,-7.956949179996819499e-02
1.803999999999999915e+01,3.673665215242099880e+00,1.004343860663241550e+01,6.369773391390316064e+00,9.021866788329999736e+02,2.366805837422000138e+02,-6.642467679999129737e-02
1.804999999999999716e+01,3.660875753287217815e+00,1.003771503013148880e+01,6.376839276844271431e+00,9.026806746710000198e+02,2.366947464561999936e+02,-7.136478279998649532e-02
1.806000000000000227e+01,3.647831087021677909e+00,1.003719324348086772e+01,6.389362156459188924e+00,9.031717326069999672e+02,2.367077362772000129e+02,-7.730141079995869746e-02
1.807000000000000028e+01,3.670493344317837803e+00,1.004834645955974359e+01,6.377853115241904902e+00,9.036676619370000481e+02,2.366880250391999994e+02,-6.212144679997139846e-02
1.807999999999999829e+01,3.704824989051948680e+00,1.006055206052489304e+01,6.355727071472944800e+00,9.041654181310000240e+02,2.366714052632000005e+02,-5.195201579998030145e-02
1.808999999999999631e+01,3.698553717674143204e+00,1.004748691182113163e+01,6.348933194146988868e+00,9.046572471150000183e+02,2.366884349711999960e+02,-6.090274479999500251e-02
1.810000000000000142e+01,3.695593307405558026e+00,1.003773444876574139e+01,6.342141141360182921e+00,9.051466823629999681e+02,2.367123075051999876e+02,-7.887820679996759843e-02
1.810999999999999943e+01,3.701467345303782963e+00,1.003675544244936901e+01,6.335288097145586939e+00,9.056344565929999817e+02,2.366950895152000101e+02,-7.670893779995779926e-02
1.811999999999999744e+01,3.710532002269563812e+00,1.004053200226956299e+01,6.330000000000000071e+00,9.061230833509999911e+02,2.366629348131999961e+02,-6.348670979998119468e-02
1.813000000000000256e+01,3.730906915121081635e+00,1.006090691512108037e+01,6.330000000000000071e+00,9.066276887970000189e+02,2.366667031092000002e+02,-6.338775079998079653e-02
1.814000000000000057e+01,3.744000000000000217e+00,1.007460281087638343e+01,6.330602810876383657e+00,9.071410558769999852e+02,2.367099959381999952e+02,-7.442635980000540663e-02
1.814999999999999858e+01,3.744000000000000217e+00,1.007625928797504677e+01,6.332259287975047002e+00,9.076606975250000460e+02,2.367486495052000066e+02,-8.244718579998680519e-02
1.815999999999999659e+01,3.734928553113325833e+00,1.006321140073225529e+01,6.328282847618929452e+00,9.081742870049999965e+02,2.367529519601999937e+02,-7.634807379995789400e-02
1.817000000000000171e+01,3.718977141675850806e+00,1.003895220532223398e+01,6.319975063646383617e+00,9.086700473390000070e+02,2.367362040742000033e+02,-7.017866079998580364e-02
1.817999999999999972e+01,3.713146190037150074e+00,1.002676021553222263e+01,6.313614025495073001e+00,9.091689163470000494e+02,2.367176375052000026e+02,-6.200212680000589949e-02
1.818999999999999773e+01,3.711619862943747350e+00,1.001884841674262105e+01,6.307228553798873705e+00,9.096650476329999719e+02,2.367119357221999962e+02,-5.387158979996729824e-02
1.820000000000000284e+01,3.744225346790101661e+00,1.004450519091680150e+01,6.300279844126699835e+00,9.101680853909999769e+02,2.367256201152000017e+02,-5.680798380000900288e-02
1.821000000000000085e+01,3.761205266632545285e+00,1.005238743804440382e+01,6.291182171411858981e+00,9.106647915830000102e+02,2.367449421382000025e+02,-6.276569579998229897e-02
1.821999999999999886e+01,3.727361109944347994e+00,1.000196655154974223e+01,6.274605441605395129e+00,9.111618664650000028e+02,2.367402604421999968e+02,-6.463861279999059961e-02
1.822999999999999687e+01,3.705101985288670186e+00,9.976886091326107930e+00,6.271784106037438633e+00,9.116606486230000428e+02,2.367056700422000119e+02,-5.440555180000110347e-02
1.824000000000000199e+01,3.686563977506413625e+00,9.959323768163971025e+00,6.272759790657556955e+00,9.121467678709999518e+02,2.366823513742000102e+02,-5.121512080001359990e-02
1.825000000000000000e+01,3.691904076828291803e+00,9.968865707559608325e+00,6.276961630731316966e+00,9.126392808309999509e+02,2.366874006662000056e+02,-6.012342979997239989e-02
1.825999999999999801e+01,3.704928260655621308e+00,9.987099564917869543e+00,6.282171304262249123e+00,9.131295677189999651e+02,2.366963506001999917e+02,-6.304595679995760038e-02
1.827000000000000313e+01,3.696087873892980991e+00,9.990436485044281056e+00,6.294348611151299622e+00,9.136425003690000040e+02,2.366946129041999995e+02,-5.492566779997640203e-02
1.828000000000000114e+01,3.683204089536868509e+00,9.990951836418524579e+00,6.307747746881656958e+00,9.141560315189999528e+02,2.366999348951999877e+02,-4.283012679997629663e-02
1.828999999999999915e+01,3.694062250765975275e+00,1.000981711119492168e+01,6.315754860428945960e+00,9.146581005330000380e+02,2.367305880161999880e+02,-4.682660979999520023e-02
1.829999999999999716e+01,3.707034761605754181e+00,1.003020856963452623e+01,6.323173808028772491e+00,9.151624530609999510e+02,2.367563350711999988e+02,-5.880532779999510240e-02
1.831000000000000227e+01,3.708027678072864042e+00,1.003616606843718451e+01,6.328138390364321353e+00,9.156571578010000394e+02,2.367405320821999908e+02,-5.163947679999070228e-02
1.832000000000000028e+01,3.708349761892846708e+00,1.004152825862814424e+01,6.333178496735297536e+00,9.161536005570000043e+02,2.367118284761999973e+02,-3.842768580001450218e-02
1.832999999999999829e+01,3.681516100073161546e+00,1.002206070005307836e+01,6.340544599979916818e+00,9.166487650970000232e+02,2.367230636692000019e+02,-4.035718379996620225e-02
1.833999999999999631e+01,3.662008941636798021e+00,1.000769021083521970e+01,6.345681269198421681e+00,9.171323530610000034e+02,2.367616337842000007e+02,-5.638578779998570240e-02
1.835000000000000142e+01,3.702143853292075182e+00,1.003462284891968181e+01,6.332478995627607077e+00,9.176293440209999517e+02,2.367759674952000069e+02,-6.132583079998069758e-02
1.835999999999999943e+01,3.736040268087362115e+00,1.005719015638429426e+01,6.321149888296932140e+00,9.181085298729999522e+02,2.367512796901999934e+02,-5.013205980001460282e-02
1.836999999999999744e+01,3.747934629894907221e+00,1.006412853410536279e+01,6.316193904210455123e+00,9.186023778249999623e+02,2.367153953431999867e+02,-4.289555080000859860e-02
1.838000000000000256e+01,3.752910605559103274e+00,1.006676863845022396e+01,6.313858032891121574e+00,9.190963135150000198e+02,2.366955207151999900e+02,-4.171554479997609949e-02
1.839000000000000057e+01,3.719371858795769370e+00,1.004547419606080538e+01,6.326102337265036901e+00,9.195973231189999524e+02,2.366920936072000075e+02,-3.559196080000379819e-02
1.839999999999999858e+01,3.691021301844978453e+00,1.002061027235414947e+01,6.329588970509171020e+00,9.201111711089999972e+02,2.367094142052000052e+02,-3.453875279997149772e-02
1.840999999999999659e+01,3.677518972540157360e+00,9.988744775194771108e+00,6.311225802654614192e+00,9.206194574710000325e+02,2.367364299602000131e+02,-3.452099379997179696e-02
1.842000000000000171e+01,3.685653835001530432e+00,9.996889034810223507e+00,6.311235199808693075e+00,9.211358158570000114e+02,2.367448686602000123e+02,-3.643591079998070165e-02
1.842999999999999972e+01,3.719641815669401996e+00,1.005309992591478085e+01,6.333458110245378414e+00,9.216423875330000328e+02,2.367317393392000042e+02,-3.127686579998550237e-02
1.843999999999999773e+01,3.721498317126719968e+00,1.006853870608544099e+01,6.347040388958721024e+00,9.221496730369999568e+02,2.367236518011999920e+02,-2.813546279999869920e-02
1.845000000000000284e+01,3.719973745811248733e+00,1.007753698994699754e+01,6.357563244135747915e+00,9.226572762690000218e+02,2.367275487581999869e+02,-4.003636880000040199e-02
1.846000000000000085e+01,3.706744212210784095e+00,1.004578610930588134e+01,6.339041897095097688e+00,9.231552934149999601e+02,2.367239083171999994e+02,-4.591277579997180003e-02
1.846999999999999886e+01,3.697160299786710791e+00,1.002357759100902435e+01,6.326417291222313111e+00,9.236561023949999480e+02,2.367064505861999919e+02,-3.873972879996560176e-02
1.847999999999999687e+01,3.702904482507647366e+00,1.004128882106524578e+01,6.338384338557598419e+00,9.241330935810000256e+02,2.367026609261999965e+02,-3.062019579998450161e-02
1.849000000000000199e+01,3.705763830384617652e+00,1.005476383038461741e+01,6.349000000000000199e+00,9.246116012710000405e+02,2.367249469111999929e+02,-3.759241979999070060e-02
1.850000000000000000e+01,3.685902484967045201e+00,1.003490248496704496e+01,6.349000000000000199e+00,9.251034876969999914e+02,2.367409711951999896e+02,-4.853960180001420238e-02
1.850999999999999801e+01,3.671418692958987595e+00,1.001788531267508020e+01,6.346466619716093049e+00,9.255983062110000219e+02,2.367231749981999940e+02,-4.036668679997659770e-02
1.852000000000000313e+01,3.678419165378917111e+00,1.001238494148799418e+01,6.333965776109076629e+00,9.260965738329999795e+02,2.366975946061999991e+02,-2.316548279998039903e-02
1.853000000000000114e+01,3.690917093430141183e+00,1.001491709343014058e+01,6.323999999999999844e+00,9.265953894369999944e+02,2.367150550592000116e+02,-2.311611879998049998e-02
1.853999999999999915e+01,3.725251001242031013e+00,1.004925100124203041e+01,6.323999999999999844e+00,9.270996573769999713e+02,2.367598281052000004e+02,-3.516198079998120174e-02
1.854999999999999716e+01,3.707217785194621751e+00,1.002709263082576108e+01,6.319874845631139770e+00,9.276131083789999821e+02,2.367841055272000119e+02,-4.313346379996230162e-02
1.856000000000000227e+01,3.674465300229225129e+00,9.989099748265902079e+00,6.314634448036676062e+00,9.281207919810000249e+02,2.367690435252000043e+02,-3.596733980001470127e-02
1.857000000000000028e+01,3.679985497949298967e+00,9.984308022474941424e+00,6.304322524525641569e+00,9.286271623669999826e+02,2.367418941651999944e+02,-2.675884979999990088e-02
1.857999999999999829e+01,3.723141416243334501e+00,1.001307449698572860e+01,6.289933080742395433e+00,9.291271747069999947e+02,2.367383924181999930e+02,-2.563525679996609893e-02
1.858999999999999631e+01,3.757406744563574819e+00,1.004626903379596392e+01,6.288862289232388214e+00,9.296310402889999978e+02,2.367551218581999990e+02,-3.058222279996089879e-02
1.860000000000000142e+01,3.780357616792057396e+00,1.006724344482215194e+01,6.286885828030094103e+00,9.301293139470000142e+02,2.367645313122000061e+02,-3.250458779997129899e-02
1.860999999999999943e+01,3.756353406472588752e+00,1.003747822402601031e+01,6.281124817553421558e+00,9.306077024930000334e+02,2.367538100751999934e+02,-2.436028879998990149e-02
1.861999999999999744e+01,3.734069279928877716e+00,1.000928174756100475e+01,6.275212467632127478e+00,9.311006398089999720e+02,2.367338784481999880e+02,-2.318030380001279839e-02
1.863000000000000256e+01,3.727219497702466189e+00,9.996635995758399673e+00,6.269416498055933040e+00,9.315965159150000545e+02,2.367151056021999977e+02,-2.500377279996550059e-02
1.864000000000000057e+01,3.726249406654843721e+00,9.988961264609928392e+00,6.262711857955084227e+00,9.320919930349999731e+02,2.367033213322000051e+02,-2.685198679997500074e-02
1.864999999999999858e+01,3.744557939241294875e+00,9.997411356572905916e+00,6.252853417331611041e+00,9.325987671110000292e+02,2.367041944101999889e+02,-3.074235679999489865e-02
1.865999999999999659e+01,3.753355411709195621e+00,1.000394345696233422e+01,6.250588045253138603e+00,9.331045419250000350e+02,2.367050246011999945e+02,-3.063277179999409836e-02
1.867000000000000171e+01,3.760073982205785814e+00,1.001014521434380100e+01,6.250071232138016519e+00,9.336195296529999723e+02,2.367023813671999903e+02,-2.850886979998560125e-02
1.867999999999999972e+01,3.731111813820705780e+00,9.992786886546991099e+00,6.261675072726286650e+00,9.341300106810000443e+02,2.367084989772000085e+02,-2.541687279999919891e-02
1.868999999999999773e+01,3.697265570454638439e+00,9.972161831995794756e+00,6.274896261541157649e+00,9.346277136930000324e+02,2.367279026951999867e+02,-2.437460579996600027e-02
1.870000000000000284e+01,3.688786685364345619e+00,9.939146741457381751e+00,6.250360056093036576e+00,9.351241927810000334e+02,2.367512040782000042e+02,-3.434643380001330126e-02
1.871000000000000085e+01,3.688166594808095056e+00,9.930621061871471866e+00,6.242454467063376811e+00,9.356222092609999663e+02,2.367475742212000114e+02,-3.722285880000020253e-02
1.871999999999999886e+01,3.694011872847733358e+00,9.942843006863441246e+00,6.248831134015709665e+00,9.361223039689999723e+02,2.367250817631999951e+02,-2.603218179997639908e-02
1.872999999999999687e+01,3.692128640520320637e+00,9.947322613289973248e+00,6.255193972769652611e+00,9.366138726670000096e+02,2.367291215522000130e+02,-2.193705480001300126e-02
1.874000000000000199e+01,3.686315671373302294e+00,9.947807027385557888e+00,6.261491356012256482e+00,9.370965758090000008e+02,2.367656449881999947e+02,-3.595862179996599933e-02
1.875000000000000000e+01,3.699478064139753108e+00,9.970761859029048324e+00,6.271283794889296104e+00,9.375912863629999947e+02,2.367848353731999964e+02,-4.691634579999019727e-02
1.875999999999999801e+01,3.724661621883625262e+00,1.000779650277003796e+01,6.283134880886412255e+00,9.380833375250000472e+02,2.367628782351999917e+02,-3.772935979997649875e-02
1.877000000000000313e+01,3.734999999999999876e+00,1.002346345736962618e+01,6.288463457369626752e+00,9.385932151270000077e+02,2.367269286721999890e+02,-2.448901579999950007e-02
1.878000000000000114e+01,3.729548975402562139e+00,1.001825432542432104e+01,6.288705350021760232e+00,9.390964514690000442e+02,2.367195903381999926e+02,-2.735119579998520137e-02
1.878999999999999915e+01,3.711051727299740310e+00,9.998757226072697790e+00,6.287705498772958812e+00,9.395946113530000048e+02,2.367309930001999874e+02,-3.028062479997169903e-02
1.879999999999999716e+01,3.704084294953681855e+00,9.995359745461675161e+00,6.291275450507992417e+00,9.401008711150000181e+02,2.367408725582000102e+02,-2.820284579996139990e-02
1.881000000000000227e+01,3.724014930431709391e+00,1.002929569235669405e+01,6.305280761924985100e+00,9.406078141870000309e+02,2.367387822841999991e+02,-2.308266479996620019e-02
1.882000000000000028e+01,3.737890737409907960e+00,1.005426326438813334e+01,6.316372526978225821e+00,9.411139316549999876e+02,2.367336116831999959e+02,-2.595185180000849842e-02
1.882999999999999829e+01,3.744384573803549721e+00,1.006833324324102463e+01,6.323948669437474912e+00,9.416232154609999725e+02,2.367256134472000042e+02,-2.981036479997150115e-02
1.883999999999999631e+01,3.736546074518112714e+00,1.006703071634540869e+01,6.330484641827295533e+00,9.421176933189999545e+02,2.367137862902000052e+02,-2.765862379996199966e-02
1.885000000000000142e+01,3.718541593716441884e+00,1.005502772914429599e+01,6.336486135427852773e+00,9.426160513429999810e+02,2.367041732812000134e+02,-2.851385079999519886e-02
1.885999999999999943e+01,3.695939972530821294e+00,1.003929945416663649e+01,6.343359481635815200e+00,9.431100177729999814e+02,2.367013067402000104e+02,-3.339388279999080250e-02
1.886999999999999744e+01,3.675455232542916839e+00,1.002638423945104762e+01,6.350929006908129892e+00,9.436069212170000355e+02,2.366996272041999987e+02,-3.327741679999020319e-02
1.888000000000000256e+01,3.694988863443722238e+00,1.005330897393594114e+01,6.358320110492218902e+00,9.441037663309999743e+02,2.366989672041999881e+02,-2.716452179996139971e-02
1.889000000000000057e+01,3.712879980387041368e+00,1.007526719137029758e+01,6.362387210983256658e+00,9.445939951110000266e+02,2.367089331461999961e+02,-2.509061380000869937e-02
1.889999999999999858e+01,3.726208821276767225e+00,1.008113188136177740e+01,6.354923060085010178e+00,9.450957506150000427e+02,2.367275347402000136e+02,-3.304467379999089655e-02
1.890999999999999659e+01,3.720811075382593369e+00,1.007396416974201792e+01,6.353153094359423214e+00,9.456012419930000306e+02,2.367333320751999963e+02,-3.995272179999530271e-02
1.892000000000000171e+01,3.679533677921195345e+00,1.004185952727203990e+01,6.362325849350844997e+00,9.461090395910000552e+02,2.367162733371999934e+02,-3.277952779998939692e-02
1.892999999999999972e+01,3.661059798515177821e+00,1.003643760805939245e+01,6.375377809544215069e+00,9.466135561889999508e+02,2.367040495541999974e+02,-2.162409579996630096e-02
1.893999999999999773e+01,3.648055327714383900e+00,1.003695778689142593e+01,6.388902459177040249e+00,9.471031009929999982e+02,2.367259959122000055e+02,-1.959260780001419872e-02
1.895000000000000284e+01,3.652971489974519148e+00,1.004159345382655388e+01,6.388621963852033403e+00,9.476005510869999853e+02,2.367673783891999904e+02,-3.062801779998109916e-02
1.896000000000000085e+01,3.659455284801993891e+00,1.004658098830922697e+01,6.387125703507232188e+00,9.480975429349999786e+02,2.367816979881999941e+02,-3.956803679999520290e-02
1.896999999999999886e+01,3.635876980076886422e+00,1.002541624533195197e+01,6.389539265255064215e+00,9.485961552090000168e+02,2.367500850522000064e+02,-3.434555079999990213e-02
1.897999999999999687e+01,3.621999999999999886e+00,1.001611505250885870e+01,6.394115052508858810e+00,9.491032676790000551e+02,2.367099392682000030e+02,-3.009107579998089935e-02
1.899000000000000199e+01,3.621999999999999886e+00,1.002251395772641018e+01,6.400513957726410297e+00,9.496051064389999965e+02,2.367095360392000032e+02,-3.197802779999060069e-02
1.900000000000000000e+01,3.642432057012804592e+00,1.003667546115017473e+01,6.394243404137369247e+00,9.501052949209999952e+02,2.367380431461999990e+02,-4.596742280000069847e-02
1.900999999999999801e+01,3.676024507049846068e+00,1.005587114688562700e+01,6.379846639835780486e+00,9.506071067569999968e+02,2.367556569561999993e+02,-5.091796579999619682e-02
1.902000000000000313e+01,3.671325988678133090e+00,1.004408740704927006e+01,6.372761418371137410e+00,9.510997561970000334e+02,2.367407630332000110e+02,-3.675573379998559737e-02
1.903000000000000114e+01,3.652037437532062114e+00,1.002023051484228766e+01,6.368193077310225547e+00,9.516055568250000078e+02,2.367235938251999983e+02,-2.858258780000499932e-02
1.903999999999999915e+01,3.652222018996660324e+00,1.003190406513140687e+01,6.379682046134746543e+00,9.521093366669999796e+02,2.367242817942000102e+02,-3.647299679998539795e-02
1.904999999999999716e+01,3.659232195182349656e+00,1.005593895491091239e+01,6.396706759728563618e+00,9.526082949670000062e+02,2.367217002481999941e+02,-4.135292379998110196e-02
1.906000000000000227e+01,3.716701143123581463e+00,1.008258520506741007e+01,6.365884061943829053e+00,9.531139818210000385e+02,2.367065242481999974e+02,-3.418684179997660139e-02
1.907000000000000028e+01,3.790225442351434548e+00,1.010975722869509497e+01,6.319531786343660862e+00,9.536153901889999815e+02,2.366961120921999964e+02,-2.703851879997079891e-02
1.907999999999999829e+01,3.721855085139008423e+00,1.006248032124147329e+01,6.340625236102465756e+00,9.541287541189999502e+02,2.367043692112000031e+02,-3.195348079996720297e-02
1.908999999999999631e+01,3.667519355557379512e+00,1.002755960105933042e+01,6.360040245501950018e+00,9.546318488749999460e+02,2.367170552361999967e+02,-3.488633980000969970e-02
1.910000000000000142e+01,3.636009725061377207e+00,1.000805363932370895e+01,6.372043914262332187e+00,9.551302351970000473e+02,2.367244891221999978e+02,-3.080167079999000107e-02
1.910999999999999943e+01,3.637629642663134266e+00,1.001141112127724497e+01,6.373781478614110263e+00,9.556275688109999464e+02,2.367328220411999951e+02,-3.872048579997130341e-02
1.911999999999999744e+01,3.662468508189967498e+00,1.003078543638817344e+01,6.368316928198207272e+00,9.561225915009999881e+02,2.367290000191999866e+02,-4.759693779998529911e-02
1.913000000000000256e+01,3.669197698343245939e+00,1.003488083987184964e+01,6.365683141528603706e+00,9.566306756430000178e+02,2.367069247452000127e+02,-4.740602679998549840e-02
1.914000000000000057e+01,3.662855207423224346e+00,1.002800980804182629e+01,6.365154600618602387e+00,9.571280900709999742e+02,2.366962916491999920e+02,-3.825779979997190328e-02
1.914999999999999858e+01,3.647280721461373165e+00,1.001661312521041225e+01,6.369332403749040417e+00,9.576133579429999827e+02,2.367229771551999988e+02,-4.324402879996659677e-02
1.915999999999999659e+01,3.627568981607814713e+00,1.000312614531060973e+01,6.375557163702795016e+00,9.581015392350000184e+02,2.367688137851999954e+02,-6.129726079999590210e-02
1.917000000000000171e+01,3.627787672229722205e+00,1.000079794537162137e+01,6.373010273141898274e+00,9.585901713629999676e+02,2.367716595132000066e+02,-6.419861979998139900e-02
1.917999999999999972e+01,3.634280704881957647e+00,1.000188011748032757e+01,6.367599412598368147e+00,9.590993921350000164e+02,2.367296697991999963e+02,-4.893709879999529749e-02
1.918999999999999773e+01,3.642546458334930293e+00,9.993873044870074551e+00,6.351326586535144259e+00,9.596057061889999886e+02,2.367035082232000036e+02,-4.273212579996719940e-02
1.920000000000000284e+01,3.645781665000622507e+00,9.988369722499895076e+00,6.342588057499273901e+00,9.601048085590000483e+02,2.367159486122000089e+02,-5.066503880000530063e-02
1.921000000000000085e+01,3.639320902883412145e+00,9.989446516186097469e+00,6.350125613302685323e+00,9.606114984910000203e+02,2.367358406252000123e+02,-5.662254079997700029e-02
1.921999999999999886e+01,3.636000000000000121e+00,9.990270411179018595e+00,6.354270411179018474e+00,9.611264289990000407e+02,2.367341992871999992e+02,-5.350217979999129930e-02
1.922999999999999687e+01,3.636000000000000121e+00,9.990810562512400850e+00,6.354810562512402505e+00,9.616347700970000005e+02,2.367251668522000045e+02,-5.135721479998169720e-02
1.924000000000000199e+01,3.631095915083484726e+00,9.994853209577261310e+00,6.363757294493777472e+00,9.621427139850000003e+02,2.367230947692000029e+02,-5.723694680001049917e-02
1.925000000000000000e+01,3.623619906706432303e+00,1.000072721615923221e+01,6.377107309452799022e+00,9.626452665729999580e+02,2.367277333231999989e+02,-6.114154079997310282e-02
1.925999999999999801e+01,3.596619287980144630e+00,9.976101314265454434e+00,6.379482026285308471e+00,9.631556055290000131e+02,2.367187972462000118e+02,-6.399650379995899807e-02
1.927000000000000313e+01,3.574610228612163265e+00,9.951999999999999957e+00,6.377389771387836248e+00,9.636554740210000318e+02,2.367002700362000098e+02,-6.081991879997310224e-02
1.928000000000000114e+01,3.580816324204690648e+00,9.951999999999999957e+00,6.371183675795309753e+00,9.641421915470000386e+02,2.366840145831999962e+02,-5.265424179999050186e-02
1.928999999999999915e+01,3.603398213576028297e+00,9.966127199710165030e+00,6.362728986134136733e+00,9.646339889030000450e+02,2.366840503162000005e+02,-5.154495679995810264e-02
1.929999999999999716e+01,3.659078741674000046e+00,1.000888189092825087e+01,6.349803149254250378e+00,9.651293805469999825e+02,2.366913061491999883e+02,-4.946033880000479804e-02
1.931000000000000227e+01,3.686661463666628613e+00,1.002956037850337090e+01,6.342898914836741397e+00,9.656186111749999554e+02,2.367012115642000083e+02,-4.838644579997140177e-02
1.932000000000000028e+01,3.652807512851965477e+00,1.000192450028731805e+01,6.349116987435352577e+00,9.661158299050000551e+02,2.367115553312000031e+02,-5.231235479999030158e-02
1.932999999999999829e+01,3.636026518536967345e+00,9.986947555572584179e+00,6.350921037035617722e+00,9.666198366290000195e+02,2.367082674682000061e+02,-5.518865379997740100e-02
1.933999999999999631e+01,3.622373643197872362e+00,9.974373643197871786e+00,6.352000000000000313e+00,9.671365637049999577e+02,2.366927024491999987e+02,-5.301877579996760320e-02
1.935000000000000142e+01,3.643618075619305507e+00,9.995618075619304932e+00,6.352000000000000313e+00,9.676492129189999787e+02,2.366959318972000119e+02,-5.191611979999170151e-02
1.935999999999999943e+01,3.661000000000000032e+00,1.001211726002966884e+01,6.351117260029669254e+00,9.681441790970000056e+02,2.367281862892000106e+02,-5.491982579997729819e-02
1.936999999999999744e+01,3.661000000000000032e+00,1.000627821945042761e+01,6.345278219450427137e+00,9.686437401570000247e+02,2.367676825002000101e+02,-6.694811779997769663e-02
1.938000000000000256e+01,3.657363982342005659e+00,9.999762450672003311e+00,6.342398468329998096e+00,9.691491175390000308e+02,2.367754765711999880e+02,-7.386323579998199662e-02
1.939000000000000057e+01,3.644040005123974524e+00,9.991563080076293346e+00,6.347523074952317934e+00,9.696597681870000542e+02,2.367435351432000061e+02,-7.263693880000679504e-02
1.939999999999999858e+01,3.631165080180722260e+00,9.978649737013052246e+00,6.347484656832328653e+00,9.701566108170000007e+02,2.367078288492000127e+02,-6.340037879999120551e-02
1.940999999999999659e+01,3.618846673124615165e+00,9.955039456822179389e+00,6.336192783697563335e+00,9.706396507990000373e+02,2.367033581192000042e+02,-6.227714279995900243e-02
1.942000000000000171e+01,3.606333102761269505e+00,9.930845701570181205e+00,6.324512598808913033e+00,9.711262033670000164e+02,2.367250876161999997e+02,-7.324563979998199859e-02
1.942999999999999972e+01,3.593538972778953067e+00,9.905749523527944689e+00,6.312210550748993398e+00,9.716165472530000216e+02,2.367330391822000024e+02,-7.616463179996789401e-02
1.943999999999999773e+01,3.587109576539730504e+00,9.893570749169416700e+00,6.306461172629686196e+00,9.721092543570000544e+02,2.367171363072000076e+02,-6.499884680000110604e-02
1.945000000000000284e+01,3.593547004297249714e+00,9.907518509310706989e+00,6.313971505013458163e+00,9.726141142750000199e+02,2.366989011482000080e+02,-5.982216880000559844e-02
1.946000000000000085e+01,3.608572725707751783e+00,9.929836827830449408e+00,6.321264102122698958e+00,9.731148978850000049e+02,2.366994357602000036e+02,-6.271267079999230665e-02
1.946999999999999886e+01,3.634561987600808841e+00,9.963156394360010992e+00,6.328594406759202151e+00,9.736313715989999764e+02,2.367058565561999899e+02,-7.062048179997319763e-02
1.947999999999999687e+01,3.655752032162058907e+00,9.964480209679946299e+00,6.308728177517886948e+00,9.741491277889999765e+02,2.367073566232000132e+02,-7.451062079999129506e-02
1.949000000000000199e+01,3.672391113721429345e+00,9.963938119758516621e+00,6.291547006037086831e+00,9.746592933089999633e+02,2.367014544582000042e+02,-6.637625480001049794e-02
1.950000000000000000e+01,3.658320346946768886e+00,9.963396936421029082e+00,6.305076589474261084e+00,9.751686056349999490e+02,2.367104995891999977e+02,-6.629486580001059393e-02
1.950999999999999801e+01,3.645752126948490712e+00,9.961097953571798058e+00,6.315345826623309122e+00,9.756761790570000130e+02,2.367324594492000074e+02,-6.825944079996300318e-02
1.952000000000000313e+01,3.637481896688578686e+00,9.954100066428797078e+00,6.316618169740219280e+00,9.761692315210000288e+02,2.367455985482000074e+02,-6.419608680000130074e-02
1.953000000000000114e+01,3.662605225752748161e+00,9.978878772443465550e+00,6.316273546690717389e+00,9.766590323509999507e+02,2.367455167551999864e+02,-6.408683780000040686e-02
1.953999999999999915e+01,3.701749338459069172e+00,1.001699277692067191e+01,6.315243438461603631e+00,9.771437542390000317e+02,2.367291296642000020e+02,-6.092117279995810236e-02
1.954999999999999716e+01,3.701043881825031079e+00,1.001086670037404680e+01,6.309822818549016610e+00,9.776330968229999598e+02,2.367019849932000000e+02,-5.871653280000600078e-02
1.956000000000000227e+01,3.687771218879685176e+00,9.990692252697121134e+00,6.302921033817436403e+00,9.781327375450000545e+02,2.366874477272000092e+02,-5.655408179999610319e-02
1.957000000000000028e+01,3.665170926940746199e+00,9.966754345479561294e+00,6.301583418538815096e+00,9.786145240150000291e+02,2.367049340371999904e+02,-5.750860379997310007e-02
1.957999999999999829e+01,3.640864353171700873e+00,9.941961640235133402e+00,6.301097287063433861e+00,9.790989384709999968e+02,2.367465703672000075e+02,-6.954781579997250385e-02
1.958999999999999631e+01,3.651629356419931582e+00,9.953474186496684695e+00,6.301844830076753112e+00,9.795934203670000215e+02,2.367697648081999944e+02,-7.751969780001030652e-02
1.960000000000000142e+01,3.671916597612014055e+00,9.974858035320773197e+00,6.302941437708757810e+00,9.801094338369999832e+02,2.367491544782000119e+02,-7.433217179996849666e-02
1.960999999999999943e+01,3.683880524077560725e+00,9.992320786116341225e+00,6.308440262038780943e+00,9.806389393729999711e+02,2.367202962952000007e+02,-7.211255179995819387e-02
1.961999999999999744e+01,3.695005346815546154e+00,1.000900802022331959e+01,6.314002673407773436e+00,9.811521583449999753e+02,2.367135455911999884e+02,-6.997455180000519692e-02
1.963000000000000256e+01,3.687739422881391338e+00,9.988076842443595282e+00,6.300337419562203500e+00,9.816500325729999759e+02,2.367299506772000086e+02,-6.992167380000620380e-02
1.964000000000000057e+01,3.676254213508883151e+00,9.958406718231280763e+00,6.282152504722398056e+00,9.821533849510000209e+02,2.367556689571999868e+02,-7.390046079996799577e-02
1.964999999999999858e+01,3.678284325256219844e+00,9.946341620976463460e+00,6.268057295720242728e+00,9.826560497589999841e+02,2.367583389991999923e+02,-6.979803280000640431e-02
1.965999999999999659e+01,3.685514890939731281e+00,9.941335844734032534e+00,6.255820953794300365e+00,9.831487011970000367e+02,2.367434133241999916e+02,-6.463574680001049622e-02
1.967000000000000171e+01,3.668207445216507878e+00,9.917276593622011305e+00,6.249069148405502538e+00,9.836363618750000342e+02,2.367281850141999939e+02,-6.447353580001000117e-02
1.967999999999999972e+01,3.649275316484609455e+00,9.892033755312812815e+00,6.242758438828203360e+00,9.841200864989999673e+02,2.367117232841999908e+02,-6.630786179996329965e-02
1.968999999999999773e+01,3.664279835830440035e+00,9.900076817840025356e+00,6.235796982009585321e+00,9.846197296630000437e+02,2.366971472102000007e+02,-7.514534479997740657e-02
1.970000000000000284e+01,3.683813655693133349e+00,9.912598497239187623e+00,6.228784841546054274e+00,9.851188277730000209e+02,2.366745695291999994e+02,-7.195464079999169815e-02
1.971000000000000085e+01,3.673894257230693849e+00,9.908878339597601226e+00,6.234984082366907820e+00,9.856128752390000045e+02,2.366527334451999991e+02,-6.076762479996859756e-02
1.971999999999999886e+01,3.660044290252040255e+00,9.902998296528767952e+00,6.242954006276727696e+00,9.861170244789999515e+02,2.366644922131999920e+02,-5.969695179999120332e-02
1.972999999999999687e+01,3.678316811638709716e+00,9.902295507244664563e+00,6.223978695605955735e+00,9.866228017769999497e+02,2.367003686982000090e+02,-6.271103179997729316e-02
1.974000000000000199e+01,3.689881242066074041e+00,9.901701442917993035e+00,6.211820200851920326e+00,9.871329724449999503e+02,2.367294704912000043e+02,-6.970025879998240081e-02
1.975000000000000000e+01,3.696579369070123189e+00,9.901186202379220092e+00,6.204606833309098235e+00,9.876463931509999838e+02,2.367367327702000068e+02,-7.361169180000159962e-02
1.975999999999999801e+01,3.677321901697009565e+00,9.876273419123151598e+00,6.198951517426142033e+00,9.881507104569999456e+02,2.367104571961999966e+02,-6.740676079997369452e-02
1.977000000000000313e+01,3.642825986715474862e+00,9.836926516097339146e+00,6.194100529381863396e+00,9.886579667749999771e+02,2.366853368751999938e+02,-6.520527779996369844e-02
1.978000000000000114e+01,3.681058413823072417e+00,9.873650817240566369e+00,6.192592403417494396e+00,9.891566391970000041e+02,2.366877612812000109e+02,-6.610290379999579635e-02
1.978999999999999915e+01,3.738365971750602146e+00,9.930451228637764416e+00,6.192085256887162714e+00,9.896339191890000393e+02,2.367140049072000068e+02,-6.708932479997309350e-02
1.979999999999999716e+01,3.742828541349388694e+00,9.944309548875509108e+00,6.201481007526122191e+00,9.901197305609999830e+02,2.367487167161999935e+02,-7.710378279996429884e-02
1.981000000000000227e+01,3.736665317635189609e+00,9.949445568637340642e+00,6.212780251002152809e+00,9.906030858289999514e+02,2.367562692891999916e+02,-8.002292180000700195e-02
1.982000000000000028e+01,3.701798443413306217e+00,9.911298238599266952e+00,6.209499795185961624e+00,9.911036948510000002e+02,2.367247703511999930e+02,-7.480039380001179961e-02
1.982999999999999829e+01,3.663625979185313408e+00,9.868103081709698188e+00,6.204477102524383447e+00,9.916041900989999931e+02,2.366952646212000104e+02,-7.058492979999279882e-02
1.983999999999999631e+01,3.660474600310319016e+00,9.875390407447659058e+00,6.214915807137338710e+00,9.920983823010000151e+02,2.366884398882000085e+02,-6.545088179999609956e-02
1.985000000000000142e+01,3.661452305130644902e+00,9.888328142937918841e+00,6.226875837807273939e+00,9.926016779029999952e+02,2.367151530081999908e+02,-7.043319779999189512e-02
1.985999999999999943e+01,3.687812909233547209e+00,9.907452502777280401e+00,6.219639593543732303e+00,9.931167268890000059e+02,2.367465294762000099e+02,-7.942937780000609849e-02
1.986999999999999744e+01,3.711040972676671323e+00,9.924644804695063272e+00,6.213603832018392836e+00,9.936306015809999508e+02,2.367458365631999868e+02,-7.431258480001169675e-02
1.988000000000000256e+01,3.699203703841282387e+00,9.920260631052325806e+00,6.221056927211044751e+00,9.941402819310000041e+02,2.367308885591999967e+02,-6.714641880000539464e-02
1.989000000000000057e+01,3.687657892434766271e+00,9.915984404605469038e+00,6.228326512170703211e+00,9.946374129230000563e+02,2.367252226072000099e+02,-6.501582479999709618e-02
1.989999999999999858e+01,3.680227258828052239e+00,9.905056789225108460e+00,6.224829530397056665e+00,9.951261601569999584e+02,2.367260539591999873e+02,-7.291008379997830635e-02
1.990999999999999659e+01,3.673823254849643671e+00,9.891715114270091647e+00,6.217891859420446643e+00,9.956283987909999951e+02,2.367186480421999875e+02,-7.877226680000680437e-02
1.992000000000000171e+01,3.668098177779202551e+00,9.879379385188272522e+00,6.211281207409069083e+00,9.961226190270000416e+02,2.366937886302000038e+02,-7.557459779996460181e-02
1.992999999999999972e+01,3.662442180973995320e+00,9.867124725443657596e+00,6.204682544469661387e+00,9.966183800269999438e+02,2.366770301601999904e+02,-7.240516679997820171e-02
1.993999999999999773e+01,3.645665458836738981e+00,9.859674873005234375e+00,6.214009414168494949e+00,9.971148281529999622e+02,2.366833269841999936e+02,-7.531696279996449861e-02
1.995000000000000284e+01,3.625444678021229272e+00,9.853971575852140674e+00,6.228526897830912290e+00,9.976027756390000150e+02,2.366981637121999995e+02,-7.526075979996330045e-02
1.996000000000000085e+01,3.650424269479033867e+00,9.885421432374522865e+00,6.234997162895488998e+00,9.981038729809999950e+02,2.367107463231999986e+02,-7.519367879996449733e-02
1.996999999999999886e+01,3.684691443860279580e+00,9.924507428153130917e+00,6.239815984292851780e+00,9.986077657089999775e+02,2.367094551961999969e+02,-7.807704780000659928e-02
1.997999999999999687e+01,3.685999999999999943e+00,9.926484561287274744e+00,6.240484561287274801e+00,9.991098576089999597e+02,2.366870696802000111e+02,-6.888631679999220048e-02
1.999000000000000199e+01,3.685999999999999943e+00,9.926999999999999602e+00,6.240999999999999659e+00,9.996234757890000537e+02,2.366733268721999934e+02,-6.772356579995850168e-02
