time,leftedge,rightedge,gap,x_LE,y_LE,time,leftedge,rightedge,gap,x_RE,y_RE
0.000000000000000000e+00,3.361000000000000210e+00,8.239000000000000767e+00,4.878000000000000114e+00,0.000000000000000000e+00,3.091390000000000100e+02,0.000000000000000000e+00,3.575000000000000178e+00,9.660000000000000142e+00,6.084999999999999964e+00,0.000000000000000000e+00,3.153399999999999750e+02
8.999999999999999320e-03,3.359999999999999876e+00,8.250999999999999446e+00,4.891000000000000014e+00,5.010577886649592505e-04,3.091399999999999864e+02,8.999999999999999320e-03,3.551000000000000156e+00,9.662000000000000810e+00,6.110999999999999766e+00,4.854107113963648064e-04,3.153380000000000223e+02
1.700000000000000122e-02,3.334000000000000075e+00,8.250999999999999446e+00,4.916999999999999815e+00,9.464424897004788733e-04,3.091659999999999968e+02,1.799999999999999864e-02,3.551000000000000156e+00,9.685999999999999943e+00,6.134999999999999787e+00,9.708214227927296127e-04,3.153140000000000214e+02
2.599999999999999881e-02,3.307999999999999829e+00,8.265000000000000568e+00,4.956999999999999851e+00,1.447500278365438124e-03,3.091920000000000073e+02,2.699999999999999969e-02,3.524999999999999911e+00,9.670999999999999375e+00,6.145999999999999908e+00,1.456232134189094527e-03,3.153290000000000077e+02
3.500000000000000333e-02,3.295999999999999819e+00,8.288999999999999702e+00,4.993000000000000327e+00,1.948558067030397700e-03,3.092040000000000077e+02,3.500000000000000333e-02,3.537999999999999812e+00,9.673999999999999488e+00,6.136000000000000121e+00,1.887708322096974404e-03,3.153260000000000218e+02
4.399999999999999745e-02,3.270999999999999908e+00,8.289999999999999147e+00,5.019000000000000128e+00,2.449615855695356625e-03,3.092289999999999850e+02,4.399999999999999745e-02,3.536999999999999922e+00,9.683999999999999275e+00,6.147000000000000242e+00,2.373119033493339101e-03,3.153159999999999741e+02
5.199999999999999761e-02,3.258000000000000007e+00,8.301999999999999602e+00,5.043999999999999595e+00,2.895000556730876248e-03,3.092420000000000186e+02,5.199999999999999761e-02,3.524999999999999911e+00,9.660000000000000142e+00,6.134999999999999787e+00,2.804595221401218978e-03,3.153399999999999750e+02
6.099999999999999867e-02,3.297000000000000153e+00,8.317000000000000171e+00,5.019999999999999574e+00,3.396058345395835606e-03,3.092029999999999745e+02,6.099999999999999867e-02,3.524999999999999911e+00,9.660000000000000142e+00,6.134999999999999787e+00,3.290005932797583892e-03,3.153399999999999750e+02
7.000000000000000666e-02,3.309000000000000163e+00,8.391999999999999460e+00,5.083000000000000185e+00,3.897116134060795399e-03,3.091909999999999741e+02,7.000000000000000666e-02,3.525999999999999801e+00,9.647999999999999687e+00,6.121999999999999886e+00,3.775416644193948807e-03,3.153519999999999754e+02
7.799999999999999989e-02,3.359999999999999876e+00,8.467999999999999972e+00,5.107999999999999652e+00,4.342500835096314155e-03,3.091399999999999864e+02,7.900000000000000078e-02,3.513999999999999790e+00,9.627000000000000668e+00,6.113000000000000433e+00,4.260827355590313288e-03,3.153729999999999905e+02
8.699999999999999400e-02,3.387000000000000011e+00,8.503999999999999559e+00,5.116999999999999993e+00,4.843558623761273080e-03,3.091129999999999995e+02,8.799999999999999489e-02,3.475000000000000089e+00,9.612000000000000099e+00,6.136999999999999567e+00,4.746238066986678203e-03,3.153879999999999768e+02
9.500000000000000111e-02,3.387000000000000011e+00,8.544000000000000483e+00,5.157000000000000028e+00,5.288943324796792703e-03,3.091129999999999995e+02,9.600000000000000200e-02,3.462000000000000188e+00,9.601000000000000867e+00,6.139000000000000234e+00,5.177714254894558513e-03,3.153990000000000009e+02
1.029999999999999943e-01,3.411000000000000032e+00,8.567999999999999616e+00,5.157000000000000028e+00,5.734328025832312326e-03,3.090889999999999986e+02,1.049999999999999961e-01,3.475999999999999979e+00,9.602000000000000313e+00,6.126000000000000334e+00,5.663124966290922560e-03,3.153980000000000246e+02
1.120000000000000023e-01,3.386000000000000121e+00,8.567000000000000171e+00,5.181000000000000050e+00,6.235385814497272118e-03,3.091139999999999759e+02,1.140000000000000041e-01,3.475000000000000089e+00,9.612000000000000099e+00,6.136999999999999567e+00,6.148535677687288342e-03,3.153879999999999768e+02
1.209999999999999964e-01,3.371999999999999886e+00,8.590999999999999304e+00,5.219000000000000306e+00,6.736443603162231043e-03,3.091279999999999859e+02,1.219999999999999973e-01,3.487999999999999989e+00,9.612999999999999545e+00,6.125000000000000000e+00,6.580011865595167785e-03,3.153870000000000005e+02
1.300000000000000044e-01,3.346000000000000085e+00,8.577999999999999403e+00,5.232000000000000206e+00,7.237501391827190836e-03,3.091539999999999964e+02,1.310000000000000053e-01,3.487000000000000099e+00,9.625999999999999446e+00,6.139000000000000234e+00,7.065422576991532699e-03,3.153740000000000236e+02
1.380000000000000115e-01,3.346000000000000085e+00,8.589000000000000412e+00,5.243000000000000327e+00,7.682886092862710459e-03,3.091539999999999964e+02,1.400000000000000133e-01,3.487999999999999989e+00,9.612000000000000099e+00,6.123999999999999666e+00,7.550833288387897614e-03,3.153879999999999768e+02
1.469999999999999918e-01,3.358999999999999986e+00,8.615000000000000213e+00,5.256000000000000227e+00,8.183943881527669384e-03,3.091410000000000196e+02,1.489999999999999936e-01,3.500000000000000000e+00,9.611000000000000654e+00,6.110999999999999766e+00,8.036243999784260794e-03,3.153890000000000100e+02
1.559999999999999998e-01,3.346000000000000085e+00,8.638999999999999346e+00,5.293000000000000149e+00,8.685001670192628309e-03,3.091539999999999964e+02,1.570000000000000007e-01,3.524999999999999911e+00,9.586999999999999744e+00,6.062000000000000277e+00,8.467720187692141104e-03,3.154130000000000109e+02
1.650000000000000078e-01,3.346999999999999975e+00,8.653000000000000469e+00,5.306000000000000050e+00,9.186059458857588969e-03,3.091530000000000200e+02,1.660000000000000087e-01,3.500000000000000000e+00,9.583999999999999631e+00,6.083999999999999631e+00,8.953130899088506886e-03,3.154159999999999968e+02
1.729999999999999871e-01,3.321000000000000174e+00,8.628999999999999559e+00,5.307999999999999829e+00,9.631444159893106857e-03,3.091789999999999736e+02,1.749999999999999889e-01,3.474000000000000199e+00,9.560999999999999943e+00,6.086999999999999744e+00,9.438541610484870933e-03,3.154390000000000214e+02
1.819999999999999951e-01,3.321000000000000174e+00,8.654999999999999361e+00,5.333999999999999631e+00,1.013250194855806578e-02,3.091789999999999736e+02,1.839999999999999969e-01,3.462000000000000188e+00,9.560999999999999943e+00,6.099000000000000199e+00,9.923952321881236716e-03,3.154390000000000214e+02
1.910000000000000031e-01,3.346999999999999975e+00,8.692999999999999616e+00,5.346000000000000085e+00,1.063355973722302644e-02,3.091530000000000200e+02,1.910000000000000031e-01,3.475000000000000089e+00,9.563000000000000611e+00,6.088000000000000078e+00,1.030149398630063155e-02,3.154370000000000118e+02
1.990000000000000102e-01,3.334999999999999964e+00,8.714999999999999858e+00,5.379999999999999893e+00,1.107894443825854607e-02,3.091650000000000205e+02,2.000000000000000111e-01,3.475000000000000089e+00,9.574999999999999289e+00,6.099999999999999645e+00,1.078690469769699734e-02,3.154250000000000114e+02
2.079999999999999905e-01,3.346999999999999975e+00,8.743000000000000327e+00,5.395999999999999908e+00,1.158000222692350499e-02,3.091530000000000200e+02,2.089999999999999913e-01,3.475000000000000089e+00,9.551999999999999602e+00,6.076999999999999957e+00,1.127231540909335965e-02,3.154479999999999791e+02
2.169999999999999984e-01,3.399000000000000021e+00,8.804999999999999716e+00,5.405999999999999694e+00,1.208106001558846392e-02,3.091009999999999991e+02,2.169999999999999984e-01,3.500999999999999890e+00,9.564999999999999503e+00,6.064000000000000057e+00,1.170379159700123996e-02,3.154350000000000023e+02
2.260000000000000064e-01,3.399000000000000021e+00,8.852999999999999758e+00,5.453999999999999737e+00,1.258211780425342458e-02,3.091009999999999991e+02,2.270000000000000073e-01,3.475000000000000089e+00,9.539999999999999147e+00,6.065000000000000391e+00,1.224313683188609121e-02,3.154599999999999795e+02
2.340000000000000135e-01,3.386000000000000121e+00,8.867000000000000881e+00,5.480999999999999872e+00,1.302750250528894420e-02,3.091139999999999759e+02,2.349999999999999867e-01,3.438000000000000167e+00,9.528000000000000469e+00,6.089999999999999858e+00,1.267461301979396979e-02,3.154719999999999800e+02
2.429999999999999938e-01,3.371999999999999886e+00,8.881000000000000227e+00,5.509000000000000341e+00,1.352856029395390139e-02,3.091279999999999859e+02,2.439999999999999947e-01,3.424999999999999822e+00,9.490000000000000213e+00,6.065000000000000391e+00,1.316002373119033557e-02,3.155099999999999909e+02
2.520000000000000018e-01,3.359999999999999876e+00,8.893000000000000682e+00,5.533000000000000362e+00,1.402961808261886205e-02,3.091399999999999864e+02,2.530000000000000027e-01,3.423999999999999932e+00,9.476000000000000867e+00,6.051999999999999602e+00,1.364543444258669962e-02,3.155240000000000009e+02
2.600000000000000089e-01,3.346999999999999975e+00,8.916000000000000369e+00,5.568999999999999950e+00,1.447500278365438167e-02,3.091530000000000200e+02,2.610000000000000098e-01,3.423999999999999932e+00,9.462999999999999190e+00,6.038999999999999702e+00,1.407691063049457993e-02,3.155369999999999777e+02
2.690000000000000169e-01,3.334000000000000075e+00,8.917999999999999261e+00,5.583999999999999631e+00,1.497606057231934060e-02,3.091659999999999968e+02,2.710000000000000187e-01,3.399000000000000021e+00,9.461000000000000298e+00,6.062000000000000277e+00,1.461625586537943118e-02,3.155389999999999873e+02
2.780000000000000249e-01,3.309000000000000163e+00,8.917999999999999261e+00,5.608999999999999986e+00,1.547711836098430126e-02,3.091909999999999741e+02,2.790000000000000258e-01,3.399000000000000021e+00,9.461999999999999744e+00,6.062999999999999723e+00,1.504773205328731149e-02,3.155380000000000109e+02
2.869999999999999774e-01,3.283999999999999808e+00,8.919000000000000483e+00,5.634999999999999787e+00,1.597817614964925845e-02,3.092160000000000082e+02,2.869999999999999774e-01,3.399000000000000021e+00,9.473000000000000753e+00,6.073999999999999844e+00,1.547920824119518833e-02,3.155269999999999868e+02
2.949999999999999845e-01,3.295999999999999819e+00,8.930999999999999162e+00,5.634999999999999787e+00,1.642356085068477634e-02,3.092040000000000077e+02,2.959999999999999853e-01,3.373000000000000220e+00,9.473000000000000753e+00,6.099999999999999645e+00,1.596461895259155411e-02,3.155269999999999868e+02
3.039999999999999925e-01,3.322999999999999954e+00,8.968999999999999417e+00,5.645999999999999908e+00,1.692461863934973873e-02,3.091770000000000209e+02,3.049999999999999933e-01,3.373000000000000220e+00,9.474000000000000199e+00,6.100999999999999979e+00,1.645002966398791816e-02,3.155260000000000105e+02
3.119999999999999996e-01,3.310999999999999943e+00,8.955999999999999517e+00,5.644999999999999574e+00,1.737000334038525662e-02,3.091890000000000214e+02,3.140000000000000013e-01,3.347999999999999865e+00,9.448999999999999844e+00,6.100999999999999979e+00,1.693544037538428221e-02,3.155509999999999877e+02
3.210000000000000075e-01,3.295999999999999819e+00,8.970000000000000639e+00,5.674000000000000377e+00,1.787106112905021554e-02,3.092040000000000077e+02,3.220000000000000084e-01,3.322000000000000064e+00,9.423000000000000043e+00,6.100999999999999979e+00,1.736691656329216252e-02,3.155769999999999982e+02
3.300000000000000155e-01,3.310000000000000053e+00,8.996000000000000441e+00,5.685999999999999943e+00,1.837211891771517794e-02,3.091899999999999977e+02,3.310000000000000164e-01,3.322999999999999954e+00,9.412000000000000810e+00,6.089000000000000412e+00,1.785232727468853003e-02,3.155880000000000223e+02
3.380000000000000226e-01,3.310999999999999943e+00,9.006999999999999673e+00,5.695999999999999730e+00,1.881750361875069583e-02,3.091890000000000214e+02,3.400000000000000244e-01,3.335999999999999854e+00,9.413999999999999702e+00,6.078000000000000291e+00,1.833773798608489408e-02,3.155860000000000127e+02
3.469999999999999751e-01,3.310000000000000053e+00,9.006000000000000227e+00,5.695999999999999730e+00,1.931856140741565475e-02,3.091899999999999977e+02,3.479999999999999760e-01,3.374000000000000110e+00,9.451000000000000512e+00,6.076999999999999957e+00,1.876921417399277092e-02,3.155489999999999782e+02
3.559999999999999831e-01,3.283999999999999808e+00,8.993999999999999773e+00,5.709999999999999964e+00,1.981961919608061368e-02,3.092160000000000082e+02,3.569999999999999840e-01,3.387000000000000011e+00,9.464000000000000412e+00,6.076999999999999957e+00,1.925462488538913844e-02,3.155360000000000014e+02
3.649999999999999911e-01,3.282999999999999918e+00,9.006000000000000227e+00,5.722999999999999865e+00,2.032067698474557260e-02,3.092169999999999845e+02,3.659999999999999920e-01,3.387999999999999901e+00,9.451999999999999957e+00,6.064000000000000057e+00,1.974003559678550249e-02,3.155480000000000018e+02
3.739999999999999991e-01,3.282999999999999918e+00,9.029999999999999361e+00,5.746999999999999886e+00,2.082173477341053153e-02,3.092169999999999845e+02,3.750000000000000000e-01,3.411999999999999922e+00,9.452999999999999403e+00,6.041000000000000369e+00,2.022544630818186653e-02,3.155470000000000255e+02
3.820000000000000062e-01,3.270999999999999908e+00,9.019000000000000128e+00,5.748000000000000220e+00,2.126711947444605288e-02,3.092289999999999850e+02,3.830000000000000071e-01,3.374000000000000110e+00,9.438000000000000611e+00,6.064000000000000057e+00,2.065692249608974684e-02,3.155620000000000118e+02
3.910000000000000142e-01,3.295999999999999819e+00,9.045999999999999375e+00,5.750000000000000000e+00,2.176817726311101181e-02,3.092040000000000077e+02,3.910000000000000142e-01,3.346999999999999975e+00,9.423999999999999488e+00,6.076999999999999957e+00,2.108839868399762715e-02,3.155760000000000218e+02
3.990000000000000213e-01,3.310000000000000053e+00,9.070999999999999730e+00,5.761000000000000121e+00,2.221356196414653317e-02,3.091899999999999977e+02,4.010000000000000231e-01,3.361000000000000210e+00,9.410999999999999588e+00,6.049999999999999822e+00,2.162774391888247841e-02,3.155889999999999986e+02
4.079999999999999738e-01,3.310999999999999943e+00,9.070999999999999730e+00,5.759999999999999787e+00,2.271461975281148862e-02,3.091890000000000214e+02,4.089999999999999747e-01,3.334000000000000075e+00,9.398999999999999133e+00,6.065000000000000391e+00,2.205922010679035525e-02,3.156009999999999991e+02
4.169999999999999818e-01,3.283999999999999808e+00,9.060000000000000497e+00,5.775999999999999801e+00,2.321567754147644755e-02,3.092160000000000082e+02,4.179999999999999827e-01,3.334000000000000075e+00,9.422000000000000597e+00,6.088000000000000078e+00,2.254463081818671930e-02,3.155779999999999745e+02
4.249999999999999889e-01,3.258999999999999897e+00,9.035000000000000142e+00,5.775999999999999801e+00,2.366106224251196891e-02,3.092409999999999854e+02,4.259999999999999898e-01,3.359999999999999876e+00,9.423000000000000043e+00,6.062999999999999723e+00,2.297610700609459961e-02,3.155769999999999982e+02
4.339999999999999969e-01,3.271999999999999797e+00,9.048000000000000043e+00,5.775999999999999801e+00,2.416212003117692783e-02,3.092280000000000086e+02,4.349999999999999978e-01,3.334999999999999964e+00,9.412000000000000810e+00,6.076999999999999957e+00,2.346151771749096712e-02,3.155880000000000223e+02
4.430000000000000049e-01,3.258999999999999897e+00,9.060000000000000497e+00,5.801000000000000156e+00,2.466317781984188676e-02,3.092409999999999854e+02,4.440000000000000058e-01,3.322999999999999954e+00,9.410999999999999588e+00,6.088000000000000078e+00,2.394692842888733117e-02,3.155889999999999986e+02
4.510000000000000120e-01,3.258999999999999897e+00,9.073000000000000398e+00,5.814000000000000057e+00,2.510856252087740811e-02,3.092409999999999854e+02,4.530000000000000138e-01,3.298000000000000043e+00,9.375999999999999446e+00,6.078000000000000291e+00,2.443233914028369522e-02,3.156240000000000236e+02
4.600000000000000200e-01,3.285000000000000142e+00,9.112000000000000099e+00,5.826999999999999957e+00,2.560962030954236704e-02,3.092149999999999750e+02,4.610000000000000209e-01,3.297000000000000153e+00,9.400999999999999801e+00,6.104000000000000092e+00,2.486381532819157553e-02,3.155989999999999895e+02
4.689999999999999725e-01,3.286999999999999922e+00,9.134000000000000341e+00,5.847000000000000419e+00,2.611067809820732250e-02,3.092130000000000223e+02,4.699999999999999734e-01,3.271999999999999797e+00,9.400999999999999801e+00,6.128999999999999559e+00,2.534922603958793957e-02,3.155989999999999895e+02
4.779999999999999805e-01,3.298000000000000043e+00,9.147000000000000242e+00,5.849000000000000199e+00,2.661173588687228489e-02,3.092019999999999982e+02,4.789999999999999813e-01,3.233999999999999986e+00,9.374000000000000554e+00,6.139999999999999680e+00,2.583463675098430362e-02,3.156259999999999764e+02
4.859999999999999876e-01,3.283999999999999808e+00,9.147999999999999687e+00,5.863999999999999879e+00,2.705712058790780278e-02,3.092160000000000082e+02,4.879999999999999893e-01,3.246999999999999886e+00,9.375999999999999446e+00,6.128999999999999559e+00,2.632004746238067114e-02,3.156240000000000236e+02
4.949999999999999956e-01,3.245999999999999996e+00,9.108999999999999986e+00,5.863000000000000433e+00,2.755817837657276517e-02,3.092540000000000191e+02,4.959999999999999964e-01,3.283999999999999808e+00,9.400999999999999801e+00,6.116999999999999993e+00,2.675152365028855145e-02,3.155989999999999895e+02
5.040000000000000036e-01,3.220000000000000195e+00,9.106999999999999318e+00,5.886999999999999567e+00,2.805923616523772410e-02,3.092799999999999727e+02,5.050000000000000044e-01,3.285000000000000142e+00,9.410000000000000142e+00,6.125000000000000000e+00,2.723693436168491550e-02,3.155899999999999750e+02
5.120000000000000107e-01,3.182999999999999829e+00,9.082000000000000739e+00,5.899000000000000021e+00,2.850462086627324199e-02,3.093170000000000073e+02,5.140000000000000124e-01,3.283999999999999808e+00,9.409000000000000696e+00,6.125000000000000000e+00,2.772234507308127954e-02,3.155910000000000082e+02
5.210000000000000187e-01,3.182999999999999829e+00,9.092999999999999972e+00,5.910000000000000142e+00,2.900567865493820438e-02,3.093170000000000073e+02,5.220000000000000195e-01,3.258999999999999897e+00,9.371000000000000441e+00,6.112000000000000099e+00,2.815382126098915985e-02,3.156290000000000191e+02
5.300000000000000266e-01,3.182999999999999829e+00,9.106999999999999318e+00,5.924000000000000377e+00,2.950673644360316331e-02,3.093170000000000073e+02,5.310000000000000275e-01,3.245999999999999996e+00,9.358999999999999986e+00,6.113000000000000433e+00,2.863923197238552737e-02,3.156410000000000196e+02
5.390000000000000346e-01,3.184000000000000163e+00,9.121000000000000441e+00,5.937000000000000277e+00,3.000779423226812223e-02,3.093159999999999741e+02,5.400000000000000355e-01,3.233999999999999986e+00,9.369999999999999218e+00,6.136000000000000121e+00,2.912464268378189142e-02,3.156299999999999955e+02
5.470000000000000417e-01,3.209000000000000075e+00,9.162000000000000810e+00,5.953000000000000291e+00,3.045317893330364359e-02,3.092909999999999968e+02,5.480000000000000426e-01,3.245999999999999996e+00,9.382999999999999119e+00,6.136999999999999567e+00,2.955611887168977173e-02,3.156170000000000186e+02
5.560000000000000497e-01,3.221999999999999975e+00,9.186999999999999389e+00,5.964999999999999858e+00,3.095423672196860251e-02,3.092780000000000200e+02,5.570000000000000506e-01,3.233999999999999986e+00,9.359999999999999432e+00,6.126000000000000334e+00,3.004152958308613577e-02,3.156399999999999864e+02
5.649999999999999467e-01,3.197000000000000064e+00,9.176000000000000156e+00,5.979000000000000092e+00,3.145529451063355797e-02,3.093029999999999973e+02,5.659999999999999476e-01,3.209000000000000075e+00,9.346999999999999531e+00,6.137999999999999901e+00,3.052694029448249635e-02,3.156530000000000200e+02
5.729999999999999538e-01,3.185000000000000053e+00,9.188000000000000611e+00,6.003000000000000114e+00,3.190067921166907239e-02,3.093149999999999977e+02,5.739999999999999547e-01,3.208000000000000185e+00,9.349999999999999645e+00,6.142000000000000348e+00,3.095841648239037666e-02,3.156499999999999773e+02
5.819999999999999618e-01,3.170999999999999819e+00,9.188000000000000611e+00,6.017000000000000348e+00,3.240173700033403825e-02,3.093290000000000077e+02,5.829999999999999627e-01,3.246999999999999886e+00,9.375000000000000000e+00,6.128000000000000114e+00,3.144382719378674418e-02,3.156250000000000000e+02
5.899999999999999689e-01,3.145999999999999908e+00,9.186999999999999389e+00,6.041000000000000369e+00,3.284712170136955267e-02,3.093539999999999850e+02,5.909999999999999698e-01,3.246999999999999886e+00,9.362999999999999545e+00,6.115999999999999659e+00,3.187530338169462102e-02,3.156370000000000005e+02
5.999999999999999778e-01,3.133000000000000007e+00,9.176000000000000156e+00,6.043000000000000149e+00,3.340385257766395610e-02,3.093670000000000186e+02,6.009999999999999787e-01,3.246999999999999886e+00,9.351000000000000867e+00,6.104000000000000092e+00,3.241464861657947227e-02,3.156490000000000009e+02
6.089999999999999858e-01,3.132000000000000117e+00,9.198999999999999844e+00,6.067000000000000171e+00,3.390491036632891503e-02,3.093679999999999950e+02,6.089999999999999858e-01,3.233999999999999986e+00,9.362000000000000099e+00,6.128000000000000114e+00,3.284612480448734911e-02,3.156379999999999768e+02
6.169999999999999929e-01,3.157999999999999918e+00,9.249000000000000554e+00,6.091000000000000192e+00,3.435029506736443639e-02,3.093419999999999845e+02,6.179999999999999938e-01,3.233999999999999986e+00,9.362000000000000099e+00,6.128000000000000114e+00,3.333153551588372010e-02,3.156379999999999768e+02
6.260000000000000009e-01,3.194999999999999840e+00,9.298000000000000043e+00,6.102999999999999758e+00,3.485135285602939531e-02,3.093050000000000068e+02,6.270000000000000018e-01,3.246999999999999886e+00,9.349999999999999645e+00,6.102999999999999758e+00,3.381694622728008415e-02,3.156499999999999773e+02
6.340000000000000080e-01,3.181999999999999940e+00,9.295999999999999375e+00,6.113999999999999879e+00,3.529673755706491667e-02,3.093179999999999836e+02,6.360000000000000098e-01,3.209000000000000075e+00,9.323000000000000398e+00,6.113999999999999879e+00,3.430235693867644819e-02,3.156770000000000209e+02
6.430000000000000160e-01,3.182999999999999829e+00,9.295999999999999375e+00,6.113000000000000433e+00,3.579779534572987559e-02,3.093170000000000073e+02,6.440000000000000169e-01,3.196000000000000174e+00,9.321999999999999176e+00,6.126000000000000334e+00,3.473383312658432504e-02,3.156779999999999973e+02
6.520000000000000240e-01,3.157999999999999918e+00,9.291999999999999815e+00,6.134000000000000341e+00,3.629885313439483452e-02,3.093419999999999845e+02,6.530000000000000249e-01,3.194999999999999840e+00,9.321999999999999176e+00,6.126999999999999780e+00,3.521924383798069602e-02,3.156779999999999973e+02
6.600000000000000311e-01,3.144000000000000128e+00,9.282000000000000028e+00,6.137999999999999901e+00,3.674423783543035588e-02,3.093559999999999945e+02,6.620000000000000329e-01,3.194999999999999840e+00,9.321999999999999176e+00,6.126999999999999780e+00,3.570465454937706007e-02,3.156779999999999973e+02
6.690000000000000391e-01,3.157999999999999918e+00,9.294999999999999929e+00,6.136999999999999567e+00,3.724529562409531480e-02,3.093419999999999845e+02,6.700000000000000400e-01,3.233000000000000096e+00,9.359999999999999432e+00,6.126999999999999780e+00,3.613613073728493691e-02,3.156399999999999864e+02
6.780000000000000471e-01,3.119000000000000217e+00,9.268000000000000682e+00,6.149000000000000021e+00,3.774635341276027373e-02,3.093809999999999718e+02,6.790000000000000480e-01,3.246999999999999886e+00,9.362000000000000099e+00,6.115000000000000213e+00,3.662154144868130096e-02,3.156379999999999768e+02
6.870000000000000551e-01,3.120000000000000107e+00,9.285000000000000142e+00,6.165000000000000036e+00,3.824741120142523265e-02,3.093799999999999955e+02,6.870000000000000551e-01,3.209999999999999964e+00,9.362000000000000099e+00,6.152000000000000135e+00,3.705301763658918474e-02,3.156379999999999768e+02
6.949999999999999512e-01,3.133000000000000007e+00,9.313000000000000611e+00,6.179999999999999716e+00,3.869279590246074707e-02,3.093670000000000186e+02,6.959999999999999520e-01,3.196000000000000174e+00,9.339000000000000412e+00,6.142999999999999794e+00,3.753842834798554184e-02,3.156610000000000014e+02
7.039999999999999591e-01,3.145000000000000018e+00,9.330999999999999517e+00,6.185999999999999943e+00,3.919385369112570600e-02,3.093550000000000182e+02,7.049999999999999600e-01,3.157999999999999918e+00,9.314000000000000057e+00,6.155999999999999694e+00,3.802383905938190589e-02,3.156859999999999786e+02
7.129999999999999671e-01,3.158999999999999808e+00,9.336000000000000298e+00,6.176999999999999602e+00,3.969491147979066492e-02,3.093410000000000082e+02,7.129999999999999671e-01,3.170999999999999819e+00,9.289999999999999147e+00,6.118999999999999773e+00,3.845531524728978967e-02,3.157099999999999795e+02
7.209999999999999742e-01,3.133000000000000007e+00,9.308999999999999275e+00,6.176000000000000156e+00,4.014029618082618628e-02,3.093670000000000186e+02,7.219999999999999751e-01,3.170999999999999819e+00,9.301999999999999602e+00,6.131000000000000227e+00,3.894072595868615372e-02,3.156979999999999791e+02
7.299999999999999822e-01,3.120000000000000107e+00,9.275000000000000355e+00,6.155000000000000249e+00,4.064135396949114520e-02,3.093799999999999955e+02,7.309999999999999831e-01,3.170999999999999819e+00,9.288999999999999702e+00,6.118000000000000327e+00,3.942613667008251777e-02,3.157110000000000127e+02
7.389999999999999902e-01,3.120000000000000107e+00,9.285000000000000142e+00,6.165000000000000036e+00,4.114241175815610413e-02,3.093799999999999955e+02,7.389999999999999902e-01,3.196000000000000174e+00,9.313000000000000611e+00,6.116999999999999993e+00,3.985761285799040154e-02,3.156870000000000118e+02
7.479999999999999982e-01,3.092999999999999972e+00,9.256999999999999673e+00,6.163999999999999702e+00,4.164346954682106305e-02,3.094069999999999823e+02,7.479999999999999982e-01,3.209000000000000075e+00,9.337999999999999190e+00,6.128999999999999559e+00,4.034302356938676559e-02,3.156619999999999777e+02
7.560000000000000053e-01,3.107000000000000206e+00,9.246999999999999886e+00,6.139999999999999680e+00,4.208885424785658441e-02,3.093929999999999723e+02,7.570000000000000062e-01,3.221999999999999975e+00,9.349999999999999645e+00,6.128000000000000114e+00,4.082843428078312964e-02,3.156499999999999773e+02
7.650000000000000133e-01,3.107000000000000206e+00,9.271000000000000796e+00,6.163999999999999702e+00,4.258991203652154334e-02,3.093929999999999723e+02,7.660000000000000142e-01,3.194999999999999840e+00,9.336999999999999744e+00,6.142000000000000348e+00,4.131384499217949369e-02,3.156630000000000109e+02
7.740000000000000213e-01,3.107000000000000206e+00,9.281000000000000583e+00,6.174000000000000377e+00,4.309096982518650226e-02,3.093929999999999723e+02,7.740000000000000213e-01,3.182999999999999829e+00,9.333999999999999631e+00,6.150999999999999801e+00,4.174532118008737747e-02,3.156659999999999968e+02
7.820000000000000284e-01,3.119000000000000217e+00,9.295999999999999375e+00,6.176999999999999602e+00,4.353635452622202362e-02,3.093809999999999718e+02,7.840000000000000302e-01,3.169999999999999929e+00,9.323000000000000398e+00,6.152999999999999581e+00,4.228466641497222872e-02,3.156770000000000209e+02
7.910000000000000364e-01,3.119000000000000217e+00,9.307999999999999829e+00,6.189000000000000057e+00,4.403741231488698255e-02,3.093809999999999718e+02,7.920000000000000373e-01,3.132000000000000117e+00,9.298000000000000043e+00,6.166000000000000369e+00,4.271614260288010556e-02,3.157019999999999982e+02
8.000000000000000444e-01,3.132000000000000117e+00,9.308999999999999275e+00,6.176999999999999602e+00,4.453847010355194147e-02,3.093679999999999950e+02,8.000000000000000444e-01,3.132000000000000117e+00,9.298999999999999488e+00,6.166999999999999815e+00,4.314761879078798934e-02,3.157010000000000218e+02
8.090000000000000524e-01,3.132000000000000117e+00,9.308999999999999275e+00,6.176999999999999602e+00,4.503952789221690040e-02,3.093679999999999950e+02,8.090000000000000524e-01,3.132000000000000117e+00,9.300000000000000711e+00,6.168000000000000149e+00,4.363302950218435339e-02,3.156999999999999886e+02
8.169999999999999485e-01,3.105999999999999872e+00,9.295999999999999375e+00,6.190000000000000391e+00,4.548491259325241481e-02,3.093940000000000055e+02,8.179999999999999494e-01,3.144000000000000128e+00,9.311999999999999389e+00,6.168000000000000149e+00,4.411844021358071050e-02,3.156879999999999882e+02
8.259999999999999565e-01,3.119000000000000217e+00,9.295999999999999375e+00,6.176999999999999602e+00,4.598597038191737374e-02,3.093809999999999718e+02,8.269999999999999574e-01,3.196000000000000174e+00,9.351000000000000867e+00,6.155000000000000249e+00,4.460385092497707454e-02,3.156490000000000009e+02
8.349999999999999645e-01,3.119000000000000217e+00,9.298000000000000043e+00,6.179000000000000270e+00,4.648702817058233960e-02,3.093809999999999718e+02,8.349999999999999645e-01,3.221999999999999975e+00,9.388999999999999346e+00,6.166999999999999815e+00,4.503532711288495832e-02,3.156109999999999900e+02
8.439999999999999725e-01,3.119000000000000217e+00,9.284000000000000696e+00,6.165000000000000036e+00,4.698808595924729853e-02,3.093809999999999718e+02,8.439999999999999725e-01,3.182999999999999829e+00,9.365000000000000213e+00,6.182000000000000384e+00,4.552073782428132237e-02,3.156349999999999909e+02
8.519999999999999796e-01,3.119000000000000217e+00,9.295999999999999375e+00,6.176999999999999602e+00,4.743347066028281989e-02,3.093809999999999718e+02,8.519999999999999796e-01,3.185000000000000053e+00,9.362999999999999545e+00,6.177999999999999936e+00,4.595221401218919921e-02,3.156370000000000005e+02
8.599999999999999867e-01,3.132000000000000117e+00,9.307999999999999829e+00,6.176000000000000156e+00,4.787885536131833430e-02,3.093679999999999950e+02,8.619999999999999885e-01,3.170999999999999819e+00,9.351000000000000867e+00,6.179999999999999716e+00,4.649155924707405046e-02,3.156490000000000009e+02
8.689999999999999947e-01,3.142999999999999794e+00,9.330999999999999517e+00,6.187999999999999723e+00,4.837991314998329323e-02,3.093570000000000277e+02,8.699999999999999956e-01,3.145000000000000018e+00,9.336000000000000298e+00,6.190999999999999837e+00,4.692303543498193424e-02,3.156639999999999873e+02
8.770000000000000018e-01,3.157000000000000028e+00,9.345000000000000639e+00,6.187999999999999723e+00,4.882529785101881459e-02,3.093430000000000177e+02,8.790000000000000036e-01,3.120000000000000107e+00,9.323999999999999844e+00,6.203999999999999737e+00,4.740844614637829829e-02,3.156759999999999877e+02
8.860000000000000098e-01,3.142999999999999794e+00,9.343999999999999417e+00,6.200999999999999623e+00,4.932635563968377351e-02,3.093570000000000277e+02,8.870000000000000107e-01,3.107000000000000206e+00,9.298999999999999488e+00,6.192000000000000171e+00,4.783992233428617513e-02,3.157010000000000218e+02
8.950000000000000178e-01,3.142999999999999794e+00,9.352999999999999758e+00,6.209999999999999964e+00,4.982741342834873244e-02,3.093570000000000277e+02,8.960000000000000187e-01,3.107000000000000206e+00,9.321999999999999176e+00,6.214999999999999858e+00,4.832533304568254612e-02,3.156779999999999973e+02
9.040000000000000258e-01,3.129999999999999893e+00,9.342000000000000526e+00,6.211999999999999744e+00,5.032847121701369830e-02,3.093700000000000045e+02,9.050000000000000266e-01,3.132000000000000117e+00,9.359999999999999432e+00,6.227999999999999758e+00,4.881074375707891017e-02,3.156399999999999864e+02
9.120000000000000329e-01,3.117999999999999883e+00,9.329000000000000625e+00,6.211000000000000298e+00,5.077385591804921272e-02,3.093820000000000050e+02,9.130000000000000338e-01,3.132000000000000117e+00,9.359999999999999432e+00,6.227999999999999758e+00,4.924221994498678701e-02,3.156399999999999864e+02
9.210000000000000409e-01,3.104999999999999982e+00,9.327999999999999403e+00,6.222999999999999865e+00,5.127491370671417165e-02,3.093949999999999818e+02,9.220000000000000417e-01,3.119000000000000217e+00,9.358000000000000540e+00,6.238999999999999879e+00,4.972763065638315105e-02,3.156419999999999959e+02
9.300000000000000488e-01,3.092999999999999972e+00,9.305999999999999162e+00,6.213000000000000078e+00,5.177597149537913751e-02,3.094069999999999823e+02,9.310000000000000497e-01,3.093999999999999861e+00,9.346999999999999531e+00,6.253000000000000114e+00,5.021304136777952204e-02,3.156530000000000200e+02
9.389999999999999458e-01,3.067000000000000171e+00,9.304999999999999716e+00,6.238000000000000433e+00,5.227702928404408950e-02,3.094329999999999927e+02,9.399999999999999467e-01,3.081999999999999851e+00,9.335000000000000853e+00,6.253000000000000114e+00,5.069845207917587915e-02,3.156650000000000205e+02
9.479999999999999538e-01,3.105999999999999872e+00,9.343999999999999417e+00,6.238000000000000433e+00,5.277808707270904842e-02,3.093940000000000055e+02,9.479999999999999538e-01,3.108000000000000096e+00,9.349999999999999645e+00,6.241999999999999993e+00,5.112992826708375599e-02,3.156499999999999773e+02
9.559999999999999609e-01,3.130999999999999783e+00,9.369999999999999218e+00,6.238999999999999879e+00,5.322347177374456978e-02,3.093690000000000282e+02,9.569999999999999618e-01,3.093999999999999861e+00,9.348000000000000753e+00,6.253999999999999559e+00,5.161533897848012697e-02,3.156519999999999868e+02
9.649999999999999689e-01,3.130999999999999783e+00,9.381000000000000227e+00,6.250000000000000000e+00,5.372452956240952870e-02,3.093690000000000282e+02,9.649999999999999689e-01,3.095000000000000195e+00,9.337999999999999190e+00,6.243000000000000327e+00,5.204681516638800381e-02,3.156619999999999777e+02
9.729999999999999760e-01,3.105999999999999872e+00,9.368000000000000327e+00,6.261999999999999567e+00,5.416991426344505006e-02,3.093940000000000055e+02,9.749999999999999778e-01,3.120000000000000107e+00,9.352000000000000313e+00,6.232000000000000206e+00,5.258616040127285507e-02,3.156480000000000246e+02
9.819999999999999840e-01,3.080000000000000071e+00,9.332000000000000739e+00,6.251999999999999780e+00,5.467097205211000899e-02,3.094200000000000159e+02,9.869999999999999885e-01,3.120000000000000107e+00,9.387000000000000455e+00,6.267000000000000348e+00,5.323337468313467380e-02,3.156129999999999995e+02
9.909999999999999920e-01,3.067000000000000171e+00,9.330000000000000071e+00,6.262999999999999901e+00,5.517202984077496791e-02,3.094329999999999927e+02,9.959999999999999964e-01,3.132000000000000117e+00,9.410999999999999588e+00,6.278999999999999915e+00,5.371878539453103785e-02,3.155889999999999986e+02
1.000000000000000000e+00,3.052999999999999936e+00,9.314999999999999503e+00,6.261999999999999567e+00,5.567308762943992684e-02,3.094470000000000027e+02,1.004999999999999893e+00,3.068999999999999950e+00,9.336000000000000298e+00,6.267000000000000348e+00,5.420419610592740189e-02,3.156639999999999873e+02
1.008000000000000007e+00,3.065999999999999837e+00,9.316000000000000725e+00,6.250000000000000000e+00,5.611847233047544820e-02,3.094340000000000259e+02,1.014000000000000012e+00,3.043000000000000149e+00,9.323000000000000398e+00,6.280000000000000249e+00,5.468960681732377288e-02,3.156770000000000209e+02
1.016999999999999904e+00,3.092000000000000082e+00,9.339000000000000412e+00,6.246999999999999886e+00,5.661953011914040018e-02,3.094080000000000155e+02,1.022000000000000020e+00,3.056999999999999940e+00,9.307999999999999829e+00,6.251000000000000334e+00,5.512108300523164972e-02,3.156920000000000073e+02
1.026000000000000023e+00,3.079000000000000181e+00,9.339999999999999858e+00,6.261000000000000121e+00,5.712058790780536605e-02,3.094209999999999923e+02,1.030999999999999917e+00,3.029999999999999805e+00,9.294999999999999929e+00,6.264999999999999680e+00,5.560649371662800683e-02,3.157049999999999841e+02
1.034000000000000030e+00,3.116999999999999993e+00,9.365999999999999659e+00,6.248999999999999666e+00,5.756597260884088740e-02,3.093829999999999814e+02,1.040000000000000036e+00,3.004999999999999893e+00,9.282000000000000028e+00,6.277000000000000135e+00,5.609190442802437782e-02,3.157180000000000177e+02
1.042999999999999927e+00,3.168000000000000149e+00,9.414999999999999147e+00,6.246999999999999886e+00,5.806703039750583939e-02,3.093319999999999936e+02,1.048000000000000043e+00,3.016999999999999904e+00,9.282000000000000028e+00,6.264999999999999680e+00,5.652338061593226159e-02,3.157180000000000177e+02
1.050999999999999934e+00,3.141999999999999904e+00,9.390000000000000568e+00,6.248000000000000220e+00,5.851241509854136075e-02,3.093580000000000041e+02,1.056999999999999940e+00,3.004000000000000004e+00,9.294000000000000483e+00,6.290000000000000036e+00,5.700879132732861870e-02,3.157060000000000173e+02
1.060999999999999943e+00,3.129999999999999893e+00,9.378000000000000114e+00,6.248000000000000220e+00,5.906914597483575724e-02,3.093700000000000045e+02,1.064999999999999947e+00,3.029999999999999805e+00,9.332000000000000739e+00,6.301999999999999602e+00,5.744026751523650248e-02,3.156680000000000064e+02
1.068999999999999950e+00,3.132000000000000117e+00,9.367000000000000881e+00,6.235000000000000320e+00,5.951453067587127860e-02,3.093679999999999950e+02,1.074000000000000066e+00,3.055000000000000160e+00,9.358000000000000540e+00,6.302999999999999936e+00,5.792567822663287347e-02,3.156419999999999959e+02
1.078000000000000069e+00,3.116999999999999993e+00,9.367000000000000881e+00,6.250000000000000000e+00,6.001558846453624446e-02,3.093829999999999814e+02,1.084000000000000075e+00,3.068999999999999950e+00,9.371999999999999886e+00,6.302999999999999936e+00,5.846502346151772472e-02,3.156279999999999859e+02
1.086000000000000076e+00,3.142999999999999794e+00,9.378999999999999559e+00,6.235999999999999766e+00,6.046097316557176582e-02,3.093570000000000277e+02,1.092000000000000082e+00,3.068000000000000060e+00,9.358999999999999986e+00,6.291000000000000369e+00,5.889649964942560156e-02,3.156410000000000196e+02
1.094999999999999973e+00,3.130999999999999783e+00,9.355000000000000426e+00,6.224000000000000199e+00,6.096203095423671781e-02,3.093690000000000282e+02,1.100999999999999979e+00,3.043000000000000149e+00,9.371999999999999886e+00,6.328999999999999737e+00,5.938191036082195867e-02,3.156279999999999859e+02
1.104000000000000092e+00,3.130999999999999783e+00,9.342999999999999972e+00,6.211999999999999744e+00,6.146308874290168367e-02,3.093690000000000282e+02,1.108999999999999986e+00,3.056000000000000050e+00,9.361000000000000654e+00,6.304999999999999716e+00,5.981338654872984245e-02,3.156390000000000100e+02
1.112000000000000099e+00,3.129999999999999893e+00,9.342000000000000526e+00,6.211999999999999744e+00,6.190847344393720503e-02,3.093700000000000045e+02,1.116999999999999993e+00,3.043000000000000149e+00,9.361000000000000654e+00,6.317999999999999616e+00,6.024486273663771929e-02,3.156390000000000100e+02
1.120999999999999996e+00,3.129999999999999893e+00,9.339000000000000412e+00,6.208999999999999631e+00,6.240953123260215701e-02,3.093700000000000045e+02,1.125999999999999890e+00,3.016999999999999904e+00,9.346999999999999531e+00,6.330000000000000071e+00,6.073027344803408334e-02,3.156530000000000200e+02
1.129999999999999893e+00,3.129000000000000004e+00,9.326000000000000512e+00,6.197000000000000064e+00,6.291058902126711594e-02,3.093709999999999809e+02,1.135000000000000009e+00,3.029999999999999805e+00,9.358999999999999986e+00,6.328999999999999737e+00,6.121568415943045433e-02,3.156410000000000196e+02
1.137999999999999901e+00,3.141999999999999904e+00,9.336000000000000298e+00,6.193999999999999950e+00,6.335597372230263036e-02,3.093580000000000041e+02,1.143999999999999906e+00,3.055000000000000160e+00,9.381999999999999673e+00,6.326999999999999957e+00,6.170109487082681143e-02,3.156179999999999950e+02
1.147999999999999909e+00,3.116999999999999993e+00,9.300000000000000711e+00,6.182999999999999829e+00,6.391270459859703379e-02,3.093829999999999814e+02,1.151999999999999913e+00,3.052999999999999936e+00,9.394000000000000128e+00,6.341000000000000192e+00,6.213257105873469521e-02,3.156059999999999945e+02
1.155999999999999917e+00,3.104000000000000092e+00,9.288000000000000256e+00,6.184000000000000163e+00,6.435808929963254821e-02,3.093960000000000150e+02,1.161000000000000032e+00,3.053999999999999826e+00,9.380000000000000782e+00,6.325999999999999623e+00,6.261798177013105926e-02,3.156200000000000045e+02
1.165000000000000036e+00,3.104000000000000092e+00,9.314000000000000057e+00,6.209999999999999964e+00,6.485914708829751407e-02,3.093960000000000150e+02,1.169999999999999929e+00,3.040999999999999925e+00,9.367000000000000881e+00,6.325999999999999623e+00,6.310339248152742331e-02,3.156329999999999814e+02
1.173999999999999932e+00,3.154999999999999805e+00,9.365999999999999659e+00,6.211000000000000298e+00,6.536020487696246606e-02,3.093450000000000273e+02,1.177999999999999936e+00,3.053999999999999826e+00,9.355000000000000426e+00,6.301000000000000156e+00,6.353486866943530709e-02,3.156449999999999818e+02
1.187000000000000055e+00,3.218999999999999861e+00,9.403000000000000469e+00,6.184000000000000163e+00,6.608395501614519607e-02,3.092810000000000059e+02,1.187000000000000055e+00,3.052999999999999936e+00,9.367000000000000881e+00,6.314000000000000057e+00,6.402027938083167113e-02,3.156329999999999814e+02
1.195000000000000062e+00,3.168000000000000149e+00,9.368000000000000327e+00,6.200000000000000178e+00,6.652933971718071049e-02,3.093319999999999936e+02,1.195999999999999952e+00,3.053999999999999826e+00,9.342999999999999972e+00,6.288999999999999702e+00,6.450569009222803518e-02,3.156569999999999823e+02
1.203999999999999959e+00,3.169000000000000039e+00,9.407000000000000028e+00,6.238000000000000433e+00,6.703039750584567635e-02,3.093310000000000173e+02,1.205000000000000071e+00,3.041999999999999815e+00,9.355999999999999872e+00,6.314000000000000057e+00,6.499110080362439923e-02,3.156440000000000055e+02
1.213000000000000078e+00,3.181999999999999940e+00,9.406000000000000583e+00,6.224000000000000199e+00,6.753145529451064222e-02,3.093179999999999836e+02,1.213000000000000078e+00,3.041999999999999815e+00,9.355000000000000426e+00,6.312999999999999723e+00,6.542257699153228301e-02,3.156449999999999818e+02
1.221000000000000085e+00,3.154999999999999805e+00,9.393000000000000682e+00,6.238000000000000433e+00,6.797683999554615664e-02,3.093450000000000273e+02,1.221999999999999975e+00,3.041999999999999815e+00,9.381000000000000227e+00,6.339000000000000412e+00,6.590798770292864706e-02,3.156190000000000282e+02
1.229999999999999982e+00,3.129999999999999893e+00,9.403999999999999915e+00,6.274000000000000021e+00,6.847789778421110862e-02,3.093700000000000045e+02,1.231000000000000094e+00,3.117999999999999883e+00,9.433999999999999275e+00,6.315999999999999837e+00,6.639339841432501110e-02,3.155659999999999741e+02
1.237999999999999989e+00,3.091000000000000192e+00,9.367000000000000881e+00,6.275999999999999801e+00,6.892328248524662304e-02,3.094089999999999918e+02,1.239999999999999991e+00,3.132000000000000117e+00,9.471000000000000085e+00,6.339000000000000412e+00,6.687880912572137515e-02,3.155289999999999964e+02
1.247000000000000108e+00,3.104000000000000092e+00,9.377000000000000668e+00,6.272999999999999687e+00,6.942434027391158891e-02,3.093960000000000150e+02,1.247999999999999998e+00,3.117999999999999883e+00,9.471000000000000085e+00,6.352999999999999758e+00,6.731028531362925893e-02,3.155289999999999964e+02
1.256000000000000005e+00,3.141000000000000014e+00,9.400000000000000355e+00,6.259000000000000341e+00,6.992539806257655477e-02,3.093589999999999804e+02,1.256999999999999895e+00,3.105999999999999872e+00,9.468999999999999417e+00,6.363000000000000433e+00,6.779569602502560910e-02,3.155310000000000059e+02
1.264999999999999902e+00,3.165999999999999925e+00,9.412000000000000810e+00,6.246000000000000441e+00,7.042645585124150676e-02,3.093340000000000032e+02,1.266000000000000014e+00,3.092999999999999972e+00,9.468999999999999417e+00,6.376000000000000334e+00,6.828110673642198702e-02,3.155310000000000059e+02
1.272999999999999909e+00,3.166999999999999815e+00,9.413000000000000256e+00,6.246000000000000441e+00,7.087184055227702117e-02,3.093330000000000268e+02,1.274999999999999911e+00,3.105999999999999872e+00,9.465999999999999304e+00,6.360000000000000320e+00,6.876651744781835107e-02,3.155339999999999918e+02
1.282000000000000028e+00,3.180000000000000160e+00,9.423000000000000043e+00,6.243000000000000327e+00,7.137289834094198704e-02,3.093199999999999932e+02,1.282999999999999918e+00,3.040999999999999925e+00,9.416000000000000369e+00,6.375000000000000000e+00,6.919799363572622097e-02,3.155840000000000032e+02
1.290999999999999925e+00,3.192000000000000171e+00,9.426000000000000156e+00,6.233999999999999986e+00,7.187395612960693903e-02,3.093079999999999927e+02,1.292000000000000037e+00,3.003000000000000114e+00,9.377000000000000668e+00,6.373999999999999666e+00,6.968340434712259890e-02,3.156229999999999905e+02
1.300000000000000044e+00,3.217999999999999972e+00,9.464000000000000412e+00,6.246000000000000441e+00,7.237501391827190489e-02,3.092819999999999823e+02,1.300999999999999934e+00,3.015000000000000124e+00,9.390000000000000568e+00,6.375000000000000000e+00,7.016881505851894907e-02,3.156100000000000136e+02
1.308000000000000052e+00,3.205999999999999961e+00,9.439000000000000057e+00,6.232999999999999652e+00,7.282039861930743319e-02,3.092939999999999827e+02,1.308999999999999941e+00,3.053999999999999826e+00,9.401999999999999247e+00,6.347999999999999865e+00,7.060029124642683285e-02,3.155980000000000132e+02
1.316999999999999948e+00,3.206999999999999851e+00,9.451999999999999957e+00,6.245000000000000107e+00,7.332145640797238517e-02,3.092930000000000064e+02,1.318000000000000060e+00,3.079000000000000181e+00,9.439000000000000057e+00,6.360000000000000320e+00,7.108570195782321077e-02,3.155609999999999786e+02
1.326000000000000068e+00,3.206999999999999851e+00,9.454000000000000625e+00,6.246999999999999886e+00,7.382251419663735104e-02,3.092930000000000064e+02,1.326999999999999957e+00,3.080000000000000071e+00,9.454000000000000625e+00,6.373999999999999666e+00,7.157111266921956094e-02,3.155459999999999923e+02
1.334000000000000075e+00,3.218999999999999861e+00,9.465999999999999304e+00,6.246999999999999886e+00,7.426789889767286545e-02,3.092810000000000059e+02,1.336000000000000076e+00,3.053999999999999826e+00,9.428000000000000824e+00,6.373999999999999666e+00,7.205652338061593887e-02,3.155720000000000027e+02
1.342999999999999972e+00,3.232000000000000206e+00,9.478999999999999204e+00,6.246999999999999886e+00,7.476895668633781744e-02,3.092679999999999723e+02,1.344000000000000083e+00,3.065999999999999837e+00,9.419000000000000483e+00,6.352999999999999758e+00,7.248799956852382265e-02,3.155810000000000173e+02
1.350999999999999979e+00,3.205999999999999961e+00,9.452999999999999403e+00,6.246999999999999886e+00,7.521434138737334574e-02,3.092939999999999827e+02,1.352999999999999980e+00,3.079000000000000181e+00,9.442000000000000171e+00,6.363000000000000433e+00,7.297341027992017282e-02,3.155579999999999927e+02
1.360999999999999988e+00,3.205000000000000071e+00,9.441000000000000725e+00,6.235999999999999766e+00,7.577107226366773529e-02,3.092950000000000159e+02,1.360999999999999988e+00,3.065999999999999837e+00,9.430999999999999162e+00,6.365000000000000213e+00,7.340488646782805660e-02,3.155690000000000168e+02
1.368999999999999995e+00,3.230999999999999872e+00,9.452999999999999403e+00,6.222000000000000419e+00,7.621645696470326359e-02,3.092690000000000055e+02,1.370000000000000107e+00,3.067000000000000171e+00,9.442000000000000171e+00,6.375000000000000000e+00,7.389029717922443452e-02,3.155579999999999927e+02
1.377999999999999892e+00,3.217999999999999972e+00,9.436999999999999389e+00,6.219000000000000306e+00,7.671751475336821557e-02,3.092819999999999823e+02,1.379000000000000004e+00,3.092000000000000082e+00,9.444000000000000838e+00,6.352000000000000313e+00,7.437570789062078469e-02,3.155559999999999832e+02
1.387000000000000011e+00,3.205999999999999961e+00,9.400999999999999801e+00,6.195000000000000284e+00,7.721857254203318144e-02,3.092939999999999827e+02,1.387999999999999901e+00,3.104999999999999982e+00,9.468999999999999417e+00,6.363999999999999879e+00,7.486111860201714874e-02,3.155310000000000059e+02
1.395000000000000018e+00,3.192000000000000171e+00,9.400000000000000355e+00,6.208000000000000185e+00,7.766395724306869586e-02,3.093079999999999927e+02,1.395999999999999908e+00,3.105999999999999872e+00,9.478999999999999204e+00,6.373000000000000220e+00,7.529259478992503252e-02,3.155210000000000150e+02
1.403999999999999915e+00,3.178999999999999826e+00,9.375000000000000000e+00,6.195999999999999730e+00,7.816501503173364784e-02,3.093210000000000264e+02,1.405000000000000027e+00,3.080000000000000071e+00,9.441000000000000725e+00,6.360999999999999766e+00,7.577800550132139656e-02,3.155590000000000259e+02
1.413000000000000034e+00,3.205999999999999961e+00,9.400000000000000355e+00,6.193999999999999950e+00,7.866607282039861371e-02,3.092939999999999827e+02,1.413999999999999924e+00,3.052999999999999936e+00,9.426999999999999602e+00,6.373999999999999666e+00,7.626341621271776061e-02,3.155729999999999791e+02
1.421000000000000041e+00,3.217999999999999972e+00,9.413999999999999702e+00,6.195999999999999730e+00,7.911145752143414200e-02,3.092819999999999823e+02,1.421999999999999931e+00,3.052999999999999936e+00,9.435000000000000497e+00,6.381999999999999673e+00,7.669489240062563051e-02,3.155649999999999977e+02
1.429999999999999938e+00,3.230999999999999872e+00,9.428000000000000824e+00,6.197000000000000064e+00,7.961251531009909399e-02,3.092690000000000055e+02,1.431000000000000050e+00,3.040000000000000036e+00,9.422000000000000597e+00,6.381999999999999673e+00,7.718030311202200844e-02,3.155779999999999745e+02
1.439000000000000057e+00,3.230999999999999872e+00,9.454000000000000625e+00,6.222999999999999865e+00,8.011357309876405985e-02,3.092690000000000055e+02,1.439999999999999947e+00,3.001999999999999780e+00,9.387000000000000455e+00,6.384999999999999787e+00,7.766571382341837249e-02,3.156129999999999995e+02
1.447999999999999954e+00,3.258000000000000007e+00,9.468999999999999417e+00,6.211000000000000298e+00,8.061463088742901184e-02,3.092420000000000186e+02,1.447999999999999954e+00,2.988999999999999879e+00,9.375999999999999446e+00,6.386999999999999567e+00,7.809719001132624239e-02,3.156240000000000236e+02
1.455999999999999961e+00,3.283999999999999808e+00,9.494999999999999218e+00,6.211000000000000298e+00,8.106001558846452626e-02,3.092160000000000082e+02,1.457000000000000073e+00,3.015000000000000124e+00,9.412000000000000810e+00,6.397000000000000242e+00,7.858260072272262031e-02,3.155880000000000223e+02
1.463999999999999968e+00,3.295999999999999819e+00,9.509000000000000341e+00,6.213000000000000078e+00,8.150540028950005456e-02,3.092040000000000077e+02,1.465000000000000080e+00,3.053999999999999826e+00,9.464999999999999858e+00,6.410999999999999588e+00,7.901407691063050409e-02,3.155350000000000250e+02
1.473999999999999977e+00,3.322000000000000064e+00,9.509000000000000341e+00,6.187000000000000277e+00,8.206213116579444411e-02,3.091779999999999973e+02,1.475000000000000089e+00,3.053999999999999826e+00,9.465999999999999304e+00,6.411999999999999922e+00,7.955342214551534841e-02,3.155339999999999918e+02
1.481999999999999984e+00,3.295999999999999819e+00,9.506999999999999673e+00,6.211000000000000298e+00,8.250751586682997241e-02,3.092040000000000077e+02,1.483000000000000096e+00,3.055000000000000160e+00,9.444000000000000838e+00,6.389000000000000234e+00,7.998489833342323219e-02,3.155559999999999832e+02
1.491000000000000103e+00,3.294999999999999929e+00,9.507999999999999119e+00,6.213000000000000078e+00,8.300857365549493827e-02,3.092049999999999841e+02,1.491000000000000103e+00,3.079000000000000181e+00,9.471000000000000085e+00,6.392000000000000348e+00,8.041637452133111597e-02,3.155289999999999964e+02
1.499000000000000110e+00,3.282000000000000028e+00,9.516999999999999460e+00,6.235000000000000320e+00,8.345395835653045269e-02,3.092180000000000177e+02,1.500999999999999890e+00,3.104999999999999982e+00,9.467000000000000526e+00,6.362000000000000099e+00,8.095571975621594640e-02,3.155330000000000155e+02
1.508000000000000007e+00,3.269000000000000128e+00,9.516999999999999460e+00,6.248000000000000220e+00,8.395501614519540468e-02,3.092309999999999945e+02,1.510000000000000009e+00,3.105999999999999872e+00,9.465999999999999304e+00,6.360000000000000320e+00,8.144113046761232433e-02,3.155339999999999918e+02
1.516999999999999904e+00,3.258000000000000007e+00,9.503999999999999559e+00,6.246000000000000441e+00,8.445607393386037054e-02,3.092420000000000186e+02,1.518000000000000016e+00,3.080000000000000071e+00,9.454000000000000625e+00,6.373999999999999666e+00,8.187260665552019423e-02,3.155459999999999923e+02
1.526000000000000023e+00,3.244000000000000217e+00,9.493000000000000327e+00,6.248999999999999666e+00,8.495713172252533640e-02,3.092559999999999718e+02,1.526000000000000023e+00,3.028000000000000025e+00,9.416000000000000369e+00,6.387999999999999901e+00,8.230408284342807801e-02,3.155840000000000032e+02
1.534000000000000030e+00,3.232000000000000206e+00,9.492000000000000881e+00,6.259999999999999787e+00,8.540251642356085082e-02,3.092679999999999723e+02,1.534999999999999920e+00,3.040000000000000036e+00,9.426999999999999602e+00,6.386999999999999567e+00,8.278949355482444206e-02,3.155729999999999791e+02
1.542999999999999927e+00,3.205999999999999961e+00,9.492000000000000881e+00,6.285999999999999588e+00,8.590357421222580281e-02,3.092939999999999827e+02,1.544000000000000039e+00,3.052000000000000046e+00,9.439000000000000057e+00,6.386999999999999567e+00,8.327490426622080610e-02,3.155609999999999786e+02
1.550999999999999934e+00,3.181000000000000050e+00,9.467999999999999972e+00,6.286999999999999922e+00,8.634895891326131723e-02,3.093190000000000168e+02,1.552999999999999936e+00,3.052999999999999936e+00,9.436999999999999389e+00,6.384000000000000341e+00,8.376031497761717015e-02,3.155629999999999882e+02
1.560999999999999943e+00,3.181000000000000050e+00,9.503000000000000114e+00,6.322000000000000064e+00,8.690568978955572066e-02,3.093190000000000168e+02,1.560999999999999943e+00,3.039000000000000146e+00,9.426000000000000156e+00,6.386999999999999567e+00,8.419179116552505393e-02,3.155740000000000123e+02
1.568999999999999950e+00,3.181999999999999940e+00,9.490999999999999659e+00,6.309000000000000163e+00,8.735107449059124896e-02,3.093179999999999836e+02,1.570000000000000062e+00,3.039000000000000146e+00,9.413999999999999702e+00,6.375000000000000000e+00,8.467720187692141798e-02,3.155860000000000127e+02
1.578000000000000069e+00,3.169000000000000039e+00,9.477000000000000313e+00,6.307999999999999829e+00,8.785213227925621482e-02,3.093310000000000173e+02,1.578999999999999959e+00,3.052999999999999936e+00,9.414999999999999147e+00,6.362000000000000099e+00,8.516261258831778203e-02,3.155849999999999795e+02
1.586999999999999966e+00,3.208000000000000185e+00,9.516000000000000014e+00,6.307999999999999829e+00,8.835319006792116681e-02,3.092919999999999732e+02,1.586999999999999966e+00,3.091000000000000192e+00,9.439000000000000057e+00,6.347999999999999865e+00,8.559408877622566580e-02,3.155609999999999786e+02
1.594999999999999973e+00,3.232000000000000206e+00,9.526999999999999247e+00,6.294999999999999929e+00,8.879857476895668122e-02,3.092679999999999723e+02,1.596000000000000085e+00,3.079000000000000181e+00,9.428000000000000824e+00,6.349000000000000199e+00,8.607949948762202985e-02,3.155720000000000027e+02
1.604000000000000092e+00,3.270000000000000018e+00,9.564000000000000057e+00,6.293999999999999595e+00,8.929963255762164709e-02,3.092300000000000182e+02,1.604999999999999982e+00,3.091000000000000192e+00,9.416000000000000369e+00,6.325000000000000178e+00,8.656491019901839390e-02,3.155840000000000032e+02
1.612999999999999989e+00,3.307999999999999829e+00,9.598000000000000753e+00,6.290000000000000036e+00,8.980069034628659908e-02,3.091920000000000073e+02,1.614000000000000101e+00,3.091000000000000192e+00,9.417999999999999261e+00,6.326999999999999957e+00,8.705032091041475795e-02,3.155819999999999936e+02
1.622000000000000108e+00,3.282000000000000028e+00,9.593999999999999417e+00,6.312000000000000277e+00,9.030174813495156494e-02,3.092180000000000177e+02,1.622000000000000108e+00,3.104999999999999982e+00,9.441000000000000725e+00,6.336000000000000298e+00,8.748179709832264173e-02,3.155590000000000259e+02
1.629999999999999893e+00,3.269000000000000128e+00,9.573999999999999844e+00,6.304999999999999716e+00,9.074713283598707936e-02,3.092309999999999945e+02,1.631000000000000005e+00,3.116999999999999993e+00,9.467000000000000526e+00,6.349999999999999645e+00,8.796720780971900577e-02,3.155330000000000155e+02
1.639000000000000012e+00,3.282000000000000028e+00,9.564999999999999503e+00,6.283000000000000362e+00,9.124819062465204522e-02,3.092180000000000177e+02,1.639000000000000012e+00,3.116999999999999993e+00,9.454000000000000625e+00,6.336999999999999744e+00,8.839868399762687567e-02,3.155459999999999923e+02
1.647999999999999909e+00,3.257000000000000117e+00,9.550000000000000711e+00,6.293000000000000149e+00,9.174924841331699721e-02,3.092429999999999950e+02,1.647999999999999909e+00,3.116999999999999993e+00,9.465999999999999304e+00,6.349000000000000199e+00,8.888409470902323972e-02,3.155339999999999918e+02
1.655999999999999917e+00,3.244000000000000217e+00,9.538999999999999702e+00,6.294999999999999929e+00,9.219463311435251163e-02,3.092559999999999718e+02,1.657000000000000028e+00,3.129000000000000004e+00,9.477000000000000313e+00,6.347999999999999865e+00,8.936950542041961765e-02,3.155230000000000246e+02
1.665000000000000036e+00,3.217999999999999972e+00,9.525999999999999801e+00,6.307999999999999829e+00,9.269569090301747749e-02,3.092819999999999823e+02,1.665999999999999925e+00,3.129000000000000004e+00,9.476000000000000867e+00,6.347000000000000419e+00,8.985491613181596782e-02,3.155240000000000009e+02
1.673999999999999932e+00,3.217999999999999972e+00,9.503000000000000114e+00,6.285000000000000142e+00,9.319674869168242948e-02,3.092819999999999823e+02,1.673999999999999932e+00,3.129000000000000004e+00,9.487999999999999545e+00,6.358999999999999986e+00,9.028639231972385160e-02,3.155120000000000005e+02
1.681999999999999940e+00,3.242999999999999883e+00,9.551000000000000156e+00,6.307999999999999829e+00,9.364213339271795777e-02,3.092570000000000050e+02,1.683000000000000052e+00,3.128000000000000114e+00,9.474000000000000199e+00,6.346000000000000085e+00,9.077180303112022952e-02,3.155260000000000105e+02
1.691000000000000059e+00,3.255999999999999783e+00,9.566000000000000725e+00,6.309999999999999609e+00,9.414319118138292364e-02,3.092440000000000282e+02,1.691999999999999948e+00,3.104000000000000092e+00,9.435999999999999943e+00,6.331999999999999851e+00,9.125721374251657969e-02,3.155640000000000214e+02
1.699999999999999956e+00,3.257000000000000117e+00,9.590999999999999304e+00,6.333999999999999631e+00,9.464424897004787562e-02,3.092429999999999950e+02,1.701000000000000068e+00,3.089999999999999858e+00,9.426000000000000156e+00,6.336000000000000298e+00,9.174262445391295762e-02,3.155740000000000123e+02
1.707999999999999963e+00,3.282000000000000028e+00,9.603999999999999204e+00,6.322000000000000064e+00,9.508963367108339004e-02,3.092180000000000177e+02,1.709000000000000075e+00,3.104000000000000092e+00,9.439000000000000057e+00,6.334999999999999964e+00,9.217410064182082752e-02,3.155609999999999786e+02
1.717000000000000082e+00,3.282000000000000028e+00,9.617000000000000881e+00,6.334999999999999964e+00,9.559069145974835591e-02,3.092180000000000177e+02,1.717999999999999972e+00,3.104000000000000092e+00,9.416000000000000369e+00,6.312000000000000277e+00,9.265951135321719156e-02,3.155840000000000032e+02
1.725999999999999979e+00,3.282000000000000028e+00,9.615000000000000213e+00,6.333000000000000185e+00,9.609174924841330789e-02,3.092180000000000177e+02,1.727000000000000091e+00,3.104000000000000092e+00,9.429000000000000270e+00,6.325000000000000178e+00,9.314492206461356949e-02,3.155710000000000264e+02
1.735000000000000098e+00,3.294999999999999929e+00,9.602999999999999758e+00,6.307999999999999829e+00,9.659280703707827376e-02,3.092049999999999841e+02,1.735000000000000098e+00,3.130999999999999783e+00,9.455000000000000071e+00,6.323999999999999844e+00,9.357639825252143939e-02,3.155450000000000159e+02
1.743000000000000105e+00,3.294999999999999929e+00,9.589999999999999858e+00,6.294999999999999929e+00,9.703819173811380205e-02,3.092049999999999841e+02,1.743999999999999995e+00,3.129999999999999893e+00,9.457000000000000739e+00,6.326999999999999957e+00,9.406180896391780344e-02,3.155430000000000064e+02
1.752000000000000002e+00,3.294000000000000039e+00,9.603999999999999204e+00,6.309999999999999609e+00,9.753924952677875404e-02,3.092060000000000173e+02,1.752000000000000002e+00,3.142999999999999794e+00,9.470000000000000639e+00,6.326999999999999957e+00,9.449328515182568722e-02,3.155299999999999727e+02
1.760000000000000009e+00,3.282999999999999918e+00,9.603999999999999204e+00,6.320999999999999730e+00,9.798463422781426846e-02,3.092169999999999845e+02,1.762000000000000011e+00,3.157000000000000028e+00,9.458000000000000185e+00,6.301000000000000156e+00,9.503263038671053153e-02,3.155419999999999732e+02
1.768999999999999906e+00,3.254999999999999893e+00,9.590999999999999304e+00,6.336000000000000298e+00,9.848569201647922045e-02,3.092450000000000045e+02,1.770000000000000018e+00,3.130999999999999783e+00,9.457000000000000739e+00,6.325999999999999623e+00,9.546410657461841531e-02,3.155430000000000064e+02
1.778000000000000025e+00,3.269000000000000128e+00,9.589000000000000412e+00,6.320000000000000284e+00,9.898674980514418631e-02,3.092309999999999945e+02,1.778999999999999915e+00,3.156000000000000139e+00,9.480000000000000426e+00,6.323999999999999844e+00,9.594951728601477936e-02,3.155199999999999818e+02
1.786000000000000032e+00,3.242999999999999883e+00,9.564000000000000057e+00,6.320999999999999730e+00,9.943213450617971461e-02,3.092570000000000050e+02,1.786999999999999922e+00,3.168000000000000149e+00,9.480999999999999872e+00,6.312999999999999723e+00,9.638099347392264926e-02,3.155190000000000055e+02
1.794999999999999929e+00,3.217000000000000082e+00,9.512999999999999901e+00,6.296000000000000263e+00,9.993319229484466659e-02,3.092830000000000155e+02,1.796000000000000041e+00,3.168000000000000149e+00,9.480000000000000426e+00,6.312000000000000277e+00,9.686640418531902719e-02,3.155199999999999818e+02
1.804000000000000048e+00,3.205000000000000071e+00,9.523999999999999133e+00,6.318999999999999950e+00,1.004342500835096325e-01,3.092950000000000159e+02,1.804999999999999938e+00,3.166999999999999815e+00,9.490999999999999659e+00,6.323999999999999844e+00,9.735181489671539123e-02,3.155090000000000146e+02
1.812999999999999945e+00,3.192000000000000171e+00,9.476000000000000867e+00,6.283999999999999808e+00,1.009353078721745844e-01,3.093079999999999927e+02,1.814000000000000057e+00,3.168000000000000149e+00,9.490000000000000213e+00,6.322000000000000064e+00,9.783722560811175528e-02,3.155099999999999909e+02
1.820999999999999952e+00,3.165999999999999925e+00,9.474999999999999645e+00,6.309000000000000163e+00,1.013806925732100989e-01,3.093340000000000032e+02,1.822000000000000064e+00,3.166999999999999815e+00,9.492000000000000881e+00,6.325000000000000178e+00,9.826870179601963906e-02,3.155079999999999814e+02
1.830000000000000071e+00,3.205999999999999961e+00,9.525000000000000355e+00,6.318999999999999950e+00,1.018817503618750647e-01,3.092939999999999827e+02,1.830999999999999961e+00,3.141999999999999904e+00,9.452999999999999403e+00,6.310999999999999943e+00,9.875411250741598923e-02,3.155470000000000255e+02
1.838999999999999968e+00,3.230999999999999872e+00,9.526999999999999247e+00,6.296000000000000263e+00,1.023828081505400306e-01,3.092690000000000055e+02,1.840000000000000080e+00,3.104000000000000092e+00,9.391999999999999460e+00,6.288000000000000256e+00,9.923952321881236716e-02,3.156080000000000041e+02
1.848000000000000087e+00,3.242999999999999883e+00,9.551999999999999602e+00,6.309000000000000163e+00,1.028838659392049965e-01,3.092570000000000050e+02,1.848000000000000087e+00,3.092000000000000082e+00,9.394000000000000128e+00,6.301999999999999602e+00,9.967099940672025093e-02,3.156059999999999945e+02
1.856000000000000094e+00,3.255999999999999783e+00,9.601000000000000867e+00,6.344999999999999751e+00,1.033292506402405109e-01,3.092440000000000282e+02,1.856999999999999984e+00,3.116999999999999993e+00,9.393000000000000682e+00,6.275999999999999801e+00,1.001564101181166011e-01,3.156069999999999709e+02
1.864999999999999991e+00,3.255999999999999783e+00,9.576999999999999957e+00,6.320999999999999730e+00,1.038303084289054629e-01,3.092440000000000282e+02,1.866000000000000103e+00,3.055000000000000160e+00,9.342999999999999972e+00,6.288000000000000256e+00,1.006418208295129790e-01,3.156569999999999823e+02
1.872999999999999998e+00,3.255999999999999783e+00,9.590999999999999304e+00,6.334999999999999964e+00,1.042756931299409773e-01,3.092440000000000282e+02,1.874000000000000110e+00,3.080000000000000071e+00,9.368999999999999773e+00,6.288999999999999702e+00,1.010732970174208628e-01,3.156309999999999718e+02
1.881999999999999895e+00,3.255999999999999783e+00,9.601000000000000867e+00,6.344999999999999751e+00,1.047767509186059431e-01,3.092440000000000282e+02,1.883000000000000007e+00,3.080000000000000071e+00,9.371000000000000441e+00,6.291000000000000369e+00,1.015587077288172130e-01,3.156290000000000191e+02
1.891000000000000014e+00,3.241999999999999993e+00,9.598000000000000753e+00,6.355999999999999872e+00,1.052778087072709090e-01,3.092579999999999814e+02,1.891999999999999904e+00,3.105999999999999872e+00,9.394999999999999574e+00,6.288999999999999702e+00,1.020441184402135770e-01,3.156050000000000182e+02
1.899000000000000021e+00,3.229999999999999982e+00,9.583999999999999631e+00,6.354000000000000092e+00,1.057231934083064234e-01,3.092699999999999818e+02,1.901000000000000023e+00,3.154999999999999805e+00,9.455000000000000071e+00,6.299999999999999822e+00,1.025295291516099411e-01,3.155450000000000159e+02
1.909000000000000030e+00,3.205000000000000071e+00,9.535999999999999588e+00,6.331000000000000405e+00,1.062799242846008269e-01,3.092950000000000159e+02,1.909000000000000030e+00,3.141999999999999904e+00,9.430999999999999162e+00,6.288999999999999702e+00,1.029610053395178249e-01,3.155690000000000168e+02
1.917000000000000037e+00,3.178999999999999826e+00,9.509999999999999787e+00,6.331000000000000405e+00,1.067253089856363413e-01,3.093210000000000264e+02,1.917999999999999927e+00,3.142999999999999794e+00,9.417999999999999261e+00,6.275000000000000355e+00,1.034464160509141889e-01,3.155819999999999936e+02
1.925999999999999934e+00,3.180000000000000160e+00,9.497999999999999332e+00,6.317999999999999616e+00,1.072263667743012933e-01,3.093199999999999932e+02,1.931000000000000050e+00,3.141999999999999904e+00,9.403999999999999915e+00,6.261999999999999567e+00,1.041475648562645018e-01,3.155960000000000036e+02
1.935000000000000053e+00,3.153000000000000025e+00,9.483999999999999986e+00,6.331000000000000405e+00,1.077274245629662591e-01,3.093469999999999800e+02,1.939999999999999947e+00,3.116000000000000103e+00,9.377000000000000668e+00,6.261000000000000121e+00,1.046329755676608519e-01,3.156229999999999905e+02
1.943000000000000060e+00,3.178999999999999826e+00,9.509999999999999787e+00,6.331000000000000405e+00,1.081728092640017874e-01,3.093210000000000264e+02,1.947999999999999954e+00,3.116000000000000103e+00,9.365000000000000213e+00,6.248999999999999666e+00,1.050644517555687357e-01,3.156349999999999909e+02
1.951000000000000068e+00,3.192000000000000171e+00,9.510999999999999233e+00,6.318999999999999950e+00,1.086181939650373018e-01,3.093079999999999927e+02,1.957000000000000073e+00,3.089999999999999858e+00,9.361000000000000654e+00,6.270999999999999908e+00,1.055498624669651136e-01,3.156390000000000100e+02
1.961000000000000076e+00,3.178999999999999826e+00,9.509999999999999787e+00,6.331000000000000405e+00,1.091749248413317053e-01,3.093210000000000264e+02,1.965999999999999970e+00,3.103000000000000203e+00,9.362999999999999545e+00,6.259999999999999787e+00,1.060352731783614638e-01,3.156370000000000005e+02
1.969000000000000083e+00,3.165999999999999925e+00,9.509999999999999787e+00,6.344000000000000306e+00,1.096203095423672197e-01,3.093340000000000032e+02,1.973999999999999977e+00,3.129999999999999893e+00,9.390000000000000568e+00,6.259999999999999787e+00,1.064667493662693476e-01,3.156100000000000136e+02
1.977000000000000091e+00,3.166999999999999815e+00,9.512999999999999901e+00,6.346000000000000085e+00,1.100656942434027341e-01,3.093330000000000268e+02,1.983999999999999986e+00,3.129000000000000004e+00,9.401999999999999247e+00,6.272999999999999687e+00,1.070060946011542058e-01,3.155980000000000132e+02
1.987000000000000099e+00,3.153999999999999915e+00,9.523999999999999133e+00,6.370000000000000107e+00,1.106224251196971375e-01,3.093460000000000036e+02,1.991999999999999993e+00,3.116999999999999993e+00,9.391000000000000014e+00,6.274000000000000021e+00,1.074375707890620757e-01,3.156089999999999804e+02
1.995000000000000107e+00,3.154999999999999805e+00,9.522999999999999687e+00,6.368000000000000327e+00,1.110678098207326658e-01,3.093450000000000273e+02,2.000999999999999890e+00,3.104999999999999982e+00,9.378000000000000114e+00,6.272999999999999687e+00,1.079229815004584397e-01,3.156220000000000141e+02
2.004000000000000004e+00,3.165999999999999925e+00,9.535000000000000142e+00,6.368999999999999773e+00,1.115688676093976178e-01,3.093340000000000032e+02,2.009999999999999787e+00,3.080000000000000071e+00,9.365999999999999659e+00,6.285999999999999588e+00,1.084083922118548038e-01,3.156340000000000146e+02
2.012000000000000011e+00,3.165999999999999925e+00,9.561999999999999389e+00,6.395999999999999908e+00,1.120142523104331322e-01,3.093340000000000032e+02,2.017999999999999794e+00,3.080000000000000071e+00,9.367000000000000881e+00,6.286999999999999922e+00,1.088398683997626737e-01,3.156329999999999814e+02
2.020999999999999908e+00,3.204000000000000181e+00,9.608999999999999986e+00,6.405000000000000249e+00,1.125153100990980842e-01,3.092959999999999923e+02,2.027000000000000135e+00,3.092000000000000082e+00,9.365999999999999659e+00,6.274000000000000021e+00,1.093252791111590655e-01,3.156340000000000146e+02
2.029999999999999805e+00,3.205000000000000071e+00,9.634999999999999787e+00,6.429999999999999716e+00,1.130163678877630362e-01,3.092950000000000159e+02,2.035000000000000142e+00,3.104000000000000092e+00,9.378000000000000114e+00,6.274000000000000021e+00,1.097567552990669354e-01,3.156220000000000141e+02
2.037999999999999812e+00,3.165999999999999925e+00,9.609999999999999432e+00,6.443999999999999950e+00,1.134617525887985645e-01,3.093340000000000032e+02,2.048000000000000043e+00,3.116999999999999993e+00,9.367000000000000881e+00,6.250000000000000000e+00,1.104579041044172344e-01,3.156329999999999814e+02
2.047000000000000153e+00,3.129000000000000004e+00,9.573000000000000398e+00,6.443999999999999950e+00,1.139628103774635443e-01,3.093709999999999809e+02,2.056999999999999940e+00,3.154999999999999805e+00,9.413999999999999702e+00,6.259000000000000341e+00,1.109433148158135984e-01,3.155860000000000127e+02
2.056000000000000050e+00,3.115000000000000213e+00,9.558999999999999275e+00,6.443999999999999950e+00,1.144638681661284962e-01,3.093849999999999909e+02,2.065999999999999837e+00,3.178999999999999826e+00,9.426000000000000156e+00,6.246999999999999886e+00,1.114287255272099625e-01,3.155740000000000123e+02
2.064999999999999947e+00,3.103000000000000203e+00,9.535000000000000142e+00,6.432000000000000384e+00,1.149649259547934482e-01,3.093969999999999914e+02,2.077999999999999847e+00,3.178999999999999826e+00,9.423999999999999488e+00,6.245000000000000107e+00,1.120759398090717812e-01,3.155760000000000218e+02
2.072999999999999954e+00,3.076999999999999957e+00,9.509999999999999787e+00,6.432999999999999829e+00,1.154103106558289626e-01,3.094230000000000018e+02,2.088000000000000078e+00,3.140000000000000124e+00,9.385999999999999233e+00,6.246000000000000441e+00,1.126152850439566394e-01,3.156139999999999759e+02
2.081999999999999851e+00,3.039000000000000146e+00,9.471999999999999531e+00,6.432999999999999829e+00,1.159113684444939146e-01,3.094610000000000127e+02,2.096000000000000085e+00,3.178999999999999826e+00,9.410999999999999588e+00,6.232000000000000206e+00,1.130467612318645232e-01,3.155889999999999986e+02
2.091000000000000192e+00,3.064999999999999947e+00,9.484999999999999432e+00,6.419999999999999929e+00,1.164124262331588944e-01,3.094350000000000023e+02,2.104999999999999982e+00,3.141000000000000014e+00,9.387000000000000455e+00,6.246000000000000441e+00,1.135321719432608872e-01,3.156129999999999995e+02
2.100000000000000089e+00,3.104000000000000092e+00,9.538000000000000256e+00,6.434000000000000163e+00,1.169134840218238464e-01,3.093960000000000150e+02,2.112999999999999989e+00,3.116000000000000103e+00,9.362000000000000099e+00,6.246000000000000441e+00,1.139636481311687571e-01,3.156379999999999768e+02
2.108000000000000096e+00,3.141000000000000014e+00,9.573999999999999844e+00,6.432999999999999829e+00,1.173588687228593747e-01,3.093589999999999804e+02,2.123000000000000220e+00,3.129000000000000004e+00,9.362000000000000099e+00,6.232999999999999652e+00,1.145029933660536292e-01,3.156379999999999768e+02
2.116999999999999993e+00,3.166999999999999815e+00,9.589000000000000412e+00,6.421999999999999709e+00,1.178599265115243266e-01,3.093330000000000268e+02,2.130999999999999783e+00,3.116000000000000103e+00,9.337999999999999190e+00,6.222000000000000419e+00,1.149344695539614852e-01,3.156619999999999777e+02
2.125999999999999890e+00,3.178999999999999826e+00,9.599999999999999645e+00,6.421000000000000263e+00,1.183609843001892786e-01,3.093210000000000264e+02,2.138999999999999790e+00,3.154999999999999805e+00,9.387999999999999901e+00,6.232999999999999652e+00,1.153659457418693551e-01,3.156120000000000232e+02
2.133999999999999897e+00,3.180000000000000160e+00,9.587999999999999190e+00,6.408000000000000362e+00,1.188063690012247930e-01,3.093199999999999932e+02,2.148000000000000131e+00,3.192000000000000171e+00,9.413999999999999702e+00,6.222000000000000419e+00,1.158513564532657469e-01,3.155860000000000127e+02
2.144000000000000128e+00,3.190999999999999837e+00,9.624000000000000554e+00,6.432999999999999829e+00,1.193630998775192104e-01,3.093090000000000259e+02,2.157000000000000028e+00,3.180000000000000160e+00,9.375000000000000000e+00,6.195000000000000284e+00,1.163367671646620971e-01,3.156250000000000000e+02
2.152000000000000135e+00,3.190999999999999837e+00,9.612000000000000099e+00,6.421000000000000263e+00,1.198084845785547248e-01,3.093090000000000259e+02,2.165999999999999925e+00,3.180000000000000160e+00,9.364000000000000767e+00,6.184000000000000163e+00,1.168221778760584612e-01,3.156360000000000241e+02
2.161000000000000032e+00,3.128000000000000114e+00,9.557999999999999829e+00,6.429999999999999716e+00,1.203095423672196768e-01,3.093720000000000141e+02,2.177999999999999936e+00,3.205000000000000071e+00,9.397999999999999687e+00,6.192999999999999616e+00,1.174693921579202799e-01,3.156019999999999754e+02
2.169000000000000039e+00,3.115000000000000213e+00,9.534000000000000696e+00,6.418999999999999595e+00,1.207549270682552051e-01,3.093849999999999909e+02,2.188000000000000167e+00,3.216000000000000192e+00,9.385999999999999233e+00,6.169999999999999929e+00,1.180087373928051381e-01,3.156139999999999759e+02
2.177999999999999936e+00,3.103000000000000203e+00,9.532000000000000028e+00,6.429000000000000270e+00,1.212559848569201570e-01,3.093969999999999914e+02,2.196000000000000174e+00,3.216000000000000192e+00,9.346999999999999531e+00,6.131000000000000227e+00,1.184402135807130219e-01,3.156530000000000200e+02
2.186999999999999833e+00,3.113999999999999879e+00,9.557999999999999829e+00,6.443999999999999950e+00,1.217570426455851090e-01,3.093860000000000241e+02,2.205000000000000071e+00,3.217000000000000082e+00,9.333000000000000185e+00,6.115999999999999659e+00,1.189256242921093859e-01,3.156669999999999732e+02
2.196000000000000174e+00,3.153000000000000025e+00,9.608000000000000540e+00,6.455000000000000071e+00,1.222581004342500888e-01,3.093469999999999800e+02,2.213999999999999968e+00,3.229000000000000092e+00,9.320999999999999730e+00,6.091999999999999638e+00,1.194110350035057500e-01,3.156789999999999736e+02
2.205000000000000071e+00,3.115000000000000213e+00,9.570999999999999730e+00,6.456000000000000405e+00,1.227591582229150408e-01,3.093849999999999909e+02,2.221999999999999975e+00,3.241999999999999993e+00,9.355000000000000426e+00,6.113000000000000433e+00,1.198425111914136199e-01,3.156449999999999818e+02
2.212000000000000188e+00,3.064000000000000057e+00,9.532999999999999474e+00,6.469000000000000306e+00,1.231488698363211315e-01,3.094359999999999786e+02,2.230999999999999872e+00,3.229000000000000092e+00,9.346000000000000085e+00,6.116999999999999993e+00,1.203279219028099839e-01,3.156539999999999964e+02
2.221000000000000085e+00,3.064000000000000057e+00,9.535000000000000142e+00,6.471000000000000085e+00,1.236499276249860835e-01,3.094359999999999786e+02,2.240000000000000213e+00,3.229999999999999982e+00,9.333000000000000185e+00,6.102999999999999758e+00,1.208133326142063618e-01,3.156669999999999732e+02
2.229999999999999982e+00,3.089999999999999858e+00,9.548000000000000043e+00,6.458000000000000185e+00,1.241509854136510355e-01,3.094100000000000250e+02,2.249000000000000110e+00,3.216000000000000192e+00,9.320999999999999730e+00,6.105000000000000426e+00,1.212987433256027259e-01,3.156789999999999736e+02
2.237999999999999989e+00,3.101999999999999869e+00,9.548000000000000043e+00,6.445999999999999730e+00,1.245963701146865499e-01,3.093980000000000246e+02,2.257000000000000117e+00,3.216000000000000192e+00,9.310999999999999943e+00,6.094999999999999751e+00,1.217302195135106097e-01,3.156890000000000214e+02
2.248000000000000220e+00,3.116000000000000103e+00,9.548999999999999488e+00,6.432999999999999829e+00,1.251531009909809811e-01,3.093840000000000146e+02,2.270000000000000018e+00,3.241999999999999993e+00,9.321999999999999176e+00,6.080000000000000071e+00,1.224313683188609087e-01,3.156779999999999973e+02
2.255999999999999783e+00,3.116000000000000103e+00,9.561999999999999389e+00,6.445999999999999730e+00,1.255984856920164539e-01,3.093840000000000146e+02,2.278999999999999915e+00,3.229999999999999982e+00,9.297000000000000597e+00,6.067000000000000171e+00,1.229167790302572588e-01,3.157029999999999745e+02
2.265000000000000124e+00,3.140000000000000124e+00,9.573999999999999844e+00,6.434000000000000163e+00,1.260995434806814475e-01,3.093600000000000136e+02,2.286999999999999922e+00,3.242999999999999883e+00,9.285999999999999588e+00,6.043000000000000149e+00,1.233482552181651426e-01,3.157139999999999986e+02
2.273000000000000131e+00,3.190999999999999837e+00,9.624000000000000554e+00,6.432999999999999829e+00,1.265449281817169480e-01,3.093090000000000259e+02,2.297000000000000153e+00,3.254999999999999893e+00,9.297000000000000597e+00,6.041999999999999815e+00,1.238876004530500008e-01,3.157029999999999745e+02
2.282999999999999918e+00,3.216000000000000192e+00,9.646000000000000796e+00,6.429999999999999716e+00,1.271016590580113514e-01,3.092839999999999918e+02,2.305000000000000160e+00,3.266999999999999904e+00,9.310000000000000497e+00,6.043000000000000149e+00,1.243190766409578846e-01,3.156899999999999977e+02
2.290999999999999925e+00,3.177999999999999936e+00,9.646000000000000796e+00,6.467999999999999972e+00,1.275470437590468797e-01,3.093220000000000027e+02,2.313000000000000167e+00,3.306000000000000050e+00,9.359999999999999432e+00,6.054000000000000270e+00,1.247505528288657684e-01,3.156399999999999864e+02
2.298999999999999932e+00,3.190999999999999837e+00,9.634000000000000341e+00,6.442999999999999616e+00,1.279924284600823803e-01,3.093090000000000259e+02,2.322999999999999954e+00,3.342999999999999972e+00,9.396000000000000796e+00,6.052999999999999936e+00,1.252898980637505988e-01,3.156039999999999850e+02
2.307999999999999829e+00,3.177999999999999936e+00,9.632999999999999119e+00,6.455000000000000071e+00,1.284934862487473461e-01,3.093220000000000027e+02,2.337000000000000188e+00,3.342999999999999972e+00,9.382999999999999119e+00,6.040000000000000036e+00,1.260449813925894058e-01,3.156170000000000186e+02
2.317000000000000171e+00,3.165000000000000036e+00,9.608999999999999986e+00,6.443999999999999950e+00,1.289945440374123120e-01,3.093349999999999795e+02,2.343999999999999861e+00,3.342999999999999972e+00,9.394999999999999574e+00,6.051999999999999602e+00,1.264225230570087954e-01,3.156050000000000182e+02
2.325000000000000178e+00,3.140000000000000124e+00,9.570999999999999730e+00,6.431000000000000050e+00,1.294399287384478403e-01,3.093600000000000136e+02,2.351999999999999869e+00,3.317000000000000171e+00,9.369999999999999218e+00,6.052999999999999936e+00,1.268539992449166653e-01,3.156299999999999955e+02
2.334999999999999964e+00,3.076999999999999957e+00,9.534000000000000696e+00,6.456999999999999851e+00,1.299966596147422160e-01,3.094230000000000018e+02,2.365000000000000213e+00,3.306000000000000050e+00,9.345000000000000639e+00,6.038999999999999702e+00,1.275551480502669921e-01,3.156549999999999727e+02
2.342999999999999972e+00,3.076999999999999957e+00,9.535000000000000142e+00,6.458000000000000185e+00,1.304420443157777443e-01,3.094230000000000018e+02,2.375000000000000000e+00,3.241999999999999993e+00,9.295999999999999375e+00,6.054000000000000270e+00,1.280944932851518225e-01,3.157040000000000077e+02
2.351999999999999869e+00,3.103000000000000203e+00,9.560999999999999943e+00,6.458000000000000185e+00,1.309431021044427101e-01,3.093969999999999914e+02,2.383000000000000007e+00,3.229999999999999982e+00,9.307999999999999829e+00,6.078000000000000291e+00,1.285259694730597202e-01,3.156920000000000073e+02
2.359999999999999876e+00,3.115000000000000213e+00,9.573000000000000398e+00,6.458000000000000185e+00,1.313884868054782107e-01,3.093849999999999909e+02,2.391999999999999904e+00,3.291999999999999815e+00,9.371999999999999886e+00,6.080000000000000071e+00,1.290113801844560704e-01,3.156279999999999859e+02
2.370000000000000107e+00,3.140000000000000124e+00,9.596000000000000085e+00,6.456000000000000405e+00,1.319452176817726419e-01,3.093600000000000136e+02,2.399999999999999911e+00,3.306000000000000050e+00,9.397000000000000242e+00,6.091000000000000192e+00,1.294428563723639403e-01,3.156030000000000086e+02
2.378000000000000114e+00,3.126999999999999780e+00,9.585000000000000853e+00,6.458000000000000185e+00,1.323906023828081424e-01,3.093729999999999905e+02,2.408999999999999808e+00,3.293000000000000149e+00,9.398999999999999133e+00,6.105999999999999872e+00,1.299282670837603182e-01,3.156009999999999991e+02
2.386000000000000121e+00,3.128000000000000114e+00,9.596999999999999531e+00,6.469000000000000306e+00,1.328359870838436707e-01,3.093720000000000141e+02,2.416999999999999815e+00,3.281000000000000139e+00,9.385999999999999233e+00,6.105000000000000426e+00,1.303597432716681881e-01,3.156139999999999759e+02
2.395000000000000018e+00,3.177999999999999936e+00,9.647999999999999687e+00,6.469999999999999751e+00,1.333370448725086366e-01,3.093220000000000027e+02,2.426000000000000156e+00,3.293000000000000149e+00,9.359999999999999432e+00,6.067000000000000171e+00,1.308451539830645660e-01,3.156399999999999864e+02
2.403999999999999915e+00,3.165000000000000036e+00,9.644999999999999574e+00,6.480000000000000426e+00,1.338381026611735747e-01,3.093349999999999795e+02,2.439999999999999947e+00,3.306000000000000050e+00,9.372999999999999332e+00,6.067000000000000171e+00,1.316002373119033453e-01,3.156270000000000095e+02
2.412999999999999812e+00,3.153000000000000025e+00,9.621000000000000441e+00,6.467999999999999972e+00,1.343391604498385405e-01,3.093469999999999800e+02,2.448999999999999844e+00,3.330999999999999961e+00,9.407000000000000028e+00,6.075999999999999623e+00,1.320856480232996955e-01,3.155930000000000177e+02
2.420999999999999819e+00,3.177999999999999936e+00,9.632999999999999119e+00,6.455000000000000071e+00,1.347845451508740411e-01,3.093220000000000027e+02,2.456999999999999851e+00,3.291999999999999815e+00,9.382999999999999119e+00,6.091000000000000192e+00,1.325171242112075931e-01,3.156170000000000186e+02
2.430000000000000160e+00,3.177999999999999936e+00,9.631000000000000227e+00,6.453000000000000291e+00,1.352856029395390347e-01,3.093220000000000027e+02,2.466000000000000192e+00,3.305000000000000160e+00,9.396000000000000796e+00,6.091000000000000192e+00,1.330025349226039710e-01,3.156039999999999850e+02
2.439000000000000057e+00,3.189999999999999947e+00,9.631000000000000227e+00,6.440999999999999837e+00,1.357866607282039728e-01,3.093100000000000023e+02,2.474000000000000199e+00,3.317000000000000171e+00,9.407999999999999474e+00,6.091000000000000192e+00,1.334340111105118409e-01,3.155919999999999845e+02
2.447999999999999954e+00,3.177000000000000046e+00,9.631000000000000227e+00,6.453999999999999737e+00,1.362877185168689387e-01,3.093229999999999791e+02,2.483000000000000096e+00,3.342000000000000082e+00,9.458000000000000185e+00,6.115999999999999659e+00,1.339194218219082189e-01,3.155419999999999732e+02
2.456999999999999851e+00,3.165000000000000036e+00,9.615999999999999659e+00,6.450999999999999623e+00,1.367887763055339045e-01,3.093349999999999795e+02,2.496999999999999886e+00,3.366999999999999993e+00,9.481999999999999318e+00,6.115000000000000213e+00,1.346745051507469981e-01,3.155180000000000291e+02
2.464999999999999858e+00,3.164000000000000146e+00,9.605999999999999872e+00,6.442000000000000171e+00,1.372341610065694051e-01,3.093360000000000127e+02,2.504999999999999893e+00,3.330000000000000071e+00,9.444000000000000838e+00,6.113999999999999879e+00,1.351059813386548680e-01,3.155559999999999832e+02
2.472999999999999865e+00,3.189999999999999947e+00,9.630000000000000782e+00,6.440000000000000391e+00,1.376795457076049334e-01,3.093100000000000023e+02,2.512999999999999901e+00,3.303999999999999826e+00,9.432000000000000384e+00,6.128000000000000114e+00,1.355374575265627379e-01,3.155679999999999836e+02
2.482000000000000206e+00,3.189999999999999947e+00,9.631999999999999673e+00,6.442000000000000171e+00,1.381806034962698992e-01,3.093100000000000023e+02,2.525999999999999801e+00,3.317000000000000171e+00,9.420999999999999375e+00,6.104000000000000092e+00,1.362386063319130369e-01,3.155790000000000077e+02
2.491999999999999993e+00,3.202999999999999847e+00,9.657000000000000028e+00,6.453999999999999737e+00,1.387373343725643027e-01,3.092970000000000255e+02,2.536000000000000032e+00,3.266999999999999904e+00,9.359999999999999432e+00,6.092999999999999972e+00,1.367779515667979229e-01,3.156399999999999864e+02
2.500000000000000000e+00,3.204000000000000181e+00,9.669000000000000483e+00,6.464999999999999858e+00,1.391827190735998032e-01,3.092959999999999923e+02,2.544999999999999929e+00,3.241999999999999993e+00,9.345000000000000639e+00,6.102999999999999758e+00,1.372633622781942730e-01,3.156549999999999727e+02
2.512999999999999901e+00,3.189999999999999947e+00,9.669999999999999929e+00,6.480000000000000426e+00,1.399064692127825194e-01,3.093100000000000023e+02,2.556999999999999940e+00,3.241999999999999993e+00,9.333999999999999631e+00,6.091999999999999638e+00,1.379105765600560918e-01,3.156659999999999968e+02
2.521999999999999797e+00,3.214999999999999858e+00,9.685000000000000497e+00,6.469999999999999751e+00,1.404075270014474852e-01,3.092850000000000250e+02,2.565999999999999837e+00,3.266000000000000014e+00,9.394999999999999574e+00,6.128999999999999559e+00,1.383959872714524419e-01,3.156050000000000182e+02
2.529999999999999805e+00,3.228000000000000203e+00,9.695000000000000284e+00,6.466999999999999638e+00,1.408529117024830135e-01,3.092719999999999914e+02,2.575000000000000178e+00,3.291999999999999815e+00,9.419999999999999929e+00,6.128000000000000114e+00,1.388813979828488199e-01,3.155799999999999841e+02
2.537999999999999812e+00,3.241000000000000103e+00,9.682000000000000384e+00,6.440999999999999837e+00,1.412982964035185141e-01,3.092590000000000146e+02,2.588000000000000078e+00,3.279999999999999805e+00,9.419000000000000483e+00,6.139000000000000234e+00,1.395825467881991189e-01,3.155810000000000173e+02
2.547000000000000153e+00,3.254000000000000004e+00,9.695000000000000284e+00,6.440999999999999837e+00,1.417993541921835077e-01,3.092459999999999809e+02,2.596000000000000085e+00,3.278000000000000025e+00,9.430999999999999162e+00,6.152999999999999581e+00,1.400140229761070165e-01,3.155690000000000168e+02
2.556999999999999940e+00,3.254000000000000004e+00,9.695000000000000284e+00,6.440999999999999837e+00,1.423560850684778833e-01,3.092459999999999809e+02,2.604999999999999982e+00,3.279999999999999805e+00,9.429999999999999716e+00,6.150000000000000355e+00,1.404994336875033667e-01,3.155699999999999932e+02
2.564999999999999947e+00,3.278999999999999915e+00,9.679999999999999716e+00,6.400999999999999801e+00,1.428014697695134116e-01,3.092210000000000036e+02,2.613999999999999879e+00,3.278999999999999915e+00,9.429999999999999716e+00,6.150999999999999801e+00,1.409848443988997169e-01,3.155699999999999932e+02
2.572999999999999954e+00,3.228000000000000203e+00,9.666999999999999815e+00,6.439000000000000057e+00,1.432468544705489399e-01,3.092719999999999914e+02,2.626999999999999780e+00,3.266000000000000014e+00,9.404999999999999361e+00,6.139000000000000234e+00,1.416859932042500436e-01,3.155950000000000273e+02
2.581999999999999851e+00,3.189999999999999947e+00,9.631000000000000227e+00,6.440999999999999837e+00,1.437479122592138781e-01,3.093100000000000023e+02,2.634999999999999787e+00,3.240000000000000213e+00,9.381000000000000227e+00,6.141000000000000014e+00,1.421174693921579135e-01,3.156190000000000282e+02
2.591000000000000192e+00,3.164000000000000146e+00,9.618999999999999773e+00,6.455000000000000071e+00,1.442489700478788717e-01,3.093360000000000127e+02,2.644000000000000128e+00,3.266999999999999904e+00,9.417999999999999261e+00,6.150999999999999801e+00,1.426028801035542914e-01,3.155819999999999936e+02
2.599000000000000199e+00,3.189999999999999947e+00,9.656000000000000583e+00,6.466000000000000192e+00,1.446943547489143722e-01,3.093100000000000023e+02,2.657000000000000028e+00,3.254000000000000004e+00,9.407999999999999474e+00,6.153999999999999915e+00,1.433040289089045904e-01,3.155919999999999845e+02
2.608000000000000096e+00,3.177999999999999936e+00,9.618000000000000327e+00,6.440000000000000391e+00,1.451954125375793381e-01,3.093220000000000027e+02,2.665999999999999925e+00,3.266999999999999904e+00,9.407999999999999474e+00,6.141000000000000014e+00,1.437894396203009406e-01,3.155919999999999845e+02
2.616999999999999993e+00,3.165000000000000036e+00,9.618999999999999773e+00,6.453999999999999737e+00,1.456964703262442762e-01,3.093349999999999795e+02,2.674999999999999822e+00,3.241000000000000103e+00,9.394000000000000128e+00,6.152999999999999581e+00,1.442748503316973185e-01,3.156059999999999945e+02
2.625999999999999890e+00,3.189999999999999947e+00,9.619999999999999218e+00,6.429999999999999716e+00,1.461975281149092420e-01,3.093100000000000023e+02,2.682999999999999829e+00,3.254999999999999893e+00,9.382999999999999119e+00,6.128000000000000114e+00,1.447063265196051884e-01,3.156170000000000186e+02
2.633999999999999897e+00,3.177999999999999936e+00,9.596000000000000085e+00,6.418000000000000149e+00,1.466429128159447703e-01,3.093220000000000027e+02,2.696000000000000174e+00,3.279999999999999805e+00,9.407999999999999474e+00,6.128000000000000114e+00,1.454074753249555152e-01,3.155919999999999845e+02
2.642999999999999794e+00,3.228000000000000203e+00,9.643000000000000682e+00,6.415000000000000036e+00,1.471439706046097085e-01,3.092719999999999914e+02,2.705000000000000071e+00,3.241000000000000103e+00,9.394000000000000128e+00,6.152999999999999581e+00,1.458928860363518654e-01,3.156059999999999945e+02
2.652000000000000135e+00,3.240000000000000213e+00,9.657999999999999474e+00,6.418000000000000149e+00,1.476450283932747021e-01,3.092599999999999909e+02,2.713999999999999968e+00,3.241000000000000103e+00,9.368999999999999773e+00,6.128000000000000114e+00,1.463782967477482433e-01,3.156309999999999718e+02
2.661000000000000032e+00,3.228000000000000203e+00,9.628999999999999559e+00,6.400999999999999801e+00,1.481460861819396402e-01,3.092719999999999914e+02,2.726999999999999869e+00,3.253000000000000114e+00,9.391999999999999460e+00,6.139000000000000234e+00,1.470794455530985423e-01,3.156080000000000041e+02
2.669000000000000039e+00,3.228000000000000203e+00,9.625999999999999446e+00,6.397999999999999687e+00,1.485914708829751685e-01,3.092719999999999914e+02,2.736000000000000210e+00,3.278999999999999915e+00,9.390000000000000568e+00,6.110999999999999766e+00,1.475648562644949202e-01,3.156100000000000136e+02
2.677999999999999936e+00,3.228000000000000203e+00,9.615000000000000213e+00,6.386999999999999567e+00,1.490925286716401343e-01,3.092719999999999914e+02,2.749000000000000110e+00,3.302999999999999936e+00,9.391000000000000014e+00,6.088000000000000078e+00,1.482660050698452192e-01,3.156089999999999804e+02
2.690999999999999837e+00,3.214999999999999858e+00,9.602999999999999758e+00,6.387999999999999901e+00,1.498162788108228227e-01,3.092850000000000250e+02,2.758000000000000007e+00,3.327999999999999847e+00,9.403000000000000469e+00,6.075000000000000178e+00,1.487514157812415694e-01,3.155969999999999800e+02
2.700000000000000178e+00,3.240000000000000213e+00,9.625999999999999446e+00,6.386000000000000121e+00,1.503173365994878163e-01,3.092599999999999909e+02,2.770999999999999908e+00,3.329000000000000181e+00,9.416000000000000369e+00,6.086999999999999744e+00,1.494525645865918684e-01,3.155840000000000032e+02
2.708000000000000185e+00,3.240000000000000213e+00,9.625999999999999446e+00,6.386000000000000121e+00,1.507627213005233446e-01,3.092599999999999909e+02,2.778000000000000025e+00,3.302999999999999936e+00,9.404999999999999361e+00,6.102000000000000313e+00,1.498301062510112858e-01,3.155950000000000273e+02
2.717000000000000082e+00,3.241000000000000103e+00,9.614000000000000767e+00,6.373000000000000220e+00,1.512637790891882827e-01,3.092590000000000146e+02,2.786999999999999922e+00,3.278999999999999915e+00,9.416000000000000369e+00,6.136999999999999567e+00,1.503155169624076359e-01,3.155840000000000032e+02
2.725000000000000089e+00,3.253000000000000114e+00,9.617000000000000881e+00,6.363999999999999879e+00,1.517091637902238110e-01,3.092470000000000141e+02,2.799999999999999822e+00,3.266000000000000014e+00,9.429000000000000270e+00,6.163000000000000256e+00,1.510166657677579349e-01,3.155710000000000264e+02
2.734999999999999876e+00,3.253000000000000114e+00,9.593999999999999417e+00,6.341000000000000192e+00,1.522658946665181867e-01,3.092470000000000141e+02,2.809000000000000163e+00,3.229000000000000092e+00,9.416999999999999815e+00,6.187999999999999723e+00,1.515020764791543129e-01,3.155830000000000268e+02
2.742999999999999883e+00,3.253000000000000114e+00,9.569000000000000838e+00,6.315999999999999837e+00,1.527112793675537150e-01,3.092470000000000141e+02,2.818000000000000060e+00,3.201999999999999957e+00,9.429999999999999716e+00,6.227999999999999758e+00,1.519874871905506630e-01,3.155699999999999932e+02
2.751999999999999780e+00,3.253000000000000114e+00,9.557000000000000384e+00,6.304000000000000270e+00,1.532123371562186531e-01,3.092470000000000141e+02,2.826000000000000068e+00,3.214999999999999858e+00,9.455999999999999517e+00,6.240999999999999659e+00,1.524189633784585607e-01,3.155439999999999827e+02
2.759999999999999787e+00,3.241000000000000103e+00,9.529999999999999361e+00,6.288999999999999702e+00,1.536577218572541814e-01,3.092590000000000146e+02,2.834999999999999964e+00,3.201999999999999957e+00,9.454000000000000625e+00,6.251999999999999780e+00,1.529043740898549109e-01,3.155459999999999923e+02
2.770000000000000018e+00,3.240000000000000213e+00,9.516000000000000014e+00,6.275999999999999801e+00,1.542144527335485849e-01,3.092599999999999909e+02,2.847999999999999865e+00,3.202999999999999847e+00,9.478999999999999204e+00,6.275999999999999801e+00,1.536055228952052099e-01,3.155210000000000150e+02
2.778000000000000025e+00,3.240000000000000213e+00,9.528000000000000469e+00,6.288000000000000256e+00,1.546598374345841131e-01,3.092599999999999909e+02,2.857000000000000206e+00,3.228000000000000203e+00,9.515000000000000568e+00,6.286999999999999922e+00,1.540909336066015878e-01,3.154850000000000136e+02
2.786999999999999922e+00,3.228000000000000203e+00,9.551999999999999602e+00,6.323999999999999844e+00,1.551608952232490790e-01,3.092719999999999914e+02,2.870000000000000107e+00,3.213999999999999968e+00,9.515000000000000568e+00,6.301000000000000156e+00,1.547920824119518868e-01,3.154850000000000136e+02
2.794999999999999929e+00,3.226999999999999869e+00,9.602999999999999758e+00,6.376000000000000334e+00,1.556062799242845796e-01,3.092730000000000246e+02,2.879000000000000004e+00,3.189000000000000057e+00,9.502000000000000668e+00,6.312999999999999723e+00,1.552774931233482647e-01,3.154979999999999905e+02
2.803999999999999826e+00,3.254000000000000004e+00,9.653000000000000469e+00,6.399000000000000021e+00,1.561073377129495454e-01,3.092459999999999809e+02,2.891999999999999904e+00,3.176000000000000156e+00,9.477000000000000313e+00,6.301000000000000156e+00,1.559786419286985637e-01,3.155230000000000246e+02
2.813000000000000167e+00,3.251999999999999780e+00,9.653999999999999915e+00,6.402000000000000135e+00,1.566083955016145113e-01,3.092479999999999905e+02,2.900999999999999801e+00,3.213999999999999968e+00,9.516000000000000014e+00,6.301999999999999602e+00,1.564640526400949139e-01,3.154839999999999804e+02
2.821000000000000174e+00,3.253000000000000114e+00,9.664999999999999147e+00,6.411999999999999922e+00,1.570537802026500396e-01,3.092470000000000141e+02,2.908999999999999808e+00,3.176000000000000156e+00,9.503000000000000114e+00,6.326999999999999957e+00,1.568955288280027838e-01,3.154970000000000141e+02
2.834000000000000075e+00,3.266000000000000014e+00,9.680999999999999162e+00,6.415000000000000036e+00,1.577775303418327557e-01,3.092339999999999804e+02,2.922000000000000153e+00,3.177000000000000046e+00,9.480999999999999872e+00,6.304000000000000270e+00,1.575966776333531105e-01,3.155190000000000055e+02
2.843999999999999861e+00,3.228000000000000203e+00,9.653999999999999915e+00,6.426000000000000156e+00,1.583342612181271314e-01,3.092719999999999914e+02,2.931000000000000050e+00,3.189999999999999947e+00,9.503000000000000114e+00,6.312999999999999723e+00,1.580820883447494885e-01,3.154970000000000141e+02
2.851999999999999869e+00,3.240000000000000213e+00,9.667999999999999261e+00,6.427999999999999936e+00,1.587796459191626597e-01,3.092599999999999909e+02,2.943999999999999950e+00,3.202999999999999847e+00,9.516000000000000014e+00,6.312999999999999723e+00,1.587832371500997874e-01,3.154839999999999804e+02
2.861000000000000210e+00,3.226999999999999869e+00,9.666999999999999815e+00,6.440000000000000391e+00,1.592807037078276533e-01,3.092730000000000246e+02,2.952999999999999847e+00,3.214999999999999858e+00,9.528999999999999915e+00,6.314000000000000057e+00,1.592686478614961376e-01,3.154710000000000036e+02
2.869000000000000217e+00,3.201999999999999957e+00,9.641000000000000014e+00,6.439000000000000057e+00,1.597260884088631538e-01,3.092980000000000018e+02,2.966000000000000192e+00,3.177999999999999936e+00,9.502000000000000668e+00,6.323999999999999844e+00,1.599697966668464644e-01,3.154979999999999905e+02
2.878000000000000114e+00,3.228000000000000203e+00,9.653999999999999915e+00,6.426000000000000156e+00,1.602271461975281197e-01,3.092719999999999914e+02,2.979000000000000092e+00,3.164000000000000146e+00,9.477999999999999758e+00,6.314000000000000057e+00,1.606709454721967634e-01,3.155219999999999914e+02
2.886000000000000121e+00,3.226999999999999869e+00,9.666000000000000369e+00,6.439000000000000057e+00,1.606725308985636480e-01,3.092730000000000246e+02,2.987999999999999989e+00,3.164000000000000146e+00,9.490000000000000213e+00,6.325999999999999623e+00,1.611563561835931135e-01,3.155099999999999909e+02
2.899999999999999911e+00,3.226999999999999869e+00,9.676999999999999602e+00,6.450000000000000178e+00,1.614519541253757740e-01,3.092730000000000246e+02,3.000999999999999890e+00,3.202999999999999847e+00,9.513999999999999346e+00,6.310999999999999943e+00,1.618575049889434125e-01,3.154859999999999900e+02
2.907999999999999918e+00,3.263999999999999790e+00,9.727000000000000313e+00,6.463000000000000078e+00,1.618973388264113022e-01,3.092359999999999900e+02,3.009999999999999787e+00,3.189000000000000057e+00,9.512999999999999901e+00,6.323999999999999844e+00,1.623429157003397905e-01,3.154870000000000232e+02
2.920999999999999819e+00,3.265000000000000124e+00,9.701000000000000512e+00,6.435999999999999943e+00,1.626210889655940184e-01,3.092350000000000136e+02,3.023000000000000131e+00,3.201999999999999957e+00,9.528000000000000469e+00,6.325999999999999623e+00,1.630440645056900895e-01,3.154719999999999800e+02
2.930000000000000160e+00,3.278000000000000025e+00,9.727999999999999758e+00,6.450000000000000178e+00,1.631221467542589842e-01,3.092219999999999800e+02,3.031000000000000139e+00,3.228000000000000203e+00,9.566000000000000725e+00,6.338000000000000078e+00,1.634755406935979871e-01,3.154340000000000259e+02
2.939000000000000057e+00,3.277000000000000135e+00,9.740000000000000213e+00,6.463000000000000078e+00,1.636232045429239501e-01,3.092230000000000132e+02,3.040000000000000036e+00,3.240000000000000213e+00,9.554000000000000270e+00,6.314000000000000057e+00,1.639609514049943373e-01,3.154460000000000264e+02
2.947999999999999954e+00,3.290000000000000036e+00,9.753000000000000114e+00,6.463000000000000078e+00,1.641242623315888882e-01,3.092099999999999795e+02,3.052999999999999936e+00,3.214999999999999858e+00,9.541000000000000369e+00,6.325999999999999623e+00,1.646621002103446363e-01,3.154590000000000032e+02
2.955999999999999961e+00,3.290999999999999925e+00,9.740000000000000213e+00,6.448999999999999844e+00,1.645696470326244165e-01,3.092090000000000032e+02,3.061999999999999833e+00,3.164000000000000146e+00,9.513999999999999346e+00,6.349999999999999645e+00,1.651475109217409865e-01,3.154859999999999900e+02
2.964999999999999858e+00,3.265000000000000124e+00,9.714999999999999858e+00,6.450000000000000178e+00,1.650707048212893824e-01,3.092350000000000136e+02,3.075000000000000178e+00,3.152000000000000135e+00,9.487999999999999545e+00,6.336000000000000298e+00,1.658486597270913132e-01,3.155120000000000005e+02
2.974000000000000199e+00,3.253000000000000114e+00,9.705000000000000071e+00,6.451999999999999957e+00,1.655717626099543482e-01,3.092470000000000141e+02,3.084000000000000075e+00,3.125999999999999890e+00,9.476000000000000867e+00,6.349999999999999645e+00,1.663340704384876911e-01,3.155240000000000009e+02
2.982000000000000206e+00,3.278000000000000025e+00,9.704000000000000625e+00,6.426000000000000156e+00,1.660171473109898765e-01,3.092219999999999800e+02,3.096999999999999975e+00,3.112999999999999989e+00,9.476000000000000867e+00,6.363000000000000433e+00,1.670352192438379901e-01,3.155240000000000009e+02
2.991000000000000103e+00,3.240000000000000213e+00,9.689999999999999503e+00,6.450000000000000178e+00,1.665182050996548146e-01,3.092599999999999909e+02,3.104999999999999982e+00,3.177000000000000046e+00,9.537000000000000810e+00,6.360000000000000320e+00,1.674666954317458600e-01,3.154630000000000223e+02
3.000000000000000000e+00,3.240000000000000213e+00,9.679000000000000270e+00,6.439000000000000057e+00,1.670192628883197805e-01,3.092599999999999909e+02,3.113999999999999879e+00,3.188000000000000167e+00,9.561999999999999389e+00,6.373999999999999666e+00,1.679521061431422102e-01,3.154379999999999882e+02
3.008999999999999897e+00,3.238999999999999879e+00,9.688000000000000611e+00,6.448999999999999844e+00,1.675203206769847464e-01,3.092610000000000241e+02,3.125999999999999890e+00,3.189000000000000057e+00,9.564000000000000057e+00,6.375000000000000000e+00,1.685993204250040289e-01,3.154359999999999786e+02
3.020999999999999908e+00,3.238999999999999879e+00,9.676000000000000156e+00,6.437000000000000277e+00,1.681883977285380249e-01,3.092610000000000241e+02,3.136000000000000121e+00,3.225999999999999979e+00,9.589999999999999858e+00,6.363999999999999879e+00,1.691386656598889149e-01,3.154100000000000250e+02
3.029999999999999805e+00,3.226999999999999869e+00,9.676000000000000156e+00,6.448999999999999844e+00,1.686894555172029631e-01,3.092730000000000246e+02,3.148000000000000131e+00,3.213999999999999968e+00,9.563000000000000611e+00,6.349000000000000199e+00,1.697858799417507336e-01,3.154370000000000118e+02
3.039000000000000146e+00,3.237999999999999989e+00,9.675000000000000711e+00,6.437000000000000277e+00,1.691905133058679567e-01,3.092620000000000005e+02,3.157000000000000028e+00,3.240000000000000213e+00,9.564000000000000057e+00,6.323999999999999844e+00,1.702712906531470838e-01,3.154359999999999786e+02
3.051000000000000156e+00,3.226999999999999869e+00,9.648999999999999133e+00,6.421999999999999709e+00,1.698585903574212352e-01,3.092730000000000246e+02,3.169999999999999929e+00,3.201000000000000068e+00,9.550000000000000711e+00,6.349000000000000199e+00,1.709724394584973828e-01,3.154499999999999886e+02
3.060999999999999943e+00,3.225999999999999979e+00,9.660000000000000142e+00,6.434000000000000163e+00,1.704153212337156109e-01,3.092740000000000009e+02,3.178999999999999826e+00,3.213999999999999968e+00,9.548999999999999488e+00,6.334999999999999964e+00,1.714578501698937330e-01,3.154510000000000218e+02
3.069999999999999840e+00,3.238999999999999879e+00,9.662000000000000810e+00,6.423000000000000043e+00,1.709163790223805768e-01,3.092610000000000241e+02,3.192000000000000171e+00,3.188000000000000167e+00,9.537000000000000810e+00,6.349000000000000199e+00,1.721589989752440597e-01,3.154630000000000223e+02
3.077999999999999847e+00,3.263999999999999790e+00,9.688000000000000611e+00,6.424000000000000377e+00,1.713617637234160773e-01,3.092359999999999900e+02,3.201000000000000068e+00,3.188000000000000167e+00,9.535999999999999588e+00,6.347999999999999865e+00,1.726444096866404376e-01,3.154639999999999986e+02
3.087000000000000188e+00,3.290000000000000036e+00,9.727000000000000313e+00,6.437000000000000277e+00,1.718628215120810709e-01,3.092099999999999795e+02,3.213999999999999968e+00,3.213000000000000078e+00,9.561999999999999389e+00,6.349000000000000199e+00,1.733455584919907366e-01,3.154379999999999882e+02
3.099000000000000199e+00,3.278999999999999915e+00,9.727999999999999758e+00,6.448999999999999844e+00,1.725308985636343495e-01,3.092210000000000036e+02,3.221999999999999975e+00,3.188000000000000167e+00,9.523999999999999133e+00,6.336000000000000298e+00,1.737770346798986065e-01,3.154759999999999991e+02
3.108999999999999986e+00,3.290000000000000036e+00,9.740999999999999659e+00,6.450999999999999623e+00,1.730876294399287252e-01,3.092099999999999795e+02,3.236000000000000210e+00,3.201000000000000068e+00,9.537000000000000810e+00,6.336000000000000298e+00,1.745321180087374136e-01,3.154630000000000223e+02
3.116999999999999993e+00,3.290000000000000036e+00,9.740000000000000213e+00,6.450000000000000178e+00,1.735330141409642535e-01,3.092099999999999795e+02,3.244000000000000217e+00,3.225999999999999979e+00,9.560999999999999943e+00,6.334999999999999964e+00,1.749635941966452835e-01,3.154390000000000214e+02
3.125999999999999890e+00,3.263999999999999790e+00,9.739000000000000767e+00,6.474999999999999645e+00,1.740340719296291916e-01,3.092359999999999900e+02,3.253000000000000114e+00,3.226999999999999869e+00,9.535999999999999588e+00,6.309000000000000163e+00,1.754490049080416336e-01,3.154639999999999986e+02
3.134999999999999787e+00,3.265000000000000124e+00,9.750999999999999446e+00,6.485999999999999766e+00,1.745351297182941575e-01,3.092350000000000136e+02,3.266000000000000014e+00,3.225999999999999979e+00,9.535999999999999588e+00,6.309999999999999609e+00,1.761501537133919326e-01,3.154639999999999986e+02
3.148000000000000131e+00,3.238999999999999879e+00,9.747999999999999332e+00,6.509000000000000341e+00,1.752588798574769013e-01,3.092610000000000241e+02,3.274999999999999911e+00,3.238999999999999879e+00,9.535999999999999588e+00,6.296999999999999709e+00,1.766355644247883105e-01,3.154639999999999986e+02
3.157000000000000028e+00,3.237999999999999989e+00,9.759999999999999787e+00,6.522000000000000242e+00,1.757599376461418395e-01,3.092620000000000005e+02,3.287999999999999812e+00,3.251999999999999780e+00,9.550000000000000711e+00,6.298000000000000043e+00,1.773367132301386095e-01,3.154499999999999886e+02
3.165000000000000036e+00,3.277000000000000135e+00,9.823000000000000398e+00,6.546000000000000263e+00,1.762053223471773677e-01,3.092230000000000132e+02,3.297000000000000153e+00,3.251999999999999780e+00,9.574999999999999289e+00,6.323000000000000398e+00,1.778221239415349875e-01,3.154250000000000114e+02
3.173999999999999932e+00,3.262999999999999901e+00,9.794999999999999929e+00,6.532000000000000028e+00,1.767063801358423336e-01,3.092370000000000232e+02,3.305000000000000160e+00,3.263999999999999790e+00,9.573000000000000398e+00,6.309000000000000163e+00,1.782536001294428574e-01,3.154270000000000209e+02
3.181999999999999940e+00,3.289000000000000146e+00,9.784000000000000696e+00,6.495000000000000107e+00,1.771517648368778342e-01,3.092110000000000127e+02,3.318000000000000060e+00,3.250999999999999890e+00,9.560999999999999943e+00,6.309999999999999609e+00,1.789547489347931564e-01,3.154390000000000214e+02
3.194999999999999840e+00,3.289000000000000146e+00,9.797000000000000597e+00,6.508000000000000007e+00,1.778755149760605503e-01,3.092110000000000127e+02,3.326999999999999957e+00,3.226999999999999869e+00,9.523999999999999133e+00,6.296999999999999709e+00,1.794401596461895343e-01,3.154759999999999991e+02
3.204000000000000181e+00,3.302000000000000046e+00,9.785999999999999588e+00,6.483999999999999986e+00,1.783765727647255439e-01,3.091979999999999791e+02,3.339999999999999858e+00,3.225000000000000089e+00,9.534000000000000696e+00,6.309000000000000163e+00,1.801413084515398333e-01,3.154660000000000082e+02
3.212000000000000188e+00,3.289000000000000146e+00,9.798999999999999488e+00,6.509999999999999787e+00,1.788219574657610444e-01,3.092110000000000127e+02,3.347999999999999865e+00,3.225000000000000089e+00,9.522000000000000242e+00,6.296999999999999709e+00,1.805727846394477032e-01,3.154780000000000086e+02
3.221999999999999975e+00,3.263999999999999790e+00,9.785999999999999588e+00,6.522000000000000242e+00,1.793786883420554479e-01,3.092359999999999900e+02,3.357000000000000206e+00,3.212000000000000188e+00,9.496000000000000441e+00,6.283999999999999808e+00,1.810581953508440811e-01,3.155040000000000191e+02
3.234999999999999876e+00,3.251999999999999780e+00,9.760999999999999233e+00,6.509000000000000341e+00,1.801024384812381640e-01,3.092479999999999905e+02,3.370000000000000107e+00,3.237999999999999989e+00,9.507999999999999119e+00,6.269999999999999574e+00,1.817593441561943801e-01,3.154920000000000186e+02
3.242999999999999883e+00,3.263999999999999790e+00,9.800000000000000711e+00,6.535999999999999588e+00,1.805478231822736646e-01,3.092359999999999900e+02,3.379000000000000004e+00,3.250999999999999890e+00,9.507999999999999119e+00,6.256999999999999673e+00,1.822447548675907580e-01,3.154920000000000186e+02
3.251999999999999780e+00,3.275999999999999801e+00,9.810999999999999943e+00,6.535000000000000142e+00,1.810488809709386304e-01,3.092239999999999895e+02,3.391999999999999904e+00,3.289000000000000146e+00,9.547000000000000597e+00,6.258000000000000007e+00,1.829459036729410570e-01,3.154529999999999745e+02
3.265000000000000124e+00,3.289000000000000146e+00,9.861000000000000654e+00,6.572000000000000064e+00,1.817726311101213743e-01,3.092110000000000127e+02,3.399999999999999911e+00,3.314000000000000057e+00,9.586000000000000298e+00,6.272000000000000242e+00,1.833773798608489269e-01,3.154139999999999873e+02
3.273000000000000131e+00,3.314999999999999947e+00,9.882999999999999119e+00,6.567999999999999616e+00,1.822180158111568749e-01,3.091850000000000023e+02,3.414000000000000146e+00,3.326999999999999957e+00,9.599000000000000199e+00,6.272000000000000242e+00,1.841324631896877340e-01,3.154010000000000105e+02
3.282000000000000028e+00,3.301000000000000156e+00,9.871000000000000441e+00,6.570000000000000284e+00,1.827190735998218407e-01,3.091990000000000123e+02,3.422000000000000153e+00,3.378000000000000114e+00,9.635999999999999233e+00,6.258000000000000007e+00,1.845639393775956039e-01,3.153639999999999759e+02
3.290999999999999925e+00,3.314000000000000057e+00,9.896000000000000796e+00,6.581999999999999851e+00,1.832201313884868066e-01,3.091859999999999786e+02,3.435000000000000053e+00,3.338999999999999968e+00,9.619999999999999218e+00,6.280999999999999694e+00,1.852650881829459029e-01,3.153799999999999955e+02
3.299999999999999822e+00,3.302000000000000046e+00,9.869999999999999218e+00,6.567999999999999616e+00,1.837211891771517447e-01,3.091979999999999791e+02,3.443999999999999950e+00,3.314000000000000057e+00,9.585000000000000853e+00,6.270999999999999908e+00,1.857504988943422808e-01,3.154150000000000205e+02
3.313000000000000167e+00,3.301000000000000156e+00,9.858999999999999986e+00,6.557999999999999829e+00,1.844449393163344886e-01,3.091990000000000123e+02,3.456999999999999851e+00,3.301000000000000156e+00,9.570999999999999730e+00,6.269999999999999574e+00,1.864516476996925798e-01,3.154289999999999736e+02
3.322000000000000064e+00,3.314000000000000057e+00,9.894000000000000128e+00,6.580000000000000071e+00,1.849459971049994267e-01,3.091859999999999786e+02,3.466000000000000192e+00,3.338999999999999968e+00,9.596000000000000085e+00,6.256999999999999673e+00,1.869370584110889577e-01,3.154039999999999964e+02
3.330000000000000071e+00,3.301000000000000156e+00,9.882999999999999119e+00,6.581999999999999851e+00,1.853913818060349550e-01,3.091990000000000123e+02,3.479000000000000092e+00,3.338000000000000078e+00,9.606999999999999318e+00,6.269000000000000128e+00,1.876382072164392567e-01,3.153930000000000291e+02
3.338999999999999968e+00,3.314000000000000057e+00,9.881999999999999673e+00,6.567999999999999616e+00,1.858924395946999208e-01,3.091859999999999786e+02,3.487999999999999989e+00,3.313000000000000167e+00,9.583000000000000185e+00,6.269999999999999574e+00,1.881236179278356069e-01,3.154169999999999732e+02
3.351999999999999869e+00,3.326999999999999957e+00,9.884000000000000341e+00,6.557000000000000384e+00,1.866161897338826370e-01,3.091730000000000018e+02,3.500999999999999890e+00,3.326000000000000068e+00,9.596000000000000085e+00,6.269999999999999574e+00,1.888247667331859059e-01,3.154039999999999964e+02
3.361000000000000210e+00,3.326000000000000068e+00,9.896000000000000796e+00,6.570000000000000284e+00,1.871172475225476028e-01,3.091739999999999782e+02,3.508999999999999897e+00,3.338999999999999968e+00,9.606999999999999318e+00,6.267999999999999794e+00,1.892562429210937758e-01,3.153930000000000291e+02
3.369000000000000217e+00,3.351999999999999869e+00,9.933999999999999275e+00,6.581999999999999851e+00,1.875626322235831311e-01,3.091480000000000246e+02,3.523000000000000131e+00,3.351999999999999869e+00,9.621999999999999886e+00,6.269999999999999574e+00,1.900113262499325828e-01,3.153779999999999859e+02
3.378000000000000114e+00,3.338999999999999968e+00,9.945999999999999730e+00,6.607000000000000206e+00,1.880636900122480692e-01,3.091610000000000014e+02,3.536000000000000032e+00,3.351999999999999869e+00,9.606999999999999318e+00,6.254999999999999893e+00,1.907124750552828818e-01,3.153930000000000291e+02
3.391000000000000014e+00,3.314000000000000057e+00,9.897999999999999687e+00,6.583999999999999631e+00,1.887874401514307854e-01,3.091859999999999786e+02,3.544000000000000039e+00,3.326999999999999957e+00,9.595000000000000639e+00,6.267999999999999794e+00,1.911439512431907795e-01,3.154049999999999727e+02
3.399999999999999911e+00,3.302000000000000046e+00,9.897999999999999687e+00,6.596000000000000085e+00,1.892884979400957512e-01,3.091979999999999791e+02,3.556999999999999940e+00,3.326999999999999957e+00,9.605999999999999872e+00,6.278999999999999915e+00,1.918451000485410785e-01,3.153940000000000055e+02
3.408999999999999808e+00,3.262999999999999901e+00,9.869999999999999218e+00,6.607000000000000206e+00,1.897895557287606894e-01,3.092370000000000232e+02,3.565999999999999837e+00,3.338000000000000078e+00,9.618999999999999773e+00,6.280999999999999694e+00,1.923305107599374286e-01,3.153809999999999718e+02
3.418000000000000149e+00,3.262999999999999901e+00,9.833999999999999631e+00,6.570999999999999730e+00,1.902906135174256830e-01,3.092370000000000232e+02,3.579000000000000181e+00,3.376999999999999780e+00,9.644999999999999574e+00,6.267999999999999794e+00,1.930316595652877554e-01,3.153550000000000182e+02
3.426000000000000156e+00,3.262999999999999901e+00,9.846000000000000085e+00,6.583000000000000185e+00,1.907359982184612113e-01,3.092370000000000232e+02,3.588000000000000078e+00,3.351999999999999869e+00,9.631000000000000227e+00,6.278999999999999915e+00,1.935170702766841055e-01,3.153690000000000282e+02
3.439000000000000057e+00,3.250000000000000000e+00,9.832000000000000739e+00,6.581999999999999851e+00,1.914597483576438997e-01,3.092500000000000000e+02,3.600000000000000089e+00,3.351999999999999869e+00,9.628999999999999559e+00,6.277000000000000135e+00,1.941642845585459243e-01,3.153709999999999809e+02
3.447999999999999954e+00,3.250000000000000000e+00,9.842999999999999972e+00,6.592999999999999972e+00,1.919608061463088655e-01,3.092500000000000000e+02,3.608999999999999986e+00,3.299999999999999822e+00,9.580999999999999517e+00,6.280999999999999694e+00,1.946496952699423022e-01,3.154189999999999827e+02
3.455999999999999961e+00,3.262000000000000011e+00,9.830000000000000071e+00,6.567999999999999616e+00,1.924061908473443938e-01,3.092379999999999995e+02,3.621999999999999886e+00,3.275999999999999801e+00,9.555999999999999162e+00,6.280000000000000249e+00,1.953508440752926012e-01,3.154440000000000168e+02
3.464999999999999858e+00,3.286999999999999922e+00,9.817999999999999616e+00,6.530999999999999694e+00,1.929072486360093319e-01,3.092130000000000223e+02,3.630999999999999783e+00,3.301000000000000156e+00,9.580999999999999517e+00,6.280000000000000249e+00,1.958362547866889514e-01,3.154189999999999827e+02
3.474000000000000199e+00,3.313000000000000167e+00,9.830999999999999517e+00,6.517999999999999794e+00,1.934083064246743255e-01,3.091870000000000118e+02,3.644000000000000128e+00,3.286999999999999922e+00,9.605000000000000426e+00,6.317999999999999616e+00,1.965374035920392781e-01,3.153949999999999818e+02
3.487000000000000099e+00,3.286999999999999922e+00,9.817999999999999616e+00,6.530999999999999694e+00,1.941320565638570417e-01,3.092130000000000223e+02,3.653000000000000025e+00,3.313000000000000167e+00,9.617000000000000881e+00,6.304000000000000270e+00,1.970228143034356283e-01,3.153829999999999814e+02
3.495000000000000107e+00,3.274999999999999911e+00,9.794000000000000483e+00,6.519000000000000128e+00,1.945774412648925422e-01,3.092250000000000227e+02,3.661000000000000032e+00,3.311999999999999833e+00,9.617000000000000881e+00,6.304999999999999716e+00,1.974542904913435259e-01,3.153829999999999814e+02
3.504000000000000004e+00,3.286999999999999922e+00,9.794999999999999929e+00,6.508000000000000007e+00,1.950784990535575081e-01,3.092130000000000223e+02,3.674999999999999822e+00,3.326000000000000068e+00,9.618999999999999773e+00,6.293000000000000149e+00,1.982093738201822775e-01,3.153809999999999718e+02
3.517999999999999794e+00,3.277000000000000135e+00,9.772000000000000242e+00,6.495000000000000107e+00,1.958579222803696618e-01,3.092230000000000132e+02,3.684000000000000163e+00,3.362999999999999989e+00,9.654999999999999361e+00,6.291999999999999815e+00,1.986947845315786831e-01,3.153450000000000273e+02
3.525999999999999801e+00,3.250999999999999890e+00,9.771000000000000796e+00,6.519999999999999574e+00,1.963033069814051623e-01,3.092490000000000236e+02,3.692000000000000171e+00,3.350000000000000089e+00,9.631000000000000227e+00,6.280999999999999694e+00,1.991262607194865530e-01,3.153690000000000282e+02
3.533999999999999808e+00,3.287999999999999812e+00,9.794999999999999929e+00,6.506999999999999673e+00,1.967486916824406906e-01,3.092119999999999891e+02,3.705000000000000071e+00,3.350000000000000089e+00,9.631000000000000227e+00,6.280999999999999694e+00,1.998274095248368520e-01,3.153690000000000282e+02
3.547000000000000153e+00,3.286999999999999922e+00,9.807000000000000384e+00,6.519999999999999574e+00,1.974724418216234345e-01,3.092130000000000223e+02,3.713999999999999968e+00,3.338000000000000078e+00,9.595000000000000639e+00,6.256999999999999673e+00,2.003128202362332022e-01,3.154049999999999727e+02
3.556999999999999940e+00,3.313000000000000167e+00,9.807000000000000384e+00,6.493999999999999773e+00,1.980291726979178102e-01,3.091870000000000118e+02,3.726999999999999869e+00,3.286999999999999922e+00,9.544999999999999929e+00,6.258000000000000007e+00,2.010139690415835012e-01,3.154549999999999841e+02
3.565999999999999837e+00,3.301000000000000156e+00,9.805999999999999162e+00,6.504999999999999893e+00,1.985302304865827761e-01,3.091990000000000123e+02,3.736000000000000210e+00,3.286999999999999922e+00,9.554999999999999716e+00,6.267999999999999794e+00,2.014993797529799069e-01,3.154449999999999932e+02
3.573999999999999844e+00,3.313000000000000167e+00,9.817999999999999616e+00,6.504999999999999893e+00,1.989756151876182766e-01,3.091870000000000118e+02,3.748000000000000220e+00,3.274999999999999911e+00,9.516999999999999460e+00,6.241999999999999993e+00,2.021465940348417256e-01,3.154830000000000041e+02
3.587000000000000188e+00,3.325000000000000178e+00,9.829000000000000625e+00,6.503999999999999559e+00,1.996993653268010205e-01,3.091750000000000114e+02,3.758000000000000007e+00,3.286999999999999922e+00,9.551999999999999602e+00,6.264999999999999680e+00,2.026859392697265561e-01,3.154479999999999791e+02
3.596000000000000085e+00,3.311999999999999833e+00,9.804999999999999716e+00,6.493000000000000327e+00,2.002004231154659863e-01,3.091879999999999882e+02,3.770000000000000018e+00,3.301000000000000156e+00,9.564000000000000057e+00,6.262999999999999901e+00,2.033331535515883748e-01,3.154359999999999786e+02
3.608999999999999986e+00,3.313000000000000167e+00,9.794000000000000483e+00,6.480999999999999872e+00,2.009241732546487025e-01,3.091870000000000118e+02,3.782999999999999918e+00,3.301000000000000156e+00,9.553000000000000824e+00,6.251999999999999780e+00,2.040343023569386738e-01,3.154470000000000027e+02
3.616999999999999993e+00,3.326999999999999957e+00,9.807000000000000384e+00,6.480000000000000426e+00,2.013695579556842030e-01,3.091730000000000018e+02,3.791999999999999815e+00,3.286999999999999922e+00,9.541000000000000369e+00,6.253999999999999559e+00,2.045197130683350240e-01,3.154590000000000032e+02
3.629999999999999893e+00,3.313000000000000167e+00,9.794999999999999929e+00,6.482000000000000206e+00,2.020933080948669192e-01,3.091870000000000118e+02,3.805000000000000160e+00,3.249000000000000110e+00,9.528000000000000469e+00,6.278999999999999915e+00,2.052208618736853507e-01,3.154719999999999800e+02
3.644000000000000128e+00,3.313000000000000167e+00,9.771000000000000796e+00,6.458000000000000185e+00,2.028727313216791006e-01,3.091870000000000118e+02,3.814000000000000057e+00,3.286999999999999922e+00,9.528999999999999915e+00,6.241999999999999993e+00,2.057062725850817286e-01,3.154710000000000036e+02
3.652000000000000135e+00,3.302000000000000046e+00,9.744999999999999218e+00,6.442999999999999616e+00,2.033181160227146289e-01,3.091979999999999791e+02,3.826999999999999957e+00,3.262000000000000011e+00,9.492000000000000881e+00,6.230000000000000426e+00,2.064074213904320276e-01,3.155079999999999814e+02
3.665000000000000036e+00,3.326000000000000068e+00,9.771000000000000796e+00,6.445000000000000284e+00,2.040418661618973450e-01,3.091739999999999782e+02,3.835999999999999854e+00,3.250000000000000000e+00,9.467000000000000526e+00,6.216999999999999638e+00,2.068928321018283778e-01,3.155330000000000155e+02
3.673999999999999932e+00,3.287999999999999812e+00,9.695000000000000284e+00,6.407000000000000028e+00,2.045429239505622832e-01,3.092119999999999891e+02,3.849000000000000199e+00,3.262000000000000011e+00,9.480000000000000426e+00,6.217999999999999972e+00,2.075939809071787046e-01,3.155199999999999818e+02
3.686999999999999833e+00,3.262999999999999901e+00,9.656000000000000583e+00,6.392999999999999794e+00,2.052666740897449993e-01,3.092370000000000232e+02,3.857000000000000206e+00,3.286999999999999922e+00,9.492000000000000881e+00,6.205000000000000071e+00,2.080254570950865745e-01,3.155079999999999814e+02
3.696000000000000174e+00,3.274999999999999911e+00,9.667999999999999261e+00,6.392999999999999794e+00,2.057677318784099929e-01,3.092250000000000227e+02,3.870000000000000107e+00,3.298999999999999932e+00,9.515000000000000568e+00,6.216000000000000192e+00,2.087266059004368735e-01,3.154850000000000136e+02
3.704000000000000181e+00,3.274999999999999911e+00,9.667999999999999261e+00,6.392999999999999794e+00,2.062131165794454934e-01,3.092250000000000227e+02,3.879000000000000004e+00,3.311999999999999833e+00,9.516000000000000014e+00,6.203999999999999737e+00,2.092120166118332236e-01,3.154839999999999804e+02
3.717999999999999972e+00,3.286999999999999922e+00,9.715999999999999304e+00,6.429000000000000270e+00,2.069925398062576472e-01,3.092130000000000223e+02,3.891999999999999904e+00,3.350000000000000089e+00,9.539999999999999147e+00,6.190000000000000391e+00,2.099131654171835226e-01,3.154599999999999795e+02
3.725999999999999979e+00,3.313000000000000167e+00,9.730000000000000426e+00,6.416999999999999815e+00,2.074379245072931754e-01,3.091870000000000118e+02,3.899999999999999911e+00,3.350999999999999979e+00,9.528000000000000469e+00,6.176999999999999602e+00,2.103446416050914203e-01,3.154719999999999800e+02
3.734999999999999876e+00,3.362999999999999989e+00,9.781000000000000583e+00,6.418000000000000149e+00,2.079389822959581136e-01,3.091370000000000005e+02,3.914000000000000146e+00,3.298999999999999932e+00,9.502000000000000668e+00,6.203000000000000291e+00,2.110997249339302273e-01,3.154979999999999905e+02
3.748000000000000220e+00,3.414000000000000146e+00,9.804999999999999716e+00,6.391000000000000014e+00,2.086627324351408574e-01,3.090860000000000127e+02,3.922000000000000153e+00,3.299999999999999822e+00,9.490999999999999659e+00,6.190999999999999837e+00,2.115312011218380972e-01,3.155090000000000146e+02
3.757000000000000117e+00,3.388999999999999790e+00,9.768000000000000682e+00,6.378999999999999559e+00,2.091637902238058233e-01,3.091109999999999900e+02,3.935999999999999943e+00,3.298999999999999932e+00,9.490999999999999659e+00,6.192000000000000171e+00,2.122862844506768765e-01,3.155090000000000146e+02
3.770000000000000018e+00,3.403000000000000025e+00,9.772000000000000242e+00,6.368999999999999773e+00,2.098875403629885117e-01,3.090969999999999800e+02,3.943999999999999950e+00,3.286999999999999922e+00,9.467000000000000526e+00,6.179999999999999716e+00,2.127177606385847464e-01,3.155330000000000155e+02
3.778999999999999915e+00,3.350999999999999979e+00,9.733000000000000540e+00,6.381999999999999673e+00,2.103885981516534776e-01,3.091490000000000009e+02,3.958000000000000185e+00,3.301000000000000156e+00,9.455000000000000071e+00,6.153999999999999915e+00,2.134728439674235534e-01,3.155450000000000159e+02
3.786999999999999922e+00,3.350999999999999979e+00,9.720000000000000639e+00,6.368999999999999773e+00,2.108339828526890058e-01,3.091490000000000009e+02,3.966000000000000192e+00,3.299999999999999822e+00,9.477999999999999758e+00,6.177999999999999936e+00,2.139043201553314510e-01,3.155219999999999914e+02
3.799999999999999822e+00,3.338000000000000078e+00,9.708000000000000185e+00,6.370000000000000107e+00,2.115577329918717220e-01,3.091619999999999777e+02,3.979000000000000092e+00,3.311999999999999833e+00,9.506000000000000227e+00,6.193999999999999950e+00,2.146054689606817500e-01,3.154940000000000282e+02
3.809000000000000163e+00,3.313000000000000167e+00,9.679999999999999716e+00,6.366999999999999993e+00,2.120587907805366878e-01,3.091870000000000118e+02,3.987999999999999989e+00,3.250000000000000000e+00,9.452999999999999403e+00,6.203000000000000291e+00,2.150908796720781002e-01,3.155470000000000255e+02
3.818000000000000060e+00,3.338000000000000078e+00,9.705999999999999517e+00,6.368000000000000327e+00,2.125598485692016537e-01,3.091619999999999777e+02,4.001000000000000334e+00,3.262000000000000011e+00,9.452999999999999403e+00,6.190999999999999837e+00,2.157920284774284270e-01,3.155470000000000255e+02
3.830000000000000071e+00,3.388999999999999790e+00,9.757999999999999119e+00,6.368999999999999773e+00,2.132279256207549323e-01,3.091109999999999900e+02,4.009000000000000341e+00,3.261000000000000121e+00,9.441000000000000725e+00,6.179999999999999716e+00,2.162235046653362969e-01,3.155590000000000259e+02
3.838999999999999968e+00,3.427999999999999936e+00,9.797000000000000597e+00,6.368999999999999773e+00,2.137289834094198704e-01,3.090720000000000027e+02,4.022000000000000242e+00,3.261000000000000121e+00,9.441000000000000725e+00,6.179999999999999716e+00,2.169246534706865959e-01,3.155590000000000259e+02
3.851999999999999869e+00,3.452999999999999847e+00,9.833000000000000185e+00,6.379999999999999893e+00,2.144527335486025865e-01,3.090470000000000255e+02,4.030999999999999694e+00,3.286999999999999922e+00,9.476000000000000867e+00,6.189000000000000057e+00,2.174100641820829460e-01,3.155240000000000009e+02
3.865000000000000213e+00,3.388999999999999790e+00,9.766999999999999460e+00,6.378000000000000114e+00,2.151764836877853304e-01,3.091109999999999900e+02,4.043999999999999595e+00,3.299999999999999822e+00,9.478999999999999204e+00,6.179000000000000270e+00,2.181112129874332450e-01,3.155210000000000150e+02
3.873000000000000220e+00,3.388999999999999790e+00,9.731999999999999318e+00,6.342999999999999972e+00,2.156218683888208587e-01,3.091109999999999900e+02,4.052999999999999936e+00,3.388999999999999790e+00,9.554999999999999716e+00,6.166000000000000369e+00,2.185966236988296230e-01,3.154449999999999932e+02
3.887000000000000011e+00,3.375999999999999890e+00,9.742000000000000881e+00,6.365999999999999659e+00,2.164012916156329847e-01,3.091240000000000236e+02,4.065999999999999837e+00,3.375000000000000000e+00,9.567000000000000171e+00,6.192000000000000171e+00,2.192977725041799220e-01,3.154329999999999927e+02
3.895000000000000018e+00,3.313000000000000167e+00,9.682000000000000384e+00,6.368999999999999773e+00,2.168466763166685130e-01,3.091870000000000118e+02,4.078999999999999737e+00,3.362999999999999989e+00,9.554000000000000270e+00,6.190999999999999837e+00,2.199989213095302210e-01,3.154460000000000264e+02
3.904999999999999805e+00,3.338999999999999968e+00,9.705999999999999517e+00,6.366999999999999993e+00,2.174034071929629164e-01,3.091610000000000014e+02,4.086999999999999744e+00,3.351999999999999869e+00,9.554000000000000270e+00,6.201999999999999957e+00,2.204303974974380909e-01,3.154460000000000264e+02
3.916999999999999815e+00,3.326000000000000068e+00,9.680999999999999162e+00,6.355000000000000426e+00,2.180714842445161950e-01,3.091739999999999782e+02,4.099999999999999645e+00,3.338000000000000078e+00,9.531000000000000583e+00,6.192999999999999616e+00,2.211315463027883899e-01,3.154689999999999941e+02
3.931000000000000050e+00,3.350999999999999979e+00,9.720000000000000639e+00,6.368999999999999773e+00,2.188509074713283487e-01,3.091490000000000009e+02,4.110000000000000320e+00,3.338000000000000078e+00,9.531000000000000583e+00,6.192999999999999616e+00,2.216708915376732758e-01,3.154689999999999941e+02
3.943000000000000060e+00,3.313000000000000167e+00,9.718999999999999417e+00,6.405999999999999694e+00,2.195189845228816272e-01,3.091870000000000118e+02,4.123000000000000220e+00,3.326000000000000068e+00,9.528000000000000469e+00,6.201999999999999957e+00,2.223720403430235748e-01,3.154719999999999800e+02
3.951999999999999957e+00,3.326999999999999957e+00,9.733999999999999986e+00,6.407000000000000028e+00,2.200200423115465931e-01,3.091730000000000018e+02,4.131000000000000227e+00,3.350999999999999979e+00,9.542999999999999261e+00,6.192000000000000171e+00,2.228035165309314725e-01,3.154569999999999936e+02
3.960999999999999854e+00,3.376999999999999780e+00,9.781000000000000583e+00,6.403999999999999915e+00,2.205211001002115312e-01,3.091229999999999905e+02,4.144000000000000128e+00,3.388999999999999790e+00,9.567999999999999616e+00,6.179000000000000270e+00,2.235046653362817715e-01,3.154320000000000164e+02
3.974000000000000199e+00,3.338000000000000078e+00,9.756999999999999673e+00,6.418999999999999595e+00,2.212448502393942751e-01,3.091619999999999777e+02,4.152999999999999581e+00,3.402000000000000135e+00,9.592000000000000526e+00,6.190000000000000391e+00,2.239900760476780939e-01,3.154080000000000155e+02
3.982000000000000206e+00,3.326000000000000068e+00,9.746000000000000441e+00,6.419999999999999929e+00,2.216902349404298034e-01,3.091739999999999782e+02,4.166000000000000369e+00,3.427999999999999936e+00,9.605999999999999872e+00,6.177999999999999936e+00,2.246912248530284484e-01,3.153940000000000055e+02
3.995000000000000107e+00,3.338000000000000078e+00,9.769999999999999574e+00,6.432000000000000384e+00,2.224139850796125195e-01,3.091619999999999777e+02,4.174999999999999822e+00,3.350999999999999979e+00,9.528999999999999915e+00,6.177999999999999936e+00,2.251766355644247708e-01,3.154710000000000036e+02
4.003999999999999559e+00,3.350999999999999979e+00,9.819000000000000838e+00,6.467999999999999972e+00,2.229150428682774299e-01,3.091490000000000009e+02,4.187999999999999723e+00,3.311999999999999833e+00,9.516999999999999460e+00,6.205000000000000071e+00,2.258777843697750698e-01,3.154830000000000041e+02
4.012999999999999901e+00,3.338999999999999968e+00,9.808999999999999275e+00,6.469999999999999751e+00,2.234161006569424235e-01,3.091610000000000014e+02,4.195999999999999730e+00,3.338000000000000078e+00,9.528999999999999915e+00,6.190999999999999837e+00,2.263092605576829675e-01,3.154710000000000036e+02
4.025999999999999801e+00,3.314000000000000057e+00,9.795999999999999375e+00,6.482000000000000206e+00,2.241398507961251396e-01,3.091859999999999786e+02,4.208999999999999631e+00,3.286999999999999922e+00,9.465999999999999304e+00,6.179000000000000270e+00,2.270104093630332664e-01,3.155339999999999918e+02
4.033999999999999808e+00,3.313000000000000167e+00,9.819000000000000838e+00,6.506000000000000227e+00,2.245852354971606679e-01,3.091870000000000118e+02,4.217999999999999972e+00,3.301000000000000156e+00,9.492000000000000881e+00,6.190999999999999837e+00,2.274958200744296444e-01,3.155079999999999814e+02
4.043999999999999595e+00,3.313000000000000167e+00,9.804999999999999716e+00,6.491999999999999993e+00,2.251419663734550436e-01,3.091870000000000118e+02,4.230999999999999872e+00,3.286999999999999922e+00,9.480000000000000426e+00,6.192999999999999616e+00,2.281969688797799434e-01,3.155199999999999818e+02
4.056000000000000050e+00,3.302000000000000046e+00,9.782999999999999474e+00,6.480999999999999872e+00,2.258100434250083499e-01,3.091979999999999791e+02,4.240000000000000213e+00,3.338000000000000078e+00,9.528999999999999915e+00,6.190999999999999837e+00,2.286823795911763213e-01,3.154710000000000036e+02
4.065000000000000391e+00,3.313000000000000167e+00,9.804999999999999716e+00,6.491999999999999993e+00,2.263111012136733158e-01,3.091870000000000118e+02,4.253000000000000114e+00,3.351999999999999869e+00,9.528999999999999915e+00,6.176999999999999602e+00,2.293835283965266203e-01,3.154710000000000036e+02
4.078000000000000291e+00,3.313000000000000167e+00,9.804000000000000270e+00,6.490999999999999659e+00,2.270348513528560319e-01,3.091870000000000118e+02,4.261999999999999567e+00,3.301000000000000156e+00,9.492000000000000881e+00,6.190999999999999837e+00,2.298689391079229705e-01,3.155079999999999814e+02
4.086999999999999744e+00,3.287999999999999812e+00,9.782000000000000028e+00,6.493999999999999773e+00,2.275359091415209700e-01,3.092119999999999891e+02,4.275000000000000355e+00,3.338000000000000078e+00,9.542999999999999261e+00,6.205000000000000071e+00,2.305700879132732972e-01,3.154569999999999936e+02
4.099999999999999645e+00,3.274999999999999911e+00,9.768000000000000682e+00,6.493000000000000327e+00,2.282596592807036862e-01,3.092250000000000227e+02,4.283999999999999808e+00,3.350000000000000089e+00,9.553000000000000824e+00,6.203000000000000291e+00,2.310554986246696474e-01,3.154470000000000027e+02
4.108999999999999986e+00,3.250000000000000000e+00,9.756999999999999673e+00,6.506999999999999673e+00,2.287607170693686520e-01,3.092500000000000000e+02,4.296999999999999709e+00,3.338000000000000078e+00,9.529999999999999361e+00,6.192000000000000171e+00,2.317566474300199464e-01,3.154700000000000273e+02
4.121999999999999886e+00,3.287999999999999812e+00,9.794000000000000483e+00,6.506000000000000227e+00,2.294844672085513682e-01,3.092119999999999891e+02,4.309999999999999609e+00,3.338000000000000078e+00,9.542999999999999261e+00,6.205000000000000071e+00,2.324577962353702454e-01,3.154569999999999936e+02
4.129999999999999893e+00,3.262999999999999901e+00,9.791999999999999815e+00,6.528999999999999915e+00,2.299298519095868965e-01,3.092370000000000232e+02,4.318999999999999950e+00,3.337000000000000188e+00,9.554999999999999716e+00,6.217999999999999972e+00,2.329432069467666233e-01,3.154449999999999932e+02
4.144000000000000128e+00,3.262000000000000011e+00,9.769999999999999574e+00,6.508000000000000007e+00,2.307092751363990502e-01,3.092379999999999995e+02,4.331000000000000405e+00,3.351999999999999869e+00,9.554999999999999716e+00,6.203000000000000291e+00,2.335904212286284698e-01,3.154449999999999932e+02
4.152000000000000135e+00,3.250000000000000000e+00,9.743999999999999773e+00,6.493999999999999773e+00,2.311546598374345785e-01,3.092500000000000000e+02,4.344000000000000306e+00,3.338000000000000078e+00,9.554999999999999716e+00,6.216999999999999638e+00,2.342915700339787688e-01,3.154449999999999932e+02
4.165000000000000036e+00,3.225000000000000089e+00,9.717999999999999972e+00,6.493000000000000327e+00,2.318784099766172946e-01,3.092749999999999773e+02,4.352000000000000313e+00,3.363999999999999879e+00,9.592999999999999972e+00,6.229000000000000092e+00,2.347230462218866387e-01,3.154069999999999823e+02
4.174000000000000377e+00,3.262000000000000011e+00,9.743000000000000327e+00,6.480999999999999872e+00,2.323794677652822882e-01,3.092379999999999995e+02,4.365999999999999659e+00,3.350999999999999979e+00,9.569000000000000838e+00,6.217999999999999972e+00,2.354781295507253902e-01,3.154309999999999832e+02
4.187000000000000277e+00,3.237000000000000099e+00,9.717000000000000526e+00,6.480000000000000426e+00,2.331032179044649766e-01,3.092629999999999768e+02,4.373999999999999666e+00,3.338000000000000078e+00,9.554000000000000270e+00,6.216000000000000192e+00,2.359096057386332879e-01,3.154460000000000264e+02
4.195999999999999730e+00,3.237000000000000099e+00,9.717999999999999972e+00,6.480999999999999872e+00,2.336042756931299147e-01,3.092629999999999768e+02,4.386999999999999567e+00,3.362999999999999989e+00,9.567000000000000171e+00,6.203999999999999737e+00,2.366107545439835869e-01,3.154329999999999927e+02
4.208999999999999631e+00,3.287999999999999812e+00,9.744999999999999218e+00,6.456999999999999851e+00,2.343280258323126308e-01,3.092119999999999891e+02,4.395999999999999908e+00,3.350000000000000089e+00,9.567000000000000171e+00,6.216999999999999638e+00,2.370961652553799648e-01,3.154329999999999927e+02
4.216999999999999638e+00,3.302000000000000046e+00,9.768000000000000682e+00,6.466000000000000192e+00,2.347734105333481591e-01,3.091979999999999791e+02,4.408999999999999808e+00,3.350999999999999979e+00,9.567000000000000171e+00,6.216000000000000192e+00,2.377973140607302638e-01,3.154329999999999927e+02
4.230000000000000426e+00,3.338000000000000078e+00,9.807000000000000384e+00,6.469000000000000306e+00,2.354971606725309030e-01,3.091619999999999777e+02,4.418000000000000149e+00,3.338000000000000078e+00,9.553000000000000824e+00,6.214999999999999858e+00,2.382827247721266417e-01,3.154470000000000027e+02
4.238999999999999879e+00,3.313000000000000167e+00,9.782999999999999474e+00,6.469999999999999751e+00,2.359982184611958411e-01,3.091870000000000118e+02,4.431000000000000050e+00,3.362999999999999989e+00,9.554999999999999716e+00,6.192000000000000171e+00,2.389838735774769407e-01,3.154449999999999932e+02
4.251999999999999780e+00,3.338000000000000078e+00,9.808999999999999275e+00,6.471000000000000085e+00,2.367219686003785573e-01,3.091619999999999777e+02,4.443999999999999950e+00,3.375999999999999890e+00,9.554999999999999716e+00,6.179000000000000270e+00,2.396850223828272397e-01,3.154449999999999932e+02
4.261000000000000121e+00,3.299999999999999822e+00,9.772999999999999687e+00,6.472999999999999865e+00,2.372230263890435231e-01,3.091999999999999886e+02,4.456999999999999851e+00,3.362999999999999989e+00,9.542999999999999261e+00,6.179999999999999716e+00,2.403861711881775387e-01,3.154569999999999936e+02
4.274000000000000021e+00,3.275999999999999801e+00,9.746999999999999886e+00,6.471000000000000085e+00,2.379467765282262393e-01,3.092239999999999895e+02,4.466000000000000192e+00,3.375999999999999890e+00,9.541999999999999815e+00,6.166000000000000369e+00,2.408715818995739166e-01,3.154580000000000268e+02
4.282000000000000028e+00,3.314000000000000057e+00,9.807000000000000384e+00,6.493000000000000327e+00,2.383921612292617676e-01,3.091859999999999786e+02,4.479000000000000092e+00,3.350000000000000089e+00,9.516999999999999460e+00,6.166999999999999815e+00,2.415727307049242156e-01,3.154830000000000041e+02
4.294999999999999929e+00,3.299999999999999822e+00,9.794999999999999929e+00,6.495000000000000107e+00,2.391159113684444837e-01,3.091999999999999886e+02,4.491999999999999993e+00,3.375999999999999890e+00,9.542999999999999261e+00,6.166999999999999815e+00,2.422738795102745424e-01,3.154569999999999936e+02
4.304000000000000270e+00,3.313000000000000167e+00,9.807000000000000384e+00,6.493999999999999773e+00,2.396169691571094496e-01,3.091870000000000118e+02,4.504999999999999893e+00,3.350000000000000089e+00,9.526999999999999247e+00,6.176999999999999602e+00,2.429750283156248414e-01,3.154730000000000132e+02
4.317000000000000171e+00,3.299999999999999822e+00,9.807000000000000384e+00,6.506999999999999673e+00,2.403407192962921657e-01,3.091999999999999886e+02,4.514000000000000234e+00,3.362999999999999989e+00,9.528000000000000469e+00,6.165000000000000036e+00,2.434604390270212193e-01,3.154719999999999800e+02
4.330000000000000071e+00,3.286999999999999922e+00,9.769999999999999574e+00,6.482999999999999652e+00,2.410644694354748818e-01,3.092130000000000223e+02,4.525999999999999801e+00,3.362999999999999989e+00,9.526999999999999247e+00,6.163999999999999702e+00,2.441076533088830103e-01,3.154730000000000132e+02
4.339000000000000412e+00,3.314000000000000057e+00,9.794000000000000483e+00,6.480000000000000426e+00,2.415655272241398754e-01,3.091859999999999786e+02,4.540000000000000036e+00,3.362999999999999989e+00,9.542999999999999261e+00,6.179999999999999716e+00,2.448627366377218173e-01,3.154569999999999936e+02
4.352000000000000313e+00,3.274999999999999911e+00,9.757999999999999119e+00,6.482999999999999652e+00,2.422892773633225916e-01,3.092250000000000227e+02,4.548000000000000043e+00,3.387999999999999901e+00,9.579000000000000625e+00,6.190999999999999837e+00,2.452942128256296872e-01,3.154209999999999923e+02
4.360000000000000320e+00,3.287999999999999812e+00,9.759000000000000341e+00,6.471000000000000085e+00,2.427346620643580921e-01,3.092119999999999891e+02,4.562000000000000277e+00,3.388999999999999790e+00,9.554999999999999716e+00,6.166000000000000369e+00,2.460492961544684942e-01,3.154449999999999932e+02
4.373000000000000220e+00,3.302000000000000046e+00,9.769000000000000128e+00,6.466999999999999638e+00,2.434584122035408082e-01,3.091979999999999791e+02,4.570999999999999730e+00,3.414000000000000146e+00,9.580999999999999517e+00,6.166999999999999815e+00,2.465347068658648166e-01,3.154189999999999827e+02
4.381999999999999673e+00,3.287999999999999812e+00,9.721000000000000085e+00,6.432999999999999829e+00,2.439594699922057464e-01,3.092119999999999891e+02,4.583000000000000185e+00,3.378000000000000114e+00,9.555999999999999162e+00,6.177999999999999936e+00,2.471819211477266631e-01,3.154440000000000168e+02
4.394999999999999574e+00,3.301000000000000156e+00,9.733000000000000540e+00,6.432000000000000384e+00,2.446832201313884625e-01,3.091990000000000123e+02,4.591999999999999638e+00,3.363999999999999879e+00,9.531000000000000583e+00,6.166999999999999815e+00,2.476673318591230133e-01,3.154689999999999941e+02
4.403999999999999915e+00,3.287999999999999812e+00,9.695000000000000284e+00,6.407000000000000028e+00,2.451842779200534284e-01,3.092119999999999891e+02,4.605999999999999872e+00,3.403000000000000025e+00,9.582000000000000739e+00,6.179000000000000270e+00,2.484224151879618203e-01,3.154180000000000064e+02
4.416999999999999815e+00,3.287999999999999812e+00,9.705999999999999517e+00,6.418000000000000149e+00,2.459080280592361445e-01,3.092119999999999891e+02,4.613999999999999879e+00,3.402000000000000135e+00,9.579000000000000625e+00,6.176999999999999602e+00,2.488538913758696902e-01,3.154209999999999923e+02
4.426000000000000156e+00,3.287999999999999812e+00,9.708000000000000185e+00,6.419999999999999929e+00,2.464090858479011381e-01,3.092119999999999891e+02,4.626999999999999780e+00,3.400999999999999801e+00,9.592000000000000526e+00,6.190999999999999837e+00,2.495550401812199892e-01,3.154080000000000155e+02
4.434999999999999609e+00,3.274999999999999911e+00,9.682999999999999829e+00,6.408000000000000362e+00,2.469101436365660485e-01,3.092250000000000227e+02,4.639999999999999680e+00,3.400999999999999801e+00,9.592000000000000526e+00,6.190999999999999837e+00,2.502561889865703160e-01,3.154080000000000155e+02
4.448000000000000398e+00,3.287999999999999812e+00,9.695999999999999730e+00,6.408000000000000362e+00,2.476338937757488201e-01,3.092119999999999891e+02,4.649000000000000021e+00,3.402000000000000135e+00,9.590999999999999304e+00,6.189000000000000057e+00,2.507415996979666661e-01,3.154089999999999918e+02
4.461000000000000298e+00,3.275999999999999801e+00,9.682000000000000384e+00,6.405999999999999694e+00,2.483576439149315362e-01,3.092239999999999895e+02,4.661999999999999922e+00,3.427000000000000046e+00,9.603999999999999204e+00,6.176999999999999602e+00,2.514427485033169929e-01,3.153960000000000150e+02
4.474000000000000199e+00,3.313000000000000167e+00,9.720000000000000639e+00,6.407000000000000028e+00,2.490813940541142524e-01,3.091870000000000118e+02,4.671000000000000263e+00,3.387999999999999901e+00,9.554999999999999716e+00,6.166999999999999815e+00,2.519281592147133431e-01,3.154449999999999932e+02
4.482000000000000206e+00,3.313000000000000167e+00,9.720000000000000639e+00,6.407000000000000028e+00,2.495267787551497529e-01,3.091870000000000118e+02,4.682999999999999829e+00,3.387999999999999901e+00,9.567999999999999616e+00,6.179999999999999716e+00,2.525753734965751618e-01,3.154320000000000164e+02
4.495000000000000107e+00,3.301000000000000156e+00,9.720000000000000639e+00,6.418999999999999595e+00,2.502505288943324691e-01,3.091990000000000123e+02,4.692000000000000171e+00,3.376999999999999780e+00,9.554999999999999716e+00,6.177999999999999936e+00,2.530607842079715120e-01,3.154449999999999932e+02
4.504999999999999893e+00,3.326999999999999957e+00,9.757999999999999119e+00,6.431000000000000050e+00,2.508072597706268447e-01,3.091730000000000018e+02,4.705000000000000071e+00,3.326000000000000068e+00,9.528999999999999915e+00,6.203000000000000291e+00,2.537619330133218387e-01,3.154710000000000036e+02
4.517999999999999794e+00,3.287999999999999812e+00,9.743000000000000327e+00,6.455000000000000071e+00,2.515310099098095886e-01,3.092119999999999891e+02,4.717999999999999972e+00,3.363999999999999879e+00,9.580999999999999517e+00,6.216999999999999638e+00,2.544630818186721100e-01,3.154189999999999827e+02
4.525999999999999801e+00,3.301000000000000156e+00,9.743999999999999773e+00,6.442999999999999616e+00,2.519763946108450892e-01,3.091990000000000123e+02,4.727000000000000313e+00,3.337000000000000188e+00,9.567000000000000171e+00,6.230000000000000426e+00,2.549484925300685156e-01,3.154329999999999927e+02
4.538999999999999702e+00,3.301000000000000156e+00,9.744999999999999218e+00,6.443999999999999950e+00,2.527001447500278331e-01,3.091990000000000123e+02,4.740000000000000213e+00,3.338000000000000078e+00,9.579000000000000625e+00,6.240999999999999659e+00,2.556496413354188424e-01,3.154209999999999923e+02
4.548000000000000043e+00,3.289000000000000146e+00,9.723000000000000753e+00,6.434000000000000163e+00,2.532012025386927712e-01,3.092110000000000127e+02,4.753000000000000114e+00,3.326000000000000068e+00,9.579000000000000625e+00,6.253000000000000114e+00,2.563507901407691136e-01,3.154209999999999923e+02
4.560999999999999943e+00,3.301000000000000156e+00,9.733999999999999986e+00,6.432999999999999829e+00,2.539249526778755151e-01,3.091990000000000123e+02,4.766000000000000014e+00,3.338000000000000078e+00,9.566000000000000725e+00,6.227999999999999758e+00,2.570519389461194404e-01,3.154340000000000259e+02
4.573999999999999844e+00,3.277000000000000135e+00,9.708000000000000185e+00,6.431000000000000050e+00,2.546487028170582034e-01,3.092230000000000132e+02,4.775000000000000355e+00,3.338000000000000078e+00,9.567000000000000171e+00,6.229000000000000092e+00,2.575373496575157906e-01,3.154329999999999927e+02
4.586999999999999744e+00,3.338999999999999968e+00,9.757999999999999119e+00,6.418999999999999595e+00,2.553724529562409473e-01,3.091610000000000014e+02,4.788000000000000256e+00,3.326000000000000068e+00,9.554999999999999716e+00,6.229000000000000092e+00,2.582384984628661173e-01,3.154449999999999932e+02
4.594999999999999751e+00,3.326999999999999957e+00,9.743999999999999773e+00,6.416999999999999815e+00,2.558178376572764479e-01,3.091730000000000018e+02,4.796000000000000263e+00,3.388999999999999790e+00,9.603999999999999204e+00,6.214999999999999858e+00,2.586699746507739595e-01,3.153960000000000150e+02
4.607999999999999652e+00,3.314000000000000057e+00,9.733999999999999986e+00,6.419999999999999929e+00,2.565415877964591362e-01,3.091859999999999786e+02,4.809999999999999609e+00,3.362999999999999989e+00,9.567999999999999616e+00,6.205000000000000071e+00,2.594250579796127387e-01,3.154320000000000164e+02
4.621999999999999886e+00,3.326000000000000068e+00,9.744999999999999218e+00,6.418999999999999595e+00,2.573210110232713177e-01,3.091739999999999782e+02,4.822000000000000064e+00,3.376999999999999780e+00,9.592999999999999972e+00,6.216000000000000192e+00,2.600722722614745575e-01,3.154069999999999823e+02
4.629999999999999893e+00,3.301000000000000156e+00,9.718999999999999417e+00,6.418000000000000149e+00,2.577663957243068737e-01,3.091990000000000123e+02,4.831000000000000405e+00,3.375999999999999890e+00,9.603999999999999204e+00,6.227999999999999758e+00,2.605576829728709631e-01,3.153960000000000150e+02
4.642999999999999794e+00,3.299999999999999822e+00,9.731999999999999318e+00,6.432000000000000384e+00,2.584901458634895621e-01,3.091999999999999886e+02,4.844999999999999751e+00,3.375999999999999890e+00,9.592000000000000526e+00,6.216000000000000192e+00,2.613127663017096869e-01,3.154080000000000155e+02
4.655999999999999694e+00,3.250999999999999890e+00,9.707000000000000739e+00,6.456000000000000405e+00,2.592138960026723060e-01,3.092490000000000236e+02,4.857000000000000206e+00,3.403000000000000025e+00,9.605000000000000426e+00,6.201999999999999957e+00,2.619599805835715611e-01,3.153949999999999818e+02
4.668999999999999595e+00,3.263999999999999790e+00,9.721999999999999531e+00,6.458000000000000185e+00,2.599376461418549944e-01,3.092359999999999900e+02,4.870000000000000107e+00,3.362999999999999989e+00,9.555999999999999162e+00,6.192999999999999616e+00,2.626611293889218324e-01,3.154440000000000168e+02
4.677999999999999936e+00,3.250000000000000000e+00,9.721000000000000085e+00,6.471000000000000085e+00,2.604387039305199880e-01,3.092500000000000000e+02,4.878999999999999559e+00,3.388999999999999790e+00,9.569000000000000838e+00,6.179999999999999716e+00,2.631465401003181825e-01,3.154309999999999832e+02
4.690999999999999837e+00,3.262999999999999901e+00,9.746000000000000441e+00,6.482999999999999652e+00,2.611624540697026764e-01,3.092370000000000232e+02,4.892999999999999794e+00,3.363999999999999879e+00,9.544999999999999929e+00,6.181000000000000050e+00,2.639016234291570173e-01,3.154549999999999841e+02
4.703999999999999737e+00,3.314000000000000057e+00,9.772999999999999687e+00,6.458999999999999631e+00,2.618862042088854203e-01,3.091859999999999786e+02,4.900999999999999801e+00,3.363999999999999879e+00,9.544999999999999929e+00,6.181000000000000050e+00,2.643330996170648595e-01,3.154549999999999841e+02
4.713000000000000078e+00,3.275999999999999801e+00,9.733000000000000540e+00,6.456999999999999851e+00,2.623872619975503584e-01,3.092239999999999895e+02,4.913999999999999702e+00,3.363999999999999879e+00,9.544000000000000483e+00,6.179999999999999716e+00,2.650342484224151862e-01,3.154560000000000173e+02
4.725999999999999979e+00,3.314000000000000057e+00,9.759000000000000341e+00,6.445000000000000284e+00,2.631110121367331023e-01,3.091859999999999786e+02,4.923000000000000043e+00,3.326000000000000068e+00,9.519000000000000128e+00,6.192999999999999616e+00,2.655196591338115364e-01,3.154809999999999945e+02
4.738999999999999879e+00,3.262999999999999901e+00,9.695000000000000284e+00,6.432000000000000384e+00,2.638347622759157907e-01,3.092370000000000232e+02,4.935999999999999943e+00,3.325000000000000178e+00,9.529999999999999361e+00,6.205000000000000071e+00,2.662208079391618631e-01,3.154700000000000273e+02
4.748000000000000220e+00,3.287999999999999812e+00,9.707000000000000739e+00,6.418999999999999595e+00,2.643358200645807843e-01,3.092119999999999891e+02,4.943999999999999950e+00,3.350999999999999979e+00,9.544999999999999929e+00,6.193999999999999950e+00,2.666522841270697608e-01,3.154549999999999841e+02
4.761000000000000121e+00,3.250999999999999890e+00,9.672000000000000597e+00,6.421000000000000263e+00,2.650595702037634727e-01,3.092490000000000236e+02,4.956999999999999851e+00,3.388999999999999790e+00,9.541999999999999815e+00,6.152999999999999581e+00,2.673534329324200320e-01,3.154580000000000268e+02
4.769999999999999574e+00,3.237999999999999989e+00,9.669999999999999929e+00,6.432000000000000384e+00,2.655606279924284108e-01,3.092620000000000005e+02,4.966000000000000192e+00,3.351999999999999869e+00,9.519999999999999574e+00,6.168000000000000149e+00,2.678388436438164377e-01,3.154800000000000182e+02
4.783000000000000362e+00,3.262999999999999901e+00,9.682999999999999829e+00,6.419999999999999929e+00,2.662843781316112102e-01,3.092370000000000232e+02,4.979000000000000092e+00,3.325000000000000178e+00,9.480999999999999872e+00,6.155999999999999694e+00,2.685399924491667090e-01,3.155190000000000055e+02
4.791999999999999815e+00,3.225999999999999979e+00,9.656000000000000583e+00,6.429999999999999716e+00,2.667854359202760928e-01,3.092740000000000009e+02,4.991999999999999993e+00,3.350999999999999979e+00,9.518000000000000682e+00,6.166999999999999815e+00,2.692411412545170357e-01,3.154819999999999709e+02
4.804999999999999716e+00,3.262999999999999901e+00,9.683999999999999275e+00,6.421000000000000263e+00,2.675091860594588367e-01,3.092370000000000232e+02,5.001000000000000334e+00,3.376999999999999780e+00,9.532000000000000028e+00,6.155000000000000249e+00,2.697265519659133859e-01,3.154680000000000177e+02
4.812999999999999723e+00,3.287999999999999812e+00,9.720000000000000639e+00,6.432000000000000384e+00,2.679545707604943372e-01,3.092119999999999891e+02,5.012999999999999901e+00,3.376999999999999780e+00,9.555999999999999162e+00,6.179000000000000270e+00,2.703737662477752046e-01,3.154440000000000168e+02
4.825999999999999623e+00,3.274999999999999911e+00,9.682999999999999829e+00,6.408000000000000362e+00,2.686783208996770811e-01,3.092250000000000227e+02,5.027000000000000135e+00,3.400999999999999801e+00,9.582000000000000739e+00,6.181000000000000050e+00,2.711288495766139839e-01,3.154180000000000064e+02
4.834999999999999964e+00,3.275999999999999801e+00,9.683999999999999275e+00,6.408000000000000362e+00,2.691793786883420192e-01,3.092239999999999895e+02,5.035999999999999588e+00,3.362999999999999989e+00,9.557000000000000384e+00,6.193999999999999950e+00,2.716142602880103341e-01,3.154429999999999836e+02
4.847999999999999865e+00,3.249000000000000110e+00,9.643000000000000682e+00,6.394000000000000128e+00,2.699031288275247631e-01,3.092509999999999764e+02,5.048000000000000043e+00,3.415000000000000036e+00,9.605000000000000426e+00,6.190000000000000391e+00,2.722614745698721528e-01,3.153949999999999818e+02
4.860999999999999766e+00,3.250000000000000000e+00,9.656000000000000583e+00,6.405999999999999694e+00,2.706268789667074515e-01,3.092500000000000000e+02,5.062000000000000277e+00,3.402000000000000135e+00,9.580999999999999517e+00,6.179000000000000270e+00,2.730165578987109876e-01,3.154189999999999827e+02
4.870000000000000107e+00,3.262999999999999901e+00,9.644999999999999574e+00,6.381999999999999673e+00,2.711279367553724451e-01,3.092370000000000232e+02,5.075000000000000178e+00,3.402000000000000135e+00,9.580999999999999517e+00,6.179000000000000270e+00,2.737177067040612588e-01,3.154189999999999827e+02
4.883000000000000007e+00,3.249000000000000110e+00,9.644999999999999574e+00,6.395999999999999908e+00,2.718516868945551890e-01,3.092509999999999764e+02,5.083999999999999631e+00,3.338000000000000078e+00,9.554999999999999716e+00,6.216999999999999638e+00,2.742031174154576090e-01,3.154449999999999932e+02
4.891000000000000014e+00,3.313000000000000167e+00,9.696999999999999176e+00,6.384000000000000341e+00,2.722970715955906895e-01,3.091870000000000118e+02,5.097000000000000419e+00,3.338000000000000078e+00,9.554999999999999716e+00,6.216999999999999638e+00,2.749042662208079912e-01,3.154449999999999932e+02
4.903999999999999915e+00,3.326999999999999957e+00,9.707000000000000739e+00,6.379999999999999893e+00,2.730208217347733779e-01,3.091730000000000018e+02,5.110000000000000320e+00,3.362999999999999989e+00,9.593999999999999417e+00,6.230999999999999872e+00,2.756054150261582625e-01,3.154060000000000059e+02
4.913000000000000256e+00,3.299999999999999822e+00,9.682999999999999829e+00,6.383000000000000007e+00,2.735218795234383715e-01,3.091999999999999886e+02,5.121999999999999886e+00,3.362999999999999989e+00,9.580000000000000071e+00,6.216999999999999638e+00,2.762526293080200812e-01,3.154200000000000159e+02
4.926000000000000156e+00,3.326999999999999957e+00,9.695000000000000284e+00,6.368000000000000327e+00,2.742456296626211154e-01,3.091730000000000018e+02,5.136000000000000121e+00,3.403000000000000025e+00,9.606999999999999318e+00,6.203999999999999737e+00,2.770077126368588605e-01,3.153930000000000291e+02
4.939000000000000057e+00,3.313000000000000167e+00,9.644999999999999574e+00,6.331999999999999851e+00,2.749693798018038038e-01,3.091870000000000118e+02,5.147999999999999687e+00,3.375999999999999890e+00,9.595000000000000639e+00,6.219000000000000306e+00,2.776549269187206792e-01,3.154049999999999727e+02
4.951999999999999957e+00,3.338999999999999968e+00,9.683999999999999275e+00,6.344999999999999751e+00,2.756931299409864922e-01,3.091610000000000014e+02,5.160999999999999588e+00,3.375999999999999890e+00,9.618000000000000327e+00,6.241999999999999993e+00,2.783560757240709505e-01,3.153820000000000050e+02
4.961000000000000298e+00,3.351999999999999869e+00,9.644999999999999574e+00,6.293000000000000149e+00,2.761941877296514858e-01,3.091480000000000246e+02,5.169999999999999929e+00,3.375999999999999890e+00,9.605999999999999872e+00,6.230000000000000426e+00,2.788414864354673561e-01,3.153940000000000055e+02
4.974000000000000199e+00,3.375999999999999890e+00,9.680999999999999162e+00,6.304999999999999716e+00,2.769179378688342297e-01,3.091240000000000236e+02,5.184000000000000163e+00,3.338000000000000078e+00,9.580999999999999517e+00,6.243000000000000327e+00,2.795965697643061354e-01,3.154189999999999827e+02
4.982999999999999652e+00,3.375999999999999890e+00,9.695999999999999730e+00,6.320000000000000284e+00,2.774189956574991123e-01,3.091240000000000236e+02,5.192000000000000171e+00,3.363999999999999879e+00,9.570000000000000284e+00,6.206000000000000405e+00,2.800280459522140331e-01,3.154300000000000068e+02
4.996000000000000441e+00,3.375999999999999890e+00,9.694000000000000838e+00,6.317999999999999616e+00,2.781427457966819117e-01,3.091240000000000236e+02,5.206000000000000405e+00,3.363999999999999879e+00,9.570000000000000284e+00,6.206000000000000405e+00,2.807831292810528123e-01,3.154300000000000068e+02
5.003999999999999559e+00,3.414000000000000146e+00,9.718999999999999417e+00,6.304999999999999716e+00,2.785881304977173567e-01,3.090860000000000127e+02,5.217999999999999972e+00,3.427999999999999936e+00,9.644999999999999574e+00,6.216999999999999638e+00,2.814303435629146311e-01,3.153550000000000182e+02
5.017999999999999794e+00,3.387999999999999901e+00,9.682000000000000384e+00,6.293999999999999595e+00,2.793675537245295382e-01,3.091120000000000232e+02,5.227000000000000313e+00,3.427000000000000046e+00,9.666000000000000369e+00,6.238999999999999879e+00,2.819157542743109812e-01,3.153340000000000032e+02
5.030000000000000249e+00,3.402000000000000135e+00,9.680999999999999162e+00,6.278999999999999915e+00,2.800356307760828445e-01,3.090980000000000132e+02,5.240000000000000213e+00,3.427000000000000046e+00,9.654999999999999361e+00,6.227999999999999758e+00,2.826169030796613080e-01,3.153450000000000273e+02
5.038999999999999702e+00,3.375999999999999890e+00,9.657999999999999474e+00,6.282000000000000028e+00,2.805366885647477826e-01,3.091240000000000236e+02,5.253000000000000114e+00,3.439999999999999947e+00,9.682000000000000384e+00,6.241999999999999993e+00,2.833180518850115792e-01,3.153179999999999836e+02
5.051999999999999602e+00,3.350999999999999979e+00,9.644000000000000128e+00,6.293000000000000149e+00,2.812604387039304710e-01,3.091490000000000009e+02,5.266000000000000014e+00,3.414000000000000146e+00,9.654999999999999361e+00,6.240999999999999659e+00,2.840192006903619060e-01,3.153450000000000273e+02
5.060999999999999943e+00,3.351999999999999869e+00,9.644999999999999574e+00,6.293000000000000149e+00,2.817614964925954646e-01,3.091480000000000246e+02,5.277999999999999581e+00,3.439000000000000057e+00,9.695999999999999730e+00,6.256999999999999673e+00,2.846664149722237247e-01,3.153039999999999736e+02
5.073999999999999844e+00,3.362999999999999989e+00,9.656000000000000583e+00,6.293000000000000149e+00,2.824852466317781530e-01,3.091370000000000005e+02,5.291999999999999815e+00,3.402000000000000135e+00,9.653999999999999915e+00,6.251999999999999780e+00,2.854214983010625040e-01,3.153460000000000036e+02
5.083000000000000185e+00,3.362999999999999989e+00,9.656000000000000583e+00,6.293000000000000149e+00,2.829863044204431466e-01,3.091370000000000005e+02,5.304999999999999716e+00,3.427000000000000046e+00,9.680999999999999162e+00,6.253999999999999559e+00,2.861226471064127752e-01,3.153190000000000168e+02
5.096000000000000085e+00,3.362999999999999989e+00,9.654999999999999361e+00,6.291999999999999815e+00,2.837100545596258905e-01,3.091370000000000005e+02,5.317999999999999616e+00,3.387999999999999901e+00,9.641999999999999460e+00,6.253999999999999559e+00,2.868237959117631020e-01,3.153580000000000041e+02
5.104000000000000092e+00,3.362999999999999989e+00,9.641999999999999460e+00,6.278999999999999915e+00,2.841554392606613910e-01,3.091370000000000005e+02,5.331000000000000405e+00,3.452999999999999847e+00,9.682000000000000384e+00,6.229000000000000092e+00,2.875249447171134287e-01,3.153179999999999836e+02
5.116999999999999993e+00,3.375999999999999890e+00,9.654999999999999361e+00,6.278999999999999915e+00,2.848791893998440794e-01,3.091240000000000236e+02,5.344000000000000306e+00,3.427000000000000046e+00,9.667999999999999261e+00,6.240999999999999659e+00,2.882260935224637555e-01,3.153319999999999936e+02
5.126000000000000334e+00,3.351999999999999869e+00,9.631000000000000227e+00,6.278999999999999915e+00,2.853802471885090730e-01,3.091480000000000246e+02,5.357000000000000206e+00,3.414000000000000146e+00,9.656000000000000583e+00,6.241999999999999993e+00,2.889272423278140267e-01,3.153439999999999941e+02
5.139000000000000234e+00,3.338000000000000078e+00,9.618000000000000327e+00,6.280000000000000249e+00,2.861039973276918169e-01,3.091619999999999777e+02,5.370000000000000107e+00,3.427000000000000046e+00,9.653999999999999915e+00,6.227000000000000313e+00,2.896283911331643535e-01,3.153460000000000036e+02
5.147999999999999687e+00,3.362999999999999989e+00,9.669000000000000483e+00,6.306000000000000050e+00,2.866050551163566995e-01,3.091370000000000005e+02,5.383000000000000007e+00,3.412999999999999812e+00,9.630000000000000782e+00,6.216999999999999638e+00,2.903295399385146247e-01,3.153700000000000045e+02
5.160999999999999588e+00,3.338999999999999968e+00,9.644000000000000128e+00,6.304999999999999716e+00,2.873288052555394434e-01,3.091610000000000014e+02,5.395999999999999908e+00,3.452999999999999847e+00,9.654999999999999361e+00,6.201999999999999957e+00,2.910306887438649515e-01,3.153450000000000273e+02
5.174000000000000377e+00,3.338999999999999968e+00,9.657000000000000028e+00,6.317999999999999616e+00,2.880525553947221873e-01,3.091610000000000014e+02,5.408999999999999808e+00,3.438000000000000167e+00,9.643000000000000682e+00,6.205000000000000071e+00,2.917318375492152227e-01,3.153569999999999709e+02
5.182000000000000384e+00,3.388999999999999790e+00,9.692999999999999616e+00,6.304000000000000270e+00,2.884979400957577433e-01,3.091109999999999900e+02,5.423000000000000043e+00,3.451999999999999957e+00,9.666000000000000369e+00,6.214000000000000412e+00,2.924869208780540575e-01,3.153340000000000032e+02
5.195999999999999730e+00,3.375999999999999890e+00,9.692999999999999616e+00,6.317000000000000171e+00,2.892773633225698693e-01,3.091240000000000236e+02,5.434999999999999609e+00,3.451999999999999957e+00,9.643000000000000682e+00,6.190999999999999837e+00,2.931341351599158207e-01,3.153569999999999709e+02
5.203999999999999737e+00,3.388999999999999790e+00,9.692999999999999616e+00,6.304000000000000270e+00,2.897227480236053698e-01,3.091109999999999900e+02,5.448999999999999844e+00,3.488999999999999879e+00,9.667999999999999261e+00,6.179000000000000270e+00,2.938892184887546555e-01,3.153319999999999936e+02
5.216999999999999638e+00,3.351999999999999869e+00,9.656000000000000583e+00,6.304000000000000270e+00,2.904464981627880582e-01,3.091480000000000246e+02,5.461000000000000298e+00,3.463999999999999968e+00,9.605999999999999872e+00,6.142000000000000348e+00,2.945364327706164742e-01,3.153940000000000055e+02
5.225999999999999979e+00,3.400999999999999801e+00,9.704000000000000625e+00,6.302999999999999936e+00,2.909475559514530518e-01,3.090989999999999895e+02,5.474999999999999645e+00,3.451999999999999957e+00,9.605999999999999872e+00,6.153999999999999915e+00,2.952915160994552535e-01,3.153940000000000055e+02
5.238999999999999879e+00,3.388999999999999790e+00,9.691000000000000725e+00,6.301999999999999602e+00,2.916713060906357957e-01,3.091109999999999900e+02,5.491999999999999993e+00,3.452999999999999847e+00,9.631000000000000227e+00,6.177999999999999936e+00,2.962084029987595013e-01,3.153690000000000282e+02
5.248000000000000220e+00,3.325000000000000178e+00,9.644000000000000128e+00,6.318999999999999950e+00,2.921723638793007338e-01,3.091750000000000114e+02,5.504999999999999893e+00,3.439999999999999947e+00,9.621000000000000441e+00,6.181000000000000050e+00,2.969095518041098281e-01,3.153790000000000191e+02
5.261000000000000121e+00,3.338000000000000078e+00,9.667999999999999261e+00,6.330000000000000071e+00,2.928961140184834777e-01,3.091619999999999777e+02,5.517999999999999794e+00,3.463999999999999968e+00,9.644000000000000128e+00,6.179999999999999716e+00,2.976107006094600993e-01,3.153559999999999945e+02
5.269999999999999574e+00,3.338000000000000078e+00,9.654999999999999361e+00,6.317000000000000171e+00,2.933971718071484158e-01,3.091619999999999777e+02,5.530999999999999694e+00,3.463999999999999968e+00,9.641999999999999460e+00,6.177999999999999936e+00,2.983118494148104261e-01,3.153580000000000041e+02
5.283000000000000362e+00,3.313000000000000167e+00,9.654999999999999361e+00,6.341999999999999638e+00,2.941209219463311597e-01,3.091870000000000118e+02,5.544999999999999929e+00,3.451999999999999957e+00,9.618000000000000327e+00,6.166000000000000369e+00,2.990669327436492053e-01,3.153820000000000050e+02
5.291000000000000369e+00,3.338000000000000078e+00,9.670999999999999375e+00,6.333000000000000185e+00,2.945663066473666603e-01,3.091619999999999777e+02,5.557000000000000384e+00,3.463999999999999968e+00,9.641000000000000014e+00,6.176999999999999602e+00,2.997141470255110796e-01,3.153589999999999804e+02
5.304999999999999716e+00,3.351999999999999869e+00,9.695000000000000284e+00,6.342999999999999972e+00,2.953457298741787862e-01,3.091480000000000246e+02,5.570000000000000284e+00,3.463999999999999968e+00,9.643000000000000682e+00,6.179000000000000270e+00,3.004152958308613508e-01,3.153569999999999709e+02
5.312999999999999723e+00,3.388999999999999790e+00,9.694000000000000838e+00,6.304999999999999716e+00,2.957911145752143423e-01,3.091109999999999900e+02,5.583000000000000185e+00,3.400999999999999801e+00,9.592000000000000526e+00,6.190999999999999837e+00,3.011164446362116776e-01,3.154080000000000155e+02
5.325999999999999623e+00,3.350999999999999979e+00,9.669000000000000483e+00,6.317999999999999616e+00,2.965148647143970306e-01,3.091490000000000009e+02,5.596000000000000085e+00,3.427000000000000046e+00,9.615999999999999659e+00,6.189000000000000057e+00,3.018175934415619488e-01,3.153840000000000146e+02
5.333999999999999631e+00,3.362999999999999989e+00,9.682000000000000384e+00,6.318999999999999950e+00,2.969602494154325312e-01,3.091370000000000005e+02,5.610000000000000320e+00,3.387999999999999901e+00,9.554999999999999716e+00,6.166999999999999815e+00,3.025726767704007281e-01,3.154449999999999932e+02
5.347999999999999865e+00,3.388999999999999790e+00,9.705999999999999517e+00,6.317000000000000171e+00,2.977396726422447126e-01,3.091109999999999900e+02,5.623000000000000220e+00,3.427000000000000046e+00,9.582000000000000739e+00,6.155000000000000249e+00,3.032738255757510548e-01,3.154180000000000064e+02
5.357000000000000206e+00,3.350000000000000089e+00,9.692000000000000171e+00,6.341999999999999638e+00,2.982407304309097063e-01,3.091499999999999773e+02,5.634999999999999787e+00,3.439000000000000057e+00,9.580000000000000071e+00,6.141000000000000014e+00,3.039210398576128735e-01,3.154200000000000159e+02
5.370000000000000107e+00,3.311999999999999833e+00,9.653999999999999915e+00,6.341999999999999638e+00,2.989644805700923946e-01,3.091879999999999882e+02,5.647999999999999687e+00,3.452999999999999847e+00,9.580999999999999517e+00,6.128000000000000114e+00,3.046221886629631448e-01,3.154189999999999827e+02
5.378000000000000114e+00,3.325000000000000178e+00,9.676999999999999602e+00,6.352000000000000313e+00,2.994098652711279507e-01,3.091750000000000114e+02,5.660999999999999588e+00,3.414000000000000146e+00,9.544999999999999929e+00,6.131000000000000227e+00,3.053233374683134715e-01,3.154549999999999841e+02
5.391000000000000014e+00,3.351999999999999869e+00,9.689999999999999503e+00,6.338000000000000078e+00,3.001336154103106391e-01,3.091480000000000246e+02,5.674999999999999822e+00,3.464999999999999858e+00,9.580000000000000071e+00,6.115000000000000213e+00,3.060784207971522508e-01,3.154200000000000159e+02
5.400000000000000355e+00,3.375000000000000000e+00,9.728999999999999204e+00,6.354000000000000092e+00,3.006346731989756327e-01,3.091250000000000000e+02,5.687999999999999723e+00,3.452999999999999847e+00,9.554999999999999716e+00,6.102000000000000313e+00,3.067795696025025221e-01,3.154449999999999932e+02
5.413000000000000256e+00,3.362999999999999989e+00,9.727999999999999758e+00,6.365000000000000213e+00,3.013584233381583211e-01,3.091370000000000005e+02,5.700999999999999623e+00,3.400999999999999801e+00,9.516999999999999460e+00,6.115999999999999659e+00,3.074807184078528488e-01,3.154830000000000041e+02
5.421999999999999709e+00,3.362999999999999989e+00,9.728999999999999204e+00,6.365999999999999659e+00,3.018594811268232592e-01,3.091370000000000005e+02,5.714000000000000412e+00,3.412999999999999812e+00,9.541000000000000369e+00,6.128000000000000114e+00,3.081818672132031756e-01,3.154590000000000032e+02
5.434000000000000163e+00,3.388999999999999790e+00,9.743000000000000327e+00,6.354000000000000092e+00,3.025275581783765655e-01,3.091109999999999900e+02,5.727000000000000313e+00,3.426000000000000156e+00,9.553000000000000824e+00,6.126999999999999780e+00,3.088830160185535023e-01,3.154470000000000027e+02
5.443999999999999950e+00,3.350999999999999979e+00,9.704000000000000625e+00,6.352999999999999758e+00,3.030842890546709412e-01,3.091490000000000009e+02,5.740000000000000213e+00,3.476999999999999869e+00,9.592000000000000526e+00,6.115000000000000213e+00,3.095841648239037736e-01,3.154080000000000155e+02
5.456999999999999851e+00,3.350999999999999979e+00,9.692999999999999616e+00,6.341999999999999638e+00,3.038080391938536851e-01,3.091490000000000009e+02,5.753000000000000114e+00,3.478000000000000203e+00,9.580000000000000071e+00,6.102000000000000313e+00,3.102853136292541003e-01,3.154200000000000159e+02
5.469000000000000306e+00,3.350999999999999979e+00,9.692999999999999616e+00,6.341999999999999638e+00,3.044761162454069914e-01,3.091490000000000009e+02,5.766000000000000014e+00,3.464999999999999858e+00,9.580999999999999517e+00,6.115999999999999659e+00,3.109864624346043716e-01,3.154189999999999827e+02
5.482999999999999652e+00,3.326000000000000068e+00,9.678000000000000824e+00,6.352000000000000313e+00,3.052555394722191173e-01,3.091739999999999782e+02,5.777999999999999581e+00,3.414000000000000146e+00,9.531000000000000583e+00,6.116999999999999993e+00,3.116336767164661903e-01,3.154689999999999941e+02
5.490999999999999659e+00,3.350999999999999979e+00,9.715999999999999304e+00,6.365000000000000213e+00,3.057009241732546179e-01,3.091490000000000009e+02,5.791999999999999815e+00,3.427000000000000046e+00,9.542999999999999261e+00,6.115999999999999659e+00,3.123887600453049695e-01,3.154569999999999936e+02
5.503999999999999559e+00,3.325000000000000178e+00,9.702999999999999403e+00,6.378000000000000114e+00,3.064246743124373062e-01,3.091750000000000114e+02,5.804999999999999716e+00,3.427999999999999936e+00,9.529999999999999361e+00,6.102000000000000313e+00,3.130899088506552963e-01,3.154700000000000273e+02
5.517000000000000348e+00,3.350000000000000089e+00,9.742000000000000881e+00,6.392000000000000348e+00,3.071484244516201056e-01,3.091499999999999773e+02,5.817999999999999616e+00,3.412999999999999812e+00,9.516000000000000014e+00,6.102999999999999758e+00,3.137910576560055675e-01,3.154839999999999804e+02
5.530999999999999694e+00,3.375999999999999890e+00,9.743000000000000327e+00,6.366999999999999993e+00,3.079278476784322316e-01,3.091240000000000236e+02,5.831000000000000405e+00,3.464999999999999858e+00,9.554000000000000270e+00,6.089000000000000412e+00,3.144922064613559498e-01,3.154460000000000264e+02
5.543000000000000149e+00,3.362999999999999989e+00,9.743000000000000327e+00,6.379999999999999893e+00,3.085959247299855379e-01,3.091370000000000005e+02,5.844000000000000306e+00,3.451999999999999957e+00,9.555999999999999162e+00,6.104000000000000092e+00,3.151933552667062211e-01,3.154440000000000168e+02
5.551999999999999602e+00,3.338000000000000078e+00,9.707000000000000739e+00,6.368999999999999773e+00,3.090969825186504760e-01,3.091619999999999777e+02,5.857000000000000206e+00,3.478000000000000203e+00,9.580999999999999517e+00,6.102999999999999758e+00,3.158945040720565478e-01,3.154189999999999827e+02
5.565000000000000391e+00,3.326000000000000068e+00,9.707000000000000739e+00,6.381000000000000227e+00,3.098207326578332199e-01,3.091739999999999782e+02,5.870000000000000107e+00,3.476999999999999869e+00,9.580999999999999517e+00,6.104000000000000092e+00,3.165956528774068190e-01,3.154189999999999827e+02
5.578999999999999737e+00,3.338000000000000078e+00,9.721000000000000085e+00,6.383000000000000007e+00,3.106001558846453459e-01,3.091619999999999777e+02,5.883000000000000007e+00,3.463999999999999968e+00,9.592999999999999972e+00,6.128999999999999559e+00,3.172968016827571458e-01,3.154069999999999823e+02
5.591000000000000192e+00,3.311999999999999833e+00,9.730000000000000426e+00,6.418000000000000149e+00,3.112682329361986522e-01,3.091879999999999882e+02,5.897000000000000242e+00,3.439000000000000057e+00,9.569000000000000838e+00,6.129999999999999893e+00,3.180518850115959251e-01,3.154309999999999832e+02
5.605000000000000426e+00,3.326000000000000068e+00,9.730999999999999872e+00,6.405000000000000249e+00,3.120476561630108336e-01,3.091739999999999782e+02,5.910000000000000142e+00,3.439999999999999947e+00,9.582000000000000739e+00,6.142000000000000348e+00,3.187530338169462518e-01,3.154180000000000064e+02
5.618000000000000327e+00,3.326000000000000068e+00,9.728999999999999204e+00,6.402999999999999581e+00,3.127714063021935220e-01,3.091739999999999782e+02,5.923000000000000043e+00,3.427999999999999936e+00,9.567999999999999616e+00,6.139999999999999680e+00,3.194541826222965231e-01,3.154320000000000164e+02
5.631000000000000227e+00,3.325000000000000178e+00,9.730999999999999872e+00,6.405999999999999694e+00,3.134951564413762659e-01,3.091750000000000114e+02,5.935999999999999943e+00,3.414000000000000146e+00,9.580000000000000071e+00,6.166000000000000369e+00,3.201553314276468498e-01,3.154200000000000159e+02
5.642999999999999794e+00,3.338999999999999968e+00,9.756999999999999673e+00,6.418000000000000149e+00,3.141632334929295167e-01,3.091610000000000014e+02,5.948999999999999844e+00,3.451000000000000068e+00,9.605999999999999872e+00,6.155000000000000249e+00,3.208564802329971211e-01,3.153940000000000055e+02
5.652000000000000135e+00,3.325000000000000178e+00,9.743000000000000327e+00,6.418000000000000149e+00,3.146642912815944548e-01,3.091750000000000114e+02,5.961999999999999744e+00,3.478000000000000203e+00,9.596000000000000085e+00,6.118000000000000327e+00,3.215576290383474478e-01,3.154039999999999964e+02
5.665000000000000036e+00,3.313000000000000167e+00,9.721000000000000085e+00,6.408000000000000362e+00,3.153880414207771987e-01,3.091870000000000118e+02,5.974000000000000199e+00,3.490000000000000213e+00,9.621000000000000441e+00,6.131000000000000227e+00,3.222048433202092665e-01,3.153790000000000191e+02
5.679000000000000270e+00,3.275999999999999801e+00,9.679999999999999716e+00,6.403999999999999915e+00,3.161674646475893802e-01,3.092239999999999895e+02,5.988000000000000433e+00,3.515000000000000124e+00,9.644000000000000128e+00,6.128999999999999559e+00,3.229599266490481013e-01,3.153559999999999945e+02
5.687000000000000277e+00,3.338000000000000078e+00,9.731999999999999318e+00,6.394000000000000128e+00,3.166128493486248807e-01,3.091619999999999777e+02,6.001000000000000334e+00,3.503000000000000114e+00,9.621999999999999886e+00,6.118999999999999773e+00,3.236610754543983726e-01,3.153779999999999859e+02
5.700000000000000178e+00,3.362999999999999989e+00,9.743999999999999773e+00,6.381000000000000227e+00,3.173365994878075691e-01,3.091370000000000005e+02,6.014000000000000234e+00,3.451999999999999957e+00,9.583000000000000185e+00,6.131000000000000227e+00,3.243622242597486993e-01,3.154169999999999732e+02
5.708000000000000185e+00,3.311999999999999833e+00,9.705000000000000071e+00,6.392999999999999794e+00,3.177819841888431251e-01,3.091879999999999882e+02,6.027000000000000135e+00,3.476999999999999869e+00,9.595000000000000639e+00,6.118000000000000327e+00,3.250633730650989706e-01,3.154049999999999727e+02
5.721000000000000085e+00,3.338000000000000078e+00,9.753000000000000114e+00,6.415000000000000036e+00,3.185057343280258135e-01,3.091619999999999777e+02,6.040000000000000036e+00,3.490000000000000213e+00,9.618000000000000327e+00,6.128000000000000114e+00,3.257645218704492973e-01,3.153820000000000050e+02
5.735000000000000320e+00,3.337000000000000188e+00,9.753999999999999559e+00,6.416999999999999815e+00,3.192851575548379950e-01,3.091630000000000109e+02,6.052999999999999936e+00,3.451999999999999957e+00,9.592999999999999972e+00,6.141000000000000014e+00,3.264656706757995686e-01,3.154069999999999823e+02
5.748000000000000220e+00,3.362999999999999989e+00,9.756000000000000227e+00,6.392999999999999794e+00,3.200089076940207389e-01,3.091370000000000005e+02,6.065999999999999837e+00,3.490000000000000213e+00,9.653999999999999915e+00,6.163999999999999702e+00,3.271668194811498953e-01,3.153460000000000036e+02
5.761000000000000121e+00,3.388999999999999790e+00,9.769000000000000128e+00,6.379999999999999893e+00,3.207326578332034273e-01,3.091109999999999900e+02,6.078999999999999737e+00,3.476999999999999869e+00,9.641999999999999460e+00,6.165000000000000036e+00,3.278679682865001666e-01,3.153580000000000041e+02
5.769000000000000128e+00,3.376999999999999780e+00,9.768000000000000682e+00,6.391000000000000014e+00,3.211780425342389278e-01,3.091229999999999905e+02,6.091999999999999638e+00,3.516000000000000014e+00,9.682999999999999829e+00,6.166999999999999815e+00,3.285691170918504933e-01,3.153170000000000073e+02
5.782000000000000028e+00,3.376999999999999780e+00,9.759000000000000341e+00,6.381999999999999673e+00,3.219017926734216717e-01,3.091229999999999905e+02,6.105000000000000426e+00,3.528000000000000025e+00,9.694000000000000838e+00,6.166000000000000369e+00,3.292702658972008201e-01,3.153059999999999832e+02
5.791999999999999815e+00,3.326000000000000068e+00,9.705999999999999517e+00,6.379999999999999893e+00,3.224585235497160474e-01,3.091739999999999782e+02,6.118000000000000327e+00,3.555000000000000160e+00,9.683999999999999275e+00,6.128999999999999559e+00,3.299714147025511468e-01,3.153159999999999741e+02
5.804000000000000270e+00,3.376999999999999780e+00,9.744999999999999218e+00,6.368000000000000327e+00,3.231266006012693537e-01,3.091229999999999905e+02,6.131000000000000227e+00,3.491000000000000103e+00,9.619999999999999218e+00,6.128999999999999559e+00,3.306725635079014181e-01,3.153799999999999955e+02
5.817000000000000171e+00,3.388999999999999790e+00,9.744999999999999218e+00,6.355999999999999872e+00,3.238503507404520421e-01,3.091109999999999900e+02,6.144000000000000128e+00,3.528999999999999915e+00,9.657999999999999474e+00,6.128999999999999559e+00,3.313737123132517448e-01,3.153419999999999845e+02
5.830000000000000071e+00,3.363999999999999879e+00,9.705000000000000071e+00,6.341000000000000192e+00,3.245741008796347860e-01,3.091360000000000241e+02,6.157000000000000028e+00,3.540999999999999925e+00,9.644999999999999574e+00,6.104000000000000092e+00,3.320748611186020161e-01,3.153550000000000182e+02
5.842999999999999972e+00,3.388999999999999790e+00,9.743000000000000327e+00,6.354000000000000092e+00,3.252978510188174743e-01,3.091109999999999900e+02,6.169999999999999929e+00,3.515000000000000124e+00,9.631999999999999673e+00,6.116999999999999993e+00,3.327760099239523428e-01,3.153679999999999950e+02
5.855999999999999872e+00,3.376999999999999780e+00,9.730999999999999872e+00,6.354000000000000092e+00,3.260216011580002182e-01,3.091229999999999905e+02,6.182999999999999829e+00,3.528000000000000025e+00,9.644000000000000128e+00,6.115999999999999659e+00,3.334771587293026140e-01,3.153559999999999945e+02
5.870000000000000107e+00,3.313000000000000167e+00,9.694000000000000838e+00,6.381000000000000227e+00,3.268010243848123997e-01,3.091870000000000118e+02,6.195999999999999730e+00,3.504000000000000004e+00,9.621000000000000441e+00,6.116999999999999993e+00,3.341783075346529408e-01,3.153790000000000191e+02
5.881999999999999673e+00,3.338000000000000078e+00,9.692999999999999616e+00,6.355000000000000426e+00,3.274691014363656505e-01,3.091619999999999777e+02,6.208999999999999631e+00,3.478000000000000203e+00,9.608000000000000540e+00,6.129999999999999893e+00,3.348794563400032120e-01,3.153919999999999959e+02
5.895999999999999908e+00,3.338000000000000078e+00,9.679999999999999716e+00,6.341999999999999638e+00,3.282485246631777764e-01,3.091619999999999777e+02,6.222000000000000419e+00,3.479000000000000092e+00,9.606999999999999318e+00,6.128000000000000114e+00,3.355806051453535388e-01,3.153930000000000291e+02
5.905000000000000249e+00,3.326000000000000068e+00,9.683999999999999275e+00,6.357999999999999652e+00,3.287495824518427701e-01,3.091739999999999782e+02,6.235999999999999766e+00,3.451999999999999957e+00,9.570999999999999730e+00,6.118999999999999773e+00,3.363356884741923181e-01,3.154289999999999736e+02
5.916999999999999815e+00,3.351999999999999869e+00,9.731999999999999318e+00,6.379999999999999893e+00,3.294176595033960209e-01,3.091480000000000246e+02,6.248999999999999666e+00,3.464999999999999858e+00,9.570000000000000284e+00,6.105000000000000426e+00,3.370368372795426448e-01,3.154300000000000068e+02
5.929999999999999716e+00,3.427999999999999936e+00,9.794000000000000483e+00,6.365999999999999659e+00,3.301414096425787648e-01,3.090720000000000027e+02,6.261999999999999567e+00,3.528999999999999915e+00,9.631000000000000227e+00,6.102000000000000313e+00,3.377379860848929161e-01,3.153690000000000282e+02
5.942999999999999616e+00,3.350999999999999979e+00,9.720000000000000639e+00,6.368999999999999773e+00,3.308651597817614531e-01,3.091490000000000009e+02,6.275000000000000355e+00,3.540000000000000036e+00,9.644000000000000128e+00,6.104000000000000092e+00,3.384391348902432428e-01,3.153559999999999945e+02
5.956000000000000405e+00,3.375999999999999890e+00,9.744999999999999218e+00,6.368999999999999773e+00,3.315889099209442525e-01,3.091240000000000236e+02,6.288000000000000256e+00,3.476999999999999869e+00,9.570000000000000284e+00,6.092999999999999972e+00,3.391402836955935696e-01,3.154300000000000068e+02
5.964999999999999858e+00,3.376999999999999780e+00,9.718999999999999417e+00,6.341999999999999638e+00,3.320899677096091351e-01,3.091229999999999905e+02,6.301000000000000156e+00,3.515000000000000124e+00,9.619999999999999218e+00,6.105000000000000426e+00,3.398414325009438408e-01,3.153799999999999955e+02
5.977999999999999758e+00,3.350999999999999979e+00,9.695999999999999730e+00,6.344999999999999751e+00,3.328137178487918790e-01,3.091490000000000009e+02,6.314000000000000057e+00,3.491000000000000103e+00,9.605000000000000426e+00,6.113999999999999879e+00,3.405425813062941676e-01,3.153949999999999818e+02
5.990999999999999659e+00,3.351999999999999869e+00,9.718999999999999417e+00,6.366999999999999993e+00,3.335374679879745674e-01,3.091480000000000246e+02,6.326999999999999957e+00,3.478000000000000203e+00,9.596000000000000085e+00,6.118000000000000327e+00,3.412437301116444388e-01,3.154039999999999964e+02
6.000000000000000000e+00,3.362999999999999989e+00,9.730999999999999872e+00,6.368000000000000327e+00,3.340385257766395610e-01,3.091370000000000005e+02,6.339999999999999858e+00,3.503000000000000114e+00,9.643000000000000682e+00,6.139999999999999680e+00,3.419448789169947656e-01,3.153569999999999709e+02
6.012999999999999901e+00,3.402000000000000135e+00,9.778999999999999915e+00,6.376999999999999780e+00,3.347622759158222494e-01,3.090980000000000132e+02,6.352999999999999758e+00,3.552999999999999936e+00,9.682000000000000384e+00,6.128999999999999559e+00,3.426460277223450368e-01,3.153179999999999836e+02
6.025999999999999801e+00,3.387999999999999901e+00,9.742000000000000881e+00,6.354000000000000092e+00,3.354860260550049933e-01,3.091120000000000232e+02,6.365999999999999659e+00,3.501999999999999780e+00,9.669000000000000483e+00,6.166999999999999815e+00,3.433471765276953636e-01,3.153310000000000173e+02
6.038999999999999702e+00,3.414000000000000146e+00,9.789999999999999147e+00,6.376000000000000334e+00,3.362097761941876817e-01,3.090860000000000127e+02,6.379999999999999893e+00,3.515000000000000124e+00,9.704000000000000625e+00,6.189000000000000057e+00,3.441022598565341428e-01,3.152959999999999923e+02
6.051999999999999602e+00,3.439000000000000057e+00,9.816000000000000725e+00,6.376999999999999780e+00,3.369335263333704256e-01,3.090609999999999786e+02,6.392000000000000348e+00,3.515000000000000124e+00,9.717000000000000526e+00,6.201999999999999957e+00,3.447494741383960171e-01,3.152830000000000155e+02
6.065000000000000391e+00,3.426000000000000156e+00,9.803000000000000824e+00,6.376999999999999780e+00,3.376572764725531695e-01,3.090740000000000123e+02,6.405000000000000249e+00,3.501999999999999780e+00,9.694000000000000838e+00,6.192000000000000171e+00,3.454506229437462883e-01,3.153059999999999832e+02
6.078000000000000291e+00,3.452999999999999847e+00,9.804999999999999716e+00,6.352000000000000313e+00,3.383810266117359133e-01,3.090470000000000255e+02,6.418000000000000149e+00,3.501999999999999780e+00,9.680999999999999162e+00,6.179000000000000270e+00,3.461517717490966151e-01,3.153190000000000168e+02
6.091000000000000192e+00,3.414000000000000146e+00,9.778999999999999915e+00,6.365000000000000213e+00,3.391047767509186017e-01,3.090860000000000127e+02,6.431000000000000050e+00,3.490000000000000213e+00,9.669000000000000483e+00,6.179000000000000270e+00,3.468529205544468863e-01,3.153310000000000173e+02
6.104000000000000092e+00,3.375000000000000000e+00,9.766999999999999460e+00,6.392000000000000348e+00,3.398285268901013456e-01,3.091250000000000000e+02,6.443999999999999950e+00,3.490000000000000213e+00,9.657999999999999474e+00,6.168000000000000149e+00,3.475540693597972131e-01,3.153419999999999845e+02
6.118000000000000327e+00,3.375999999999999890e+00,9.766999999999999460e+00,6.391000000000000014e+00,3.406079501169134716e-01,3.091240000000000236e+02,6.456999999999999851e+00,3.490000000000000213e+00,9.669000000000000483e+00,6.179000000000000270e+00,3.482552181651474843e-01,3.153310000000000173e+02
6.131000000000000227e+00,3.362000000000000099e+00,9.789999999999999147e+00,6.427999999999999936e+00,3.413317002560962155e-01,3.091379999999999768e+02,6.469999999999999751e+00,3.503000000000000114e+00,9.679999999999999716e+00,6.176999999999999602e+00,3.489563669704978111e-01,3.153199999999999932e+02
6.144000000000000128e+00,3.362999999999999989e+00,9.766999999999999460e+00,6.403999999999999915e+00,3.420554503952789038e-01,3.091370000000000005e+02,6.482999999999999652e+00,3.475999999999999979e+00,9.679000000000000270e+00,6.203000000000000291e+00,3.496575157758480823e-01,3.153210000000000264e+02
6.157000000000000028e+00,3.387000000000000011e+00,9.788000000000000256e+00,6.400999999999999801e+00,3.427792005344616477e-01,3.091129999999999995e+02,6.496999999999999886e+00,3.463999999999999968e+00,9.653999999999999915e+00,6.190000000000000391e+00,3.504125991046869171e-01,3.153460000000000036e+02
6.169999999999999929e+00,3.412999999999999812e+00,9.800000000000000711e+00,6.386999999999999567e+00,3.435029506736443361e-01,3.090869999999999891e+02,6.509999999999999787e+00,3.488999999999999879e+00,9.679000000000000270e+00,6.190000000000000391e+00,3.511137479100371883e-01,3.153210000000000264e+02
6.182000000000000384e+00,3.400999999999999801e+00,9.757999999999999119e+00,6.357000000000000206e+00,3.441710277251976424e-01,3.090989999999999895e+02,6.522000000000000242e+00,3.438000000000000167e+00,9.666999999999999815e+00,6.229000000000000092e+00,3.517609621918990626e-01,3.153330000000000268e+02
6.195999999999999730e+00,3.414000000000000146e+00,9.773999999999999133e+00,6.360000000000000320e+00,3.449504509520097684e-01,3.090860000000000127e+02,6.535999999999999588e+00,3.451999999999999957e+00,9.666000000000000369e+00,6.214000000000000412e+00,3.525160455207377863e-01,3.153340000000000032e+02
6.208000000000000185e+00,3.387999999999999901e+00,9.765000000000000568e+00,6.376999999999999780e+00,3.456185280035630747e-01,3.091120000000000232e+02,6.549000000000000377e+00,3.439000000000000057e+00,9.653000000000000469e+00,6.214000000000000412e+00,3.532171943260881686e-01,3.153469999999999800e+02
6.221000000000000085e+00,3.402000000000000135e+00,9.804000000000000270e+00,6.402000000000000135e+00,3.463422781427457631e-01,3.090980000000000132e+02,6.560999999999999943e+00,3.476999999999999869e+00,9.666999999999999815e+00,6.190000000000000391e+00,3.538644086079499318e-01,3.153330000000000268e+02
6.230999999999999872e+00,3.387999999999999901e+00,9.827999999999999403e+00,6.440000000000000391e+00,3.468990090190401943e-01,3.091120000000000232e+02,6.575000000000000178e+00,3.503000000000000114e+00,9.695000000000000284e+00,6.192000000000000171e+00,3.546194919367887666e-01,3.153050000000000068e+02
6.243999999999999773e+00,3.400999999999999801e+00,9.816000000000000725e+00,6.415000000000000036e+00,3.476227591582228826e-01,3.090989999999999895e+02,6.588000000000000078e+00,3.515000000000000124e+00,9.692999999999999616e+00,6.177999999999999936e+00,3.553206407421390378e-01,3.153070000000000164e+02
6.256000000000000227e+00,3.412999999999999812e+00,9.826999999999999957e+00,6.413999999999999702e+00,3.482908362097761890e-01,3.090869999999999891e+02,6.600999999999999979e+00,3.501999999999999780e+00,9.701999999999999957e+00,6.200000000000000178e+00,3.560217895474893646e-01,3.152980000000000018e+02
6.269999999999999574e+00,3.427000000000000046e+00,9.827999999999999403e+00,6.400999999999999801e+00,3.490702594365883149e-01,3.090729999999999791e+02,6.613999999999999879e+00,3.501999999999999780e+00,9.691000000000000725e+00,6.189000000000000057e+00,3.567229383528396358e-01,3.153090000000000259e+02
6.283000000000000362e+00,3.476999999999999869e+00,9.878000000000000114e+00,6.400999999999999801e+00,3.497940095757710588e-01,3.090230000000000246e+02,6.626999999999999780e+00,3.513999999999999790e+00,9.727000000000000313e+00,6.213000000000000078e+00,3.574240871581899626e-01,3.152730000000000246e+02
6.294999999999999929e+00,3.451000000000000068e+00,9.852000000000000313e+00,6.400999999999999801e+00,3.504620866273243096e-01,3.090489999999999782e+02,6.639999999999999680e+00,3.463000000000000078e+00,9.678000000000000824e+00,6.214999999999999858e+00,3.581252359635402338e-01,3.153220000000000027e+02
6.309000000000000163e+00,3.451999999999999957e+00,9.839999999999999858e+00,6.387999999999999901e+00,3.512415098541364911e-01,3.090480000000000018e+02,6.652999999999999581e+00,3.475999999999999979e+00,9.678000000000000824e+00,6.201999999999999957e+00,3.588263847688905606e-01,3.153220000000000027e+02
6.320999999999999730e+00,3.426000000000000156e+00,9.814999999999999503e+00,6.389000000000000234e+00,3.519095869056897419e-01,3.090740000000000123e+02,6.666000000000000369e+00,3.463999999999999968e+00,9.666999999999999815e+00,6.203000000000000291e+00,3.595275335742408873e-01,3.153330000000000268e+02
6.334999999999999964e+00,3.414000000000000146e+00,9.803000000000000824e+00,6.389000000000000234e+00,3.526890101325019233e-01,3.090860000000000127e+02,6.679000000000000270e+00,3.451999999999999957e+00,9.666999999999999815e+00,6.214999999999999858e+00,3.602286823795912141e-01,3.153330000000000268e+02
6.347999999999999865e+00,3.439000000000000057e+00,9.827999999999999403e+00,6.389000000000000234e+00,3.534127602716846672e-01,3.090609999999999786e+02,6.692000000000000171e+00,3.513999999999999790e+00,9.705000000000000071e+00,6.190999999999999837e+00,3.609298311849414853e-01,3.152950000000000159e+02
6.355999999999999872e+00,3.463999999999999968e+00,9.852999999999999758e+00,6.389000000000000234e+00,3.538581449727201678e-01,3.090360000000000014e+02,6.705000000000000071e+00,3.564999999999999947e+00,9.727000000000000313e+00,6.161999999999999922e+00,3.616309799902918121e-01,3.152730000000000246e+02
6.370000000000000107e+00,3.463999999999999968e+00,9.865000000000000213e+00,6.400999999999999801e+00,3.546375681995323492e-01,3.090360000000000014e+02,6.719000000000000306e+00,3.539000000000000146e+00,9.705000000000000071e+00,6.166000000000000369e+00,3.623860633191305913e-01,3.152950000000000159e+02
6.383000000000000007e+00,3.438000000000000167e+00,9.817000000000000171e+00,6.378999999999999559e+00,3.553613183387150376e-01,3.090620000000000118e+02,6.730999999999999872e+00,3.515000000000000124e+00,9.679000000000000270e+00,6.163999999999999702e+00,3.630332776009924101e-01,3.153210000000000264e+02
6.395999999999999908e+00,3.438000000000000167e+00,9.817999999999999616e+00,6.379999999999999893e+00,3.560850684778977815e-01,3.090620000000000118e+02,6.743999999999999773e+00,3.501999999999999780e+00,9.679000000000000270e+00,6.176999999999999602e+00,3.637344264063426813e-01,3.153210000000000264e+02
6.408999999999999808e+00,3.463999999999999968e+00,9.840999999999999304e+00,6.376999999999999780e+00,3.568088186170804699e-01,3.090360000000000014e+02,6.756999999999999673e+00,3.527000000000000135e+00,9.715999999999999304e+00,6.189000000000000057e+00,3.644355752116930081e-01,3.152839999999999918e+02
6.421999999999999709e+00,3.387999999999999901e+00,9.778999999999999915e+00,6.391000000000000014e+00,3.575325687562632138e-01,3.091120000000000232e+02,6.770999999999999908e+00,3.451999999999999957e+00,9.641000000000000014e+00,6.189000000000000057e+00,3.651906585405317873e-01,3.153589999999999804e+02
6.434999999999999609e+00,3.439000000000000057e+00,9.805999999999999162e+00,6.366999999999999993e+00,3.582563188954459021e-01,3.090609999999999786e+02,6.783000000000000362e+00,3.515000000000000124e+00,9.717999999999999972e+00,6.203000000000000291e+00,3.658378728223936616e-01,3.152819999999999823e+02
6.448000000000000398e+00,3.463999999999999968e+00,9.839999999999999858e+00,6.376000000000000334e+00,3.589800690346286460e-01,3.090360000000000014e+02,6.796000000000000263e+00,3.540000000000000036e+00,9.717999999999999972e+00,6.177999999999999936e+00,3.665390216277439328e-01,3.152819999999999823e+02
6.459999999999999964e+00,3.451999999999999957e+00,9.830000000000000071e+00,6.378000000000000114e+00,3.596481460861819524e-01,3.090480000000000018e+02,6.809999999999999609e+00,3.564999999999999947e+00,9.744999999999999218e+00,6.179999999999999716e+00,3.672941049565827121e-01,3.152549999999999955e+02
6.474000000000000199e+00,3.463999999999999968e+00,9.842000000000000526e+00,6.378000000000000114e+00,3.604275693129940783e-01,3.090360000000000014e+02,6.822000000000000064e+00,3.564999999999999947e+00,9.740999999999999659e+00,6.176000000000000156e+00,3.679413192384445308e-01,3.152590000000000146e+02
6.487000000000000099e+00,3.475999999999999979e+00,9.865000000000000213e+00,6.389000000000000234e+00,3.611513194521768222e-01,3.090240000000000009e+02,6.834999999999999964e+00,3.564999999999999947e+00,9.727999999999999758e+00,6.163000000000000256e+00,3.686424680437948576e-01,3.152719999999999914e+02
6.500000000000000000e+00,3.427000000000000046e+00,9.827999999999999403e+00,6.400999999999999801e+00,3.618750695913595106e-01,3.090729999999999791e+02,6.849000000000000199e+00,3.488999999999999879e+00,9.666000000000000369e+00,6.176999999999999602e+00,3.693975513726336368e-01,3.153340000000000032e+02
6.512999999999999901e+00,3.375999999999999890e+00,9.803000000000000824e+00,6.426999999999999602e+00,3.625988197305422545e-01,3.091240000000000236e+02,6.862000000000000099e+00,3.488999999999999879e+00,9.630000000000000782e+00,6.141000000000000014e+00,3.700987001779839636e-01,3.153700000000000045e+02
6.525999999999999801e+00,3.439000000000000057e+00,9.843999999999999417e+00,6.405000000000000249e+00,3.633225698697249428e-01,3.090609999999999786e+02,6.875000000000000000e+00,3.513999999999999790e+00,9.667999999999999261e+00,6.153999999999999915e+00,3.707998489833342348e-01,3.153319999999999936e+02
6.538999999999999702e+00,3.399999999999999911e+00,9.817000000000000171e+00,6.416999999999999815e+00,3.640463200089076867e-01,3.091000000000000227e+02,6.887999999999999901e+00,3.478000000000000203e+00,9.618000000000000327e+00,6.139999999999999680e+00,3.715009977886845616e-01,3.153820000000000050e+02
6.551999999999999602e+00,3.414000000000000146e+00,9.830999999999999517e+00,6.416999999999999815e+00,3.647700701480903751e-01,3.090860000000000127e+02,6.900999999999999801e+00,3.478000000000000203e+00,9.631000000000000227e+00,6.152999999999999581e+00,3.722021465940348328e-01,3.153690000000000282e+02
6.565000000000000391e+00,3.427000000000000046e+00,9.877000000000000668e+00,6.450000000000000178e+00,3.654938202872731190e-01,3.090729999999999791e+02,6.913999999999999702e+00,3.503000000000000114e+00,9.679999999999999716e+00,6.176999999999999602e+00,3.729032953993851596e-01,3.153199999999999932e+02
6.578000000000000291e+00,3.412999999999999812e+00,9.878999999999999559e+00,6.466000000000000192e+00,3.662175704264558629e-01,3.090869999999999891e+02,6.926999999999999602e+00,3.528000000000000025e+00,9.679999999999999716e+00,6.152000000000000135e+00,3.736044442047354308e-01,3.153199999999999932e+02
6.591000000000000192e+00,3.400999999999999801e+00,9.867000000000000881e+00,6.466000000000000192e+00,3.669413205656385513e-01,3.090989999999999895e+02,6.940000000000000391e+00,3.528000000000000025e+00,9.656000000000000583e+00,6.128000000000000114e+00,3.743055930100857576e-01,3.153439999999999941e+02
6.604000000000000092e+00,3.412999999999999812e+00,9.900999999999999801e+00,6.488000000000000433e+00,3.676650707048212952e-01,3.090869999999999891e+02,6.953000000000000291e+00,3.540000000000000036e+00,9.667999999999999261e+00,6.128000000000000114e+00,3.750067418154360843e-01,3.153319999999999936e+02
6.618000000000000327e+00,3.402000000000000135e+00,9.877000000000000668e+00,6.474999999999999645e+00,3.684444939316334766e-01,3.090980000000000132e+02,6.966000000000000192e+00,3.528000000000000025e+00,9.641999999999999460e+00,6.113999999999999879e+00,3.757078906207863556e-01,3.153580000000000041e+02
6.631000000000000227e+00,3.362999999999999989e+00,9.855000000000000426e+00,6.491999999999999993e+00,3.691682440708161650e-01,3.091370000000000005e+02,6.979000000000000092e+00,3.503000000000000114e+00,9.592999999999999972e+00,6.089999999999999858e+00,3.764090394261366823e-01,3.154069999999999823e+02
6.644000000000000128e+00,3.402000000000000135e+00,9.904999999999999361e+00,6.503000000000000114e+00,3.698919942099988534e-01,3.090980000000000132e+02,6.991999999999999993e+00,3.527000000000000135e+00,9.618000000000000327e+00,6.091000000000000192e+00,3.771101882314869536e-01,3.153820000000000050e+02
6.657000000000000028e+00,3.412999999999999812e+00,9.942999999999999616e+00,6.530000000000000249e+00,3.706157443491815973e-01,3.090869999999999891e+02,7.004999999999999893e+00,3.564999999999999947e+00,9.654999999999999361e+00,6.089999999999999858e+00,3.778113370368372803e-01,3.153450000000000273e+02
6.669999999999999929e+00,3.325000000000000178e+00,9.867000000000000881e+00,6.541999999999999815e+00,3.713394944883642856e-01,3.091750000000000114e+02,7.019000000000000128e+00,3.501999999999999780e+00,9.592000000000000526e+00,6.089999999999999858e+00,3.785664203656760596e-01,3.154080000000000155e+02
6.682999999999999829e+00,3.375999999999999890e+00,9.929000000000000270e+00,6.552999999999999936e+00,3.720632446275470295e-01,3.091240000000000236e+02,7.032000000000000028e+00,3.564999999999999947e+00,9.656000000000000583e+00,6.091000000000000192e+00,3.792675691710263863e-01,3.153439999999999941e+02
6.695999999999999730e+00,3.375000000000000000e+00,9.930999999999999162e+00,6.556000000000000050e+00,3.727869947667297179e-01,3.091250000000000000e+02,7.043999999999999595e+00,3.564999999999999947e+00,9.666999999999999815e+00,6.102000000000000313e+00,3.799147834528881496e-01,3.153330000000000268e+02
6.708999999999999631e+00,3.362999999999999989e+00,9.919000000000000483e+00,6.556000000000000050e+00,3.735107449059124618e-01,3.091370000000000005e+02,7.057000000000000384e+00,3.539000000000000146e+00,9.654999999999999361e+00,6.115999999999999659e+00,3.806159322582385318e-01,3.153450000000000273e+02
6.722000000000000419e+00,3.362999999999999989e+00,9.917999999999999261e+00,6.554999999999999716e+00,3.742344950450952057e-01,3.091370000000000005e+02,7.070000000000000284e+00,3.552999999999999936e+00,9.653999999999999915e+00,6.100999999999999979e+00,3.813170810635888031e-01,3.153460000000000036e+02
6.735000000000000320e+00,3.376999999999999780e+00,9.919999999999999929e+00,6.543000000000000149e+00,3.749582451842779496e-01,3.091229999999999905e+02,7.083000000000000185e+00,3.528000000000000025e+00,9.654999999999999361e+00,6.126999999999999780e+00,3.820182298689391298e-01,3.153450000000000273e+02
6.746999999999999886e+00,3.326000000000000068e+00,9.845000000000000639e+00,6.519000000000000128e+00,3.756263222358312004e-01,3.091739999999999782e+02,7.096000000000000085e+00,3.478000000000000203e+00,9.592000000000000526e+00,6.113999999999999879e+00,3.827193786742894011e-01,3.154080000000000155e+02
6.759999999999999787e+00,3.363999999999999879e+00,9.882999999999999119e+00,6.519000000000000128e+00,3.763500723750138888e-01,3.091360000000000241e+02,7.110000000000000320e+00,3.464999999999999858e+00,9.582000000000000739e+00,6.116999999999999993e+00,3.834744620031282358e-01,3.154180000000000064e+02
6.772999999999999687e+00,3.414000000000000146e+00,9.944000000000000838e+00,6.530000000000000249e+00,3.770738225141966327e-01,3.090860000000000127e+02,7.121999999999999886e+00,3.552999999999999936e+00,9.656000000000000583e+00,6.102999999999999758e+00,3.841216762849899991e-01,3.153439999999999941e+02
6.786999999999999922e+00,3.362999999999999989e+00,9.907000000000000028e+00,6.543999999999999595e+00,3.778532457410087586e-01,3.091370000000000005e+02,7.136000000000000121e+00,3.515000000000000124e+00,9.618000000000000327e+00,6.102999999999999758e+00,3.848767596138288338e-01,3.153820000000000050e+02
6.799999999999999822e+00,3.338000000000000078e+00,9.894000000000000128e+00,6.556000000000000050e+00,3.785769958801915025e-01,3.091619999999999777e+02,7.149000000000000021e+00,3.513999999999999790e+00,9.617000000000000881e+00,6.102999999999999758e+00,3.855779084191791051e-01,3.153829999999999814e+02
6.812999999999999723e+00,3.337000000000000188e+00,9.878999999999999559e+00,6.541999999999999815e+00,3.793007460193741909e-01,3.091630000000000109e+02,7.160999999999999588e+00,3.539000000000000146e+00,9.641000000000000014e+00,6.102000000000000313e+00,3.862251227010409238e-01,3.153589999999999804e+02
6.825999999999999623e+00,3.338000000000000078e+00,9.878999999999999559e+00,6.541000000000000369e+00,3.800244961585569348e-01,3.091619999999999777e+02,7.174999999999999822e+00,3.528000000000000025e+00,9.641000000000000014e+00,6.113000000000000433e+00,3.869802060298797031e-01,3.153589999999999804e+02
6.839000000000000412e+00,3.338000000000000078e+00,9.868000000000000327e+00,6.530000000000000249e+00,3.807482462977396787e-01,3.091619999999999777e+02,7.187999999999999723e+00,3.476999999999999869e+00,9.593999999999999417e+00,6.116999999999999993e+00,3.876813548352300298e-01,3.154060000000000059e+02
6.852000000000000313e+00,3.362999999999999989e+00,9.906000000000000583e+00,6.543000000000000149e+00,3.814719964369224225e-01,3.091370000000000005e+02,7.200999999999999623e+00,3.488999999999999879e+00,9.628999999999999559e+00,6.139999999999999680e+00,3.883825036405803011e-01,3.153709999999999809e+02
6.865000000000000213e+00,3.338000000000000078e+00,9.880000000000000782e+00,6.541999999999999815e+00,3.821957465761051109e-01,3.091619999999999777e+02,7.214000000000000412e+00,3.478000000000000203e+00,9.595000000000000639e+00,6.116999999999999993e+00,3.890836524459306833e-01,3.154049999999999727e+02
6.878000000000000114e+00,3.353000000000000203e+00,9.868999999999999773e+00,6.516000000000000014e+00,3.829194967152877993e-01,3.091469999999999914e+02,7.227000000000000313e+00,3.490000000000000213e+00,9.582000000000000739e+00,6.091999999999999638e+00,3.897848012512809546e-01,3.154180000000000064e+02
6.891000000000000014e+00,3.402000000000000135e+00,9.919000000000000483e+00,6.517000000000000348e+00,3.836432468544705432e-01,3.090980000000000132e+02,7.240000000000000213e+00,3.515000000000000124e+00,9.608000000000000540e+00,6.092999999999999972e+00,3.904859500566312813e-01,3.153919999999999959e+02
6.903999999999999915e+00,3.387999999999999901e+00,9.907000000000000028e+00,6.519000000000000128e+00,3.843669969936532316e-01,3.091120000000000232e+02,7.253000000000000114e+00,3.565999999999999837e+00,9.632999999999999119e+00,6.067000000000000171e+00,3.911870988619815526e-01,3.153670000000000186e+02
6.918000000000000149e+00,3.338000000000000078e+00,9.846000000000000085e+00,6.508000000000000007e+00,3.851464202204654130e-01,3.091619999999999777e+02,7.266000000000000014e+00,3.501999999999999780e+00,9.567000000000000171e+00,6.065000000000000391e+00,3.918882476673318793e-01,3.154329999999999927e+02
6.931000000000000050e+00,3.338000000000000078e+00,9.868000000000000327e+00,6.530000000000000249e+00,3.858701703596481569e-01,3.091619999999999777e+02,7.278999999999999915e+00,3.515000000000000124e+00,9.617000000000000881e+00,6.102000000000000313e+00,3.925893964726821506e-01,3.153829999999999814e+02
6.943999999999999950e+00,3.299999999999999822e+00,9.819000000000000838e+00,6.519000000000000128e+00,3.865939204988308453e-01,3.091999999999999886e+02,7.291999999999999815e+00,3.478000000000000203e+00,9.590999999999999304e+00,6.113000000000000433e+00,3.932905452780324773e-01,3.154089999999999918e+02
6.956999999999999851e+00,3.311999999999999833e+00,9.842000000000000526e+00,6.530000000000000249e+00,3.873176706380135892e-01,3.091879999999999882e+02,7.304999999999999716e+00,3.439000000000000057e+00,9.554999999999999716e+00,6.115999999999999659e+00,3.939916940833827486e-01,3.154449999999999932e+02
6.969999999999999751e+00,3.325000000000000178e+00,9.855000000000000426e+00,6.530000000000000249e+00,3.880414207771962776e-01,3.091750000000000114e+02,7.317999999999999616e+00,3.438000000000000167e+00,9.577999999999999403e+00,6.139999999999999680e+00,3.946928428887330753e-01,3.154220000000000255e+02
6.982999999999999652e+00,3.350999999999999979e+00,9.894000000000000128e+00,6.543000000000000149e+00,3.887651709163789659e-01,3.091490000000000009e+02,7.331999999999999851e+00,3.463999999999999968e+00,9.592000000000000526e+00,6.128000000000000114e+00,3.954479262175718546e-01,3.154080000000000155e+02
6.996000000000000441e+00,3.301000000000000156e+00,9.855000000000000426e+00,6.554000000000000270e+00,3.894889210555617653e-01,3.091990000000000123e+02,7.344000000000000306e+00,3.414000000000000146e+00,9.569000000000000838e+00,6.155000000000000249e+00,3.960951404994337288e-01,3.154309999999999832e+02
7.009000000000000341e+00,3.350999999999999979e+00,9.945000000000000284e+00,6.594000000000000306e+00,3.902126711947444537e-01,3.091490000000000009e+02,7.357999999999999652e+00,3.426000000000000156e+00,9.603999999999999204e+00,6.177999999999999936e+00,3.968502238282724526e-01,3.153960000000000150e+02
7.022000000000000242e+00,3.362999999999999989e+00,9.941000000000000725e+00,6.578000000000000291e+00,3.909364213339271976e-01,3.091370000000000005e+02,7.370000000000000107e+00,3.515000000000000124e+00,9.705999999999999517e+00,6.190999999999999837e+00,3.974974381101343268e-01,3.152939999999999827e+02
7.035000000000000142e+00,3.313000000000000167e+00,9.894999999999999574e+00,6.581999999999999851e+00,3.916601714731098860e-01,3.091870000000000118e+02,7.384000000000000341e+00,3.463999999999999968e+00,9.631000000000000227e+00,6.166999999999999815e+00,3.982525214389731061e-01,3.153690000000000282e+02
7.048000000000000043e+00,3.313000000000000167e+00,9.880000000000000782e+00,6.567000000000000171e+00,3.923839216122926299e-01,3.091870000000000118e+02,7.397000000000000242e+00,3.452999999999999847e+00,9.618999999999999773e+00,6.166000000000000369e+00,3.989536702443234328e-01,3.153809999999999718e+02
7.060999999999999943e+00,3.299999999999999822e+00,9.878999999999999559e+00,6.578999999999999737e+00,3.931076717514753183e-01,3.091999999999999886e+02,7.408999999999999808e+00,3.463999999999999968e+00,9.640000000000000568e+00,6.176000000000000156e+00,3.996008845261851961e-01,3.153600000000000136e+02
7.073999999999999844e+00,3.275999999999999801e+00,9.855000000000000426e+00,6.578999999999999737e+00,3.938314218906580066e-01,3.092239999999999895e+02,7.421999999999999709e+00,3.451999999999999957e+00,9.641000000000000014e+00,6.189000000000000057e+00,4.003020333315355228e-01,3.153589999999999804e+02
7.086999999999999744e+00,3.286999999999999922e+00,9.880000000000000782e+00,6.592999999999999972e+00,3.945551720298407505e-01,3.092130000000000223e+02,7.434999999999999609e+00,3.439000000000000057e+00,9.603999999999999204e+00,6.165000000000000036e+00,4.010031821368857941e-01,3.153960000000000150e+02
7.099999999999999645e+00,3.326000000000000068e+00,9.917999999999999261e+00,6.591999999999999638e+00,3.952789221690234389e-01,3.091739999999999782e+02,7.448999999999999844e+00,3.463999999999999968e+00,9.617000000000000881e+00,6.152999999999999581e+00,4.017582654657246288e-01,3.153829999999999814e+02
7.113000000000000433e+00,3.301000000000000156e+00,9.917999999999999261e+00,6.616999999999999993e+00,3.960026723082062383e-01,3.091990000000000123e+02,7.461999999999999744e+00,3.476999999999999869e+00,9.641999999999999460e+00,6.165000000000000036e+00,4.024594142710749001e-01,3.153580000000000041e+02
7.126000000000000334e+00,3.326000000000000068e+00,9.955000000000000071e+00,6.628999999999999559e+00,3.967264224473889267e-01,3.091739999999999782e+02,7.474999999999999645e+00,3.463999999999999968e+00,9.630000000000000782e+00,6.166000000000000369e+00,4.031605630764252268e-01,3.153700000000000045e+02
7.139000000000000234e+00,3.375999999999999890e+00,1.000600000000000023e+01,6.629999999999999893e+00,3.974501725865716706e-01,3.091240000000000236e+02,7.488000000000000433e+00,3.488999999999999879e+00,9.654999999999999361e+00,6.166000000000000369e+00,4.038617118817755536e-01,3.153450000000000273e+02
7.152000000000000135e+00,3.325000000000000178e+00,9.942000000000000171e+00,6.616999999999999993e+00,3.981739227257543590e-01,3.091750000000000114e+02,7.501000000000000334e+00,3.513999999999999790e+00,9.679000000000000270e+00,6.165000000000000036e+00,4.045628606871258248e-01,3.153210000000000264e+02
7.165000000000000036e+00,3.274999999999999911e+00,9.868000000000000327e+00,6.592999999999999972e+00,3.988976728649371029e-01,3.092250000000000227e+02,7.514000000000000234e+00,3.463999999999999968e+00,9.627000000000000668e+00,6.163000000000000256e+00,4.052640094924761516e-01,3.153729999999999905e+02
7.177999999999999936e+00,3.286000000000000032e+00,9.913000000000000256e+00,6.626999999999999780e+00,3.996214230041197912e-01,3.092139999999999986e+02,7.527000000000000135e+00,3.476999999999999869e+00,9.637999999999999901e+00,6.160999999999999588e+00,4.059651582978264228e-01,3.153620000000000232e+02
7.190999999999999837e+00,3.286000000000000032e+00,9.888999999999999346e+00,6.602999999999999758e+00,4.003451731433024796e-01,3.092139999999999986e+02,7.540000000000000036e+00,3.475999999999999979e+00,9.627000000000000668e+00,6.150999999999999801e+00,4.066663071031767496e-01,3.153729999999999905e+02
7.205000000000000071e+00,3.286999999999999922e+00,9.877000000000000668e+00,6.589999999999999858e+00,4.011245963701146611e-01,3.092130000000000223e+02,7.552999999999999936e+00,3.450000000000000178e+00,9.602999999999999758e+00,6.152999999999999581e+00,4.073674559085270208e-01,3.153969999999999914e+02
7.216999999999999638e+00,3.286000000000000032e+00,9.903999999999999915e+00,6.618000000000000327e+00,4.017926734216679119e-01,3.092139999999999986e+02,7.565999999999999837e+00,3.476999999999999869e+00,9.627000000000000668e+00,6.150000000000000355e+00,4.080686047138773476e-01,3.153729999999999905e+02
7.230000000000000426e+00,3.311999999999999833e+00,9.942000000000000171e+00,6.629999999999999893e+00,4.025164235608507113e-01,3.091879999999999882e+02,7.580000000000000071e+00,3.488999999999999879e+00,9.666999999999999815e+00,6.177999999999999936e+00,4.088236880427161268e-01,3.153330000000000268e+02
7.243999999999999773e+00,3.286999999999999922e+00,9.880000000000000782e+00,6.592999999999999972e+00,4.032958467876628372e-01,3.092130000000000223e+02,7.591999999999999638e+00,3.476999999999999869e+00,9.641999999999999460e+00,6.165000000000000036e+00,4.094709023245779456e-01,3.153580000000000041e+02
7.256999999999999673e+00,3.338000000000000078e+00,9.929999999999999716e+00,6.591999999999999638e+00,4.040195969268455256e-01,3.091619999999999777e+02,7.605000000000000426e+00,3.451000000000000068e+00,9.615999999999999659e+00,6.165000000000000036e+00,4.101720511299282723e-01,3.153840000000000146e+02
7.269000000000000128e+00,3.375999999999999890e+00,9.942000000000000171e+00,6.565999999999999837e+00,4.046876739783988319e-01,3.091240000000000236e+02,7.618000000000000327e+00,3.527000000000000135e+00,9.679000000000000270e+00,6.152000000000000135e+00,4.108731999352785991e-01,3.153210000000000264e+02
7.283000000000000362e+00,3.323999999999999844e+00,9.900999999999999801e+00,6.576999999999999957e+00,4.054670972052110134e-01,3.091759999999999877e+02,7.631000000000000227e+00,3.527000000000000135e+00,9.663999999999999702e+00,6.136999999999999567e+00,4.115743487406288703e-01,3.153360000000000127e+02
7.294999999999999929e+00,3.311999999999999833e+00,9.875000000000000000e+00,6.562999999999999723e+00,4.061351742567642642e-01,3.091879999999999882e+02,7.644999999999999574e+00,3.463000000000000078e+00,9.612999999999999545e+00,6.150000000000000355e+00,4.123294320694676496e-01,3.153870000000000005e+02
7.309000000000000163e+00,3.335999999999999854e+00,9.888999999999999346e+00,6.552999999999999936e+00,4.069145974835764457e-01,3.091639999999999873e+02,7.657000000000000028e+00,3.487999999999999989e+00,9.599000000000000199e+00,6.110999999999999766e+00,4.129766463513294683e-01,3.154010000000000105e+02
7.320999999999999730e+00,3.310999999999999943e+00,9.887000000000000455e+00,6.575999999999999623e+00,4.075826745351296965e-01,3.091890000000000214e+02,7.669999999999999929e+00,3.475000000000000089e+00,9.614000000000000767e+00,6.139000000000000234e+00,4.136777951566797951e-01,3.153860000000000241e+02
7.334999999999999964e+00,3.349000000000000199e+00,9.901999999999999247e+00,6.552999999999999936e+00,4.083620977619418779e-01,3.091510000000000105e+02,7.684000000000000163e+00,3.451000000000000068e+00,9.587999999999999190e+00,6.136999999999999567e+00,4.144328784855185743e-01,3.154119999999999777e+02
7.347999999999999865e+00,3.387000000000000011e+00,9.939000000000000057e+00,6.551999999999999602e+00,4.090858479011245663e-01,3.091129999999999995e+02,7.697000000000000064e+00,3.463000000000000078e+00,9.615000000000000213e+00,6.152000000000000135e+00,4.151340272908689011e-01,3.153849999999999909e+02
7.360999999999999766e+00,3.375000000000000000e+00,9.916999999999999815e+00,6.541999999999999815e+00,4.098095980403073102e-01,3.091250000000000000e+02,7.709999999999999964e+00,3.488999999999999879e+00,9.628999999999999559e+00,6.139999999999999680e+00,4.158351760962191723e-01,3.153709999999999809e+02
7.373999999999999666e+00,3.375999999999999890e+00,9.914999999999999147e+00,6.538999999999999702e+00,4.105333481794899986e-01,3.091240000000000236e+02,7.722000000000000419e+00,3.488999999999999879e+00,9.628999999999999559e+00,6.139999999999999680e+00,4.164823903780810466e-01,3.153709999999999809e+02
7.386999999999999567e+00,3.426000000000000156e+00,9.964999999999999858e+00,6.538999999999999702e+00,4.112570983186727425e-01,3.090740000000000123e+02,7.735000000000000320e+00,3.463999999999999968e+00,9.641000000000000014e+00,6.176999999999999602e+00,4.171835391834313178e-01,3.153589999999999804e+02
7.400000000000000355e+00,3.426000000000000156e+00,9.951000000000000512e+00,6.525000000000000355e+00,4.119808484578554864e-01,3.090740000000000123e+02,7.748999999999999666e+00,3.488999999999999879e+00,9.679000000000000270e+00,6.190000000000000391e+00,4.179386225122700971e-01,3.153210000000000264e+02
7.413000000000000256e+00,3.323999999999999844e+00,9.839000000000000412e+00,6.514999999999999680e+00,4.127045985970381747e-01,3.091759999999999877e+02,7.761999999999999567e+00,3.451999999999999957e+00,9.653000000000000469e+00,6.200999999999999623e+00,4.186397713176203683e-01,3.153469999999999800e+02
7.426000000000000156e+00,3.362000000000000099e+00,9.852000000000000313e+00,6.490000000000000213e+00,4.134283487362209186e-01,3.091379999999999768e+02,7.775000000000000355e+00,3.387000000000000011e+00,9.589999999999999858e+00,6.203000000000000291e+00,4.193409201229707506e-01,3.154100000000000250e+02
7.439000000000000057e+00,3.411999999999999922e+00,9.901999999999999247e+00,6.490000000000000213e+00,4.141520988754036070e-01,3.090880000000000223e+02,7.788000000000000256e+00,3.411999999999999922e+00,9.602000000000000313e+00,6.190000000000000391e+00,4.200420689283210218e-01,3.153980000000000246e+02
7.451999999999999957e+00,3.375000000000000000e+00,9.890000000000000568e+00,6.514999999999999680e+00,4.148758490145863509e-01,3.091250000000000000e+02,7.801000000000000156e+00,3.438000000000000167e+00,9.615999999999999659e+00,6.177999999999999936e+00,4.207432177336713486e-01,3.153840000000000146e+02
7.466000000000000192e+00,3.362000000000000099e+00,9.878000000000000114e+00,6.516000000000000014e+00,4.156552722413984768e-01,3.091379999999999768e+02,7.814000000000000057e+00,3.412999999999999812e+00,9.602999999999999758e+00,6.190000000000000391e+00,4.214443665390216198e-01,3.153969999999999914e+02
7.477999999999999758e+00,3.426000000000000156e+00,9.942000000000000171e+00,6.516000000000000014e+00,4.163233492929517832e-01,3.090740000000000123e+02,7.826999999999999957e+00,3.426000000000000156e+00,9.627000000000000668e+00,6.200999999999999623e+00,4.221455153443719466e-01,3.153729999999999905e+02
7.490999999999999659e+00,3.387999999999999901e+00,9.903000000000000469e+00,6.514999999999999680e+00,4.170470994321344715e-01,3.091120000000000232e+02,7.839999999999999858e+00,3.451999999999999957e+00,9.678000000000000824e+00,6.225999999999999979e+00,4.228466641497222178e-01,3.153220000000000027e+02
7.503999999999999559e+00,3.350000000000000089e+00,9.901999999999999247e+00,6.551999999999999602e+00,4.177708495713171599e-01,3.091499999999999773e+02,7.854000000000000092e+00,3.412999999999999812e+00,9.641999999999999460e+00,6.229000000000000092e+00,4.236017474785610526e-01,3.153580000000000041e+02
7.517999999999999794e+00,3.411999999999999922e+00,9.964000000000000412e+00,6.551999999999999602e+00,4.185502727981293414e-01,3.090880000000000223e+02,7.866999999999999993e+00,3.400999999999999801e+00,9.630000000000000782e+00,6.229000000000000092e+00,4.243028962839113238e-01,3.153700000000000045e+02
7.530000000000000249e+00,3.387000000000000011e+00,9.948999999999999844e+00,6.562000000000000277e+00,4.192183498496826477e-01,3.091129999999999995e+02,7.879999999999999893e+00,3.438000000000000167e+00,9.666000000000000369e+00,6.227999999999999758e+00,4.250040450892616506e-01,3.153340000000000032e+02
7.543999999999999595e+00,3.350000000000000089e+00,9.923999999999999488e+00,6.573999999999999844e+00,4.199977730764947736e-01,3.091499999999999773e+02,7.892000000000000348e+00,3.387000000000000011e+00,9.615999999999999659e+00,6.229000000000000092e+00,4.256512593711234693e-01,3.153840000000000146e+02
7.557000000000000384e+00,3.387000000000000011e+00,9.974999999999999645e+00,6.588000000000000078e+00,4.207215232156775730e-01,3.091129999999999995e+02,7.905000000000000249e+00,3.350000000000000089e+00,9.551999999999999602e+00,6.201999999999999957e+00,4.263524081764737961e-01,3.154479999999999791e+02
7.570000000000000284e+00,3.412999999999999812e+00,1.000000000000000000e+01,6.586999999999999744e+00,4.214452733548602614e-01,3.090869999999999891e+02,7.918000000000000149e+00,3.387000000000000011e+00,9.614000000000000767e+00,6.227000000000000313e+00,4.270535569818240673e-01,3.153860000000000241e+02
7.581999999999999851e+00,3.387999999999999901e+00,9.964000000000000412e+00,6.575999999999999623e+00,4.221133504064135122e-01,3.091120000000000232e+02,7.931000000000000050e+00,3.399999999999999911e+00,9.640000000000000568e+00,6.240000000000000213e+00,4.277547057871743941e-01,3.153600000000000136e+02
7.596000000000000085e+00,3.452999999999999847e+00,1.001500000000000057e+01,6.562000000000000277e+00,4.228927736332256937e-01,3.090470000000000255e+02,7.943999999999999950e+00,3.399999999999999911e+00,9.653000000000000469e+00,6.253000000000000114e+00,4.284558545925246653e-01,3.153469999999999800e+02
7.608999999999999986e+00,3.426000000000000156e+00,9.965999999999999304e+00,6.540000000000000036e+00,4.236165237724083821e-01,3.090740000000000123e+02,7.958000000000000185e+00,3.463999999999999968e+00,9.704000000000000625e+00,6.240000000000000213e+00,4.292109379213635001e-01,3.152959999999999923e+02
7.621999999999999886e+00,3.362999999999999989e+00,9.891999999999999460e+00,6.528999999999999915e+00,4.243402739115911260e-01,3.091370000000000005e+02,7.969999999999999751e+00,3.463999999999999968e+00,9.715999999999999304e+00,6.251999999999999780e+00,4.298581522032252633e-01,3.152839999999999918e+02
7.634999999999999787e+00,3.350999999999999979e+00,9.901999999999999247e+00,6.551000000000000156e+00,4.250640240507738143e-01,3.091490000000000009e+02,7.982999999999999652e+00,3.412999999999999812e+00,9.689999999999999503e+00,6.277000000000000135e+00,4.305593010085755901e-01,3.153100000000000023e+02
7.647999999999999687e+00,3.387999999999999901e+00,9.914999999999999147e+00,6.527000000000000135e+00,4.257877741899565582e-01,3.091120000000000232e+02,7.996999999999999886e+00,3.387000000000000011e+00,9.676999999999999602e+00,6.290000000000000036e+00,4.313143843374143693e-01,3.153229999999999791e+02
7.660999999999999588e+00,3.311999999999999833e+00,9.849000000000000199e+00,6.536999999999999922e+00,4.265115243291392466e-01,3.091879999999999882e+02,8.009000000000000341e+00,3.412999999999999812e+00,9.689000000000000057e+00,6.275999999999999801e+00,4.319615986192762436e-01,3.153109999999999786e+02
7.674000000000000377e+00,3.310999999999999943e+00,9.862999999999999545e+00,6.551999999999999602e+00,4.272352744683220460e-01,3.091890000000000214e+02,8.022999999999999687e+00,3.349000000000000199e+00,9.650000000000000355e+00,6.301000000000000156e+00,4.327166819481149673e-01,3.153500000000000227e+02
7.687000000000000277e+00,3.374000000000000110e+00,9.900000000000000355e+00,6.525999999999999801e+00,4.279590246075047344e-01,3.091259999999999764e+02,8.035999999999999588e+00,3.337000000000000188e+00,9.663000000000000256e+00,6.325999999999999623e+00,4.334178307534652941e-01,3.153369999999999891e+02
7.700000000000000178e+00,3.362000000000000099e+00,9.914999999999999147e+00,6.552999999999999936e+00,4.286827747466874228e-01,3.091379999999999768e+02,8.048000000000000043e+00,3.362000000000000099e+00,9.712999999999999190e+00,6.350999999999999979e+00,4.340650450353271128e-01,3.152869999999999777e+02
7.713000000000000078e+00,3.323999999999999844e+00,9.877000000000000668e+00,6.552999999999999936e+00,4.294065248858701667e-01,3.091759999999999877e+02,8.060999999999999943e+00,3.387000000000000011e+00,9.717000000000000526e+00,6.330000000000000071e+00,4.347661938406774396e-01,3.152830000000000155e+02
7.725999999999999979e+00,3.337000000000000188e+00,9.891000000000000014e+00,6.554000000000000270e+00,4.301302750250528550e-01,3.091630000000000109e+02,8.074999999999999289e+00,3.375999999999999890e+00,9.727999999999999758e+00,6.352000000000000313e+00,4.355212771695161633e-01,3.152719999999999914e+02
7.738999999999999879e+00,3.337000000000000188e+00,9.887999999999999901e+00,6.551000000000000156e+00,4.308540251642355989e-01,3.091630000000000109e+02,8.087999999999999190e+00,3.400999999999999801e+00,9.727999999999999758e+00,6.326999999999999957e+00,4.362224259748664901e-01,3.152719999999999914e+02
7.751999999999999780e+00,3.286999999999999922e+00,9.839999999999999858e+00,6.552999999999999936e+00,4.315777753034182873e-01,3.092130000000000223e+02,8.101000000000000867e+00,3.375999999999999890e+00,9.715999999999999304e+00,6.339999999999999858e+00,4.369235747802168723e-01,3.152839999999999918e+02
7.764999999999999680e+00,3.337000000000000188e+00,9.903000000000000469e+00,6.565999999999999837e+00,4.323015254426010312e-01,3.091630000000000109e+02,8.114000000000000767e+00,3.338000000000000078e+00,9.653000000000000469e+00,6.315000000000000391e+00,4.376247235855671436e-01,3.153469999999999800e+02
7.777999999999999581e+00,3.350000000000000089e+00,9.887999999999999901e+00,6.538000000000000256e+00,4.330252755817837196e-01,3.091499999999999773e+02,8.127000000000000668e+00,3.337000000000000188e+00,9.666000000000000369e+00,6.328999999999999737e+00,4.383258723909174703e-01,3.153340000000000032e+02
7.791000000000000369e+00,3.298000000000000043e+00,9.839000000000000412e+00,6.541000000000000369e+00,4.337490257209664635e-01,3.092019999999999982e+02,8.140000000000000568e+00,3.322999999999999954e+00,9.663000000000000256e+00,6.339999999999999858e+00,4.390270211962677416e-01,3.153369999999999891e+02
7.804999999999999716e+00,3.298999999999999932e+00,9.875000000000000000e+00,6.575999999999999623e+00,4.345284489477785894e-01,3.092010000000000218e+02,8.153999999999999915e+00,3.286000000000000032e+00,9.587999999999999190e+00,6.301999999999999602e+00,4.397821045251065208e-01,3.154119999999999777e+02
7.817999999999999616e+00,3.349000000000000199e+00,9.923999999999999488e+00,6.575000000000000178e+00,4.352521990869613333e-01,3.091510000000000105e+02,8.166000000000000369e+00,3.274000000000000021e+00,9.539999999999999147e+00,6.266000000000000014e+00,4.404293188069683396e-01,3.154599999999999795e+02
7.831000000000000405e+00,3.310999999999999943e+00,9.874000000000000554e+00,6.562999999999999723e+00,4.359759492261440772e-01,3.091890000000000214e+02,8.179999999999999716e+00,3.350000000000000089e+00,9.615999999999999659e+00,6.266000000000000014e+00,4.411844021358071188e-01,3.153840000000000146e+02
7.844000000000000306e+00,3.335999999999999854e+00,9.888999999999999346e+00,6.552999999999999936e+00,4.366996993653268211e-01,3.091639999999999873e+02,8.192000000000000171e+00,3.375000000000000000e+00,9.638999999999999346e+00,6.264000000000000234e+00,4.418316164176689376e-01,3.153609999999999900e+02
7.857000000000000206e+00,3.375000000000000000e+00,9.900000000000000355e+00,6.525000000000000355e+00,4.374234495045095095e-01,3.091250000000000000e+02,8.205000000000000071e+00,3.375000000000000000e+00,9.625999999999999446e+00,6.251000000000000334e+00,4.425327652230192643e-01,3.153740000000000236e+02
7.870000000000000107e+00,3.325000000000000178e+00,9.839000000000000412e+00,6.514000000000000234e+00,4.381471996436922534e-01,3.091750000000000114e+02,8.217999999999999972e+00,3.400999999999999801e+00,9.638999999999999346e+00,6.238000000000000433e+00,4.432339140283695356e-01,3.153609999999999900e+02
7.883000000000000007e+00,3.298999999999999932e+00,9.836999999999999744e+00,6.538000000000000256e+00,4.388709497828749417e-01,3.092010000000000218e+02,8.231999999999999318e+00,3.375000000000000000e+00,9.576000000000000512e+00,6.200999999999999623e+00,4.439889973572083148e-01,3.154239999999999782e+02
7.895999999999999908e+00,3.335999999999999854e+00,9.897999999999999687e+00,6.562000000000000277e+00,4.395946999220576301e-01,3.091639999999999873e+02,8.243999999999999773e+00,3.325000000000000178e+00,9.537000000000000810e+00,6.211999999999999744e+00,4.446362116390701336e-01,3.154630000000000223e+02
7.908999999999999808e+00,3.322999999999999954e+00,9.874000000000000554e+00,6.551000000000000156e+00,4.403184500612403740e-01,3.091770000000000209e+02,8.257999999999999119e+00,3.350000000000000089e+00,9.548999999999999488e+00,6.198999999999999844e+00,4.453912949679089128e-01,3.154510000000000218e+02
7.921999999999999709e+00,3.259999999999999787e+00,9.810999999999999943e+00,6.551000000000000156e+00,4.410422002004230624e-01,3.092400000000000091e+02,8.269999999999999574e+00,3.375000000000000000e+00,9.561999999999999389e+00,6.187000000000000277e+00,4.460385092497707871e-01,3.154379999999999882e+02
7.934999999999999609e+00,3.310999999999999943e+00,9.897999999999999687e+00,6.586999999999999744e+00,4.417659503396058063e-01,3.091890000000000214e+02,8.282999999999999474e+00,3.322999999999999954e+00,9.499000000000000554e+00,6.176000000000000156e+00,4.467396580551210583e-01,3.155009999999999764e+02
7.947000000000000064e+00,3.350000000000000089e+00,9.913999999999999702e+00,6.564000000000000057e+00,4.424340273911591126e-01,3.091499999999999773e+02,8.297000000000000597e+00,3.325000000000000178e+00,9.513999999999999346e+00,6.189000000000000057e+00,4.474947413839598931e-01,3.154859999999999900e+02
7.959999999999999964e+00,3.325000000000000178e+00,9.900000000000000355e+00,6.575000000000000178e+00,4.431577775303418010e-01,3.091750000000000114e+02,8.308999999999999275e+00,3.387000000000000011e+00,9.539999999999999147e+00,6.152999999999999581e+00,4.481419556658216563e-01,3.154599999999999795e+02
7.974000000000000199e+00,3.325000000000000178e+00,9.887000000000000455e+00,6.562000000000000277e+00,4.439372007571539824e-01,3.091750000000000114e+02,8.321999999999999176e+00,3.374000000000000110e+00,9.550000000000000711e+00,6.176000000000000156e+00,4.488431044711719831e-01,3.154499999999999886e+02
7.987000000000000099e+00,3.349000000000000199e+00,9.910000000000000142e+00,6.560999999999999943e+00,4.446609508963367263e-01,3.091510000000000105e+02,8.336000000000000298e+00,3.361000000000000210e+00,9.525999999999999801e+00,6.165000000000000036e+00,4.495981878000108178e-01,3.154739999999999895e+02
8.000999999999999446e+00,3.285000000000000142e+00,9.846999999999999531e+00,6.562000000000000277e+00,4.454403741231487968e-01,3.092149999999999750e+02,8.349000000000000199e+00,3.375000000000000000e+00,9.548999999999999488e+00,6.174000000000000377e+00,4.502993366053610891e-01,3.154510000000000218e+02
8.012999999999999901e+00,3.273000000000000131e+00,9.835000000000000853e+00,6.562000000000000277e+00,4.461084511747021031e-01,3.092269999999999754e+02,8.362000000000000099e+00,3.335999999999999854e+00,9.512000000000000455e+00,6.176000000000000156e+00,4.510004854107114158e-01,3.154879999999999995e+02
8.025999999999999801e+00,3.334999999999999964e+00,9.910000000000000142e+00,6.575000000000000178e+00,4.468322013138848470e-01,3.091650000000000205e+02,8.375000000000000000e+00,3.285000000000000142e+00,9.483000000000000540e+00,6.198000000000000398e+00,4.517016342160616871e-01,3.155169999999999959e+02
8.038999999999999702e+00,3.347999999999999865e+00,9.897000000000000242e+00,6.549000000000000377e+00,4.475559514530675354e-01,3.091519999999999868e+02,8.387999999999999901e+00,3.322999999999999954e+00,9.521000000000000796e+00,6.198000000000000398e+00,4.524027830214120138e-01,3.154789999999999850e+02
8.051999999999999602e+00,3.310999999999999943e+00,9.871999999999999886e+00,6.560999999999999943e+00,4.482797015922502792e-01,3.091890000000000214e+02,8.400999999999999801e+00,3.361000000000000210e+00,9.560999999999999943e+00,6.200000000000000178e+00,4.531039318267622851e-01,3.154390000000000214e+02
8.066000000000000725e+00,3.350000000000000089e+00,9.897999999999999687e+00,6.548000000000000043e+00,4.490591248190625162e-01,3.091499999999999773e+02,8.413999999999999702e+00,3.335999999999999854e+00,9.561999999999999389e+00,6.225999999999999979e+00,4.538050806321126118e-01,3.154379999999999882e+02
8.079000000000000625e+00,3.361000000000000210e+00,9.887000000000000455e+00,6.525999999999999801e+00,4.497828749582452046e-01,3.091390000000000100e+02,8.426999999999999602e+00,3.310000000000000053e+00,9.561999999999999389e+00,6.251999999999999780e+00,4.545062294374628831e-01,3.154379999999999882e+02
8.092000000000000526e+00,3.323999999999999844e+00,9.839000000000000412e+00,6.514999999999999680e+00,4.505066250974278930e-01,3.091759999999999877e+02,8.439999999999999503e+00,3.349000000000000199e+00,9.612000000000000099e+00,6.262999999999999901e+00,4.552073782428132098e-01,3.153879999999999768e+02
8.103999999999999204e+00,3.361000000000000210e+00,9.849999999999999645e+00,6.488999999999999879e+00,4.511747021489811438e-01,3.091390000000000100e+02,8.452999999999999403e+00,3.335999999999999854e+00,9.586999999999999744e+00,6.251000000000000334e+00,4.559085270481634811e-01,3.154130000000000109e+02
8.118000000000000327e+00,3.347999999999999865e+00,9.823000000000000398e+00,6.474999999999999645e+00,4.519541253757933252e-01,3.091519999999999868e+02,8.467000000000000526e+00,3.310000000000000053e+00,9.586000000000000298e+00,6.275999999999999801e+00,4.566636103770023714e-01,3.154139999999999873e+02
8.130000000000000782e+00,3.334999999999999964e+00,9.771000000000000796e+00,6.435999999999999943e+00,4.526222024273466316e-01,3.091650000000000205e+02,8.480000000000000426e+00,3.310999999999999943e+00,9.599000000000000199e+00,6.288000000000000256e+00,4.573647591823526426e-01,3.154010000000000105e+02
8.144000000000000128e+00,3.359999999999999876e+00,9.785000000000000142e+00,6.424999999999999822e+00,4.534016256541587575e-01,3.091399999999999864e+02,8.492000000000000881e+00,3.271999999999999797e+00,9.598000000000000753e+00,6.325999999999999623e+00,4.580119734642145168e-01,3.154019999999999868e+02
8.157000000000000028e+00,3.435999999999999943e+00,9.846999999999999531e+00,6.410999999999999588e+00,4.541253757933415014e-01,3.090640000000000214e+02,8.505000000000000782e+00,3.273000000000000131e+00,9.583999999999999631e+00,6.310999999999999943e+00,4.587131222695647881e-01,3.154159999999999968e+02
8.169999999999999929e+00,3.398000000000000131e+00,9.797000000000000597e+00,6.399000000000000021e+00,4.548491259325241898e-01,3.091019999999999754e+02,8.518000000000000682e+00,3.298000000000000043e+00,9.621000000000000441e+00,6.323000000000000398e+00,4.594142710749151148e-01,3.153790000000000191e+02
8.182999999999999829e+00,3.374000000000000110e+00,9.785000000000000142e+00,6.410999999999999588e+00,4.555728760717069337e-01,3.091259999999999764e+02,8.532000000000000028e+00,3.334999999999999964e+00,9.660000000000000142e+00,6.325000000000000178e+00,4.601693544037538386e-01,3.153399999999999750e+02
8.195999999999999730e+00,3.386000000000000121e+00,9.785999999999999588e+00,6.400000000000000355e+00,4.562966262108896220e-01,3.091139999999999759e+02,8.544999999999999929e+00,3.322000000000000064e+00,9.634000000000000341e+00,6.312000000000000277e+00,4.608705032091041653e-01,3.153659999999999854e+02
8.208999999999999631e+00,3.386000000000000121e+00,9.798999999999999488e+00,6.413000000000000256e+00,4.570203763500723659e-01,3.091139999999999759e+02,8.557999999999999829e+00,3.335999999999999854e+00,9.622999999999999332e+00,6.286999999999999922e+00,4.615716520144544366e-01,3.153770000000000095e+02
8.221999999999999531e+00,3.362000000000000099e+00,9.785000000000000142e+00,6.423000000000000043e+00,4.577441264892550543e-01,3.091379999999999768e+02,8.570999999999999730e+00,3.297000000000000153e+00,9.586999999999999744e+00,6.290000000000000036e+00,4.622728008198047633e-01,3.154130000000000109e+02
8.234999999999999432e+00,3.347999999999999865e+00,9.785000000000000142e+00,6.437000000000000277e+00,4.584678766284377427e-01,3.091519999999999868e+02,8.583999999999999631e+00,3.310000000000000053e+00,9.596000000000000085e+00,6.285999999999999588e+00,4.629739496251550346e-01,3.154039999999999964e+02
8.247999999999999332e+00,3.347999999999999865e+00,9.769999999999999574e+00,6.421999999999999709e+00,4.591916267676204866e-01,3.091519999999999868e+02,8.596999999999999531e+00,3.322999999999999954e+00,9.609999999999999432e+00,6.286999999999999922e+00,4.636750984305053613e-01,3.153899999999999864e+02
8.260999999999999233e+00,3.334999999999999964e+00,9.744999999999999218e+00,6.410000000000000142e+00,4.599153769068031750e-01,3.091650000000000205e+02,8.609999999999999432e+00,3.334000000000000075e+00,9.595000000000000639e+00,6.261000000000000121e+00,4.643762472358556326e-01,3.154049999999999727e+02
8.273999999999999133e+00,3.334000000000000075e+00,9.743999999999999773e+00,6.410000000000000142e+00,4.606391270459859189e-01,3.091659999999999968e+02,8.622999999999999332e+00,3.295999999999999819e+00,9.592999999999999972e+00,6.296999999999999709e+00,4.650773960412059593e-01,3.154069999999999823e+02
8.287000000000000810e+00,3.359999999999999876e+00,9.771000000000000796e+00,6.410999999999999588e+00,4.613628771851687183e-01,3.091399999999999864e+02,8.635999999999999233e+00,3.322000000000000064e+00,9.605999999999999872e+00,6.283999999999999808e+00,4.657785448465562306e-01,3.153940000000000055e+02
8.300000000000000711e+00,3.359999999999999876e+00,9.794000000000000483e+00,6.434000000000000163e+00,4.620866273243514066e-01,3.091399999999999864e+02,8.648999999999999133e+00,3.309000000000000163e+00,9.618999999999999773e+00,6.309999999999999609e+00,4.664796936519065573e-01,3.153809999999999718e+02
8.313000000000000611e+00,3.322000000000000064e+00,9.769999999999999574e+00,6.448000000000000398e+00,4.628103774635341505e-01,3.091779999999999973e+02,8.662000000000000810e+00,3.334999999999999964e+00,9.654999999999999361e+00,6.320000000000000284e+00,4.671808424572569396e-01,3.153450000000000273e+02
8.326000000000000512e+00,3.322000000000000064e+00,9.782999999999999474e+00,6.461000000000000298e+00,4.635341276027168389e-01,3.091779999999999973e+02,8.675000000000000711e+00,3.373000000000000220e+00,9.682999999999999829e+00,6.309999999999999609e+00,4.678819912626072108e-01,3.153170000000000073e+02
8.339000000000000412e+00,3.334999999999999964e+00,9.794999999999999929e+00,6.459999999999999964e+00,4.642578777418995828e-01,3.091650000000000205e+02,8.692000000000000171e+00,3.358999999999999986e+00,9.670999999999999375e+00,6.312000000000000277e+00,4.687988781619114587e-01,3.153290000000000077e+02
8.352000000000000313e+00,3.334000000000000075e+00,9.794000000000000483e+00,6.459999999999999964e+00,4.649816278810822712e-01,3.091659999999999968e+02,8.705999999999999517e+00,3.346999999999999975e+00,9.669999999999999929e+00,6.323000000000000398e+00,4.695539614907501824e-01,3.153299999999999841e+02
8.365000000000000213e+00,3.334999999999999964e+00,9.807000000000000384e+00,6.472000000000000419e+00,4.657053780202650151e-01,3.091650000000000205e+02,8.718999999999999417e+00,3.347999999999999865e+00,9.682000000000000384e+00,6.333999999999999631e+00,4.702551102961005092e-01,3.153179999999999836e+02
8.378999999999999559e+00,3.346999999999999975e+00,9.805999999999999162e+00,6.458999999999999631e+00,4.664848012470771410e-01,3.091530000000000200e+02,8.731999999999999318e+00,3.334000000000000075e+00,9.692999999999999616e+00,6.358999999999999986e+00,4.709562591014507804e-01,3.153070000000000164e+02
8.391000000000000014e+00,3.346999999999999975e+00,9.817000000000000171e+00,6.469999999999999751e+00,4.671528782986304473e-01,3.091530000000000200e+02,8.743999999999999773e+00,3.321000000000000174e+00,9.694000000000000838e+00,6.373000000000000220e+00,4.716034733833126547e-01,3.153059999999999832e+02
8.403999999999999915e+00,3.346999999999999975e+00,9.794000000000000483e+00,6.447000000000000064e+00,4.678766284378131357e-01,3.091530000000000200e+02,8.756999999999999673e+00,3.334000000000000075e+00,9.692999999999999616e+00,6.358999999999999986e+00,4.723046221886629259e-01,3.153070000000000164e+02
8.416999999999999815e+00,3.386000000000000121e+00,9.807999999999999829e+00,6.421999999999999709e+00,4.686003785769958796e-01,3.091139999999999759e+02,8.771000000000000796e+00,3.333000000000000185e+00,9.705000000000000071e+00,6.371999999999999886e+00,4.730597055175018162e-01,3.152950000000000159e+02
8.430999999999999162e+00,3.373000000000000220e+00,9.820000000000000284e+00,6.447000000000000064e+00,4.693798018038079500e-01,3.091270000000000095e+02,8.782999999999999474e+00,3.334000000000000075e+00,9.730000000000000426e+00,6.395999999999999908e+00,4.737069197993635239e-01,3.152699999999999818e+02
8.444000000000000838e+00,3.359999999999999876e+00,9.794999999999999929e+00,6.434999999999999609e+00,4.701035519429908049e-01,3.091399999999999864e+02,8.795999999999999375e+00,3.371999999999999886e+00,9.769000000000000128e+00,6.397000000000000242e+00,4.744080686047138506e-01,3.152309999999999945e+02
8.455999999999999517e+00,3.373000000000000220e+00,9.821999999999999176e+00,6.448999999999999844e+00,4.707716289945440002e-01,3.091270000000000095e+02,8.808999999999999275e+00,3.396999999999999797e+00,9.769999999999999574e+00,6.373000000000000220e+00,4.751092174100641219e-01,3.152300000000000182e+02
8.468999999999999417e+00,3.373000000000000220e+00,9.833000000000000185e+00,6.459999999999999964e+00,4.714953791337266886e-01,3.091270000000000095e+02,8.821999999999999176e+00,3.346999999999999975e+00,9.756999999999999673e+00,6.410000000000000142e+00,4.758103662154144486e-01,3.152429999999999950e+02
8.483000000000000540e+00,3.346999999999999975e+00,9.819000000000000838e+00,6.472000000000000419e+00,4.722748023605389256e-01,3.091530000000000200e+02,8.835000000000000853e+00,3.334999999999999964e+00,9.743999999999999773e+00,6.408999999999999808e+00,4.765115150207648309e-01,3.152559999999999718e+02
8.494999999999999218e+00,3.346999999999999975e+00,9.817000000000000171e+00,6.469999999999999751e+00,4.729428794120921209e-01,3.091530000000000200e+02,8.849000000000000199e+00,3.333000000000000185e+00,9.756999999999999673e+00,6.424000000000000377e+00,4.772665983496036102e-01,3.152429999999999950e+02
8.509000000000000341e+00,3.384999999999999787e+00,9.805999999999999162e+00,6.421000000000000263e+00,4.737223026389043579e-01,3.091150000000000091e+02,8.862000000000000099e+00,3.322000000000000064e+00,9.743000000000000327e+00,6.421000000000000263e+00,4.779677471549538814e-01,3.152570000000000050e+02
8.522000000000000242e+00,3.384999999999999787e+00,9.792999999999999261e+00,6.408000000000000362e+00,4.744460527780870462e-01,3.091150000000000091e+02,8.875000000000000000e+00,3.270000000000000018e+00,9.730000000000000426e+00,6.459999999999999964e+00,4.786688959603042082e-01,3.152699999999999818e+02
8.535000000000000142e+00,3.410000000000000142e+00,9.817000000000000171e+00,6.407000000000000028e+00,4.751698029172697901e-01,3.090899999999999750e+02,8.887999999999999901e+00,3.294999999999999929e+00,9.742000000000000881e+00,6.447000000000000064e+00,4.793700447656544794e-01,3.152579999999999814e+02
8.548000000000000043e+00,3.474000000000000199e+00,9.869999999999999218e+00,6.395999999999999908e+00,4.758935530564524785e-01,3.090260000000000105e+02,8.900999999999999801e+00,3.321000000000000174e+00,9.755000000000000782e+00,6.434000000000000163e+00,4.800711935710048062e-01,3.152450000000000045e+02
8.560999999999999943e+00,3.500000000000000000e+00,9.906000000000000583e+00,6.405999999999999694e+00,4.766173031956352224e-01,3.090000000000000000e+02,8.913999999999999702e+00,3.307999999999999829e+00,9.743999999999999773e+00,6.435999999999999943e+00,4.807723423763550774e-01,3.152559999999999718e+02
8.573999999999999844e+00,3.423000000000000043e+00,9.833999999999999631e+00,6.410999999999999588e+00,4.773410533348179108e-01,3.090769999999999982e+02,8.926999999999999602e+00,3.346999999999999975e+00,9.792999999999999261e+00,6.445999999999999730e+00,4.814734911817054042e-01,3.152069999999999936e+02
8.586999999999999744e+00,3.384999999999999787e+00,9.820000000000000284e+00,6.434999999999999609e+00,4.780648034740006547e-01,3.091150000000000091e+02,8.939999999999999503e+00,3.358999999999999986e+00,9.832000000000000739e+00,6.472999999999999865e+00,4.821746399870556754e-01,3.151680000000000064e+02
8.599999999999999645e+00,3.384999999999999787e+00,9.832000000000000739e+00,6.447000000000000064e+00,4.787885536131833430e-01,3.091150000000000091e+02,8.952999999999999403e+00,3.334000000000000075e+00,9.782000000000000028e+00,6.448000000000000398e+00,4.828757887924060022e-01,3.152180000000000177e+02
8.612999999999999545e+00,3.371999999999999886e+00,9.817000000000000171e+00,6.445000000000000284e+00,4.795123037523660869e-01,3.091279999999999859e+02,8.965999999999999304e+00,3.283999999999999808e+00,9.755000000000000782e+00,6.471000000000000085e+00,4.835769375977562734e-01,3.152450000000000045e+02
8.625999999999999446e+00,3.396999999999999797e+00,9.840999999999999304e+00,6.443999999999999950e+00,4.802360538915487753e-01,3.091030000000000086e+02,8.978999999999999204e+00,3.297000000000000153e+00,9.766000000000000014e+00,6.469000000000000306e+00,4.842780864031066002e-01,3.152339999999999804e+02
8.638999999999999346e+00,3.434000000000000163e+00,9.853999999999999204e+00,6.419999999999999929e+00,4.809598040307315192e-01,3.090659999999999741e+02,8.993000000000000327e+00,3.270000000000000018e+00,9.789999999999999147e+00,6.519999999999999574e+00,4.850331697319454349e-01,3.152099999999999795e+02
8.651999999999999247e+00,3.447999999999999954e+00,9.867000000000000881e+00,6.418999999999999595e+00,4.816835541699142076e-01,3.090520000000000209e+02,9.006000000000000227e+00,3.258000000000000007e+00,9.776999999999999247e+00,6.519000000000000128e+00,4.857343185372957617e-01,3.152230000000000132e+02
8.664999999999999147e+00,3.459999999999999964e+00,9.853999999999999204e+00,6.394000000000000128e+00,4.824073043090968960e-01,3.090400000000000205e+02,9.019000000000000128e+00,3.258000000000000007e+00,9.778999999999999915e+00,6.520999999999999908e+00,4.864354673426460329e-01,3.152210000000000036e+02
8.678000000000000824e+00,3.472999999999999865e+00,9.868999999999999773e+00,6.395999999999999908e+00,4.831310544482797509e-01,3.090269999999999868e+02,9.032000000000000028e+00,3.294999999999999929e+00,9.804000000000000270e+00,6.509000000000000341e+00,4.871366161479963597e-01,3.151960000000000264e+02
8.692000000000000171e+00,3.523000000000000131e+00,9.929000000000000270e+00,6.405999999999999694e+00,4.839104776750918768e-01,3.089769999999999754e+02,9.048999999999999488e+00,3.282999999999999918e+00,9.779999999999999361e+00,6.496999999999999886e+00,4.880535030473005520e-01,3.152200000000000273e+02
8.705000000000000071e+00,3.511000000000000121e+00,9.903999999999999915e+00,6.392999999999999794e+00,4.846342278142745652e-01,3.089889999999999759e+02,9.061999999999999389e+00,3.282999999999999918e+00,9.791999999999999815e+00,6.509000000000000341e+00,4.887546518526508788e-01,3.152080000000000268e+02
8.717000000000000526e+00,3.459999999999999964e+00,9.867000000000000881e+00,6.407000000000000028e+00,4.853023048658278715e-01,3.090400000000000205e+02,9.074999999999999289e+00,3.307999999999999829e+00,9.840999999999999304e+00,6.533000000000000362e+00,4.894558006580011500e-01,3.151589999999999918e+02
8.730999999999999872e+00,3.459999999999999964e+00,9.877000000000000668e+00,6.416999999999999815e+00,4.860817280926399975e-01,3.090400000000000205e+02,9.087999999999999190e+00,3.295999999999999819e+00,9.829000000000000625e+00,6.533000000000000362e+00,4.901569494633514767e-01,3.151709999999999923e+02
8.743000000000000327e+00,3.459000000000000075e+00,9.880000000000000782e+00,6.421000000000000263e+00,4.867498051441933038e-01,3.090409999999999968e+02,9.101000000000000867e+00,3.257000000000000117e+00,9.804999999999999716e+00,6.548000000000000043e+00,4.908580982687018590e-01,3.151949999999999932e+02
8.756000000000000227e+00,3.509999999999999787e+00,9.891999999999999460e+00,6.381999999999999673e+00,4.874735552833759922e-01,3.089900000000000091e+02,9.114000000000000767e+00,3.258000000000000007e+00,9.803000000000000824e+00,6.544999999999999929e+00,4.915592470740521303e-01,3.151970000000000027e+02
8.769999999999999574e+00,3.523000000000000131e+00,9.926999999999999602e+00,6.403999999999999915e+00,4.882529785101881181e-01,3.089769999999999754e+02,9.127000000000000668e+00,3.232000000000000206e+00,9.788000000000000256e+00,6.556000000000000050e+00,4.922603958794024570e-01,3.152119999999999891e+02
8.782000000000000028e+00,3.524000000000000021e+00,9.939000000000000057e+00,6.415000000000000036e+00,4.889210555617414244e-01,3.089759999999999991e+02,9.146000000000000796e+00,3.257000000000000117e+00,9.791000000000000369e+00,6.533999999999999808e+00,4.932851518256836654e-01,3.152090000000000032e+02
8.795999999999999375e+00,3.573999999999999844e+00,9.990999999999999659e+00,6.416999999999999815e+00,4.897004787885535504e-01,3.089259999999999877e+02,9.157000000000000028e+00,3.295999999999999819e+00,9.816000000000000725e+00,6.519999999999999574e+00,4.938784315840569761e-01,3.151840000000000259e+02
8.808999999999999275e+00,3.573999999999999844e+00,9.977000000000000313e+00,6.402999999999999581e+00,4.904242289277362943e-01,3.089259999999999877e+02,9.169999999999999929e+00,3.319999999999999840e+00,9.827999999999999403e+00,6.508000000000000007e+00,4.945795803894072473e-01,3.151720000000000255e+02
8.821999999999999176e+00,3.548999999999999932e+00,9.930999999999999162e+00,6.381999999999999673e+00,4.911479790669189827e-01,3.089510000000000218e+02,9.183999999999999275e+00,3.331999999999999851e+00,9.830000000000000071e+00,6.498000000000000220e+00,4.953346637182460266e-01,3.151700000000000159e+02
8.835000000000000853e+00,3.536000000000000032e+00,9.939999999999999503e+00,6.403999999999999915e+00,4.918717292061017821e-01,3.089639999999999986e+02,9.196999999999999176e+00,3.294999999999999929e+00,9.829000000000000625e+00,6.533999999999999808e+00,4.960358125235962978e-01,3.151709999999999923e+02
8.848000000000000753e+00,3.496999999999999886e+00,9.929000000000000270e+00,6.432000000000000384e+00,4.925954793452845260e-01,3.090029999999999859e+02,9.210000000000000853e+00,3.294999999999999929e+00,9.830000000000000071e+00,6.535000000000000142e+00,4.967369613289467356e-01,3.151700000000000159e+02
8.861000000000000654e+00,3.523000000000000131e+00,9.965999999999999304e+00,6.442999999999999616e+00,4.933192294844672143e-01,3.089769999999999754e+02,9.223000000000000753e+00,3.294999999999999929e+00,9.827999999999999403e+00,6.533000000000000362e+00,4.974381101342970068e-01,3.151720000000000255e+02
8.874000000000000554e+00,3.548999999999999932e+00,9.987999999999999545e+00,6.439000000000000057e+00,4.940429796236499582e-01,3.089510000000000218e+02,9.236000000000000654e+00,3.258000000000000007e+00,9.775999999999999801e+00,6.517999999999999794e+00,4.981392589396473336e-01,3.152239999999999895e+02
8.887999999999999901e+00,3.597999999999999865e+00,1.001500000000000057e+01,6.416999999999999815e+00,4.948224028504620842e-01,3.089019999999999868e+02,9.249000000000000554e+00,3.257000000000000117e+00,9.788999999999999702e+00,6.532000000000000028e+00,4.988404077449976048e-01,3.152110000000000127e+02
8.900000000000000355e+00,3.585999999999999854e+00,1.001500000000000057e+01,6.429000000000000270e+00,4.954904799020153905e-01,3.089139999999999873e+02,9.266000000000000014e+00,3.282000000000000028e+00,9.801000000000000156e+00,6.519000000000000128e+00,4.997572946443017972e-01,3.151990000000000123e+02
8.913000000000000256e+00,3.572999999999999954e+00,1.000300000000000011e+01,6.429999999999999716e+00,4.962142300411980789e-01,3.089270000000000209e+02,9.278999999999999915e+00,3.270000000000000018e+00,9.775999999999999801e+00,6.506000000000000227e+00,5.004584434496520684e-01,3.152239999999999895e+02
8.926000000000000156e+00,3.585999999999999854e+00,1.001299999999999990e+01,6.426999999999999602e+00,4.969379801803808228e-01,3.089139999999999873e+02,9.292999999999999261e+00,3.269000000000000128e+00,9.788000000000000256e+00,6.519000000000000128e+00,5.012135267784908477e-01,3.152119999999999891e+02
8.939000000000000057e+00,3.597999999999999865e+00,1.000399999999999956e+01,6.405999999999999694e+00,4.976617303195635111e-01,3.089019999999999868e+02,9.304999999999999716e+00,3.319999999999999840e+00,9.811999999999999389e+00,6.491999999999999993e+00,5.018607410603527219e-01,3.151879999999999882e+02
8.951999999999999957e+00,3.611000000000000210e+00,1.001500000000000057e+01,6.403999999999999915e+00,4.983854804587461995e-01,3.088890000000000100e+02,9.317999999999999616e+00,3.319999999999999840e+00,9.814000000000000057e+00,6.493999999999999773e+00,5.025618898657030487e-01,3.151859999999999786e+02
8.965999999999999304e+00,3.649999999999999911e+00,1.000300000000000011e+01,6.352999999999999758e+00,4.991649036855583255e-01,3.088500000000000227e+02,9.332000000000000739e+00,3.321000000000000174e+00,9.801999999999999602e+00,6.480999999999999872e+00,5.033169731945418279e-01,3.151979999999999791e+02
8.977999999999999758e+00,3.611000000000000210e+00,9.964000000000000412e+00,6.352999999999999758e+00,4.998329807371116318e-01,3.088890000000000100e+02,9.345000000000000639e+00,3.346000000000000085e+00,9.837999999999999190e+00,6.491999999999999993e+00,5.040181219998921547e-01,3.151619999999999777e+02
8.990999999999999659e+00,3.599000000000000199e+00,9.926000000000000156e+00,6.326999999999999957e+00,5.005567308762943757e-01,3.089010000000000105e+02,9.358000000000000540e+00,3.345000000000000195e+00,9.826000000000000512e+00,6.480999999999999872e+00,5.047192708052424814e-01,3.151739999999999782e+02
9.003999999999999559e+00,3.609999999999999876e+00,9.939999999999999503e+00,6.330000000000000071e+00,5.012804810154770641e-01,3.088899999999999864e+02,9.371000000000000441e+00,3.282999999999999918e+00,9.763999999999999346e+00,6.480999999999999872e+00,5.054204196105928082e-01,3.152359999999999900e+02
9.016999999999999460e+00,3.624000000000000110e+00,9.951999999999999957e+00,6.328000000000000291e+00,5.020042311546597524e-01,3.088759999999999764e+02,9.384000000000000341e+00,3.282000000000000028e+00,9.788000000000000256e+00,6.506000000000000227e+00,5.061215684159430239e-01,3.152119999999999891e+02
9.031000000000000583e+00,3.634999999999999787e+00,9.962999999999999190e+00,6.328000000000000291e+00,5.027836543814719894e-01,3.088650000000000091e+02,9.397000000000000242e+00,3.345000000000000195e+00,9.864000000000000767e+00,6.519000000000000128e+00,5.068227172212933507e-01,3.151360000000000241e+02
9.044000000000000483e+00,3.623000000000000220e+00,9.976000000000000867e+00,6.352999999999999758e+00,5.035074045206546778e-01,3.088770000000000095e+02,9.410000000000000142e+00,3.318999999999999950e+00,9.862000000000000099e+00,6.543000000000000149e+00,5.075238660266436774e-01,3.151379999999999768e+02
9.057000000000000384e+00,3.609999999999999876e+00,9.977000000000000313e+00,6.366999999999999993e+00,5.042311546598374772e-01,3.088899999999999864e+02,9.423000000000000043e+00,3.331999999999999851e+00,9.862000000000000099e+00,6.530000000000000249e+00,5.082250148319940042e-01,3.151379999999999768e+02
9.070000000000000284e+00,3.609999999999999876e+00,9.962999999999999190e+00,6.352999999999999758e+00,5.049549047990201656e-01,3.088899999999999864e+02,9.435000000000000497e+00,3.345000000000000195e+00,9.875000000000000000e+00,6.530000000000000249e+00,5.088722291138557674e-01,3.151250000000000000e+02
9.083000000000000185e+00,3.623000000000000220e+00,9.949999999999999289e+00,6.326999999999999957e+00,5.056786549382028539e-01,3.088770000000000095e+02,9.448000000000000398e+00,3.331999999999999851e+00,9.877000000000000668e+00,6.544999999999999929e+00,5.095733779192060942e-01,3.151229999999999905e+02
9.096000000000000085e+00,3.599000000000000199e+00,9.938000000000000611e+00,6.339000000000000412e+00,5.064024050773855423e-01,3.089010000000000105e+02,9.461999999999999744e+00,3.321000000000000174e+00,9.864000000000000767e+00,6.543000000000000149e+00,5.103284612480448734e-01,3.151360000000000241e+02
9.108999999999999986e+00,3.597999999999999865e+00,9.935000000000000497e+00,6.336999999999999744e+00,5.071261552165683417e-01,3.089019999999999868e+02,9.474999999999999645e+00,3.297000000000000153e+00,9.864000000000000767e+00,6.567000000000000171e+00,5.110296100533952002e-01,3.151360000000000241e+02
9.121999999999999886e+00,3.571000000000000174e+00,9.887000000000000455e+00,6.315999999999999837e+00,5.078499053557510301e-01,3.089289999999999736e+02,9.487999999999999545e+00,3.307999999999999829e+00,9.900999999999999801e+00,6.592999999999999972e+00,5.117307588587454159e-01,3.150989999999999895e+02
9.134999999999999787e+00,3.621999999999999886e+00,9.923999999999999488e+00,6.301999999999999602e+00,5.085736554949337185e-01,3.088779999999999859e+02,9.500999999999999446e+00,3.282000000000000028e+00,9.875999999999999446e+00,6.594000000000000306e+00,5.124319076640957427e-01,3.151240000000000236e+02
9.147999999999999687e+00,3.658999999999999808e+00,9.958999999999999631e+00,6.299999999999999822e+00,5.092974056341164069e-01,3.088410000000000082e+02,9.513999999999999346e+00,3.257000000000000117e+00,9.839999999999999858e+00,6.583000000000000185e+00,5.131330564694460694e-01,3.151600000000000250e+02
9.164999999999999147e+00,3.660000000000000142e+00,9.999000000000000554e+00,6.339000000000000412e+00,5.102438481238168455e-01,3.088399999999999750e+02,9.526999999999999247e+00,3.270000000000000018e+00,9.851000000000000867e+00,6.581000000000000405e+00,5.138342052747963962e-01,3.151490000000000009e+02
9.178000000000000824e+00,3.623000000000000220e+00,9.974999999999999645e+00,6.352000000000000313e+00,5.109675982629996449e-01,3.088770000000000095e+02,9.539999999999999147e+00,3.294000000000000039e+00,9.877000000000000668e+00,6.583000000000000185e+00,5.145353540801466119e-01,3.151229999999999905e+02
9.195000000000000284e+00,3.634999999999999787e+00,1.000000000000000000e+01,6.365000000000000213e+00,5.119140407527001946e-01,3.088650000000000091e+02,9.553000000000000824e+00,3.306999999999999940e+00,9.888999999999999346e+00,6.581999999999999851e+00,5.152365028854970497e-01,3.151109999999999900e+02
9.208999999999999631e+00,3.633999999999999897e+00,9.984999999999999432e+00,6.350999999999999979e+00,5.126934639795123205e-01,3.088659999999999854e+02,9.566000000000000725e+00,3.307999999999999829e+00,9.888999999999999346e+00,6.581000000000000405e+00,5.159376516908473764e-01,3.151109999999999900e+02
9.221999999999999531e+00,3.633999999999999897e+00,9.974000000000000199e+00,6.339999999999999858e+00,5.134172141186950089e-01,3.088659999999999854e+02,9.579000000000000625e+00,3.295999999999999819e+00,9.914999999999999147e+00,6.618999999999999773e+00,5.166388004961977032e-01,3.150849999999999795e+02
9.234999999999999432e+00,3.645999999999999908e+00,1.000799999999999912e+01,6.362000000000000099e+00,5.141409642578776973e-01,3.088539999999999850e+02,9.592000000000000526e+00,3.307999999999999829e+00,9.901999999999999247e+00,6.594000000000000306e+00,5.173399493015479189e-01,3.150980000000000132e+02
9.247999999999999332e+00,3.620999999999999996e+00,9.983999999999999986e+00,6.363000000000000433e+00,5.148647143970603857e-01,3.088790000000000191e+02,9.605999999999999872e+00,3.270000000000000018e+00,9.851000000000000867e+00,6.581000000000000405e+00,5.180950326303866982e-01,3.151490000000000009e+02
9.260999999999999233e+00,3.571000000000000174e+00,9.933999999999999275e+00,6.363000000000000433e+00,5.155884645362430740e-01,3.089289999999999736e+02,9.618999999999999773e+00,3.244000000000000217e+00,9.839000000000000412e+00,6.594999999999999751e+00,5.187961814357370249e-01,3.151610000000000014e+02
9.273999999999999133e+00,3.608999999999999986e+00,9.981999999999999318e+00,6.373000000000000220e+00,5.163122146754258734e-01,3.088910000000000196e+02,9.631999999999999673e+00,3.282000000000000028e+00,9.849999999999999645e+00,6.567999999999999616e+00,5.194973302410873517e-01,3.151499999999999773e+02
9.287000000000000810e+00,3.621999999999999886e+00,1.000999999999999979e+01,6.387999999999999901e+00,5.170359648146086728e-01,3.088779999999999859e+02,9.644999999999999574e+00,3.244000000000000217e+00,9.824999999999999289e+00,6.581000000000000405e+00,5.201984790464375674e-01,3.151750000000000114e+02
9.300000000000000711e+00,3.597999999999999865e+00,9.997999999999999332e+00,6.400000000000000355e+00,5.177597149537913612e-01,3.089019999999999868e+02,9.657999999999999474e+00,3.193000000000000060e+00,9.798999999999999488e+00,6.605999999999999872e+00,5.208996278517878942e-01,3.152010000000000218e+02
9.313000000000000611e+00,3.596999999999999975e+00,1.001099999999999923e+01,6.413999999999999702e+00,5.184834650929740496e-01,3.089030000000000200e+02,9.670999999999999375e+00,3.244000000000000217e+00,9.823999999999999844e+00,6.580000000000000071e+00,5.216007766571382209e-01,3.151759999999999877e+02
9.326000000000000512e+00,3.597999999999999865e+00,1.002399999999999913e+01,6.426000000000000156e+00,5.192072152321567380e-01,3.089019999999999868e+02,9.683999999999999275e+00,3.294000000000000039e+00,9.864000000000000767e+00,6.570000000000000284e+00,5.223019254624885477e-01,3.151360000000000241e+02
9.339000000000000412e+00,3.596999999999999975e+00,1.001999999999999957e+01,6.423000000000000043e+00,5.199309653713395374e-01,3.089030000000000200e+02,9.701000000000000512e+00,3.294999999999999929e+00,9.849000000000000199e+00,6.554000000000000270e+00,5.232188123617927955e-01,3.151510000000000105e+02
9.352999999999999758e+00,3.571000000000000174e+00,9.983999999999999986e+00,6.413000000000000256e+00,5.207103885981516633e-01,3.089289999999999736e+02,9.714999999999999858e+00,3.282000000000000028e+00,9.813000000000000611e+00,6.530999999999999694e+00,5.239738956906315748e-01,3.151870000000000118e+02
9.365000000000000213e+00,3.620999999999999996e+00,1.003299999999999947e+01,6.411999999999999922e+00,5.213784656497049141e-01,3.088790000000000191e+02,9.727999999999999758e+00,3.294999999999999929e+00,9.814999999999999503e+00,6.519999999999999574e+00,5.246750444959819015e-01,3.151850000000000023e+02
9.378000000000000114e+00,3.620999999999999996e+00,1.002100000000000080e+01,6.400000000000000355e+00,5.221022157888876025e-01,3.088790000000000191e+02,9.740000000000000213e+00,3.257000000000000117e+00,9.801999999999999602e+00,6.544999999999999929e+00,5.253222587778436647e-01,3.151979999999999791e+02
9.391000000000000014e+00,3.596000000000000085e+00,1.000600000000000023e+01,6.410000000000000142e+00,5.228259659280704019e-01,3.089039999999999964e+02,9.753000000000000114e+00,3.245000000000000107e+00,9.788999999999999702e+00,6.543999999999999595e+00,5.260234075831939915e-01,3.152110000000000127e+02
9.404999999999999361e+00,3.621999999999999886e+00,1.003200000000000003e+01,6.410000000000000142e+00,5.236053891548825279e-01,3.088779999999999859e+02,9.766000000000000014e+00,3.270999999999999908e+00,9.800000000000000711e+00,6.528999999999999915e+00,5.267245563885443183e-01,3.151999999999999886e+02
9.417999999999999261e+00,3.634999999999999787e+00,1.005799999999999983e+01,6.423000000000000043e+00,5.243291392940652162e-01,3.088650000000000091e+02,9.778999999999999915e+00,3.230999999999999872e+00,9.810999999999999943e+00,6.580000000000000071e+00,5.274257051938946450e-01,3.151890000000000214e+02
9.429999999999999716e+00,3.597999999999999865e+00,1.003700000000000081e+01,6.439000000000000057e+00,5.249972163456184671e-01,3.089019999999999868e+02,9.791999999999999815e+00,3.232000000000000206e+00,9.775000000000000355e+00,6.543000000000000149e+00,5.281268539992448607e-01,3.152250000000000227e+02
9.442999999999999616e+00,3.584999999999999964e+00,1.003599999999999959e+01,6.450999999999999623e+00,5.257209664848011554e-01,3.089150000000000205e+02,9.804999999999999716e+00,3.255999999999999783e+00,9.823999999999999844e+00,6.567999999999999616e+00,5.288280028045951875e-01,3.151759999999999877e+02
9.455999999999999517e+00,3.596999999999999975e+00,1.005199999999999960e+01,6.455000000000000071e+00,5.264447166239839548e-01,3.089030000000000200e+02,9.817999999999999616e+00,3.319999999999999840e+00,9.874000000000000554e+00,6.554000000000000270e+00,5.295291516099455142e-01,3.151259999999999764e+02
9.470000000000000639e+00,3.584000000000000075e+00,1.003800000000000026e+01,6.453999999999999737e+00,5.272241398507961918e-01,3.089159999999999968e+02,9.830999999999999517e+00,3.306999999999999940e+00,9.864000000000000767e+00,6.557000000000000384e+00,5.302303004152958410e-01,3.151360000000000241e+02
9.483000000000000540e+00,3.572999999999999954e+00,1.004800000000000004e+01,6.474999999999999645e+00,5.279478899899788802e-01,3.089270000000000209e+02,9.843999999999999417e+00,3.307999999999999829e+00,9.852000000000000313e+00,6.543999999999999595e+00,5.309314492206460567e-01,3.151480000000000246e+02
9.496000000000000441e+00,3.584000000000000075e+00,1.006099999999999994e+01,6.477000000000000313e+00,5.286716401291615686e-01,3.089159999999999968e+02,9.856999999999999318e+00,3.319999999999999840e+00,9.862999999999999545e+00,6.543000000000000149e+00,5.316325980259963835e-01,3.151370000000000005e+02
9.509000000000000341e+00,3.608999999999999986e+00,1.009800000000000075e+01,6.488999999999999879e+00,5.293953902683442569e-01,3.088910000000000196e+02,9.871000000000000441e+00,3.331999999999999851e+00,9.851000000000000867e+00,6.519000000000000128e+00,5.323876813548352738e-01,3.151490000000000009e+02
9.522000000000000242e+00,3.623000000000000220e+00,1.008500000000000085e+01,6.461999999999999744e+00,5.301191404075269453e-01,3.088770000000000095e+02,9.884000000000000341e+00,3.306999999999999940e+00,9.837999999999999190e+00,6.530999999999999694e+00,5.330888301601856005e-01,3.151619999999999777e+02
9.535000000000000142e+00,3.609999999999999876e+00,1.009800000000000075e+01,6.488000000000000433e+00,5.308428905467097447e-01,3.088899999999999864e+02,9.897000000000000242e+00,3.282000000000000028e+00,9.811999999999999389e+00,6.530000000000000249e+00,5.337899789655358163e-01,3.151879999999999882e+02
9.548000000000000043e+00,3.624000000000000110e+00,1.011299999999999955e+01,6.488999999999999879e+00,5.315666406858924331e-01,3.088759999999999764e+02,9.910000000000000142e+00,3.319999999999999840e+00,9.839000000000000412e+00,6.519000000000000128e+00,5.344911277708861430e-01,3.151610000000000014e+02
9.560999999999999943e+00,3.609999999999999876e+00,1.012500000000000000e+01,6.514999999999999680e+00,5.322903908250751215e-01,3.088899999999999864e+02,9.923000000000000043e+00,3.333000000000000185e+00,9.862000000000000099e+00,6.528999999999999915e+00,5.351922765762364698e-01,3.151379999999999768e+02
9.573999999999999844e+00,3.611000000000000210e+00,1.010200000000000031e+01,6.490999999999999659e+00,5.330141409642578099e-01,3.088890000000000100e+02,9.935999999999999943e+00,3.306999999999999940e+00,9.839000000000000412e+00,6.532000000000000028e+00,5.358934253815867965e-01,3.151610000000000014e+02
9.586999999999999744e+00,3.584999999999999964e+00,1.006499999999999950e+01,6.480000000000000426e+00,5.337378911034406093e-01,3.089150000000000205e+02,9.948999999999999844e+00,3.319999999999999840e+00,9.862999999999999545e+00,6.543000000000000149e+00,5.365945741869370123e-01,3.151370000000000005e+02
9.599999999999999645e+00,3.548000000000000043e+00,1.003999999999999915e+01,6.491999999999999993e+00,5.344616412426232976e-01,3.089519999999999982e+02,9.961999999999999744e+00,3.370999999999999996e+00,9.898999999999999133e+00,6.527999999999999581e+00,5.372957229922873390e-01,3.151009999999999991e+02
9.614000000000000767e+00,3.584999999999999964e+00,1.007600000000000051e+01,6.490999999999999659e+00,5.352410644694355346e-01,3.089150000000000205e+02,9.974999999999999645e+00,3.371999999999999886e+00,9.887999999999999901e+00,6.516000000000000014e+00,5.379968717976376658e-01,3.151120000000000232e+02
9.625999999999999446e+00,3.560999999999999943e+00,1.003800000000000026e+01,6.477000000000000313e+00,5.359091415209886744e-01,3.089390000000000214e+02,9.987999999999999545e+00,3.333000000000000185e+00,9.839999999999999858e+00,6.506999999999999673e+00,5.386980206029879925e-01,3.151600000000000250e+02
9.638999999999999346e+00,3.584999999999999964e+00,1.007799999999999940e+01,6.493000000000000327e+00,5.366328916601714738e-01,3.089150000000000205e+02,1.000099999999999945e+01,3.333000000000000185e+00,9.827999999999999403e+00,6.495000000000000107e+00,5.393991694083382082e-01,3.151720000000000255e+02
9.653000000000000469e+00,3.623000000000000220e+00,1.013599999999999923e+01,6.512999999999999901e+00,5.374123148869835997e-01,3.088770000000000095e+02,1.001399999999999935e+01,3.383999999999999897e+00,9.875999999999999446e+00,6.491999999999999993e+00,5.401003182136885350e-01,3.151240000000000236e+02
9.666000000000000369e+00,3.584999999999999964e+00,1.012400000000000055e+01,6.538999999999999702e+00,5.381360650261663992e-01,3.089150000000000205e+02,1.002800000000000047e+01,3.345000000000000195e+00,9.852000000000000313e+00,6.506999999999999673e+00,5.408554015425274253e-01,3.151480000000000246e+02
9.679000000000000270e+00,3.535000000000000142e+00,1.008799999999999919e+01,6.552999999999999936e+00,5.388598151653490875e-01,3.089649999999999750e+02,1.004400000000000048e+01,3.370999999999999996e+00,9.862999999999999545e+00,6.491999999999999993e+00,5.417183539183431096e-01,3.151370000000000005e+02
9.692000000000000171e+00,3.572999999999999954e+00,1.011400000000000077e+01,6.541000000000000369e+00,5.395835653045317759e-01,3.089270000000000209e+02,1.005700000000000038e+01,3.420999999999999819e+00,9.900000000000000355e+00,6.479000000000000092e+00,5.424195027236934363e-01,3.151000000000000227e+02
9.705000000000000071e+00,3.584999999999999964e+00,1.011299999999999955e+01,6.527999999999999581e+00,5.403073154437144643e-01,3.089150000000000205e+02,1.007000000000000028e+01,3.370000000000000107e+00,9.827999999999999403e+00,6.458000000000000185e+00,5.431206515290437631e-01,3.151720000000000255e+02
9.717000000000000526e+00,3.560999999999999943e+00,1.006499999999999950e+01,6.503999999999999559e+00,5.409753924952678261e-01,3.089390000000000214e+02,1.008300000000000018e+01,3.333000000000000185e+00,9.801000000000000156e+00,6.467999999999999972e+00,5.438218003343940898e-01,3.151990000000000123e+02
9.730999999999999872e+00,3.560000000000000053e+00,1.007799999999999940e+01,6.517999999999999794e+00,5.417548157220799521e-01,3.089399999999999977e+02,1.010100000000000087e+01,3.395999999999999908e+00,9.839999999999999858e+00,6.443999999999999950e+00,5.447926217571867902e-01,3.151600000000000250e+02
9.743000000000000327e+00,3.559000000000000163e+00,1.008900000000000041e+01,6.530000000000000249e+00,5.424228927736332029e-01,3.089409999999999741e+02,1.011400000000000077e+01,3.383000000000000007e+00,9.837999999999999190e+00,6.455000000000000071e+00,5.454937705625371169e-01,3.151619999999999777e+02
9.756000000000000227e+00,3.560000000000000053e+00,1.006400000000000006e+01,6.503999999999999559e+00,5.431466429128158913e-01,3.089399999999999977e+02,1.012700000000000067e+01,3.371999999999999886e+00,9.791999999999999815e+00,6.419999999999999929e+00,5.461949193678874437e-01,3.152080000000000268e+02
9.769999999999999574e+00,3.584999999999999964e+00,1.007600000000000051e+01,6.490999999999999659e+00,5.439260661396280172e-01,3.089150000000000205e+02,1.014000000000000057e+01,3.396999999999999797e+00,9.801000000000000156e+00,6.403999999999999915e+00,5.468960681732377704e-01,3.151990000000000123e+02
9.782999999999999474e+00,3.624000000000000110e+00,1.011400000000000077e+01,6.490000000000000213e+00,5.446498162788108166e-01,3.088759999999999764e+02,1.015300000000000047e+01,3.396999999999999797e+00,9.789999999999999147e+00,6.392999999999999794e+00,5.475972169785879862e-01,3.152099999999999795e+02
9.795999999999999375e+00,3.636000000000000121e+00,1.013700000000000045e+01,6.501000000000000334e+00,5.453735664179935050e-01,3.088639999999999759e+02,1.016600000000000037e+01,3.396999999999999797e+00,9.788999999999999702e+00,6.392000000000000348e+00,5.482983657839383129e-01,3.152110000000000127e+02
9.808999999999999275e+00,3.572000000000000064e+00,1.007600000000000051e+01,6.503999999999999559e+00,5.460973165571761934e-01,3.089279999999999973e+02,1.017900000000000027e+01,3.420999999999999819e+00,9.829000000000000625e+00,6.408000000000000362e+00,5.489995145892886397e-01,3.151709999999999923e+02
9.821999999999999176e+00,3.560999999999999943e+00,1.007399999999999984e+01,6.512999999999999901e+00,5.468210666963588817e-01,3.089390000000000214e+02,1.019699999999999918e+01,3.472999999999999865e+00,9.875999999999999446e+00,6.402999999999999581e+00,5.499703360120813400e-01,3.151240000000000236e+02
9.835000000000000853e+00,3.585999999999999854e+00,1.008699999999999974e+01,6.501000000000000334e+00,5.475448168355416811e-01,3.089139999999999873e+02,1.021000000000000085e+01,3.446000000000000174e+00,9.827999999999999403e+00,6.381999999999999673e+00,5.506714848174316668e-01,3.151720000000000255e+02
9.848000000000000753e+00,3.585999999999999854e+00,1.006600000000000072e+01,6.480000000000000426e+00,5.482685669747244805e-01,3.089139999999999873e+02,1.022300000000000075e+01,3.422000000000000153e+00,9.803000000000000824e+00,6.381000000000000227e+00,5.513726336227819935e-01,3.151970000000000027e+02
9.861000000000000654e+00,3.585999999999999854e+00,1.003999999999999915e+01,6.453999999999999737e+00,5.489923171139071689e-01,3.089139999999999873e+02,1.023600000000000065e+01,3.434000000000000163e+00,9.814999999999999503e+00,6.381000000000000227e+00,5.520737824281323203e-01,3.151850000000000023e+02
9.874000000000000554e+00,3.572999999999999954e+00,1.003899999999999970e+01,6.466000000000000192e+00,5.497160672530898573e-01,3.089270000000000209e+02,1.024900000000000055e+01,3.447999999999999954e+00,9.816000000000000725e+00,6.368000000000000327e+00,5.527749312334825360e-01,3.151840000000000259e+02
9.887000000000000455e+00,3.599000000000000199e+00,1.006600000000000072e+01,6.466999999999999638e+00,5.504398173922725457e-01,3.089010000000000105e+02,1.026200000000000045e+01,3.408999999999999808e+00,9.789999999999999147e+00,6.381000000000000227e+00,5.534760800388328628e-01,3.152099999999999795e+02
9.900000000000000355e+00,3.584999999999999964e+00,1.007600000000000051e+01,6.490999999999999659e+00,5.511635675314553451e-01,3.089150000000000205e+02,1.027500000000000036e+01,3.383999999999999897e+00,9.776999999999999247e+00,6.392999999999999794e+00,5.541772288441831895e-01,3.152230000000000132e+02
9.913999999999999702e+00,3.572999999999999954e+00,1.005199999999999960e+01,6.479000000000000092e+00,5.519429907582674710e-01,3.089270000000000209e+02,1.028800000000000026e+01,3.383000000000000007e+00,9.778999999999999915e+00,6.395999999999999908e+00,5.548783776495335163e-01,3.152210000000000036e+02
9.926999999999999602e+00,3.585999999999999854e+00,1.010200000000000031e+01,6.516000000000000014e+00,5.526667408974501594e-01,3.089139999999999873e+02,1.030100000000000016e+01,3.408999999999999808e+00,9.814999999999999503e+00,6.405999999999999694e+00,5.555795264548837320e-01,3.151850000000000023e+02
9.939999999999999503e+00,3.584999999999999964e+00,1.011599999999999966e+01,6.530999999999999694e+00,5.533904910366328478e-01,3.089150000000000205e+02,1.031900000000000084e+01,3.422000000000000153e+00,9.826999999999999957e+00,6.405000000000000249e+00,5.565503478776765434e-01,3.151730000000000018e+02
9.951999999999999957e+00,3.523000000000000131e+00,1.006700000000000017e+01,6.543999999999999595e+00,5.540585680881860986e-01,3.089769999999999754e+02,1.033099999999999952e+01,3.459000000000000075e+00,9.852000000000000313e+00,6.392999999999999794e+00,5.571975621595383066e-01,3.151480000000000246e+02
9.964999999999999858e+00,3.548999999999999932e+00,1.007799999999999940e+01,6.528999999999999915e+00,5.547823182273688980e-01,3.089510000000000218e+02,1.034399999999999942e+01,3.496999999999999886e+00,9.878000000000000114e+00,6.381000000000000227e+00,5.578987109648886333e-01,3.151220000000000141e+02
9.978999999999999204e+00,3.585999999999999854e+00,1.010399999999999920e+01,6.517999999999999794e+00,5.555617414541810239e-01,3.089139999999999873e+02,1.035699999999999932e+01,3.446000000000000174e+00,9.839000000000000412e+00,6.392999999999999794e+00,5.585998597702388491e-01,3.151610000000000014e+02
9.992000000000000881e+00,3.585999999999999854e+00,1.009200000000000053e+01,6.506000000000000227e+00,5.562854915933638233e-01,3.089139999999999873e+02,1.036999999999999922e+01,3.434000000000000163e+00,9.827999999999999403e+00,6.394000000000000128e+00,5.593010085755891758e-01,3.151720000000000255e+02
1.000500000000000078e+01,3.561999999999999833e+00,1.004299999999999926e+01,6.480999999999999872e+00,5.570092417325465117e-01,3.089379999999999882e+02,1.038299999999999912e+01,3.447000000000000064e+00,9.852000000000000313e+00,6.405000000000000249e+00,5.600021573809395026e-01,3.151480000000000246e+02
1.001800000000000068e+01,3.561999999999999833e+00,1.006600000000000072e+01,6.503999999999999559e+00,5.577329918717292001e-01,3.089379999999999882e+02,1.039700000000000024e+01,3.420999999999999819e+00,9.853999999999999204e+00,6.432999999999999829e+00,5.607572407097783929e-01,3.151460000000000150e+02
1.002999999999999936e+01,3.587000000000000188e+00,1.009200000000000053e+01,6.504999999999999893e+00,5.584010689232824509e-01,3.089130000000000109e+02,1.040900000000000070e+01,3.383000000000000007e+00,9.829000000000000625e+00,6.445999999999999730e+00,5.614044549916401561e-01,3.151709999999999923e+02
1.004299999999999926e+01,3.612000000000000099e+00,1.011500000000000021e+01,6.503000000000000114e+00,5.591248190624651393e-01,3.088879999999999768e+02,1.042300000000000004e+01,3.396999999999999797e+00,9.826000000000000512e+00,6.429000000000000270e+00,5.621595383204789353e-01,3.151739999999999782e+02
1.005700000000000038e+01,3.612000000000000099e+00,1.011500000000000021e+01,6.503000000000000114e+00,5.599042422892773763e-01,3.088879999999999768e+02,1.043599999999999994e+01,3.395999999999999908e+00,9.839000000000000412e+00,6.442999999999999616e+00,5.628606871258292621e-01,3.151610000000000014e+02
1.007000000000000028e+01,3.637000000000000011e+00,1.014199999999999946e+01,6.504999999999999893e+00,5.606279924284600646e-01,3.088629999999999995e+02,1.044899999999999984e+01,3.432999999999999829e+00,9.887999999999999901e+00,6.455000000000000071e+00,5.635618359311795889e-01,3.151120000000000232e+02
1.008200000000000074e+01,3.624000000000000110e+00,1.011700000000000088e+01,6.493000000000000327e+00,5.612960694800134265e-01,3.088759999999999764e+02,1.046199999999999974e+01,3.446000000000000174e+00,9.875999999999999446e+00,6.429999999999999716e+00,5.642629847365298046e-01,3.151240000000000236e+02
1.009600000000000009e+01,3.599000000000000199e+00,1.006499999999999950e+01,6.466000000000000192e+00,5.620754927068255524e-01,3.089010000000000105e+02,1.047499999999999964e+01,3.471000000000000085e+00,9.890000000000000568e+00,6.418999999999999595e+00,5.649641335418801313e-01,3.151100000000000136e+02
1.010899999999999999e+01,3.585999999999999854e+00,1.005300000000000082e+01,6.466999999999999638e+00,5.627992428460082408e-01,3.089139999999999873e+02,1.048799999999999955e+01,3.495999999999999996e+00,9.900999999999999801e+00,6.405000000000000249e+00,5.656652823472304581e-01,3.150989999999999895e+02
1.012199999999999989e+01,3.599000000000000199e+00,1.005499999999999972e+01,6.456000000000000405e+00,5.635229929851909292e-01,3.089010000000000105e+02,1.050999999999999979e+01,3.471999999999999975e+00,9.864000000000000767e+00,6.392000000000000348e+00,5.668518418639770795e-01,3.151360000000000241e+02
1.013499999999999979e+01,3.585999999999999854e+00,1.005300000000000082e+01,6.466999999999999638e+00,5.642467431243736176e-01,3.089139999999999873e+02,1.052299999999999969e+01,3.459000000000000075e+00,9.837999999999999190e+00,6.378999999999999559e+00,5.675529906693274063e-01,3.151619999999999777e+02
1.014799999999999969e+01,3.548999999999999932e+00,1.002999999999999936e+01,6.480999999999999872e+00,5.649704932635563059e-01,3.089510000000000218e+02,1.053599999999999959e+01,3.496999999999999886e+00,9.862000000000000099e+00,6.365000000000000213e+00,5.682541394746777330e-01,3.151379999999999768e+02
1.016099999999999959e+01,3.573999999999999844e+00,1.005400000000000027e+01,6.480000000000000426e+00,5.656942434027391053e-01,3.089259999999999877e+02,1.054899999999999949e+01,3.495999999999999996e+00,9.872999999999999332e+00,6.376999999999999780e+00,5.689552882800280598e-01,3.151270000000000095e+02
1.017399999999999949e+01,3.585999999999999854e+00,1.006600000000000072e+01,6.480000000000000426e+00,5.664179935419217937e-01,3.089139999999999873e+02,1.056700000000000017e+01,3.483000000000000096e+00,9.849999999999999645e+00,6.366999999999999993e+00,5.699261097028207601e-01,3.151499999999999773e+02
1.018800000000000061e+01,3.597999999999999865e+00,1.007799999999999940e+01,6.480000000000000426e+00,5.671974167687340307e-01,3.089019999999999868e+02,1.058000000000000007e+01,3.471000000000000085e+00,9.826000000000000512e+00,6.355000000000000426e+00,5.706272585081710869e-01,3.151739999999999782e+02
1.019999999999999929e+01,3.600000000000000089e+00,1.008000000000000007e+01,6.480000000000000426e+00,5.678654938202871705e-01,3.088999999999999773e+02,1.059299999999999997e+01,3.520999999999999908e+00,9.862000000000000099e+00,6.341000000000000192e+00,5.713284073135214136e-01,3.151379999999999768e+02
1.021299999999999919e+01,3.600000000000000089e+00,1.011500000000000021e+01,6.514999999999999680e+00,5.685892439594699699e-01,3.088999999999999773e+02,1.060999999999999943e+01,3.547000000000000153e+00,9.861000000000000654e+00,6.314000000000000057e+00,5.722452942128255504e-01,3.151390000000000100e+02
1.022700000000000031e+01,3.587000000000000188e+00,1.009299999999999997e+01,6.506000000000000227e+00,5.693686671862820958e-01,3.089130000000000109e+02,1.062299999999999933e+01,3.547000000000000153e+00,9.861000000000000654e+00,6.314000000000000057e+00,5.729464430181758772e-01,3.151390000000000100e+02
1.024000000000000021e+01,3.536000000000000032e+00,1.004299999999999926e+01,6.506999999999999673e+00,5.700924173254648952e-01,3.089639999999999986e+02,1.063499999999999979e+01,3.572999999999999954e+00,9.852000000000000313e+00,6.278999999999999915e+00,5.735936573000377514e-01,3.151480000000000246e+02
1.025300000000000011e+01,3.560999999999999943e+00,1.006799999999999962e+01,6.506999999999999673e+00,5.708161674646475836e-01,3.089390000000000214e+02,1.064899999999999913e+01,3.559000000000000163e+00,9.824999999999999289e+00,6.266000000000000014e+00,5.743487406288765307e-01,3.151750000000000114e+02
1.026500000000000057e+01,3.573999999999999844e+00,1.006700000000000017e+01,6.493000000000000327e+00,5.714842445162008344e-01,3.089259999999999877e+02,1.066200000000000081e+01,3.560000000000000053e+00,9.788999999999999702e+00,6.229000000000000092e+00,5.750498894342268574e-01,3.152110000000000127e+02
1.027800000000000047e+01,3.560999999999999943e+00,1.006499999999999950e+01,6.503999999999999559e+00,5.722079946553836338e-01,3.089390000000000214e+02,1.067500000000000071e+01,3.559000000000000163e+00,9.798999999999999488e+00,6.240000000000000213e+00,5.757510382395771842e-01,3.152010000000000218e+02
1.029199999999999982e+01,3.584999999999999964e+00,1.005499999999999972e+01,6.469999999999999751e+00,5.729874178821957598e-01,3.089150000000000205e+02,1.068800000000000061e+01,3.584000000000000075e+00,9.801999999999999602e+00,6.217999999999999972e+00,5.764521870449275109e-01,3.151979999999999791e+02
1.030499999999999972e+01,3.599000000000000199e+00,1.004100000000000037e+01,6.442000000000000171e+00,5.737111680213784481e-01,3.089010000000000105e+02,1.070100000000000051e+01,3.584999999999999964e+00,9.798999999999999488e+00,6.214000000000000412e+00,5.771533358502778377e-01,3.152010000000000218e+02
1.031700000000000017e+01,3.624000000000000110e+00,1.005400000000000027e+01,6.429999999999999716e+00,5.743792450729316990e-01,3.088759999999999764e+02,1.071400000000000041e+01,3.572000000000000064e+00,9.772000000000000242e+00,6.200000000000000178e+00,5.778544846556280534e-01,3.152280000000000086e+02
1.033099999999999952e+01,3.661999999999999922e+00,1.007799999999999940e+01,6.416000000000000369e+00,5.751586682997438249e-01,3.088380000000000223e+02,1.072700000000000031e+01,3.584000000000000075e+00,9.785000000000000142e+00,6.200999999999999623e+00,5.785556334609783802e-01,3.152149999999999750e+02
1.034399999999999942e+01,3.637000000000000011e+00,1.004199999999999982e+01,6.405000000000000249e+00,5.758824184389266243e-01,3.088629999999999995e+02,1.074399999999999977e+01,3.634999999999999787e+00,9.788000000000000256e+00,6.152999999999999581e+00,5.794725203602826280e-01,3.152119999999999891e+02
1.035699999999999932e+01,3.624000000000000110e+00,1.005499999999999972e+01,6.431000000000000050e+00,5.766061685781093127e-01,3.088759999999999764e+02,1.075799999999999912e+01,3.596999999999999975e+00,9.785000000000000142e+00,6.187999999999999723e+00,5.802276036891214073e-01,3.152149999999999750e+02
1.036899999999999977e+01,3.625000000000000000e+00,1.004199999999999982e+01,6.416999999999999815e+00,5.772742456296625635e-01,3.088750000000000000e+02,1.077100000000000080e+01,3.596999999999999975e+00,9.787000000000000810e+00,6.190000000000000391e+00,5.809287524944717340e-01,3.152130000000000223e+02
1.038299999999999912e+01,3.585999999999999854e+00,9.990999999999999659e+00,6.405000000000000249e+00,5.780536688564746894e-01,3.089139999999999873e+02,1.078400000000000070e+01,3.621999999999999886e+00,9.836999999999999744e+00,6.214999999999999858e+00,5.816299012998220608e-01,3.151630000000000109e+02
1.039600000000000080e+01,3.560999999999999943e+00,9.965999999999999304e+00,6.405000000000000249e+00,5.787774189956574888e-01,3.089390000000000214e+02,1.079700000000000060e+01,3.571000000000000174e+00,9.775000000000000355e+00,6.203999999999999737e+00,5.823310501051723875e-01,3.152250000000000227e+02
1.040900000000000070e+01,3.584999999999999964e+00,9.989000000000000767e+00,6.403999999999999915e+00,5.795011691348402882e-01,3.089150000000000205e+02,1.081000000000000050e+01,3.559000000000000163e+00,9.773999999999999133e+00,6.214999999999999858e+00,5.830321989105226033e-01,3.152259999999999991e+02
1.042200000000000060e+01,3.600000000000000089e+00,9.977999999999999758e+00,6.378000000000000114e+00,5.802249192740229766e-01,3.088999999999999773e+02,1.082300000000000040e+01,3.596999999999999975e+00,9.821999999999999176e+00,6.224999999999999645e+00,5.837333477158729300e-01,3.151779999999999973e+02
1.043500000000000050e+01,3.585999999999999854e+00,9.977000000000000313e+00,6.391000000000000014e+00,5.809486694132056650e-01,3.089139999999999873e+02,1.083600000000000030e+01,3.623000000000000220e+00,9.858999999999999986e+00,6.235999999999999766e+00,5.844344965212232568e-01,3.151410000000000196e+02
1.044800000000000040e+01,3.597999999999999865e+00,9.989000000000000767e+00,6.391000000000000014e+00,5.816724195523883534e-01,3.089019999999999868e+02,1.084900000000000020e+01,3.608999999999999986e+00,9.861000000000000654e+00,6.251999999999999780e+00,5.851356453265735835e-01,3.151390000000000100e+02
1.046100000000000030e+01,3.611000000000000210e+00,1.002699999999999925e+01,6.416000000000000369e+00,5.823961696915710418e-01,3.088890000000000100e+02,1.086200000000000010e+01,3.596999999999999975e+00,9.871999999999999886e+00,6.275000000000000355e+00,5.858367941319239103e-01,3.151279999999999859e+02
1.047400000000000020e+01,3.623000000000000220e+00,1.003899999999999970e+01,6.416000000000000369e+00,5.831199198307538412e-01,3.088770000000000095e+02,1.087500000000000000e+01,3.609999999999999876e+00,9.874000000000000554e+00,6.264000000000000234e+00,5.865379429372741260e-01,3.151259999999999764e+02
1.048799999999999955e+01,3.624000000000000110e+00,1.002800000000000047e+01,6.403999999999999915e+00,5.838993430575659671e-01,3.088759999999999764e+02,1.089300000000000068e+01,3.621999999999999886e+00,9.907999999999999474e+00,6.285999999999999588e+00,5.875087643600669374e-01,3.150919999999999845e+02
1.050000000000000000e+01,3.625000000000000000e+00,1.005100000000000016e+01,6.426000000000000156e+00,5.845674201091192179e-01,3.088750000000000000e+02,1.090600000000000058e+01,3.608999999999999986e+00,9.884000000000000341e+00,6.275000000000000355e+00,5.882099131654172641e-01,3.151159999999999854e+02
1.051299999999999990e+01,3.624000000000000110e+00,1.005300000000000082e+01,6.429000000000000270e+00,5.852911702483019063e-01,3.088759999999999764e+02,1.091900000000000048e+01,3.633999999999999897e+00,9.910999999999999588e+00,6.277000000000000135e+00,5.889110619707674799e-01,3.150889999999999986e+02
1.052599999999999980e+01,3.611000000000000210e+00,1.002500000000000036e+01,6.413999999999999702e+00,5.860149203874847057e-01,3.088890000000000100e+02,1.093099999999999916e+01,3.634999999999999787e+00,9.910000000000000142e+00,6.275000000000000355e+00,5.895582762526292431e-01,3.150899999999999750e+02
1.053899999999999970e+01,3.597999999999999865e+00,1.001399999999999935e+01,6.416000000000000369e+00,5.867386705266673941e-01,3.089019999999999868e+02,1.094400000000000084e+01,3.608999999999999986e+00,9.872999999999999332e+00,6.264000000000000234e+00,5.902594250579796809e-01,3.151270000000000095e+02
1.055199999999999960e+01,3.625000000000000000e+00,1.003899999999999970e+01,6.413999999999999702e+00,5.874624206658500825e-01,3.088750000000000000e+02,1.095700000000000074e+01,3.584000000000000075e+00,9.872999999999999332e+00,6.288999999999999702e+00,5.909605738633300076e-01,3.151270000000000095e+02
1.056499999999999950e+01,3.636000000000000121e+00,1.006400000000000006e+01,6.427999999999999936e+00,5.881861708050327708e-01,3.088639999999999759e+02,1.097000000000000064e+01,3.633999999999999897e+00,9.935000000000000497e+00,6.301000000000000156e+00,5.916617226686802233e-01,3.150649999999999977e+02
1.057900000000000063e+01,3.636000000000000121e+00,1.006199999999999939e+01,6.426000000000000156e+00,5.889655940318450078e-01,3.088639999999999759e+02,1.098300000000000054e+01,3.648000000000000131e+00,9.961000000000000298e+00,6.312999999999999723e+00,5.923628714740305501e-01,3.150389999999999873e+02
1.059200000000000053e+01,3.625000000000000000e+00,1.005300000000000082e+01,6.427999999999999936e+00,5.896893441710276962e-01,3.088750000000000000e+02,1.099699999999999989e+01,3.621999999999999886e+00,9.948000000000000398e+00,6.325999999999999623e+00,5.931179548028693294e-01,3.150520000000000209e+02
1.060500000000000043e+01,3.624000000000000110e+00,1.005199999999999960e+01,6.427999999999999936e+00,5.904130943102104956e-01,3.088759999999999764e+02,1.101399999999999935e+01,3.634999999999999787e+00,9.961000000000000298e+00,6.325999999999999623e+00,5.940348417021735772e-01,3.150389999999999873e+02
1.061800000000000033e+01,3.649999999999999911e+00,1.007499999999999929e+01,6.424999999999999822e+00,5.911368444493931840e-01,3.088500000000000227e+02,1.102699999999999925e+01,3.633999999999999897e+00,1.000900000000000034e+01,6.375000000000000000e+00,5.947359905075237929e-01,3.149909999999999854e+02
1.063499999999999979e+01,3.636000000000000121e+00,1.005100000000000016e+01,6.415000000000000036e+00,5.920832869390936226e-01,3.088639999999999759e+02,1.103999999999999915e+01,3.633999999999999897e+00,1.000999999999999979e+01,6.376000000000000334e+00,5.954371393128741197e-01,3.149900000000000091e+02
1.064799999999999969e+01,3.609999999999999876e+00,1.004100000000000037e+01,6.431000000000000050e+00,5.928070370782763110e-01,3.088899999999999864e+02,1.105300000000000082e+01,3.620999999999999996e+00,1.000999999999999979e+01,6.389000000000000234e+00,5.961382881182245574e-01,3.149900000000000091e+02
1.066099999999999959e+01,3.609999999999999876e+00,1.005199999999999960e+01,6.442000000000000171e+00,5.935307872174589994e-01,3.088899999999999864e+02,1.106600000000000072e+01,3.620999999999999996e+00,1.001999999999999957e+01,6.399000000000000021e+00,5.968394369235747732e-01,3.149800000000000182e+02
1.067399999999999949e+01,3.584999999999999964e+00,1.002699999999999925e+01,6.442000000000000171e+00,5.942545373566417988e-01,3.089150000000000205e+02,1.108399999999999963e+01,3.621999999999999886e+00,1.000900000000000034e+01,6.386999999999999567e+00,5.978102583463674735e-01,3.149909999999999854e+02
1.068699999999999939e+01,3.585999999999999854e+00,1.000099999999999945e+01,6.415000000000000036e+00,5.949782874958244872e-01,3.089139999999999873e+02,1.109699999999999953e+01,3.584000000000000075e+00,9.958999999999999631e+00,6.375000000000000000e+00,5.985114071517178003e-01,3.150409999999999968e+02
1.069999999999999929e+01,3.636000000000000121e+00,1.003800000000000026e+01,6.402000000000000135e+00,5.957020376350071755e-01,3.088639999999999759e+02,1.110999999999999943e+01,3.571000000000000174e+00,9.946999999999999176e+00,6.376000000000000334e+00,5.992125559570681270e-01,3.150529999999999973e+02
1.071400000000000041e+01,3.648000000000000131e+00,1.002599999999999980e+01,6.378000000000000114e+00,5.964814608618194125e-01,3.088519999999999754e+02,1.112700000000000067e+01,3.583000000000000185e+00,9.960000000000000853e+00,6.376999999999999780e+00,6.001294428563723748e-01,3.150400000000000205e+02
1.072600000000000087e+01,3.609999999999999876e+00,1.000099999999999945e+01,6.391000000000000014e+00,5.971495379133726633e-01,3.088899999999999864e+02,1.114100000000000001e+01,3.608999999999999986e+00,9.993999999999999773e+00,6.384999999999999787e+00,6.008845261852111541e-01,3.150059999999999718e+02
1.074300000000000033e+01,3.636000000000000121e+00,1.000200000000000067e+01,6.365999999999999659e+00,5.980959804030731020e-01,3.088639999999999759e+02,1.115399999999999991e+01,3.620999999999999996e+00,9.994999999999999218e+00,6.373999999999999666e+00,6.015856749905614809e-01,3.150049999999999955e+02
1.075699999999999967e+01,3.636000000000000121e+00,1.000000000000000000e+01,6.363999999999999879e+00,5.988754036298852279e-01,3.088639999999999759e+02,1.116699999999999982e+01,3.596000000000000085e+00,9.983000000000000540e+00,6.386999999999999567e+00,6.022868237959118076e-01,3.150169999999999959e+02
1.076900000000000013e+01,3.623000000000000220e+00,9.989000000000000767e+00,6.365999999999999659e+00,5.995434806814385897e-01,3.088770000000000095e+02,1.118399999999999928e+01,3.596999999999999975e+00,9.983000000000000540e+00,6.386000000000000121e+00,6.032037106952159444e-01,3.150169999999999959e+02
1.078299999999999947e+01,3.624000000000000110e+00,9.974999999999999645e+00,6.350999999999999979e+00,6.003229039082507157e-01,3.088759999999999764e+02,1.119699999999999918e+01,3.620999999999999996e+00,1.000699999999999967e+01,6.386000000000000121e+00,6.039048595005662712e-01,3.149929999999999950e+02
1.079599999999999937e+01,3.623000000000000220e+00,9.977000000000000313e+00,6.354000000000000092e+00,6.010466540474334041e-01,3.088770000000000095e+02,1.121499999999999986e+01,3.583000000000000185e+00,9.970000000000000639e+00,6.386999999999999567e+00,6.048756809233590825e-01,3.150299999999999727e+02
1.080899999999999928e+01,3.648000000000000131e+00,9.987000000000000099e+00,6.339000000000000412e+00,6.017704041866160924e-01,3.088519999999999754e+02,1.122700000000000031e+01,3.608999999999999986e+00,9.968999999999999417e+00,6.360000000000000320e+00,6.055228952052208458e-01,3.150310000000000059e+02
1.082199999999999918e+01,3.609999999999999876e+00,9.938000000000000611e+00,6.328000000000000291e+00,6.024941543257988918e-01,3.088899999999999864e+02,1.124000000000000021e+01,3.596000000000000085e+00,9.968999999999999417e+00,6.373000000000000220e+00,6.062240440105711725e-01,3.150310000000000059e+02
1.083500000000000085e+01,3.623000000000000220e+00,9.939000000000000057e+00,6.315999999999999837e+00,6.032179044649816912e-01,3.088770000000000095e+02,1.125300000000000011e+01,3.557999999999999829e+00,9.932999999999999829e+00,6.375000000000000000e+00,6.069251928159214993e-01,3.150670000000000073e+02
1.084800000000000075e+01,3.661000000000000032e+00,9.987000000000000099e+00,6.325999999999999623e+00,6.039416546041643796e-01,3.088389999999999986e+02,1.126600000000000001e+01,3.583000000000000185e+00,9.958000000000000185e+00,6.375000000000000000e+00,6.076263416212718260e-01,3.150419999999999732e+02
1.086200000000000010e+01,3.673000000000000043e+00,9.989000000000000767e+00,6.315999999999999837e+00,6.047210778309765056e-01,3.088269999999999982e+02,1.127899999999999991e+01,3.633000000000000007e+00,1.000699999999999967e+01,6.373999999999999666e+00,6.083274904266220418e-01,3.149929999999999950e+02
1.087400000000000055e+01,3.673999999999999932e+00,9.986000000000000654e+00,6.312000000000000277e+00,6.053891548825297564e-01,3.088260000000000218e+02,1.129700000000000060e+01,3.658999999999999808e+00,1.000799999999999912e+01,6.349000000000000199e+00,6.092983118494148531e-01,3.149920000000000186e+02
1.088700000000000045e+01,3.673999999999999932e+00,9.976000000000000867e+00,6.301999999999999602e+00,6.061129050217125558e-01,3.088260000000000218e+02,1.131000000000000050e+01,3.593999999999999861e+00,9.993000000000000327e+00,6.399000000000000021e+00,6.099994606547651799e-01,3.150070000000000050e+02
1.090000000000000036e+01,3.636000000000000121e+00,9.938000000000000611e+00,6.301999999999999602e+00,6.068366551608952442e-01,3.088639999999999759e+02,1.132699999999999996e+01,3.580999999999999961e+00,9.967000000000000526e+00,6.386000000000000121e+00,6.109163475540693167e-01,3.150330000000000155e+02
1.091399999999999970e+01,3.649000000000000021e+00,9.948999999999999844e+00,6.299999999999999822e+00,6.076160783877073701e-01,3.088509999999999991e+02,1.133999999999999986e+01,3.595000000000000195e+00,9.964999999999999858e+00,6.370000000000000107e+00,6.116174963594196434e-01,3.150350000000000250e+02
1.092600000000000016e+01,3.673000000000000043e+00,9.960000000000000853e+00,6.286999999999999922e+00,6.082841554392606209e-01,3.088269999999999982e+02,1.135299999999999976e+01,3.595000000000000195e+00,9.954000000000000625e+00,6.358999999999999986e+00,6.123186451647699702e-01,3.150459999999999923e+02
1.093999999999999950e+01,3.661000000000000032e+00,9.925000000000000711e+00,6.264000000000000234e+00,6.090635786660727469e-01,3.088389999999999986e+02,1.136599999999999966e+01,3.569999999999999840e+00,9.916999999999999815e+00,6.347000000000000419e+00,6.130197939701202969e-01,3.150830000000000268e+02
1.095299999999999940e+01,3.660000000000000142e+00,9.923000000000000043e+00,6.262999999999999901e+00,6.097873288052554352e-01,3.088399999999999750e+02,1.137899999999999956e+01,3.581999999999999851e+00,9.906000000000000583e+00,6.323999999999999844e+00,6.137209427754705127e-01,3.150939999999999941e+02
1.096599999999999930e+01,3.658999999999999808e+00,9.935999999999999943e+00,6.277000000000000135e+00,6.105110789444382347e-01,3.088410000000000082e+02,1.139700000000000024e+01,3.607000000000000206e+00,9.916000000000000369e+00,6.309000000000000163e+00,6.146917641982633240e-01,3.150840000000000032e+02
1.097899999999999920e+01,3.623000000000000220e+00,9.910000000000000142e+00,6.286999999999999922e+00,6.112348290836209230e-01,3.088770000000000095e+02,1.141000000000000014e+01,3.568999999999999950e+00,9.855999999999999872e+00,6.286999999999999922e+00,6.153929130036136508e-01,3.151440000000000055e+02
1.099600000000000044e+01,3.621999999999999886e+00,9.922000000000000597e+00,6.299999999999999822e+00,6.121812715733214727e-01,3.088779999999999859e+02,1.142300000000000004e+01,3.605999999999999872e+00,9.903999999999999915e+00,6.298000000000000043e+00,6.160940618089639775e-01,3.150960000000000036e+02
1.100900000000000034e+01,3.660000000000000142e+00,9.948999999999999844e+00,6.288999999999999702e+00,6.129050217125041611e-01,3.088399999999999750e+02,1.143599999999999994e+01,3.644000000000000128e+00,9.916000000000000369e+00,6.272000000000000242e+00,6.167952106143141933e-01,3.150840000000000032e+02
1.102200000000000024e+01,3.672000000000000153e+00,9.948999999999999844e+00,6.277000000000000135e+00,6.136287718516868495e-01,3.088279999999999745e+02,1.145400000000000063e+01,3.645000000000000018e+00,9.904999999999999361e+00,6.259999999999999787e+00,6.177660320371070046e-01,3.150950000000000273e+02
1.103500000000000014e+01,3.633999999999999897e+00,9.897000000000000242e+00,6.262999999999999901e+00,6.143525219908696489e-01,3.088659999999999854e+02,1.146700000000000053e+01,3.605999999999999872e+00,9.875999999999999446e+00,6.269999999999999574e+00,6.184671808424573314e-01,3.151240000000000236e+02
1.104800000000000004e+01,3.621999999999999886e+00,9.884999999999999787e+00,6.262999999999999901e+00,6.150762721300523372e-01,3.088779999999999859e+02,1.148000000000000043e+01,3.595000000000000195e+00,9.852000000000000313e+00,6.256999999999999673e+00,6.191683296478075471e-01,3.151480000000000246e+02
1.106099999999999994e+01,3.646999999999999797e+00,9.920999999999999375e+00,6.274000000000000021e+00,6.158000222692350256e-01,3.088530000000000086e+02,1.149300000000000033e+01,3.619000000000000217e+00,9.875999999999999446e+00,6.256999999999999673e+00,6.198694784531578739e-01,3.151240000000000236e+02
1.107399999999999984e+01,3.685000000000000053e+00,9.935000000000000497e+00,6.250000000000000000e+00,6.165237724084177140e-01,3.088149999999999977e+02,1.150600000000000023e+01,3.645000000000000018e+00,9.890000000000000568e+00,6.245000000000000107e+00,6.205706272585082006e-01,3.151100000000000136e+02
1.108799999999999919e+01,3.645999999999999908e+00,9.922000000000000597e+00,6.275999999999999801e+00,6.173031956352298399e-01,3.088539999999999850e+02,1.152299999999999969e+01,3.607000000000000206e+00,9.862999999999999545e+00,6.256000000000000227e+00,6.214875141578124484e-01,3.151370000000000005e+02
1.109999999999999964e+01,3.672000000000000153e+00,9.945999999999999730e+00,6.274000000000000021e+00,6.179712726867832018e-01,3.088279999999999745e+02,1.153599999999999959e+01,3.620000000000000107e+00,9.890000000000000568e+00,6.269999999999999574e+00,6.221886629631626642e-01,3.151100000000000136e+02
1.111299999999999955e+01,3.685000000000000053e+00,9.958000000000000185e+00,6.272999999999999687e+00,6.186950228259658902e-01,3.088149999999999977e+02,1.154899999999999949e+01,3.605999999999999872e+00,9.874000000000000554e+00,6.267999999999999794e+00,6.228898117685129909e-01,3.151259999999999764e+02
1.112599999999999945e+01,3.633999999999999897e+00,9.920999999999999375e+00,6.286999999999999922e+00,6.194187729651485785e-01,3.088659999999999854e+02,1.156199999999999939e+01,3.580999999999999961e+00,9.864000000000000767e+00,6.283000000000000362e+00,6.235909605738633177e-01,3.151360000000000241e+02
1.114000000000000057e+01,3.645999999999999908e+00,9.945999999999999730e+00,6.299999999999999822e+00,6.201981961919608155e-01,3.088539999999999850e+02,1.157499999999999929e+01,3.630999999999999783e+00,9.935000000000000497e+00,6.304000000000000270e+00,6.242921093792136444e-01,3.150649999999999977e+02
1.115199999999999925e+01,3.697000000000000064e+00,9.983000000000000540e+00,6.285999999999999588e+00,6.208662732435140663e-01,3.088029999999999973e+02,1.158799999999999919e+01,3.656000000000000139e+00,9.961000000000000298e+00,6.304999999999999716e+00,6.249932581845638602e-01,3.150389999999999873e+02
1.116999999999999993e+01,3.709000000000000075e+00,9.983000000000000540e+00,6.274000000000000021e+00,6.218683888208439425e-01,3.087909999999999968e+02,1.160100000000000087e+01,3.630999999999999783e+00,9.939000000000000057e+00,6.307999999999999829e+00,6.256944069899142979e-01,3.150609999999999786e+02
1.118299999999999983e+01,3.672000000000000153e+00,9.945999999999999730e+00,6.274000000000000021e+00,6.225921389600267419e-01,3.088279999999999745e+02,1.161800000000000033e+01,3.604999999999999982e+00,9.923999999999999488e+00,6.318999999999999950e+00,6.266112938892185458e-01,3.150760000000000218e+02
1.119599999999999973e+01,3.645999999999999908e+00,9.930999999999999162e+00,6.285000000000000142e+00,6.233158890992094303e-01,3.088539999999999850e+02,1.163199999999999967e+01,3.607000000000000206e+00,9.887000000000000455e+00,6.280000000000000249e+00,6.273663772180572140e-01,3.151129999999999995e+02
1.121299999999999919e+01,3.645999999999999908e+00,9.932000000000000384e+00,6.285999999999999588e+00,6.242623315889098690e-01,3.088539999999999850e+02,1.164899999999999913e+01,3.605999999999999872e+00,9.885999999999999233e+00,6.280000000000000249e+00,6.282832641173614618e-01,3.151139999999999759e+02
1.122600000000000087e+01,3.633000000000000007e+00,9.942999999999999616e+00,6.309999999999999609e+00,6.249860817280926684e-01,3.088670000000000186e+02,1.166200000000000081e+01,3.619000000000000217e+00,9.897000000000000242e+00,6.277999999999999581e+00,6.289844129227118996e-01,3.151030000000000086e+02
1.123900000000000077e+01,3.608999999999999986e+00,9.932000000000000384e+00,6.323000000000000398e+00,6.257098318672753567e-01,3.088910000000000196e+02,1.167500000000000071e+01,3.592999999999999972e+00,9.897999999999999687e+00,6.304999999999999716e+00,6.296855617280622264e-01,3.151019999999999754e+02
1.125300000000000011e+01,3.607000000000000206e+00,9.957000000000000739e+00,6.349999999999999645e+00,6.264892550940874827e-01,3.088929999999999723e+02,1.169299999999999962e+01,3.604999999999999982e+00,9.935999999999999943e+00,6.331000000000000405e+00,6.306563831508548157e-01,3.150640000000000214e+02
1.126500000000000057e+01,3.607000000000000206e+00,9.942999999999999616e+00,6.336000000000000298e+00,6.271573321456408445e-01,3.088929999999999723e+02,1.170599999999999952e+01,3.579000000000000181e+00,9.935000000000000497e+00,6.355999999999999872e+00,6.313575319562051424e-01,3.150649999999999977e+02
1.128299999999999947e+01,3.571000000000000174e+00,9.930999999999999162e+00,6.360000000000000320e+00,6.281594477229707207e-01,3.089289999999999736e+02,1.171899999999999942e+01,3.553999999999999826e+00,9.897999999999999687e+00,6.344000000000000306e+00,6.320586807615554692e-01,3.151019999999999754e+02
1.129599999999999937e+01,3.620000000000000107e+00,9.978999999999999204e+00,6.358999999999999986e+00,6.288831978621534091e-01,3.088799999999999955e+02,1.173199999999999932e+01,3.592000000000000082e+00,9.957000000000000739e+00,6.365000000000000213e+00,6.327598295669057960e-01,3.150430000000000064e+02
1.130899999999999928e+01,3.645000000000000018e+00,1.000200000000000067e+01,6.357000000000000206e+00,6.296069480013360975e-01,3.088550000000000182e+02,1.174499999999999922e+01,3.604999999999999982e+00,9.960000000000000853e+00,6.355000000000000426e+00,6.334609783722560117e-01,3.150400000000000205e+02
1.132699999999999996e+01,3.620000000000000107e+00,9.990999999999999659e+00,6.371000000000000441e+00,6.306090635786660847e-01,3.088799999999999955e+02,1.176200000000000045e+01,3.604999999999999982e+00,9.958999999999999631e+00,6.354000000000000092e+00,6.343778652715603705e-01,3.150409999999999968e+02
1.133900000000000041e+01,3.632000000000000117e+00,9.977000000000000313e+00,6.344999999999999751e+00,6.312771406302193355e-01,3.088679999999999950e+02,1.177500000000000036e+01,3.592000000000000082e+00,9.958999999999999631e+00,6.366999999999999993e+00,6.350790140769106973e-01,3.150409999999999968e+02
1.135200000000000031e+01,3.608000000000000096e+00,9.941000000000000725e+00,6.333000000000000185e+00,6.320008907694020239e-01,3.088919999999999959e+02,1.178899999999999970e+01,3.567000000000000171e+00,9.909000000000000696e+00,6.341999999999999638e+00,6.358340974057493655e-01,3.150910000000000082e+02
1.136500000000000021e+01,3.593999999999999861e+00,9.951000000000000512e+00,6.357000000000000206e+00,6.327246409085848233e-01,3.089060000000000059e+02,1.180199999999999960e+01,3.579000000000000181e+00,9.946999999999999176e+00,6.368000000000000327e+00,6.365352462110996923e-01,3.150529999999999973e+02
1.137899999999999956e+01,3.580999999999999961e+00,9.941000000000000725e+00,6.360000000000000320e+00,6.335040641353969493e-01,3.089189999999999827e+02,1.181900000000000084e+01,3.577999999999999847e+00,9.960000000000000853e+00,6.381999999999999673e+00,6.374521331104040511e-01,3.150400000000000205e+02
1.139199999999999946e+01,3.544999999999999929e+00,9.903000000000000469e+00,6.357999999999999652e+00,6.342278142745796377e-01,3.089549999999999841e+02,1.183099999999999952e+01,3.528000000000000025e+00,9.907999999999999474e+00,6.379999999999999893e+00,6.380993473922658143e-01,3.150919999999999845e+02
1.140399999999999991e+01,3.581999999999999851e+00,9.903000000000000469e+00,6.320999999999999730e+00,6.348958913261328885e-01,3.089180000000000064e+02,1.184399999999999942e+01,3.553999999999999826e+00,9.932999999999999829e+00,6.378999999999999559e+00,6.388004961976160301e-01,3.150670000000000073e+02
1.141799999999999926e+01,3.605999999999999872e+00,9.939999999999999503e+00,6.333999999999999631e+00,6.356753145529450144e-01,3.088940000000000055e+02,1.185699999999999932e+01,3.565999999999999837e+00,9.945999999999999730e+00,6.379999999999999893e+00,6.395016450029663568e-01,3.150539999999999736e+02
1.143099999999999916e+01,3.607000000000000206e+00,9.926999999999999602e+00,6.320000000000000284e+00,6.363990646921277028e-01,3.088929999999999723e+02,1.187500000000000000e+01,3.528999999999999915e+00,9.932999999999999829e+00,6.403999999999999915e+00,6.404724664257591682e-01,3.150670000000000073e+02
1.144800000000000040e+01,3.620000000000000107e+00,9.926999999999999602e+00,6.307000000000000384e+00,6.373455071818282525e-01,3.088799999999999955e+02,1.189199999999999946e+01,3.565999999999999837e+00,9.983000000000000540e+00,6.416999999999999815e+00,6.413893533250633050e-01,3.150169999999999959e+02
1.146199999999999974e+01,3.656000000000000139e+00,9.961999999999999744e+00,6.306000000000000050e+00,6.381249304086403784e-01,3.088439999999999941e+02,1.190499999999999936e+01,3.603000000000000203e+00,1.001900000000000013e+01,6.416000000000000369e+00,6.420905021304136318e-01,3.149809999999999945e+02
1.147400000000000020e+01,3.630999999999999783e+00,9.938000000000000611e+00,6.307000000000000384e+00,6.387930074601937402e-01,3.088690000000000282e+02,1.191799999999999926e+01,3.552999999999999936e+00,9.981999999999999318e+00,6.429000000000000270e+00,6.427916509357639585e-01,3.150180000000000291e+02
1.148700000000000010e+01,3.592999999999999972e+00,9.913000000000000256e+00,6.320000000000000284e+00,6.395167575993764286e-01,3.089069999999999823e+02,1.193200000000000038e+01,3.527000000000000135e+00,9.965999999999999304e+00,6.439000000000000057e+00,6.435467342646028488e-01,3.150339999999999918e+02
1.150099999999999945e+01,3.580000000000000071e+00,9.888999999999999346e+00,6.309000000000000163e+00,6.402961808261885546e-01,3.089200000000000159e+02,1.194899999999999984e+01,3.528000000000000025e+00,9.955999999999999517e+00,6.427999999999999936e+00,6.444636211639069856e-01,3.150439999999999827e+02
1.151800000000000068e+01,3.568000000000000060e+00,9.901999999999999247e+00,6.333999999999999631e+00,6.412426233158891042e-01,3.089320000000000164e+02,1.196199999999999974e+01,3.552999999999999936e+00,9.992000000000000881e+00,6.439000000000000057e+00,6.451647699692573124e-01,3.150079999999999814e+02
1.152999999999999936e+01,3.604999999999999982e+00,9.925000000000000711e+00,6.320000000000000284e+00,6.419107003674423551e-01,3.088949999999999818e+02,1.198000000000000043e+01,3.540999999999999925e+00,9.978999999999999204e+00,6.437999999999999723e+00,6.461355913920501237e-01,3.150210000000000150e+02
1.154400000000000048e+01,3.580999999999999961e+00,9.913999999999999702e+00,6.333000000000000185e+00,6.426901235942545920e-01,3.089189999999999827e+02,1.199300000000000033e+01,3.528000000000000025e+00,9.968999999999999417e+00,6.440999999999999837e+00,6.468367401974003394e-01,3.150310000000000059e+02
1.156099999999999994e+01,3.605999999999999872e+00,9.951000000000000512e+00,6.344999999999999751e+00,6.436365660839550307e-01,3.088940000000000055e+02,1.200600000000000023e+01,3.552999999999999936e+00,1.001500000000000057e+01,6.461999999999999744e+00,6.475378890027506662e-01,3.149850000000000136e+02
1.157499999999999929e+01,3.619000000000000217e+00,9.987000000000000099e+00,6.368000000000000327e+00,6.444159893107671566e-01,3.088809999999999718e+02,1.202299999999999969e+01,3.540999999999999925e+00,1.000300000000000011e+01,6.461999999999999744e+00,6.484547759020549140e-01,3.149970000000000141e+02
1.158799999999999919e+01,3.580000000000000071e+00,9.960000000000000853e+00,6.379999999999999893e+00,6.451397394499498450e-01,3.089200000000000159e+02,1.204100000000000037e+01,3.552000000000000046e+00,1.001500000000000057e+01,6.463000000000000078e+00,6.494255973248476144e-01,3.149850000000000136e+02
1.159999999999999964e+01,3.642999999999999794e+00,9.997999999999999332e+00,6.355000000000000426e+00,6.458078165015030958e-01,3.088570000000000277e+02,1.205400000000000027e+01,3.576999999999999957e+00,1.002899999999999991e+01,6.451999999999999957e+00,6.501267461301979411e-01,3.149710000000000036e+02
1.161299999999999955e+01,3.654999999999999805e+00,9.997999999999999332e+00,6.342999999999999972e+00,6.465315666406858952e-01,3.088450000000000273e+02,1.207099999999999973e+01,3.564999999999999947e+00,1.002800000000000047e+01,6.463000000000000078e+00,6.510436330295021889e-01,3.149719999999999800e+02
1.162599999999999945e+01,3.669000000000000039e+00,9.986000000000000654e+00,6.317000000000000171e+00,6.472553167798685836e-01,3.088310000000000173e+02,1.208399999999999963e+01,3.589999999999999858e+00,1.005400000000000027e+01,6.464000000000000412e+00,6.517447818348525157e-01,3.149460000000000264e+02
1.164400000000000013e+01,3.693000000000000060e+00,9.974000000000000199e+00,6.280999999999999694e+00,6.482574323571984598e-01,3.088070000000000164e+02,1.210200000000000031e+01,3.540000000000000036e+00,1.001500000000000057e+01,6.474999999999999645e+00,6.527156032576452160e-01,3.149850000000000136e+02
1.165700000000000003e+01,3.656000000000000139e+00,9.948000000000000398e+00,6.291999999999999815e+00,6.489811824963812592e-01,3.088439999999999941e+02,1.211500000000000021e+01,3.525999999999999801e+00,1.000300000000000011e+01,6.477000000000000313e+00,6.534167520629955428e-01,3.149970000000000141e+02
1.166999999999999993e+01,3.656000000000000139e+00,9.946999999999999176e+00,6.291000000000000369e+00,6.497049326355639476e-01,3.088439999999999941e+02,1.213100000000000023e+01,3.564000000000000057e+00,1.004899999999999949e+01,6.485000000000000320e+00,6.542797044388113381e-01,3.149510000000000218e+02
1.168800000000000061e+01,3.654999999999999805e+00,9.971999999999999531e+00,6.317000000000000171e+00,6.507070482128939348e-01,3.088450000000000273e+02,1.214400000000000013e+01,3.487999999999999989e+00,9.986000000000000654e+00,6.498000000000000220e+00,6.549808532441615538e-01,3.150140000000000100e+02
1.169999999999999929e+01,3.616999999999999993e+00,9.957000000000000739e+00,6.339999999999999858e+00,6.513751252644470746e-01,3.088829999999999814e+02,1.216200000000000081e+01,3.525999999999999801e+00,1.003500000000000014e+01,6.509000000000000341e+00,6.559516746669543652e-01,3.149649999999999750e+02
1.171299999999999919e+01,3.668000000000000149e+00,9.994999999999999218e+00,6.326999999999999957e+00,6.520988754036297630e-01,3.088319999999999936e+02,1.217500000000000071e+01,3.549999999999999822e+00,1.008500000000000085e+01,6.535000000000000142e+00,6.566528234723046920e-01,3.149150000000000205e+02
1.172600000000000087e+01,3.680000000000000160e+00,1.001900000000000013e+01,6.339000000000000412e+00,6.528226255428126734e-01,3.088199999999999932e+02,1.219200000000000017e+01,3.500999999999999890e+00,1.002500000000000036e+01,6.524000000000000021e+00,6.575697103716088288e-01,3.149750000000000227e+02
1.174399999999999977e+01,3.642999999999999794e+00,1.000799999999999912e+01,6.365000000000000213e+00,6.538247411201424386e-01,3.088570000000000277e+02,1.220500000000000007e+01,3.576000000000000068e+00,1.009800000000000075e+01,6.522000000000000242e+00,6.582708591769591555e-01,3.149019999999999868e+02
1.175699999999999967e+01,3.680000000000000160e+00,1.001999999999999957e+01,6.339999999999999858e+00,6.545484912593252380e-01,3.088199999999999932e+02,1.222300000000000075e+01,3.600999999999999979e+00,1.009900000000000020e+01,6.498000000000000220e+00,6.592416805997519669e-01,3.149010000000000105e+02
1.177399999999999913e+01,3.678999999999999826e+00,1.002100000000000080e+01,6.341999999999999638e+00,6.554949337490256767e-01,3.088210000000000264e+02,1.223600000000000065e+01,3.537999999999999812e+00,1.007199999999999918e+01,6.533999999999999808e+00,6.599428294051022936e-01,3.149279999999999973e+02
1.178700000000000081e+01,3.653999999999999915e+00,9.983999999999999986e+00,6.330000000000000071e+00,6.562186838882084761e-01,3.088460000000000036e+02,1.224900000000000055e+01,3.513999999999999790e+00,1.004599999999999937e+01,6.532000000000000028e+00,6.606439782104525094e-01,3.149540000000000077e+02
1.180000000000000071e+01,3.629000000000000004e+00,9.955999999999999517e+00,6.326999999999999957e+00,6.569424340273911644e-01,3.088709999999999809e+02,1.226600000000000001e+01,3.500000000000000000e+00,1.001200000000000045e+01,6.511999999999999567e+00,6.615608651097567572e-01,3.149879999999999995e+02
1.181400000000000006e+01,3.591000000000000192e+00,9.932000000000000384e+00,6.341000000000000192e+00,6.577218572542032904e-01,3.089089999999999918e+02,1.227999999999999936e+01,3.575000000000000178e+00,1.008600000000000030e+01,6.511000000000000121e+00,6.623159484385955365e-01,3.149139999999999873e+02
1.182699999999999996e+01,3.629000000000000004e+00,9.968999999999999417e+00,6.339999999999999858e+00,6.584456073933859788e-01,3.088709999999999809e+02,1.229299999999999926e+01,3.588999999999999968e+00,1.008500000000000085e+01,6.496000000000000441e+00,6.630170972439458632e-01,3.149150000000000205e+02
1.184399999999999942e+01,3.641999999999999904e+00,9.993999999999999773e+00,6.352000000000000313e+00,6.593920498830864174e-01,3.088580000000000041e+02,1.230599999999999916e+01,3.563000000000000167e+00,1.006000000000000050e+01,6.496999999999999886e+00,6.637182460492960789e-01,3.149399999999999977e+02
1.185699999999999932e+01,3.641000000000000014e+00,9.967999999999999972e+00,6.326999999999999957e+00,6.601158000222692168e-01,3.088589999999999804e+02,1.232300000000000040e+01,3.575000000000000178e+00,1.007399999999999984e+01,6.498999999999999666e+00,6.646351329486004378e-01,3.149259999999999877e+02
1.186999999999999922e+01,3.665999999999999925e+00,1.000500000000000078e+01,6.339000000000000412e+00,6.608395501614519052e-01,3.088340000000000032e+02,1.233600000000000030e+01,3.575000000000000178e+00,1.007199999999999918e+01,6.496999999999999886e+00,6.653362817539507645e-01,3.149279999999999973e+02
1.188799999999999990e+01,3.678999999999999826e+00,1.000600000000000023e+01,6.326999999999999957e+00,6.618416657387818924e-01,3.088210000000000264e+02,1.234900000000000020e+01,3.575000000000000178e+00,1.007099999999999973e+01,6.496000000000000441e+00,6.660374305593009803e-01,3.149289999999999736e+02
1.190000000000000036e+01,3.678999999999999826e+00,1.001800000000000068e+01,6.339000000000000412e+00,6.625097427903351432e-01,3.088210000000000264e+02,1.236700000000000088e+01,3.573999999999999844e+00,1.006900000000000084e+01,6.495000000000000107e+00,6.670082519820937916e-01,3.149309999999999832e+02
1.191399999999999970e+01,3.653000000000000025e+00,1.001800000000000068e+01,6.365000000000000213e+00,6.632891660171472692e-01,3.088469999999999800e+02,1.238000000000000078e+01,3.573999999999999844e+00,1.003299999999999947e+01,6.458999999999999631e+00,6.677094007874441184e-01,3.149669999999999845e+02
1.192699999999999960e+01,3.665000000000000036e+00,1.000300000000000011e+01,6.338000000000000078e+00,6.640129161563299576e-01,3.088349999999999795e+02,1.239300000000000068e+01,3.611000000000000210e+00,1.005700000000000038e+01,6.445999999999999730e+00,6.684105495927944451e-01,3.149429999999999836e+02
1.194400000000000084e+01,3.678999999999999826e+00,1.000500000000000078e+01,6.325999999999999623e+00,6.649593586460305072e-01,3.088210000000000264e+02,1.241000000000000014e+01,3.611000000000000210e+00,1.004400000000000048e+01,6.432999999999999829e+00,6.693274364920985819e-01,3.149560000000000173e+02
1.195700000000000074e+01,3.702999999999999847e+00,9.990000000000000213e+00,6.286999999999999922e+00,6.656831087852131956e-01,3.087970000000000255e+02,1.242300000000000004e+01,3.548000000000000043e+00,9.955999999999999517e+00,6.408000000000000362e+00,6.700285852974489087e-01,3.150439999999999827e+02
1.196899999999999942e+01,3.665000000000000036e+00,9.952999999999999403e+00,6.288000000000000256e+00,6.663511858367664464e-01,3.088349999999999795e+02,1.243999999999999950e+01,3.624000000000000110e+00,1.000500000000000078e+01,6.381000000000000227e+00,6.709454721967531565e-01,3.149950000000000045e+02
1.198300000000000054e+01,3.689999999999999947e+00,1.000200000000000067e+01,6.312000000000000277e+00,6.671306090635786834e-01,3.088100000000000023e+02,1.245299999999999940e+01,3.637000000000000011e+00,9.990999999999999659e+00,6.354000000000000092e+00,6.716466210021033723e-01,3.150090000000000146e+02
1.200000000000000000e+01,3.714999999999999858e+00,1.006199999999999939e+01,6.347000000000000419e+00,6.680770515532791221e-01,3.087850000000000250e+02,1.247100000000000009e+01,3.587000000000000188e+00,9.930999999999999162e+00,6.344000000000000306e+00,6.726174424248961836e-01,3.150690000000000168e+02
1.201299999999999990e+01,3.665999999999999925e+00,1.002599999999999980e+01,6.360000000000000320e+00,6.688008016924618104e-01,3.088340000000000032e+02,1.248399999999999999e+01,3.688000000000000167e+00,1.002999999999999936e+01,6.341999999999999638e+00,6.733185912302465104e-01,3.149700000000000273e+02
1.202699999999999925e+01,3.728000000000000203e+00,1.008799999999999919e+01,6.360000000000000320e+00,6.695802249192739364e-01,3.087719999999999914e+02,1.249699999999999989e+01,3.661999999999999922e+00,1.001699999999999946e+01,6.355000000000000426e+00,6.740197400355968371e-01,3.149830000000000041e+02
1.204400000000000048e+01,3.791999999999999815e+00,1.013899999999999935e+01,6.347000000000000419e+00,6.705266674089744861e-01,3.087080000000000268e+02,1.251399999999999935e+01,3.623000000000000220e+00,9.968999999999999417e+00,6.346000000000000085e+00,6.749366269349009739e-01,3.150310000000000059e+02
1.205700000000000038e+01,3.717000000000000082e+00,1.005100000000000016e+01,6.333999999999999631e+00,6.712504175481571744e-01,3.087830000000000155e+02,1.252699999999999925e+01,3.661000000000000032e+00,1.002699999999999925e+01,6.365999999999999659e+00,6.756377757402513007e-01,3.149730000000000132e+02
1.207000000000000028e+01,3.728000000000000203e+00,1.006300000000000061e+01,6.334999999999999964e+00,6.719741676873399738e-01,3.087719999999999914e+02,1.254499999999999993e+01,3.623000000000000220e+00,9.977000000000000313e+00,6.354000000000000092e+00,6.766085971630441120e-01,3.150230000000000246e+02
1.208699999999999974e+01,3.753000000000000114e+00,1.006000000000000050e+01,6.307000000000000384e+00,6.729206101770404125e-01,3.087470000000000141e+02,1.255799999999999983e+01,3.621999999999999886e+00,9.964000000000000412e+00,6.341999999999999638e+00,6.773097459683943278e-01,3.150360000000000014e+02
1.210100000000000087e+01,3.714999999999999858e+00,1.001099999999999923e+01,6.296000000000000263e+00,6.737000334038526494e-01,3.087850000000000250e+02,1.257499999999999929e+01,3.609999999999999876e+00,9.962999999999999190e+00,6.352999999999999758e+00,6.782266328676985756e-01,3.150369999999999777e+02
1.211700000000000088e+01,3.701999999999999957e+00,1.000900000000000034e+01,6.307000000000000384e+00,6.745908028059236505e-01,3.087980000000000018e+02,1.258799999999999919e+01,3.585999999999999854e+00,9.939000000000000057e+00,6.352999999999999758e+00,6.789277816730489024e-01,3.150609999999999786e+02
1.213100000000000023e+01,3.701999999999999957e+00,1.000999999999999979e+01,6.307999999999999829e+00,6.753702260327357765e-01,3.087980000000000018e+02,1.260599999999999987e+01,3.621999999999999886e+00,9.964000000000000412e+00,6.341999999999999638e+00,6.798986030958416027e-01,3.150360000000000014e+02
1.214400000000000013e+01,3.713999999999999968e+00,1.003299999999999947e+01,6.318999999999999950e+00,6.760939761719184649e-01,3.087860000000000014e+02,1.261899999999999977e+01,3.648000000000000131e+00,9.962999999999999190e+00,6.315000000000000391e+00,6.805997519011919294e-01,3.150369999999999777e+02
1.216099999999999959e+01,3.740000000000000213e+00,1.006000000000000050e+01,6.320000000000000284e+00,6.770404186616189035e-01,3.087599999999999909e+02,1.263599999999999923e+01,3.611000000000000210e+00,9.939999999999999503e+00,6.328999999999999737e+00,6.815166388004961773e-01,3.150600000000000023e+02
1.217399999999999949e+01,3.751999999999999780e+00,1.007399999999999984e+01,6.322000000000000064e+00,6.777641688008015919e-01,3.087479999999999905e+02,1.264899999999999913e+01,3.685000000000000053e+00,1.001200000000000045e+01,6.326999999999999957e+00,6.822177876058465040e-01,3.149879999999999995e+02
1.218699999999999939e+01,3.740000000000000213e+00,1.007399999999999984e+01,6.333999999999999631e+00,6.784879189399843913e-01,3.087599999999999909e+02,1.266699999999999982e+01,3.684000000000000163e+00,9.999000000000000554e+00,6.315000000000000391e+00,6.831886090286392044e-01,3.150009999999999764e+02
1.220400000000000063e+01,3.763999999999999790e+00,1.009600000000000009e+01,6.331999999999999851e+00,6.794343614296849410e-01,3.087359999999999900e+02,1.267999999999999972e+01,3.670999999999999819e+00,9.938000000000000611e+00,6.267000000000000348e+00,6.838897578339895311e-01,3.150620000000000118e+02
1.221799999999999997e+01,3.740000000000000213e+00,1.006900000000000084e+01,6.328999999999999737e+00,6.802137846564970669e-01,3.087599999999999909e+02,1.269299999999999962e+01,3.709999999999999964e+00,9.987000000000000099e+00,6.277000000000000135e+00,6.845909066393398579e-01,3.150129999999999768e+02
1.223099999999999987e+01,3.725999999999999979e+00,1.005599999999999916e+01,6.330000000000000071e+00,6.809375347956797553e-01,3.087740000000000009e+02,1.271000000000000085e+01,3.645999999999999908e+00,9.973000000000000753e+00,6.326999999999999957e+00,6.855077935386441057e-01,3.150269999999999868e+02
1.224799999999999933e+01,3.738999999999999879e+00,1.005799999999999983e+01,6.318999999999999950e+00,6.818839772853801939e-01,3.087610000000000241e+02,1.272199999999999953e+01,3.620999999999999996e+00,9.983999999999999986e+00,6.363000000000000433e+00,6.861550078205058689e-01,3.150160000000000196e+02
1.226099999999999923e+01,3.750999999999999890e+00,1.008099999999999952e+01,6.330000000000000071e+00,6.826077274245628823e-01,3.087490000000000236e+02,1.274000000000000021e+01,3.584000000000000075e+00,9.970000000000000639e+00,6.386000000000000121e+00,6.871258292432986803e-01,3.150299999999999727e+02
1.227500000000000036e+01,3.725000000000000089e+00,1.005599999999999916e+01,6.331000000000000405e+00,6.833871506513751193e-01,3.087749999999999773e+02,1.275300000000000011e+01,3.532999999999999918e+00,9.946999999999999176e+00,6.413999999999999702e+00,6.878269780486490070e-01,3.150529999999999973e+02
1.228700000000000081e+01,3.674999999999999822e+00,1.000600000000000023e+01,6.331000000000000405e+00,6.840552277029284811e-01,3.088249999999999886e+02,1.276600000000000001e+01,3.632000000000000117e+00,1.003100000000000058e+01,6.399000000000000021e+00,6.885281268539992228e-01,3.149689999999999941e+02
1.230499999999999972e+01,3.725000000000000089e+00,1.004400000000000048e+01,6.318999999999999950e+00,6.850573432802582463e-01,3.087749999999999773e+02,1.278400000000000070e+01,3.657999999999999918e+00,1.003299999999999947e+01,6.375000000000000000e+00,6.894989482767920341e-01,3.149669999999999845e+02
1.231799999999999962e+01,3.762999999999999901e+00,1.009200000000000053e+01,6.328999999999999737e+00,6.857810934194410457e-01,3.087370000000000232e+02,1.280100000000000016e+01,3.645000000000000018e+00,9.983000000000000540e+00,6.338000000000000078e+00,6.904158351760962820e-01,3.150169999999999959e+02
1.233099999999999952e+01,3.725000000000000089e+00,1.005499999999999972e+01,6.330000000000000071e+00,6.865048435586237341e-01,3.087749999999999773e+02,1.281400000000000006e+01,3.682999999999999829e+00,1.003100000000000058e+01,6.347999999999999865e+00,6.911169839814464977e-01,3.149689999999999941e+02
1.234399999999999942e+01,3.799999999999999822e+00,1.011700000000000088e+01,6.317000000000000171e+00,6.872285936978064225e-01,3.086999999999999886e+02,1.283200000000000074e+01,3.657999999999999918e+00,9.994999999999999218e+00,6.336999999999999744e+00,6.920878054042393090e-01,3.150049999999999955e+02
1.236100000000000065e+01,3.787999999999999812e+00,1.011599999999999966e+01,6.328000000000000291e+00,6.881750361875069721e-01,3.087119999999999891e+02,1.284500000000000064e+01,3.619000000000000217e+00,9.967999999999999972e+00,6.349000000000000199e+00,6.927889542095896358e-01,3.150319999999999823e+02
1.237400000000000055e+01,3.700000000000000178e+00,1.002999999999999936e+01,6.330000000000000071e+00,6.888987863266896605e-01,3.088000000000000114e+02,1.286200000000000010e+01,3.657000000000000028e+00,1.000699999999999967e+01,6.349999999999999645e+00,6.937058411088937726e-01,3.149929999999999950e+02
1.238799999999999990e+01,3.737000000000000099e+00,1.006600000000000072e+01,6.328999999999999737e+00,6.896782095535017865e-01,3.087629999999999768e+02,1.287500000000000000e+01,3.633000000000000007e+00,9.955999999999999517e+00,6.323000000000000398e+00,6.944069899142440994e-01,3.150439999999999827e+02
1.240099999999999980e+01,3.761000000000000121e+00,1.005400000000000027e+01,6.293000000000000149e+00,6.904019596926844748e-01,3.087389999999999759e+02,1.288799999999999990e+01,3.644000000000000128e+00,9.955999999999999517e+00,6.312000000000000277e+00,6.951081387195944261e-01,3.150439999999999827e+02
1.241799999999999926e+01,3.737000000000000099e+00,1.002800000000000047e+01,6.291000000000000369e+00,6.913484021823850245e-01,3.087629999999999768e+02,1.290600000000000058e+01,3.630999999999999783e+00,9.941000000000000725e+00,6.309999999999999609e+00,6.960789601423871265e-01,3.150590000000000259e+02
1.243099999999999916e+01,3.736000000000000210e+00,1.002699999999999925e+01,6.291000000000000369e+00,6.920721523215677129e-01,3.087640000000000100e+02,1.291900000000000048e+01,3.568999999999999950e+00,9.865999999999999659e+00,6.296999999999999709e+00,6.967801089477374532e-01,3.151340000000000146e+02
1.244800000000000040e+01,3.724000000000000199e+00,1.000099999999999945e+01,6.277000000000000135e+00,6.930185948112682626e-01,3.087760000000000105e+02,1.293599999999999994e+01,3.656000000000000139e+00,9.952999999999999403e+00,6.296999999999999709e+00,6.976969958470417010e-01,3.150470000000000255e+02
1.246100000000000030e+01,3.673000000000000043e+00,9.965999999999999304e+00,6.293000000000000149e+00,6.937423449504509509e-01,3.088269999999999982e+02,1.294899999999999984e+01,3.693999999999999950e+00,9.964999999999999858e+00,6.270999999999999908e+00,6.983981446523920278e-01,3.150350000000000250e+02
1.247400000000000020e+01,3.773000000000000131e+00,1.007499999999999929e+01,6.301999999999999602e+00,6.944660950896336393e-01,3.087269999999999754e+02,1.296199999999999974e+01,3.669000000000000039e+00,9.928000000000000824e+00,6.259000000000000341e+00,6.990992934577422435e-01,3.150720000000000027e+02
1.249099999999999966e+01,3.748000000000000220e+00,1.005000000000000071e+01,6.301999999999999602e+00,6.954125375793340780e-01,3.087520000000000095e+02,1.298000000000000043e+01,3.693000000000000060e+00,9.976000000000000867e+00,6.283000000000000362e+00,7.000701148805350549e-01,3.150240000000000009e+02
1.250500000000000078e+01,3.762999999999999901e+00,1.001200000000000045e+01,6.248999999999999666e+00,6.961919608061463149e-01,3.087370000000000232e+02,1.299300000000000033e+01,3.681000000000000050e+00,9.974999999999999645e+00,6.293999999999999595e+00,7.007712636858853816e-01,3.150249999999999773e+02
1.251800000000000068e+01,3.797000000000000153e+00,1.006000000000000050e+01,6.262999999999999901e+00,6.969157109453290033e-01,3.087029999999999745e+02,1.300999999999999979e+01,3.668000000000000149e+00,9.926999999999999602e+00,6.259000000000000341e+00,7.016881505851896295e-01,3.150729999999999791e+02
1.253500000000000014e+01,3.774000000000000021e+00,1.000000000000000000e+01,6.225999999999999979e+00,6.978621534350294420e-01,3.087259999999999991e+02,1.302699999999999925e+01,3.717999999999999972e+00,9.936999999999999389e+00,6.219000000000000306e+00,7.026050374844937663e-01,3.150629999999999882e+02
1.254800000000000004e+01,3.721999999999999975e+00,9.973000000000000753e+00,6.251000000000000334e+00,6.985859035742122414e-01,3.087780000000000200e+02,1.303999999999999915e+01,3.681000000000000050e+00,9.912000000000000810e+00,6.230999999999999872e+00,7.033061862898440930e-01,3.150880000000000223e+02
1.256099999999999994e+01,3.748000000000000220e+00,9.996999999999999886e+00,6.248999999999999666e+00,6.993096537133949298e-01,3.087520000000000095e+02,1.305300000000000082e+01,3.668000000000000149e+00,9.900999999999999801e+00,6.232999999999999652e+00,7.040073350951945308e-01,3.150989999999999895e+02
1.257799999999999940e+01,3.733999999999999986e+00,9.983999999999999986e+00,6.250000000000000000e+00,7.002560962030953684e-01,3.087660000000000196e+02,1.307000000000000028e+01,3.641999999999999904e+00,9.885999999999999233e+00,6.243999999999999773e+00,7.049242219944986676e-01,3.151139999999999759e+02
1.259200000000000053e+01,3.734999999999999876e+00,9.971999999999999531e+00,6.237000000000000099e+00,7.010355194299076054e-01,3.087649999999999864e+02,1.308399999999999963e+01,3.642999999999999794e+00,9.862999999999999545e+00,6.219999999999999751e+00,7.056793053233374469e-01,3.151370000000000005e+02
1.260399999999999920e+01,3.721999999999999975e+00,9.970000000000000639e+00,6.248000000000000220e+00,7.017035964814607452e-01,3.087780000000000200e+02,1.310100000000000087e+01,3.705999999999999961e+00,9.935000000000000497e+00,6.229000000000000092e+00,7.065961922226418057e-01,3.150649999999999977e+02
1.262299999999999933e+01,3.734999999999999876e+00,9.981999999999999318e+00,6.246999999999999886e+00,7.027613851464201700e-01,3.087649999999999864e+02,1.311800000000000033e+01,3.755999999999999783e+00,9.986000000000000654e+00,6.230000000000000426e+00,7.075130791219459425e-01,3.150140000000000100e+02
1.263499999999999979e+01,3.783999999999999808e+00,1.005700000000000038e+01,6.272999999999999687e+00,7.034294621979734208e-01,3.087160000000000082e+02,1.313199999999999967e+01,3.729999999999999982e+00,9.951999999999999957e+00,6.222000000000000419e+00,7.082681624507847218e-01,3.150480000000000018e+02
1.265199999999999925e+01,3.785000000000000142e+00,1.005899999999999928e+01,6.274000000000000021e+00,7.043759046876738594e-01,3.087149999999999750e+02,1.314899999999999913e+01,3.717000000000000082e+00,9.923999999999999488e+00,6.206999999999999851e+00,7.091850493500889696e-01,3.150760000000000218e+02
1.266499999999999915e+01,3.798000000000000043e+00,1.004700000000000060e+01,6.248999999999999666e+00,7.050996548268566588e-01,3.087019999999999982e+02,1.316200000000000081e+01,3.692000000000000171e+00,9.884000000000000341e+00,6.192000000000000171e+00,7.098861981554392964e-01,3.151159999999999854e+02
1.267900000000000027e+01,3.783999999999999808e+00,1.004599999999999937e+01,6.261999999999999567e+00,7.058790780536688958e-01,3.087160000000000082e+02,1.317500000000000071e+01,3.654999999999999805e+00,9.849000000000000199e+00,6.193999999999999950e+00,7.105873469607896231e-01,3.151510000000000105e+02
1.269599999999999973e+01,3.771999999999999797e+00,1.002100000000000080e+01,6.248999999999999666e+00,7.068255205433693344e-01,3.087280000000000086e+02,1.319299999999999962e+01,3.653999999999999915e+00,9.871000000000000441e+00,6.216999999999999638e+00,7.115581683835823235e-01,3.151290000000000191e+02
1.270899999999999963e+01,3.758999999999999897e+00,1.001699999999999946e+01,6.258000000000000007e+00,7.075492706825520228e-01,3.087409999999999854e+02,1.320599999999999952e+01,3.680000000000000160e+00,9.897000000000000242e+00,6.216999999999999638e+00,7.122593171889326502e-01,3.151030000000000086e+02
1.272199999999999953e+01,3.770999999999999908e+00,1.002999999999999936e+01,6.259000000000000341e+00,7.082730208217347112e-01,3.087289999999999850e+02,1.322300000000000075e+01,3.741999999999999993e+00,9.945999999999999730e+00,6.203999999999999737e+00,7.131762040882368980e-01,3.150539999999999736e+02
1.273900000000000077e+01,3.758999999999999897e+00,1.001900000000000013e+01,6.259999999999999787e+00,7.092194633114352609e-01,3.087409999999999854e+02,1.323600000000000065e+01,3.704000000000000181e+00,9.920999999999999375e+00,6.216999999999999638e+00,7.138773528935872248e-01,3.150790000000000077e+02
1.275200000000000067e+01,3.797000000000000153e+00,1.004599999999999937e+01,6.248999999999999666e+00,7.099432134506179493e-01,3.087029999999999745e+02,1.325399999999999956e+01,3.705000000000000071e+00,9.945000000000000284e+00,6.240000000000000213e+00,7.148481743163799251e-01,3.150550000000000068e+02
1.276600000000000001e+01,3.758000000000000007e+00,1.001900000000000013e+01,6.261000000000000121e+00,7.107226366774300752e-01,3.087420000000000186e+02,1.326699999999999946e+01,3.754999999999999893e+00,1.002999999999999936e+01,6.275000000000000355e+00,7.155493231217302519e-01,3.149700000000000273e+02
1.278299999999999947e+01,3.759999999999999787e+00,1.000600000000000023e+01,6.246000000000000441e+00,7.116690791671305139e-01,3.087400000000000091e+02,1.327999999999999936e+01,3.729000000000000092e+00,1.000500000000000078e+01,6.275999999999999801e+00,7.162504719270804676e-01,3.149950000000000045e+02
1.279599999999999937e+01,3.834000000000000075e+00,1.010500000000000043e+01,6.270999999999999908e+00,7.123928293063133133e-01,3.086659999999999968e+02,1.329700000000000060e+01,3.690999999999999837e+00,9.980999999999999872e+00,6.290000000000000036e+00,7.171673588263848265e-01,3.150190000000000055e+02
1.281300000000000061e+01,3.807999999999999829e+00,1.006799999999999962e+01,6.259999999999999787e+00,7.133392717960138629e-01,3.086920000000000073e+02,1.331099999999999994e+01,3.702999999999999847e+00,9.980999999999999872e+00,6.277999999999999581e+00,7.179224421552236057e-01,3.150190000000000055e+02
1.282699999999999996e+01,3.758000000000000007e+00,1.003200000000000003e+01,6.274000000000000021e+00,7.141186950228259889e-01,3.087420000000000186e+02,1.332699999999999996e+01,3.690999999999999837e+00,9.944000000000000838e+00,6.253000000000000114e+00,7.187853945310392900e-01,3.150559999999999832e+02
1.283900000000000041e+01,3.770000000000000018e+00,1.003999999999999915e+01,6.269999999999999574e+00,7.147867720743792397e-01,3.087300000000000182e+02,1.333999999999999986e+01,3.702999999999999847e+00,9.980999999999999872e+00,6.277999999999999581e+00,7.194865433363896168e-01,3.150190000000000055e+02
1.285699999999999932e+01,3.758999999999999897e+00,1.000500000000000078e+01,6.246000000000000441e+00,7.157888876517091159e-01,3.087409999999999854e+02,1.335699999999999932e+01,3.690999999999999837e+00,9.980999999999999872e+00,6.290000000000000036e+00,7.204034302356938646e-01,3.150190000000000055e+02
1.286999999999999922e+01,3.783999999999999808e+00,1.002800000000000047e+01,6.243999999999999773e+00,7.165126377908918043e-01,3.087160000000000082e+02,1.337100000000000044e+01,3.652000000000000135e+00,9.939999999999999503e+00,6.288000000000000256e+00,7.211585135645326439e-01,3.150600000000000023e+02
1.288700000000000045e+01,3.770000000000000018e+00,1.001800000000000068e+01,6.248000000000000220e+00,7.174590802805923540e-01,3.087300000000000182e+02,1.338799999999999990e+01,3.689999999999999947e+00,9.977999999999999758e+00,6.288000000000000256e+00,7.220754004638368917e-01,3.150219999999999914e+02
1.290099999999999980e+01,3.758000000000000007e+00,1.001500000000000057e+01,6.256999999999999673e+00,7.182385035074044799e-01,3.087420000000000186e+02,1.340099999999999980e+01,3.677999999999999936e+00,9.964000000000000412e+00,6.285999999999999588e+00,7.227765492691872184e-01,3.150360000000000014e+02
1.291399999999999970e+01,3.770000000000000018e+00,1.001600000000000001e+01,6.246000000000000441e+00,7.189622536465871683e-01,3.087300000000000182e+02,1.341900000000000048e+01,3.665000000000000036e+00,9.941000000000000725e+00,6.275999999999999801e+00,7.237473706919799188e-01,3.150590000000000259e+02
1.293099999999999916e+01,3.744000000000000217e+00,1.000099999999999945e+01,6.256999999999999673e+00,7.199086961362876069e-01,3.087559999999999718e+02,1.343599999999999994e+01,3.741000000000000103e+00,1.005300000000000082e+01,6.312000000000000277e+00,7.246642575912841666e-01,3.149470000000000027e+02
1.294400000000000084e+01,3.758000000000000007e+00,1.000200000000000067e+01,6.243999999999999773e+00,7.206324462754704063e-01,3.087420000000000186e+02,1.344899999999999984e+01,3.714999999999999858e+00,1.002500000000000036e+01,6.309999999999999609e+00,7.253654063966344934e-01,3.149750000000000227e+02
1.295599999999999952e+01,3.806999999999999940e+00,1.006400000000000006e+01,6.256999999999999673e+00,7.213005233270236571e-01,3.086929999999999836e+02,1.346599999999999930e+01,3.689999999999999947e+00,9.978999999999999204e+00,6.288999999999999702e+00,7.262822932959387412e-01,3.150210000000000150e+02
1.297499999999999964e+01,3.806999999999999940e+00,1.006400000000000006e+01,6.256999999999999673e+00,7.223583119919830819e-01,3.086929999999999836e+02,1.347899999999999920e+01,3.726999999999999869e+00,1.003800000000000026e+01,6.310999999999999943e+00,7.269834421012889569e-01,3.149619999999999891e+02
1.298700000000000010e+01,3.732000000000000206e+00,9.989000000000000767e+00,6.256999999999999673e+00,7.230263890435363328e-01,3.087679999999999723e+02,1.349699999999999989e+01,3.665000000000000036e+00,9.964000000000000412e+00,6.299000000000000377e+00,7.279542635240817683e-01,3.150360000000000014e+02
1.300399999999999956e+01,3.769000000000000128e+00,1.001399999999999935e+01,6.245000000000000107e+00,7.239728315332367714e-01,3.087309999999999945e+02,1.350999999999999979e+01,3.676000000000000156e+00,9.951000000000000512e+00,6.275000000000000355e+00,7.286554123294320950e-01,3.150489999999999782e+02
1.301800000000000068e+01,3.744000000000000217e+00,9.951000000000000512e+00,6.206999999999999851e+00,7.247522547600490084e-01,3.087559999999999718e+02,1.352699999999999925e+01,3.701999999999999957e+00,9.987000000000000099e+00,6.285000000000000142e+00,7.295722992287362318e-01,3.150129999999999768e+02
1.303500000000000014e+01,3.706999999999999851e+00,9.938000000000000611e+00,6.230999999999999872e+00,7.256986972497494470e-01,3.087930000000000064e+02,1.353999999999999915e+01,3.664000000000000146e+00,9.925000000000000711e+00,6.261000000000000121e+00,7.302734480340865586e-01,3.150749999999999886e+02
1.304800000000000004e+01,3.717999999999999972e+00,9.949999999999999289e+00,6.232000000000000206e+00,7.264224473889321354e-01,3.087819999999999823e+02,1.355700000000000038e+01,3.740000000000000213e+00,9.989000000000000767e+00,6.248999999999999666e+00,7.311903349333909174e-01,3.150110000000000241e+02
1.306600000000000072e+01,3.681000000000000050e+00,9.913000000000000256e+00,6.232000000000000206e+00,7.274245629662621226e-01,3.088190000000000168e+02,1.357099999999999973e+01,3.738999999999999879e+00,9.987999999999999545e+00,6.248999999999999666e+00,7.319454182622296967e-01,3.150120000000000005e+02
1.307900000000000063e+01,3.755999999999999783e+00,9.951000000000000512e+00,6.195000000000000284e+00,7.281483131054448110e-01,3.087440000000000282e+02,1.358900000000000041e+01,3.713999999999999968e+00,9.962999999999999190e+00,6.248999999999999666e+00,7.329162396850223971e-01,3.150369999999999777e+02
1.309200000000000053e+01,3.755999999999999783e+00,9.926000000000000156e+00,6.169999999999999929e+00,7.288720632446274994e-01,3.087440000000000282e+02,1.360100000000000087e+01,3.789000000000000146e+00,1.003700000000000081e+01,6.248000000000000220e+00,7.335634539668842713e-01,3.149630000000000223e+02
1.310899999999999999e+01,3.717999999999999972e+00,9.888999999999999346e+00,6.171000000000000263e+00,7.298185057343280491e-01,3.087819999999999823e+02,1.361800000000000033e+01,3.751999999999999780e+00,9.997999999999999332e+00,6.246000000000000441e+00,7.344803408661885191e-01,3.150020000000000095e+02
1.312199999999999989e+01,3.806000000000000050e+00,9.987000000000000099e+00,6.181000000000000050e+00,7.305422558735107375e-01,3.086940000000000168e+02,1.363100000000000023e+01,3.689000000000000057e+00,9.935999999999999943e+00,6.246999999999999886e+00,7.351814896715387349e-01,3.150640000000000214e+02
1.313899999999999935e+01,3.791999999999999815e+00,9.945999999999999730e+00,6.153999999999999915e+00,7.314886983632111761e-01,3.087080000000000268e+02,1.364899999999999913e+01,3.726999999999999869e+00,9.987000000000000099e+00,6.259999999999999787e+00,7.361523110943314352e-01,3.150129999999999768e+02
1.315199999999999925e+01,3.705999999999999961e+00,9.849999999999999645e+00,6.144000000000000128e+00,7.322124485023938645e-01,3.087939999999999827e+02,1.366200000000000081e+01,3.701000000000000068e+00,9.958999999999999631e+00,6.258000000000000007e+00,7.368534598996818730e-01,3.150409999999999968e+02
1.316499999999999915e+01,3.767999999999999794e+00,9.922000000000000597e+00,6.153999999999999915e+00,7.329361986415765529e-01,3.087320000000000277e+02,1.367900000000000027e+01,3.664000000000000146e+00,9.898999999999999133e+00,6.235000000000000320e+00,7.377703467989860098e-01,3.151009999999999991e+02
1.318299999999999983e+01,3.729999999999999982e+00,9.872999999999999332e+00,6.142999999999999794e+00,7.339383142189065401e-01,3.087699999999999818e+02,1.369699999999999918e+01,3.713000000000000078e+00,9.958000000000000185e+00,6.245000000000000107e+00,7.387411682217787101e-01,3.150419999999999732e+02
1.320500000000000007e+01,3.666999999999999815e+00,9.821999999999999176e+00,6.155000000000000249e+00,7.351631221467542776e-01,3.088330000000000268e+02,1.371000000000000085e+01,3.649999999999999911e+00,9.897999999999999687e+00,6.248000000000000220e+00,7.394423170271291479e-01,3.151019999999999754e+02
1.321799999999999997e+01,3.680000000000000160e+00,9.835000000000000853e+00,6.155000000000000249e+00,7.358868722859369660e-01,3.088199999999999932e+02,1.372700000000000031e+01,3.676000000000000156e+00,9.933999999999999275e+00,6.258000000000000007e+00,7.403592039264332847e-01,3.150659999999999741e+02
1.323099999999999987e+01,3.616999999999999993e+00,9.772999999999999687e+00,6.155999999999999694e+00,7.366106224251196544e-01,3.088829999999999814e+02,1.374000000000000021e+01,3.750999999999999890e+00,9.993000000000000327e+00,6.241999999999999993e+00,7.410603527317836114e-01,3.150070000000000050e+02
1.324399999999999977e+01,3.730999999999999872e+00,9.922000000000000597e+00,6.190999999999999837e+00,7.373343725643023427e-01,3.087690000000000055e+02,1.375799999999999912e+01,3.676000000000000156e+00,9.932999999999999829e+00,6.256999999999999673e+00,7.420311741545763118e-01,3.150670000000000073e+02
1.326099999999999923e+01,3.766999999999999904e+00,9.957000000000000739e+00,6.190000000000000391e+00,7.382808150540027814e-01,3.087330000000000041e+02,1.377100000000000080e+01,3.713000000000000078e+00,9.996999999999999886e+00,6.283999999999999808e+00,7.427323229599267496e-01,3.150029999999999859e+02
1.327399999999999913e+01,3.629000000000000004e+00,9.820999999999999730e+00,6.192000000000000171e+00,7.390045651931855808e-01,3.088709999999999809e+02,1.378800000000000026e+01,3.725999999999999979e+00,1.001900000000000013e+01,6.293000000000000149e+00,7.436492098592308864e-01,3.149809999999999945e+02
1.329199999999999982e+01,3.729999999999999982e+00,9.919999999999999929e+00,6.190000000000000391e+00,7.400066807705154570e-01,3.087699999999999818e+02,1.380100000000000016e+01,3.637999999999999901e+00,9.930999999999999162e+00,6.293000000000000149e+00,7.443503586645812131e-01,3.150690000000000168e+02
1.330499999999999972e+01,3.678999999999999826e+00,9.869999999999999218e+00,6.190999999999999837e+00,7.407304309096982564e-01,3.088210000000000264e+02,1.381900000000000084e+01,3.661999999999999922e+00,9.958000000000000185e+00,6.296000000000000263e+00,7.453211800873740245e-01,3.150419999999999732e+02
1.331799999999999962e+01,3.591000000000000192e+00,9.794999999999999929e+00,6.203999999999999737e+00,7.414541810488809448e-01,3.089089999999999918e+02,1.383200000000000074e+01,3.662999999999999812e+00,9.955000000000000071e+00,6.291999999999999815e+00,7.460223288927242402e-01,3.150450000000000159e+02
1.333500000000000085e+01,3.689999999999999947e+00,9.904999999999999361e+00,6.214999999999999858e+00,7.424006235385814945e-01,3.088100000000000023e+02,1.384999999999999964e+01,3.637000000000000011e+00,9.919999999999999929e+00,6.283000000000000362e+00,7.469931503155169406e-01,3.150799999999999841e+02
1.334900000000000020e+01,3.628000000000000114e+00,9.842000000000000526e+00,6.214000000000000412e+00,7.431800467653936204e-01,3.088720000000000141e+02,1.386299999999999955e+01,3.713000000000000078e+00,9.957000000000000739e+00,6.243999999999999773e+00,7.476942991208672673e-01,3.150430000000000064e+02
1.336599999999999966e+01,3.577999999999999847e+00,9.805999999999999162e+00,6.227999999999999758e+00,7.441264892550940591e-01,3.089220000000000255e+02,1.388000000000000078e+01,3.700000000000000178e+00,9.967999999999999972e+00,6.267999999999999794e+00,7.486111860201715151e-01,3.150319999999999823e+02
1.337899999999999956e+01,3.677999999999999936e+00,9.942000000000000171e+00,6.264000000000000234e+00,7.448502393942767474e-01,3.088220000000000027e+02,1.389700000000000024e+01,3.677000000000000046e+00,9.945000000000000284e+00,6.267999999999999794e+00,7.495280729194757630e-01,3.150550000000000068e+02
1.339700000000000024e+01,3.628000000000000114e+00,9.891999999999999460e+00,6.264000000000000234e+00,7.458523549716067347e-01,3.088720000000000141e+02,1.391000000000000014e+01,3.712000000000000188e+00,1.000699999999999967e+01,6.294999999999999929e+00,7.502292217248260897e-01,3.149929999999999950e+02
1.340900000000000070e+01,3.665999999999999925e+00,9.942999999999999616e+00,6.277000000000000135e+00,7.465204320231599855e-01,3.088340000000000032e+02,1.392699999999999960e+01,3.661000000000000032e+00,9.942999999999999616e+00,6.282000000000000028e+00,7.511461086241303375e-01,3.150570000000000164e+02
1.342600000000000016e+01,3.766000000000000014e+00,1.003999999999999915e+01,6.274000000000000021e+00,7.474668745128604241e-01,3.087339999999999804e+02,1.393999999999999950e+01,3.637000000000000011e+00,9.942000000000000171e+00,6.304999999999999716e+00,7.518472574294805533e-01,3.150579999999999927e+02
1.344400000000000084e+01,3.589999999999999858e+00,9.890000000000000568e+00,6.299999999999999822e+00,7.484689900901904114e-01,3.089100000000000250e+02,1.395800000000000018e+01,3.724000000000000199e+00,1.003100000000000058e+01,6.307000000000000384e+00,7.528180788522733646e-01,3.149689999999999941e+02
1.345700000000000074e+01,3.714999999999999858e+00,1.000300000000000011e+01,6.288000000000000256e+00,7.491927402293730998e-01,3.087850000000000250e+02,1.397100000000000009e+01,3.649000000000000021e+00,9.980999999999999872e+00,6.331999999999999851e+00,7.535192276576236914e-01,3.150190000000000055e+02
1.347499999999999964e+01,3.753000000000000114e+00,1.005000000000000071e+01,6.296999999999999709e+00,7.501948558067029760e-01,3.087470000000000141e+02,1.398799999999999955e+01,3.637000000000000011e+00,9.968999999999999417e+00,6.331999999999999851e+00,7.544361145569278282e-01,3.150310000000000059e+02
1.348700000000000010e+01,3.603000000000000203e+00,9.903999999999999915e+00,6.301000000000000156e+00,7.508629328582563378e-01,3.088969999999999914e+02,1.400099999999999945e+01,3.698999999999999844e+00,1.005499999999999972e+01,6.355999999999999872e+00,7.551372633622781549e-01,3.149449999999999932e+02
1.350500000000000078e+01,3.728000000000000203e+00,1.002599999999999980e+01,6.298000000000000043e+00,7.518650484355862140e-01,3.087719999999999914e+02,1.401900000000000013e+01,3.637000000000000011e+00,1.001800000000000068e+01,6.381000000000000227e+00,7.561080847850709663e-01,3.149819999999999709e+02
1.351699999999999946e+01,3.664000000000000146e+00,9.976000000000000867e+00,6.312000000000000277e+00,7.525331254871394648e-01,3.088360000000000127e+02,1.403200000000000003e+01,3.649999999999999911e+00,1.004100000000000037e+01,6.391000000000000014e+00,7.568092335904211820e-01,3.149590000000000032e+02
1.353599999999999959e+01,3.589999999999999858e+00,9.891000000000000014e+00,6.301000000000000156e+00,7.535909141520987786e-01,3.089100000000000250e+02,1.404899999999999949e+01,3.673999999999999932e+00,1.007699999999999996e+01,6.402999999999999581e+00,7.577261204897254299e-01,3.149230000000000018e+02
1.354899999999999949e+01,3.726999999999999869e+00,1.004899999999999949e+01,6.322000000000000064e+00,7.543146642912815780e-01,3.087730000000000246e+02,1.406199999999999939e+01,3.624000000000000110e+00,1.002899999999999991e+01,6.405000000000000249e+00,7.584272692950757566e-01,3.149710000000000036e+02
1.356600000000000072e+01,3.626999999999999780e+00,9.964000000000000412e+00,6.336999999999999744e+00,7.552611067809821277e-01,3.088729999999999905e+02,1.408000000000000007e+01,3.674999999999999822e+00,1.009099999999999930e+01,6.416000000000000369e+00,7.593980907178685680e-01,3.149089999999999918e+02
1.357900000000000063e+01,3.626999999999999780e+00,9.974999999999999645e+00,6.347999999999999865e+00,7.559848569201648161e-01,3.088729999999999905e+02,1.409699999999999953e+01,3.673999999999999932e+00,1.012599999999999945e+01,6.451999999999999957e+00,7.603149776171727048e-01,3.148740000000000236e+02
1.359600000000000009e+01,3.789000000000000146e+00,1.009800000000000075e+01,6.309000000000000163e+00,7.569312994098652547e-01,3.087110000000000127e+02,1.410999999999999943e+01,3.625000000000000000e+00,1.007799999999999940e+01,6.453000000000000291e+00,7.610161264225230315e-01,3.149220000000000255e+02
1.360899999999999999e+01,3.638999999999999790e+00,9.938000000000000611e+00,6.299000000000000377e+00,7.576550495490479431e-01,3.088609999999999900e+02,1.412800000000000011e+01,3.698999999999999844e+00,1.016600000000000037e+01,6.466999999999999638e+00,7.619869478453158429e-01,3.148340000000000032e+02
1.362700000000000067e+01,3.662999999999999812e+00,9.987000000000000099e+00,6.323999999999999844e+00,7.586571651263779303e-01,3.088369999999999891e+02,1.414499999999999957e+01,3.710999999999999854e+00,1.016399999999999970e+01,6.453000000000000291e+00,7.629038347446199797e-01,3.148360000000000127e+02
1.363899999999999935e+01,3.738999999999999879e+00,1.003599999999999959e+01,6.296999999999999709e+00,7.593252421779311812e-01,3.087610000000000241e+02,1.415799999999999947e+01,3.661000000000000032e+00,1.010299999999999976e+01,6.442000000000000171e+00,7.636049835499703065e-01,3.148969999999999914e+02
1.365199999999999925e+01,3.612999999999999989e+00,9.923000000000000043e+00,6.309999999999999609e+00,7.600489923171138695e-01,3.088870000000000005e+02,1.417600000000000016e+01,3.749000000000000110e+00,1.018800000000000061e+01,6.439000000000000057e+00,7.645758049727631178e-01,3.148120000000000118e+02
1.366999999999999993e+01,3.612999999999999989e+00,9.910999999999999588e+00,6.298000000000000043e+00,7.610511078944437457e-01,3.088870000000000005e+02,1.418900000000000006e+01,3.685999999999999943e+00,1.009999999999999964e+01,6.413999999999999702e+00,7.652769537781133335e-01,3.148999999999999773e+02
1.368299999999999983e+01,3.701000000000000068e+00,9.984999999999999432e+00,6.283999999999999808e+00,7.617748580336265452e-01,3.087989999999999782e+02,1.420500000000000007e+01,3.661000000000000032e+00,1.008799999999999919e+01,6.426999999999999602e+00,7.661399061539291289e-01,3.149119999999999777e+02
1.369999999999999929e+01,3.600000000000000089e+00,9.861000000000000654e+00,6.261000000000000121e+00,7.627213005233269838e-01,3.088999999999999773e+02,1.422300000000000075e+01,3.749000000000000110e+00,1.017699999999999960e+01,6.427999999999999936e+00,7.671107275767219402e-01,3.148229999999999791e+02
1.371299999999999919e+01,3.676000000000000156e+00,9.923000000000000043e+00,6.246999999999999886e+00,7.634450506625096722e-01,3.088240000000000123e+02,1.423600000000000065e+01,3.686999999999999833e+00,1.011599999999999966e+01,6.429000000000000270e+00,7.678118763820721560e-01,3.148840000000000146e+02
1.373000000000000043e+01,3.686999999999999833e+00,9.933999999999999275e+00,6.246999999999999886e+00,7.643914931522102219e-01,3.088129999999999882e+02,1.425300000000000011e+01,3.710999999999999854e+00,1.012800000000000011e+01,6.416999999999999815e+00,7.687287632813764038e-01,3.148720000000000141e+02
1.374399999999999977e+01,3.637999999999999901e+00,9.849000000000000199e+00,6.211000000000000298e+00,7.651709163790223478e-01,3.088620000000000232e+02,1.426600000000000001e+01,3.761000000000000121e+00,1.016300000000000026e+01,6.402000000000000135e+00,7.694299120867267305e-01,3.148369999999999891e+02
1.376099999999999923e+01,3.762999999999999901e+00,9.984999999999999432e+00,6.222000000000000419e+00,7.661173588687227864e-01,3.087370000000000232e+02,1.428400000000000070e+01,3.673999999999999932e+00,1.008699999999999974e+01,6.413000000000000256e+00,7.704007335095195419e-01,3.149130000000000109e+02
1.377500000000000036e+01,3.661999999999999922e+00,9.909000000000000696e+00,6.246999999999999886e+00,7.668967820955350234e-01,3.088380000000000223e+02,1.429700000000000060e+01,3.724000000000000199e+00,1.013899999999999935e+01,6.415000000000000036e+00,7.711018823148697576e-01,3.148609999999999900e+02
1.379199999999999982e+01,3.599000000000000199e+00,9.846000000000000085e+00,6.246999999999999886e+00,7.678432245852354621e-01,3.089010000000000105e+02,1.431400000000000006e+01,3.773000000000000131e+00,1.019999999999999929e+01,6.426999999999999602e+00,7.720187692141740055e-01,3.148000000000000114e+02
1.380499999999999972e+01,3.774999999999999911e+00,9.993999999999999773e+00,6.219000000000000306e+00,7.685669747244181504e-01,3.087250000000000227e+02,1.432699999999999996e+01,3.697999999999999954e+00,1.015099999999999980e+01,6.453000000000000291e+00,7.727199180195243322e-01,3.148489999999999895e+02
1.382199999999999918e+01,3.712000000000000188e+00,9.909000000000000696e+00,6.197000000000000064e+00,7.695134172141185891e-01,3.087880000000000109e+02,1.434500000000000064e+01,3.710999999999999854e+00,1.016099999999999959e+01,6.450000000000000178e+00,7.736907394423170325e-01,3.148389999999999986e+02
1.383500000000000085e+01,3.688000000000000167e+00,9.881999999999999673e+00,6.193999999999999950e+00,7.702371673533013885e-01,3.088120000000000118e+02,1.435800000000000054e+01,3.685999999999999943e+00,1.012700000000000067e+01,6.440999999999999837e+00,7.743918882476673593e-01,3.148729999999999905e+02
1.385299999999999976e+01,3.750000000000000000e+00,9.958000000000000185e+00,6.208000000000000185e+00,7.712392829306312647e-01,3.087500000000000000e+02,1.437500000000000000e+01,3.636000000000000121e+00,1.008999999999999986e+01,6.453999999999999737e+00,7.753087751469716071e-01,3.149100000000000250e+02
1.386500000000000021e+01,3.661999999999999922e+00,9.896000000000000796e+00,6.233999999999999986e+00,7.719073599821846265e-01,3.088380000000000223e+02,1.438799999999999990e+01,3.698999999999999844e+00,1.018900000000000006e+01,6.490000000000000213e+00,7.760099239523219339e-01,3.148109999999999786e+02
1.388299999999999912e+01,3.700000000000000178e+00,9.933999999999999275e+00,6.233999999999999986e+00,7.729094755595145028e-01,3.088000000000000114e+02,1.440600000000000058e+01,3.648000000000000131e+00,1.014799999999999969e+01,6.500000000000000000e+00,7.769807453751146342e-01,3.148519999999999754e+02
1.389600000000000080e+01,3.737000000000000099e+00,9.981999999999999318e+00,6.245000000000000107e+00,7.736332256986973022e-01,3.087629999999999768e+02,1.441900000000000048e+01,3.636000000000000121e+00,1.012400000000000055e+01,6.488000000000000433e+00,7.776818941804649610e-01,3.148759999999999764e+02
1.391300000000000026e+01,3.649999999999999911e+00,9.907999999999999474e+00,6.258000000000000007e+00,7.745796681883977408e-01,3.088500000000000227e+02,1.443599999999999994e+01,3.698999999999999844e+00,1.017500000000000071e+01,6.475999999999999979e+00,7.785987810797692088e-01,3.148249999999999886e+02
1.392699999999999960e+01,3.712000000000000188e+00,9.990999999999999659e+00,6.278999999999999915e+00,7.753590914152098668e-01,3.087880000000000109e+02,1.445400000000000063e+01,3.685000000000000053e+00,1.017399999999999949e+01,6.488999999999999879e+00,7.795696025025619091e-01,3.148260000000000218e+02
1.394400000000000084e+01,3.762000000000000011e+00,1.002899999999999991e+01,6.267000000000000348e+00,7.763055339049104164e-01,3.087379999999999995e+02,1.446700000000000053e+01,3.634999999999999787e+00,1.015000000000000036e+01,6.514999999999999680e+00,7.802707513079122359e-01,3.148500000000000227e+02
1.395700000000000074e+01,3.661999999999999922e+00,9.955000000000000071e+00,6.293000000000000149e+00,7.770292840440931048e-01,3.088380000000000223e+02,1.448399999999999999e+01,3.674999999999999822e+00,1.019999999999999929e+01,6.525000000000000355e+00,7.811876382072164837e-01,3.148000000000000114e+02
1.397400000000000020e+01,3.712000000000000188e+00,1.000600000000000023e+01,6.293999999999999595e+00,7.779757265337935435e-01,3.087880000000000109e+02,1.449699999999999989e+01,3.634999999999999787e+00,1.016099999999999959e+01,6.525999999999999801e+00,7.818887870125666995e-01,3.148389999999999986e+02
1.398700000000000010e+01,3.749000000000000110e+00,1.004199999999999982e+01,6.293000000000000149e+00,7.786994766729762318e-01,3.087509999999999764e+02,1.451399999999999935e+01,3.661000000000000032e+00,1.017300000000000004e+01,6.511999999999999567e+00,7.828056739118709473e-01,3.148269999999999982e+02
1.400500000000000078e+01,3.724000000000000199e+00,1.000399999999999956e+01,6.280000000000000249e+00,7.797015922503062191e-01,3.087760000000000105e+02,1.452699999999999925e+01,3.661000000000000032e+00,1.017399999999999949e+01,6.512999999999999901e+00,7.835068227172212740e-01,3.148260000000000218e+02
1.401800000000000068e+01,3.724000000000000199e+00,1.002800000000000047e+01,6.304000000000000270e+00,7.804253423894889075e-01,3.087760000000000105e+02,1.454400000000000048e+01,3.584999999999999964e+00,1.008799999999999919e+01,6.503000000000000114e+00,7.844237096165255219e-01,3.149119999999999777e+02
1.403599999999999959e+01,3.685000000000000053e+00,9.990999999999999659e+00,6.306000000000000050e+00,7.814274579668187837e-01,3.088149999999999977e+02,1.455799999999999983e+01,3.636000000000000121e+00,1.013899999999999935e+01,6.503000000000000114e+00,7.851787929453643011e-01,3.148609999999999900e+02
1.404899999999999949e+01,3.700000000000000178e+00,9.989000000000000767e+00,6.288999999999999702e+00,7.821512081060014721e-01,3.088000000000000114e+02,1.457499999999999929e+01,3.661000000000000032e+00,1.015000000000000036e+01,6.488999999999999879e+00,7.860956798446685490e-01,3.148500000000000227e+02
1.406600000000000072e+01,3.749000000000000110e+00,1.005100000000000016e+01,6.301999999999999602e+00,7.830976505957020217e-01,3.087509999999999764e+02,1.458799999999999919e+01,3.609999999999999876e+00,1.012500000000000000e+01,6.514999999999999680e+00,7.867968286500188757e-01,3.148750000000000000e+02
1.407799999999999940e+01,3.748000000000000220e+00,9.989000000000000767e+00,6.240999999999999659e+00,7.837657276472552725e-01,3.087520000000000095e+02,1.460599999999999987e+01,3.661000000000000032e+00,1.015000000000000036e+01,6.488999999999999879e+00,7.877676500728115760e-01,3.148500000000000227e+02
1.409600000000000009e+01,3.761000000000000121e+00,9.990000000000000213e+00,6.229000000000000092e+00,7.847678432245852598e-01,3.087389999999999759e+02,1.462299999999999933e+01,3.672000000000000153e+00,1.016300000000000026e+01,6.490999999999999659e+00,7.886845369721158239e-01,3.148369999999999891e+02
1.410899999999999999e+01,3.834999999999999964e+00,1.007600000000000051e+01,6.240999999999999659e+00,7.854915933637679482e-01,3.086650000000000205e+02,1.463599999999999923e+01,3.634999999999999787e+00,1.013700000000000045e+01,6.501999999999999780e+00,7.893856857774661506e-01,3.148629999999999995e+02
1.412599999999999945e+01,3.823999999999999844e+00,1.003700000000000081e+01,6.213000000000000078e+00,7.864380358534683868e-01,3.086759999999999877e+02,1.465399999999999991e+01,3.611000000000000210e+00,1.012500000000000000e+01,6.514000000000000234e+00,7.903565072002588510e-01,3.148750000000000000e+02
1.413899999999999935e+01,3.810000000000000053e+00,1.001200000000000045e+01,6.201999999999999957e+00,7.871617859926510752e-01,3.086899999999999977e+02,1.467099999999999937e+01,3.599000000000000199e+00,1.012400000000000055e+01,6.525000000000000355e+00,7.912733940995630988e-01,3.148759999999999764e+02
1.415799999999999947e+01,3.859999999999999876e+00,1.006199999999999939e+01,6.201999999999999957e+00,7.882195746576105000e-01,3.086399999999999864e+02,1.468800000000000061e+01,3.636000000000000121e+00,1.016300000000000026e+01,6.527000000000000135e+00,7.921902809988674576e-01,3.148369999999999891e+02
1.417500000000000071e+01,3.861000000000000210e+00,1.006099999999999994e+01,6.200000000000000178e+00,7.891660171473110497e-01,3.086390000000000100e+02,1.470599999999999952e+01,3.584999999999999964e+00,1.007699999999999996e+01,6.491999999999999993e+00,7.931611024216600470e-01,3.149230000000000018e+02
1.418699999999999939e+01,3.798999999999999932e+00,9.987999999999999545e+00,6.189000000000000057e+00,7.898340941988641895e-01,3.087010000000000218e+02,1.472300000000000075e+01,3.609999999999999876e+00,1.012400000000000055e+01,6.514000000000000234e+00,7.940779893209644058e-01,3.148759999999999764e+02
1.420500000000000007e+01,3.849000000000000199e+00,1.003599999999999959e+01,6.187000000000000277e+00,7.908362097761941767e-01,3.086510000000000105e+02,1.473700000000000010e+01,3.649999999999999911e+00,1.013599999999999923e+01,6.485999999999999766e+00,7.948330726498031851e-01,3.148639999999999759e+02
1.422199999999999953e+01,3.835999999999999854e+00,1.001099999999999923e+01,6.174999999999999822e+00,7.917826522658946153e-01,3.086639999999999873e+02,1.475399999999999956e+01,3.621999999999999886e+00,1.013400000000000034e+01,6.511999999999999567e+00,7.957499595491073219e-01,3.148659999999999854e+02
1.423900000000000077e+01,3.822999999999999954e+00,1.001099999999999923e+01,6.187999999999999723e+00,7.927290947555951650e-01,3.086770000000000209e+02,1.477100000000000080e+01,3.646999999999999797e+00,1.017099999999999937e+01,6.524000000000000021e+00,7.966668464484116807e-01,3.148290000000000077e+02
1.425300000000000011e+01,3.871999999999999886e+00,1.004499999999999993e+01,6.173000000000000043e+00,7.935085179824072910e-01,3.086279999999999859e+02,1.478899999999999970e+01,3.623000000000000220e+00,1.016399999999999970e+01,6.541000000000000369e+00,7.976376678712043811e-01,3.148360000000000127e+02
1.426999999999999957e+01,3.859999999999999876e+00,1.001099999999999923e+01,6.150999999999999801e+00,7.944549604721077296e-01,3.086399999999999864e+02,1.480100000000000016e+01,3.661000000000000032e+00,1.022400000000000020e+01,6.562999999999999723e+00,7.982848821530661443e-01,3.147760000000000105e+02
1.428299999999999947e+01,3.935000000000000053e+00,1.007399999999999984e+01,6.139000000000000234e+00,7.951787106112904180e-01,3.085649999999999977e+02,1.481900000000000084e+01,3.673999999999999932e+00,1.022499999999999964e+01,6.551000000000000156e+00,7.992557035758589556e-01,3.147749999999999773e+02
1.430000000000000071e+01,3.984999999999999876e+00,1.009900000000000020e+01,6.113999999999999879e+00,7.961251531009909677e-01,3.085149999999999864e+02,1.483699999999999974e+01,3.573999999999999844e+00,1.013899999999999935e+01,6.565000000000000391e+00,8.002265249986516560e-01,3.148609999999999900e+02
1.431300000000000061e+01,3.923000000000000043e+00,9.987000000000000099e+00,6.064000000000000057e+00,7.968489032401736560e-01,3.085769999999999982e+02,1.485299999999999976e+01,3.597999999999999865e+00,1.015099999999999980e+01,6.552999999999999936e+00,8.010894773744673403e-01,3.148489999999999895e+02
1.433099999999999952e+01,3.935000000000000053e+00,1.000000000000000000e+01,6.065000000000000391e+00,7.978510188175035323e-01,3.085649999999999977e+02,1.486700000000000088e+01,3.636000000000000121e+00,1.013899999999999935e+01,6.503000000000000114e+00,8.018445607033062306e-01,3.148609999999999900e+02
1.434800000000000075e+01,3.959999999999999964e+00,1.002200000000000024e+01,6.062000000000000277e+00,7.987974613072040819e-01,3.085400000000000205e+02,1.488400000000000034e+01,3.612000000000000099e+00,1.010299999999999976e+01,6.490999999999999659e+00,8.027614476026104784e-01,3.148969999999999914e+02
1.436100000000000065e+01,3.896999999999999797e+00,9.960000000000000853e+00,6.062999999999999723e+00,7.995212114463867703e-01,3.086030000000000086e+02,1.489700000000000024e+01,3.624000000000000110e+00,1.015000000000000036e+01,6.525999999999999801e+00,8.034625964079608051e-01,3.148500000000000227e+02
1.437899999999999956e+01,3.935000000000000053e+00,9.974000000000000199e+00,6.038999999999999702e+00,8.005233270237166465e-01,3.085649999999999977e+02,1.491499999999999915e+01,3.661999999999999922e+00,1.016600000000000037e+01,6.503999999999999559e+00,8.044334178307533945e-01,3.148340000000000032e+02
1.439199999999999946e+01,3.910000000000000142e+00,9.960000000000000853e+00,6.049999999999999822e+00,8.012470771628994459e-01,3.085899999999999750e+02,1.492800000000000082e+01,3.625000000000000000e+00,1.016399999999999970e+01,6.538999999999999702e+00,8.051345666361038322e-01,3.148360000000000127e+02
1.440900000000000070e+01,3.910000000000000142e+00,9.949999999999999289e+00,6.040000000000000036e+00,8.021935196525999956e-01,3.085899999999999750e+02,1.494500000000000028e+01,3.649000000000000021e+00,1.019999999999999929e+01,6.551000000000000156e+00,8.060514535354080801e-01,3.148000000000000114e+02
1.442200000000000060e+01,3.972999999999999865e+00,1.002599999999999980e+01,6.052999999999999936e+00,8.029172697917826840e-01,3.085269999999999868e+02,1.496199999999999974e+01,3.636000000000000121e+00,1.023700000000000010e+01,6.600999999999999979e+00,8.069683404347122169e-01,3.147629999999999768e+02
1.443999999999999950e+01,3.959000000000000075e+00,1.000999999999999979e+01,6.051000000000000156e+00,8.039193853691125602e-01,3.085409999999999968e+02,1.497600000000000087e+01,3.585999999999999854e+00,1.021299999999999919e+01,6.626999999999999780e+00,8.077234237635511072e-01,3.147869999999999777e+02
1.445299999999999940e+01,3.935000000000000053e+00,1.001099999999999923e+01,6.075999999999999623e+00,8.046431355082952486e-01,3.085649999999999977e+02,1.499300000000000033e+01,3.661000000000000032e+00,1.030899999999999928e+01,6.647999999999999687e+00,8.086403106628553550e-01,3.146909999999999741e+02
1.447000000000000064e+01,4.022000000000000242e+00,1.009800000000000075e+01,6.075999999999999623e+00,8.055895779979957982e-01,3.084780000000000086e+02,1.500999999999999979e+01,3.624000000000000110e+00,1.026299999999999990e+01,6.639000000000000234e+00,8.095571975621594918e-01,3.147370000000000232e+02
1.448300000000000054e+01,3.910000000000000142e+00,9.984999999999999432e+00,6.075000000000000178e+00,8.063133281371784866e-01,3.085899999999999750e+02,1.502699999999999925e+01,3.561999999999999833e+00,1.019200000000000017e+01,6.629999999999999893e+00,8.104740844614637396e-01,3.148079999999999927e+02
1.450099999999999945e+01,3.847999999999999865e+00,9.951000000000000512e+00,6.102999999999999758e+00,8.073154437145083628e-01,3.086519999999999868e+02,1.504100000000000037e+01,3.662999999999999812e+00,1.032799999999999940e+01,6.665000000000000036e+00,8.112291677903026299e-01,3.146720000000000255e+02
1.451399999999999935e+01,3.935000000000000053e+00,1.003599999999999959e+01,6.100999999999999979e+00,8.080391938536910512e-01,3.085649999999999977e+02,1.505799999999999983e+01,3.587000000000000188e+00,1.027899999999999991e+01,6.692000000000000171e+00,8.121460546896067667e-01,3.147210000000000036e+02
1.453100000000000058e+01,3.910000000000000142e+00,1.000000000000000000e+01,6.089999999999999858e+00,8.089856363433916009e-01,3.085899999999999750e+02,1.507600000000000051e+01,3.561999999999999833e+00,1.027599999999999980e+01,6.714000000000000412e+00,8.131168761123995781e-01,3.147239999999999895e+02
1.454400000000000048e+01,3.910000000000000142e+00,1.001200000000000045e+01,6.102000000000000313e+00,8.097093864825742893e-01,3.085899999999999750e+02,1.508799999999999919e+01,3.561999999999999833e+00,1.026399999999999935e+01,6.701999999999999957e+00,8.137640903942613413e-01,3.147359999999999900e+02
1.456199999999999939e+01,3.923000000000000043e+00,1.002500000000000036e+01,6.102000000000000313e+00,8.107115020599041655e-01,3.085769999999999982e+02,1.510599999999999987e+01,3.500000000000000000e+00,1.020199999999999996e+01,6.701999999999999957e+00,8.147349118170540416e-01,3.147980000000000018e+02
1.457900000000000063e+01,3.847999999999999865e+00,9.948999999999999844e+00,6.100999999999999979e+00,8.116579445496047152e-01,3.086519999999999868e+02,1.511899999999999977e+01,3.625999999999999890e+00,1.030199999999999960e+01,6.676000000000000156e+00,8.154360606224043684e-01,3.146979999999999791e+02
1.459099999999999930e+01,3.923000000000000043e+00,1.000000000000000000e+01,6.076999999999999957e+00,8.123260216011579660e-01,3.085769999999999982e+02,1.513599999999999923e+01,3.650999999999999801e+00,1.031600000000000072e+01,6.665000000000000036e+00,8.163529475217086162e-01,3.146840000000000259e+02
1.460899999999999999e+01,3.948999999999999844e+00,1.005000000000000071e+01,6.100999999999999979e+00,8.133281371784878422e-01,3.085509999999999877e+02,1.514899999999999913e+01,3.612999999999999989e+00,1.027999999999999936e+01,6.666999999999999815e+00,8.170540963270589430e-01,3.147200000000000273e+02
1.462199999999999989e+01,3.935999999999999943e+00,1.000099999999999945e+01,6.065000000000000391e+00,8.140518873176706416e-01,3.085640000000000214e+02,1.516600000000000037e+01,3.652000000000000135e+00,1.029400000000000048e+01,6.642000000000000348e+00,8.179709832263631908e-01,3.147060000000000173e+02
1.463899999999999935e+01,3.947999999999999954e+00,1.002699999999999925e+01,6.078999999999999737e+00,8.149983298073710802e-01,3.085520000000000209e+02,1.517999999999999972e+01,3.650999999999999801e+00,1.029299999999999926e+01,6.642000000000000348e+00,8.187260665552019701e-01,3.147069999999999936e+02
1.465199999999999925e+01,3.935000000000000053e+00,1.001099999999999923e+01,6.075999999999999623e+00,8.157220799465537686e-01,3.085649999999999977e+02,1.519699999999999918e+01,3.650999999999999801e+00,1.028999999999999915e+01,6.639000000000000234e+00,8.196429534545062179e-01,3.147099999999999795e+02
1.466999999999999993e+01,3.935000000000000053e+00,1.000000000000000000e+01,6.065000000000000391e+00,8.167241955238837559e-01,3.085649999999999977e+02,1.521499999999999986e+01,3.561999999999999833e+00,1.020599999999999952e+01,6.644000000000000128e+00,8.206137748772989182e-01,3.147939999999999827e+02
1.468299999999999983e+01,3.911000000000000032e+00,9.964000000000000412e+00,6.052999999999999936e+00,8.174479456630664442e-01,3.085889999999999986e+02,1.523199999999999932e+01,3.563000000000000167e+00,1.020299999999999940e+01,6.639999999999999680e+00,8.215306617766031660e-01,3.147970000000000255e+02
1.469999999999999929e+01,3.948999999999999844e+00,9.974999999999999645e+00,6.025999999999999801e+00,8.183943881527668829e-01,3.085509999999999877e+02,1.524399999999999977e+01,3.612999999999999989e+00,1.026800000000000068e+01,6.655000000000000249e+00,8.221778760584650403e-01,3.147319999999999709e+02
1.471299999999999919e+01,4.011000000000000121e+00,1.003800000000000026e+01,6.027000000000000135e+00,8.191181382919495713e-01,3.084889999999999759e+02,1.526299999999999990e+01,3.512999999999999901e+00,1.018099999999999916e+01,6.668000000000000149e+00,8.232026320047461931e-01,3.148190000000000168e+02
1.473099999999999987e+01,3.987000000000000099e+00,1.000200000000000067e+01,6.014999999999999680e+00,8.201202538692795585e-01,3.085129999999999768e+02,1.527500000000000036e+01,3.551000000000000156e+00,1.021700000000000053e+01,6.666000000000000369e+00,8.238498462866080674e-01,3.147830000000000155e+02
1.474399999999999977e+01,3.974000000000000199e+00,1.001299999999999990e+01,6.038999999999999702e+00,8.208440040084622469e-01,3.085260000000000105e+02,1.529299999999999926e+01,3.588999999999999968e+00,1.023399999999999999e+01,6.644999999999999574e+00,8.248206677094007677e-01,3.147660000000000196e+02
1.476099999999999923e+01,3.999000000000000110e+00,1.001399999999999935e+01,6.014999999999999680e+00,8.217904464981626855e-01,3.085009999999999764e+02,1.530599999999999916e+01,3.552000000000000046e+00,1.019500000000000028e+01,6.642999999999999794e+00,8.255218165147510945e-01,3.148050000000000068e+02
1.477899999999999991e+01,3.959999999999999964e+00,9.987000000000000099e+00,6.027000000000000135e+00,8.227925620754926728e-01,3.085400000000000205e+02,1.532399999999999984e+01,3.625999999999999890e+00,1.029199999999999982e+01,6.666000000000000369e+00,8.264926379375437948e-01,3.147080000000000268e+02
1.479199999999999982e+01,4.009999999999999787e+00,1.004800000000000004e+01,6.038000000000000256e+00,8.235163122146753611e-01,3.084900000000000091e+02,1.533600000000000030e+01,3.588999999999999968e+00,1.027100000000000080e+01,6.682000000000000384e+00,8.271398522194056691e-01,3.147289999999999850e+02
1.480899999999999928e+01,3.999000000000000110e+00,1.003700000000000081e+01,6.038000000000000256e+00,8.244627547043757998e-01,3.085009999999999764e+02,1.535299999999999976e+01,3.552999999999999936e+00,1.022400000000000020e+01,6.671000000000000263e+00,8.280567391187099169e-01,3.147760000000000105e+02
1.482199999999999918e+01,4.000000000000000000e+00,1.002500000000000036e+01,6.025000000000000355e+00,8.251865048435585992e-01,3.085000000000000000e+02,1.537100000000000044e+01,3.652000000000000135e+00,1.032099999999999973e+01,6.668999999999999595e+00,8.290275605415026172e-01,3.146789999999999736e+02
1.483999999999999986e+01,4.060999999999999943e+00,1.009800000000000075e+01,6.036999999999999922e+00,8.261886204208884754e-01,3.084390000000000214e+02,1.538400000000000034e+01,3.577999999999999847e+00,1.025900000000000034e+01,6.681000000000000050e+00,8.297287093468529440e-01,3.147409999999999854e+02
1.485299999999999976e+01,4.035999999999999588e+00,1.006400000000000006e+01,6.027999999999999581e+00,8.269123705600712748e-01,3.084639999999999986e+02,1.540199999999999925e+01,3.513999999999999790e+00,1.019899999999999984e+01,6.684999999999999609e+00,8.306995307696456443e-01,3.148009999999999877e+02
1.486999999999999922e+01,4.000000000000000000e+00,1.001699999999999946e+01,6.017000000000000348e+00,8.278588130497717135e-01,3.085000000000000000e+02,1.541900000000000048e+01,3.588999999999999968e+00,1.029700000000000060e+01,6.708000000000000185e+00,8.316164176689498921e-01,3.147029999999999745e+02
1.488400000000000034e+01,4.048000000000000043e+00,1.006700000000000017e+01,6.019000000000000128e+00,8.286382362765838394e-01,3.084519999999999982e+02,1.543200000000000038e+01,3.588999999999999968e+00,1.024799999999999933e+01,6.658999999999999808e+00,8.323175664743002189e-01,3.147520000000000095e+02
1.490000000000000036e+01,4.062000000000000277e+00,1.002800000000000047e+01,5.966000000000000192e+00,8.295290056786549515e-01,3.084379999999999882e+02,1.544899999999999984e+01,3.576000000000000068e+00,1.023499999999999943e+01,6.658999999999999808e+00,8.332344533736044667e-01,3.147649999999999864e+02
1.491699999999999982e+01,3.986000000000000210e+00,9.926999999999999602e+00,5.940999999999999837e+00,8.304754481683553902e-01,3.085140000000000100e+02,1.546599999999999930e+01,3.525999999999999801e+00,1.018800000000000061e+01,6.661999999999999922e+00,8.341513402729087145e-01,3.148120000000000118e+02
1.493099999999999916e+01,4.024000000000000021e+00,9.942000000000000171e+00,5.918000000000000149e+00,8.312548713951675161e-01,3.084759999999999991e+02,1.548000000000000043e+01,3.552999999999999936e+00,1.019899999999999984e+01,6.645999999999999908e+00,8.349064236017474938e-01,3.148009999999999877e+02
1.494800000000000040e+01,4.036999999999999922e+00,9.955000000000000071e+00,5.918000000000000149e+00,8.322013138848680658e-01,3.084630000000000223e+02,1.549699999999999989e+01,3.589999999999999858e+00,1.023900000000000077e+01,6.649000000000000021e+00,8.358233105010517416e-01,3.147610000000000241e+02
1.496100000000000030e+01,4.049999999999999822e+00,9.980000000000000426e+00,5.929999999999999716e+00,8.329250640240507542e-01,3.084499999999999886e+02,1.550999999999999979e+01,3.615000000000000213e+00,1.027500000000000036e+01,6.660000000000000142e+00,8.365244593064020684e-01,3.147250000000000227e+02
1.497899999999999920e+01,4.136999999999999567e+00,1.006600000000000072e+01,5.929000000000000270e+00,8.339271796013806304e-01,3.083629999999999995e+02,1.552800000000000047e+01,3.576999999999999957e+00,1.025999999999999979e+01,6.682999999999999829e+00,8.374952807291947687e-01,3.147400000000000091e+02
1.499200000000000088e+01,4.088000000000000078e+00,1.000600000000000023e+01,5.918000000000000149e+00,8.346509297405634298e-01,3.084119999999999777e+02,1.554100000000000037e+01,3.577999999999999847e+00,1.023600000000000065e+01,6.658000000000000362e+00,8.381964295345450955e-01,3.147640000000000100e+02
1.500900000000000034e+01,4.051000000000000156e+00,9.942999999999999616e+00,5.892000000000000348e+00,8.355973722302638684e-01,3.084490000000000123e+02,1.555799999999999983e+01,3.577999999999999847e+00,1.023499999999999943e+01,6.657000000000000028e+00,8.391133164338493433e-01,3.147649999999999864e+02
1.502699999999999925e+01,4.161999999999999922e+00,1.004100000000000037e+01,5.878999999999999559e+00,8.365994878075937446e-01,3.083380000000000223e+02,1.557600000000000051e+01,3.615000000000000213e+00,1.027299999999999969e+01,6.658000000000000362e+00,8.400841378566420437e-01,3.147269999999999754e+02
1.503999999999999915e+01,4.025000000000000355e+00,9.930999999999999162e+00,5.905999999999999694e+00,8.373232379467764330e-01,3.084750000000000227e+02,1.559299999999999997e+01,3.540000000000000036e+00,1.018999999999999950e+01,6.650000000000000355e+00,8.410010247559462915e-01,3.148100000000000023e+02
1.505700000000000038e+01,3.987999999999999989e+00,9.891999999999999460e+00,5.903999999999999915e+00,8.382696804364769827e-01,3.085120000000000005e+02,1.560999999999999943e+01,3.540000000000000036e+00,1.018900000000000006e+01,6.649000000000000021e+00,8.419179116552505393e-01,3.148109999999999786e+02
1.507000000000000028e+01,4.049999999999999822e+00,9.981999999999999318e+00,5.932000000000000384e+00,8.389934305756596711e-01,3.084499999999999886e+02,1.562800000000000011e+01,3.589999999999999858e+00,1.018999999999999950e+01,6.599999999999999645e+00,8.428887330780432396e-01,3.148100000000000023e+02
1.508699999999999974e+01,4.025999999999999801e+00,9.945000000000000284e+00,5.918999999999999595e+00,8.399398730653601097e-01,3.084739999999999895e+02,1.564000000000000057e+01,3.564999999999999947e+00,1.013899999999999935e+01,6.573999999999999844e+00,8.435359473599051139e-01,3.148609999999999900e+02
1.509999999999999964e+01,4.036999999999999922e+00,9.958000000000000185e+00,5.921000000000000263e+00,8.406636232045429091e-01,3.084630000000000223e+02,1.565799999999999947e+01,3.552000000000000046e+00,1.011500000000000021e+01,6.562999999999999723e+00,8.445067687826978142e-01,3.148849999999999909e+02
1.511800000000000033e+01,4.075999999999999623e+00,9.983000000000000540e+00,5.907000000000000028e+00,8.416657387818727853e-01,3.084239999999999782e+02,1.567600000000000016e+01,3.552999999999999936e+00,1.011400000000000077e+01,6.560999999999999943e+00,8.454775902054905146e-01,3.148860000000000241e+02
1.513599999999999923e+01,4.036999999999999922e+00,9.932000000000000384e+00,5.894999999999999574e+00,8.426678543592026616e-01,3.084630000000000223e+02,1.568800000000000061e+01,3.564999999999999947e+00,1.011500000000000021e+01,6.549999999999999822e+00,8.461248044873523888e-01,3.148849999999999909e+02
1.514799999999999969e+01,4.125000000000000000e+00,1.003100000000000058e+01,5.905999999999999694e+00,8.433359314107560234e-01,3.083750000000000000e+02,1.570599999999999952e+01,3.615000000000000213e+00,1.015099999999999980e+01,6.535999999999999588e+00,8.470956259101450891e-01,3.148489999999999895e+02
1.516499999999999915e+01,4.125000000000000000e+00,1.001800000000000068e+01,5.892999999999999794e+00,8.442823739004564620e-01,3.083750000000000000e+02,1.572400000000000020e+01,3.589999999999999858e+00,1.012700000000000067e+01,6.536999999999999922e+00,8.480664473329377895e-01,3.148729999999999905e+02
1.517900000000000027e+01,4.086999999999999744e+00,9.978999999999999204e+00,5.892000000000000348e+00,8.450617971272686990e-01,3.084130000000000109e+02,1.573700000000000010e+01,3.552999999999999936e+00,1.006600000000000072e+01,6.512999999999999901e+00,8.487675961382881162e-01,3.149340000000000259e+02
1.519599999999999973e+01,4.051000000000000156e+00,9.958999999999999631e+00,5.908000000000000362e+00,8.460082396169691377e-01,3.084490000000000123e+02,1.575399999999999956e+01,3.579000000000000181e+00,1.009299999999999997e+01,6.514000000000000234e+00,8.496844830375923641e-01,3.149069999999999823e+02
1.521000000000000085e+01,4.051000000000000156e+00,9.984999999999999432e+00,5.934000000000000163e+00,8.467876628437813746e-01,3.084490000000000123e+02,1.577100000000000080e+01,3.616000000000000103e+00,1.011500000000000021e+01,6.498999999999999666e+00,8.506013699368966119e-01,3.148849999999999909e+02
1.522700000000000031e+01,4.062999999999999723e+00,1.001699999999999946e+01,5.953999999999999737e+00,8.477341053334818133e-01,3.084370000000000118e+02,1.578800000000000026e+01,3.504000000000000004e+00,1.000399999999999956e+01,6.500000000000000000e+00,8.515182568362008597e-01,3.149959999999999809e+02
1.524399999999999977e+01,4.012999999999999901e+00,9.958000000000000185e+00,5.945000000000000284e+00,8.486805478231822519e-01,3.084870000000000232e+02,1.580599999999999916e+01,3.528000000000000025e+00,1.003899999999999970e+01,6.511000000000000121e+00,8.524890782589935601e-01,3.149610000000000127e+02
1.525699999999999967e+01,4.001000000000000334e+00,9.970000000000000639e+00,5.969000000000000306e+00,8.494042979623649403e-01,3.084990000000000236e+02,1.581900000000000084e+01,3.540000000000000036e+00,1.004199999999999982e+01,6.501999999999999780e+00,8.531902270643438868e-01,3.149580000000000268e+02
1.527500000000000036e+01,4.049999999999999822e+00,9.980999999999999872e+00,5.931000000000000050e+00,8.504064135396949276e-01,3.084499999999999886e+02,1.583600000000000030e+01,3.528999999999999915e+00,1.002800000000000047e+01,6.498999999999999666e+00,8.541071139636481346e-01,3.149719999999999800e+02
1.528800000000000026e+01,3.987999999999999989e+00,9.922000000000000597e+00,5.934000000000000163e+00,8.511301636788776159e-01,3.085120000000000005e+02,1.584900000000000020e+01,3.528999999999999915e+00,1.002899999999999991e+01,6.500000000000000000e+00,8.548082627689984614e-01,3.149710000000000036e+02
1.530499999999999972e+01,4.012999999999999901e+00,9.958000000000000185e+00,5.945000000000000284e+00,8.520766061685780546e-01,3.084870000000000232e+02,1.586700000000000088e+01,3.504000000000000004e+00,1.001800000000000068e+01,6.514000000000000234e+00,8.557790841917912728e-01,3.149819999999999709e+02
1.531799999999999962e+01,4.025999999999999801e+00,9.948000000000000398e+00,5.921999999999999709e+00,8.528003563077607430e-01,3.084739999999999895e+02,1.588400000000000034e+01,3.552999999999999936e+00,1.007900000000000063e+01,6.525999999999999801e+00,8.566959710910954096e-01,3.149209999999999923e+02
1.533500000000000085e+01,3.975999999999999979e+00,9.910000000000000142e+00,5.934000000000000163e+00,8.537467987974612926e-01,3.085240000000000009e+02,1.589700000000000024e+01,3.565999999999999837e+00,1.010399999999999920e+01,6.538000000000000256e+00,8.573971198964457363e-01,3.148960000000000150e+02
1.534900000000000020e+01,4.064000000000000057e+00,9.984999999999999432e+00,5.921000000000000263e+00,8.545262220242734186e-01,3.084359999999999786e+02,1.591499999999999915e+01,3.552999999999999936e+00,1.009299999999999997e+01,6.540000000000000036e+00,8.583679413192384366e-01,3.149069999999999823e+02
1.536599999999999966e+01,4.025999999999999801e+00,9.970000000000000639e+00,5.943999999999999950e+00,8.554726645139738572e-01,3.084739999999999895e+02,1.593200000000000038e+01,3.528000000000000025e+00,1.006600000000000072e+01,6.538000000000000256e+00,8.592848282185426845e-01,3.149340000000000259e+02
1.537899999999999956e+01,3.951999999999999957e+00,9.910000000000000142e+00,5.958000000000000185e+00,8.561964146531566566e-01,3.085480000000000018e+02,1.594500000000000028e+01,3.528999999999999915e+00,1.002999999999999936e+01,6.501000000000000334e+00,8.599859770238930112e-01,3.149700000000000273e+02
1.539600000000000080e+01,4.027000000000000135e+00,9.996000000000000441e+00,5.969000000000000306e+00,8.571428571428572063e-01,3.084730000000000132e+02,1.596299999999999919e+01,3.591000000000000192e+00,1.006799999999999962e+01,6.477000000000000313e+00,8.609567984466857116e-01,3.149320000000000164e+02
1.541000000000000014e+01,4.012999999999999901e+00,1.001800000000000068e+01,6.004999999999999893e+00,8.579222803696693322e-01,3.084870000000000232e+02,1.597600000000000087e+01,3.528000000000000025e+00,1.001800000000000068e+01,6.490000000000000213e+00,8.616579472520360383e-01,3.149819999999999709e+02
1.542699999999999960e+01,3.939000000000000057e+00,9.946999999999999176e+00,6.008000000000000007e+00,8.588687228593697709e-01,3.085609999999999786e+02,1.599300000000000033e+01,3.439999999999999947e+00,9.944000000000000838e+00,6.503999999999999559e+00,8.625748341513402861e-01,3.150559999999999832e+02
1.543999999999999950e+01,3.926000000000000156e+00,9.946999999999999176e+00,6.020999999999999908e+00,8.595924729985524593e-01,3.085740000000000123e+02,1.601000000000000156e+01,3.515000000000000124e+00,1.001800000000000068e+01,6.503000000000000114e+00,8.634917210506446450e-01,3.149819999999999709e+02
1.545700000000000074e+01,3.900999999999999801e+00,9.935999999999999943e+00,6.035000000000000142e+00,8.605389154882530089e-01,3.085989999999999895e+02,1.602299999999999969e+01,3.516000000000000014e+00,9.993000000000000327e+00,6.477000000000000313e+00,8.641928698559948607e-01,3.150070000000000050e+02
1.547400000000000020e+01,3.914000000000000146e+00,9.923999999999999488e+00,6.009999999999999787e+00,8.614853579779534476e-01,3.085860000000000127e+02,1.603999999999999915e+01,3.503000000000000114e+00,9.955999999999999517e+00,6.453000000000000291e+00,8.651097567552989975e-01,3.150439999999999827e+02
1.548799999999999955e+01,3.900999999999999801e+00,9.898999999999999133e+00,5.998000000000000220e+00,8.622647812047655735e-01,3.085989999999999895e+02,1.605799999999999983e+01,3.528000000000000025e+00,9.993999999999999773e+00,6.466000000000000192e+00,8.660805781780918089e-01,3.150059999999999718e+02
1.550900000000000034e+01,3.875000000000000000e+00,9.875000000000000000e+00,6.000000000000000000e+00,8.634339160449838735e-01,3.086250000000000000e+02,1.607100000000000151e+01,3.504999999999999893e+00,9.957000000000000739e+00,6.451999999999999957e+00,8.667817269834421356e-01,3.150430000000000064e+02
1.552599999999999980e+01,3.912999999999999812e+00,9.958999999999999631e+00,6.046000000000000263e+00,8.643803585346843121e-01,3.085869999999999891e+02,1.608800000000000097e+01,3.540999999999999925e+00,1.000699999999999967e+01,6.466000000000000192e+00,8.676986138827463835e-01,3.149929999999999950e+02
1.553899999999999970e+01,3.939000000000000057e+00,1.001200000000000045e+01,6.073000000000000398e+00,8.651041086738670005e-01,3.085609999999999786e+02,1.610600000000000165e+01,3.540999999999999925e+00,1.002999999999999936e+01,6.488999999999999879e+00,8.686694353055391948e-01,3.149700000000000273e+02
1.555799999999999983e+01,3.912999999999999812e+00,1.003299999999999947e+01,6.120000000000000107e+00,8.661618973388264253e-01,3.085869999999999891e+02,1.612699999999999889e+01,3.504000000000000004e+00,9.981999999999999318e+00,6.477999999999999758e+00,8.698020602987972527e-01,3.150180000000000291e+02
1.557499999999999929e+01,3.887999999999999901e+00,1.001800000000000068e+01,6.129999999999999893e+00,8.671083398285268640e-01,3.086120000000000232e+02,1.614099999999999824e+01,3.528999999999999915e+00,9.993000000000000327e+00,6.464000000000000412e+00,8.705571436276359210e-01,3.150070000000000050e+02
1.559200000000000053e+01,3.912999999999999812e+00,1.004400000000000048e+01,6.131000000000000227e+00,8.680547823182274136e-01,3.085869999999999891e+02,1.615800000000000125e+01,3.553999999999999826e+00,1.001699999999999946e+01,6.463000000000000078e+00,8.714740305269403908e-01,3.149830000000000041e+02
1.560399999999999920e+01,3.927000000000000046e+00,1.004499999999999993e+01,6.118000000000000327e+00,8.687228593697805534e-01,3.085729999999999791e+02,1.617599999999999838e+01,3.567000000000000171e+00,1.003200000000000003e+01,6.464999999999999858e+00,8.724448519497329801e-01,3.149680000000000177e+02
1.563000000000000078e+01,3.813000000000000167e+00,9.971999999999999531e+00,6.158999999999999808e+00,8.701703596481461522e-01,3.086870000000000118e+02,1.618900000000000006e+01,3.452999999999999847e+00,9.954000000000000625e+00,6.501000000000000334e+00,8.731460007550833069e-01,3.150459999999999923e+02
1.564300000000000068e+01,3.876999999999999780e+00,1.004199999999999982e+01,6.165000000000000036e+00,8.708941097873288406e-01,3.086229999999999905e+02,1.620599999999999952e+01,3.491000000000000103e+00,9.990999999999999659e+00,6.500000000000000000e+00,8.740628876543875547e-01,3.150090000000000146e+02
1.566000000000000014e+01,3.927000000000000046e+00,1.004499999999999993e+01,6.118000000000000327e+00,8.718405522770292793e-01,3.085729999999999791e+02,1.622400000000000020e+01,3.565999999999999837e+00,1.004100000000000037e+01,6.474999999999999645e+00,8.750337090771803661e-01,3.149590000000000032e+02
1.567800000000000082e+01,3.888999999999999790e+00,9.987999999999999545e+00,6.099000000000000199e+00,8.728426678543592665e-01,3.086109999999999900e+02,1.624099999999999966e+01,3.516000000000000014e+00,9.994999999999999218e+00,6.479000000000000092e+00,8.759505959764845029e-01,3.150049999999999955e+02
1.569599999999999973e+01,3.939999999999999947e+00,1.002500000000000036e+01,6.084999999999999964e+00,8.738447834316890317e-01,3.085600000000000023e+02,1.625400000000000134e+01,3.565999999999999837e+00,1.007099999999999973e+01,6.504999999999999893e+00,8.766517447818349407e-01,3.149289999999999736e+02
1.571299999999999919e+01,3.902000000000000135e+00,1.001299999999999990e+01,6.110999999999999766e+00,8.747912259213894703e-01,3.085980000000000132e+02,1.627199999999999847e+01,3.540999999999999925e+00,1.004599999999999937e+01,6.504999999999999893e+00,8.776225662046275300e-01,3.149540000000000077e+02
1.573000000000000043e+01,3.914000000000000146e+00,1.003599999999999959e+01,6.121999999999999886e+00,8.757376684110900200e-01,3.085860000000000127e+02,1.628900000000000148e+01,3.555000000000000160e+00,1.004400000000000048e+01,6.488999999999999879e+00,8.785394531039318888e-01,3.149560000000000173e+02
1.574799999999999933e+01,3.927000000000000046e+00,1.003700000000000081e+01,6.110000000000000320e+00,8.767397839884198962e-01,3.085729999999999791e+02,1.630099999999999838e+01,3.629999999999999893e+00,1.010599999999999987e+01,6.475999999999999979e+00,8.791866673857935410e-01,3.148940000000000055e+02
1.576500000000000057e+01,3.853000000000000203e+00,9.974999999999999645e+00,6.121999999999999886e+00,8.776862264781204459e-01,3.086469999999999914e+02,1.631800000000000139e+01,3.579000000000000181e+00,1.004499999999999993e+01,6.466000000000000192e+00,8.801035542850980109e-01,3.149549999999999841e+02
1.578299999999999947e+01,3.863999999999999879e+00,9.987999999999999545e+00,6.123999999999999666e+00,8.786883420554503221e-01,3.086360000000000241e+02,1.633599999999999852e+01,3.555000000000000160e+00,9.970000000000000639e+00,6.415000000000000036e+00,8.810743757078906002e-01,3.150299999999999727e+02
1.580000000000000071e+01,3.876999999999999780e+00,1.003800000000000026e+01,6.160999999999999588e+00,8.796347845451508718e-01,3.086229999999999905e+02,1.635300000000000153e+01,3.556000000000000050e+00,9.960000000000000853e+00,6.403999999999999915e+00,8.819912626071949591e-01,3.150400000000000205e+02
1.581799999999999962e+01,3.814000000000000057e+00,9.997999999999999332e+00,6.184000000000000163e+00,8.806369001224807480e-01,3.086859999999999786e+02,1.636700000000000088e+01,3.592000000000000082e+00,9.996999999999999886e+00,6.405000000000000249e+00,8.827463459360337383e-01,3.150029999999999859e+02
1.583399999999999963e+01,3.802000000000000046e+00,9.974999999999999645e+00,6.173000000000000043e+00,8.815276695245517491e-01,3.086979999999999791e+02,1.638400000000000034e+01,3.555000000000000160e+00,9.973000000000000753e+00,6.418000000000000149e+00,8.836632328353378751e-01,3.150269999999999868e+02
1.585200000000000031e+01,3.827999999999999847e+00,9.977000000000000313e+00,6.149000000000000021e+00,8.825297851018817363e-01,3.086720000000000255e+02,1.640099999999999980e+01,3.491999999999999993e+00,9.897999999999999687e+00,6.405999999999999694e+00,8.845801197346421230e-01,3.151019999999999754e+02
1.586999999999999922e+01,3.839999999999999858e+00,1.000200000000000067e+01,6.161999999999999922e+00,8.835319006792116125e-01,3.086600000000000250e+02,1.641400000000000148e+01,3.592000000000000082e+00,9.973000000000000753e+00,6.381000000000000227e+00,8.852812685399925607e-01,3.150269999999999868e+02
1.588700000000000045e+01,3.790000000000000036e+00,9.977000000000000313e+00,6.187000000000000277e+00,8.844783431689121622e-01,3.087099999999999795e+02,1.643199999999999861e+01,3.592000000000000082e+00,9.973000000000000753e+00,6.381000000000000227e+00,8.862520899627851501e-01,3.150269999999999868e+02
1.590399999999999991e+01,3.790000000000000036e+00,1.000300000000000011e+01,6.213000000000000078e+00,8.854247856586126009e-01,3.087099999999999795e+02,1.644900000000000162e+01,3.553999999999999826e+00,9.933999999999999275e+00,6.379999999999999893e+00,8.871689768620895089e-01,3.150659999999999741e+02
1.592500000000000071e+01,3.789000000000000146e+00,9.987999999999999545e+00,6.198999999999999844e+00,8.865939204988309008e-01,3.087110000000000127e+02,1.646699999999999875e+01,3.629999999999999893e+00,9.983000000000000540e+00,6.352999999999999758e+00,8.881397982848820982e-01,3.150169999999999959e+02
1.594299999999999962e+01,3.879000000000000004e+00,1.005199999999999960e+01,6.173000000000000043e+00,8.875960360761607770e-01,3.086209999999999809e+02,1.648000000000000043e+01,3.605999999999999872e+00,9.948999999999999844e+00,6.342999999999999972e+00,8.888409470902325360e-01,3.150509999999999877e+02
1.596100000000000030e+01,3.814999999999999947e+00,9.987000000000000099e+00,6.171999999999999709e+00,8.885981516534906532e-01,3.086850000000000023e+02,1.649699999999999989e+01,3.592999999999999972e+00,9.936999999999999389e+00,6.344000000000000306e+00,8.897578339895366728e-01,3.150629999999999882e+02
1.597799999999999976e+01,3.814999999999999947e+00,9.967000000000000526e+00,6.152000000000000135e+00,8.895445941431910919e-01,3.086850000000000023e+02,1.651500000000000057e+01,3.642999999999999794e+00,9.974999999999999645e+00,6.331999999999999851e+00,8.907286554123294842e-01,3.150249999999999773e+02
1.599499999999999922e+01,3.853000000000000203e+00,1.002699999999999925e+01,6.174000000000000377e+00,8.904910366328916416e-01,3.086469999999999914e+02,1.652799999999999869e+01,3.617999999999999883e+00,9.960000000000000853e+00,6.341999999999999638e+00,8.914298042176796999e-01,3.150400000000000205e+02
1.601200000000000045e+01,3.754000000000000004e+00,9.941000000000000725e+00,6.187000000000000277e+00,8.914374791225920802e-01,3.087459999999999809e+02,1.654500000000000171e+01,3.592999999999999972e+00,9.923999999999999488e+00,6.331000000000000405e+00,8.923466911169840587e-01,3.150760000000000218e+02
1.603000000000000114e+01,3.766000000000000014e+00,9.944000000000000838e+00,6.177999999999999936e+00,8.924395946999220675e-01,3.087339999999999804e+02,1.656200000000000117e+01,3.617999999999999883e+00,9.987000000000000099e+00,6.368999999999999773e+00,8.932635780162883066e-01,3.150129999999999768e+02
1.605300000000000082e+01,3.778000000000000025e+00,9.967000000000000526e+00,6.189000000000000057e+00,8.937200757153992425e-01,3.087219999999999800e+02,1.657900000000000063e+01,3.630999999999999783e+00,1.002299999999999969e+01,6.392000000000000348e+00,8.941804649155925544e-01,3.149769999999999754e+02
1.607000000000000028e+01,3.790999999999999925e+00,9.992000000000000881e+00,6.200999999999999623e+00,8.946665182050996812e-01,3.087090000000000032e+02,1.659700000000000131e+01,3.543000000000000149e+00,9.951000000000000512e+00,6.408000000000000362e+00,8.951512863383852547e-01,3.150489999999999782e+02
1.609199999999999875e+01,3.790999999999999925e+00,9.990000000000000213e+00,6.198999999999999844e+00,8.958913261329471966e-01,3.087090000000000032e+02,1.661400000000000077e+01,3.556999999999999940e+00,9.951999999999999957e+00,6.394999999999999574e+00,8.960681732376895026e-01,3.150480000000000018e+02
1.610999999999999943e+01,3.802999999999999936e+00,1.001900000000000013e+01,6.216000000000000192e+00,8.968934417102771839e-01,3.086970000000000027e+02,1.663200000000000145e+01,3.605999999999999872e+00,9.977000000000000313e+00,6.371000000000000441e+00,8.970389946604823139e-01,3.150230000000000246e+02
1.612699999999999889e+01,3.815999999999999837e+00,1.006700000000000017e+01,6.251000000000000334e+00,8.978398841999776225e-01,3.086840000000000259e+02,1.664900000000000091e+01,3.607000000000000206e+00,9.952999999999999403e+00,6.346000000000000085e+00,8.979558815597864507e-01,3.150470000000000255e+02
1.614799999999999969e+01,3.802999999999999936e+00,1.005499999999999972e+01,6.251999999999999780e+00,8.990090190401959225e-01,3.086970000000000027e+02,1.666700000000000159e+01,3.593999999999999861e+00,9.938000000000000611e+00,6.344000000000000306e+00,8.989267029825792621e-01,3.150620000000000118e+02
1.616600000000000037e+01,3.741000000000000103e+00,1.001500000000000057e+01,6.274000000000000021e+00,9.000111346175259097e-01,3.087590000000000146e+02,1.668400000000000105e+01,3.619000000000000217e+00,9.926999999999999602e+00,6.307999999999999829e+00,8.998435898818835099e-01,3.150729999999999791e+02
1.618299999999999983e+01,3.716000000000000192e+00,1.000500000000000078e+01,6.288999999999999702e+00,9.009575771072263484e-01,3.087839999999999918e+02,1.670599999999999952e+01,3.669000000000000039e+00,1.001399999999999935e+01,6.344999999999999751e+00,9.010301493986300203e-01,3.149859999999999900e+02
1.620499999999999829e+01,3.778999999999999915e+00,1.005499999999999972e+01,6.275999999999999801e+00,9.021823850350739749e-01,3.087210000000000036e+02,1.672299999999999898e+01,3.720000000000000195e+00,1.002899999999999991e+01,6.309000000000000163e+00,9.019470362979342681e-01,3.149710000000000036e+02
1.622200000000000131e+01,3.653999999999999915e+00,9.930999999999999162e+00,6.277000000000000135e+00,9.031288275247745245e-01,3.088460000000000036e+02,1.673600000000000065e+01,3.669000000000000039e+00,9.990000000000000213e+00,6.320999999999999730e+00,9.026481851032847059e-01,3.150099999999999909e+02
1.623999999999999844e+01,3.741000000000000103e+00,1.002999999999999936e+01,6.288999999999999702e+00,9.041309431021042897e-01,3.087590000000000146e+02,1.675400000000000134e+01,3.633000000000000007e+00,9.939999999999999503e+00,6.307000000000000384e+00,9.036190065260774062e-01,3.150600000000000023e+02
1.626200000000000045e+01,3.716000000000000192e+00,1.001900000000000013e+01,6.302999999999999936e+00,9.053557510299521383e-01,3.087839999999999918e+02,1.677100000000000080e+01,3.633000000000000007e+00,9.916000000000000369e+00,6.283000000000000362e+00,9.045358934253816541e-01,3.150840000000000032e+02
1.627899999999999991e+01,3.729999999999999982e+00,1.005499999999999972e+01,6.325000000000000178e+00,9.063021935196525769e-01,3.087699999999999818e+02,1.678399999999999892e+01,3.681999999999999940e+00,9.954000000000000625e+00,6.272000000000000242e+00,9.052370422307318698e-01,3.150459999999999923e+02
1.629700000000000060e+01,3.704000000000000181e+00,1.003100000000000058e+01,6.326999999999999957e+00,9.073043090969825641e-01,3.087959999999999923e+02,1.680199999999999960e+01,3.620000000000000107e+00,9.893000000000000682e+00,6.272999999999999687e+00,9.062078636535245701e-01,3.151069999999999709e+02
1.631299999999999883e+01,3.692000000000000171e+00,1.003200000000000003e+01,6.339999999999999858e+00,9.081950784990534542e-01,3.088079999999999927e+02,1.681899999999999906e+01,3.556000000000000050e+00,9.830999999999999517e+00,6.275000000000000355e+00,9.071247505528288180e-01,3.151689999999999827e+02
1.633500000000000085e+01,3.729999999999999982e+00,1.004499999999999993e+01,6.315000000000000391e+00,9.094198864269013027e-01,3.087699999999999818e+02,1.683599999999999852e+01,3.669000000000000039e+00,9.939999999999999503e+00,6.270999999999999908e+00,9.080416374521330658e-01,3.150600000000000023e+02
1.635300000000000153e+01,3.729999999999999982e+00,1.003200000000000003e+01,6.301999999999999602e+00,9.104220020042311790e-01,3.087699999999999818e+02,1.685300000000000153e+01,3.644000000000000128e+00,9.929000000000000270e+00,6.285000000000000142e+00,9.089585243514374246e-01,3.150710000000000264e+02
1.637000000000000099e+01,3.690999999999999837e+00,1.000600000000000023e+01,6.315000000000000391e+00,9.113684444939316176e-01,3.088090000000000259e+02,1.687099999999999866e+01,3.645000000000000018e+00,9.894000000000000128e+00,6.248999999999999666e+00,9.099293457742300140e-01,3.151059999999999945e+02
1.638700000000000045e+01,3.716000000000000192e+00,9.996999999999999886e+00,6.280999999999999694e+00,9.123148869836320562e-01,3.087839999999999918e+02,1.688800000000000168e+01,3.645000000000000018e+00,9.880000000000000782e+00,6.235000000000000320e+00,9.108462326735343728e-01,3.151200000000000045e+02
1.641000000000000014e+01,3.755999999999999783e+00,1.003400000000000070e+01,6.277999999999999581e+00,9.135953679991092313e-01,3.087440000000000282e+02,1.690599999999999881e+01,3.645999999999999908e+00,9.882999999999999119e+00,6.237000000000000099e+00,9.118170540963269621e-01,3.151170000000000186e+02
1.642699999999999960e+01,3.666999999999999815e+00,9.935000000000000497e+00,6.267999999999999794e+00,9.145418104888096700e-01,3.088330000000000268e+02,1.692299999999999827e+01,3.684000000000000163e+00,9.919000000000000483e+00,6.235000000000000320e+00,9.127339409956312100e-01,3.150810000000000173e+02
1.644900000000000162e+01,3.693000000000000060e+00,9.960000000000000853e+00,6.267000000000000348e+00,9.157666184166574075e-01,3.088070000000000164e+02,1.694099999999999895e+01,3.669999999999999929e+00,9.932999999999999829e+00,6.262999999999999901e+00,9.137047624184240213e-01,3.150670000000000073e+02
1.646999999999999886e+01,3.692000000000000171e+00,9.948000000000000398e+00,6.256000000000000227e+00,9.169357532568754854e-01,3.088079999999999927e+02,1.695799999999999841e+01,3.657000000000000028e+00,9.907999999999999474e+00,6.251000000000000334e+00,9.146216493177281581e-01,3.150919999999999845e+02
1.648799999999999955e+01,3.681000000000000050e+00,9.910000000000000142e+00,6.229000000000000092e+00,9.179378688342054726e-01,3.088190000000000168e+02,1.697100000000000009e+01,3.607000000000000206e+00,9.858000000000000540e+00,6.251000000000000334e+00,9.153227981230785959e-01,3.151419999999999959e+02
1.650499999999999901e+01,3.692000000000000171e+00,9.922000000000000597e+00,6.230000000000000426e+00,9.188843113239059113e-01,3.088079999999999927e+02,1.698799999999999955e+01,3.669999999999999929e+00,9.942999999999999616e+00,6.272999999999999687e+00,9.162396850223828437e-01,3.150570000000000164e+02
1.652599999999999980e+01,3.729999999999999982e+00,9.935999999999999943e+00,6.206000000000000405e+00,9.200534461641242112e-01,3.087699999999999818e+02,1.700600000000000023e+01,3.645000000000000018e+00,9.907999999999999474e+00,6.262999999999999901e+00,9.172105064451755441e-01,3.150919999999999845e+02
1.654400000000000048e+01,3.793000000000000149e+00,9.999000000000000554e+00,6.206000000000000405e+00,9.210555617414541985e-01,3.087069999999999936e+02,1.702299999999999969e+01,3.595000000000000195e+00,9.845000000000000639e+00,6.250000000000000000e+00,9.181273933444797919e-01,3.151549999999999727e+02
1.656099999999999994e+01,3.742999999999999883e+00,9.961000000000000298e+00,6.217999999999999972e+00,9.220020042311546371e-01,3.087570000000000050e+02,1.704100000000000037e+01,3.645999999999999908e+00,9.882999999999999119e+00,6.237000000000000099e+00,9.190982147672726033e-01,3.151170000000000186e+02
1.657900000000000063e+01,3.656000000000000139e+00,9.900000000000000355e+00,6.243999999999999773e+00,9.230041198084846243e-01,3.088439999999999941e+02,1.705799999999999983e+01,3.620999999999999996e+00,9.871000000000000441e+00,6.250000000000000000e+00,9.200151016665767401e-01,3.151290000000000191e+02
1.659600000000000009e+01,3.693000000000000060e+00,9.948000000000000398e+00,6.254999999999999893e+00,9.239505622981850630e-01,3.088070000000000164e+02,1.707600000000000051e+01,3.633000000000000007e+00,9.869999999999999218e+00,6.237000000000000099e+00,9.209859230893695514e-01,3.151299999999999955e+02
1.661400000000000077e+01,3.656000000000000139e+00,9.897999999999999687e+00,6.241999999999999993e+00,9.249526778755149392e-01,3.088439999999999941e+02,1.709700000000000131e+01,3.658999999999999808e+00,9.833000000000000185e+00,6.174000000000000377e+00,9.221185480826277203e-01,3.151669999999999732e+02
1.663100000000000023e+01,3.629999999999999893e+00,9.849999999999999645e+00,6.219999999999999751e+00,9.258991203652154889e-01,3.088700000000000045e+02,1.711499999999999844e+01,3.670999999999999819e+00,9.868999999999999773e+00,6.198000000000000398e+00,9.230893695054203096e-01,3.151309999999999718e+02
1.664900000000000091e+01,3.641999999999999904e+00,9.875000000000000000e+00,6.232999999999999652e+00,9.269012359425453651e-01,3.088580000000000041e+02,1.713599999999999923e+01,3.670999999999999819e+00,9.836000000000000298e+00,6.165000000000000036e+00,9.242219944986785896e-01,3.151639999999999873e+02
1.666199999999999903e+01,3.641999999999999904e+00,9.912000000000000810e+00,6.269999999999999574e+00,9.276249860817280535e-01,3.088580000000000041e+02,1.715399999999999991e+01,3.733999999999999986e+00,9.907999999999999474e+00,6.174000000000000377e+00,9.251928159214712899e-01,3.150919999999999845e+02
1.667899999999999849e+01,3.681999999999999940e+00,9.938000000000000611e+00,6.256000000000000227e+00,9.285714285714284921e-01,3.088179999999999836e+02,1.717099999999999937e+01,3.657999999999999918e+00,9.810000000000000497e+00,6.152000000000000135e+00,9.261097028207755377e-01,3.151899999999999977e+02
1.669600000000000151e+01,3.642999999999999794e+00,9.925000000000000711e+00,6.282000000000000028e+00,9.295178710611291528e-01,3.088570000000000277e+02,1.718799999999999883e+01,3.608999999999999986e+00,9.760999999999999233e+00,6.152000000000000135e+00,9.270265897200797856e-01,3.152389999999999759e+02
1.670899999999999963e+01,3.641999999999999904e+00,9.948999999999999844e+00,6.307000000000000384e+00,9.302416212003117302e-01,3.088580000000000041e+02,1.720599999999999952e+01,3.684000000000000163e+00,9.810999999999999943e+00,6.126999999999999780e+00,9.279974111428724859e-01,3.151890000000000214e+02
1.672599999999999909e+01,3.641999999999999904e+00,9.948999999999999844e+00,6.307000000000000384e+00,9.311880636900121688e-01,3.088580000000000041e+02,1.722299999999999898e+01,3.634999999999999787e+00,9.759999999999999787e+00,6.125000000000000000e+00,9.289142980421767337e-01,3.152400000000000091e+02
1.674399999999999977e+01,3.617999999999999883e+00,9.938000000000000611e+00,6.320000000000000284e+00,9.321901792673421561e-01,3.088820000000000050e+02,1.724099999999999966e+01,3.584999999999999964e+00,9.734999999999999432e+00,6.150000000000000355e+00,9.298851194649695451e-01,3.152649999999999864e+02
1.676099999999999923e+01,3.681999999999999940e+00,9.987999999999999545e+00,6.306000000000000050e+00,9.331366217570425947e-01,3.088179999999999836e+02,1.726300000000000168e+01,3.621999999999999886e+00,9.750000000000000000e+00,6.128000000000000114e+00,9.310716789817162775e-01,3.152500000000000000e+02
1.677499999999999858e+01,3.605999999999999872e+00,9.914999999999999147e+00,6.309000000000000163e+00,9.339160449838547207e-01,3.088940000000000055e+02,1.728000000000000114e+01,3.646999999999999797e+00,9.811999999999999389e+00,6.165000000000000036e+00,9.319885658810205253e-01,3.151879999999999882e+02
1.679200000000000159e+01,3.592999999999999972e+00,9.890000000000000568e+00,6.296999999999999709e+00,9.348624874735553814e-01,3.089069999999999823e+02,1.729799999999999827e+01,3.571000000000000174e+00,9.762000000000000455e+00,6.190999999999999837e+00,9.329593873038131147e-01,3.152379999999999995e+02
1.680900000000000105e+01,3.706999999999999851e+00,9.987999999999999545e+00,6.280999999999999694e+00,9.358089299632558200e-01,3.087930000000000064e+02,1.731500000000000128e+01,3.634999999999999787e+00,9.821999999999999176e+00,6.187000000000000277e+00,9.338762742031174735e-01,3.151779999999999973e+02
1.682700000000000173e+01,3.642999999999999794e+00,9.926999999999999602e+00,6.283999999999999808e+00,9.368110455405856962e-01,3.088570000000000277e+02,1.732700000000000173e+01,3.584999999999999964e+00,9.810000000000000497e+00,6.224999999999999645e+00,9.345234884849793477e-01,3.151899999999999977e+02
1.684400000000000119e+01,3.605999999999999872e+00,9.878000000000000114e+00,6.272000000000000242e+00,9.377574880302862459e-01,3.088940000000000055e+02,1.734499999999999886e+01,3.621999999999999886e+00,9.861000000000000654e+00,6.238999999999999879e+00,9.354943099077719371e-01,3.151390000000000100e+02
1.685699999999999932e+01,3.607000000000000206e+00,9.878000000000000114e+00,6.270999999999999908e+00,9.384812381694688233e-01,3.088929999999999723e+02,1.736199999999999832e+01,3.710999999999999854e+00,9.900000000000000355e+00,6.189000000000000057e+00,9.364111968070760739e-01,3.151000000000000227e+02
1.687500000000000000e+01,3.605999999999999872e+00,9.853999999999999204e+00,6.248000000000000220e+00,9.394833537467988105e-01,3.088940000000000055e+02,1.737900000000000134e+01,3.661000000000000032e+00,9.872999999999999332e+00,6.211999999999999744e+00,9.373280837063805437e-01,3.151270000000000095e+02
1.689199999999999946e+01,3.644000000000000128e+00,9.903999999999999915e+00,6.259999999999999787e+00,9.404297962364992491e-01,3.088559999999999945e+02,1.739300000000000068e+01,3.609999999999999876e+00,9.826000000000000512e+00,6.216000000000000192e+00,9.380831670352193230e-01,3.151739999999999782e+02
1.690500000000000114e+01,3.644000000000000128e+00,9.890000000000000568e+00,6.246000000000000441e+00,9.411535463756820485e-01,3.088559999999999945e+02,1.741000000000000014e+01,3.584999999999999964e+00,9.814999999999999503e+00,6.230000000000000426e+00,9.390000539345234598e-01,3.151850000000000023e+02
1.692299999999999827e+01,3.669000000000000039e+00,9.903999999999999915e+00,6.235000000000000320e+00,9.421556619530118137e-01,3.088310000000000173e+02,1.742699999999999960e+01,3.646999999999999797e+00,9.887999999999999901e+00,6.240999999999999659e+00,9.399169408338277076e-01,3.151120000000000232e+02
1.694000000000000128e+01,3.668000000000000149e+00,9.914999999999999147e+00,6.246999999999999886e+00,9.431021044427124744e-01,3.088319999999999936e+02,1.744500000000000028e+01,3.585999999999999854e+00,9.827999999999999403e+00,6.241999999999999993e+00,9.408877622566205190e-01,3.151720000000000255e+02
1.695700000000000074e+01,3.720000000000000195e+00,9.930999999999999162e+00,6.211000000000000298e+00,9.440485469324129131e-01,3.087799999999999727e+02,1.746199999999999974e+01,3.509999999999999787e+00,9.739000000000000767e+00,6.229000000000000092e+00,9.418046491559246558e-01,3.152610000000000241e+02
1.697500000000000142e+01,3.758000000000000007e+00,9.967999999999999972e+00,6.209999999999999964e+00,9.450506625097427893e-01,3.087420000000000186e+02,1.748000000000000043e+01,3.560000000000000053e+00,9.778000000000000469e+00,6.217999999999999972e+00,9.427754705787174672e-01,3.152219999999999800e+02
1.699200000000000088e+01,3.657999999999999918e+00,9.880000000000000782e+00,6.222000000000000419e+00,9.459971049994433390e-01,3.088419999999999845e+02,1.749699999999999989e+01,3.597999999999999865e+00,9.801999999999999602e+00,6.203999999999999737e+00,9.436923574780217150e-01,3.151979999999999791e+02
1.701000000000000156e+01,3.619000000000000217e+00,9.868999999999999773e+00,6.250000000000000000e+00,9.469992205767732152e-01,3.088809999999999718e+02,1.751899999999999835e+01,3.611000000000000210e+00,9.826000000000000512e+00,6.214999999999999858e+00,9.448789169947682254e-01,3.151739999999999782e+02
1.702700000000000102e+01,3.694999999999999840e+00,9.917999999999999261e+00,6.222999999999999865e+00,9.479456630664736538e-01,3.088050000000000068e+02,1.753999999999999915e+01,3.597999999999999865e+00,9.816000000000000725e+00,6.217999999999999972e+00,9.460115419880265053e-01,3.151840000000000259e+02
1.704400000000000048e+01,3.669999999999999929e+00,9.894000000000000128e+00,6.224000000000000199e+00,9.488921055561740925e-01,3.088299999999999841e+02,1.755799999999999983e+01,3.584000000000000075e+00,9.839999999999999858e+00,6.256000000000000227e+00,9.469823634108193167e-01,3.151600000000000250e+02
1.706200000000000117e+01,3.645000000000000018e+00,9.832000000000000739e+00,6.187000000000000277e+00,9.498942211335040797e-01,3.088550000000000182e+02,1.757499999999999929e+01,3.572999999999999954e+00,9.803000000000000824e+00,6.230000000000000426e+00,9.478992503101234535e-01,3.151970000000000027e+02
1.707900000000000063e+01,3.669999999999999929e+00,9.894000000000000128e+00,6.224000000000000199e+00,9.508406636232045184e-01,3.088299999999999841e+02,1.759199999999999875e+01,3.648000000000000131e+00,9.842999999999999972e+00,6.195000000000000284e+00,9.488161372094277013e-01,3.151569999999999823e+02
1.709199999999999875e+01,3.682999999999999829e+00,9.919000000000000483e+00,6.235999999999999766e+00,9.515644137623872068e-01,3.088170000000000073e+02,1.760999999999999943e+01,3.597999999999999865e+00,9.803000000000000824e+00,6.205000000000000071e+00,9.497869586322205127e-01,3.151970000000000027e+02
1.710900000000000176e+01,3.657000000000000028e+00,9.907000000000000028e+00,6.250000000000000000e+00,9.525108562520877564e-01,3.088430000000000177e+02,1.762699999999999889e+01,3.496999999999999886e+00,9.717000000000000526e+00,6.219999999999999751e+00,9.507038455315246495e-01,3.152830000000000155e+02
1.712699999999999889e+01,3.708000000000000185e+00,9.980999999999999872e+00,6.272999999999999687e+00,9.535129718294175216e-01,3.087919999999999732e+02,1.764399999999999835e+01,3.585999999999999854e+00,9.804000000000000270e+00,6.217999999999999972e+00,9.516207324308288973e-01,3.151960000000000264e+02
1.714000000000000057e+01,3.632000000000000117e+00,9.907000000000000028e+00,6.275000000000000355e+00,9.542367219686004320e-01,3.088679999999999950e+02,1.766199999999999903e+01,3.584999999999999964e+00,9.817999999999999616e+00,6.232999999999999652e+00,9.525915538536217086e-01,3.151820000000000164e+02
1.715700000000000003e+01,3.633000000000000007e+00,9.919999999999999929e+00,6.286999999999999922e+00,9.551831644583008707e-01,3.088670000000000186e+02,1.767899999999999849e+01,3.511000000000000121e+00,9.743000000000000327e+00,6.232000000000000206e+00,9.535084407529258455e-01,3.152570000000000050e+02
1.717500000000000071e+01,3.645000000000000018e+00,9.933999999999999275e+00,6.288999999999999702e+00,9.561852800356307469e-01,3.088550000000000182e+02,1.769699999999999918e+01,3.498000000000000220e+00,9.728999999999999204e+00,6.230999999999999872e+00,9.544792621757186568e-01,3.152710000000000150e+02
1.719200000000000017e+01,3.595000000000000195e+00,9.907000000000000028e+00,6.312000000000000277e+00,9.571317225253311856e-01,3.089049999999999727e+02,1.771399999999999864e+01,3.536000000000000032e+00,9.766999999999999460e+00,6.230999999999999872e+00,9.553961490750229046e-01,3.152330000000000041e+02
1.720899999999999963e+01,3.607000000000000206e+00,9.897000000000000242e+00,6.290000000000000036e+00,9.580781650150317352e-01,3.088929999999999723e+02,1.773100000000000165e+01,3.548999999999999932e+00,9.743999999999999773e+00,6.195000000000000284e+00,9.563130359743272635e-01,3.152559999999999718e+02
1.722700000000000031e+01,3.596000000000000085e+00,9.885999999999999233e+00,6.290000000000000036e+00,9.590802805923616114e-01,3.089039999999999964e+02,1.774800000000000111e+01,3.512000000000000011e+00,9.717999999999999972e+00,6.206000000000000405e+00,9.572299228736315113e-01,3.152819999999999823e+02
1.724500000000000099e+01,3.660000000000000142e+00,9.946999999999999176e+00,6.286999999999999922e+00,9.600823961696915987e-01,3.088399999999999750e+02,1.776599999999999824e+01,3.523000000000000131e+00,9.740000000000000213e+00,6.216999999999999638e+00,9.582007442964241006e-01,3.152599999999999909e+02
1.725700000000000145e+01,3.584000000000000075e+00,9.884999999999999787e+00,6.301000000000000156e+00,9.607504732212448495e-01,3.089159999999999968e+02,1.778699999999999903e+01,3.548999999999999932e+00,9.743000000000000327e+00,6.193999999999999950e+00,9.593333692896822695e-01,3.152570000000000050e+02
1.727499999999999858e+01,3.520000000000000018e+00,9.821999999999999176e+00,6.301999999999999602e+00,9.617525887985746147e-01,3.089800000000000182e+02,1.780499999999999972e+01,3.561999999999999833e+00,9.779999999999999361e+00,6.217999999999999972e+00,9.603041907124750809e-01,3.152200000000000273e+02
1.729200000000000159e+01,3.596000000000000085e+00,9.897999999999999687e+00,6.301999999999999602e+00,9.626990312882752754e-01,3.089039999999999964e+02,1.782199999999999918e+01,3.536000000000000032e+00,9.766000000000000014e+00,6.230000000000000426e+00,9.612210776117792177e-01,3.152339999999999804e+02
1.730900000000000105e+01,3.596000000000000085e+00,9.885999999999999233e+00,6.290000000000000036e+00,9.636454737779757140e-01,3.089039999999999964e+02,1.783999999999999986e+01,3.472999999999999865e+00,9.705000000000000071e+00,6.232000000000000206e+00,9.621918990345720291e-01,3.152950000000000159e+02
1.732600000000000051e+01,3.596999999999999975e+00,9.875000000000000000e+00,6.277999999999999581e+00,9.645919162676761527e-01,3.089030000000000200e+02,1.785699999999999932e+01,3.423000000000000043e+00,9.644000000000000128e+00,6.221000000000000085e+00,9.631087859338762769e-01,3.153559999999999945e+02
1.733999999999999986e+01,3.621999999999999886e+00,9.900999999999999801e+00,6.278999999999999915e+00,9.653713394944882786e-01,3.088779999999999859e+02,1.787500000000000000e+01,3.537999999999999812e+00,9.731999999999999318e+00,6.193999999999999950e+00,9.640796073566689772e-01,3.152680000000000291e+02
1.735699999999999932e+01,3.609999999999999876e+00,9.900000000000000355e+00,6.290000000000000036e+00,9.663177819841887173e-01,3.088899999999999864e+02,1.789699999999999847e+01,3.435999999999999943e+00,9.632999999999999119e+00,6.197000000000000064e+00,9.652661668734155986e-01,3.153670000000000186e+02
1.737500000000000000e+01,3.608999999999999986e+00,9.913000000000000256e+00,6.304000000000000270e+00,9.673198975615187045e-01,3.088910000000000196e+02,1.791400000000000148e+01,3.384999999999999787e+00,9.593999999999999417e+00,6.208999999999999631e+00,9.661830537727199575e-01,3.154060000000000059e+02
1.739199999999999946e+01,3.596000000000000085e+00,9.923000000000000043e+00,6.326999999999999957e+00,9.682663400512191432e-01,3.089039999999999964e+02,1.793100000000000094e+01,3.472999999999999865e+00,9.678000000000000824e+00,6.205000000000000071e+00,9.670999406720242053e-01,3.153220000000000027e+02
1.740899999999999892e+01,3.559000000000000163e+00,9.884999999999999787e+00,6.325999999999999623e+00,9.692127825409195818e-01,3.089409999999999741e+02,1.794900000000000162e+01,3.460999999999999854e+00,9.705000000000000071e+00,6.243999999999999773e+00,9.680707620948170167e-01,3.152950000000000159e+02
1.742699999999999960e+01,3.547000000000000153e+00,9.836999999999999744e+00,6.290000000000000036e+00,9.702148981182495691e-01,3.089529999999999745e+02,1.796600000000000108e+01,3.436999999999999833e+00,9.669000000000000483e+00,6.232000000000000206e+00,9.689876489941211535e-01,3.153310000000000173e+02
1.744399999999999906e+01,3.560000000000000053e+00,9.851000000000000867e+00,6.291000000000000369e+00,9.711613406079500077e-01,3.089399999999999977e+02,1.797899999999999920e+01,3.423999999999999932e+00,9.696999999999999176e+00,6.272999999999999687e+00,9.696887977994713692e-01,3.153029999999999973e+02
1.746099999999999852e+01,3.584999999999999964e+00,9.875999999999999446e+00,6.291000000000000369e+00,9.721077830976504464e-01,3.089150000000000205e+02,1.799699999999999989e+01,3.460999999999999854e+00,9.705999999999999517e+00,6.245000000000000107e+00,9.706596192222641806e-01,3.152939999999999827e+02
1.747899999999999920e+01,3.547000000000000153e+00,9.851000000000000867e+00,6.304000000000000270e+00,9.731098986749804336e-01,3.089529999999999745e+02,1.801300000000000168e+01,3.460999999999999854e+00,9.682000000000000384e+00,6.221000000000000085e+00,9.715225715980799759e-01,3.153179999999999836e+02
1.749599999999999866e+01,3.471999999999999975e+00,9.775999999999999801e+00,6.304000000000000270e+00,9.740563411646808722e-01,3.090280000000000200e+02,1.803099999999999881e+01,3.487000000000000099e+00,9.718999999999999417e+00,6.232000000000000206e+00,9.724933930208725652e-01,3.152810000000000059e+02
1.751399999999999935e+01,3.508999999999999897e+00,9.836999999999999744e+00,6.328000000000000291e+00,9.750584567420108595e-01,3.089909999999999854e+02,1.804400000000000048e+01,3.498000000000000220e+00,9.730999999999999872e+00,6.232999999999999652e+00,9.731945418262230030e-01,3.152690000000000055e+02
1.753099999999999881e+01,3.560000000000000053e+00,9.888999999999999346e+00,6.328999999999999737e+00,9.760048992317112981e-01,3.089399999999999977e+02,1.806599999999999895e+01,3.423999999999999932e+00,9.669000000000000483e+00,6.245000000000000107e+00,9.743811013429696244e-01,3.153310000000000173e+02
1.754899999999999949e+01,3.523000000000000131e+00,9.839999999999999858e+00,6.317000000000000171e+00,9.770070148090412854e-01,3.089769999999999754e+02,1.808299999999999841e+01,3.411999999999999922e+00,9.669999999999999929e+00,6.258000000000000007e+00,9.752979882422737612e-01,3.153299999999999841e+02
1.756599999999999895e+01,3.560000000000000053e+00,9.900000000000000355e+00,6.339999999999999858e+00,9.779534572987417240e-01,3.089399999999999977e+02,1.810099999999999909e+01,3.463000000000000078e+00,9.707000000000000739e+00,6.243999999999999773e+00,9.762688096650665726e-01,3.152930000000000064e+02
1.758299999999999841e+01,3.496999999999999886e+00,9.840999999999999304e+00,6.344000000000000306e+00,9.788998997884421627e-01,3.090029999999999859e+02,1.811799999999999855e+01,3.462000000000000188e+00,9.705999999999999517e+00,6.243999999999999773e+00,9.771856965643708204e-01,3.152939999999999827e+02
1.760099999999999909e+01,3.521999999999999797e+00,9.875999999999999446e+00,6.354000000000000092e+00,9.799020153657721499e-01,3.089780000000000086e+02,1.813599999999999923e+01,3.346999999999999975e+00,9.617000000000000881e+00,6.269999999999999574e+00,9.781565179871635207e-01,3.153829999999999814e+02
1.761799999999999855e+01,3.548000000000000043e+00,9.928000000000000824e+00,6.379999999999999893e+00,9.808484578554725886e-01,3.089519999999999982e+02,1.815299999999999869e+01,3.386000000000000121e+00,9.646000000000000796e+00,6.259999999999999787e+00,9.790734048864677685e-01,3.153539999999999850e+02
1.763599999999999923e+01,3.471999999999999975e+00,9.875999999999999446e+00,6.403999999999999915e+00,9.818505734328024648e-01,3.090280000000000200e+02,1.817500000000000071e+01,3.423000000000000043e+00,9.705999999999999517e+00,6.283000000000000362e+00,9.802599644032145010e-01,3.152939999999999827e+02
1.765299999999999869e+01,3.435000000000000053e+00,9.840999999999999304e+00,6.405999999999999694e+00,9.827970159225029034e-01,3.090649999999999977e+02,1.819200000000000017e+01,3.436999999999999833e+00,9.720000000000000639e+00,6.283000000000000362e+00,9.811768513025187488e-01,3.152799999999999727e+02
1.767099999999999937e+01,3.484999999999999876e+00,9.903000000000000469e+00,6.418000000000000149e+00,9.837991314998328907e-01,3.090149999999999864e+02,1.821000000000000085e+01,3.436999999999999833e+00,9.696999999999999176e+00,6.259999999999999787e+00,9.821476727253115602e-01,3.153029999999999973e+02
1.768799999999999883e+01,3.498000000000000220e+00,9.952999999999999403e+00,6.455000000000000071e+00,9.847455739895333293e-01,3.090020000000000095e+02,1.822700000000000031e+01,3.436999999999999833e+00,9.708000000000000185e+00,6.270999999999999908e+00,9.830645596246156970e-01,3.152919999999999732e+02
1.770499999999999829e+01,3.410000000000000142e+00,9.878999999999999559e+00,6.469000000000000306e+00,9.856920164792337680e-01,3.090899999999999750e+02,1.824500000000000099e+01,3.423000000000000043e+00,9.679999999999999716e+00,6.256999999999999673e+00,9.840353810474085083e-01,3.153199999999999932e+02
1.772299999999999898e+01,3.371999999999999886e+00,9.817000000000000171e+00,6.445000000000000284e+00,9.866941320565637552e-01,3.091279999999999859e+02,1.827400000000000091e+01,3.447999999999999954e+00,9.695999999999999730e+00,6.248000000000000220e+00,9.855994822285745194e-01,3.153039999999999736e+02
1.773999999999999844e+01,3.410000000000000142e+00,9.852999999999999758e+00,6.442999999999999616e+00,9.876405745462641939e-01,3.090899999999999750e+02,1.828900000000000148e+01,3.448999999999999844e+00,9.695000000000000284e+00,6.246000000000000441e+00,9.864085000809018622e-01,3.153050000000000068e+02
1.775700000000000145e+01,3.472999999999999865e+00,9.916999999999999815e+00,6.443999999999999950e+00,9.885870170359648545e-01,3.090269999999999868e+02,1.831099999999999994e+01,3.398000000000000131e+00,9.646000000000000796e+00,6.248000000000000220e+00,9.875950595976484836e-01,3.153539999999999850e+02
1.777100000000000080e+01,3.459999999999999964e+00,9.893000000000000682e+00,6.432999999999999829e+00,9.893664402627769805e-01,3.090400000000000205e+02,1.832700000000000173e+01,3.435999999999999943e+00,9.695999999999999730e+00,6.259999999999999787e+00,9.884580119734642789e-01,3.153039999999999736e+02
1.778800000000000026e+01,3.498000000000000220e+00,9.903999999999999915e+00,6.405999999999999694e+00,9.903128827524774191e-01,3.090020000000000095e+02,1.834900000000000020e+01,3.500000000000000000e+00,9.698000000000000398e+00,6.198000000000000398e+00,9.896445714902109003e-01,3.153020000000000209e+02
1.780499999999999972e+01,3.498000000000000220e+00,9.891999999999999460e+00,6.394000000000000128e+00,9.912593252421778578e-01,3.090020000000000095e+02,1.837099999999999866e+01,3.423999999999999932e+00,9.632999999999999119e+00,6.208999999999999631e+00,9.908311310069575217e-01,3.153670000000000186e+02
1.782199999999999918e+01,3.447999999999999954e+00,9.853999999999999204e+00,6.405999999999999694e+00,9.922057677318782964e-01,3.090520000000000209e+02,1.838800000000000168e+01,3.436999999999999833e+00,9.621999999999999886e+00,6.184999999999999609e+00,9.917480179062618806e-01,3.153779999999999859e+02
1.783999999999999986e+01,3.459999999999999964e+00,9.891000000000000014e+00,6.431000000000000050e+00,9.932078833092082837e-01,3.090400000000000205e+02,1.841000000000000014e+01,3.487000000000000099e+00,9.670999999999999375e+00,6.184000000000000163e+00,9.929345774230085020e-01,3.153290000000000077e+02
1.785699999999999932e+01,3.459999999999999964e+00,9.878999999999999559e+00,6.418999999999999595e+00,9.941543257989087223e-01,3.090400000000000205e+02,1.843199999999999861e+01,3.448999999999999844e+00,9.659000000000000696e+00,6.209999999999999964e+00,9.941211369397551234e-01,3.153410000000000082e+02
1.787500000000000000e+01,3.411000000000000032e+00,9.830000000000000071e+00,6.418999999999999595e+00,9.951564413762387096e-01,3.090889999999999986e+02,1.844900000000000162e+01,3.487000000000000099e+00,9.672000000000000597e+00,6.184999999999999609e+00,9.950380238390594823e-01,3.153279999999999745e+02
1.789199999999999946e+01,3.460999999999999854e+00,9.881000000000000227e+00,6.419999999999999929e+00,9.961028838659391482e-01,3.090389999999999873e+02,1.846699999999999875e+01,3.524000000000000021e+00,9.695999999999999730e+00,6.171999999999999709e+00,9.960088452618520716e-01,3.153039999999999736e+02
1.790899999999999892e+01,3.486000000000000210e+00,9.893000000000000682e+00,6.407000000000000028e+00,9.970493263556395869e-01,3.090140000000000100e+02,1.848400000000000176e+01,3.512999999999999901e+00,9.694000000000000838e+00,6.181000000000000050e+00,9.969257321611564304e-01,3.153059999999999832e+02
1.792599999999999838e+01,3.462000000000000188e+00,9.842999999999999972e+00,6.381000000000000227e+00,9.979957688453400255e-01,3.090380000000000109e+02,1.850199999999999889e+01,3.524000000000000021e+00,9.696999999999999176e+00,6.173000000000000043e+00,9.978965535839490197e-01,3.153029999999999973e+02
1.794399999999999906e+01,3.396999999999999797e+00,9.781000000000000583e+00,6.384000000000000341e+00,9.989978844226700128e-01,3.091030000000000086e+02,1.852400000000000091e+01,3.536999999999999922e+00,9.705999999999999517e+00,6.168999999999999595e+00,9.990831131006958632e-01,3.152939999999999827e+02
1.796199999999999974e+01,3.435000000000000053e+00,9.842000000000000526e+00,6.407000000000000028e+00,1.000000000000000000e+00,3.090649999999999977e+02,1.854100000000000037e+01,3.474000000000000199e+00,9.634000000000000341e+00,6.160000000000000142e+00,1.000000000000000000e+00,3.153659999999999854e+02
