x_LE,y_LE,x_RE,y_RE
0.000000000000000000e+00,3.590899999999999750e+02,0.000000000000000000e+00,3.652810000000000059e+02
5.041169551335909077e-04,3.591039999999999850e+02,5.048521904975598624e-04,3.652710000000000150e+02
1.008233910267181815e-03,3.590529999999999973e+02,9.536096931620576022e-04,3.652950000000000159e+02
1.512350865400772940e-03,3.590529999999999973e+02,1.458461883659617356e-03,3.653070000000000164e+02
1.960454825519520727e-03,3.590779999999999745e+02,1.963314074157177219e-03,3.652950000000000159e+02
2.464571780653111201e-03,3.590889999999999986e+02,2.468166264654736864e-03,3.653439999999999941e+02
2.968688735786702542e-03,3.591290000000000191e+02,2.916923767319234712e-03,3.653450000000000273e+02
3.416792695905449678e-03,3.591410000000000196e+02,3.365681269983732127e-03,3.652669999999999959e+02
3.920909651039041453e-03,3.591150000000000091e+02,3.870533460481292640e-03,3.652699999999999818e+02
4.425026606172632361e-03,3.591159999999999854e+02,4.319290963145789621e-03,3.653199999999999932e+02
4.873130566291379064e-03,3.591159999999999854e+02,4.824143153643349266e-03,3.653170000000000073e+02
5.377247521424970839e-03,3.591030000000000086e+02,5.328995344140909779e-03,3.653059999999999832e+02
5.881364476558560879e-03,3.590779999999999745e+02,5.833847534638469425e-03,3.653330000000000268e+02
6.329468436677309316e-03,3.591039999999999850e+02,6.282605037302967273e-03,3.653840000000000146e+02
6.833585391810899357e-03,3.591410000000000196e+02,6.787457227800526918e-03,3.653809999999999718e+02
7.281689351929647794e-03,3.591139999999999759e+02,7.292309418298087431e-03,3.653820000000000050e+02
7.785806307063238701e-03,3.591279999999999859e+02,7.797161608795647077e-03,3.653969999999999914e+02
8.289923262196829609e-03,3.591539999999999964e+02,8.245919111460144058e-03,3.652939999999999827e+02
8.794040217330420517e-03,3.591279999999999859e+02,8.750771301957704570e-03,3.653199999999999932e+02
9.242144177449168954e-03,3.591270000000000095e+02,9.255623492455265083e-03,3.654080000000000155e+02
9.802274127597602332e-03,3.591279999999999859e+02,9.704380995119761197e-03,3.653930000000000291e+02
1.025037808771634903e-02,3.591410000000000196e+02,1.020923318561732171e-02,3.653799999999999955e+02
1.075449504284994168e-02,3.591279999999999859e+02,1.071408537611488222e-02,3.654320000000000164e+02
1.120259900296868838e-02,3.591290000000000191e+02,1.121893756661244274e-02,3.654569999999999936e+02
1.170671595810227929e-02,3.591669999999999732e+02,1.166769506927693885e-02,3.654420000000000073e+02
1.221083291323587020e-02,3.591659999999999968e+02,1.217254725977449936e-02,3.654320000000000164e+02
1.265893687335461863e-02,3.591789999999999736e+02,1.267739945027205987e-02,3.654189999999999827e+02
1.316305382848820781e-02,3.591800000000000068e+02,1.312615695293655772e-02,3.653690000000000282e+02
1.366717078362179871e-02,3.591279999999999859e+02,1.363100914343411650e-02,3.654039999999999964e+02
1.411527474374054715e-02,3.591150000000000091e+02,1.413586133393167701e-02,3.654940000000000282e+02
1.461939169887413806e-02,3.591399999999999864e+02,1.464071352442923579e-02,3.654809999999999945e+02
1.512350865400773070e-02,3.591270000000000095e+02,1.508947102709373538e-02,3.654689999999999941e+02
1.562762560914132334e-02,3.591009999999999991e+02,1.559432321759129415e-02,3.654929999999999950e+02
1.613174256427490905e-02,3.591019999999999754e+02,1.609917540808885120e-02,3.655070000000000050e+02
1.657984652439365922e-02,3.591390000000000100e+02,1.660402759858641344e-02,3.654800000000000182e+02
1.708396347952724839e-02,3.591399999999999864e+02,1.705278510125091129e-02,3.654300000000000068e+02
1.758808043466084103e-02,3.591279999999999859e+02,1.750154260391540914e-02,3.654540000000000077e+02
1.803618439477958774e-02,3.591410000000000196e+02,1.806248948224603232e-02,3.654420000000000073e+02
1.854030134991318038e-02,3.591279999999999859e+02,1.851124698491053017e-02,3.654660000000000082e+02
1.904441830504677302e-02,3.591530000000000200e+02,1.901609917540808894e-02,3.654950000000000045e+02
1.954853526018035872e-02,3.591530000000000200e+02,1.946485667807258332e-02,3.654549999999999841e+02
1.999663922029910890e-02,3.591270000000000095e+02,1.996970886857014557e-02,3.654159999999999968e+02
2.050075617543269807e-02,3.591129999999999995e+02,2.047456105906770435e-02,3.654039999999999964e+02
2.100487313056629071e-02,3.591390000000000100e+02,2.097941324956526660e-02,3.654169999999999732e+02
2.145297709068503741e-02,3.591630000000000109e+02,2.142817075222976445e-02,3.654060000000000059e+02
2.195709404581863006e-02,3.591379999999999768e+02,2.193302294272732322e-02,3.654159999999999968e+02
2.246121100095222270e-02,3.590860000000000127e+02,2.243787513322488547e-02,3.654560000000000173e+02
2.296532795608580840e-02,3.591259999999999764e+02,2.288663263588937985e-02,3.654800000000000182e+02
2.341343191620455857e-02,3.591510000000000105e+02,2.339148482638693863e-02,3.655160000000000196e+02
2.386153587632330528e-02,3.591510000000000105e+02,2.389633701688450088e-02,3.655529999999999973e+02
2.436565283145689792e-02,3.591510000000000105e+02,2.440118920738205965e-02,3.655419999999999732e+02
2.486976978659048709e-02,3.591770000000000209e+02,2.484994671004655750e-02,3.655049999999999955e+02
2.531787374670923726e-02,3.592160000000000082e+02,2.535479890054411975e-02,3.654909999999999854e+02
2.582199070184282644e-02,3.592149999999999750e+02,2.585965109104167853e-02,3.655040000000000191e+02
2.632610765697641561e-02,3.591890000000000214e+02,2.636450328153923731e-02,3.655169999999999959e+02
2.677421161709516578e-02,3.591899999999999977e+02,2.681326078420373515e-02,3.654929999999999950e+02
2.727832857222875496e-02,3.591890000000000214e+02,2.731811297470129393e-02,3.655079999999999814e+02
2.778244552736234760e-02,3.592130000000000223e+02,2.782296516519885271e-02,3.655319999999999823e+02
2.828656248249593677e-02,3.592400000000000091e+02,2.827172266786335403e-02,3.655160000000000196e+02
2.873466644261468694e-02,3.592520000000000095e+02,2.877657485836091281e-02,3.655049999999999955e+02
2.923878339774827612e-02,3.592909999999999968e+02,2.973018455152296943e-02,3.654649999999999750e+02
2.974290035288186876e-02,3.592900000000000205e+02,3.023503674202053168e-02,3.654900000000000091e+02
3.024701730801546140e-02,3.592640000000000100e+02,3.068379424468502953e-02,3.655240000000000009e+02
3.069512126813420810e-02,3.592269999999999754e+02,3.118864643518258831e-02,3.655000000000000000e+02
3.119923822326780075e-02,3.592019999999999982e+02,3.169349862568014708e-02,3.654889999999999759e+02
3.164734218338654398e-02,3.592280000000000086e+02,3.214225612834464146e-02,3.655249999999999773e+02
3.215145913852013315e-02,3.592269999999999754e+02,3.264710831884220371e-02,3.655629999999999882e+02
3.265557609365372232e-02,3.592019999999999982e+02,3.315196050933975902e-02,3.655389999999999873e+02
3.315969304878731844e-02,3.591899999999999977e+02,3.365681269983732127e-02,3.655169999999999959e+02
3.366381000392090761e-02,3.592029999999999745e+02,3.410557020250182259e-02,3.655029999999999859e+02
3.411191396403965431e-02,3.592280000000000086e+02,3.461042239299937789e-02,3.655149999999999864e+02
3.461603091917324349e-02,3.592280000000000086e+02,3.511527458349694014e-02,3.655160000000000196e+02
3.506413487929199713e-02,3.592149999999999750e+02,3.556403208616144146e-02,3.654920000000000186e+02
3.556825183442558630e-02,3.592280000000000086e+02,3.606888427665899677e-02,3.655249999999999773e+02
3.607236878955917547e-02,3.592389999999999759e+02,3.657373646715655902e-02,3.655489999999999782e+02
3.652047274967792218e-02,3.592900000000000205e+02,3.707858865765412126e-02,3.655609999999999786e+02
3.702458970481151829e-02,3.593029999999999973e+02,3.752734616031861564e-02,3.655860000000000127e+02
3.752870665994510746e-02,3.592769999999999868e+02,3.803219835081617789e-02,3.655480000000000018e+02
3.797681062006385416e-02,3.592909999999999968e+02,3.853705054131374014e-02,3.655350000000000250e+02
3.848092757519745027e-02,3.593039999999999736e+02,3.898580804397822758e-02,3.655969999999999800e+02
3.898504453033103251e-02,3.592909999999999968e+02,3.949066023447578982e-02,3.656089999999999804e+02
3.943314849044977921e-02,3.592649999999999864e+02,3.999551242497335207e-02,3.655960000000000036e+02
3.993726544558337532e-02,3.592280000000000086e+02,4.044426992763784645e-02,3.655980000000000132e+02
4.044138240071696450e-02,3.592540000000000191e+02,4.094912211813540870e-02,3.656240000000000236e+02
4.094549935585055367e-02,3.592780000000000200e+02,4.145397430863297095e-02,3.656379999999999768e+02
4.144961631098414978e-02,3.593039999999999736e+02,4.195882649913053319e-02,3.656129999999999995e+02
4.189772027110289648e-02,3.593290000000000077e+02,4.240758400179502757e-02,3.656129999999999995e+02
4.240183722623648566e-02,3.593039999999999736e+02,4.285634150445952889e-02,3.656129999999999995e+02
4.284994118635523236e-02,3.592769999999999868e+02,4.341728838279015207e-02,3.655980000000000132e+02
4.341007113650367094e-02,3.592900000000000205e+02,4.392214057328770738e-02,3.656100000000000136e+02
4.385817509662241764e-02,3.592769999999999868e+02,4.437089807595220869e-02,3.656229999999999905e+02
4.436229205175600682e-02,3.592520000000000095e+02,4.487575026644977094e-02,3.656220000000000141e+02
4.481039601187475352e-02,3.592379999999999995e+02,4.532450776911426532e-02,3.656349999999999909e+02
4.531451296700834963e-02,3.592520000000000095e+02,4.582935995961182063e-02,3.656229999999999905e+02
4.581862992214193187e-02,3.592389999999999759e+02,4.627811746227631501e-02,3.656349999999999909e+02
4.626673388226067857e-02,3.592139999999999986e+02,4.678296965277387726e-02,3.656360000000000241e+02
4.677085083739427468e-02,3.592400000000000091e+02,4.728782184327143950e-02,3.656600000000000250e+02
4.727496779252786385e-02,3.592269999999999754e+02,4.779267403376900175e-02,3.656999999999999886e+02
4.777908474766145303e-02,3.592019999999999982e+02,4.824143153643349613e-02,3.656890000000000214e+02
4.828320170279504914e-02,3.592019999999999982e+02,4.874628372693105838e-02,3.657019999999999982e+02
4.873130566291379584e-02,3.592139999999999986e+02,4.925113591742862063e-02,3.657280000000000086e+02
4.917940962303254254e-02,3.592130000000000223e+02,4.975598810792617593e-02,3.657269999999999754e+02
4.968352657816613172e-02,3.592389999999999759e+02,5.020474561059067725e-02,3.657259999999999991e+02
5.018764353329972783e-02,3.592520000000000095e+02,5.070959780108823950e-02,3.656990000000000123e+02
5.069176048843331700e-02,3.592760000000000105e+02,5.115835530375273388e-02,3.656870000000000118e+02
5.119587744356690617e-02,3.593020000000000209e+02,5.171930218208335706e-02,3.656720000000000255e+02
5.169999439870050228e-02,3.593149999999999977e+02,5.216805968474785837e-02,3.656480000000000246e+02
5.242816333389346134e-02,3.593279999999999745e+02,5.267291187524540674e-02,3.657099999999999795e+02
5.287626729401220804e-02,3.593029999999999973e+02,5.312166937790990806e-02,3.657350000000000136e+02
5.343639724416063969e-02,3.593159999999999741e+02,5.362652156840747031e-02,3.657490000000000236e+02
5.388450120427938639e-02,3.593029999999999973e+02,5.413137375890502562e-02,3.657900000000000205e+02
5.438861815941298250e-02,3.592889999999999873e+02,5.458013126156952693e-02,3.658009999999999877e+02
5.489273511454657167e-02,3.593029999999999973e+02,5.508498345206708918e-02,3.657749999999999773e+02
5.539685206968016085e-02,3.592780000000000200e+02,5.558983564256464449e-02,3.657420000000000186e+02
5.584495602979891449e-02,3.592769999999999868e+02,5.603859314522914581e-02,3.657280000000000086e+02
5.634907298493250366e-02,3.592640000000000100e+02,5.654344533572670806e-02,3.657520000000000095e+02
5.679717694505125036e-02,3.592509999999999764e+02,5.704829752622425643e-02,3.657640000000000100e+02
5.730129390018483260e-02,3.592509999999999764e+02,5.755314971672182561e-02,3.657509999999999764e+02
5.774939786030358624e-02,3.592509999999999764e+02,5.800190721938632693e-02,3.657389999999999759e+02
5.830952781045201788e-02,3.592769999999999868e+02,5.850675940988387530e-02,3.657239999999999895e+02
5.875763177057076458e-02,3.593149999999999977e+02,5.901161160038144449e-02,3.657090000000000032e+02
5.926174872570436764e-02,3.593530000000000086e+02,5.946036910304593887e-02,3.656840000000000259e+02
5.976586568083794987e-02,3.593799999999999955e+02,5.996522129354349417e-02,3.656460000000000150e+02
6.021396964095669657e-02,3.593919999999999959e+02,6.047007348404106336e-02,3.656580000000000155e+02
6.071808659609029268e-02,3.593539999999999850e+02,6.097492567453861867e-02,3.656600000000000250e+02
6.122220355122388186e-02,3.593550000000000182e+02,6.142368317720311305e-02,3.656970000000000027e+02
6.167030751134262856e-02,3.593410000000000082e+02,6.192853536770068223e-02,3.657119999999999891e+02
6.217442446647622467e-02,3.593410000000000082e+02,6.237729287036517661e-02,3.657110000000000127e+02
6.262252842659497831e-02,3.593290000000000077e+02,6.288214506086273192e-02,3.657269999999999754e+02
6.318265837674340302e-02,3.593419999999999845e+02,6.338699725136029417e-02,3.657269999999999754e+02
6.363076233686214278e-02,3.593539999999999850e+02,6.389184944185785642e-02,3.656859999999999786e+02
6.413487929199573889e-02,3.593659999999999854e+02,6.434060694452235774e-02,3.656619999999999777e+02
6.463899624712932113e-02,3.593530000000000086e+02,6.484545913501990611e-02,3.656730000000000018e+02
6.514311320226293112e-02,3.593399999999999750e+02,6.535031132551746835e-02,3.656460000000000150e+02
6.559121716238167088e-02,3.593159999999999741e+02,6.579906882818196967e-02,3.656449999999999818e+02
6.609533411751525311e-02,3.593410000000000082e+02,6.630392101867951804e-02,3.656080000000000041e+02
6.659945107264884923e-02,3.593539999999999850e+02,6.680877320917709417e-02,3.656100000000000136e+02
6.704755503276760287e-02,3.593419999999999845e+02,6.731362539967464254e-02,3.656200000000000045e+02
6.749565899288635651e-02,3.593539999999999850e+02,6.776238290233914385e-02,3.655960000000000036e+02
6.805578894303478121e-02,3.593550000000000182e+02,6.826723509283670610e-02,3.656209999999999809e+02
6.850389290315353485e-02,3.593410000000000082e+02,6.877208728333426835e-02,3.655980000000000132e+02
6.900800985828711709e-02,3.593290000000000077e+02,6.927693947383183060e-02,3.655710000000000264e+02
6.945611381840587073e-02,3.593039999999999736e+02,7.023054916699388028e-02,3.655749999999999886e+02
6.996023077353946684e-02,3.592909999999999968e+02,7.073540135749144253e-02,3.656370000000000005e+02
7.046434772867304908e-02,3.592909999999999968e+02,7.118415886015592997e-02,3.656600000000000250e+02
7.096846468380663131e-02,3.593039999999999736e+02,7.168901105065350610e-02,3.656469999999999914e+02
7.141656864392538495e-02,3.593170000000000073e+02,7.219386324115105447e-02,3.656469999999999914e+02
7.192068559905898106e-02,3.593029999999999973e+02,7.269871543164861671e-02,3.656449999999999818e+02
7.242480255419256330e-02,3.593539999999999850e+02,7.314747293431311803e-02,3.656320000000000050e+02
7.287290651431131694e-02,3.593919999999999959e+02,7.365232512481068028e-02,3.656080000000000041e+02
7.337702346944491305e-02,3.593919999999999959e+02,7.415717731530824253e-02,3.655830000000000268e+02
7.388114042457849528e-02,3.593940000000000055e+02,7.466202950580579090e-02,3.655830000000000268e+02
7.438525737971209140e-02,3.593679999999999950e+02,7.511078700847029221e-02,3.655969999999999800e+02
7.483336133983084504e-02,3.593809999999999718e+02,7.561563919896785446e-02,3.656100000000000136e+02
7.533747829496442727e-02,3.593940000000000055e+02,7.606439670163235578e-02,3.656349999999999909e+02
7.578558225508318091e-02,3.593809999999999718e+02,7.651315420429685710e-02,3.656619999999999777e+02
7.634571220523160562e-02,3.593550000000000182e+02,7.701800639479440547e-02,3.656750000000000114e+02
7.679381616535035926e-02,3.593550000000000182e+02,7.752285858529196771e-02,3.656879999999999882e+02
7.724192012546911290e-02,3.593419999999999845e+02,7.802771077578952996e-02,3.656499999999999773e+02
7.780205007561753761e-02,3.593419999999999845e+02,7.847646827845403128e-02,3.656499999999999773e+02
7.825015403573629125e-02,3.593159999999999741e+02,7.898132046895157965e-02,3.656750000000000114e+02
7.875427099086987348e-02,3.592649999999999864e+02,7.948617265944915578e-02,3.656610000000000014e+02
7.925838794600346959e-02,3.592909999999999968e+02,7.993493016211364321e-02,3.656619999999999777e+02
7.970649190612222323e-02,3.593039999999999736e+02,8.043978235261120546e-02,3.656859999999999786e+02
8.021060886125580547e-02,3.593419999999999845e+02,8.094463454310876771e-02,3.656970000000000027e+02
8.065871282137455911e-02,3.593399999999999750e+02,8.144948673360631608e-02,3.656970000000000027e+02
8.116282977650815522e-02,3.593430000000000177e+02,8.189824423627081740e-02,3.656469999999999914e+02
8.166694673164173746e-02,3.593670000000000186e+02,8.240309642676837965e-02,3.656120000000000232e+02
8.211505069176047722e-02,3.593929999999999723e+02,8.290794861726594189e-02,3.656379999999999768e+02
8.261916764689408721e-02,3.594069999999999823e+02,8.341280080776350414e-02,3.656619999999999777e+02
8.312328460202766944e-02,3.593809999999999718e+02,8.386155831042800546e-02,3.656899999999999977e+02
8.362740155716126556e-02,3.593550000000000182e+02,8.436641050092555383e-02,3.657010000000000218e+02
8.413151851229484779e-02,3.593170000000000073e+02,8.487126269142311608e-02,3.657149999999999750e+02
8.457962247241360143e-02,3.593159999999999741e+02,8.537611488192067832e-02,3.657649999999999864e+02
8.508373942754718366e-02,3.593159999999999741e+02,8.582487238458517964e-02,3.657649999999999864e+02
8.558785638268077978e-02,3.593159999999999741e+02,8.632972457508272801e-02,3.657529999999999859e+02
8.603596034279953342e-02,3.593290000000000077e+02,8.683457676558030414e-02,3.657509999999999764e+02
8.654007729793311565e-02,3.593039999999999736e+02,8.728333426824479158e-02,3.657239999999999895e+02
8.698818125805185542e-02,3.593550000000000182e+02,8.773209177090929289e-02,3.657259999999999991e+02
8.754831120820029400e-02,3.593419999999999845e+02,8.829303864923991607e-02,3.657500000000000000e+02
8.799641516831904764e-02,3.592900000000000205e+02,8.874179615190441739e-02,3.656879999999999882e+02
8.844451912843778740e-02,3.593159999999999741e+02,8.924664834240196576e-02,3.656759999999999877e+02
8.900464907858622599e-02,3.593299999999999841e+02,8.969540584506646708e-02,3.657139999999999986e+02
8.945275303870497963e-02,3.593410000000000082e+02,9.025635272339709025e-02,3.656770000000000209e+02
8.995686999383857574e-02,3.593679999999999950e+02,9.070511022606159157e-02,3.656800000000000068e+02
9.040497395395731550e-02,3.593670000000000186e+02,9.115386772872607901e-02,3.656680000000000064e+02
9.090909090909091161e-02,3.593809999999999718e+02,9.171481460705670219e-02,3.656920000000000073e+02
9.141320786422449385e-02,3.593670000000000186e+02,9.216357210972120351e-02,3.657049999999999841e+02
9.191732481935808996e-02,3.593550000000000182e+02,9.261232961238570482e-02,3.657189999999999941e+02
9.236542877947684360e-02,3.593290000000000077e+02,9.317327649071632800e-02,3.657420000000000186e+02
9.286954573461042584e-02,3.592900000000000205e+02,9.367812868121387637e-02,3.657649999999999864e+02
9.331764969472916560e-02,3.592900000000000205e+02,9.412688618387837769e-02,3.657649999999999864e+02
9.382176664986276171e-02,3.593170000000000073e+02,9.463173837437593994e-02,3.657780000000000200e+02
9.432588360499635782e-02,3.593410000000000082e+02,9.508049587704044125e-02,3.657509999999999764e+02
9.477398756511509759e-02,3.593419999999999845e+02,9.558534806753800350e-02,3.657010000000000218e+02
9.533411751526353617e-02,3.593809999999999718e+02,9.609020025803556575e-02,3.657029999999999745e+02
9.578222147538228981e-02,3.594180000000000064e+02,9.653895776070006707e-02,3.657300000000000182e+02
9.623032543550102957e-02,3.594440000000000168e+02,9.704380995119761544e-02,3.657409999999999854e+02
9.679045538564946816e-02,3.594569999999999936e+02,9.754866214169517769e-02,3.657559999999999718e+02
9.729457234078306427e-02,3.594320000000000164e+02,9.805351433219273993e-02,3.657440000000000282e+02
9.774267630090181791e-02,3.594309999999999832e+02,9.850227183485724125e-02,3.657690000000000055e+02
9.824679325603540014e-02,3.594689999999999941e+02,9.900712402535478962e-02,3.657950000000000159e+02
9.869489721615413991e-02,3.594689999999999941e+02,9.951197621585235187e-02,3.657789999999999964e+02
9.919901417128773602e-02,3.594820000000000277e+02,9.996073371851685319e-02,3.657789999999999964e+02
9.970313112642133213e-02,3.594680000000000177e+02,1.004655859090144016e-01,3.657540000000000191e+02
1.001512350865400719e-01,3.594560000000000173e+02,1.009704380995119777e-01,3.657400000000000091e+02
1.006553520416736680e-01,3.594560000000000173e+02,1.014191956021764790e-01,3.657280000000000086e+02
1.011594689968072641e-01,3.594169999999999732e+02,1.019240477926740274e-01,3.657629999999999768e+02
1.016075729569260039e-01,3.594060000000000059e+02,1.024288999831715896e-01,3.657880000000000109e+02
1.021677029070744425e-01,3.593799999999999955e+02,1.029337521736691519e-01,3.658020000000000209e+02
1.026158068671931961e-01,3.593919999999999959e+02,1.033825096763336393e-01,3.658020000000000209e+02
1.031199238223267783e-01,3.594449999999999932e+02,1.038873618668312154e-01,3.658149999999999977e+02
1.036240407774603745e-01,3.594449999999999932e+02,1.043922140573287638e-01,3.657900000000000205e+02
1.040721447375791142e-01,3.594710000000000036e+02,1.048409715599932651e-01,3.657540000000000191e+02
1.045762616927127103e-01,3.594830000000000041e+02,1.053458237504908135e-01,3.657429999999999950e+02
1.050803786478462926e-01,3.595210000000000150e+02,1.058506759409883896e-01,3.657309999999999945e+02
1.055284826079650323e-01,3.595339999999999918e+02,1.062994334436528771e-01,3.657429999999999950e+02
1.060325995630986423e-01,3.595210000000000150e+02,1.068042856341504393e-01,3.657559999999999718e+02
1.064807035232173821e-01,3.594689999999999941e+02,1.073091378246480015e-01,3.657699999999999818e+02
1.069848204783509643e-01,3.594569999999999936e+02,1.078139900151455638e-01,3.657930000000000064e+02
1.074889374334845604e-01,3.594429999999999836e+02,1.082627475178100512e-01,3.658149999999999977e+02
1.079370413936033141e-01,3.594429999999999836e+02,1.087675997083076274e-01,3.657909999999999968e+02
1.084971713437517526e-01,3.594440000000000168e+02,1.092163572109721148e-01,3.657780000000000200e+02
1.091693272839298762e-01,3.594569999999999936e+02,1.097773040893027380e-01,3.657649999999999864e+02
1.096734442390634584e-01,3.594569999999999936e+02,1.102260615919672393e-01,3.657629999999999768e+02
1.101215481991821982e-01,3.594700000000000273e+02,1.107309137824648015e-01,3.657640000000000100e+02
1.106256651543158082e-01,3.594580000000000268e+02,1.111796712851292890e-01,3.657529999999999859e+02
1.111297821094493904e-01,3.594719999999999800e+02,1.116845234756268651e-01,3.657420000000000186e+02
1.116338990645829865e-01,3.594719999999999800e+02,1.121893756661244135e-01,3.657799999999999727e+02
1.120820030247017263e-01,3.594839999999999804e+02,1.126381331687889148e-01,3.657939999999999827e+02
1.125861199798353085e-01,3.594970000000000141e+02,1.131429853592864632e-01,3.657819999999999823e+02
1.130902369349689185e-01,3.595099999999999909e+02,1.136478375497840254e-01,3.657799999999999727e+02
1.135943538901025007e-01,3.594839999999999804e+02,1.140965950524485129e-01,3.657319999999999709e+02
1.140424578502212544e-01,3.594959999999999809e+02,1.146014472429461029e-01,3.657429999999999950e+02
1.145465748053548366e-01,3.595210000000000150e+02,1.151062994334436512e-01,3.657680000000000291e+02
1.150506917604884188e-01,3.595210000000000150e+02,1.156111516239411996e-01,3.657780000000000200e+02
1.154987957206071725e-01,3.595199999999999818e+02,1.160599091266057009e-01,3.657799999999999727e+02
1.160029126757407825e-01,3.594569999999999936e+02,1.165647613171032632e-01,3.657900000000000205e+02
1.164510166358595222e-01,3.594449999999999932e+02,1.170696135076008393e-01,3.657909999999999968e+02
1.170111465860079469e-01,3.594710000000000036e+02,1.175183710102653406e-01,3.658159999999999741e+02
1.174592505461267006e-01,3.594959999999999809e+02,1.180232232007628890e-01,3.657919999999999732e+02
1.179633675012602828e-01,3.595099999999999909e+02,1.185280753912604373e-01,3.657660000000000196e+02
1.184114714613790226e-01,3.595230000000000246e+02,1.190329275817579996e-01,3.657660000000000196e+02
1.189155884165126326e-01,3.595729999999999791e+02,1.194816850844225009e-01,3.657540000000000191e+02
1.193636923766313584e-01,3.596240000000000236e+02,1.199304425870869883e-01,3.657690000000000055e+02
1.199238223267798109e-01,3.596240000000000236e+02,1.204913894654176254e-01,3.657939999999999827e+02
1.203719262868985646e-01,3.595869999999999891e+02,1.209401469680821267e-01,3.657819999999999823e+02
1.208760432420321468e-01,3.595609999999999786e+02,1.213889044707466280e-01,3.658070000000000164e+02
1.213801601971657290e-01,3.595480000000000018e+02,1.219498513490772373e-01,3.658220000000000027e+02
1.218842771522993390e-01,3.595600000000000023e+02,1.223986088517417248e-01,3.658220000000000027e+02
1.226124460874922911e-01,3.595600000000000023e+02,1.229034610422392870e-01,3.658319999999999936e+02
1.230605500476110448e-01,3.595210000000000150e+02,1.233522185449037883e-01,3.658210000000000264e+02
1.235086540077297984e-01,3.595459999999999923e+02,1.239131654232344254e-01,3.658190000000000168e+02
1.240687839578782092e-01,3.595849999999999795e+02,1.243619229258989128e-01,3.658310000000000173e+02
1.245168879179969629e-01,3.595860000000000127e+02,1.248667751163964751e-01,3.658410000000000082e+02
1.250210048731305867e-01,3.595740000000000123e+02,1.253716273068940235e-01,3.658550000000000182e+02
1.255251218282641690e-01,3.595609999999999786e+02,1.258203848095585109e-01,3.658790000000000191e+02
1.259732257883829087e-01,3.595869999999999891e+02,1.263252370000560731e-01,3.658930000000000291e+02
1.264773427435164910e-01,3.596240000000000236e+02,1.268300891905536631e-01,3.659080000000000155e+02
1.269814596986500732e-01,3.596250000000000000e+02,1.272788466932181506e-01,3.659209999999999923e+02
1.274295636587688130e-01,3.596250000000000000e+02,1.277836988837157128e-01,3.658980000000000246e+02
1.279336806139024230e-01,3.596499999999999773e+02,1.282885510742132751e-01,3.658609999999999900e+02
1.284377975690360330e-01,3.596630000000000109e+02,1.287373085768777625e-01,3.658369999999999891e+02
1.288859015291547727e-01,3.596750000000000114e+02,1.292421607673753248e-01,3.658360000000000127e+02
1.294460314793031974e-01,3.596109999999999900e+02,1.297470129578728870e-01,3.658600000000000136e+02
1.298941354394219372e-01,3.595609999999999786e+02,1.302518651483704493e-01,3.658609999999999900e+02
1.303982523945555194e-01,3.595729999999999791e+02,1.307006226510349367e-01,3.658480000000000132e+02
1.308463563546742592e-01,3.595969999999999800e+02,1.312054748415324990e-01,3.658720000000000141e+02
1.313504733098078692e-01,3.595860000000000127e+02,1.316542323441969864e-01,3.658990000000000009e+02
1.318545902649414792e-01,3.595989999999999895e+02,1.321590845346945486e-01,3.659080000000000155e+02
1.323026942250602189e-01,3.595740000000000123e+02,1.326639367251921386e-01,3.659209999999999923e+02
1.328068111801938012e-01,3.596250000000000000e+02,1.331126942278566261e-01,3.658589999999999804e+02
1.332549151403125409e-01,3.596750000000000114e+02,1.336175464183541883e-01,3.658109999999999786e+02
1.338150450904609656e-01,3.596630000000000109e+02,1.341223986088517506e-01,3.658240000000000123e+02
1.343191620455945756e-01,3.596379999999999768e+02,1.346272507993492851e-01,3.658249999999999886e+02
1.347672660057133154e-01,3.596630000000000109e+02,1.350760083020138003e-01,3.658369999999999891e+02
1.352153699658320829e-01,3.596370000000000005e+02,1.355808604925113348e-01,3.658249999999999886e+02
1.357194869209656651e-01,3.596499999999999773e+02,1.360857126830089248e-01,3.658249999999999886e+02
1.362236038760992474e-01,3.596619999999999777e+02,1.365344701856734122e-01,3.658530000000000086e+02
1.366717078362179871e-01,3.596370000000000005e+02,1.370393223761709744e-01,3.658629999999999995e+02
1.372318377863664396e-01,3.596360000000000241e+02,1.375441745666685367e-01,3.658629999999999995e+02
1.376799417464851794e-01,3.596619999999999777e+02,1.380490267571660712e-01,3.658120000000000118e+02
1.381280457066039469e-01,3.596619999999999777e+02,1.384977842598305864e-01,3.657989999999999782e+02
1.386321626617375291e-01,3.596370000000000005e+02,1.390026364503281486e-01,3.658229999999999791e+02
1.391362796168711113e-01,3.596229999999999905e+02,1.395074886408257109e-01,3.658489999999999895e+02
1.396403965720046936e-01,3.596240000000000236e+02,1.400123408313232731e-01,3.658360000000000127e+02
1.400885005321234333e-01,3.596379999999999768e+02,1.405171930218208354e-01,3.658369999999999891e+02
1.405926174872570156e-01,3.596379999999999768e+02,1.409659505244853228e-01,3.658609999999999900e+02
1.410967344423906256e-01,3.596490000000000009e+02,1.414147080271498103e-01,3.658740000000000236e+02
1.416008513975242356e-01,3.596499999999999773e+02,1.419195602176473725e-01,3.658759999999999764e+02
1.420489553576429753e-01,3.596490000000000009e+02,1.427048858473102533e-01,3.658639999999999759e+02
1.425530723127765576e-01,3.596879999999999882e+02,1.431536433499747407e-01,3.659030000000000200e+02
1.430011762728952973e-01,3.596879999999999882e+02,1.436584955404723030e-01,3.659399999999999977e+02
1.435052932280288795e-01,3.596619999999999777e+02,1.441633477309698652e-01,3.659159999999999968e+02
1.440094101831624895e-01,3.596619999999999777e+02,1.446121052336343527e-01,3.658910000000000196e+02
1.445135271382960718e-01,3.596619999999999777e+02,1.451169574241319427e-01,3.658799999999999955e+02
1.450176440934296818e-01,3.596360000000000241e+02,1.455657149267964301e-01,3.658919999999999959e+02
1.454657480535484215e-01,3.596229999999999905e+02,1.462949458686262361e-01,3.659030000000000200e+02
1.459698650086820038e-01,3.596109999999999900e+02,1.467997980591237983e-01,3.658890000000000100e+02
1.464179689688007435e-01,3.595720000000000027e+02,1.473046502496213606e-01,3.658509999999999991e+02
1.469780989189491960e-01,3.595849999999999795e+02,1.478095024401188951e-01,3.658629999999999995e+02
1.474262028790679357e-01,3.596109999999999900e+02,1.482582599427834102e-01,3.658980000000000246e+02
1.478743068391867033e-01,3.595989999999999895e+02,1.487070174454478977e-01,3.658999999999999773e+02
1.484344367893351280e-01,3.595860000000000127e+02,1.494923430751107785e-01,3.658879999999999768e+02
1.488825407494538677e-01,3.595860000000000127e+02,1.499971952656083407e-01,3.658770000000000095e+02
1.493866577045874500e-01,3.595989999999999895e+02,1.504459527682728281e-01,3.659030000000000200e+02
1.498347616647061897e-01,3.595860000000000127e+02,1.510068996466034652e-01,3.659159999999999968e+02
1.503388786198397997e-01,3.595720000000000027e+02,1.514556571492679804e-01,3.658650000000000091e+02
1.508429955749733820e-01,3.595860000000000127e+02,1.519605093397655149e-01,3.658530000000000086e+02
1.512910995350921495e-01,3.595969999999999800e+02,1.524653615302630771e-01,3.658530000000000086e+02
1.518512294852405742e-01,3.596229999999999905e+02,1.529141190329275646e-01,3.658650000000000091e+02
1.522993334453593139e-01,3.596240000000000236e+02,1.534189712234251268e-01,3.659130000000000109e+02
1.527474374054780537e-01,3.596370000000000005e+02,1.538677287260896143e-01,3.659139999999999873e+02
1.533075673556265062e-01,3.596240000000000236e+02,1.543725809165871765e-01,3.659379999999999882e+02
1.540357362908194583e-01,3.596229999999999905e+02,1.548774331070847665e-01,3.659630000000000223e+02
1.544838402509382258e-01,3.595600000000000023e+02,1.553261906097492540e-01,3.659879999999999995e+02
1.549319442110569656e-01,3.595350000000000250e+02,1.558310428002468162e-01,3.660260000000000105e+02
1.554920741612053903e-01,3.595350000000000250e+02,1.563358949907443785e-01,3.659769999999999754e+02
1.562202430963983701e-01,3.595609999999999786e+02,1.567846524934088659e-01,3.659390000000000214e+02
1.566683470565171099e-01,3.595860000000000127e+02,1.572895046839064281e-01,3.659159999999999968e+02
1.571724640116506921e-01,3.596120000000000232e+02,1.577382621865709156e-01,3.659049999999999727e+02
1.576205679717694597e-01,3.596240000000000236e+02,1.584674931284007493e-01,3.659039999999999964e+02
1.581246849269030419e-01,3.596379999999999768e+02,1.590284400067313586e-01,3.658659999999999854e+02
1.586288018820366241e-01,3.596240000000000236e+02,1.594771975093958460e-01,3.658809999999999718e+02
1.593569708172296040e-01,3.595740000000000123e+02,1.602064284512256520e-01,3.659049999999999727e+02
1.598610877723631862e-01,3.595729999999999791e+02,1.607112806417232420e-01,3.658910000000000196e+02
1.603091917324819260e-01,3.595609999999999786e+02,1.614405115835530480e-01,3.658650000000000091e+02
1.608133086876155082e-01,3.595609999999999786e+02,1.618892690862175354e-01,3.658879999999999768e+02
1.615414776228084881e-01,3.595869999999999891e+02,1.626185000280473414e-01,3.658860000000000241e+02
1.620455945779420703e-01,3.595869999999999891e+02,1.631233522185449036e-01,3.658750000000000000e+02
1.624936985380608101e-01,3.595869999999999891e+02,1.636282044090424381e-01,3.658849999999999909e+02
1.629978154931944201e-01,3.595869999999999891e+02,1.641330565995400281e-01,3.658609999999999900e+02
1.635019324483280023e-01,3.596129999999999995e+02,1.648622875413698341e-01,3.658770000000000095e+02
1.642301013835209544e-01,3.596379999999999768e+02,1.653110450440343215e-01,3.658890000000000100e+02
1.647342183386545644e-01,3.596259999999999764e+02,1.658158972345318838e-01,3.658650000000000091e+02
1.654623872738475443e-01,3.596379999999999768e+02,1.665451281763616898e-01,3.658539999999999850e+02
1.659665042289811265e-01,3.596630000000000109e+02,1.670499803668592520e-01,3.658290000000000077e+02
1.664146081890998663e-01,3.596890000000000214e+02,1.677792113086890580e-01,3.658149999999999977e+02
1.669187251442334485e-01,3.597139999999999986e+02,1.682840634991866202e-01,3.658009999999999877e+02
1.673668291043522161e-01,3.596750000000000114e+02,1.687889156896841825e-01,3.658380000000000223e+02
1.678709460594857983e-01,3.596499999999999773e+02,1.695181466315139884e-01,3.658750000000000000e+02
1.683750630146193805e-01,3.596499999999999773e+02,1.699669041341784759e-01,3.658990000000000009e+02
1.688791799697529905e-01,3.596240000000000236e+02,1.706961350760083096e-01,3.659130000000000109e+02
1.696073489049459426e-01,3.596129999999999995e+02,1.712009872665058441e-01,3.658980000000000246e+02
1.700554528650646824e-01,3.596259999999999764e+02,1.717058394570034063e-01,3.658639999999999759e+02
1.705595698201982646e-01,3.596379999999999768e+02,1.724350703988332123e-01,3.658380000000000223e+02
1.710636867753318746e-01,3.596510000000000105e+02,1.729399225893308023e-01,3.658389999999999986e+02
1.715117907354506144e-01,3.596770000000000209e+02,1.733886800919952897e-01,3.658770000000000095e+02
1.720159076905842244e-01,3.596899999999999977e+02,1.741179110338250957e-01,3.658910000000000196e+02
1.725200246457178066e-01,3.597280000000000086e+02,1.746227632243226580e-01,3.659169999999999732e+02
1.730241416008513888e-01,3.597269999999999754e+02,1.751276154148201925e-01,3.659289999999999736e+02
1.734722455609701286e-01,3.597019999999999982e+02,1.758568463566499984e-01,3.659270000000000209e+02
1.739763625161037108e-01,3.597149999999999750e+02,1.763056038593145136e-01,3.659270000000000209e+02
1.747045314512967185e-01,3.597010000000000218e+02,1.767543613619790011e-01,3.659030000000000200e+02
1.751526354114154305e-01,3.596510000000000105e+02,1.772592135524765911e-01,3.658890000000000100e+02
1.757127653615638829e-01,3.596379999999999768e+02,1.777640657429741256e-01,3.658890000000000100e+02
1.761608693216826227e-01,3.596379999999999768e+02,1.782689179334716878e-01,3.659010000000000105e+02
1.766649862768162049e-01,3.596770000000000209e+02,1.789981488753014938e-01,3.659270000000000209e+02
1.771130902369349724e-01,3.596770000000000209e+02,1.795030010657990838e-01,3.659139999999999873e+02
1.776732201870833971e-01,3.596639999999999873e+02,1.799517585684635712e-01,3.659039999999999964e+02
1.783453761272615345e-01,3.596770000000000209e+02,1.804566107589611335e-01,3.659279999999999973e+02
1.788494930823951168e-01,3.596510000000000105e+02,1.809614629494586679e-01,3.658919999999999959e+02
1.793536100375286990e-01,3.596390000000000100e+02,1.814663151399562302e-01,3.658559999999999945e+02
1.800817789727216511e-01,3.596770000000000209e+02,1.819150726426207176e-01,3.658690000000000282e+02
1.805298829328404187e-01,3.596639999999999873e+02,1.826443035844505236e-01,3.658799999999999955e+02
1.810339998879740286e-01,3.596639999999999873e+02,1.831491557749481136e-01,3.658930000000000291e+02
1.817621688231669808e-01,3.596899999999999977e+02,1.836540079654456759e-01,3.659060000000000059e+02
1.822662857783005630e-01,3.597019999999999982e+02,1.843832389072754818e-01,3.659049999999999727e+02
1.827143897384193028e-01,3.597139999999999986e+02,1.848319964099399693e-01,3.659420000000000073e+02
1.834425586736122549e-01,3.596759999999999877e+02,1.856173220396028500e-01,3.659180000000000064e+02
1.839466756287458649e-01,3.596519999999999868e+02,1.862904582935996090e-01,3.659060000000000059e+02
1.844507925838794749e-01,3.596510000000000105e+02,1.867953104840971434e-01,3.658559999999999945e+02
1.848988965439982146e-01,3.596639999999999873e+02,1.875245414259269494e-01,3.658319999999999936e+02
1.854030134991317968e-01,3.596899999999999977e+02,1.880293936164245117e-01,3.658460000000000036e+02
1.861311824343247490e-01,3.596899999999999977e+02,1.887586245582543454e-01,3.658600000000000136e+02
1.866352993894583312e-01,3.597160000000000082e+02,1.892634767487518799e-01,3.658849999999999909e+02
1.870834033495770987e-01,3.597409999999999854e+02,1.897122342514163951e-01,3.658860000000000241e+02
1.876435332997255234e-01,3.597409999999999854e+02,1.904414651932462010e-01,3.659110000000000014e+02
1.883717022349185033e-01,3.597280000000000086e+02,1.909463173837437355e-01,3.659590000000000032e+02
1.888198061950372431e-01,3.596899999999999977e+02,1.914511695742412978e-01,3.658969999999999914e+02
1.893239231501708253e-01,3.596650000000000205e+02,1.919560217647388878e-01,3.658829999999999814e+02
1.897720271102895651e-01,3.596899999999999977e+02,1.924047792674033752e-01,3.658700000000000045e+02
1.905562090404973874e-01,3.596899999999999977e+02,1.931340102092331812e-01,3.658340000000000032e+02
1.910043130006161549e-01,3.596519999999999868e+02,1.936388623997307434e-01,3.658460000000000036e+02
1.915084299557497372e-01,3.596909999999999741e+02,1.940876199023952309e-01,3.658569999999999709e+02
1.920125469108833194e-01,3.596899999999999977e+02,1.945924720928927931e-01,3.658709999999999809e+02
1.927407158460762715e-01,3.597160000000000082e+02,1.953777977225556739e-01,3.658840000000000146e+02
1.931888198061950113e-01,3.597280000000000086e+02,1.958265552252201613e-01,3.658840000000000146e+02
1.936929367613286213e-01,3.596899999999999977e+02,1.963314074157177236e-01,3.658969999999999914e+02
1.944211056965216011e-01,3.597160000000000082e+02,1.968362596062152858e-01,3.658729999999999905e+02
1.949252226516551834e-01,3.596770000000000209e+02,1.975654905480450918e-01,3.658609999999999900e+02
1.956533915868481355e-01,3.596909999999999741e+02,1.982386268020418230e-01,3.659100000000000250e+02
1.961014955469668752e-01,3.597019999999999982e+02,1.989678577438716567e-01,3.658849999999999909e+02
1.966616254971153277e-01,3.597029999999999745e+02,1.994727099343692189e-01,3.659209999999999923e+02
1.973897944323082798e-01,3.597280000000000086e+02,2.002019408761990249e-01,3.659590000000000032e+02
1.978378983924270473e-01,3.596770000000000209e+02,2.007067930666965594e-01,3.659470000000000027e+02
1.982860023525457871e-01,3.596659999999999968e+02,2.012116452571941494e-01,3.659089999999999918e+02
1.990141712877387392e-01,3.596659999999999968e+02,2.018847815111908806e-01,3.658860000000000241e+02
1.995743012378871917e-01,3.596659999999999968e+02,2.024457283895214899e-01,3.659089999999999918e+02
2.000224051980059314e-01,3.596510000000000105e+02,2.031749593313512958e-01,3.658980000000000246e+02
2.007505741331989113e-01,3.596519999999999868e+02,2.036237168340158110e-01,3.659209999999999923e+02
2.012546910883324935e-01,3.596909999999999741e+02,2.043529477758456170e-01,3.659230000000000018e+02
2.017588080434660758e-01,3.597029999999999745e+02,2.048577999663431792e-01,3.659499999999999886e+02
2.022069120035848155e-01,3.597160000000000082e+02,2.055870309081729852e-01,3.659490000000000123e+02
2.029350809387777954e-01,3.597040000000000077e+02,2.060918830986705474e-01,3.659479999999999791e+02
2.034391978939113776e-01,3.596909999999999741e+02,2.068211140405003534e-01,3.659359999999999786e+02
2.039433148490449599e-01,3.596659999999999968e+02,2.072698715431648409e-01,3.658860000000000241e+02
2.046714837842379398e-01,3.596530000000000200e+02,2.079991024849946746e-01,3.658860000000000241e+02
2.053996527194308919e-01,3.596279999999999859e+02,2.085039546754922368e-01,3.658990000000000009e+02
2.058477566795496316e-01,3.596530000000000200e+02,2.092331856173220428e-01,3.658849999999999909e+02
2.064078866296980841e-01,3.596779999999999973e+02,2.096819431199865302e-01,3.659259999999999877e+02
2.070800425698762215e-01,3.596399999999999864e+02,2.101867953104840925e-01,3.659350000000000023e+02
2.075841595250098037e-01,3.596659999999999968e+02,2.109160262523138984e-01,3.659359999999999786e+02
2.080882764801433860e-01,3.596659999999999968e+02,2.114769731306445077e-01,3.659010000000000105e+02
2.088164454153363658e-01,3.596659999999999968e+02,2.119818253211420700e-01,3.658750000000000000e+02
2.093205623704699481e-01,3.596779999999999973e+02,2.123744881359735104e-01,3.658750000000000000e+02
2.099927183106480577e-01,3.596399999999999864e+02,2.131037190778033164e-01,3.658620000000000232e+02
2.104968352657816677e-01,3.596410000000000196e+02,2.136085712683008786e-01,3.658620000000000232e+02
2.112250042009746198e-01,3.596270000000000095e+02,2.143378022101307123e-01,3.658750000000000000e+02
2.117291211561082021e-01,3.596279999999999859e+02,2.148426544006282468e-01,3.658380000000000223e+02
2.124572900913011819e-01,3.596290000000000191e+02,2.155718853424580528e-01,3.658509999999999991e+02
2.129053940514199217e-01,3.596159999999999854e+02,2.163011162842878587e-01,3.658480000000000132e+02
2.134655240015683464e-01,3.596530000000000200e+02,2.168059684747854488e-01,3.658380000000000223e+02
2.141376799417464838e-01,3.596279999999999859e+02,2.175351994166152547e-01,3.658140000000000214e+02
2.146417968968800660e-01,3.596279999999999859e+02,2.180400516071127892e-01,3.658140000000000214e+02
2.151459138520136760e-01,3.596279999999999859e+02,2.187692825489425952e-01,3.658120000000000118e+02
2.158740827872066281e-01,3.596030000000000086e+02,2.192180400516071104e-01,3.658129999999999882e+02
2.166022517223995802e-01,3.596159999999999854e+02,2.200033656812699911e-01,3.658389999999999986e+02
2.171063686775331625e-01,3.596159999999999854e+02,2.204521231839344786e-01,3.658639999999999759e+02
2.178345376127261424e-01,3.596159999999999854e+02,2.209569753744320408e-01,3.658639999999999759e+02
2.182826415728448821e-01,3.595899999999999750e+02,2.216862063162618468e-01,3.658790000000000191e+02
2.190668235030527045e-01,3.595769999999999982e+02,2.221910585067593813e-01,3.658659999999999854e+02
2.195149274631714442e-01,3.595769999999999982e+02,2.229202894485892150e-01,3.658539999999999850e+02
2.199630314232902117e-01,3.595659999999999741e+02,2.234251416390867773e-01,3.658419999999999845e+02
2.207472133534980063e-01,3.595509999999999877e+02,2.238738991417512647e-01,3.658290000000000077e+02
2.212513303086316163e-01,3.595910000000000082e+02,2.246031300835810429e-01,3.658650000000000091e+02
2.219794992438245684e-01,3.596030000000000086e+02,2.251079822740786329e-01,3.658269999999999982e+02
2.224276032039433082e-01,3.596279999999999859e+02,2.258372132159084389e-01,3.658519999999999754e+02
2.231557721391362603e-01,3.596419999999999959e+02,2.262859707185729263e-01,3.658770000000000095e+02
2.236598890942698703e-01,3.596410000000000196e+02,2.270712963482358071e-01,3.658650000000000091e+02
2.243880580294628502e-01,3.596279999999999859e+02,2.275200538509003223e-01,3.658770000000000095e+02
2.248921749845964047e-01,3.595529999999999973e+02,2.282492847927301283e-01,3.658269999999999982e+02
2.256203439197893568e-01,3.595910000000000082e+02,2.287541369832276905e-01,3.658310000000000173e+02
2.260684478799080965e-01,3.595520000000000209e+02,2.294833679250574965e-01,3.658419999999999845e+02
2.267966168151011042e-01,3.595649999999999977e+02,2.299882201155550310e-01,3.658439999999999941e+02
2.273007337702346864e-01,3.595769999999999982e+02,2.307174510573848925e-01,3.658690000000000282e+02
2.280849157004425087e-01,3.595649999999999977e+02,2.311662085600493799e-01,3.658539999999999850e+02
2.285330196605612485e-01,3.596170000000000186e+02,2.318954395018791859e-01,3.658930000000000291e+02
2.292611885957542006e-01,3.596039999999999850e+02,2.324002916923767204e-01,3.659150000000000205e+02
2.297092925558729404e-01,3.596170000000000186e+02,2.329051438828742826e-01,3.658779999999999859e+02
2.304374614910659202e-01,3.595659999999999741e+02,2.336343748247040886e-01,3.658910000000000196e+02
2.309415784461995302e-01,3.595659999999999741e+02,2.341392270152016786e-01,3.658670000000000186e+02
2.316697473813924824e-01,3.596030000000000086e+02,2.345879845178661660e-01,3.658799999999999955e+02
2.323979163165854345e-01,3.596039999999999850e+02,2.353172154596959720e-01,3.659049999999999727e+02
2.329020332717190445e-01,3.596030000000000086e+02,2.358220676501935065e-01,3.659060000000000059e+02
2.336302022069120243e-01,3.596159999999999854e+02,2.365512985920233124e-01,3.659069999999999823e+02
2.341343191620455788e-01,3.596039999999999850e+02,2.370561507825208747e-01,3.658799999999999955e+02
2.348624880972385309e-01,3.595910000000000082e+02,2.377853817243506807e-01,3.658700000000000045e+02
2.355906570324315386e-01,3.595659999999999741e+02,2.382341392270151958e-01,3.658799999999999955e+02
2.360947739875650930e-01,3.595659999999999741e+02,2.389633701688450018e-01,3.658539999999999850e+02
2.368229429227580451e-01,3.595269999999999868e+02,2.394682223593425641e-01,3.658670000000000186e+02
2.373270598778916551e-01,3.595409999999999968e+02,2.402535479890054448e-01,3.658670000000000186e+02
2.380552288130846350e-01,3.595409999999999968e+02,2.409827789308352508e-01,3.658829999999999814e+02
2.385033327732033748e-01,3.595409999999999968e+02,2.416559151848319820e-01,3.659309999999999832e+02
2.390074497283369848e-01,3.596050000000000182e+02,2.424412408144948627e-01,3.659449999999999932e+02
2.397356186635299369e-01,3.596039999999999850e+02,2.431704717563246687e-01,3.659069999999999823e+02
2.402397356186635191e-01,3.595790000000000077e+02,2.438997026981544747e-01,3.658820000000000050e+02
2.409118915588416565e-01,3.595670000000000073e+02,2.443484602008189621e-01,3.658930000000000291e+02
2.414720215089900812e-01,3.595529999999999973e+02,2.450776911426487681e-01,3.658779999999999859e+02
2.421441774491682186e-01,3.595910000000000082e+02,2.455825433331463581e-01,3.659200000000000159e+02
2.426482944043017731e-01,3.595539999999999736e+02,2.463117742749761641e-01,3.658949999999999818e+02
2.433764633394947530e-01,3.595670000000000073e+02,2.468166264654737263e-01,3.658980000000000246e+02
2.438805802946283630e-01,3.595790000000000077e+02,2.475458574073035323e-01,3.659209999999999923e+02
2.446087492298213151e-01,3.595919999999999845e+02,2.480507095978010668e-01,3.659209999999999923e+02
2.450568531899400548e-01,3.595919999999999845e+02,2.487799405396308727e-01,3.659340000000000259e+02
2.457850221251330070e-01,3.595930000000000177e+02,2.492286980422953602e-01,3.658709999999999809e+02
2.463451520752814317e-01,3.595790000000000077e+02,2.499579289841252216e-01,3.658829999999999814e+02
2.470733210104744115e-01,3.595790000000000077e+02,2.504627811746227284e-01,3.658820000000000050e+02
2.475214249705931513e-01,3.595790000000000077e+02,2.511920121164525344e-01,3.658820000000000050e+02
2.482495939057861589e-01,3.596050000000000182e+02,2.516968643069501521e-01,3.658820000000000050e+02
2.490337758359939258e-01,3.595670000000000073e+02,2.524260952487799026e-01,3.658679999999999950e+02
2.494818797961126655e-01,3.596309999999999718e+02,2.528748527514444455e-01,3.658829999999999814e+02
2.502100487313056454e-01,3.596299999999999955e+02,2.536601783811073263e-01,3.658960000000000150e+02
2.506581526914243852e-01,3.595919999999999845e+02,2.541089358837718137e-01,3.658589999999999804e+02
2.513863216266173928e-01,3.595930000000000177e+02,2.546137880742693205e-01,3.658600000000000136e+02
2.518904385817509750e-01,3.595670000000000073e+02,2.553430190160991264e-01,3.658330000000000268e+02
2.526186075169439271e-01,3.595790000000000077e+02,2.558478712065967442e-01,3.658340000000000032e+02
2.531227244720775094e-01,3.595419999999999732e+02,2.565771021484265502e-01,3.658729999999999905e+02
2.538508934072704615e-01,3.595289999999999964e+02,2.570819543389241124e-01,3.658349999999999795e+02
2.543550103624040992e-01,3.595670000000000073e+02,2.577550905929208436e-01,3.658609999999999900e+02
2.550831792975970513e-01,3.595670000000000073e+02,2.582599427834184058e-01,3.658840000000000146e+02
2.555872962527306336e-01,3.595810000000000173e+02,2.589891737252482118e-01,3.658589999999999804e+02
2.562594521929087432e-01,3.595670000000000073e+02,2.594940259157457740e-01,3.658469999999999800e+02
2.567635691480423255e-01,3.595679999999999836e+02,2.602232568575755800e-01,3.658079999999999927e+02
2.574917380832353331e-01,3.595679999999999836e+02,2.609524877994053860e-01,3.658460000000000036e+02
2.579958550383688598e-01,3.595529999999999973e+02,2.616256240534021171e-01,3.657850000000000250e+02
2.587240239735618674e-01,3.595810000000000173e+02,2.621865709317327542e-01,3.658340000000000032e+02
2.592281409286954497e-01,3.595550000000000068e+02,2.629158018735625602e-01,3.658600000000000136e+02
2.599563098638884018e-01,3.595419999999999732e+02,2.636450328153923661e-01,3.658620000000000232e+02
2.604604268190220395e-01,3.595679999999999836e+02,2.640937903180568536e-01,3.658609999999999900e+02
2.611325827592001492e-01,3.595679999999999836e+02,2.648230212598866595e-01,3.658100000000000023e+02
2.616366997143337314e-01,3.595930000000000177e+02,2.656083468895495403e-01,3.658500000000000227e+02
2.623648686495266835e-01,3.595559999999999832e+02,2.660571043922140833e-01,3.658109999999999786e+02
2.628689856046602658e-01,3.595289999999999964e+02,2.667863353340438892e-01,3.658349999999999795e+02
2.635971545398532734e-01,3.595430000000000064e+02,2.675155662758736952e-01,3.658220000000000027e+02
2.641012714949868001e-01,3.595430000000000064e+02,2.680204184663712019e-01,3.658000000000000114e+02
2.648294404301797522e-01,3.595690000000000168e+02,2.687496494082010634e-01,3.658380000000000223e+02
2.653335573853133900e-01,3.595930000000000177e+02,2.694788803500308694e-01,3.658260000000000218e+02
2.660617263205063421e-01,3.595930000000000177e+02,2.699837325405283761e-01,3.658129999999999882e+02
2.665098302806250818e-01,3.596050000000000182e+02,2.707129634823581821e-01,3.657900000000000205e+02
2.672940122108329319e-01,3.595799999999999841e+02,2.712178156728557443e-01,3.657629999999999768e+02
2.677421161709516717e-01,3.595419999999999732e+02,2.719470466146855503e-01,3.658129999999999882e+02
2.684702851061446238e-01,3.595430000000000064e+02,2.723958041173500932e-01,3.658000000000000114e+02
2.689744020612782061e-01,3.594920000000000186e+02,2.731811297470129740e-01,3.658369999999999891e+02
2.697025709964712137e-01,3.595059999999999718e+02,2.738542660010096497e-01,3.658639999999999759e+02
2.702066879516047404e-01,3.594669999999999845e+02,2.743591181915072674e-01,3.658770000000000095e+02
2.708788438917829056e-01,3.594929999999999950e+02,2.751444438211701482e-01,3.658890000000000100e+02
2.713829608469164878e-01,3.595559999999999832e+02,2.758736747629999542e-01,3.658009999999999877e+02
2.721671427771242824e-01,3.595299999999999727e+02,2.763224322656644416e-01,3.658279999999999745e+02
2.726152467372430221e-01,3.595430000000000064e+02,2.770516632074942476e-01,3.658120000000000118e+02
2.733434156724359743e-01,3.595299999999999727e+02,2.775565153979918098e-01,3.658129999999999882e+02
2.738475326275696120e-01,3.595169999999999959e+02,2.782296516519885410e-01,3.658129999999999882e+02
2.745757015627625641e-01,3.595299999999999727e+02,2.787345038424861032e-01,3.658120000000000118e+02
2.750798185178961464e-01,3.595169999999999959e+02,2.794637347843159092e-01,3.658639999999999759e+02
2.758079874530891540e-01,3.595679999999999836e+02,2.800246816626465463e-01,3.658009999999999877e+02
2.762560914132078937e-01,3.595679999999999836e+02,2.806978179166432774e-01,3.658020000000000209e+02
2.769842603484008459e-01,3.595559999999999832e+02,2.812026701071408397e-01,3.658639999999999759e+02
2.774883773035343726e-01,3.595810000000000173e+02,2.819319010489706456e-01,3.658389999999999986e+02
2.782165462387273802e-01,3.595810000000000173e+02,2.824367532394682079e-01,3.658659999999999854e+02
2.789447151739203878e-01,3.595799999999999841e+02,2.831659841812980138e-01,3.658659999999999854e+02
2.796728841091133400e-01,3.595169999999999959e+02,2.838952151231278198e-01,3.658899999999999864e+02
2.801770010642468667e-01,3.595179999999999723e+02,2.844000673136253821e-01,3.659030000000000200e+02
2.809051699994398188e-01,3.594780000000000086e+02,2.850732035676221132e-01,3.658899999999999864e+02
2.813532739595586141e-01,3.594920000000000186e+02,2.855780557581197310e-01,3.659399999999999977e+02
2.820814428947515662e-01,3.595040000000000191e+02,2.863072866999494814e-01,3.659259999999999877e+02
2.825855598498851484e-01,3.595169999999999959e+02,2.867560442026140244e-01,3.658779999999999859e+02
2.833697417800929985e-01,3.595299999999999727e+02,2.875413698322769052e-01,3.659019999999999868e+02
2.838178457402117383e-01,3.595430000000000064e+02,2.882706007741067111e-01,3.658639999999999759e+02
2.845460146754046904e-01,3.595169999999999959e+02,2.887193582767711986e-01,3.658799999999999955e+02
2.849941186355234302e-01,3.595169999999999959e+02,2.895046839064340238e-01,3.658779999999999859e+02
2.857783005657312803e-01,3.594920000000000186e+02,2.902339148482638853e-01,3.659180000000000064e+02
2.862264045258500200e-01,3.594920000000000186e+02,2.907387670387613920e-01,3.659300000000000068e+02
2.869545734610429721e-01,3.595550000000000068e+02,2.914679979805911980e-01,3.659289999999999736e+02
2.874586904161764989e-01,3.595550000000000068e+02,2.919167554832556855e-01,3.659649999999999750e+02
2.881868593513695065e-01,3.595679999999999836e+02,2.926459864250854914e-01,3.658999999999999773e+02
2.889710412815773011e-01,3.596179999999999950e+02,2.933752173669153529e-01,3.658509999999999991e+02
2.894191452416960408e-01,3.596190000000000282e+02,2.938800695574129151e-01,3.658639999999999759e+02
2.901473141768889930e-01,3.596320000000000050e+02,2.946093004992427211e-01,3.658620000000000232e+02
2.905954181370077882e-01,3.595550000000000068e+02,2.951141526897402834e-01,3.659409999999999741e+02
2.913796000672155828e-01,3.595930000000000177e+02,2.958433836315700893e-01,3.659150000000000205e+02
2.918277040273343226e-01,3.596179999999999950e+02,2.963482358220676516e-01,3.659420000000000073e+02
2.925558729625272747e-01,3.595930000000000177e+02,2.970774667638974575e-01,3.659409999999999741e+02
2.930599899176609124e-01,3.596179999999999950e+02,2.975823189543949643e-01,3.659019999999999868e+02
2.937881588528538646e-01,3.596440000000000055e+02,2.983115498962247703e-01,3.659030000000000200e+02
2.942922758079874468e-01,3.596440000000000055e+02,2.987603073988893132e-01,3.658249999999999886e+02
2.950204447431804544e-01,3.596050000000000182e+02,2.994895383407191192e-01,3.657989999999999782e+02
2.954685487032991942e-01,3.595930000000000177e+02,2.999382958433836621e-01,3.658140000000000214e+02
2.961967176384921463e-01,3.596179999999999950e+02,3.006675267852134681e-01,3.658009999999999877e+02
2.967568475886405710e-01,3.595930000000000177e+02,3.011723789757109748e-01,3.658260000000000218e+02
2.974850165238335231e-01,3.595790000000000077e+02,3.019016099175407808e-01,3.658380000000000223e+02
2.979331204839522629e-01,3.596190000000000282e+02,3.024064621080383430e-01,3.658639999999999759e+02
2.986612894191452150e-01,3.596059999999999945e+02,3.031356930498681490e-01,3.658770000000000095e+02
2.994454713493530651e-01,3.596309999999999718e+02,3.036405452403657668e-01,3.658509999999999991e+02
2.998935753094718049e-01,3.596429999999999723e+02,3.043697761821955172e-01,3.658380000000000223e+02
3.006217442446647570e-01,3.596299999999999955e+02,3.050990071240253232e-01,3.658240000000000123e+02
3.011258611997983392e-01,3.596309999999999718e+02,3.058282380658551292e-01,3.657749999999999773e+02
3.017980171399764489e-01,3.595930000000000177e+02,3.063330902563527469e-01,3.657889999999999873e+02
3.023581470901248736e-01,3.596059999999999945e+02,3.070623211981825529e-01,3.657980000000000018e+02
3.030863160253178257e-01,3.595919999999999845e+02,3.075671733886800596e-01,3.658509999999999991e+02
3.037584719654959908e-01,3.595799999999999841e+02,3.082964043305099211e-01,3.658500000000000227e+02
3.042625889206295731e-01,3.596050000000000182e+02,3.087451618331743530e-01,3.658020000000000209e+02
3.049907578558225807e-01,3.595930000000000177e+02,3.095304874628372338e-01,3.658519999999999754e+02
3.057749397860303198e-01,3.596059999999999945e+02,3.102597184046670398e-01,3.658009999999999877e+02
3.062230437461490595e-01,3.595799999999999841e+02,3.109889493464968457e-01,3.658269999999999982e+02
3.069512126813420672e-01,3.595930000000000177e+02,3.117181802883267072e-01,3.658240000000000123e+02
3.073993166414608069e-01,3.595790000000000077e+02,3.121669377909911947e-01,3.658109999999999786e+02
3.081834985716686015e-01,3.595419999999999732e+02,3.129522634206540199e-01,3.658120000000000118e+02
3.086876155268022393e-01,3.595029999999999859e+02,3.136814943624838259e-01,3.657740000000000009e+02
3.094157844619951914e-01,3.594909999999999854e+02,3.141302518651483133e-01,3.658240000000000123e+02
3.098638884221139311e-01,3.594769999999999754e+02,3.149155774948111941e-01,3.658100000000000023e+02
3.106480703523217257e-01,3.595040000000000191e+02,3.153643349974757371e-01,3.657749999999999773e+02
3.110961743124404655e-01,3.595280000000000200e+02,3.160374712514724682e-01,3.657869999999999777e+02
3.118243432476334731e-01,3.595419999999999732e+02,3.165423234419700305e-01,3.657869999999999777e+02
3.122724472077522129e-01,3.595529999999999973e+02,3.172715543837998364e-01,3.658140000000000214e+02
3.130566291379600075e-01,3.595670000000000073e+02,3.180007853256296424e-01,3.658380000000000223e+02
3.135607460930935897e-01,3.595919999999999845e+02,3.187300162674595039e-01,3.658260000000000218e+02
3.142329020332716993e-01,3.595919999999999845e+02,3.192348684579570106e-01,3.658120000000000118e+02
3.149610709684647070e-01,3.595659999999999741e+02,3.199640993997868166e-01,3.657980000000000018e+02
3.154651879235982337e-01,3.595919999999999845e+02,3.204689515902843788e-01,3.658229999999999791e+02
3.161933568587911858e-01,3.595790000000000077e+02,3.211981825321141848e-01,3.658229999999999791e+02
3.166414608189099811e-01,3.595919999999999845e+02,3.216469400347786722e-01,3.657850000000000250e+02
3.174256427491177757e-01,3.596299999999999955e+02,3.224322656644415530e-01,3.658000000000000114e+02
3.178737467092365154e-01,3.595919999999999845e+02,3.228810231671060960e-01,3.658240000000000123e+02
3.186019156444294675e-01,3.595930000000000177e+02,3.236663487967689212e-01,3.658369999999999891e+02
3.191620455945779478e-01,3.595919999999999845e+02,3.243955797385987827e-01,3.658380000000000223e+02
3.198342015347560574e-01,3.596039999999999850e+02,3.251248106804285887e-01,3.658500000000000227e+02
3.205623704699490095e-01,3.596419999999999959e+02,3.255735681830930761e-01,3.658870000000000005e+02
3.210664874250826473e-01,3.595790000000000077e+02,3.263027991249228821e-01,3.658360000000000127e+02
3.218506693552904419e-01,3.596170000000000186e+02,3.268076513154203888e-01,3.658229999999999791e+02
3.222987733154091261e-01,3.596050000000000182e+02,3.275368822572502503e-01,3.658220000000000027e+02
3.230269422506021337e-01,3.595659999999999741e+02,3.280417344477477570e-01,3.657839999999999918e+02
3.237551111857950858e-01,3.595790000000000077e+02,3.287709653895775630e-01,3.657970000000000255e+02
3.242592281409286681e-01,3.595539999999999736e+02,3.292758175800751808e-01,3.658210000000000264e+02
3.249873970761216202e-01,3.595539999999999736e+02,3.302294272732371749e-01,3.658469999999999800e+02
3.254915140312552579e-01,3.595529999999999973e+02,3.307342794637347927e-01,3.658600000000000136e+02
3.262196829664482101e-01,3.595799999999999841e+02,3.314635104055645431e-01,3.658460000000000036e+02
3.268918389066263197e-01,3.595919999999999845e+02,3.319683625960621609e-01,3.658489999999999895e+02
3.273959558617599019e-01,3.595659999999999741e+02,3.326414988500588921e-01,3.658740000000000236e+02
3.281801377919677520e-01,3.595539999999999736e+02,3.331463510405564543e-01,3.658589999999999804e+02
3.286282417520864918e-01,3.595400000000000205e+02,3.338755819823862603e-01,3.658480000000000132e+02
3.293564106872794439e-01,3.595520000000000209e+02,3.343243394850507477e-01,3.658469999999999800e+02
3.298605276424130262e-01,3.595280000000000200e+02,3.350535704268805537e-01,3.658600000000000136e+02
3.305886965776059783e-01,3.595409999999999968e+02,3.358388960565434345e-01,3.658849999999999909e+02
3.310368005377247735e-01,3.595269999999999868e+02,3.365681269983732404e-01,3.658960000000000150e+02
3.318209824679325681e-01,3.595409999999999968e+02,3.372973579402030464e-01,3.658980000000000246e+02
3.325491514031255202e-01,3.595529999999999973e+02,3.380265888820328524e-01,3.658709999999999809e+02
3.332213073433036299e-01,3.595779999999999745e+02,3.387558198238626583e-01,3.658600000000000136e+02
3.339494762784965820e-01,3.595659999999999741e+02,3.394850507656924643e-01,3.658720000000000141e+02
3.344535932336302197e-01,3.595400000000000205e+02,3.402142817075223258e-01,3.658609999999999900e+02
3.352377751638380143e-01,3.595269999999999868e+02,3.409435126493521317e-01,3.658589999999999804e+02
3.359659440990309665e-01,3.594769999999999754e+02,3.416727435911819377e-01,3.658580000000000041e+02
3.364140480591497062e-01,3.594510000000000218e+02,3.424019745330116882e-01,3.658700000000000045e+02
3.371422169943426583e-01,3.594390000000000214e+02,3.431312054748414941e-01,3.658709999999999809e+02
3.378703859295356660e-01,3.594519999999999982e+02,3.439165311045043749e-01,3.658460000000000036e+02
3.385985548647286181e-01,3.595149999999999864e+02,3.443652886071689179e-01,3.658090000000000259e+02
3.393827367949364127e-01,3.595790000000000077e+02,3.450945195489987238e-01,3.658210000000000264e+02
3.401109057301293648e-01,3.595919999999999845e+02,3.458798451786616046e-01,3.657719999999999914e+02
3.407830616703074744e-01,3.595409999999999968e+02,3.466090761204914106e-01,3.657850000000000250e+02
3.415672436005153245e-01,3.595149999999999864e+02,3.470578336231558980e-01,3.657699999999999818e+02
3.422393995406934342e-01,3.595280000000000200e+02,3.477870645649857040e-01,3.657680000000000291e+02
3.430235814709012288e-01,3.595160000000000196e+02,3.485162955068155100e-01,3.657680000000000291e+02
3.437517504060941809e-01,3.595149999999999864e+02,3.491894317608122411e-01,3.657570000000000050e+02
3.444799193412871885e-01,3.595269999999999868e+02,3.496942839513098034e-01,3.657429999999999950e+02
3.452080882764801406e-01,3.595160000000000196e+02,3.504235148931396093e-01,3.657210000000000036e+02
3.459362572116730927e-01,3.595409999999999968e+02,3.511527458349694153e-01,3.657440000000000282e+02
3.466084131518512024e-01,3.595029999999999859e+02,3.518819767767992213e-01,3.657319999999999709e+02
3.473925950820589970e-01,3.594510000000000218e+02,3.526673024064621020e-01,3.657210000000000036e+02
3.481207640172520046e-01,3.594250000000000114e+02,3.533965333482919080e-01,3.657200000000000273e+02
3.488489329524449567e-01,3.594139999999999873e+02,3.541257642901217140e-01,3.657060000000000173e+02
3.498011538676972787e-01,3.593890000000000100e+02,3.548549952319515199e-01,3.657069999999999936e+02
3.505293228028902863e-01,3.593750000000000000e+02,3.555842261737813259e-01,3.657049999999999841e+02
3.513135047330980809e-01,3.593890000000000100e+02,3.563134571156111319e-01,3.656779999999999973e+02
3.519856606732761906e-01,3.594150000000000205e+02,3.570426880574409378e-01,3.657060000000000173e+02
3.527698426034839851e-01,3.594519999999999982e+02,3.577719189992707438e-01,3.656909999999999741e+02
3.534980115386769373e-01,3.594519999999999982e+02,3.585011499411005498e-01,3.656800000000000068e+02
3.541701674788551024e-01,3.593890000000000100e+02,3.592303808829303557e-01,3.656809999999999832e+02
3.548983364140480545e-01,3.594139999999999873e+02,3.600157065125932365e-01,3.656929999999999836e+02
3.556825183442558491e-01,3.594259999999999877e+02,3.607449374544230425e-01,3.656560000000000059e+02
3.564106872794488567e-01,3.594259999999999877e+02,3.614741683962528485e-01,3.656419999999999959e+02
3.571388562146418089e-01,3.594649999999999750e+02,3.622033993380826544e-01,3.656299999999999955e+02
3.578670251498347610e-01,3.594519999999999982e+02,3.629326302799124604e-01,3.656190000000000282e+02
3.585951940850277131e-01,3.594010000000000105e+02,3.636618612217422664e-01,3.656050000000000182e+02
3.593233630202206652e-01,3.594139999999999873e+02,3.643910921635721278e-01,3.656290000000000191e+02
3.600515319554136173e-01,3.594270000000000209e+02,3.651203231054019338e-01,3.655930000000000177e+02
3.607797008906066250e-01,3.594019999999999868e+02,3.657934593593986650e-01,3.656309999999999718e+02
3.615078698257995771e-01,3.594010000000000105e+02,3.662983115498962272e-01,3.656430000000000291e+02
3.622360387609925292e-01,3.594139999999999873e+02,3.670275424917260332e-01,3.656410000000000196e+02
3.629642076961855368e-01,3.593890000000000100e+02,3.677567734335558391e-01,3.655799999999999841e+02
3.636923766313784889e-01,3.594010000000000105e+02,3.685420990632187199e-01,3.655550000000000068e+02
3.644205455665714410e-01,3.593759999999999764e+02,3.692152353172154511e-01,3.655679999999999836e+02
3.651487145017643932e-01,3.593509999999999991e+02,3.699444662590452571e-01,3.655529999999999973e+02
3.658768834369573453e-01,3.593639999999999759e+02,3.706736972008750630e-01,3.655790000000000077e+02
3.666050523721502974e-01,3.593759999999999764e+02,3.714590228305379438e-01,3.655670000000000073e+02
3.673892343023581475e-01,3.593509999999999991e+02,3.721882537723677498e-01,3.655799999999999841e+02
3.680613902425362571e-01,3.593890000000000100e+02,3.729174847141975557e-01,3.655679999999999836e+02
3.687895591777292092e-01,3.594010000000000105e+02,3.736467156560273617e-01,3.655939999999999941e+02
3.695177281129222169e-01,3.593879999999999768e+02,3.743759465978571677e-01,3.655539999999999736e+02
3.703019100431299560e-01,3.593750000000000000e+02,3.751051775396869736e-01,3.655659999999999741e+02
3.710300789783229636e-01,3.593629999999999995e+02,3.758344084815167796e-01,3.656030000000000086e+02
3.717582479135159157e-01,3.593260000000000218e+02,3.765636394233465856e-01,3.656159999999999854e+02
3.724304038536940253e-01,3.593380000000000223e+02,3.772928703651763915e-01,3.656050000000000182e+02
3.731585727888870330e-01,3.593249999999999886e+02,3.780221013070061975e-01,3.656190000000000282e+02
3.738867417240799851e-01,3.593249999999999886e+02,3.787513322488360035e-01,3.656069999999999709e+02
3.746149106592729372e-01,3.593260000000000218e+02,3.794805631906658094e-01,3.656050000000000182e+02
3.753990925894807318e-01,3.593890000000000100e+02,3.802658888203286902e-01,3.656179999999999950e+02
3.761272615246736839e-01,3.593759999999999764e+02,3.809951197621584962e-01,3.656190000000000282e+02
3.768554304598666360e-01,3.593750000000000000e+02,3.817243507039883021e-01,3.655930000000000177e+02
3.775835993950596436e-01,3.594010000000000105e+02,3.824535816458181081e-01,3.656050000000000182e+02
3.783117683302525958e-01,3.593509999999999991e+02,3.831267178998148948e-01,3.656050000000000182e+02
3.790399372654456034e-01,3.593389999999999986e+02,3.838559488416447008e-01,3.656190000000000282e+02
3.797681062006385555e-01,3.593629999999999995e+02,3.845851797834745067e-01,3.656430000000000291e+02
3.804962751358315076e-01,3.593759999999999764e+02,3.853144107253043127e-01,3.656170000000000186e+02
3.812244440710244597e-01,3.593380000000000223e+02,3.860436416671340631e-01,3.655950000000000273e+02
3.819526130062174119e-01,3.593639999999999759e+02,3.867728726089638691e-01,3.656050000000000182e+02
3.827367949364252619e-01,3.593000000000000114e+02,3.875581982386267499e-01,3.655930000000000177e+02
3.834089508766033716e-01,3.592880000000000109e+02,3.882874291804565559e-01,3.655169999999999959e+02
3.841371198117963237e-01,3.592989999999999782e+02,3.890166601222863618e-01,3.655570000000000164e+02
3.848652887469893313e-01,3.593000000000000114e+02,3.897458910641162233e-01,3.655799999999999841e+02
3.855934576821822835e-01,3.592880000000000109e+02,3.904751220059460293e-01,3.655810000000000173e+02
3.863216266173752356e-01,3.593260000000000218e+02,3.912043529477758352e-01,3.655670000000000073e+02
3.870497955525681877e-01,3.593380000000000223e+02,3.919335838896056412e-01,3.655180000000000291e+02
3.878339774827760378e-01,3.593120000000000118e+02,3.926628148314354472e-01,3.654819999999999709e+02
3.885621464179689899e-01,3.593129999999999882e+02,3.933920457732652531e-01,3.655040000000000191e+02
3.892343023581470440e-01,3.593389999999999986e+02,3.941212767150950591e-01,3.655040000000000191e+02
3.900184842883548941e-01,3.592880000000000109e+02,3.948505076569248651e-01,3.654800000000000182e+02
3.907466532235478462e-01,3.592880000000000109e+02,3.956358332865877458e-01,3.654819999999999709e+02
3.914748221587407984e-01,3.592359999999999900e+02,3.963650642284175518e-01,3.655299999999999727e+02
3.922029910939337505e-01,3.592359999999999900e+02,3.970942951702473578e-01,3.654929999999999950e+02
3.929311600291267026e-01,3.592869999999999777e+02,3.978235261120771638e-01,3.654809999999999945e+02
3.936593289643197102e-01,3.593509999999999991e+02,3.985527570539070252e-01,3.654429999999999836e+02
3.946115498795720322e-01,3.593249999999999886e+02,3.992819879957368312e-01,3.654300000000000068e+02
3.953957318097798823e-01,3.592760000000000105e+02,3.999551242497335068e-01,3.654279999999999973e+02
3.960678877499579364e-01,3.593129999999999882e+02,4.006843551915633128e-01,3.654540000000000077e+02
3.968520696801657865e-01,3.592500000000000000e+02,4.014135861333931188e-01,3.654449999999999932e+02
3.975802386153587387e-01,3.592500000000000000e+02,4.021428170752229247e-01,3.654060000000000059e+02
3.982523945555369038e-01,3.592490000000000236e+02,4.028720480170527862e-01,3.654940000000000282e+02
3.990365764857446429e-01,3.592119999999999891e+02,4.036012789588825922e-01,3.654669999999999845e+02
3.997087324259228081e-01,3.592110000000000127e+02,4.043866045885454175e-01,3.654569999999999936e+02
4.004369013611157602e-01,3.592740000000000009e+02,4.051158355303752789e-01,3.654440000000000168e+02
4.012210832913236103e-01,3.592370000000000232e+02,4.058450664722050849e-01,3.654429999999999836e+02
4.019492522265165624e-01,3.591999999999999886e+02,4.065742974140348909e-01,3.654049999999999727e+02
4.026774211617095145e-01,3.592250000000000227e+02,4.073035283558646968e-01,3.654529999999999745e+02
4.034055900969024666e-01,3.591979999999999791e+02,4.080327592976945028e-01,3.654689999999999941e+02
4.041337590320954187e-01,3.591979999999999791e+02,4.087619902395243088e-01,3.654689999999999941e+02
4.048619279672883708e-01,3.592370000000000232e+02,4.094912211813541147e-01,3.654800000000000182e+02
4.055900969024813230e-01,3.592230000000000132e+02,4.102204521231839207e-01,3.655190000000000055e+02
4.063182658376743306e-01,3.592370000000000232e+02,4.109496830650137267e-01,3.654830000000000041e+02
4.070464347728673382e-01,3.592620000000000005e+02,4.116789140068435326e-01,3.654700000000000273e+02
4.077746037080602903e-01,3.592749999999999773e+02,4.124081449486733386e-01,3.654669999999999845e+02
4.085027726432532424e-01,3.591870000000000118e+02,4.131934705783362194e-01,3.654409999999999741e+02
4.092869545734610370e-01,3.591739999999999782e+02,4.139227015201660254e-01,3.654680000000000177e+02
4.099591105136391467e-01,3.592370000000000232e+02,4.146519324619958313e-01,3.655419999999999732e+02
4.106872794488320988e-01,3.592119999999999891e+02,4.153811634038256373e-01,3.655439999999999827e+02
4.114714613790399489e-01,3.592239999999999895e+02,4.160542996578223685e-01,3.654809999999999945e+02
4.121436173192180030e-01,3.592370000000000232e+02,4.167835305996521744e-01,3.655199999999999818e+02
4.129277992494258531e-01,3.592370000000000232e+02,4.175127615414819804e-01,3.655070000000000050e+02
4.135999551896040183e-01,3.591990000000000123e+02,4.182419924833118419e-01,3.655070000000000050e+02
4.143841371198117574e-01,3.592370000000000232e+02,4.189712234251416478e-01,3.655049999999999955e+02
4.151123060550047095e-01,3.591990000000000123e+02,4.197004543669714538e-01,3.655020000000000095e+02
4.157844619951828746e-01,3.591619999999999777e+02,4.204296853088012598e-01,3.654780000000000086e+02
4.165126309303758267e-01,3.591879999999999882e+02,4.212150109384641405e-01,3.655020000000000095e+02
4.172407998655687789e-01,3.591979999999999791e+02,4.219442418802939465e-01,3.655180000000000291e+02
4.180249817957766290e-01,3.591999999999999886e+02,4.226734728221237525e-01,3.655059999999999718e+02
4.187531507309695811e-01,3.592250000000000227e+02,4.234027037639535584e-01,3.655040000000000191e+02
4.194813196661625332e-01,3.592500000000000000e+02,4.241319347057833644e-01,3.655299999999999727e+02
4.202094886013554853e-01,3.592490000000000236e+02,4.248611656476131704e-01,3.655289999999999964e+02
4.209376575365484374e-01,3.592379999999999995e+02,4.255903965894429208e-01,3.655280000000000200e+02
4.216658264717413895e-01,3.592379999999999995e+02,4.263196275312727268e-01,3.655659999999999741e+02
4.223939954069343972e-01,3.592250000000000227e+02,4.270488584731025883e-01,3.655269999999999868e+02
4.231221643421273493e-01,3.591999999999999886e+02,4.277780894149323943e-01,3.655520000000000209e+02
4.238503332773203569e-01,3.592640000000000100e+02,4.285073203567622002e-01,3.655529999999999973e+02
4.245785022125133090e-01,3.592490000000000236e+02,4.292365512985920062e-01,3.655430000000000064e+02
4.253066711477062611e-01,3.592509999999999764e+02,4.299657822404218122e-01,3.654429999999999836e+02
4.260348400828992133e-01,3.592370000000000232e+02,4.306950131822516181e-01,3.654440000000000168e+02
4.267630090180921654e-01,3.592379999999999995e+02,4.314242441240814241e-01,3.654700000000000273e+02
4.274911779532851175e-01,3.591990000000000123e+02,4.322095697537443049e-01,3.654289999999999736e+02
4.282753598834929676e-01,3.592239999999999895e+02,4.328827060077410360e-01,3.654289999999999736e+02
4.290035288186859197e-01,3.592139999999999986e+02,4.336119369495708975e-01,3.654289999999999736e+02
4.297316977538788718e-01,3.591490000000000009e+02,4.343411678914007035e-01,3.654289999999999736e+02
4.304598666890718239e-01,3.591229999999999905e+02,4.350703988332305094e-01,3.654300000000000068e+02
4.311880356242648316e-01,3.591870000000000118e+02,4.357996297750603154e-01,3.654440000000000168e+02
4.319162045594577837e-01,3.592239999999999895e+02,4.365849554047231962e-01,3.654080000000000155e+02
4.326443734946507358e-01,3.592130000000000223e+02,4.373141863465530021e-01,3.653829999999999814e+02
4.333725424298436879e-01,3.592250000000000227e+02,4.379873226005496778e-01,3.653949999999999818e+02
4.341007113650366955e-01,3.592130000000000223e+02,4.387726482302125586e-01,3.653829999999999814e+02
4.348288803002296476e-01,3.591879999999999882e+02,4.395018791720423645e-01,3.653799999999999955e+02
4.355570492354225998e-01,3.591879999999999882e+02,4.402311101138721705e-01,3.653949999999999818e+02
4.362292051756007649e-01,3.591999999999999886e+02,4.409603410557019765e-01,3.653809999999999718e+02
4.369573741107937170e-01,3.591490000000000009e+02,4.416895719975317824e-01,3.653559999999999945e+02
4.377415560410015116e-01,3.591739999999999782e+02,4.424188029393615884e-01,3.653949999999999818e+02
4.384697249761944637e-01,3.591870000000000118e+02,4.431480338811914499e-01,3.654209999999999923e+02
4.391978939113874159e-01,3.591480000000000246e+02,4.438772648230212559e-01,3.653840000000000146e+02
4.399260628465804235e-01,3.591240000000000236e+02,4.446064957648510618e-01,3.653469999999999800e+02
4.406542317817733756e-01,3.591240000000000236e+02,4.453357267066808678e-01,3.653720000000000141e+02
4.413824007169663277e-01,3.590989999999999895e+02,4.460649576485106738e-01,3.653700000000000045e+02
4.421105696521592798e-01,3.590989999999999895e+02,4.467941885903404797e-01,3.653589999999999804e+02
4.428387385873522319e-01,3.591499999999999773e+02,4.475795142200033605e-01,3.653809999999999718e+02
4.435669075225451841e-01,3.591490000000000009e+02,4.483087451618331665e-01,3.653799999999999955e+02
4.442950764577381917e-01,3.591120000000000232e+02,4.489818814158298976e-01,3.653469999999999800e+02
4.450232453929311438e-01,3.591370000000000005e+02,4.497672070454928339e-01,3.653720000000000141e+02
4.457514143281240959e-01,3.591360000000000241e+02,4.504403432994895096e-01,3.653489999999999895e+02
4.465355962583319460e-01,3.590480000000000018e+02,4.512256689291524459e-01,3.653100000000000023e+02
4.472637651935248981e-01,3.590609999999999786e+02,4.518988051831490660e-01,3.653240000000000123e+02
4.479919341287178502e-01,3.590989999999999895e+02,4.526280361249789830e-01,3.653469999999999800e+02
4.487201030639107469e-01,3.590729999999999791e+02,4.534133617546418082e-01,3.653589999999999804e+02
4.494482719991037545e-01,3.590860000000000127e+02,4.540864980086385949e-01,3.653340000000000032e+02
4.501764409342967621e-01,3.591370000000000005e+02,4.548718236383014202e-01,3.653720000000000141e+02
4.509046098694897697e-01,3.590980000000000132e+02,4.556010545801312261e-01,3.653090000000000259e+02
4.516327788046827219e-01,3.590609999999999786e+02,4.563302855219610321e-01,3.652839999999999918e+02
4.523049347448607760e-01,3.591370000000000005e+02,4.570595164637908381e-01,3.652989999999999782e+02
4.530331036800537281e-01,3.590989999999999895e+02,4.577887474056206440e-01,3.653589999999999804e+02
4.538732986052764207e-01,3.590609999999999786e+02,4.585179783474504500e-01,3.653229999999999791e+02
4.545454545454545303e-01,3.590860000000000127e+02,4.592472092892802560e-01,3.653079999999999927e+02
4.552736234806474824e-01,3.590989999999999895e+02,4.599764402311100620e-01,3.653480000000000132e+02
4.560017924158404345e-01,3.590740000000000123e+02,4.607056711729398679e-01,3.653319999999999936e+02
4.567299613510334422e-01,3.591109999999999900e+02,4.614909968026028042e-01,3.653079999999999927e+02
4.574581302862263943e-01,3.591480000000000246e+02,4.621641330565995909e-01,3.652850000000000250e+02
4.581862992214193464e-01,3.590729999999999791e+02,4.628933639984293413e-01,3.652989999999999782e+02
4.589704811516271965e-01,3.590480000000000018e+02,4.636786896280922221e-01,3.652860000000000014e+02
4.596426370918052506e-01,3.590989999999999895e+02,4.643518258820889533e-01,3.653229999999999791e+02
4.603708060269982028e-01,3.591000000000000227e+02,4.651371515117518340e-01,3.653469999999999800e+02
4.610989749621911549e-01,3.590620000000000118e+02,4.658102877657485652e-01,3.653319999999999936e+02
4.618831568923990605e-01,3.591120000000000232e+02,4.665395187075783712e-01,3.653090000000000259e+02
4.625553128325771146e-01,3.590980000000000132e+02,4.673248443372411964e-01,3.653319999999999936e+02
4.633394947627849647e-01,3.590480000000000018e+02,4.679979805912379831e-01,3.653220000000000027e+02
4.640116507029631299e-01,3.590860000000000127e+02,4.687833062209008084e-01,3.652950000000000159e+02
4.647958326331708689e-01,3.590860000000000127e+02,4.695125371627306143e-01,3.653100000000000023e+02
4.655240015683638211e-01,3.590219999999999914e+02,4.701856734167274010e-01,3.653079999999999927e+02
4.662521705035568287e-01,3.589970000000000141e+02,4.709709990463903373e-01,3.652989999999999782e+02
4.669803394387497808e-01,3.590360000000000014e+02,4.717002299882201433e-01,3.653580000000000041e+02
4.677085083739427329e-01,3.590350000000000250e+02,4.724294609300499492e-01,3.653690000000000282e+02
4.684366773091356850e-01,3.590480000000000018e+02,4.731586918718797552e-01,3.653460000000000036e+02
4.691648462443286371e-01,3.590729999999999791e+02,4.738879228137095612e-01,3.653079999999999927e+02
4.698930151795215893e-01,3.590489999999999782e+02,4.746171537555393671e-01,3.653589999999999804e+02
4.706211841147145414e-01,3.590230000000000246e+02,4.753463846973691731e-01,3.653450000000000273e+02
4.713493530499074935e-01,3.590609999999999786e+02,4.760756156391989791e-01,3.653229999999999791e+02
4.720775219851005566e-01,3.590609999999999786e+02,4.768048465810287295e-01,3.653100000000000023e+02
4.728056909202935087e-01,3.589850000000000136e+02,4.775340775228585355e-01,3.653090000000000259e+02
4.735338598554865164e-01,3.590099999999999909e+02,4.784876872160205852e-01,3.653070000000000164e+02
4.742620287906794685e-01,3.590099999999999909e+02,4.792169181578503911e-01,3.653450000000000273e+02
4.749901977258724206e-01,3.590110000000000241e+02,4.799461490996801971e-01,3.653330000000000268e+02
4.757743796560801597e-01,3.590240000000000009e+02,4.807314747293431334e-01,3.652930000000000064e+02
4.765025485912731673e-01,3.590360000000000014e+02,4.814607056711729394e-01,3.652719999999999914e+02
4.771747045314512770e-01,3.590230000000000246e+02,4.821899366130027453e-01,3.652850000000000250e+02
4.781269254467035990e-01,3.590230000000000246e+02,4.829191675548325513e-01,3.652980000000000018e+02
4.791351593569708189e-01,3.590480000000000018e+02,4.836483984966623573e-01,3.652989999999999782e+02
4.798633282921637710e-01,3.589979999999999905e+02,4.843776294384921632e-01,3.653229999999999791e+02
4.808715622024309910e-01,3.589859999999999900e+02,4.851068603803219692e-01,3.653070000000000164e+02
4.815997311376239431e-01,3.589990000000000236e+02,4.858360913221517752e-01,3.653079999999999927e+02
4.822718870778019973e-01,3.590369999999999777e+02,4.865653222639815256e-01,3.653210000000000264e+02
4.830000560129949494e-01,3.590620000000000118e+02,4.872945532058113316e-01,3.653439999999999941e+02
4.837842379432028550e-01,3.590489999999999782e+02,4.880237841476411376e-01,3.653310000000000173e+02
4.847364588584551215e-01,3.590110000000000241e+02,4.887530150894709435e-01,3.653070000000000164e+02
4.854646277936480736e-01,3.589979999999999905e+02,4.897066247826331042e-01,3.653360000000000127e+02
4.861927967288410812e-01,3.589979999999999905e+02,4.904919504122959295e-01,3.653469999999999800e+02
4.871450176440933477e-01,3.590230000000000246e+02,4.911650866662927162e-01,3.653600000000000136e+02
4.879291995743012533e-01,3.589990000000000236e+02,4.918943176081225221e-01,3.653720000000000141e+02
4.886573685094942054e-01,3.589870000000000232e+02,4.926796432377853474e-01,3.653840000000000146e+02
4.893295244496723706e-01,3.590129999999999768e+02,4.933527794917820786e-01,3.653840000000000146e+02
4.901137063798801097e-01,3.590509999999999877e+02,4.941381051214449593e-01,3.654089999999999918e+02
4.908418753150730618e-01,3.590249999999999773e+02,4.948673360632747653e-01,3.654209999999999923e+02
4.915700442502660139e-01,3.590240000000000009e+02,4.955965670051046268e-01,3.653720000000000141e+02
4.922982131854590215e-01,3.590120000000000005e+02,4.963257979469344328e-01,3.653469999999999800e+02
4.930263821206519737e-01,3.590120000000000005e+02,4.970550288887642387e-01,3.653740000000000236e+02
4.937545510558449258e-01,3.589990000000000236e+02,4.977842598305940447e-01,3.654110000000000014e+02
4.944827199910378779e-01,3.589990000000000236e+02,4.985695854602568700e-01,3.653870000000000005e+02
4.952108889262308300e-01,3.589730000000000132e+02,4.992427217142536566e-01,3.653750000000000000e+02
4.959390578614237821e-01,3.589750000000000227e+02,4.999719526560834626e-01,3.653469999999999800e+02
4.966672267966168453e-01,3.590129999999999768e+02,5.007011835979132686e-01,3.653460000000000036e+02
4.973953957318097974e-01,3.590629999999999882e+02,5.014304145397430190e-01,3.653589999999999804e+02
4.981235646670027495e-01,3.590500000000000114e+02,5.021596454815728805e-01,3.653720000000000141e+02
4.989077465972105441e-01,3.589870000000000232e+02,5.028888764234026310e-01,3.653489999999999895e+02
4.995799025373887092e-01,3.590120000000000005e+02,5.036181073652324924e-01,3.653269999999999982e+02
5.003080714725816058e-01,3.590369999999999777e+02,5.043473383070622429e-01,3.653519999999999754e+02
5.010362404077746135e-01,3.590120000000000005e+02,5.051326639367251792e-01,3.654019999999999868e+02
5.017644093429675101e-01,3.589990000000000236e+02,5.058618948785550407e-01,3.654270000000000209e+02
5.025485912731753047e-01,3.590489999999999782e+02,5.065350311325517163e-01,3.653999999999999773e+02
5.032207472133535253e-01,3.590000000000000000e+02,5.072642620743814668e-01,3.653740000000000236e+02
5.040049291435612089e-01,3.590000000000000000e+02,5.080495877040444030e-01,3.653609999999999900e+02
5.047330980787542165e-01,3.590500000000000114e+02,5.087788186458742645e-01,3.653740000000000236e+02
5.054052540189323262e-01,3.590749999999999886e+02,5.094519548998710512e-01,3.653750000000000000e+02
5.064134879291996016e-01,3.590240000000000009e+02,5.101811858417008017e-01,3.653639999999999759e+02
5.071416568643924982e-01,3.590500000000000114e+02,5.109665114713636269e-01,3.653389999999999986e+02
5.081498907746596627e-01,3.590110000000000241e+02,5.116957424131934884e-01,3.653399999999999750e+02
5.088780597098526703e-01,3.590249999999999773e+02,5.124249733550232389e-01,3.653530000000000086e+02
5.096062286450456780e-01,3.590489999999999782e+02,5.131542042968531003e-01,3.653399999999999750e+02
5.103343975802386856e-01,3.590760000000000218e+02,5.138834352386828508e-01,3.653029999999999973e+02
5.110625665154315822e-01,3.590509999999999877e+02,5.146687608683457871e-01,3.653120000000000118e+02
5.117347224556096918e-01,3.590749999999999886e+02,5.153418971223424627e-01,3.652620000000000005e+02
5.125189043858174864e-01,3.590629999999999882e+02,5.160711280641722132e-01,3.652389999999999759e+02
5.132470733210104941e-01,3.590629999999999882e+02,5.168003590060020747e-01,3.652629999999999768e+02
5.139752422562033907e-01,3.590629999999999882e+02,5.175856846356650109e-01,3.652640000000000100e+02
5.147034111913963983e-01,3.590240000000000009e+02,5.182588208896617976e-01,3.652280000000000086e+02
5.154315801265892949e-01,3.589870000000000232e+02,5.189880518314915481e-01,3.651890000000000214e+02
5.161597490617823025e-01,3.590249999999999773e+02,5.197172827733214096e-01,3.652269999999999754e+02
5.168879179969753102e-01,3.590889999999999986e+02,5.205026084029842348e-01,3.652529999999999859e+02
5.176720999271831047e-01,3.590500000000000114e+02,5.211757446569810215e-01,3.652250000000000227e+02
5.183442558673612144e-01,3.590380000000000109e+02,5.219610702866438467e-01,3.651759999999999877e+02
5.190724248025541110e-01,3.590500000000000114e+02,5.226903012284735972e-01,3.652119999999999891e+02
5.198005937377471186e-01,3.590749999999999886e+02,5.234195321703034587e-01,3.652110000000000127e+02
5.205847756679550242e-01,3.590629999999999882e+02,5.240926684243002454e-01,3.652119999999999891e+02
5.212569316081330228e-01,3.590240000000000009e+02,5.248779940539630706e-01,3.652250000000000227e+02
5.219851005433260305e-01,3.590120000000000005e+02,5.256072249957928211e-01,3.652389999999999759e+02
5.227692824735338251e-01,3.589870000000000232e+02,5.262803612497896077e-01,3.652010000000000218e+02
5.234414384137120457e-01,3.590129999999999768e+02,5.270095921916193582e-01,3.651639999999999873e+02
5.242256203439197293e-01,3.590389999999999873e+02,5.277949178212822945e-01,3.652110000000000127e+02
5.248977762840979500e-01,3.590380000000000109e+02,5.285241487631121560e-01,3.652379999999999995e+02
5.256259452192908466e-01,3.589990000000000236e+02,5.292533797049419064e-01,3.651999999999999886e+02
5.264101271494986412e-01,3.589619999999999891e+02,5.299826106467717679e-01,3.652110000000000127e+02
5.270822830896767508e-01,3.589490000000000123e+02,5.307118415886015184e-01,3.652099999999999795e+02
5.278664650198845454e-01,3.589739999999999895e+02,5.314410725304313798e-01,3.651750000000000114e+02
5.285946339550775530e-01,3.589750000000000227e+02,5.321703034722611303e-01,3.651999999999999886e+02
5.292667898952556627e-01,3.589370000000000118e+02,5.328995344140909918e-01,3.652509999999999764e+02
5.300509718254634572e-01,3.589619999999999891e+02,5.336287653559207422e-01,3.652740000000000009e+02
5.307791407606564649e-01,3.589879999999999995e+02,5.343579962977506037e-01,3.652610000000000241e+02
5.315073096958494725e-01,3.589750000000000227e+02,5.351433219274134290e-01,3.652610000000000241e+02
5.322354786310423691e-01,3.590140000000000100e+02,5.358164581814102156e-01,3.652620000000000005e+02
5.329636475662353767e-01,3.590380000000000109e+02,5.365456891232399661e-01,3.652359999999999900e+02
5.336918165014283844e-01,3.590129999999999768e+02,5.373310147529029024e-01,3.652110000000000127e+02
5.344199854366212810e-01,3.589739999999999895e+02,5.380041510068995780e-01,3.651870000000000118e+02
5.351481543718142886e-01,3.589870000000000232e+02,5.387333819487294395e-01,3.651850000000000023e+02
5.359323363020220832e-01,3.589870000000000232e+02,5.394626128905593010e-01,3.651990000000000123e+02
5.366044922422001928e-01,3.589619999999999891e+02,5.402479385202221263e-01,3.652250000000000227e+02
5.373326611773930894e-01,3.590009999999999764e+02,5.409771694620518767e-01,3.652370000000000232e+02
5.381168431076008840e-01,3.590249999999999773e+02,5.417064004038817382e-01,3.652250000000000227e+02
5.387889990477791047e-01,3.590249999999999773e+02,5.423795366578785249e-01,3.651999999999999886e+02
5.395171679829720013e-01,3.590389999999999873e+02,5.431087675997082753e-01,3.652250000000000227e+02
5.402453369181650089e-01,3.590509999999999877e+02,5.438940932293711006e-01,3.652370000000000232e+02
5.410295188483728035e-01,3.590389999999999873e+02,5.446233241712009621e-01,3.652110000000000127e+02
5.417576877835658111e-01,3.590009999999999764e+02,5.455769338643631228e-01,3.651879999999999882e+02
5.424858567187587077e-01,3.589759999999999991e+02,5.463061648061928732e-01,3.652230000000000132e+02
5.432140256539517154e-01,3.590140000000000100e+02,5.470914904358556985e-01,3.652379999999999995e+02
5.439421945891447230e-01,3.590129999999999768e+02,5.477646266898524852e-01,3.652880000000000109e+02
5.446703635243376196e-01,3.590140000000000100e+02,5.484938576316822356e-01,3.653260000000000218e+02
5.453985324595306272e-01,3.590009999999999764e+02,5.492230885735120971e-01,3.653140000000000214e+02
5.460706883997087369e-01,3.590500000000000114e+02,5.499523195153418476e-01,3.653000000000000114e+02
5.468548703299165314e-01,3.590649999999999977e+02,5.507376451450046728e-01,3.653020000000000209e+02
5.475830392651094281e-01,3.590769999999999982e+02,5.514668760868345343e-01,3.653380000000000223e+02
5.483112082003024357e-01,3.590899999999999750e+02,5.521400123408313210e-01,3.653249999999999886e+02
5.490393771354954433e-01,3.590899999999999750e+02,5.528692432826610714e-01,3.652880000000000109e+02
5.497675460706883399e-01,3.590260000000000105e+02,5.536545689123238967e-01,3.653009999999999877e+02
5.504957150058813475e-01,3.589889999999999759e+02,5.543837998541537582e-01,3.653260000000000218e+02
5.512798969360891421e-01,3.590509999999999877e+02,5.551130307959836196e-01,3.653410000000000082e+02
5.520080658712821498e-01,3.590640000000000214e+02,5.558422617378134811e-01,3.653530000000000086e+02
5.526802218114602594e-01,3.590529999999999973e+02,5.565153979918101568e-01,3.653530000000000086e+02
5.534083907466532670e-01,3.590520000000000209e+02,5.573007236214730931e-01,3.653399999999999750e+02
5.541365596818461636e-01,3.590769999999999982e+02,5.580299545633028435e-01,3.653140000000000214e+02
5.548647286170391713e-01,3.590760000000000218e+02,5.587591855051327050e-01,3.653159999999999741e+02
5.556489105472469658e-01,3.591019999999999754e+02,5.595445111347955303e-01,3.653399999999999750e+02
5.563210664874250755e-01,3.591150000000000091e+02,5.602176473887923169e-01,3.653129999999999882e+02
5.570492354226180831e-01,3.591030000000000086e+02,5.609468783306220674e-01,3.653029999999999973e+02
5.578334173528257667e-01,3.590649999999999977e+02,5.616761092724518178e-01,3.653410000000000082e+02
5.585615862880187743e-01,3.590509999999999877e+02,5.624614349021147541e-01,3.653550000000000182e+02
5.592897552232117819e-01,3.590769999999999982e+02,5.631345711561114298e-01,3.653550000000000182e+02
5.600179241584046785e-01,3.590649999999999977e+02,5.638638020979412913e-01,3.653679999999999950e+02
5.607460930935976862e-01,3.590520000000000209e+02,5.646491277276042275e-01,3.653700000000000045e+02
5.616983140088500637e-01,3.590779999999999745e+02,5.653783586694339780e-01,3.653439999999999941e+02
5.624264829440430713e-01,3.590649999999999977e+02,5.661075896112638395e-01,3.653170000000000073e+02
5.631546518792359679e-01,3.590520000000000209e+02,5.668368205530935899e-01,3.653310000000000173e+02
5.638828208144289755e-01,3.590269999999999868e+02,5.675660514949234514e-01,3.653550000000000182e+02
5.646109897496218721e-01,3.590140000000000100e+02,5.682952824367532019e-01,3.653419999999999845e+02
5.653951716798296667e-01,3.589630000000000223e+02,5.689684186907499885e-01,3.653170000000000073e+02
5.660673276200077764e-01,3.589639999999999986e+02,5.696976496325798500e-01,3.653299999999999841e+02
5.667954965552007840e-01,3.590140000000000100e+02,5.704268805744096005e-01,3.653559999999999945e+02
5.675796784854085786e-01,3.590520000000000209e+02,5.711561115162394620e-01,3.653450000000000273e+02
5.682518344255866882e-01,3.590649999999999977e+02,5.719414371459022872e-01,3.653330000000000268e+02
5.689800033607796959e-01,3.590649999999999977e+02,5.726706680877320377e-01,3.653330000000000268e+02
5.697081722959725925e-01,3.590649999999999977e+02,5.733998990295618992e-01,3.653179999999999836e+02
5.704363412311656001e-01,3.590520000000000209e+02,5.741291299713916496e-01,3.652559999999999718e+02
5.711645101663584967e-01,3.590520000000000209e+02,5.748583609132215111e-01,3.652579999999999814e+02
5.719486920965664023e-01,3.590659999999999741e+02,5.755875918550512615e-01,3.653090000000000259e+02
5.726768610317594099e-01,3.590910000000000082e+02,5.763168227968810120e-01,3.652959999999999923e+02
5.734050299669523065e-01,3.590910000000000082e+02,5.770460537387109845e-01,3.652850000000000250e+02
5.741331989021453142e-01,3.590790000000000077e+02,5.777752846805407350e-01,3.653199999999999932e+02
5.748613678373382108e-01,3.590910000000000082e+02,5.785045156223705964e-01,3.653199999999999932e+02
5.755895367725312184e-01,3.591159999999999854e+02,5.792337465642003469e-01,3.652959999999999923e+02
5.765417576877834849e-01,3.591159999999999854e+02,5.799629775060302084e-01,3.652839999999999918e+02
5.773259396179913905e-01,3.591030000000000086e+02,5.806922084478599588e-01,3.652730000000000246e+02
5.780541085531842871e-01,3.591030000000000086e+02,5.814775340775227841e-01,3.652590000000000146e+02
5.787262644933625078e-01,3.591170000000000186e+02,5.822067650193526456e-01,3.652359999999999900e+02
5.794544334285554044e-01,3.591290000000000191e+02,5.829359959611823960e-01,3.652470000000000141e+02
5.802386153587631989e-01,3.591039999999999850e+02,5.836652269030122575e-01,3.652719999999999914e+02
5.809107712989413086e-01,3.591159999999999854e+02,5.843944578448420080e-01,3.652719999999999914e+02
5.819190052092084731e-01,3.591170000000000186e+02,5.851236887866718694e-01,3.652479999999999905e+02
5.826471741444014807e-01,3.591039999999999850e+02,5.858529197285017309e-01,3.652730000000000246e+02
5.833753430795943773e-01,3.591539999999999964e+02,5.865260559824984066e-01,3.652629999999999768e+02
5.841035120147874959e-01,3.591539999999999964e+02,5.872552869243281570e-01,3.652379999999999995e+02
5.848876939449951795e-01,3.591299999999999955e+02,5.879845178661580185e-01,3.652500000000000000e+02
5.855598498851734002e-01,3.591429999999999723e+02,5.887698434958209548e-01,3.652370000000000232e+02
5.862880188203662968e-01,3.591179999999999950e+02,5.894990744376507052e-01,3.652230000000000132e+02
5.870722007505740914e-01,3.591179999999999950e+02,5.902283053794805667e-01,3.651970000000000027e+02
5.877443566907522010e-01,3.590930000000000177e+02,5.909575363213103172e-01,3.651990000000000123e+02
5.884725256259452086e-01,3.590790000000000077e+02,5.916867672631401787e-01,3.652490000000000236e+02
5.894807595362123731e-01,3.590670000000000073e+02,5.924159982049699291e-01,3.652869999999999777e+02
5.902089284714053807e-01,3.590670000000000073e+02,5.931452291467997906e-01,3.652640000000000100e+02
5.909370974065983884e-01,3.590670000000000073e+02,5.939305547764626159e-01,3.652760000000000105e+02
5.916652663417912850e-01,3.591050000000000182e+02,5.946036910304594025e-01,3.652760000000000105e+02
5.923934352769842926e-01,3.591179999999999950e+02,5.953329219722891530e-01,3.652749999999999773e+02
5.931216042121771892e-01,3.590790000000000077e+02,5.960621529141190145e-01,3.652649999999999864e+02
5.938497731473701968e-01,3.590679999999999836e+02,5.967913838559487649e-01,3.652760000000000105e+02
5.948580070576373613e-01,3.590679999999999836e+02,5.975206147977786264e-01,3.652880000000000109e+02
5.955301629978154709e-01,3.590799999999999841e+02,5.983059404274415627e-01,3.652749999999999773e+02
5.962583319330083675e-01,3.590679999999999836e+02,5.989790766814382383e-01,3.652409999999999854e+02
5.970425138632162732e-01,3.590930000000000177e+02,5.997083076232680998e-01,3.652789999999999964e+02
5.977706827984092808e-01,3.591309999999999718e+02,6.004375385650978503e-01,3.653140000000000214e+02
5.984988517336021774e-01,3.591070000000000277e+02,6.012228641947606755e-01,3.653399999999999750e+02
5.992270206687951850e-01,3.590939999999999941e+02,6.019520951365905370e-01,3.653279999999999745e+02
5.999551896039880816e-01,3.591449999999999818e+02,6.029057048297525867e-01,3.653170000000000073e+02
6.006273455441663023e-01,3.591580000000000155e+02,6.036349357715823372e-01,3.653290000000000077e+02
6.013555144793591989e-01,3.590810000000000173e+02,6.043641667134121986e-01,3.653410000000000082e+02
6.021396964095669935e-01,3.590690000000000168e+02,6.050933976552420601e-01,3.653419999999999845e+02
6.028678653447600011e-01,3.591059999999999945e+02,6.058787232849048854e-01,3.653670000000000186e+02
6.035960342799528977e-01,3.590950000000000273e+02,6.065518595389016721e-01,3.653430000000000177e+02
6.043242032151459053e-01,3.590950000000000273e+02,6.073371851685644973e-01,3.653430000000000177e+02
6.053324371254130698e-01,3.590950000000000273e+02,6.080664161103943588e-01,3.653820000000000050e+02
6.060045930655912905e-01,3.591059999999999945e+02,6.087395523643910344e-01,3.654300000000000068e+02
6.067327620007841871e-01,3.590819999999999936e+02,6.095248779940539707e-01,3.654060000000000059e+02
6.074609309359771947e-01,3.591080000000000041e+02,6.102541089358837212e-01,3.654060000000000059e+02
6.081890998711700913e-01,3.591460000000000150e+02,6.109833398777134716e-01,3.654080000000000155e+02
6.089732818013778859e-01,3.591209999999999809e+02,6.116564761317102583e-01,3.653949999999999818e+02
6.097014507365708935e-01,3.590699999999999932e+02,6.124418017613730836e-01,3.653960000000000150e+02
6.104296196717637901e-01,3.590699999999999932e+02,6.131710327032029451e-01,3.653969999999999914e+02
6.113818405870161676e-01,3.590819999999999936e+02,6.138441689571997317e-01,3.653949999999999818e+02
6.121100095222091753e-01,3.591080000000000041e+02,6.145733998990294822e-01,3.653820000000000050e+02
6.128381784574021829e-01,3.591080000000000041e+02,6.153587255286924185e-01,3.653340000000000032e+02
6.135663473925950795e-01,3.591460000000000150e+02,6.160879564705222800e-01,3.653580000000000041e+02
6.142945163277880871e-01,3.591460000000000150e+02,6.170415661636843296e-01,3.653960000000000150e+02
6.152467372430403536e-01,3.591080000000000041e+02,6.177707971055140801e-01,3.653600000000000136e+02
6.160309191732481482e-01,3.591329999999999814e+02,6.185000280473438306e-01,3.653240000000000123e+02
6.167030751134262578e-01,3.591720000000000255e+02,6.192292589891736920e-01,3.653369999999999891e+02
6.177113090236935333e-01,3.591340000000000146e+02,6.200145846188366283e-01,3.653500000000000227e+02
6.187195429339605868e-01,3.591089999999999804e+02,6.206877208728333040e-01,3.653609999999999900e+02
6.194477118691535944e-01,3.591469999999999914e+02,6.214169518146630544e-01,3.653620000000000232e+02
6.201198678093317040e-01,3.591730000000000018e+02,6.221461827564929159e-01,3.653849999999999909e+02
6.209040497395396097e-01,3.591720000000000255e+02,6.229315083861558522e-01,3.654110000000000014e+02
6.216322186747325063e-01,3.591720000000000255e+02,6.236607393279856026e-01,3.653990000000000009e+02
6.223603876099255139e-01,3.591720000000000255e+02,6.243338755819823893e-01,3.653890000000000100e+02
6.233126085251777804e-01,3.591840000000000259e+02,6.251192012116452146e-01,3.654519999999999982e+02
6.240967904553855750e-01,3.591340000000000146e+02,6.258484321534750761e-01,3.654519999999999982e+02
6.247689463955637956e-01,3.591220000000000141e+02,6.265776630953048265e-01,3.654270000000000209e+02
6.254971153307566922e-01,3.591600000000000250e+02,6.272507993493016132e-01,3.654139999999999873e+02
6.262252842659496999e-01,3.591480000000000246e+02,6.280361249789644384e-01,3.654270000000000209e+02
6.269534532011425965e-01,3.591589999999999918e+02,6.289897346721264881e-01,3.654259999999999877e+02
6.279056741163950850e-01,3.591840000000000259e+02,6.297189656139563496e-01,3.654279999999999973e+02
6.286898560466027686e-01,3.591979999999999791e+02,6.304481965557862111e-01,3.654390000000000214e+02
6.294180249817957762e-01,3.591720000000000255e+02,6.311774274976159615e-01,3.654909999999999854e+02
6.301461939169886728e-01,3.591600000000000250e+02,6.319627531272787868e-01,3.654929999999999950e+02
6.308743628521816804e-01,3.591720000000000255e+02,6.326919840691086483e-01,3.654700000000000273e+02
6.316025317873746880e-01,3.591469999999999914e+02,6.333651203231054350e-01,3.654819999999999709e+02
6.325547527026269545e-01,3.591220000000000141e+02,6.340943512649351854e-01,3.654940000000000282e+02
6.332829216378199622e-01,3.591730000000000018e+02,6.348796768945980107e-01,3.654449999999999932e+02
6.340110905730129698e-01,3.591720000000000255e+02,6.355528131485947974e-01,3.653809999999999718e+02
6.347392595082059774e-01,3.591340000000000146e+02,6.362820440904246588e-01,3.654060000000000059e+02
6.355234414384136610e-01,3.591480000000000246e+02,6.370673697200874841e-01,3.654320000000000164e+02
6.364756623536660385e-01,3.591720000000000255e+02,6.377966006619172346e-01,3.654560000000000173e+02
6.372038312888589351e-01,3.591979999999999791e+02,6.385258316037470960e-01,3.654580000000000268e+02
6.379320002240519427e-01,3.592350000000000136e+02,6.392550625455769575e-01,3.654569999999999936e+02
6.386601691592448393e-01,3.592239999999999895e+02,6.399842934874067080e-01,3.654569999999999936e+02
6.393883380944378469e-01,3.591730000000000018e+02,6.411622819319010569e-01,3.654189999999999827e+02
6.401725200246457526e-01,3.591730000000000018e+02,6.419476075615639932e-01,3.654590000000000032e+02
6.409006889598386492e-01,3.591480000000000246e+02,6.426768385033937436e-01,3.654230000000000018e+02
6.418529098750910267e-01,3.591349999999999909e+02,6.434060694452234941e-01,3.653600000000000136e+02
6.425810788102839233e-01,3.591859999999999786e+02,6.443596791383855438e-01,3.653709999999999809e+02
6.433092477454769309e-01,3.591600000000000250e+02,6.451450047680483690e-01,3.654080000000000155e+02
6.439814036856550405e-01,3.591850000000000023e+02,6.458742357098782305e-01,3.653980000000000246e+02
6.447095726208480482e-01,3.591979999999999791e+02,6.465473719638750172e-01,3.654200000000000159e+02
6.457178065311152126e-01,3.591990000000000123e+02,6.472766029057047676e-01,3.654350000000000023e+02
6.464459754663082203e-01,3.591990000000000123e+02,6.480058338475346291e-01,3.654230000000000018e+02
6.472301573965159038e-01,3.591730000000000018e+02,6.490155382285297536e-01,3.654350000000000023e+02
6.479023133366941245e-01,3.591739999999999782e+02,6.497447691703595041e-01,3.654209999999999923e+02
6.486304822718870211e-01,3.591730000000000018e+02,6.504740001121893656e-01,3.653980000000000246e+02
6.496387161821542966e-01,3.591610000000000014e+02,6.514276098053514152e-01,3.654239999999999782e+02
6.503668851173471932e-01,3.591859999999999786e+02,6.521568407471811657e-01,3.653860000000000241e+02
6.510950540525402008e-01,3.592239999999999895e+02,6.529421663768441020e-01,3.653860000000000241e+02
6.518232229877332085e-01,3.591739999999999782e+02,6.536713973186739635e-01,3.653860000000000241e+02
6.525513919229261051e-01,3.591240000000000236e+02,6.543445335726706391e-01,3.654089999999999918e+02
6.532795608581191127e-01,3.591349999999999909e+02,6.550737645145005006e-01,3.654359999999999786e+02
6.542317817733713792e-01,3.591600000000000250e+02,6.558590901441633259e-01,3.654220000000000255e+02
6.549599507085643868e-01,3.591600000000000250e+02,6.565883210859931873e-01,3.653990000000000009e+02
6.559681846188315513e-01,3.591619999999999777e+02,6.573175520278229378e-01,3.654370000000000118e+02
6.566963535540245589e-01,3.591739999999999782e+02,6.582711617209849875e-01,3.653990000000000009e+02
6.574245224892174555e-01,3.591600000000000250e+02,6.590003926628147379e-01,3.653770000000000095e+02
6.580966784293956762e-01,3.591349999999999909e+02,6.597296236046445994e-01,3.654239999999999782e+02
6.588808603596033597e-01,3.591739999999999782e+02,6.604588545464743499e-01,3.653990000000000009e+02
6.596090292947963674e-01,3.591870000000000118e+02,6.611880854883043224e-01,3.653500000000000227e+02
6.603371982299893750e-01,3.591490000000000009e+02,6.621416951814662610e-01,3.653740000000000236e+02
6.611213801601971696e-01,3.591750000000000114e+02,6.629270208111290863e-01,3.653999999999999773e+02
6.620736010754495471e-01,3.591870000000000118e+02,6.636562517529589478e-01,3.653999999999999773e+02
6.627457570156276567e-01,3.591630000000000109e+02,6.646098614461211085e-01,3.654479999999999791e+02
6.634739259508205533e-01,3.591870000000000118e+02,6.653390923879508589e-01,3.654259999999999877e+02
6.642581078810283479e-01,3.591750000000000114e+02,6.662927020811129086e-01,3.654270000000000209e+02
6.652103287962807254e-01,3.591370000000000005e+02,6.670780277107757339e-01,3.653770000000000095e+02
6.659384977314736220e-01,3.591490000000000009e+02,6.680316374039378946e-01,3.653879999999999768e+02
6.668907186467259995e-01,3.591610000000000014e+02,6.687608683457676451e-01,3.654399999999999977e+02
6.676188875819190072e-01,3.591250000000000000e+02,6.697144780389296947e-01,3.653890000000000100e+02
6.684030695121268018e-01,3.591750000000000114e+02,6.704998036685925200e-01,3.653759999999999764e+02
6.693552904273790682e-01,3.591499999999999773e+02,6.714534133617546807e-01,3.653659999999999854e+02
6.700834593625720759e-01,3.590989999999999895e+02,6.721826443035844312e-01,3.653750000000000000e+02
6.708116282977650835e-01,3.591250000000000000e+02,6.731923486845795557e-01,3.653750000000000000e+02
6.715397972329580911e-01,3.591120000000000232e+02,6.738654849385762313e-01,3.653269999999999982e+02
6.722679661681509877e-01,3.591259999999999764e+02,6.748190946317382810e-01,3.653159999999999741e+02
6.732201870834033652e-01,3.591120000000000232e+02,6.755483255735681425e-01,3.653260000000000218e+02
6.740043690136111598e-01,3.590869999999999891e+02,6.766141246423963418e-01,3.653050000000000068e+02
6.749565899288635373e-01,3.591129999999999995e+02,6.772872608963931285e-01,3.653530000000000086e+02
6.756847588640564339e-01,3.590749999999999886e+02,6.780164918382228789e-01,3.653530000000000086e+02
6.764129277992494416e-01,3.590869999999999891e+02,6.790261962192180034e-01,3.653029999999999973e+02
6.771410967344423382e-01,3.591250000000000000e+02,6.796993324732147901e-01,3.653269999999999982e+02
6.778692656696353458e-01,3.591129999999999995e+02,6.804846581028776153e-01,3.653410000000000082e+02
6.788774995799025103e-01,3.590760000000000218e+02,6.814382677960396650e-01,3.653419999999999845e+02
6.796056685150954069e-01,3.591120000000000232e+02,6.821674987378695265e-01,3.653550000000000182e+02
6.805578894303477844e-01,3.591259999999999764e+02,6.828967296796992770e-01,3.653050000000000068e+02
6.812860583655407920e-01,3.591120000000000232e+02,6.839064340606944015e-01,3.653299999999999841e+02
6.820142273007337996e-01,3.591379999999999768e+02,6.846356650025242629e-01,3.653050000000000068e+02
6.827423962359266962e-01,3.591009999999999991e+02,6.855892746956863126e-01,3.652930000000000064e+02
6.834705651711197039e-01,3.591390000000000100e+02,6.865428843888483623e-01,3.653430000000000177e+02
6.844227860863719703e-01,3.591510000000000105e+02,6.873282100185111876e-01,3.653559999999999945e+02
6.852069680165798760e-01,3.591009999999999991e+02,6.880574409603410491e-01,3.653439999999999941e+02
6.858791239567578746e-01,3.591639999999999873e+02,6.890110506535030988e-01,3.653460000000000036e+02
6.868873578670251501e-01,3.591630000000000109e+02,6.897402815953328492e-01,3.653709999999999809e+02
6.876155268022180467e-01,3.591270000000000095e+02,6.904695125371627107e-01,3.653589999999999804e+02
6.885677477174704242e-01,3.591630000000000109e+02,6.911987434789924611e-01,3.653569999999999709e+02
6.893519296476782188e-01,3.591639999999999873e+02,6.921523531721546219e-01,3.653210000000000264e+02
6.900240855878564394e-01,3.591639999999999873e+02,6.929376788018174471e-01,3.653559999999999945e+02
6.907522545230493360e-01,3.591899999999999977e+02,6.936108150558142338e-01,3.653450000000000273e+02
6.918165014283313985e-01,3.591390000000000100e+02,6.946205194368092473e-01,3.653340000000000032e+02
6.924886573685093971e-01,3.591630000000000109e+02,6.953497503786391087e-01,3.653960000000000150e+02
6.932168263037024047e-01,3.592019999999999982e+02,6.963033600718011584e-01,3.653460000000000036e+02
6.939449952388954124e-01,3.591519999999999868e+02,6.970886857014639837e-01,3.653469999999999800e+02
6.949532291491625768e-01,3.591519999999999868e+02,6.977618219554607704e-01,3.653849999999999909e+02
6.956253850893406865e-01,3.591879999999999882e+02,6.987715263364560059e-01,3.653609999999999900e+02
6.964095670195484811e-01,3.591390000000000100e+02,6.995007572782857563e-01,3.653620000000000232e+02
6.971377359547414887e-01,3.591270000000000095e+02,7.002299882201155068e-01,3.653620000000000232e+02
6.978659048899343853e-01,3.591639999999999873e+02,7.011835979132775565e-01,3.653090000000000259e+02
6.988181258051868738e-01,3.591639999999999873e+02,7.019689235429403817e-01,3.653729999999999905e+02
6.995462947403797704e-01,3.591899999999999977e+02,7.026981544847702432e-01,3.653589999999999804e+02
7.004985156556321479e-01,3.591530000000000200e+02,7.033712907387670299e-01,3.653369999999999891e+02
7.012826975858398315e-01,3.591530000000000200e+02,7.043809951197621544e-01,3.653879999999999768e+02
7.020108665210328391e-01,3.591770000000000209e+02,7.051102260615919048e-01,3.654119999999999777e+02
7.027390354562257357e-01,3.591270000000000095e+02,7.058394570034217663e-01,3.653759999999999764e+02
7.036912563714782243e-01,3.591399999999999864e+02,7.065686879452515168e-01,3.653860000000000241e+02
7.044194253066711209e-01,3.591789999999999736e+02,7.072979188870813783e-01,3.653870000000000005e+02
7.051475942418641285e-01,3.591030000000000086e+02,7.080271498289111287e-01,3.653779999999999859e+02
7.060998151571163950e-01,3.590899999999999750e+02,7.090368542099063642e-01,3.654110000000000014e+02
7.068839970873241896e-01,3.590640000000000214e+02,7.097660851517361147e-01,3.653740000000000236e+02
7.075561530275022992e-01,3.590649999999999977e+02,7.104392214057327903e-01,3.653530000000000086e+02
7.085643869377695747e-01,3.591030000000000086e+02,7.112245470353957266e-01,3.653770000000000095e+02
7.092925558729624713e-01,3.590899999999999750e+02,7.119537779772255881e-01,3.653770000000000095e+02
7.100207248081554789e-01,3.590790000000000077e+02,7.129073876703875268e-01,3.653779999999999859e+02
7.110289587184226434e-01,3.591419999999999959e+02,7.136366186122173882e-01,3.654139999999999873e+02
7.119811796336750209e-01,3.590790000000000077e+02,7.146463229932125127e-01,3.653759999999999764e+02
7.127093485688679175e-01,3.590790000000000077e+02,7.153194592472092994e-01,3.653399999999999750e+02
7.137175824791351930e-01,3.591539999999999964e+02,7.160486901890390499e-01,3.653269999999999982e+02
7.144457514143282006e-01,3.590409999999999968e+02,7.168340158187019862e-01,3.653279999999999745e+02
7.151179073545061993e-01,3.590919999999999845e+02,7.177876255118639248e-01,3.653299999999999841e+02
7.160701282697585768e-01,3.591039999999999850e+02,7.185168564536937863e-01,3.653269999999999982e+02
7.168543101999663714e-01,3.590289999999999964e+02,7.192460873955235368e-01,3.652789999999999964e+02
7.178065311152186379e-01,3.590799999999999841e+02,7.201996970886856975e-01,3.653290000000000077e+02
7.188147650254859133e-01,3.590419999999999732e+02,7.209850227183485227e-01,3.653279999999999745e+02
7.194869209656640230e-01,3.590299999999999727e+02,7.217142536601783842e-01,3.653269999999999982e+02
7.204951548759311875e-01,3.591179999999999950e+02,7.223873899141750599e-01,3.653410000000000082e+02
7.215033887861983519e-01,3.590299999999999727e+02,7.233970942951702954e-01,3.653779999999999859e+02
7.221755447263765726e-01,3.590799999999999841e+02,7.241263252370000458e-01,3.653159999999999741e+02
7.229597266565842562e-01,3.591170000000000186e+02,7.248555561788299073e-01,3.653550000000000182e+02
7.236878955917772638e-01,3.589800000000000182e+02,7.258091658719918460e-01,3.653299999999999841e+02
7.246401165070295303e-01,3.589909999999999854e+02,7.265944915016547823e-01,3.653190000000000168e+02
7.253682854422225379e-01,3.590040000000000191e+02,7.273237224434845327e-01,3.653550000000000182e+02
7.260964543774155455e-01,3.590059999999999718e+02,7.282773321366466934e-01,3.652919999999999732e+02
7.271046882876827100e-01,3.590670000000000073e+02,7.290065630784764439e-01,3.653170000000000073e+02
7.277768442278608196e-01,3.590559999999999832e+02,7.297357940203063054e-01,3.653790000000000191e+02
7.287850781381279841e-01,3.590059999999999718e+02,7.306894037134682440e-01,3.653059999999999832e+02
7.295132470733209917e-01,3.590930000000000177e+02,7.314747293431311803e-01,3.653190000000000168e+02
7.305214809835881562e-01,3.590430000000000064e+02,7.324283390362932300e-01,3.653919999999999959e+02
7.312496499187811638e-01,3.590179999999999723e+02,7.331014752902900167e-01,3.652830000000000155e+02
7.322018708340334303e-01,3.590690000000000168e+02,7.341672743591181050e-01,3.653310000000000173e+02
7.329300397692264379e-01,3.589940000000000282e+02,7.348965053009479664e-01,3.653310000000000173e+02
7.336582087044194456e-01,3.590319999999999823e+02,7.356257362427778279e-01,3.652950000000000159e+02
7.346104296196717121e-01,3.590319999999999823e+02,7.365793459359398776e-01,3.653220000000000027e+02
7.353946115498795066e-01,3.589940000000000282e+02,7.373085768777696281e-01,3.652850000000000250e+02
7.360667674900576163e-01,3.590570000000000164e+02,7.382621865709316777e-01,3.652370000000000232e+02
7.370189884053099938e-01,3.590570000000000164e+02,7.390475122005946140e-01,3.653360000000000127e+02
7.378031703355178994e-01,3.589689999999999941e+02,7.400011218937566637e-01,3.652980000000000018e+02
7.384753262756958980e-01,3.590319999999999823e+02,7.407303528355864142e-01,3.652860000000000014e+02
7.392595082059038036e-01,3.590190000000000055e+02,7.416839625287484639e-01,3.653600000000000136e+02
7.402117291211560701e-01,3.589700000000000273e+02,7.424131934705783253e-01,3.652869999999999777e+02
7.409398980563490777e-01,3.590330000000000155e+02,7.434228978515734498e-01,3.652880000000000109e+02
7.419481319666162422e-01,3.590079999999999814e+02,7.440960341055702365e-01,3.653120000000000118e+02
7.426763009018092498e-01,3.589580000000000268e+02,7.448813597352330618e-01,3.652500000000000000e+02
7.436285218170615163e-01,3.590330000000000155e+02,7.458349694283951115e-01,3.653260000000000218e+02
7.443566907522545240e-01,3.589839999999999804e+02,7.465642003702248619e-01,3.653380000000000223e+02
7.453089116675067904e-01,3.589830000000000041e+02,7.472934313120547234e-01,3.652280000000000086e+02
7.460930935977146961e-01,3.590960000000000036e+02,7.483031356930498479e-01,3.653380000000000223e+02
7.468212625329075927e-01,3.590090000000000146e+02,7.490323666348795983e-01,3.653269999999999982e+02
7.477734834481599702e-01,3.590710000000000264e+02,7.499859763280416480e-01,3.652769999999999868e+02
7.485016523833528668e-01,3.591209999999999809e+02,7.507152072698715095e-01,3.653890000000000100e+02
7.495098862936201423e-01,3.590210000000000150e+02,7.516688169630335592e-01,3.653650000000000091e+02
7.502380552288130389e-01,3.591100000000000136e+02,7.523980479048634207e-01,3.652660000000000196e+02
7.511902761440654164e-01,3.590960000000000036e+02,7.531833735345262459e-01,3.653399999999999750e+02
7.519744580742732110e-01,3.590219999999999914e+02,7.541369832276884067e-01,3.652919999999999732e+02
7.526466140144513206e-01,3.590720000000000027e+02,7.548662141695181571e-01,3.652810000000000059e+02
7.535988349297036981e-01,3.590470000000000255e+02,7.558198238626802068e-01,3.653519999999999754e+02
7.543830168599114927e-01,3.590099999999999909e+02,7.565490548045099573e-01,3.652409999999999854e+02
7.553352377751637592e-01,3.590840000000000032e+02,7.575587591855051928e-01,3.652300000000000182e+02
7.560634067103567668e-01,3.590470000000000255e+02,7.582879901273349432e-01,3.653539999999999850e+02
7.570156276256091443e-01,3.590350000000000250e+02,7.592415998204969929e-01,3.652189999999999941e+02
7.577998095558169389e-01,3.591349999999999909e+02,7.600269254501598182e-01,3.652579999999999814e+02
7.587520304710692054e-01,3.590459999999999923e+02,7.607000617041566048e-01,3.653199999999999932e+02
7.594801994062622130e-01,3.590219999999999914e+02,7.617097660851517293e-01,3.652090000000000032e+02
7.604324203215145905e-01,3.590350000000000250e+02,7.623829023391484050e-01,3.652559999999999718e+02
7.611605892567075982e-01,3.589859999999999900e+02,7.633926067201435295e-01,3.652450000000000045e+02
7.618887581919004948e-01,3.590360000000000014e+02,7.641218376619733910e-01,3.651709999999999923e+02
7.628409791071528723e-01,3.590360000000000014e+02,7.650754473551354407e-01,3.652690000000000055e+02
7.635691480423457689e-01,3.589850000000000136e+02,7.660851517361305651e-01,3.652579999999999814e+02
7.643533299725536745e-01,3.591109999999999900e+02,7.668143826779603156e-01,3.651850000000000023e+02
7.653055508878059410e-01,3.591109999999999900e+02,7.678240870589555511e-01,3.652959999999999923e+02
7.660337198229989486e-01,3.589970000000000141e+02,7.684972233129522268e-01,3.652699999999999818e+02
7.667618887581918452e-01,3.590729999999999791e+02,7.695069276939473513e-01,3.652219999999999800e+02
7.677141096734442227e-01,3.590720000000000027e+02,7.702361586357771017e-01,3.652819999999999823e+02
7.684422786086371193e-01,3.589850000000000136e+02,7.711897683289391514e-01,3.652339999999999804e+02
7.694505125189043948e-01,3.590240000000000009e+02,7.719189992707690129e-01,3.652339999999999804e+02
7.701786814540972914e-01,3.589859999999999900e+02,7.729287036517641374e-01,3.652719999999999914e+02
7.711869153643645669e-01,3.589859999999999900e+02,7.736579345935939989e-01,3.651870000000000118e+02
7.720831232846020464e-01,3.590369999999999777e+02,7.743871655354237493e-01,3.652479999999999905e+02
7.728673052148098410e-01,3.589859999999999900e+02,7.753407752285857990e-01,3.652850000000000250e+02
7.738195261300621075e-01,3.590240000000000009e+02,7.760700061704156605e-01,3.651739999999999782e+02
7.745476950652551151e-01,3.590620000000000118e+02,7.770797105514107850e-01,3.652219999999999800e+02
7.752758640004480117e-01,3.589979999999999905e+02,7.778089414932405354e-01,3.652850000000000250e+02
7.762280849157005003e-01,3.589730000000000132e+02,7.787625511864025851e-01,3.651750000000000114e+02
7.770122668459081838e-01,3.589990000000000236e+02,7.794917821282324466e-01,3.652250000000000227e+02
7.780205007561754593e-01,3.589479999999999791e+02,7.805014865092275711e-01,3.652370000000000232e+02
7.786926566963534579e-01,3.589730000000000132e+02,7.812307174510573216e-01,3.651759999999999877e+02
7.796448776116059465e-01,3.589370000000000118e+02,7.819599483928871830e-01,3.651990000000000123e+02
7.805970985268582130e-01,3.589239999999999782e+02,7.830818421495484571e-01,3.651890000000000214e+02
7.813812804570660075e-01,3.589870000000000232e+02,7.838110730913782076e-01,3.651379999999999768e+02
7.823895143673331720e-01,3.589490000000000123e+02,7.848207774723733321e-01,3.652130000000000223e+02
7.830616703075113927e-01,3.589870000000000232e+02,7.855500084142030826e-01,3.652269999999999754e+02
7.837898392427042893e-01,3.590249999999999773e+02,7.865036181073652433e-01,3.651530000000000200e+02
7.847980731529714538e-01,3.589619999999999891e+02,7.872328490491949937e-01,3.652139999999999986e+02
7.857502940682238313e-01,3.589990000000000236e+02,7.882425534301901182e-01,3.652370000000000232e+02
7.867585279784909957e-01,3.589630000000000223e+02,7.889717843720198687e-01,3.651519999999999868e+02
7.874866969136838923e-01,3.589739999999999895e+02,7.899253940651820294e-01,3.651770000000000209e+02
7.884389178289362698e-01,3.589750000000000227e+02,7.906546250070118909e-01,3.651879999999999882e+02
7.891670867641292775e-01,3.588999999999999773e+02,7.916643293880069043e-01,3.651410000000000196e+02
7.901753206743964419e-01,3.589499999999999886e+02,7.923935603298366548e-01,3.651890000000000214e+02
7.908474766145745516e-01,3.589739999999999895e+02,7.933471700229988155e-01,3.651410000000000196e+02
7.918557105248417161e-01,3.589499999999999886e+02,7.943568744039939400e-01,3.652269999999999754e+02
7.928079314400940936e-01,3.589879999999999995e+02,7.950861053458236904e-01,3.652869999999999777e+02
7.935361003752869902e-01,3.589879999999999995e+02,7.960397150389858512e-01,3.651999999999999886e+02
7.945443342855542657e-01,3.590140000000000100e+02,7.967689459808156016e-01,3.652280000000000086e+02
7.952725032207471623e-01,3.590249999999999773e+02,7.977786503618107261e-01,3.652389999999999759e+02
7.962247241359995398e-01,3.589379999999999882e+02,7.985639759914736624e-01,3.651779999999999973e+02
7.969528930711924364e-01,3.588870000000000005e+02,7.995175856846356011e-01,3.651650000000000205e+02
7.976810620063854440e-01,3.589250000000000114e+02,8.001907219386323877e-01,3.651519999999999868e+02
7.986892959166526085e-01,3.588759999999999764e+02,8.012004263196275122e-01,3.651299999999999955e+02
7.993614518568308291e-01,3.588750000000000000e+02,8.019296572614572627e-01,3.651890000000000214e+02
8.004256987621127806e-01,3.589510000000000218e+02,8.029393616424523872e-01,3.652019999999999982e+02
8.010978547022908902e-01,3.589130000000000109e+02,8.036685925842822487e-01,3.651909999999999741e+02
8.018260236374838978e-01,3.588999999999999773e+02,8.043978235261119991e-01,3.652649999999999864e+02
8.027782445527362754e-01,3.589379999999999882e+02,8.053514332192740488e-01,3.652649999999999864e+02
8.035064134879291720e-01,3.588879999999999768e+02,8.060806641611039103e-01,3.651659999999999968e+02
8.045146473981963364e-01,3.589139999999999873e+02,8.068098951029336607e-01,3.651549999999999727e+02
8.054668683134487139e-01,3.589379999999999882e+02,8.077635047960958214e-01,3.651899999999999977e+02
8.061950372486417216e-01,3.588009999999999877e+02,8.084927357379255719e-01,3.651390000000000100e+02
8.072032711589087750e-01,3.588500000000000227e+02,8.094463454310876216e-01,3.651530000000000200e+02
8.079314400941017826e-01,3.588890000000000100e+02,8.101755763729174831e-01,3.651759999999999877e+02
8.086596090292947903e-01,3.588389999999999986e+02,8.111852807539126076e-01,3.652029999999999745e+02
8.096118299445471678e-01,3.588879999999999768e+02,8.121949851349076210e-01,3.652149999999999750e+02
8.103960118747549624e-01,3.589010000000000105e+02,8.129242160767375935e-01,3.652640000000000100e+02
8.113482327900072288e-01,3.588389999999999986e+02,8.138778257698995322e-01,3.652409999999999854e+02
8.120764017252002365e-01,3.588750000000000000e+02,8.146070567117293937e-01,3.652400000000000091e+02
8.130286226404526140e-01,3.588759999999999764e+02,8.155606664048914434e-01,3.652889999999999873e+02
8.140368565507196674e-01,3.588509999999999991e+02,8.162898973467211938e-01,3.651909999999999741e+02
8.147650254859126751e-01,3.588999999999999773e+02,8.172996017277163183e-01,3.651779999999999973e+02
8.157172464011650526e-01,3.588879999999999768e+02,8.180288326695461798e-01,3.653000000000000114e+02
8.167254803114322170e-01,3.588249999999999886e+02,8.189824423627082295e-01,3.652139999999999986e+02
8.174536492466251136e-01,3.588750000000000000e+02,8.197116733045379799e-01,3.651779999999999973e+02
8.184058701618776022e-01,3.588870000000000005e+02,8.207213776855331044e-01,3.652500000000000000e+02
8.191340390970704988e-01,3.588500000000000227e+02,8.214506086273629659e-01,3.651779999999999973e+02
8.200862600123228763e-01,3.588629999999999995e+02,8.224603130083580904e-01,3.652019999999999982e+02
8.208704419425305598e-01,3.588750000000000000e+02,8.231895439501879519e-01,3.652500000000000000e+02
8.218226628577830484e-01,3.588249999999999886e+02,8.241431536433500016e-01,3.651279999999999859e+02
8.225508317929759450e-01,3.588750000000000000e+02,8.248723845851797520e-01,3.652289999999999850e+02
8.235030527082283225e-01,3.588369999999999891e+02,8.258820889661748765e-01,3.652880000000000109e+02
8.244552736234805890e-01,3.588369999999999891e+02,8.266113199080047380e-01,3.651669999999999732e+02
8.252394555536884946e-01,3.589119999999999777e+02,8.275649296011667877e-01,3.652139999999999986e+02
8.261916764689407611e-01,3.588369999999999891e+02,8.285746339821619122e-01,3.652269999999999754e+02
8.269198454041337687e-01,3.587989999999999782e+02,8.292477702361585878e-01,3.651619999999999777e+02
8.279280793144009332e-01,3.588750000000000000e+02,8.302013799293207486e-01,3.652149999999999750e+02
8.286002352545790428e-01,3.588360000000000127e+02,8.312110843103157620e-01,3.651759999999999877e+02
8.296084691648462073e-01,3.588229999999999791e+02,8.319403152521455125e-01,3.651890000000000214e+02
8.306167030751134828e-01,3.588360000000000127e+02,8.328939249453076732e-01,3.652139999999999986e+02
8.312888590152914814e-01,3.588240000000000123e+02,8.336792505749704985e-01,3.651879999999999882e+02
8.325211449056180157e-01,3.588870000000000005e+02,8.346328602681325481e-01,3.652010000000000218e+02
8.332493138408110234e-01,3.589359999999999786e+02,8.353620912099622986e-01,3.652370000000000232e+02
8.342575477510781878e-01,3.588620000000000232e+02,8.363157009031244593e-01,3.652479999999999905e+02
8.352097686663305653e-01,3.588729999999999905e+02,8.370449318449543208e-01,3.652119999999999891e+02
8.359379376015234620e-01,3.588609999999999900e+02,8.380546362259493343e-01,3.651519999999999868e+02
8.369461715117907374e-01,3.587610000000000241e+02,8.387838671677791957e-01,3.651870000000000118e+02
8.378983924270430039e-01,3.587860000000000014e+02,8.397374768609412454e-01,3.651859999999999786e+02
8.386265613622360116e-01,3.588480000000000132e+02,8.405228024906040707e-01,3.651360000000000241e+02
8.395787822774883891e-01,3.588609999999999900e+02,8.414764121837661204e-01,3.651619999999999777e+02
8.403069512126813967e-01,3.588609999999999900e+02,8.421495484377629070e-01,3.651739999999999782e+02
8.413151851229484501e-01,3.588600000000000136e+02,8.431592528187580315e-01,3.651379999999999768e+02
8.422674060382008276e-01,3.588849999999999909e+02,8.439445784484208568e-01,3.651739999999999782e+02
8.430515879684086222e-01,3.588849999999999909e+02,8.448420934537499427e-01,3.651490000000000009e+02
8.442278608637202586e-01,3.588969999999999914e+02,8.455713243955796932e-01,3.651100000000000136e+02
8.449560297989133772e-01,3.588349999999999795e+02,8.465249340887417429e-01,3.651829999999999927e+02
8.459082507141656437e-01,3.588210000000000264e+02,8.473102597184046791e-01,3.651080000000000041e+02
8.469164846244328082e-01,3.589100000000000250e+02,8.483199640993996926e-01,3.650219999999999914e+02
8.476446535596257048e-01,3.588220000000000027e+02,8.489931003533964793e-01,3.650950000000000273e+02
8.486528874698929803e-01,3.588720000000000141e+02,8.500028047343916038e-01,3.651320000000000050e+02
8.496051083851452468e-01,3.589449999999999932e+02,8.506759409883882794e-01,3.650860000000000127e+02
8.505573293003977353e-01,3.588469999999999800e+02,8.516856453693835149e-01,3.651349999999999909e+02
8.512854982355906319e-01,3.589599999999999795e+02,8.526953497503786394e-01,3.651440000000000055e+02
8.522937321458577964e-01,3.589470000000000027e+02,8.534245806922083899e-01,3.651320000000000050e+02
8.529658880860359060e-01,3.589350000000000023e+02,8.543781903853704396e-01,3.651789999999999736e+02
8.539741219963031815e-01,3.589959999999999809e+02,8.551074213272003011e-01,3.651159999999999854e+02
8.549263429115554480e-01,3.588960000000000150e+02,8.560610310203622397e-01,3.651200000000000045e+02
8.556545118467484556e-01,3.588840000000000146e+02,8.568463566500251760e-01,3.651920000000000073e+02
8.566067327620007221e-01,3.589580000000000268e+02,8.577999663431872257e-01,3.651669999999999732e+02
8.573909146922086277e-01,3.589089999999999918e+02,8.585291972850170872e-01,3.650950000000000273e+02
8.583431356074608942e-01,3.589089999999999918e+02,8.594828069781791369e-01,3.651159999999999854e+02
8.590713045426539018e-01,3.589590000000000032e+02,8.602120379200089983e-01,3.651899999999999977e+02
8.600235254579061683e-01,3.589710000000000036e+02,8.612217423010040118e-01,3.651899999999999977e+02
8.608077073881140739e-01,3.589959999999999809e+02,8.622314466819992473e-01,3.651539999999999964e+02
8.617599283033663404e-01,3.589700000000000273e+02,8.631850563751611860e-01,3.651899999999999977e+02
8.627681622136336159e-01,3.589839999999999804e+02,8.638581926291579727e-01,3.651789999999999736e+02
8.634963311488265125e-01,3.589580000000000268e+02,8.648678970101530972e-01,3.652010000000000218e+02
8.644485520640787790e-01,3.589320000000000164e+02,8.655971279519828476e-01,3.652250000000000227e+02
8.654007729793311565e-01,3.589580000000000268e+02,8.665507376451450083e-01,3.651639999999999873e+02
8.664090068895983210e-01,3.589080000000000155e+02,8.672799685869747588e-01,3.651519999999999868e+02
8.673612278048506985e-01,3.589449999999999932e+02,8.682896729679698833e-01,3.651999999999999886e+02
8.683134487201030760e-01,3.589569999999999936e+02,8.692432826611319330e-01,3.650790000000000077e+02
8.690416176552960836e-01,3.588439999999999941e+02,8.699725136029617945e-01,3.651129999999999995e+02
8.700498515655631371e-01,3.588700000000000045e+02,8.709822179839568079e-01,3.651899999999999977e+02
8.710020724808155146e-01,3.589329999999999927e+02,8.719358276771189686e-01,3.651519999999999868e+02
8.717302414160085222e-01,3.588820000000000050e+02,8.726650586189487191e-01,3.651610000000000014e+02
8.727384753262756867e-01,3.589189999999999827e+02,8.736186683121107688e-01,3.651840000000000259e+02
8.734666442614685833e-01,3.589440000000000168e+02,8.743478992539406303e-01,3.651469999999999914e+02
8.744188651767209608e-01,3.589320000000000164e+02,8.753576036349357548e-01,3.651850000000000023e+02
8.754270990869881253e-01,3.589440000000000168e+02,8.760868345767656162e-01,3.652099999999999795e+02
8.763793200022405028e-01,3.589069999999999823e+02,8.770404442699275549e-01,3.651460000000000150e+02
8.771074889374335104e-01,3.588439999999999941e+02,8.778257698995903802e-01,3.651229999999999905e+02
8.780597098526857769e-01,3.588929999999999723e+02,8.787793795927525409e-01,3.651360000000000241e+02
8.790119307679381544e-01,3.589440000000000168e+02,8.795086105345824024e-01,3.650840000000000032e+02
8.797961126981459490e-01,3.588570000000000277e+02,8.804622202277443410e-01,3.650230000000000246e+02
8.807483336133983265e-01,3.589069999999999823e+02,8.814158299209063907e-01,3.650219999999999914e+02
8.817005545286505930e-01,3.589569999999999936e+02,8.824255343019015152e-01,3.650699999999999932e+02
8.827087884389178685e-01,3.588929999999999723e+02,8.831547652437313767e-01,3.650849999999999795e+02
8.834369573741107651e-01,3.589060000000000059e+02,8.841083749368934264e-01,3.650849999999999795e+02
8.843891782893631426e-01,3.589180000000000064e+02,8.851180793178885509e-01,3.651680000000000064e+02
8.853974121996303071e-01,3.588929999999999723e+02,8.860716890110506005e-01,3.651460000000000150e+02
8.861255811348233147e-01,3.588809999999999718e+02,8.870813933920457250e-01,3.651069999999999709e+02
8.870778020500755812e-01,3.588690000000000282e+02,8.878106243338755865e-01,3.650670000000000073e+02
8.880300229653278477e-01,3.588299999999999841e+02,8.887642340270375252e-01,3.650079999999999814e+02
8.890382568755951231e-01,3.588690000000000282e+02,8.894934649688673867e-01,3.650799999999999841e+02
8.897664258107880197e-01,3.589309999999999832e+02,8.905031693498625112e-01,3.651320000000000050e+02
8.907186467260403973e-01,3.588559999999999945e+02,8.914567790430245608e-01,3.650310000000000059e+02
8.917268806363075617e-01,3.587669999999999959e+02,8.921860099848543113e-01,3.651050000000000182e+02
8.926791015515599392e-01,3.588679999999999950e+02,8.931957143658495468e-01,3.651700000000000159e+02
8.934072704867528358e-01,3.588050000000000068e+02,8.941493240590115965e-01,3.650919999999999845e+02
8.944155043970201113e-01,3.587930000000000064e+02,8.948785550008413470e-01,3.651290000000000191e+02
8.953677253122723778e-01,3.588419999999999845e+02,8.958882593818364715e-01,3.651539999999999964e+02
8.963199462275246443e-01,3.588039999999999736e+02,8.965613956358332581e-01,3.651170000000000186e+02
8.971041281577324389e-01,3.588799999999999955e+02,8.975150053289953078e-01,3.651909999999999741e+02
8.980563490729849274e-01,3.588670000000000186e+02,8.985247097099904323e-01,3.651639999999999873e+02
8.990085699882373049e-01,3.587660000000000196e+02,8.992539406518201828e-01,3.650910000000000082e+02
9.000168038985044694e-01,3.588170000000000073e+02,9.002075503449822325e-01,3.651170000000000186e+02
9.009690248137568469e-01,3.588299999999999841e+02,9.012172547259773570e-01,3.651659999999999968e+02
9.019212457290091134e-01,3.587909999999999968e+02,9.021708644191394066e-01,3.651390000000000100e+02
9.026494146642020100e-01,3.587540000000000191e+02,9.029000953609692681e-01,3.650409999999999968e+02
9.036576485744691745e-01,3.587789999999999964e+02,9.039097997419643926e-01,3.650539999999999736e+02
9.043858175096622931e-01,3.588410000000000082e+02,9.048634094351264423e-01,3.651019999999999754e+02
9.053940514199294576e-01,3.588430000000000177e+02,9.058170191282884920e-01,3.650419999999999732e+02
9.063462723351818351e-01,3.588539999999999850e+02,9.066023447579513173e-01,3.650779999999999745e+02
9.072984932504341016e-01,3.588539999999999850e+02,9.075559544511133669e-01,3.651019999999999754e+02
9.082507141656863681e-01,3.588159999999999741e+02,9.082851853929432284e-01,3.650889999999999986e+02
9.089788831008794867e-01,3.588550000000000182e+02,9.092387950861052781e-01,3.651139999999999759e+02
9.099871170111464291e-01,3.587909999999999968e+02,9.101924047792673278e-01,3.650760000000000218e+02
9.107152859463395478e-01,3.587540000000000191e+02,9.109777304089301531e-01,3.650249999999999773e+02
9.116675068615918143e-01,3.588290000000000077e+02,9.119313401020924248e-01,3.650380000000000109e+02
9.123956757967849329e-01,3.588399999999999750e+02,9.128849497952543635e-01,3.650620000000000118e+02
9.134039097070518753e-01,3.588029999999999973e+02,9.138946541762495990e-01,3.649870000000000232e+02
9.141320786422449940e-01,3.588159999999999741e+02,9.148482638694115376e-01,3.649889999999999759e+02
9.150842995574972605e-01,3.588659999999999854e+02,9.155774948112412881e-01,3.650629999999999882e+02
9.160365204727496380e-01,3.588539999999999850e+02,9.165871991922364126e-01,3.650380000000000109e+02
9.167646894079426456e-01,3.588149999999999977e+02,9.175408088853984623e-01,3.650249999999999773e+02
9.177729233182099211e-01,3.588159999999999741e+02,9.182700398272284348e-01,3.650480000000000018e+02
9.187811572284768635e-01,3.588290000000000077e+02,9.192236495203903734e-01,3.650480000000000018e+02
9.197333781437294631e-01,3.588410000000000082e+02,9.199528804622201239e-01,3.650380000000000109e+02
9.204615470789222487e-01,3.588659999999999854e+02,9.209625848432152484e-01,3.650230000000000246e+02
9.214697809891895242e-01,3.588410000000000082e+02,9.219722892242103729e-01,3.649630000000000223e+02
9.221419369293676338e-01,3.587900000000000205e+02,9.229258989173724226e-01,3.649619999999999891e+02
9.231501708396349093e-01,3.588410000000000082e+02,9.236551298592023951e-01,3.650369999999999777e+02
9.241584047499018517e-01,3.588899999999999864e+02,9.246648342401975196e-01,3.650480000000000018e+02
9.248305606900800724e-01,3.588140000000000214e+02,9.256184439333595693e-01,3.649599999999999795e+02
9.258387946003472369e-01,3.588149999999999977e+02,9.263476748751892087e-01,3.649599999999999795e+02
9.267910155155995033e-01,3.588790000000000191e+02,9.273012845683512584e-01,3.650110000000000241e+02
9.277432364308518808e-01,3.588910000000000196e+02,9.282548942615133081e-01,3.650450000000000159e+02
9.287514703411190453e-01,3.588779999999999859e+02,9.290402198911763554e-01,3.650079999999999814e+02
9.294796392763121640e-01,3.589030000000000200e+02,9.299938295843384051e-01,3.650079999999999814e+02
9.304318601915644305e-01,3.589030000000000200e+02,9.307230605261680445e-01,3.650330000000000155e+02
9.314400941018317059e-01,3.588899999999999864e+02,9.316766702193303162e-01,3.650210000000000150e+02
9.323923150170839724e-01,3.588899999999999864e+02,9.326863746003252187e-01,3.650810000000000173e+02
9.333445359323362389e-01,3.588149999999999977e+02,9.336960789813204542e-01,3.649959999999999809e+02
9.340727048675291355e-01,3.588140000000000214e+02,9.345935939866495401e-01,3.649580000000000268e+02
9.350809387777964110e-01,3.588770000000000095e+02,9.356032983676444426e-01,3.650799999999999841e+02
9.360331596930486775e-01,3.588890000000000100e+02,9.363325293094744151e-01,3.650450000000000159e+02
9.368173416232566941e-01,3.588519999999999754e+02,9.372861390026363537e-01,3.650190000000000055e+02
9.377695625385089606e-01,3.588399999999999750e+02,9.382958433836315892e-01,3.650690000000000168e+02
9.387217834537612271e-01,3.588519999999999754e+02,9.390250743254612287e-01,3.651309999999999718e+02
9.396740043690136046e-01,3.588899999999999864e+02,9.399786840186235004e-01,3.651530000000000200e+02
9.406822382792807691e-01,3.588509999999999991e+02,9.409322937117855501e-01,3.651159999999999854e+02
9.413543942194589897e-01,3.588750000000000000e+02,9.419419980927806746e-01,3.651279999999999859e+02
9.424186411247408302e-01,3.588129999999999882e+02,9.426712290346103140e-01,3.651299999999999955e+02
9.433708620399932077e-01,3.588009999999999877e+02,9.436809334156055495e-01,3.651179999999999950e+02
9.443230829552456962e-01,3.588260000000000218e+02,9.444101643574351890e-01,3.651560000000000059e+02
9.450512518904385928e-01,3.587370000000000232e+02,9.453637740505974607e-01,3.651279999999999859e+02
9.460594858007057573e-01,3.587620000000000005e+02,9.463734784315923632e-01,3.650269999999999868e+02
9.470117067159580238e-01,3.588249999999999886e+02,9.475514668760867121e-01,3.651410000000000196e+02
9.479639276312104013e-01,3.588500000000000227e+02,9.485050765692487618e-01,3.651399999999999864e+02
9.486920965664034089e-01,3.588120000000000118e+02,9.495147809502439973e-01,3.651039999999999850e+02
9.496443174816557864e-01,3.588129999999999882e+02,9.502440118920738588e-01,3.650899999999999750e+02
9.506525513919229509e-01,3.588999999999999773e+02,9.512537162730687612e-01,3.651650000000000205e+02
9.516047723071753284e-01,3.588879999999999768e+02,9.522073259662310329e-01,3.651279999999999859e+02
9.526130062174424928e-01,3.588860000000000241e+02,9.531609356593930826e-01,3.651030000000000086e+02
9.535652271326947593e-01,3.588870000000000005e+02,9.541706400403882071e-01,3.651779999999999973e+02
9.545734610429620348e-01,3.587989999999999782e+02,9.551242497335502568e-01,3.650930000000000177e+02
9.553016299781549314e-01,3.588609999999999900e+02,9.558534806753800073e-01,3.651530000000000200e+02
9.562538508934071979e-01,3.588240000000000123e+02,9.568070903685419459e-01,3.651270000000000095e+02
9.574301237887189453e-01,3.587989999999999782e+02,9.577607000617042177e-01,3.650380000000000109e+02
9.583823447039712118e-01,3.588360000000000127e+02,9.585460256913670429e-01,3.650760000000000218e+02
9.593345656192235893e-01,3.588740000000000236e+02,9.594996353845290926e-01,3.650880000000000223e+02
9.603427995294907538e-01,3.588740000000000236e+02,9.604532450776911423e-01,3.651259999999999764e+02
9.613510334397580293e-01,3.588229999999999791e+02,9.612385707073539676e-01,3.650509999999999877e+02
9.623032543550102957e-01,3.588990000000000009e+02,9.621921804005159062e-01,3.650620000000000118e+02
9.630314232902034144e-01,3.589499999999999886e+02,9.629214113423458787e-01,3.651730000000000018e+02
9.639836442054556809e-01,3.588609999999999900e+02,9.638750210355079284e-01,3.651379999999999768e+02
9.649918781157229564e-01,3.588740000000000236e+02,9.648286307286698671e-01,3.650989999999999895e+02
9.659440990309752229e-01,3.588360000000000127e+02,9.658383351096651026e-01,3.651229999999999905e+02
9.666722679661681195e-01,3.587980000000000018e+02,9.667919448028271523e-01,3.650989999999999895e+02
9.676805018764352839e-01,3.588860000000000241e+02,9.678016491838222768e-01,3.651000000000000227e+02
9.686327227916875504e-01,3.588480000000000132e+02,9.687552588769843265e-01,3.650620000000000118e+02
9.696409567019548259e-01,3.588229999999999791e+02,9.697088685701462651e-01,3.650350000000000250e+02
9.705931776172070924e-01,3.588340000000000032e+02,9.704941941998092014e-01,3.650230000000000246e+02
9.717694505125188398e-01,3.588729999999999905e+02,9.714478038929713621e-01,3.650620000000000118e+02
9.727216714277712173e-01,3.588220000000000027e+02,9.726818870252986748e-01,3.651340000000000146e+02
9.734498403629642249e-01,3.588360000000000127e+02,9.736354967184607245e-01,3.650210000000000150e+02
9.744580742732312784e-01,3.588589999999999804e+02,9.745891064116226632e-01,3.650350000000000250e+02
9.754102951884837669e-01,3.589230000000000018e+02,9.755427161047847129e-01,3.651460000000000150e+02
9.764185290987508203e-01,3.589230000000000018e+02,9.763280417344477602e-01,3.650710000000000264e+02
9.771466980339438280e-01,3.588729999999999905e+02,9.772816514276098099e-01,3.650819999999999936e+02
9.780989189491962055e-01,3.588860000000000241e+02,9.782913558086049344e-01,3.650350000000000250e+02
9.791071528594633699e-01,3.588340000000000032e+02,9.792449655017669841e-01,3.650439999999999827e+02
9.800593737747157475e-01,3.588480000000000132e+02,9.802546698827621086e-01,3.650830000000000268e+02
9.810115946899680139e-01,3.588980000000000246e+02,9.812082795759241582e-01,3.650570000000000164e+02
9.820198286002351784e-01,3.587959999999999923e+02,9.819375105177539087e-01,3.650550000000000068e+02
9.829720495154875559e-01,3.588079999999999927e+02,9.828911202109158474e-01,3.649920000000000186e+02
9.839242704307398224e-01,3.588720000000000141e+02,9.838447299040781191e-01,3.650550000000000068e+02
9.849325043410070979e-01,3.588330000000000268e+02,9.849105289729062074e-01,3.651549999999999727e+02
9.858847252562593644e-01,3.588600000000000136e+02,9.858641386660682571e-01,3.650400000000000205e+02
9.868929591665266399e-01,3.588330000000000268e+02,9.868177483592303068e-01,3.651050000000000182e+02
9.878451800817789064e-01,3.588960000000000150e+02,9.877713580523924675e-01,3.651299999999999955e+02
9.888534139920460708e-01,3.588600000000000136e+02,9.885005889942222179e-01,3.651299999999999955e+02
9.898056349072984483e-01,3.588079999999999927e+02,9.894541986873842676e-01,3.651170000000000186e+02
9.908138688175656128e-01,3.588460000000000036e+02,9.905199977562124669e-01,3.650280000000000200e+02
9.917660897328179903e-01,3.587579999999999814e+02,9.914736074493745166e-01,3.651050000000000182e+02
9.927743236430851548e-01,3.588210000000000264e+02,9.924272171425365663e-01,3.650419999999999732e+02
9.937265445583375323e-01,3.587959999999999923e+02,9.931564480843663167e-01,3.650520000000000209e+02
9.946787654735897988e-01,3.587459999999999809e+02,9.941100577775284775e-01,3.650299999999999727e+02
9.954629474037975934e-01,3.587459999999999809e+02,9.950636674706905271e-01,3.649399999999999977e+02
9.964151683190500819e-01,3.587959999999999923e+02,9.961294665395186154e-01,3.650040000000000191e+02
9.973673892343023484e-01,3.588720000000000141e+02,9.970830762326806651e-01,3.650140000000000100e+02
9.983196101495547259e-01,3.587839999999999918e+02,9.980366859258428258e-01,3.650409999999999968e+02
9.992718310648069924e-01,3.588340000000000032e+02,9.990463903068378393e-01,3.649529999999999745e+02
1.000000000000000000e+00,3.588709999999999809e+02,1.000000000000000000e+00,3.649780000000000086e+02
