time,Gap_leftedge,Gap_rightedge,Gap_gap,LT_x,LT_y,LT_z
0.000000000000000000e+00,4.653999999999999915e+00,7.900999999999999801e+00,3.246999999999999886e+00,-7.850616604699999357e+01,4.996571812111999975e+02,2.299876702819999963e+01
8.000000000000000167e-03,4.615999999999999659e+00,7.926000000000000156e+00,3.310000000000000053e+00,-7.850536717019991784e+01,4.996572239879999984e+02,2.299796704979999973e+01
1.000000000000000021e-02,4.615999999999999659e+00,7.940444444444444194e+00,3.324444444444444535e+00,-7.850516745099990601e+01,4.996572346821999986e+02,2.299776705520000064e+01
1.700000000000000122e-02,4.615999999999999659e+00,7.990999999999999659e+00,3.375000000000000000e+00,-7.850586646819996872e+01,4.996571972524999978e+02,2.299846703629999922e+01
2.000000000000000042e-02,4.611499999999999488e+00,8.010125000000000384e+00,3.398625000000000007e+00,-7.850616604699999357e+01,4.996571812111999975e+02,2.299876702819999963e+01
2.500000000000000139e-02,4.604000000000000092e+00,8.041999999999999815e+00,3.438000000000000167e+00,-7.850566674899994268e+01,4.996572079466999980e+02,2.299826704170000014e+01
2.999999999999999889e-02,4.596222222222221987e+00,8.055888888888889099e+00,3.459666666666666668e+00,-7.850516745099990601e+01,4.996572346821999986e+02,2.299776705520000064e+01
3.400000000000000244e-02,4.589999999999999858e+00,8.067000000000000171e+00,3.476999999999999869e+00,-7.850476810139994654e+01,4.996572574818000021e+02,2.299776706360000134e+01
4.000000000000000083e-02,4.607999999999999652e+00,8.117666666666666586e+00,3.509666666666666490e+00,-7.850416907700000024e+01,4.996572916811999789e+02,2.299776707619999883e+01
4.299999999999999656e-02,4.616999999999999993e+00,8.143000000000000682e+00,3.525999999999999801e+00,-7.850446858919997339e+01,4.996572745814999621e+02,2.299776706990000008e+01
5.000000000000000278e-02,4.616999999999999993e+00,8.191222222222222626e+00,3.574222222222222189e+00,-7.850516745099990601e+01,4.996572346821999986e+02,2.299776705520000064e+01
5.199999999999999761e-02,4.616999999999999993e+00,8.205000000000000071e+00,3.588000000000000078e+00,-7.850516745099990601e+01,4.996572346821999986e+02,2.299776705520000064e+01
5.999999999999999778e-02,4.605000000000000426e+00,8.255000000000000782e+00,3.649999999999999911e+00,-7.850516745099990601e+01,4.996572346821999986e+02,2.299776705520000064e+01
6.900000000000000577e-02,4.604000000000000092e+00,8.305999999999999162e+00,3.701999999999999957e+00,-7.850516745099990601e+01,4.996572346821999986e+02,2.299776705520000064e+01
7.000000000000000666e-02,4.604000000000000092e+00,8.311444444444443747e+00,3.707444444444444542e+00,-7.850516745099990601e+01,4.996572346821999986e+02,2.299776705520000064e+01
7.799999999999999989e-02,4.604000000000000092e+00,8.355000000000000426e+00,3.750999999999999890e+00,-7.850436875179998708e+01,4.996572802814000056e+02,2.299776707199999848e+01
8.000000000000000167e-02,4.592666666666667119e+00,8.357666666666666799e+00,3.765000000000000124e+00,-7.850416907700000024e+01,4.996572916811999789e+02,2.299776707619999883e+01
8.699999999999999400e-02,4.552999999999999936e+00,8.367000000000000881e+00,3.814000000000000057e+00,-7.850416892159999804e+01,4.996572892116000162e+02,2.299706708040000080e+01
8.999999999999999667e-02,4.534250000000000114e+00,8.371500000000001052e+00,3.837250000000000050e+00,-7.850416885500000319e+01,4.996572881531999997e+02,2.299676708220000165e+01
9.500000000000000111e-02,4.503000000000000114e+00,8.378999999999999559e+00,3.875999999999999890e+00,-7.850466815299995460e+01,4.996572614176999991e+02,2.299726706870000115e+01
1.000000000000000056e-01,4.494250000000000078e+00,8.403374999999998707e+00,3.909124999999999961e+00,-7.850516745099990601e+01,4.996572346821999986e+02,2.299776705520000064e+01
1.029999999999999943e-01,4.488999999999999879e+00,8.417999999999999261e+00,3.928999999999999826e+00,-7.850516738439993958e+01,4.996572336237999821e+02,2.299746705700000149e+01
1.100000000000000006e-01,4.471500000000000696e+00,8.452300000000001035e+00,3.980799999999999894e+00,-7.850516722899999422e+01,4.996572311542000193e+02,2.299676706119999992e+01
1.130000000000000032e-01,4.464000000000000412e+00,8.467000000000000526e+00,4.003000000000000114e+00,-7.850546680779999065e+01,4.996572151129000190e+02,2.299706705310000032e+01
1.199999999999999956e-01,4.430750000000000632e+00,8.478374999999999773e+00,4.047625000000000028e+00,-7.850616582499999652e+01,4.996571776832000182e+02,2.299776703419999890e+01
1.209999999999999964e-01,4.426000000000000156e+00,8.480000000000000426e+00,4.054000000000000270e+00,-7.850606598759998178e+01,4.996571833831000049e+02,2.299776703629999730e+01
1.300000000000000044e-01,4.413999999999999702e+00,8.519999999999999574e+00,4.105999999999999872e+00,-7.850516745099990601e+01,4.996572346821999986e+02,2.299776705520000064e+01
1.380000000000000115e-01,4.426999999999999602e+00,8.570999999999999730e+00,4.144000000000000128e+00,-7.850516727339997658e+01,4.996572318597999924e+02,2.299696705999999935e+01
1.400000000000000133e-01,4.419399999999999551e+00,8.576399999999999579e+00,4.157000000000000028e+00,-7.850516722899999422e+01,4.996572311542000193e+02,2.299676706119999992e+01
1.479999999999999927e-01,4.389000000000000234e+00,8.598000000000000753e+00,4.208999999999999631e+00,-7.850516722899999422e+01,4.996572311542000193e+02,2.299676706119999992e+01
1.499999999999999944e-01,4.386250000000000426e+00,8.610250000000000625e+00,4.223999999999999311e+00,-7.850516722899999422e+01,4.996572311542000193e+02,2.299676706119999992e+01
1.559999999999999998e-01,4.378000000000000114e+00,8.647000000000000242e+00,4.269000000000000128e+00,-7.850456820460000529e+01,4.996572653535999962e+02,2.299676707380000096e+01
1.600000000000000033e-01,4.371000000000000441e+00,8.666000000000000369e+00,4.294999999999999929e+00,-7.850416885500000319e+01,4.996572881531999997e+02,2.299676708220000165e+01
1.640000000000000069e-01,4.363999999999999879e+00,8.685000000000000497e+00,4.320999999999999730e+00,-7.850456820460000529e+01,4.996572653535999962e+02,2.299676707380000096e+01
1.700000000000000122e-01,4.355999999999999872e+00,8.702333333333333698e+00,4.346333333333332938e+00,-7.850516722899999422e+01,4.996572311542000193e+02,2.299676706119999992e+01
1.729999999999999871e-01,4.352000000000000313e+00,8.711000000000000298e+00,4.358999999999999986e+00,-7.850486765019999780e+01,4.996572471955000196e+02,2.299646706929999951e+01
1.799999999999999933e-01,4.341888888888889575e+00,8.749888888888888161e+00,4.407999999999999474e+00,-7.850416863300000614e+01,4.996572846252000204e+02,2.299576708820000093e+01
1.819999999999999951e-01,4.339000000000000412e+00,8.760999999999999233e+00,4.421999999999999709e+00,-7.850416867740000271e+01,4.996572853307999935e+02,2.299596708700000036e+01
1.900000000000000022e-01,4.362111111111111050e+00,8.816111111111110787e+00,4.453999999999999737e+00,-7.850416885500000319e+01,4.996572881531999997e+02,2.299676708220000165e+01
1.910000000000000031e-01,4.365000000000000213e+00,8.823000000000000398e+00,4.458000000000000185e+00,-7.850426869240000372e+01,4.996572824533000130e+02,2.299676708009999970e+01
2.000000000000000111e-01,4.389000000000000234e+00,8.885999999999999233e+00,4.496999999999999886e+00,-7.850516722899999422e+01,4.996572311542000193e+02,2.299676706119999992e+01
2.079999999999999905e-01,4.363999999999999879e+00,8.885999999999999233e+00,4.522000000000000242e+00,-7.850436852980000424e+01,4.996572767534000263e+02,2.299676707800000131e+01
2.099999999999999922e-01,4.358222222222222442e+00,8.885999999999999233e+00,4.527777777777777679e+00,-7.850416885500000319e+01,4.996572881531999997e+02,2.299676708220000165e+01
2.169999999999999984e-01,4.338000000000000078e+00,8.885999999999999233e+00,4.548000000000000043e+00,-7.850486771679999265e+01,4.996572482539000362e+02,2.299676706749999866e+01
2.200000000000000011e-01,4.329666666666666330e+00,8.894333333333332092e+00,4.564666666666666650e+00,-7.850516722899999422e+01,4.996572311542000193e+02,2.299676706119999992e+01
2.260000000000000064e-01,4.312999999999999723e+00,8.910999999999999588e+00,4.597999999999999865e+00,-7.850576638660000128e+01,4.996571990716000187e+02,2.299736704500000073e+01
2.300000000000000100e-01,4.293499999999999872e+00,8.916999999999999815e+00,4.623499999999999943e+00,-7.850616582499999652e+01,4.996571776832000182e+02,2.299776703419999890e+01
2.340000000000000135e-01,4.274000000000000021e+00,8.923000000000000043e+00,4.649000000000000021e+00,-7.850576638660000128e+01,4.996571990716000187e+02,2.299736704500000073e+01
2.399999999999999911e-01,4.249333333333333407e+00,8.931000000000000938e+00,4.681666666666666643e+00,-7.850516722899999422e+01,4.996572311542000193e+02,2.299676706119999992e+01
2.429999999999999938e-01,4.237000000000000099e+00,8.935000000000000497e+00,4.698000000000000398e+00,-7.850516722899999422e+01,4.996572311542000193e+02,2.299676706119999992e+01
2.500000000000000000e-01,4.181875000000000675e+00,8.926250000000001350e+00,4.744375000000000675e+00,-7.850516722899999422e+01,4.996572311542000193e+02,2.299676706119999992e+01
2.510000000000000009e-01,4.174000000000000377e+00,8.925000000000000711e+00,4.751000000000000334e+00,-7.850526706639999475e+01,4.996572254543000327e+02,2.299676705910000152e+01
2.600000000000000089e-01,4.129900000000000126e+00,8.935800000000000409e+00,4.805900000000000283e+00,-7.850616560299999946e+01,4.996571741551999821e+02,2.299676704020000173e+01
2.610000000000000098e-01,4.125000000000000000e+00,8.936999999999999389e+00,4.812000000000000277e+00,-7.850596592819999842e+01,4.996571855549999555e+02,2.299676704440000208e+01
2.690000000000000169e-01,4.110000000000000320e+00,8.976000000000000867e+00,4.865999999999999659e+00,-7.850436852980000424e+01,4.996572767533999695e+02,2.299676707800000131e+01
2.700000000000000178e-01,4.115777777777777757e+00,8.985666666666666913e+00,4.869888888888888268e+00,-7.850416885500000319e+01,4.996572881531999997e+02,2.299676708220000165e+01
2.780000000000000249e-01,4.161999999999999922e+00,9.063000000000000611e+00,4.900999999999999801e+00,-7.850496755419999317e+01,4.996572425539999927e+02,2.299676706540000026e+01
2.800000000000000266e-01,4.168250000000000455e+00,9.076000000000000512e+00,4.907750000000000057e+00,-7.850516722899999422e+01,4.996572311542000193e+02,2.299676706119999992e+01
2.859999999999999765e-01,4.187000000000000277e+00,9.115000000000000213e+00,4.927999999999999936e+00,-7.850516722899999422e+01,4.996572311542000193e+02,2.299676706119999992e+01
2.899999999999999800e-01,4.158555555555556005e+00,9.108777777777778084e+00,4.950222222222222079e+00,-7.850516722899999422e+01,4.996572311542000193e+02,2.299676706119999992e+01
2.949999999999999845e-01,4.123000000000000220e+00,9.101000000000000867e+00,4.977999999999999758e+00,-7.850516722899999422e+01,4.996572311542000193e+02,2.299676706119999992e+01
2.999999999999999889e-01,4.109111111111110937e+00,9.108222222222222442e+00,4.999111111111110617e+00,-7.850516722899999422e+01,4.996572311542000193e+02,2.299676706119999992e+01
3.039999999999999925e-01,4.097999999999999865e+00,9.114000000000000767e+00,5.016000000000000014e+00,-7.850516731779995894e+01,4.996572325654000224e+02,2.299716705879999878e+01
3.099999999999999978e-01,4.115333333333333066e+00,9.155333333333333101e+00,5.040000000000000036e+00,-7.850516745099990601e+01,4.996572346821999986e+02,2.299776705520000064e+01
3.130000000000000004e-01,4.123999999999999666e+00,9.176000000000000156e+00,5.051999999999999602e+00,-7.850516738439992537e+01,4.996572336237999821e+02,2.299746705700000149e+01
3.200000000000000067e-01,4.100375000000000547e+00,9.186500000000000554e+00,5.086125000000000007e+00,-7.850516722899999422e+01,4.996572311542000193e+02,2.299676706119999992e+01
3.210000000000000075e-01,4.097000000000000419e+00,9.188000000000000611e+00,5.091000000000000192e+00,-7.850516722899999422e+01,4.996572311542000193e+02,2.299676706119999992e+01
3.300000000000000155e-01,4.072000000000000064e+00,9.212999999999999190e+00,5.141000000000000014e+00,-7.850516722899999422e+01,4.996572311542000193e+02,2.299676706119999992e+01
3.380000000000000226e-01,4.070999999999999730e+00,9.250999999999999446e+00,5.179999999999999716e+00,-7.850516722899999422e+01,4.996572311542000193e+02,2.299676706119999992e+01
3.400000000000000244e-01,4.076777777777778056e+00,9.267888888888888843e+00,5.191111111111110787e+00,-7.850516722899999422e+01,4.996572311542000193e+02,2.299676706119999992e+01
3.469999999999999751e-01,4.097000000000000419e+00,9.326999999999999957e+00,5.230000000000000426e+00,-7.850446836720000476e+01,4.996572710534999828e+02,2.299676707589999936e+01
3.499999999999999778e-01,4.088333333333333819e+00,9.334666666666667112e+00,5.246333333333333293e+00,-7.850416885500000319e+01,4.996572881531999997e+02,2.299676708220000165e+01
3.559999999999999831e-01,4.070999999999999730e+00,9.349999999999999645e+00,5.278999999999999915e+00,-7.850476787939999213e+01,4.996572539538000228e+02,2.299676706960000061e+01
3.599999999999999867e-01,4.071500000000000341e+00,9.356500000000000483e+00,5.285000000000000142e+00,-7.850516722899999422e+01,4.996572311542000193e+02,2.299676706119999992e+01
3.639999999999999902e-01,4.072000000000000064e+00,9.362999999999999545e+00,5.291000000000000369e+00,-7.850516722899999422e+01,4.996572311542000193e+02,2.299676706119999992e+01
3.699999999999999956e-01,4.064000000000000057e+00,9.364333333333332732e+00,5.300333333333333563e+00,-7.850516722899999422e+01,4.996572311542000193e+02,2.299676706119999992e+01
3.729999999999999982e-01,4.059999999999999609e+00,9.365000000000000213e+00,5.304999999999999716e+00,-7.850486771679999265e+01,4.996572482539000362e+02,2.299676706750000221e+01
3.800000000000000044e-01,3.990000000000000213e+00,9.333888888888887791e+00,5.343888888888889355e+00,-7.850416885500000319e+01,4.996572881531999997e+02,2.299676708220000165e+01
3.820000000000000062e-01,3.970000000000000195e+00,9.324999999999999289e+00,5.355000000000000426e+00,-7.850416881060000662e+01,4.996572874476000266e+02,2.299656708340000222e+01
3.900000000000000133e-01,3.959333333333333371e+00,9.315222222222221404e+00,5.355888888888888921e+00,-7.850416863300000614e+01,4.996572846252000204e+02,2.299576708820000093e+01
3.910000000000000142e-01,3.958000000000000185e+00,9.314000000000000057e+00,5.355999999999999872e+00,-7.850416865520000442e+01,4.996572849780000070e+02,2.299586708760000064e+01
4.000000000000000222e-01,3.971000000000000085e+00,9.339000000000000412e+00,5.368000000000000327e+00,-7.850416885500000319e+01,4.996572881531999997e+02,2.299676708220000165e+01
4.079999999999999738e-01,3.971000000000000085e+00,9.339999999999999858e+00,5.368999999999999773e+00,-7.850416885500000319e+01,4.996572881531999997e+02,2.299676708220000165e+01
4.099999999999999756e-01,3.965444444444444549e+00,9.347999999999998977e+00,5.382555555555555316e+00,-7.850416885500000319e+01,4.996572881531999997e+02,2.299676708220000165e+01
4.169999999999999818e-01,3.946000000000000174e+00,9.375999999999999446e+00,5.429999999999999716e+00,-7.850486787219993801e+01,4.996572507234999989e+02,2.299746706330000023e+01
4.199999999999999845e-01,3.950500000000000345e+00,9.389874999999999972e+00,5.439375000000000071e+00,-7.850516745099990601e+01,4.996572346821999986e+02,2.299776705520000064e+01
4.249999999999999889e-01,3.958000000000000185e+00,9.413000000000000256e+00,5.455000000000000071e+00,-7.850516733999995722e+01,4.996572329182000090e+02,2.299726705820000205e+01
4.299999999999999933e-01,3.951500000000000234e+00,9.413999999999999702e+00,5.462500000000000355e+00,-7.850516722899999422e+01,4.996572311542000193e+02,2.299676706119999992e+01
4.349999999999999978e-01,3.944999999999999840e+00,9.414999999999999147e+00,5.469999999999999751e+00,-7.850516722899999422e+01,4.996572311542000193e+02,2.299676706119999992e+01
4.400000000000000022e-01,3.921250000000000124e+00,9.398125000000000284e+00,5.476874999999999716e+00,-7.850516722899999422e+01,4.996572311542000193e+02,2.299676706119999992e+01
4.430000000000000049e-01,3.907000000000000028e+00,9.387999999999999901e+00,5.480999999999999872e+00,-7.850516729559996065e+01,4.996572322126000358e+02,2.299706705939999907e+01
4.500000000000000111e-01,3.886777777777777665e+00,9.398111111111111526e+00,5.511333333333332973e+00,-7.850516745099990601e+01,4.996572346821999986e+02,2.299776705520000064e+01
4.520000000000000129e-01,3.880999999999999783e+00,9.400999999999999801e+00,5.519999999999999574e+00,-7.850516740659992365e+01,4.996572339766000255e+02,2.299756705640000121e+01
4.600000000000000200e-01,3.906000000000000139e+00,9.438000000000000611e+00,5.532000000000000028e+00,-7.850516722899999422e+01,4.996572311542000193e+02,2.299676706119999992e+01
4.689999999999999725e-01,3.854999999999999982e+00,9.410999999999999588e+00,5.556000000000000050e+00,-7.850516722899999422e+01,4.996572311542000193e+02,2.299676706119999992e+01
4.699999999999999734e-01,3.854888888888889031e+00,9.410999999999999588e+00,5.556111111111111001e+00,-7.850516722899999422e+01,4.996572311542000193e+02,2.299676706119999992e+01
4.779999999999999805e-01,3.854000000000000092e+00,9.410999999999999588e+00,5.557000000000000384e+00,-7.850436835220000376e+01,4.996572739310000202e+02,2.299596708280000001e+01
4.799999999999999822e-01,3.866750000000000131e+00,9.426750000000000185e+00,5.560000000000000497e+00,-7.850416863300000614e+01,4.996572846252000204e+02,2.299576708820000093e+01
4.859999999999999876e-01,3.904999999999999805e+00,9.474000000000000199e+00,5.568999999999999950e+00,-7.850416889939999976e+01,4.996572888587999728e+02,2.299696708100000109e+01
4.899999999999999911e-01,3.899222222222221923e+00,9.484222222222221887e+00,5.584999999999999964e+00,-7.850416907700000024e+01,4.996572916811999789e+02,2.299776707619999883e+01
4.949999999999999956e-01,3.891999999999999904e+00,9.496999999999999886e+00,5.605000000000000426e+00,-7.850416896600000882e+01,4.996572899171999893e+02,2.299726707920000024e+01
5.000000000000000000e-01,3.878111111111111065e+00,9.497555555555555529e+00,5.619444444444444464e+00,-7.850416885500000319e+01,4.996572881531999997e+02,2.299676708220000165e+01
5.040000000000000036e-01,3.866999999999999993e+00,9.497999999999999332e+00,5.631000000000000227e+00,-7.850416885500000319e+01,4.996572881531999997e+02,2.299676708220000165e+01
5.100000000000000089e-01,3.841666666666666785e+00,9.489333333333332732e+00,5.647666666666666835e+00,-7.850416885500000319e+01,4.996572881531999997e+02,2.299676708220000165e+01
5.130000000000000115e-01,3.829000000000000181e+00,9.484999999999999432e+00,5.655999999999999694e+00,-7.850416885500000319e+01,4.996572881531999997e+02,2.299676708220000165e+01
5.200000000000000178e-01,3.807125000000000092e+00,9.473625000000000185e+00,5.666500000000000092e+00,-7.850416885500000319e+01,4.996572881531999997e+02,2.299676708220000165e+01
5.210000000000000187e-01,3.803999999999999826e+00,9.471999999999999531e+00,5.668000000000000149e+00,-7.850416883280000491e+01,4.996572878004000131e+02,2.299666708280000194e+01
5.300000000000000266e-01,3.766999999999999904e+00,9.435000000000000497e+00,5.668000000000000149e+00,-7.850416863300000614e+01,4.996572846252000204e+02,2.299576708820000093e+01
5.380000000000000338e-01,3.753000000000000114e+00,9.410000000000000142e+00,5.657000000000000028e+00,-7.850416881060000662e+01,4.996572874476000266e+02,2.299656708340000222e+01
5.400000000000000355e-01,3.758777777777777995e+00,9.421111111111111214e+00,5.662333333333333663e+00,-7.850416885500000319e+01,4.996572881531999997e+02,2.299676708220000165e+01
5.470000000000000417e-01,3.778999999999999915e+00,9.460000000000000853e+00,5.681000000000000050e+00,-7.850486756139993361e+01,4.996572457843000166e+02,2.299606707170000064e+01
5.500000000000000444e-01,3.791666666666666519e+00,9.456000000000001293e+00,5.664333333333333442e+00,-7.850516700699989769e+01,4.996572276261999832e+02,2.299576706719999919e+01
5.560000000000000497e-01,3.817000000000000171e+00,9.448000000000000398e+00,5.631000000000000227e+00,-7.850516714019995845e+01,4.996572297430000162e+02,2.299636706360000105e+01
5.600000000000000533e-01,3.784499999999999531e+00,9.453000000000001180e+00,5.668500000000000760e+00,-7.850516722899999422e+01,4.996572311542000193e+02,2.299676706119999992e+01
5.639999999999999458e-01,3.751999999999999780e+00,9.458000000000000185e+00,5.706000000000000405e+00,-7.850516722899999422e+01,4.996572311542000193e+02,2.299676706119999992e+01
5.699999999999999512e-01,3.744666666666666810e+00,9.492000000000000881e+00,5.747333333333333627e+00,-7.850516722899999422e+01,4.996572311542000193e+02,2.299676706119999992e+01
5.729999999999999538e-01,3.741000000000000103e+00,9.509000000000000341e+00,5.767999999999999794e+00,-7.850486778340000171e+01,4.996572493122999958e+02,2.299706706570000136e+01
5.799999999999999600e-01,3.730888888888888921e+00,9.526111111111111640e+00,5.795222222222221831e+00,-7.850416907700000024e+01,4.996572916811999789e+02,2.299776707619999883e+01
5.819999999999999618e-01,3.728000000000000203e+00,9.531000000000000583e+00,5.802999999999999936e+00,-7.850416907700000024e+01,4.996572916811999789e+02,2.299776707619999883e+01
5.899999999999999689e-01,3.738666666666667027e+00,9.530111111111111200e+00,5.791444444444444173e+00,-7.850416907700000024e+01,4.996572916811999789e+02,2.299776707619999883e+01
5.909999999999999698e-01,3.740000000000000213e+00,9.529999999999999361e+00,5.790000000000000036e+00,-7.850416335500000287e+01,4.996571914915999741e+02,2.299766743029999816e+01
5.989999999999999769e-01,3.741999999999999993e+00,9.554000000000000270e+00,5.812000000000000277e+00,-7.850411757899999543e+01,4.996563899747999926e+02,2.299687026309999993e+01
5.999999999999999778e-01,3.738999999999999879e+00,9.554333333333334011e+00,5.815333333333333243e+00,-7.850411185699999805e+01,4.996562897851999878e+02,2.299677061719999926e+01
6.079999999999999849e-01,3.714999999999999858e+00,9.557000000000000384e+00,5.841999999999999638e+00,-7.850415745540000501e+01,4.996570884796000200e+02,2.299676778919999975e+01
6.099999999999999867e-01,3.715222222222222204e+00,9.556777777777778482e+00,5.841555555555554946e+00,-7.850416885500000319e+01,4.996572881531999997e+02,2.299676708220000165e+01
6.169999999999999929e-01,3.716000000000000192e+00,9.555999999999999162e+00,5.839999999999999858e+00,-7.850416869960000099e+01,4.996572856836000369e+02,2.299606708640000008e+01
6.199999999999999956e-01,3.711333333333333595e+00,9.555333333333333456e+00,5.844000000000000306e+00,-7.850416863300000614e+01,4.996572846252000204e+02,2.299576708820000093e+01
6.260000000000000009e-01,3.701999999999999957e+00,9.554000000000000270e+00,5.852000000000000313e+00,-7.850356974180000691e+01,4.996573209413999734e+02,2.299636709720000027e+01
6.300000000000000044e-01,3.727500000000000036e+00,9.592999999999999972e+00,5.865499999999999936e+00,-7.850317048099999795e+01,4.996573451521999800e+02,2.299676710319999984e+01
6.340000000000000080e-01,3.753000000000000114e+00,9.631999999999999673e+00,5.878999999999999559e+00,-7.850356991939999318e+01,4.996573237637999796e+02,2.299716709239999801e+01
6.400000000000000133e-01,3.745666666666666700e+00,9.641333333333333755e+00,5.895666666666666167e+00,-7.850416907700000024e+01,4.996572916811999789e+02,2.299776707619999883e+01
6.430000000000000160e-01,3.741999999999999993e+00,9.646000000000000796e+00,5.903999999999999915e+00,-7.850416901040000539e+01,4.996572906227999624e+02,2.299746707799999967e+01
6.500000000000000222e-01,3.700777777777777722e+00,9.624222222222222456e+00,5.923444444444444734e+00,-7.850416885500000319e+01,4.996572881531999997e+02,2.299676708220000165e+01
6.520000000000000240e-01,3.689000000000000057e+00,9.618000000000000327e+00,5.929000000000000270e+00,-7.850436852980000424e+01,4.996572767534000263e+02,2.299676707800000131e+01
6.600000000000000311e-01,3.664000000000000146e+00,9.608999999999999986e+00,5.945000000000000284e+00,-7.850516722899999422e+01,4.996572311542000193e+02,2.299676706119999992e+01
6.690000000000000391e-01,3.652000000000000135e+00,9.598000000000000753e+00,5.945999999999999730e+00,-7.850426869240000372e+01,4.996572824533000130e+02,2.299676708009999970e+01
6.700000000000000400e-01,3.647777777777777786e+00,9.595222222222222541e+00,5.947444444444443867e+00,-7.850416885500000319e+01,4.996572881531999997e+02,2.299676708220000165e+01
6.780000000000000471e-01,3.613999999999999879e+00,9.573000000000000398e+00,5.958999999999999631e+00,-7.850416867740000271e+01,4.996572853307999935e+02,2.299596708700000036e+01
6.800000000000000488e-01,3.605333333333333279e+00,9.567222222222222072e+00,5.961888888888888793e+00,-7.850416863300000614e+01,4.996572846252000204e+02,2.299576708820000093e+01
6.870000000000000551e-01,3.575000000000000178e+00,9.547000000000000597e+00,5.972000000000000419e+00,-7.850416863300000614e+01,4.996572846252000204e+02,2.299576708820000093e+01
6.899999999999999467e-01,3.565625000000000266e+00,9.546250000000000568e+00,5.980624999999999858e+00,-7.850416863300000614e+01,4.996572846252000204e+02,2.299576708820000093e+01
6.949999999999999512e-01,3.549999999999999822e+00,9.544999999999999929e+00,5.995000000000000107e+00,-7.850366944600000352e+01,4.996573131247000106e+02,2.299576709870000002e+01
6.999999999999999556e-01,3.549999999999999822e+00,9.546666666666666856e+00,5.996666666666667034e+00,-7.850317025900000090e+01,4.996573416242000008e+02,2.299576710919999911e+01
7.039999999999999591e-01,3.549999999999999822e+00,9.548000000000000043e+00,5.998000000000000220e+00,-7.850356978620000348e+01,4.996573216470000034e+02,2.299656709599999971e+01
7.099999999999999645e-01,3.541333333333333222e+00,9.547333333333334338e+00,6.006000000000000227e+00,-7.850416907700000024e+01,4.996572916811999789e+02,2.299776707619999883e+01
7.129999999999999671e-01,3.536999999999999922e+00,9.547000000000000597e+00,6.009999999999999787e+00,-7.850416907700000024e+01,4.996572916811999789e+02,2.299776707619999883e+01
7.199999999999999734e-01,3.606222222222222218e+00,9.615444444444444017e+00,6.009222222222222243e+00,-7.850416907700000024e+01,4.996572916811999789e+02,2.299776707619999883e+01
7.219999999999999751e-01,3.625999999999999890e+00,9.634999999999999787e+00,6.009000000000000341e+00,-7.850416903260000367e+01,4.996572909756000058e+02,2.299756707739999939e+01
7.299999999999999822e-01,3.650999999999999801e+00,9.675000000000000711e+00,6.024000000000000021e+00,-7.850416885500000319e+01,4.996572881531999997e+02,2.299676708220000165e+01
7.389999999999999902e-01,3.600999999999999979e+00,9.621999999999999886e+00,6.020999999999999908e+00,-7.850327011859999971e+01,4.996573362771000006e+02,2.299586710650000043e+01
7.399999999999999911e-01,3.602333333333333165e+00,9.625000000000000000e+00,6.022666666666666835e+00,-7.850317025900000090e+01,4.996573416242000008e+02,2.299576710919999911e+01
7.479999999999999982e-01,3.612999999999999989e+00,9.648999999999999133e+00,6.035999999999999588e+00,-7.850317043660000138e+01,4.996573444466000069e+02,2.299656710440000040e+01
7.500000000000000000e-01,3.616555555555555745e+00,9.657666666666665733e+00,6.041111111111110432e+00,-7.850317048099999795e+01,4.996573451521999800e+02,2.299676710319999984e+01
7.570000000000000062e-01,3.629000000000000004e+00,9.688000000000000611e+00,6.059000000000000163e+00,-7.850386934280000162e+01,4.996573052529000165e+02,2.299676708850000040e+01
7.600000000000000089e-01,3.619250000000000078e+00,9.682750000000000412e+00,6.063500000000000334e+00,-7.850416885500000319e+01,4.996572881531999997e+02,2.299676708220000165e+01
7.650000000000000133e-01,3.603000000000000203e+00,9.673999999999999488e+00,6.070999999999999730e+00,-7.850366955699999494e+01,4.996573148887000002e+02,2.299626709569999861e+01
7.700000000000000178e-01,3.603000000000000203e+00,9.672888888888888204e+00,6.069888888888888445e+00,-7.850317025900000090e+01,4.996573416242000008e+02,2.299576710919999911e+01
7.740000000000000213e-01,3.603000000000000203e+00,9.672000000000000597e+00,6.068999999999999950e+00,-7.850356960860000299e+01,4.996573188245999972e+02,2.299576710079999842e+01
7.800000000000000266e-01,3.603000000000000203e+00,9.663999999999999702e+00,6.060999999999999943e+00,-7.850416863300000614e+01,4.996572846252000204e+02,2.299576708820000093e+01
7.830000000000000293e-01,3.603000000000000203e+00,9.660000000000000142e+00,6.057000000000000384e+00,-7.850416869960000099e+01,4.996572856836000369e+02,2.299606708640000008e+01
7.900000000000000355e-01,3.589000000000000412e+00,9.660874999999998991e+00,6.071875000000000355e+00,-7.850416885500000319e+01,4.996572881531999997e+02,2.299676708220000165e+01
7.910000000000000364e-01,3.587000000000000188e+00,9.660999999999999588e+00,6.073999999999999844e+00,-7.850416883280000491e+01,4.996572878004000131e+02,2.299666708280000194e+01
7.990000000000000435e-01,3.572999999999999954e+00,9.673000000000000043e+00,6.099999999999999645e+00,-7.850416865520000442e+01,4.996572849780000070e+02,2.299586708760000064e+01
8.000000000000000444e-01,3.576111111111111018e+00,9.675777777777778255e+00,6.099666666666666792e+00,-7.850416863300000614e+01,4.996572846252000204e+02,2.299576708820000093e+01
8.080000000000000515e-01,3.600999999999999979e+00,9.698000000000000398e+00,6.097000000000000419e+00,-7.850416863300000614e+01,4.996572846252000204e+02,2.299576708820000093e+01
8.100000000000000533e-01,3.598111111111111260e+00,9.700888888888888673e+00,6.102777777777777857e+00,-7.850416863300000614e+01,4.996572846252000204e+02,2.299576708820000093e+01
8.169999999999999485e-01,3.588000000000000078e+00,9.711000000000000298e+00,6.123000000000000220e+00,-7.850416878840000834e+01,4.996572870947999832e+02,2.299646708400000250e+01
8.199999999999999512e-01,3.559499999999999886e+00,9.686625000000001151e+00,6.127125000000000377e+00,-7.850416885500000319e+01,4.996572881531999997e+02,2.299676708220000165e+01
8.249999999999999556e-01,3.512000000000000011e+00,9.646000000000000796e+00,6.134000000000000341e+00,-7.850366966800000057e+01,4.996573166526999898e+02,2.299676709270000075e+01
8.299999999999999600e-01,3.490888888888889152e+00,9.625999999999999446e+00,6.135111111111111626e+00,-7.850317048099999795e+01,4.996573451521999800e+02,2.299676710319999984e+01
8.339999999999999636e-01,3.474000000000000199e+00,9.609999999999999432e+00,6.136000000000000121e+00,-7.850356983060000005e+01,4.996573223525999765e+02,2.299676709479999914e+01
8.399999999999999689e-01,3.465333333333333155e+00,9.626666666666666927e+00,6.161333333333333329e+00,-7.850416885500000319e+01,4.996572881531999997e+02,2.299676708220000165e+01
8.429999999999999716e-01,3.460999999999999854e+00,9.634999999999999787e+00,6.174000000000000377e+00,-7.850416885500000319e+01,4.996572881531999997e+02,2.299676708220000165e+01
8.499999999999999778e-01,3.439124999999999766e+00,9.613125000000000142e+00,6.174000000000000377e+00,-7.850416885500000319e+01,4.996572881531999997e+02,2.299676708220000165e+01
8.509999999999999787e-01,3.435999999999999943e+00,9.609999999999999432e+00,6.174000000000000377e+00,-7.850416883280000491e+01,4.996572878004000131e+02,2.299666708280000194e+01
8.599999999999999867e-01,3.435999999999999943e+00,9.622999999999999332e+00,6.187000000000000277e+00,-7.850416863300000614e+01,4.996572846252000204e+02,2.299576708820000093e+01
8.689999999999999947e-01,3.447999999999999954e+00,9.635999999999999233e+00,6.187999999999999723e+00,-7.850326989660000265e+01,4.996573327491000214e+02,2.299486711249999971e+01
8.699999999999999956e-01,3.453777777777777835e+00,9.642999999999998906e+00,6.189222222222221959e+00,-7.850317003700000384e+01,4.996573380962000215e+02,2.299476711519999839e+01
8.780000000000000027e-01,3.500000000000000000e+00,9.698999999999999844e+00,6.198999999999999844e+00,-7.850317021460000433e+01,4.996573409186000276e+02,2.299556711039999968e+01
8.800000000000000044e-01,3.506250000000000089e+00,9.701999999999999957e+00,6.195749999999999424e+00,-7.850317025900000090e+01,4.996573416242000008e+02,2.299576710919999911e+01
8.860000000000000098e-01,3.524999999999999911e+00,9.711000000000000298e+00,6.185999999999999943e+00,-7.850376941660000796e+01,4.996573095416000001e+02,2.299636709299999993e+01
8.900000000000000133e-01,3.513444444444444592e+00,9.704333333333332590e+00,6.190888888888888886e+00,-7.850416885500000319e+01,4.996572881531999997e+02,2.299676708220000165e+01
8.950000000000000178e-01,3.499000000000000110e+00,9.695999999999999730e+00,6.197000000000000064e+00,-7.850416874399999756e+01,4.996572863892000100e+02,2.299626708520000307e+01
9.000000000000000222e-01,3.506777777777777771e+00,9.703222222222221305e+00,6.196444444444444422e+00,-7.850416863300000614e+01,4.996572846252000204e+02,2.299576708820000093e+01
9.040000000000000258e-01,3.512999999999999901e+00,9.708999999999999631e+00,6.195999999999999730e+00,-7.850416863300000614e+01,4.996572846252000204e+02,2.299576708820000093e+01
9.100000000000000311e-01,3.479666666666666686e+00,9.700333333333333030e+00,6.220666666666666345e+00,-7.850416863300000614e+01,4.996572846252000204e+02,2.299576708820000093e+01
9.130000000000000338e-01,3.463000000000000078e+00,9.695999999999999730e+00,6.232999999999999652e+00,-7.850415153360000886e+01,4.996569851148000225e+02,2.299576814870000163e+01
9.200000000000000400e-01,3.438499999999999890e+00,9.694250000000000256e+00,6.255749999999999922e+00,-7.850411163500000100e+01,4.996562862572000085e+02,2.299577062319999854e+01
9.210000000000000409e-01,3.435000000000000053e+00,9.694000000000000838e+00,6.259000000000000341e+00,-7.850421147239998731e+01,4.996562805573000219e+02,2.299577062110000014e+01
9.300000000000000488e-01,3.411000000000000032e+00,9.708999999999999631e+00,6.298000000000000043e+00,-7.850511000899990677e+01,4.996562292582000282e+02,2.299577060220000035e+01
9.389999999999999458e-01,3.411000000000000032e+00,9.695999999999999730e+00,6.285000000000000142e+00,-7.850421147239998731e+01,4.996562805573000219e+02,2.299577062110000014e+01
9.399999999999999467e-01,3.414124999999999854e+00,9.697749999999999204e+00,6.283624999999999794e+00,-7.850411163500000100e+01,4.996562862572000085e+02,2.299577062319999854e+01
9.469999999999999529e-01,3.435999999999999943e+00,9.710000000000000853e+00,6.274000000000000021e+00,-7.850411163500000100e+01,4.996562862572000085e+02,2.299577062319999854e+01
9.499999999999999556e-01,3.431666666666666643e+00,9.714000000000000412e+00,6.282333333333333769e+00,-7.850411163500000100e+01,4.996562862572000085e+02,2.299577062319999854e+01
9.559999999999999609e-01,3.423000000000000043e+00,9.721999999999999531e+00,6.299000000000000377e+00,-7.850471065939994730e+01,4.996562520578000317e+02,2.299577061060000105e+01
9.599999999999999645e-01,3.423000000000000043e+00,9.722307692307692761e+00,6.299307692307692719e+00,-7.850511000899990677e+01,4.996562292582000282e+02,2.299577060220000035e+01
9.689999999999999725e-01,3.423000000000000043e+00,9.723000000000000753e+00,6.299999999999999822e+00,-7.850421107279998978e+01,4.996562742068999796e+02,2.299397063190000168e+01
9.699999999999999734e-01,3.421777777777777807e+00,9.720444444444444443e+00,6.298666666666666636e+00,-7.850411119100000690e+01,4.996562792011999932e+02,2.299377063520000064e+01
9.779999999999999805e-01,3.411999999999999922e+00,9.699999999999999289e+00,6.288000000000000256e+00,-7.850335844539999641e+01,4.996571291395999879e+02,2.299536781439999800e+01
9.799999999999999822e-01,3.406222222222222040e+00,9.697333333333332916e+00,6.291111111111111320e+00,-7.850317025900000090e+01,4.996573416242000008e+02,2.299576710919999911e+01
9.869999999999999885e-01,3.386000000000000121e+00,9.688000000000000611e+00,6.301999999999999602e+00,-7.850386896540000237e+01,4.996572992553000176e+02,2.299506709869999810e+01
9.899999999999999911e-01,3.390500000000000291e+00,9.693250000000000810e+00,6.302749999999999631e+00,-7.850416841099999488e+01,4.996572810971999843e+02,2.299476709420000020e+01
9.949999999999999956e-01,3.398000000000000131e+00,9.701999999999999957e+00,6.304000000000000270e+00,-7.850416863300000614e+01,4.996572846251999636e+02,2.299576708820000093e+01
1.000000000000000000e+00,3.391333333333333311e+00,9.701444444444444315e+00,6.310111111111111448e+00,-7.850416885500000319e+01,4.996572881531999997e+02,2.299676708220000165e+01
1.004000000000000004e+00,3.386000000000000121e+00,9.701000000000000512e+00,6.315000000000000391e+00,-7.850416876620001005e+01,4.996572867419999966e+02,2.299636708460000278e+01
1.010000000000000009e+00,3.359999999999999876e+00,9.700333333333333030e+00,6.340333333333333599e+00,-7.850416863300000614e+01,4.996572846252000204e+02,2.299576708820000093e+01
1.012999999999999901e+00,3.346999999999999975e+00,9.699999999999999289e+00,6.352999999999999758e+00,-7.850416863300000614e+01,4.996572846252000204e+02,2.299576708820000093e+01
1.020000000000000018e+00,3.381125000000000824e+00,9.721875000000000711e+00,6.340749999999999886e+00,-7.850416863300000614e+01,4.996572846252000204e+02,2.299576708820000093e+01
1.020999999999999908e+00,3.386000000000000121e+00,9.724999999999999645e+00,6.339000000000000412e+00,-7.850406307360000824e+01,4.996571901355000023e+02,2.299566744440000221e+01
1.030000000000000027e+00,3.423999999999999932e+00,9.737000000000000099e+00,6.312999999999999723e+00,-7.850311303899999871e+01,4.996563397282000096e+02,2.299477065019999955e+01
1.038000000000000034e+00,3.435999999999999943e+00,9.749000000000000554e+00,6.312999999999999723e+00,-7.850471061499992231e+01,4.996562513522000017e+02,2.299557061180000161e+01
1.040000000000000036e+00,3.430222222222222062e+00,9.743222222222222229e+00,6.312999999999999723e+00,-7.850511000899990677e+01,4.996562292582000282e+02,2.299577060220000035e+01
1.046999999999999931e+00,3.410000000000000142e+00,9.723000000000000753e+00,6.312999999999999723e+00,-7.850511000899990677e+01,4.996562292582000282e+02,2.299577060220000035e+01
1.050000000000000044e+00,3.405666666666666398e+00,9.718666666666667453e+00,6.312999999999999723e+00,-7.850511000899990677e+01,4.996562292582000282e+02,2.299577060220000035e+01
1.056000000000000050e+00,3.396999999999999797e+00,9.710000000000000853e+00,6.312999999999999723e+00,-7.850510987579990285e+01,4.996562271413999952e+02,2.299517060579999850e+01
1.060000000000000053e+00,3.403222222222222371e+00,9.710444444444444656e+00,6.307222222222222285e+00,-7.850510978699989550e+01,4.996562257301999921e+02,2.299477060819999963e+01
1.064999999999999947e+00,3.411000000000000032e+00,9.711000000000000298e+00,6.299999999999999822e+00,-7.850607955099994228e+01,4.996556677831999878e+02,2.299427235770000166e+01
1.070000000000000062e+00,3.389333333333333087e+00,9.695444444444444088e+00,6.306111111111111001e+00,-7.850704931500000328e+01,4.996551098361999834e+02,2.299377410720000015e+01
1.074000000000000066e+00,3.371999999999999886e+00,9.682999999999999829e+00,6.310999999999999943e+00,-7.850545200540000224e+01,4.996552024458000005e+02,2.299417413840000179e+01
1.080000000000000071e+00,3.353250000000000064e+00,9.666499999999999204e+00,6.313250000000000028e+00,-7.850305604099999357e+01,4.996553413601999978e+02,2.299477418520000072e+01
1.082000000000000073e+00,3.346999999999999975e+00,9.660999999999999588e+00,6.314000000000000057e+00,-7.850307879579999337e+01,4.996557400017999839e+02,2.299457277240000153e+01
1.090000000000000080e+00,3.347888888888888914e+00,9.672555555555554463e+00,6.324666666666666437e+00,-7.850316981500000679e+01,4.996573345681999854e+02,2.299376712120000121e+01
1.090999999999999970e+00,3.347999999999999865e+00,9.673999999999999488e+00,6.325999999999999623e+00,-7.850327535220000641e+01,4.996574287050999601e+02,2.299376676560000021e+01
1.098999999999999977e+00,3.322000000000000064e+00,9.675000000000000711e+00,6.352999999999999758e+00,-7.850411964980000334e+01,4.996581818002999853e+02,2.299376392079999931e+01
1.100000000000000089e+00,3.324777777777778276e+00,9.677777777777778923e+00,6.352999999999999758e+00,-7.850422518700000296e+01,4.996582759372000169e+02,2.299376356519999831e+01
1.108000000000000096e+00,3.346999999999999975e+00,9.699999999999999289e+00,6.352999999999999758e+00,-7.850342631019999828e+01,4.996583187140000177e+02,2.299296358679999841e+01
1.110000000000000098e+00,3.347222222222222321e+00,9.702888888888887564e+00,6.355666666666666131e+00,-7.850322659100000067e+01,4.996583294082000180e+02,2.299276359219999932e+01
1.116999999999999993e+00,3.347999999999999865e+00,9.712999999999999190e+00,6.365000000000000213e+00,-7.850384581100000503e+01,4.996568942632999892e+02,2.299346852229999882e+01
1.120000000000000107e+00,3.343666666666666565e+00,9.704666666666666330e+00,6.360999999999999766e+00,-7.850411119100000690e+01,4.996562792011999932e+02,2.299377063520000064e+01
1.125999999999999890e+00,3.334999999999999964e+00,9.688000000000000611e+00,6.352999999999999758e+00,-7.850407712540000205e+01,4.996556822972000305e+02,2.299437275260000035e+01
1.129999999999999893e+00,3.342000000000000082e+00,9.695500000000000895e+00,6.353500000000000369e+00,-7.850405441499999881e+01,4.996552843612000174e+02,2.299477416419999898e+01
1.133999999999999897e+00,3.349000000000000199e+00,9.702999999999999403e+00,6.354000000000000092e+00,-7.850370066380000367e+01,4.996561058551999963e+02,2.299477134460000016e+01
1.139999999999999902e+00,3.365666666666666806e+00,9.727666666666666018e+00,6.362000000000000099e+00,-7.850317003700000384e+01,4.996573380962000215e+02,2.299476711519999839e+01
1.143000000000000016e+00,3.374000000000000110e+00,9.740000000000000213e+00,6.365999999999999659e+00,-7.850376899479996951e+01,4.996573028384000281e+02,2.299446710439999819e+01
1.149999999999999911e+00,3.394222222222222030e+00,9.759444444444444144e+00,6.365222222222222115e+00,-7.850516656299990359e+01,4.996572205702000247e+02,2.299376707920000129e+01
1.151999999999999913e+00,3.399999999999999911e+00,9.765000000000000568e+00,6.365000000000000213e+00,-7.850515520779990197e+01,4.996570216022000182e+02,2.299396778500000238e+01
1.159999999999999920e+00,3.376000000000000334e+00,9.730333333333334167e+00,6.354333333333332945e+00,-7.850510978699989550e+01,4.996562257301999921e+02,2.299477060819999963e+01
1.161000000000000032e+00,3.373000000000000220e+00,9.726000000000000867e+00,6.352999999999999758e+00,-7.850520394679990943e+01,4.996561205462999737e+02,2.299487095900000000e+01
1.169000000000000039e+00,3.361000000000000210e+00,9.714000000000000412e+00,6.352999999999999758e+00,-7.850595722519999242e+01,4.996552790750999975e+02,2.299567376539999941e+01
1.169999999999999929e+00,3.363888888888888928e+00,9.719444444444444997e+00,6.355555555555555181e+00,-7.850605138500000635e+01,4.996551738911999792e+02,2.299577411619999978e+01
1.177999999999999936e+00,3.387000000000000011e+00,9.762999999999999901e+00,6.376000000000000334e+00,-7.850525233060000119e+01,4.996552138455999739e+02,2.299417414259999859e+01
1.179999999999999938e+00,3.389444444444444482e+00,9.762999999999999901e+00,6.373555555555555863e+00,-7.850505256700000700e+01,4.996552238342000010e+02,2.299377414920000007e+01
1.187000000000000055e+00,3.398000000000000131e+00,9.762999999999999901e+00,6.365000000000000213e+00,-7.850439360380001119e+01,4.996559625910999785e+02,2.299377168939999905e+01
1.189999999999999947e+00,3.393875000000000419e+00,9.762249999999999872e+00,6.368374999999999453e+00,-7.850411119100000690e+01,4.996562792011999932e+02,2.299377063520000064e+01
1.195000000000000062e+00,3.387000000000000011e+00,9.760999999999999233e+00,6.373999999999999666e+00,-7.850411119100000690e+01,4.996562792011999932e+02,2.299377063520000064e+01
1.199999999999999956e+00,3.365333333333333510e+00,9.760999999999999233e+00,6.395666666666666167e+00,-7.850411119100000690e+01,4.996562792011999932e+02,2.299377063520000064e+01
1.203999999999999959e+00,3.347999999999999865e+00,9.760999999999999233e+00,6.413000000000000256e+00,-7.850453333979996273e+01,4.996566557488000058e+02,2.299376921280000019e+01
1.209999999999999964e+00,3.339333333333333265e+00,9.761666666666666714e+00,6.422333333333333449e+00,-7.850516656299990359e+01,4.996572205702000247e+02,2.299376707920000129e+01
1.213000000000000078e+00,3.334999999999999964e+00,9.762000000000000455e+00,6.426999999999999602e+00,-7.850486698419993559e+01,4.996572366115000250e+02,2.299346708730000088e+01
1.219999999999999973e+00,3.368249999999999744e+00,9.773374999999999702e+00,6.405125000000000846e+00,-7.850416796700000077e+01,4.996572740412000257e+02,2.299276710619999875e+01
1.221000000000000085e+00,3.373000000000000220e+00,9.775000000000000355e+00,6.402000000000000135e+00,-7.850416798919999906e+01,4.996572743940000123e+02,2.299286710559999847e+01
1.229999999999999982e+00,3.347999999999999865e+00,9.760999999999999233e+00,6.413000000000000256e+00,-7.850416818899999782e+01,4.996572775692000050e+02,2.299376710019999948e+01
1.239000000000000101e+00,3.310000000000000053e+00,9.721000000000000085e+00,6.410999999999999588e+00,-7.850501562719991000e+01,4.996563309141000104e+02,2.299467025739999926e+01
1.239999999999999991e+00,3.310222222222222399e+00,9.720888888888888246e+00,6.410666666666666735e+00,-7.850510978699989550e+01,4.996562257301999921e+02,2.299477060819999963e+01
1.247999999999999998e+00,3.311999999999999833e+00,9.720000000000000639e+00,6.408000000000000362e+00,-7.850431091019999030e+01,4.996562685069999930e+02,2.299397062979999973e+01
1.250000000000000000e+00,3.305499999999999883e+00,9.717500000000001137e+00,6.412000000000000810e+00,-7.850411119100000690e+01,4.996562792011999932e+02,2.299377063520000064e+01
1.256000000000000005e+00,3.286000000000000032e+00,9.710000000000000853e+00,6.424000000000000377e+00,-7.850534357180001166e+01,4.996568119400000114e+02,2.299436848539999900e+01
1.260000000000000009e+00,3.314000000000000501e+00,9.738444444444445125e+00,6.424444444444444180e+00,-7.850616515900000536e+01,4.996571670992000236e+02,2.299476705220000028e+01
1.264999999999999902e+00,3.349000000000000199e+00,9.773999999999999133e+00,6.424999999999999822e+00,-7.850566586099995448e+01,4.996571938347000241e+02,2.299426706570000079e+01
1.270000000000000018e+00,3.357125000000000359e+00,9.783999999999998920e+00,6.426874999999999893e+00,-7.850516656299990359e+01,4.996572205702000247e+02,2.299376707920000129e+01
1.272999999999999909e+00,3.362000000000000099e+00,9.789999999999999147e+00,6.427999999999999936e+00,-7.850543194299993388e+01,4.996566055081000286e+02,2.299406919209999955e+01
1.280000000000000027e+00,3.332444444444444098e+00,9.769000000000000128e+00,6.436555555555555586e+00,-7.850605116299999509e+01,4.996551703631999999e+02,2.299477412219999906e+01
1.282000000000000028e+00,3.323999999999999844e+00,9.762999999999999901e+00,6.439000000000000057e+00,-7.850584004419997086e+01,4.996549813838000205e+02,2.299457483459999807e+01
1.290000000000000036e+00,3.337000000000000188e+00,9.778000000000000469e+00,6.440999999999999837e+00,-7.850499556899990239e+01,4.996542254661999891e+02,2.299377768420000123e+01
1.300000000000000044e+00,3.338000000000000078e+00,9.788999999999999702e+00,6.450999999999999623e+00,-7.850704953700000033e+01,4.996551133642000195e+02,2.299477410120000087e+01
1.308000000000000052e+00,3.322999999999999954e+00,9.801000000000000156e+00,6.477999999999999758e+00,-7.850709495779999259e+01,4.996559092361999888e+02,2.299397127800000007e+01
1.310000000000000053e+00,3.320333333333333137e+00,9.798555555555555685e+00,6.478222222222221660e+00,-7.850710631299999420e+01,4.996561082041999953e+02,2.299377057219999898e+01
1.316999999999999948e+00,3.310999999999999943e+00,9.789999999999999147e+00,6.479000000000000092e+00,-7.850640729580000254e+01,4.996561456338999960e+02,2.299307059110000040e+01
1.320000000000000062e+00,3.302666666666666639e+00,9.785333333333332106e+00,6.482666666666666799e+00,-7.850610771700000612e+01,4.996561616751999964e+02,2.299277059919999999e+01
1.326000000000000068e+00,3.286000000000000032e+00,9.775999999999999801e+00,6.490000000000000213e+00,-7.850550882579993583e+01,4.996561979914000062e+02,2.299337060819999934e+01
1.330000000000000071e+00,3.285111111111111093e+00,9.782222222222221930e+00,6.497111111111111725e+00,-7.850510956499989845e+01,4.996562222022000128e+02,2.299377061419999890e+01
1.334999999999999964e+00,3.283999999999999808e+00,9.789999999999999147e+00,6.506000000000000227e+00,-7.850560886299994934e+01,4.996561954667000123e+02,2.299427060069999840e+01
1.340000000000000080e+00,3.300250000000000128e+00,9.798125000000000639e+00,6.497875000000000512e+00,-7.850610816100000022e+01,4.996561687312000117e+02,2.299477058720000144e+01
1.342999999999999972e+00,3.310000000000000053e+00,9.803000000000000824e+00,6.493000000000000327e+00,-7.850580864879997023e+01,4.996561858309000286e+02,2.299477059350000019e+01
1.350000000000000089e+00,3.320888888888888779e+00,9.811555555555555586e+00,6.490666666666666806e+00,-7.850510978699989550e+01,4.996562257301999921e+02,2.299477060819999963e+01
1.352000000000000091e+00,3.323999999999999844e+00,9.814000000000000057e+00,6.490000000000000213e+00,-7.850530941739991420e+01,4.996562136247999888e+02,2.299457060519999985e+01
1.360000000000000098e+00,3.338000000000000078e+00,9.830000000000000071e+00,6.491999999999999993e+00,-7.850610793900000317e+01,4.996561652031999756e+02,2.299377059320000072e+01
1.368999999999999995e+00,3.311999999999999833e+00,9.817000000000000171e+00,6.504999999999999893e+00,-7.850610813880000194e+01,4.996561683784000252e+02,2.299467058780000173e+01
1.370000000000000107e+00,3.307666666666666089e+00,9.814222222222221959e+00,6.506555555555555870e+00,-7.850610816100000022e+01,4.996561687312000117e+02,2.299477058720000144e+01
1.377999999999999892e+00,3.273000000000000131e+00,9.791999999999999815e+00,6.519000000000000128e+00,-7.850610798339999974e+01,4.996561659088000056e+02,2.299397059200000015e+01
1.379999999999999893e+00,3.270250000000000323e+00,9.792249999999999233e+00,6.522000000000000242e+00,-7.850610793900000317e+01,4.996561652031999756e+02,2.299377059320000072e+01
1.385999999999999899e+00,3.262000000000000011e+00,9.792999999999999261e+00,6.530999999999999694e+00,-7.850610780579999926e+01,4.996561630863999994e+02,2.299317059679999886e+01
1.389999999999999902e+00,3.245999999999999996e+00,9.788199999999999790e+00,6.542200000000000237e+00,-7.850610771700000612e+01,4.996561616751999964e+02,2.299277059919999999e+01
1.395999999999999908e+00,3.221999999999999975e+00,9.781000000000000583e+00,6.559000000000000163e+00,-7.850667267580000441e+01,4.996555305718000000e+02,2.299337270399999866e+01
1.399999999999999911e+00,3.241999999999999993e+00,9.798500000000000654e+00,6.556499999999999773e+00,-7.850704931500000328e+01,4.996551098361999834e+02,2.299377410720000015e+01
1.403999999999999915e+00,3.262000000000000011e+00,9.816000000000000725e+00,6.554000000000000270e+00,-7.850702651580000691e+01,4.996547104890000242e+02,2.299377552119999990e+01
1.409999999999999920e+00,3.261249999999999982e+00,9.828000000000001180e+00,6.566749999999999865e+00,-7.850699231699999814e+01,4.996541114682000284e+02,2.299377764220000131e+01
1.411999999999999922e+00,3.261000000000000121e+00,9.832000000000000739e+00,6.570999999999999730e+00,-7.850700371659999632e+01,4.996543111418000080e+02,2.299377693519999966e+01
1.419999999999999929e+00,3.270599999999999952e+00,9.849599999999998801e+00,6.579000000000000625e+00,-7.850704931500000328e+01,4.996551098361999834e+02,2.299377410720000015e+01
1.421999999999999931e+00,3.273000000000000131e+00,9.853999999999999204e+00,6.581000000000000405e+00,-7.850686103980000041e+01,4.996553209095999932e+02,2.299377340439999884e+01
1.429999999999999938e+00,3.298000000000000043e+00,9.893000000000000682e+00,6.594999999999999751e+00,-7.850610793900000317e+01,4.996561652031999756e+02,2.299377059320000072e+01
1.439000000000000057e+00,3.286000000000000032e+00,9.881000000000000227e+00,6.594999999999999751e+00,-7.850700647559999368e+01,4.996561139040999819e+02,2.299377057429999738e+01
1.439999999999999947e+00,3.283000000000000362e+00,9.879333333333333300e+00,6.596333333333332938e+00,-7.850710631299999420e+01,4.996561082041999953e+02,2.299377057219999898e+01
1.447999999999999954e+00,3.258999999999999897e+00,9.865999999999999659e+00,6.607000000000000206e+00,-7.850630779140000470e+01,4.996561566258000084e+02,2.299457058420000166e+01
1.449999999999999956e+00,3.256111111111111178e+00,9.865555555555555856e+00,6.609444444444444677e+00,-7.850610816100000022e+01,4.996561687312000117e+02,2.299477058720000144e+01
1.457000000000000073e+00,3.245999999999999996e+00,9.864000000000000767e+00,6.618000000000000327e+00,-7.850610800559999802e+01,4.996561662615999921e+02,2.299407059139999987e+01
1.459999999999999964e+00,3.241500000000000270e+00,9.849375000000000213e+00,6.607875000000000831e+00,-7.850610793900000317e+01,4.996561652031999756e+02,2.299377059320000072e+01
1.465000000000000080e+00,3.233999999999999986e+00,9.824999999999999289e+00,6.591000000000000192e+00,-7.850560852999994665e+01,4.996561901746999865e+02,2.299277060969999908e+01
1.469999999999999973e+00,3.226777777777777967e+00,9.818888888888888999e+00,6.592111111111111477e+00,-7.850510912099990435e+01,4.996562151461999974e+02,2.299177062620000100e+01
1.473999999999999977e+00,3.221000000000000085e+00,9.814000000000000057e+00,6.592999999999999972e+00,-7.850346576899990225e+01,4.996555020053999669e+02,2.299017349740000071e+01
1.479999999999999982e+00,3.212000000000000188e+00,9.805749999999999744e+00,6.593750000000000000e+00,-7.850100074099989911e+01,4.996544322941999781e+02,2.298777780420000028e+01
1.481999999999999984e+00,3.209000000000000075e+00,9.803000000000000824e+00,6.594000000000000306e+00,-7.849810207579992039e+01,4.996527849505999939e+02,2.298498424279999952e+01
1.489999999999999991e+00,3.231222222222221774e+00,9.835000000000000853e+00,6.603777777777778191e+00,-7.848650741500000549e+01,4.996461955762000002e+02,2.297380999720000005e+01
1.491000000000000103e+00,3.233999999999999986e+00,9.839000000000000412e+00,6.605000000000000426e+00,-7.848396835620000900e+01,4.996438290450000181e+02,2.297171889770000064e+01
1.500000000000000000e+00,3.261000000000000121e+00,9.865999999999999659e+00,6.605000000000000426e+00,-7.846111682699999790e+01,4.996225302642000088e+02,2.295289900219999879e+01
1.508000000000000007e+00,3.233999999999999986e+00,9.880000000000000782e+00,6.645999999999999908e+00,-7.843030533419999983e+01,4.995881289810000112e+02,2.292422703979999810e+01
1.510000000000000009e+00,3.231333333333333169e+00,9.883111111111110958e+00,6.651777777777777345e+00,-7.842260246099999677e+01,4.995795286602000260e+02,2.291705904919999881e+01
1.516999999999999904e+00,3.221999999999999975e+00,9.894000000000000128e+00,6.671999999999999709e+00,-7.837980660579999892e+01,4.995299565691000225e+02,2.288014322269999923e+01
1.520000000000000018e+00,3.222333333333333272e+00,9.901999999999999247e+00,6.679666666666666863e+00,-7.836146552499999984e+01,4.995087113871999804e+02,2.286432215419999991e+01
1.526000000000000023e+00,3.222999999999999865e+00,9.917999999999999261e+00,6.695000000000000284e+00,-7.831304135979999614e+01,4.994500322782000126e+02,2.282373968599999969e+01
1.530000000000000027e+00,3.209999999999999964e+00,9.911499999999998423e+00,6.701500000000000234e+00,-7.828075858299999368e+01,4.994109128722000150e+02,2.279668470720000073e+01
1.534000000000000030e+00,3.197000000000000064e+00,9.904999999999999361e+00,6.708000000000000185e+00,-7.824294182939999587e+01,4.993660925970000335e+02,2.276765105959999858e+01
1.540000000000000036e+00,3.188333333333333464e+00,9.904333333333333655e+00,6.716000000000000192e+00,-7.818621669899999915e+01,4.992988621842000043e+02,2.272410058819999890e+01
1.542999999999999927e+00,3.184000000000000163e+00,9.903999999999999915e+00,6.719999999999999751e+00,-7.816346764559999372e+01,4.992688328184000284e+02,2.270231145260000005e+01
1.550000000000000044e+00,3.163777777777777800e+00,9.893888888888888289e+00,6.730111111111110489e+00,-7.811038652099999524e+01,4.991987642981999898e+02,2.265147013620000038e+01
1.552000000000000046e+00,3.157999999999999918e+00,9.891000000000000014e+00,6.732999999999999652e+00,-7.809814065380000159e+01,4.991877879698000129e+02,2.263551148180000183e+01
1.560000000000000053e+00,3.146444444444444155e+00,9.867888888888888488e+00,6.721444444444443889e+00,-7.804915718499999855e+01,4.991438826561999917e+02,2.257167686420000052e+01
1.560999999999999943e+00,3.145000000000000018e+00,9.865000000000000213e+00,6.719999999999999751e+00,-7.804058665159999464e+01,4.991411380934000022e+02,2.256358840120000053e+01
1.568999999999999950e+00,3.157000000000000028e+00,9.903999999999999915e+00,6.746999999999999886e+00,-7.797202238440000599e+01,4.991191815909999718e+02,2.249888069720000061e+01
1.570000000000000062e+00,3.161875000000000657e+00,9.909875000000001322e+00,6.748000000000000220e+00,-7.796345185100000208e+01,4.991164370281999823e+02,2.249079223420000062e+01
1.576999999999999957e+00,3.196000000000000174e+00,9.951000000000000512e+00,6.754999999999999893e+00,-7.788694851920000417e+01,4.990905047309000224e+02,2.244820046679999948e+01
1.580000000000000071e+00,3.199600000000000222e+00,9.958500000000000796e+00,6.758899999999999686e+00,-7.785416137699999695e+01,4.990793908891999990e+02,2.242994685220000051e+01
1.586999999999999966e+00,3.208000000000000185e+00,9.976000000000000867e+00,6.767999999999999794e+00,-7.776550074619993325e+01,4.990492868599999952e+02,2.239927258480000205e+01
1.590000000000000080e+00,3.203500000000000014e+00,9.971875000000000711e+00,6.768374999999999808e+00,-7.772750333299990189e+01,4.990363851331999854e+02,2.238612647020000068e+01
1.594999999999999973e+00,3.196000000000000174e+00,9.964999999999999858e+00,6.769000000000000128e+00,-7.764635909199995467e+01,4.990274056206999944e+02,2.236067603620000099e+01
1.600000000000000089e+00,3.181555555555555248e+00,9.964444444444444215e+00,6.782888888888888523e+00,-7.756521485099999325e+01,4.990184261082000035e+02,2.233522560220000130e+01
1.604000000000000092e+00,3.169999999999999929e+00,9.964000000000000412e+00,6.793999999999999595e+00,-7.748809051739999632e+01,4.990219599989999892e+02,2.231603016660000094e+01
1.610000000000000098e+00,3.179333333333333567e+00,9.972666666666667012e+00,6.793333333333333002e+00,-7.737240401699999381e+01,4.990272608352000248e+02,2.228723701319999861e+01
1.612999999999999989e+00,3.184000000000000163e+00,9.977000000000000313e+00,6.793000000000000149e+00,-7.730553271259999804e+01,4.990349392920000469e+02,2.227432471530000058e+01
1.620000000000000107e+00,3.184000000000000163e+00,9.968444444444443775e+00,6.784444444444444500e+00,-7.714949966899999367e+01,4.990528556912000226e+02,2.224419602020000042e+01
1.622000000000000108e+00,3.184000000000000163e+00,9.965999999999999304e+00,6.782000000000000028e+00,-7.709796967619999464e+01,4.990625746727999967e+02,2.223457313180000128e+01
1.629999999999999893e+00,3.145000000000000018e+00,9.954000000000000625e+00,6.809000000000000163e+00,-7.689184970499999849e+01,4.991014505992000068e+02,2.219608157820000116e+01
1.637999999999999901e+00,3.145999999999999908e+00,9.957000000000000739e+00,6.810999999999999943e+00,-7.665765787459991998e+01,4.991539061767999783e+02,2.214554828139999998e+01
1.639999999999999902e+00,3.151555555555555443e+00,9.968333333333333712e+00,6.816777777777777381e+00,-7.659910991699989324e+01,4.991670200711999996e+02,2.213291495720000057e+01
1.647000000000000020e+00,3.170999999999999819e+00,1.000799999999999912e+01,6.836999999999999744e+00,-7.637500049999997032e+01,4.992083557299000063e+02,2.207471859939999703e+01
1.649999999999999911e+00,3.175199999999999800e+00,1.001849999999999952e+01,6.843299999999999272e+00,-7.627895360700000538e+01,4.992260710122000091e+02,2.204977730319999907e+01
1.657000000000000028e+00,3.185000000000000053e+00,1.004299999999999926e+01,6.857999999999999652e+00,-7.603950946919999865e+01,4.992444286809000005e+02,2.198746539759999763e+01
1.659999999999999920e+00,3.185000000000000053e+00,1.004374999999999929e+01,6.858749999999999680e+00,-7.593689055299999779e+01,4.992522962531999724e+02,2.196076029520000006e+01
1.665000000000000036e+00,3.185000000000000053e+00,1.004499999999999993e+01,6.860000000000000320e+00,-7.575597537599995235e+01,4.992589600242000074e+02,2.191577673869999998e+01
1.669999999999999929e+00,3.163333333333333552e+00,1.003055555555555500e+01,6.867222222222222783e+00,-7.557506019899990690e+01,4.992656237951999856e+02,2.187079318219999990e+01
1.673999999999999932e+00,3.145999999999999908e+00,1.001900000000000013e+01,6.873000000000000220e+00,-7.543342844379991163e+01,4.992831582640000079e+02,2.182356251979999939e+01
1.679999999999999938e+00,3.155749999999999833e+00,1.001750000000000007e+01,6.861749999999999794e+00,-7.522098081099990452e+01,4.993094599671999845e+02,2.175271652620000040e+01
1.681999999999999940e+00,3.158999999999999808e+00,1.001699999999999946e+01,6.857999999999999652e+00,-7.514703145379992577e+01,4.993229944397999702e+02,2.172368503779999926e+01
1.689999999999999947e+00,3.169666666666666188e+00,1.002766666666666673e+01,6.857999999999999652e+00,-7.485123402499999656e+01,4.993771323302000269e+02,2.160755908419999827e+01
1.691000000000000059e+00,3.170999999999999819e+00,1.002899999999999991e+01,6.857999999999999652e+00,-7.481234567359999232e+01,4.993802051360000291e+02,2.159375680449999635e+01
1.699000000000000066e+00,3.170999999999999819e+00,1.003999999999999915e+01,6.868999999999999773e+00,-7.450123886239998683e+01,4.994047875823999902e+02,2.148333856689999877e+01
1.699999999999999956e+00,3.169666666666666632e+00,1.004144444444444417e+01,6.871777777777777096e+00,-7.446235051099999680e+01,4.994078603881999925e+02,2.146953628720000040e+01
1.707999999999999963e+00,3.158999999999999808e+00,1.005300000000000082e+01,6.894000000000000128e+00,-7.414065901980008277e+01,4.993873958249999987e+02,2.136567937519999916e+01
1.709999999999999964e+00,3.155888888888888744e+00,1.005300000000000082e+01,6.897111111111111192e+00,-7.406023614700009716e+01,4.993822796842000002e+02,2.133971514719999973e+01
1.717000000000000082e+00,3.145000000000000018e+00,1.005300000000000082e+01,6.908000000000000362e+00,-7.376777600139995172e+01,4.993439808712000172e+02,2.125311476479999939e+01
1.719999999999999973e+00,3.145000000000000018e+00,1.005300000000000082e+01,6.908000000000000362e+00,-7.364243593899989548e+01,4.993275670941999920e+02,2.121600031519999874e+01
1.725999999999999979e+00,3.145000000000000018e+00,1.005300000000000082e+01,6.908000000000000362e+00,-7.340765239419995680e+01,4.993100200143999814e+02,2.113091389879999937e+01
1.729999999999999982e+00,3.167666666666666409e+00,1.006455555555555570e+01,6.896888888888889291e+00,-7.325113003100000242e+01,4.992983219611999743e+02,2.107418962119999861e+01
1.735000000000000098e+00,3.196000000000000174e+00,1.007900000000000063e+01,6.883000000000000007e+00,-7.304629064299999186e+01,4.992982359526999971e+02,2.100023501219999744e+01
1.739999999999999991e+00,3.196625000000000050e+00,1.007212499999999977e+01,6.875500000000000611e+00,-7.284145125499999551e+01,4.992981499442000199e+02,2.092628040319999982e+01
1.743000000000000105e+00,3.197000000000000064e+00,1.006799999999999962e+01,6.871000000000000441e+00,-7.271527042039998889e+01,4.992985912382000038e+02,2.088340663760000027e+01
1.750000000000000000e+00,3.197000000000000064e+00,1.006799999999999962e+01,6.871000000000000441e+00,-7.242084847300000661e+01,4.992996209241999850e+02,2.078336785120000130e+01
1.752000000000000002e+00,3.197000000000000064e+00,1.006799999999999962e+01,6.871000000000000441e+00,-7.232872400700000526e+01,4.992965659139999843e+02,2.075479893760000039e+01
1.760000000000000009e+00,3.197000000000000064e+00,1.007866666666666688e+01,6.881666666666666821e+00,-7.196022614299999987e+01,4.992843458731999817e+02,2.064052328320000029e+01
1.760999999999999899e+00,3.197000000000000064e+00,1.008000000000000007e+01,6.883000000000000007e+00,-7.191531640480000931e+01,4.992819519804999686e+02,2.062644162800000203e+01
1.770000000000000018e+00,3.172000000000000153e+00,1.005599999999999916e+01,6.884000000000000341e+00,-7.151112876099999482e+01,4.992604069462000211e+02,2.049970673119999987e+01
1.778000000000000025e+00,3.185000000000000053e+00,1.009299999999999997e+01,6.908000000000000362e+00,-7.114055185700000550e+01,4.992538806950000208e+02,2.037581138880000253e+01
1.780000000000000027e+00,3.185222222222222399e+00,1.009077777777777740e+01,6.905555555555555891e+00,-7.104790763100000106e+01,4.992522491322000064e+02,2.034483755320000142e+01
1.786999999999999922e+00,3.185999999999999943e+00,1.008300000000000018e+01,6.897000000000000242e+00,-7.069443778839993797e+01,4.992629007067000089e+02,2.022797784660000175e+01
1.790000000000000036e+00,3.172999999999999599e+00,1.007049999999999912e+01,6.897499999999999964e+00,-7.054295071299989672e+01,4.992674656671999855e+02,2.017789511519999834e+01
1.798999999999999932e+00,3.133999999999999897e+00,1.003299999999999947e+01,6.899000000000000021e+00,-7.007601297039998656e+01,4.992836821489000272e+02,2.002944081180000424e+01
1.800000000000000044e+00,3.132555555555555316e+00,1.003288888888888764e+01,6.900333333333333208e+00,-7.002413099899999338e+01,4.992854839802000129e+02,2.001294588920000095e+01
1.808000000000000052e+00,3.120999999999999996e+00,1.003200000000000003e+01,6.910999999999999588e+00,-6.960935041659999456e+01,4.993047161985999765e+02,1.988816949719999982e+01
1.810000000000000053e+00,3.117888888888888932e+00,1.003155555555555623e+01,6.913666666666665961e+00,-6.950565527099999485e+01,4.993095242531999816e+02,1.985697539919999954e+01
1.816999999999999948e+00,3.107000000000000206e+00,1.002999999999999936e+01,6.923000000000000043e+00,-6.915517660960000512e+01,4.993480108195000184e+02,1.972881675040000005e+01
1.820000000000000062e+00,3.119666666666667254e+00,1.004233333333333356e+01,6.922666666666666302e+00,-6.900497146899999734e+01,4.993645050622000099e+02,1.967389161519999874e+01
1.826000000000000068e+00,3.145000000000000018e+00,1.006700000000000017e+01,6.921999999999999709e+00,-6.869047583740000107e+01,4.993928889466000101e+02,1.956406072359999726e+01
1.830000000000000071e+00,3.164500000000000313e+00,1.007900000000000063e+01,6.914499999999999424e+00,-6.848081208300000355e+01,4.994118115361999912e+02,1.949084012919999864e+01
1.834000000000000075e+00,3.184000000000000163e+00,1.009099999999999930e+01,6.907000000000000028e+00,-6.827153923420000581e+01,4.994095071610000218e+02,1.942609439279999961e+01
1.840000000000000080e+00,3.166666666666666519e+00,1.008366666666666589e+01,6.916999999999999815e+00,-6.795762996099999498e+01,4.994060505982000109e+02,1.932897578820000106e+01
1.842999999999999972e+00,3.157999999999999918e+00,1.008000000000000007e+01,6.921999999999999709e+00,-6.780394544800000745e+01,4.993984401820000016e+02,1.928433653640000145e+01
1.850000000000000089e+00,3.158777777777777462e+00,1.006833333333333336e+01,6.909555555555555451e+00,-6.744534825099999864e+01,4.993806825441999990e+02,1.918017828219999998e+01
1.852000000000000091e+00,3.158999999999999808e+00,1.006499999999999950e+01,6.905999999999999694e+00,-6.734760835139998392e+01,4.993845368831999849e+02,1.914538620080000086e+01
1.860000000000000098e+00,3.146555555555555550e+00,1.005522222222222162e+01,6.908666666666666067e+00,-6.695664875299989660e+01,4.993999542391999853e+02,1.900621787520000083e+01
1.860999999999999988e+00,3.145000000000000018e+00,1.005400000000000027e+01,6.908999999999999808e+00,-6.690897936679991176e+01,4.994036118913999758e+02,1.898771545500000357e+01
1.868999999999999995e+00,3.157999999999999918e+00,1.006900000000000084e+01,6.910999999999999588e+00,-6.652762427720000460e+01,4.994328731090000133e+02,1.883969609340000062e+01
1.870000000000000107e+00,3.161000000000000476e+00,1.007022222222222396e+01,6.909222222222221710e+00,-6.647995489100000555e+01,4.994365307612000038e+02,1.882119367319999981e+01
1.877999999999999892e+00,3.185000000000000053e+00,1.008000000000000007e+01,6.894999999999999574e+00,-6.609901913420000596e+01,4.994169851851999624e+02,1.870054658919999824e+01
1.879999999999999893e+00,3.178250000000000242e+00,1.007450000000000045e+01,6.896250000000000213e+00,-6.600378519500000607e+01,4.994120987911999805e+02,1.867038481819999873e+01
1.885999999999999899e+00,3.157999999999999918e+00,1.005799999999999983e+01,6.900000000000000355e+00,-6.573136786580001001e+01,4.993774861435999810e+02,1.859016701359999857e+01
1.889999999999999902e+00,3.164222222222222047e+00,1.006333333333333258e+01,6.899111111111110972e+00,-6.554975631300000316e+01,4.993544110451999813e+02,1.853668847719999846e+01
1.895000000000000018e+00,3.172000000000000153e+00,1.007000000000000028e+01,6.897999999999999687e+00,-6.532884231699999589e+01,4.993447044891999553e+02,1.845677134719999657e+01
1.899999999999999911e+00,3.185888888888888992e+00,1.008388888888888957e+01,6.897999999999999687e+00,-6.510792832100000282e+01,4.993349979331999862e+02,1.837685421719999823e+01
1.903999999999999915e+00,3.197000000000000064e+00,1.009500000000000064e+01,6.897999999999999687e+00,-6.492659738180000772e+01,4.993378965871999640e+02,1.830848388479999755e+01
1.909999999999999920e+00,3.197000000000000064e+00,1.009433333333333316e+01,6.897333333333333094e+00,-6.465460097300000086e+01,4.993422445681999875e+02,1.820592838620000009e+01
1.913000000000000034e+00,3.197000000000000064e+00,1.009399999999999942e+01,6.897000000000000242e+00,-6.451381225099999028e+01,4.993341930833000220e+02,1.815978781199999759e+01
1.919999999999999929e+00,3.197000000000000064e+00,1.008525000000000027e+01,6.888250000000000206e+00,-6.418530523299999402e+01,4.993154062852000266e+02,1.805212647220000122e+01
1.921000000000000041e+00,3.197000000000000064e+00,1.008399999999999963e+01,6.886999999999999567e+00,-6.413958853659997317e+01,4.993111585678000210e+02,1.803895154279999957e+01
1.929999999999999938e+00,3.185000000000000053e+00,1.005700000000000038e+01,6.871999999999999886e+00,-6.372813826899989920e+01,4.992729291112000283e+02,1.792037717819999898e+01
1.937999999999999945e+00,3.170999999999999819e+00,1.004100000000000037e+01,6.870000000000000107e+00,-6.335673896179997655e+01,4.992800690408000150e+02,1.779563379820000080e+01
1.939999999999999947e+00,3.170999999999999819e+00,1.004300000000000104e+01,6.871999999999999886e+00,-6.326388913499999944e+01,4.992818540232000259e+02,1.776444795320000125e+01
1.949999999999999956e+00,3.170999999999999819e+00,1.005299999999999905e+01,6.882000000000000561e+00,-6.279138868500000115e+01,4.993392464442000005e+02,1.758534941719999978e+01
1.951999999999999957e+00,3.170999999999999819e+00,1.005499999999999972e+01,6.884000000000000341e+00,-6.269442544019999985e+01,4.993426678320000178e+02,1.755395871260000007e+01
1.959999999999999964e+00,3.137222222222222801e+00,1.003100000000000058e+01,6.893777777777777338e+00,-6.230657246100000179e+01,4.993563533831999735e+02,1.742839589420000124e+01
1.961000000000000076e+00,3.133000000000000007e+00,1.002800000000000047e+01,6.894999999999999574e+00,-6.225658257039998489e+01,4.993544523285999617e+02,1.741501363489999932e+01
1.969000000000000083e+00,3.108000000000000096e+00,1.000399999999999956e+01,6.895999999999999908e+00,-6.185666344559989938e+01,4.993392438918000380e+02,1.730795556049999817e+01
1.969999999999999973e+00,3.107888888888889145e+00,1.000499999999999901e+01,6.897111111111111192e+00,-6.180667355499989668e+01,4.993373428372000262e+02,1.729457330119999980e+01
1.977999999999999980e+00,3.107000000000000206e+00,1.001299999999999990e+01,6.905999999999999694e+00,-6.141199618219997802e+01,4.993578142244000446e+02,1.716498803400000028e+01
1.979999999999999982e+00,3.113250000000000295e+00,1.001999999999999957e+01,6.906749999999999723e+00,-6.131332683899999836e+01,4.993629320712000208e+02,1.713259171720000040e+01
1.985999999999999988e+00,3.132000000000000117e+00,1.004100000000000037e+01,6.908999999999999808e+00,-6.101914659300000210e+01,4.993997780586000204e+02,1.702452646300000083e+01
1.989999999999999991e+00,3.160444444444444390e+00,1.006366666666666632e+01,6.903222222222222371e+00,-6.082302642900000222e+01,4.994243420501999822e+02,1.695248296020000112e+01
1.995000000000000107e+00,3.196000000000000174e+00,1.009200000000000053e+01,6.895999999999999908e+00,-6.058158774799999691e+01,4.994323322806999954e+02,1.687200795719999746e+01
2.000000000000000000e+00,3.196000000000000174e+00,1.008477777777777895e+01,6.888777777777777445e+00,-6.034014906699999869e+01,4.994403225112000086e+02,1.679153295420000092e+01
2.004000000000000004e+00,3.196000000000000174e+00,1.007900000000000063e+01,6.883000000000000007e+00,-6.014087394139999532e+01,4.994306717239999784e+02,1.673681097739999757e+01
2.009999999999999787e+00,3.187000000000000277e+00,1.006174999999999997e+01,6.874750000000000583e+00,-5.984196125300000091e+01,4.994161955431999900e+02,1.665472801219999965e+01
2.012000000000000011e+00,3.184000000000000163e+00,1.005599999999999916e+01,6.871999999999999886e+00,-5.974816470979997263e+01,4.994154331903999946e+02,1.662435137019999587e+01
2.020000000000000018e+00,3.207111111111111246e+00,1.008800000000000097e+01,6.880888888888888388e+00,-5.937297853699990213e+01,4.994123837792000131e+02,1.650284480219999850e+01
2.020999999999999908e+00,3.209999999999999964e+00,1.009200000000000053e+01,6.881999999999999673e+00,-5.932748297419990280e+01,4.994155198615999893e+02,1.648524374440000173e+01
2.029999999999999805e+00,3.197400000000000464e+00,1.008120000000000083e+01,6.883799999999999919e+00,-5.891802290899990169e+01,4.994437446032000025e+02,1.632683422419999886e+01
2.031000000000000139e+00,3.196000000000000174e+00,1.008000000000000007e+01,6.884000000000000341e+00,-5.887316669519989887e+01,4.994440435367999953e+02,1.631034304099999233e+01
2.039000000000000146e+00,3.145000000000000018e+00,1.005599999999999916e+01,6.910999999999999588e+00,-5.851431698479998289e+01,4.994464350055999944e+02,1.617841357539999692e+01
2.040000000000000036e+00,3.142222222222222694e+00,1.005588888888888732e+01,6.913666666666665961e+00,-5.846946077100000139e+01,4.994467339391999872e+02,1.616192239220000104e+01
2.048000000000000043e+00,3.120000000000000107e+00,1.005499999999999972e+01,6.934999999999999609e+00,-5.810105715659999248e+01,4.994080911863999859e+02,1.605493998499999719e+01
2.049999999999999822e+00,3.123111111111110727e+00,1.005788888888888799e+01,6.934777777777777708e+00,-5.800895625300000091e+01,4.993984304982000140e+02,1.602819438319999890e+01
2.056999999999999940e+00,3.133999999999999897e+00,1.006799999999999962e+01,6.934000000000000163e+00,-5.769658540540000047e+01,4.993675340304999963e+02,1.592897223219999958e+01
2.060000000000000053e+00,3.152750000000000608e+00,1.009087500000000048e+01,6.938125000000000320e+00,-5.756271218500000231e+01,4.993542926871999725e+02,1.588644845319999988e+01
2.064999999999999947e+00,3.184000000000000163e+00,1.012899999999999956e+01,6.945000000000000284e+00,-5.733837356299999755e+01,4.993547801671999764e+02,1.580149608720000032e+01
2.069999999999999840e+00,3.197333333333333361e+00,1.015566666666666684e+01,6.958333333333333925e+00,-5.711403494099999989e+01,4.993552676471999803e+02,1.571654372120000076e+01
2.073999999999999844e+00,3.208000000000000185e+00,1.017699999999999960e+01,6.969000000000000306e+00,-5.693318422260000489e+01,4.993525411307999775e+02,1.565139314880000221e+01
2.080000000000000071e+00,3.208750000000000213e+00,1.015899999999999892e+01,6.950249999999999595e+00,-5.666190814499999817e+01,4.993484513561999734e+02,1.555366729019999994e+01
2.081999999999999851e+00,3.209000000000000075e+00,1.015300000000000047e+01,6.943999999999999950e+00,-5.656723431260000723e+01,4.993393389181999851e+02,1.552712032780000229e+01
2.089999999999999858e+00,3.185888888888889436e+00,1.013077777777777833e+01,6.944888888888889333e+00,-5.618853898300000083e+01,4.993028891661999751e+02,1.542093247819999924e+01
2.091000000000000192e+00,3.182999999999999829e+00,1.012800000000000011e+01,6.945000000000000284e+00,-5.614235961339998937e+01,4.993010646753999708e+02,1.540574908939999510e+01
2.100000000000000089e+00,3.173307692307692385e+00,1.011069230769230742e+01,6.937384615384615927e+00,-5.572674528699999996e+01,4.992846442581999895e+02,1.526909859020000049e+01
2.104000000000000092e+00,3.169000000000000039e+00,1.010299999999999976e+01,6.934000000000000163e+00,-5.553695790459999415e+01,4.993008308901999612e+02,1.519628322939999876e+01
2.109999999999999876e+00,3.177666666666666639e+00,1.011699999999999910e+01,6.939333333333333798e+00,-5.525227683100000320e+01,4.993251108381999757e+02,1.508706018820000061e+01
2.112999999999999989e+00,3.181999999999999940e+00,1.012400000000000055e+01,6.942000000000000171e+00,-5.510902085800000094e+01,4.993370057760999998e+02,1.503334974160000037e+01
2.120000000000000107e+00,3.175538461538461199e+00,1.011753846153846226e+01,6.942000000000000171e+00,-5.477475692099999804e+01,4.993647606311999994e+02,1.490802536620000041e+01
2.125999999999999890e+00,3.169999999999999929e+00,1.011200000000000010e+01,6.942000000000000171e+00,-5.447476346940000269e+01,4.993629368502000148e+02,1.481749794820000155e+01
2.129999999999999893e+00,3.164222222222222047e+00,1.010755555555555496e+01,6.943333333333333357e+00,-5.427476783499999868e+01,4.993617209962000061e+02,1.475714633619999994e+01
2.134999999999999787e+00,3.157000000000000028e+00,1.010200000000000031e+01,6.945000000000000284e+00,-5.402721233999996286e+01,4.993590620772000079e+02,1.468221030070000310e+01
2.140000000000000124e+00,3.165125000000000632e+00,1.011575000000000202e+01,6.950625000000000497e+00,-5.377965684499989862e+01,4.993564031582000098e+02,1.460727426519999916e+01
2.142999999999999794e+00,3.169999999999999929e+00,1.012400000000000055e+01,6.953999999999999737e+00,-5.363427042079991480e+01,4.993678240652000113e+02,1.455506597470000330e+01
2.149999999999999911e+00,3.160666666666666735e+00,1.011622222222222334e+01,6.955555555555555713e+00,-5.329503543099990281e+01,4.993944728481999960e+02,1.443324663019999932e+01
2.152000000000000135e+00,3.157999999999999918e+00,1.011400000000000077e+01,6.956000000000000405e+00,-5.319703796219991432e+01,4.994043431274000113e+02,1.439603336579999571e+01
2.160000000000000142e+00,3.191777777777778269e+00,1.013799999999999990e+01,6.946222222222222520e+00,-5.280504808700000297e+01,4.994438242442000160e+02,1.424718030820000081e+01
2.161000000000000032e+00,3.196000000000000174e+00,1.014100000000000001e+01,6.945000000000000284e+00,-5.275529730360000968e+01,4.994426032386000429e+02,1.423169558280000224e+01
2.169000000000000039e+00,3.182999999999999829e+00,1.014000000000000057e+01,6.956999999999999851e+00,-5.235729103639999238e+01,4.994328351937999741e+02,1.410781777959999772e+01
2.169999999999999929e+00,3.180111111111111111e+00,1.013844444444444548e+01,6.958333333333333037e+00,-5.230754025299999910e+01,4.994316141882000011e+02,1.409233305419999915e+01
2.177999999999999936e+00,3.157000000000000028e+00,1.012599999999999945e+01,6.969000000000000306e+00,-5.191823313139992990e+01,4.993917524642000103e+02,1.398295958220000301e+01
2.180000000000000160e+00,3.169750000000001400e+00,1.013250000000000028e+01,6.962749999999999773e+00,-5.182090635099989839e+01,4.993817870331999984e+02,1.395561621420000087e+01
2.185999999999999943e+00,3.208000000000000185e+00,1.015199999999999925e+01,6.943999999999999950e+00,-5.154557283219995867e+01,4.993803158032000056e+02,1.385308198860000140e+01
2.189999999999999947e+00,3.202800000000000313e+00,1.014639999999999986e+01,6.943599999999999994e+00,-5.136201715299999648e+01,4.993793349832000104e+02,1.378472583819999997e+01
2.196000000000000174e+00,3.194999999999999840e+00,1.013799999999999990e+01,6.942999999999999616e+00,-5.108457581619999388e+01,4.993935796558000106e+02,1.367373657999999814e+01
2.200000000000000178e+00,3.181999999999999940e+00,1.012450000000000117e+01,6.942499999999999893e+00,-5.089961492500000162e+01,4.994030761042000108e+02,1.359974374119999929e+01
2.204000000000000181e+00,3.169000000000000039e+00,1.011100000000000065e+01,6.942000000000000171e+00,-5.071815984179999504e+01,4.993967810849999864e+02,1.353540589839999875e+01
2.209999999999999964e+00,3.185666666666666202e+00,1.010299999999999976e+01,6.917333333333334444e+00,-5.044597721699999937e+01,4.993873385562000067e+02,1.343889913419999971e+01
2.213000000000000078e+00,3.193999999999999950e+00,1.009900000000000020e+01,6.905000000000000249e+00,-5.030564364599996452e+01,4.993714675530000022e+02,1.339818608169999870e+01
2.220000000000000195e+00,3.174555555555555131e+00,1.009744444444444333e+01,6.922888888888889092e+00,-4.997819864699989978e+01,4.993344352121999918e+02,1.330318895919999989e+01
2.221999999999999975e+00,3.169000000000000039e+00,1.009699999999999953e+01,6.927999999999999936e+00,-4.988840628899993135e+01,4.993336332473999732e+02,1.326961154540000187e+01
2.229999999999999982e+00,3.158333333333333215e+00,1.009699999999999953e+01,6.938666666666667204e+00,-4.952923685700000078e+01,4.993304253882000125e+02,1.313530189019999916e+01
2.230999999999999872e+00,3.157000000000000028e+00,1.009699999999999953e+01,6.940000000000000391e+00,-4.948391222580000459e+01,4.993330470060000152e+02,1.311660260230000219e+01
2.238999999999999879e+00,3.193999999999999950e+00,1.011100000000000065e+01,6.916999999999999815e+00,-4.912131517620001375e+01,4.993540199483999800e+02,1.296700829910000508e+01
2.240000000000000213e+00,3.192374999999999297e+00,1.011100000000000065e+01,6.918625000000000469e+00,-4.907599054500000335e+01,4.993566415661999827e+02,1.294830901119999922e+01
2.246999999999999886e+00,3.181000000000000050e+00,1.011100000000000065e+01,6.929999999999999716e+00,-4.874796044539994000e+01,4.993462114241000336e+02,1.283221802780000331e+01
2.250000000000000000e+00,3.181333333333333346e+00,1.011466666666666647e+01,6.933333333333333570e+00,-4.860737611699990168e+01,4.993417413632000148e+02,1.278246474920000075e+01
2.255999999999999783e+00,3.181999999999999940e+00,1.012199999999999989e+01,6.940000000000000391e+00,-4.831053478339990193e+01,4.993109142733999875e+02,1.269863899880000169e+01
2.259999999999999787e+00,3.175499999999999989e+00,1.012249999999999872e+01,6.947000000000000064e+00,-4.811264056099989972e+01,4.992903628802000071e+02,1.264275516520000053e+01
2.263999999999999790e+00,3.169000000000000039e+00,1.012299999999999933e+01,6.953999999999999737e+00,-4.792133844419994659e+01,4.992870325229999935e+02,1.257800905080000220e+01
2.270000000000000018e+00,3.177400000000000002e+00,1.012359999999999971e+01,6.946199999999999264e+00,-4.763438526899999914e+01,4.992820369872000015e+02,1.248088987919999937e+01
2.274000000000000021e+00,3.182999999999999829e+00,1.012400000000000055e+01,6.940999999999999837e+00,-4.744209811859999348e+01,4.993035634404000120e+02,1.240485621439999697e+01
2.279999999999999805e+00,3.191999999999999282e+00,1.012400000000000055e+01,6.932000000000000384e+00,-4.715366739299999921e+01,4.993358531201999995e+02,1.229080571719999959e+01
2.282000000000000028e+00,3.194999999999999840e+00,1.012400000000000055e+01,6.929000000000000270e+00,-4.705796378059999086e+01,4.993437951842000189e+02,1.225519875579999685e+01
2.290000000000000036e+00,3.194999999999999840e+00,1.012488888888888816e+01,6.929888888888888765e+00,-4.667514933100000007e+01,4.993755634401999828e+02,1.211277091020000007e+01
2.290999999999999925e+00,3.194999999999999840e+00,1.012500000000000000e+01,6.929999999999999716e+00,-4.662550170320000120e+01,4.993726398068000094e+02,1.209899217990000153e+01
2.298999999999999932e+00,3.194999999999999840e+00,1.013599999999999923e+01,6.940999999999999837e+00,-4.622832068079999601e+01,4.993492507395999951e+02,1.198876233749999898e+01
2.299999999999999822e+00,3.196299999999999919e+00,1.013979999999999926e+01,6.943499999999999339e+00,-4.617867305299999714e+01,4.993463271062000217e+02,1.197498360720000044e+01
2.309000000000000163e+00,3.208000000000000185e+00,1.017399999999999949e+01,6.966000000000000192e+00,-4.574624322199990445e+01,4.993353772030999949e+02,1.183921755419999755e+01
2.310000000000000053e+00,3.208000000000000185e+00,1.017562500000000014e+01,6.967624999999999957e+00,-4.569819546299989810e+01,4.993341605471999856e+02,1.182413243719999940e+01
2.317000000000000171e+00,3.208000000000000185e+00,1.018699999999999939e+01,6.979000000000000092e+00,-4.536137438259995491e+01,4.993662508578999564e+02,1.169389330299999408e+01
2.319999999999999840e+00,3.198250000000001148e+00,1.018137500000000095e+01,6.983124999999999361e+00,-4.521702249100000159e+01,4.993800038481999763e+02,1.163807653119999941e+01
2.325000000000000178e+00,3.181999999999999940e+00,1.017200000000000060e+01,6.990000000000000213e+00,-4.498202759599999467e+01,4.993956002206999756e+02,1.154657318819999645e+01
2.330000000000000071e+00,3.168071428571428427e+00,1.015842857142857270e+01,6.990357142857142492e+00,-4.474703270100000196e+01,4.994111965931999748e+02,1.145506984520000060e+01
2.338999999999999968e+00,3.142999999999999794e+00,1.013400000000000034e+01,6.990999999999999659e+00,-4.431550404179999703e+01,4.993686600767999835e+02,1.132391506099999923e+01
2.339999999999999858e+00,3.138777777777777889e+00,1.012711111111111251e+01,6.988333333333333286e+00,-4.426755641300000121e+01,4.993639337971999907e+02,1.130934230719999967e+01
2.347999999999999865e+00,3.104999999999999982e+00,1.007199999999999918e+01,6.966999999999999638e+00,-4.389116314260000706e+01,4.993257047004000242e+02,1.119036014000000279e+01
2.350000000000000089e+00,3.104999999999999982e+00,1.007124999999999915e+01,6.966249999999999609e+00,-4.379706482499999964e+01,4.993161474262000183e+02,1.116061459820000046e+01
2.355999999999999872e+00,3.104999999999999982e+00,1.006900000000000084e+01,6.964000000000000412e+00,-4.352376630580000239e+01,4.993187434587999860e+02,1.105146552740000132e+01
2.359999999999999876e+00,3.094333333333333602e+00,1.006322222222222251e+01,6.968888888888888467e+00,-4.334156729299999711e+01,4.993204741472000023e+02,1.097869948019999953e+01
2.365000000000000213e+00,3.080999999999999961e+00,1.005599999999999916e+01,6.974999999999999645e+00,-4.311627103699994024e+01,4.993305069257000355e+02,1.088671360519999531e+01
2.370000000000000107e+00,3.064750000000000529e+00,1.004162499999999980e+01,6.976874999999999716e+00,-4.289097478099989758e+01,4.993405397042000118e+02,1.079472773019999998e+01
2.373000000000000220e+00,3.055000000000000160e+00,1.003299999999999947e+01,6.977999999999999758e+00,-4.275298393219991766e+01,4.993341260924000267e+02,1.074708074529999635e+01
2.379999999999999893e+00,3.075222222222221635e+00,1.006099999999999994e+01,6.985777777777777864e+00,-4.243100528499999768e+01,4.993191609982000045e+02,1.063590444719999972e+01
2.382000000000000117e+00,3.080999999999999961e+00,1.006900000000000084e+01,6.988000000000000433e+00,-4.233320465379998865e+01,4.993114226481999935e+02,1.060755332079999746e+01
2.390000000000000124e+00,3.080999999999999961e+00,1.008233333333333270e+01,7.001333333333334075e+00,-4.194200212900000224e+01,4.992804692482000064e+02,1.049414881520000087e+01
2.391000000000000014e+00,3.080999999999999961e+00,1.008399999999999963e+01,7.003000000000000114e+00,-4.189611336460000501e+01,4.992802265128000272e+02,1.047775977340000253e+01
2.399999999999999911e+00,3.117999999999999883e+00,1.012299999999999933e+01,7.004999999999999893e+00,-4.148311448500000154e+01,4.992780418941999869e+02,1.033025839719999972e+01
2.408999999999999808e+00,3.169000000000000039e+00,1.017500000000000071e+01,7.006000000000000227e+00,-4.106731216659992612e+01,4.993057081471000060e+02,1.016645222320000563e+01
2.410000000000000142e+00,3.165874999999998884e+00,1.017350000000000065e+01,7.007625000000000881e+00,-4.102111190899989879e+01,4.993087821752000082e+02,1.014825153720000017e+01
2.416999999999999815e+00,3.144000000000000128e+00,1.016300000000000026e+01,7.019000000000000128e+00,-4.068525482519997638e+01,4.993086271790999717e+02,1.003562606620000963e+01
2.419999999999999929e+00,3.144000000000000128e+00,1.016266666666666652e+01,7.018666666666666387e+00,-4.054131607499999745e+01,4.993085607521999805e+02,9.987358007200009880e+00
2.426000000000000156e+00,3.144000000000000128e+00,1.016200000000000081e+01,7.017999999999999794e+00,-4.024705865339999633e+01,4.992914127761999907e+02,9.904683428800021616e+00
2.430000000000000160e+00,3.140307692307692466e+00,1.016200000000000081e+01,7.021692307692307899e+00,-4.005088703900000269e+01,4.992799807921999786e+02,9.849567043200030625e+00
2.439000000000000057e+00,3.132000000000000117e+00,1.016200000000000081e+01,7.030000000000000249e+00,-3.963365376560000186e+01,4.992825739019000366e+02,9.710149805400002165e+00
2.439999999999999947e+00,3.129222222222222793e+00,1.015655555555555623e+01,7.027333333333333876e+00,-3.958729451300000335e+01,4.992828620252000178e+02,9.694659001199999793e+00
2.447999999999999954e+00,3.107000000000000206e+00,1.011299999999999955e+01,7.006000000000000227e+00,-3.921132457540001326e+01,4.993222354971999835e+02,9.547402770000028127e+00
2.450000000000000178e+00,3.103499999999999925e+00,1.011249999999999893e+01,7.009000000000000341e+00,-3.911733209100000153e+01,4.993320788652000033e+02,9.510588712200030770e+00
2.455999999999999961e+00,3.092999999999999972e+00,1.011100000000000065e+01,7.017999999999999794e+00,-3.883246546740000582e+01,4.993425788874000091e+02,9.410414387400013680e+00
2.459999999999999964e+00,3.073999999999999844e+00,1.009200000000000053e+01,7.017999999999999794e+00,-3.864255438499999684e+01,4.993495789021999940e+02,9.343631504199999327e+00
2.463999999999999968e+00,3.055000000000000160e+00,1.007300000000000040e+01,7.017999999999999794e+00,-3.844329102260000042e+01,4.993331164130000275e+02,9.288933557000000008e+00
2.470000000000000195e+00,3.077800000000000313e+00,1.009520000000000017e+01,7.017400000000000304e+00,-3.814439597900000223e+01,4.993084226792000209e+02,9.206886636200000140e+00
2.474000000000000199e+00,3.092999999999999972e+00,1.010999999999999943e+01,7.017000000000000348e+00,-3.795157795659995514e+01,4.992995910280000089e+02,9.148160307000003044e+00
2.479999999999999982e+00,3.104538461538461025e+00,1.011599999999999966e+01,7.011461538461539078e+00,-3.766235092299989873e+01,4.992863435511999910e+02,9.060070813200010065e+00
2.487000000000000099e+00,3.117999999999999883e+00,1.012299999999999933e+01,7.004999999999999893e+00,-3.734505854059997176e+01,4.993166252327000052e+02,8.931933729300018499e+00
2.490000000000000213e+00,3.113666666666666583e+00,1.012233333333333363e+01,7.008666666666666600e+00,-3.720907609100000002e+01,4.993296030962000032e+02,8.877017836200019829e+00
2.495999999999999996e+00,3.104999999999999982e+00,1.012100000000000044e+01,7.016000000000000014e+00,-3.693394654100000452e+01,4.993527580010000406e+02,8.773796678400003657e+00
2.500000000000000000e+00,3.111499999999999932e+00,1.012250000000000050e+01,7.011000000000000121e+00,-3.675052684100000278e+01,4.993681946042000277e+02,8.704982573199989915e+00
2.504000000000000004e+00,3.117999999999999883e+00,1.012400000000000055e+01,7.006000000000000227e+00,-3.655970547779999436e+01,4.993592475437999951e+02,8.645856204400001133e+00
2.509999999999999787e+00,3.109999999999999876e+00,1.011466666666666647e+01,7.004666666666666153e+00,-3.627347343299999949e+01,4.993458269532000031e+02,8.557166651200020624e+00
2.512999999999999901e+00,3.105999999999999872e+00,1.010999999999999943e+01,7.003999999999999559e+00,-3.612975064199999764e+01,4.993337510375999955e+02,8.515240955500026132e+00
2.520000000000000018e+00,3.105999999999999872e+00,1.011646153846153773e+01,7.010461538461538744e+00,-3.579439746300000280e+01,4.993055739011999776e+02,8.417414332200040761e+00
2.525999999999999801e+00,3.105999999999999872e+00,1.012199999999999989e+01,7.016000000000000014e+00,-3.551772949979994110e+01,4.993017813371999978e+02,8.316688605000036816e+00
2.529999999999999805e+00,3.100222222222222435e+00,1.012111111111111050e+01,7.020888888888888957e+00,-3.533328419099989759e+01,4.992992529612000112e+02,8.249538120200030633e+00
2.535000000000000142e+00,3.092999999999999972e+00,1.011999999999999922e+01,7.027000000000000135e+00,-3.509985911399989078e+01,4.993072563956999943e+02,8.160561232700031198e+00
2.540000000000000036e+00,3.084875000000000256e+00,1.011500000000000021e+01,7.030124999999999957e+00,-3.486643403699989818e+01,4.993152598301999774e+02,8.071584345200040644e+00
2.543000000000000149e+00,3.080000000000000071e+00,1.011200000000000010e+01,7.032000000000000028e+00,-3.472430151539992238e+01,4.993099873205999870e+02,8.024834261600034324e+00
2.549999999999999822e+00,3.102749999999999009e+00,1.014437499999999837e+01,7.041624999999999801e+00,-3.439265896500000252e+01,4.992976847982000095e+02,7.915750733200029643e+00
2.551000000000000156e+00,3.105999999999999872e+00,1.014899999999999913e+01,7.043000000000000149e+00,-3.434448612119998501e+01,4.992942766718999792e+02,7.902073384800025302e+00
2.560000000000000053e+00,3.144000000000000128e+00,1.015099999999999980e+01,7.006999999999999673e+00,-3.391093052699999788e+01,4.992636035351999908e+02,7.778977249200029753e+00
2.568999999999999950e+00,3.130999999999999783e+00,1.017600000000000016e+01,7.044999999999999929e+00,-3.349985654759990439e+01,4.992793445919000419e+02,7.633212213299992221e+00
2.569999999999999840e+00,3.129555555555555646e+00,1.017722222222222150e+01,7.047666666666666302e+00,-3.345418166099990032e+01,4.992810935982000160e+02,7.617016098199989926e+00
2.577999999999999847e+00,3.117999999999999883e+00,1.018699999999999939e+01,7.068999999999999950e+00,-3.308464567219998997e+01,4.993208812141999715e+02,7.464156938200017244e+00
2.580000000000000071e+00,3.115249999999999631e+00,1.018074999999999974e+01,7.065499999999999226e+00,-3.299226167500000173e+01,4.993308281181999746e+02,7.425942148200020299e+00
2.585999999999999854e+00,3.107000000000000206e+00,1.016200000000000081e+01,7.054999999999999716e+00,-3.270404165379994055e+01,4.993246965892000162e+02,7.327027254600009698e+00
2.589999999999999858e+00,3.100777777777778077e+00,1.016111111111111143e+01,7.060333333333333350e+00,-3.251189497299989739e+01,4.993206089032000250e+02,7.261083992199999670e+00
2.595000000000000195e+00,3.092999999999999972e+00,1.016000000000000014e+01,7.067000000000000171e+00,-3.226063456599993629e+01,4.992881411661999778e+02,7.194254000700016860e+00
2.600000000000000089e+00,3.092999999999999972e+00,1.016000000000000014e+01,7.067000000000000171e+00,-3.200937415899999650e+01,4.992556734291999874e+02,7.127424009200040267e+00
2.608000000000000096e+00,3.092999999999999972e+00,1.016000000000000014e+01,7.067000000000000171e+00,-3.162453610299998985e+01,4.992379532379999887e+02,7.006771353200028862e+00
2.609999999999999876e+00,3.073000000000002174e+00,1.014577777777777889e+01,7.072777777777777608e+00,-3.152832658899999885e+01,4.992335231902000032e+02,6.976608189200029564e+00
2.616999999999999993e+00,3.003000000000000114e+00,1.009600000000000009e+01,7.092999999999999972e+00,-3.120831840120000322e+01,4.992653597144999935e+02,6.847766219300017276e+00
2.620000000000000107e+00,2.998499999999999943e+00,1.009149999999999991e+01,7.092999999999999972e+00,-3.107117203500000002e+01,4.992790039391999812e+02,6.792548232200010361e+00
2.625000000000000000e+00,2.991000000000000103e+00,1.008399999999999963e+01,7.092999999999999972e+00,-3.083632096699999892e+01,4.992971173997000278e+02,6.707036015700010623e+00
2.629999999999999893e+00,2.986384615384615415e+00,1.008823076923076911e+01,7.101846153846153697e+00,-3.060146989900000136e+01,4.993152308602000176e+02,6.621523799200009996e+00
2.637999999999999901e+00,2.979000000000000092e+00,1.009500000000000064e+01,7.115999999999999659e+00,-3.022001098700000910e+01,4.993005540962000168e+02,6.509659711200028731e+00
2.640000000000000124e+00,2.989000000000000767e+00,1.010300000000000153e+01,7.113999999999999879e+00,-3.012464625899999859e+01,4.992968849051999882e+02,6.481693689200030306e+00
2.648000000000000131e+00,3.028999999999999915e+00,1.013499999999999979e+01,7.105999999999999872e+00,-2.973949221099999107e+01,4.992736246563999885e+02,6.375460742799996083e+00
2.649999999999999911e+00,3.038499999999999091e+00,1.014749999999999908e+01,7.108999999999999986e+00,-2.964320369900000074e+01,4.992678095942000027e+02,6.348902506199990192e+00
2.656000000000000139e+00,3.067000000000000171e+00,1.018500000000000050e+01,7.118000000000000327e+00,-2.937324402139999435e+01,4.992762523562000183e+02,6.247532115600001212e+00
2.660000000000000142e+00,3.060999999999999943e+00,1.018500000000000050e+01,7.124000000000000554e+00,-2.919327090299999838e+01,4.992818808641999908e+02,6.179951855200010336e+00
2.664000000000000146e+00,3.055000000000000160e+00,1.018500000000000050e+01,7.129999999999999893e+00,-2.900664510379995420e+01,4.992902845813999875e+02,6.109963268000000447e+00
2.669999999999999929e+00,3.055428571428571605e+00,1.019100000000000072e+01,7.135571428571428676e+00,-2.872670640499989858e+01,4.993028901572000109e+02,6.004980387199990055e+00
2.677999999999999936e+00,3.056000000000000050e+00,1.019899999999999984e+01,7.142999999999999794e+00,-2.834234874739998844e+01,4.992795476179999810e+02,5.888347486400032693e+00
2.680000000000000160e+00,3.052499999999999769e+00,1.020500000000000007e+01,7.152500000000000746e+00,-2.824625933300000113e+01,4.992737119831999735e+02,5.859189261200040022e+00
2.685999999999999943e+00,3.041999999999999815e+00,1.022300000000000075e+01,7.181000000000000050e+00,-2.795272104380000400e+01,4.992481072003999998e+02,5.775944355200029356e+00
2.689999999999999947e+00,3.047777777777777697e+00,1.022877777777777908e+01,7.181000000000000050e+00,-2.775702885100000117e+01,4.992310373451999794e+02,5.720447751200019582e+00
2.694999999999999840e+00,3.055000000000000160e+00,1.023600000000000065e+01,7.181000000000000050e+00,-2.752898183400001031e+01,4.992367464251999536e+02,5.635977791200033948e+00
2.700000000000000178e+00,3.049999999999999822e+00,1.024100000000000144e+01,7.191000000000000725e+00,-2.730093481700000169e+01,4.992424555051999846e+02,5.551507831200040322e+00
2.708000000000000185e+00,3.041999999999999815e+00,1.024900000000000055e+01,7.206999999999999851e+00,-2.692841119459999177e+01,4.992720166483999833e+02,5.404285452000020307e+00
2.709999999999999964e+00,3.036444444444444724e+00,1.024033333333333395e+01,7.203888888888888786e+00,-2.683528028899999995e+01,4.992794069341999830e+02,5.367479857200019744e+00
2.717000000000000082e+00,3.016999999999999904e+00,1.021000000000000085e+01,7.192999999999999616e+00,-2.650637270159993264e+01,4.992781664354999975e+02,5.258356692700013824e+00
2.720000000000000195e+00,3.021333333333333204e+00,1.021033333333333459e+01,7.188999999999999169e+00,-2.636541230699990024e+01,4.992776347931999794e+02,5.211589622200009764e+00
2.725999999999999979e+00,3.029999999999999805e+00,1.021100000000000030e+01,7.181000000000000050e+00,-2.607337985579996342e+01,4.992573527988000137e+02,5.128325602000005645e+00
2.729999999999999982e+00,3.023499999999999854e+00,1.020449999999999946e+01,7.181000000000000050e+00,-2.587869155499999962e+01,4.992438314692000176e+02,5.072816255200000235e+00
2.733999999999999986e+00,3.016999999999999904e+00,1.019800000000000040e+01,7.181000000000000050e+00,-2.568524422060000489e+01,4.992450321400000348e+02,5.008454634800001415e+00
2.740000000000000213e+00,3.024799999999999933e+00,1.020459999999999923e+01,7.179800000000000182e+00,-2.539507321900000036e+01,4.992468331462000037e+02,4.911912204200000076e+00
2.744000000000000217e+00,3.029999999999999805e+00,1.020899999999999963e+01,7.179000000000000270e+00,-2.521291943259999613e+01,4.992633909250000102e+02,4.840693846199997985e+00
2.750000000000000000e+00,3.039000000000000146e+00,1.019924999999999926e+01,7.160249999999999559e+00,-2.493968875299999866e+01,4.992882275932000198e+02,4.733866309199999733e+00
2.751999999999999780e+00,3.041999999999999815e+00,1.019599999999999973e+01,7.153999999999999915e+00,-2.484433421740000725e+01,4.992917560449999996e+02,4.702074866400004716e+00
2.759999999999999787e+00,3.010615384615385359e+00,1.016461538461538439e+01,7.153999999999999915e+00,-2.446291607499999898e+01,4.993058698521999759e+02,4.574909095200010434e+00
2.765000000000000124e+00,2.991000000000000103e+00,1.014499999999999957e+01,7.153999999999999915e+00,-2.422128102999998944e+01,4.992928726356999505e+02,4.504508246199996790e+00
2.770000000000000018e+00,3.004888888888888943e+00,1.013888888888888928e+01,7.134000000000000341e+00,-2.397964598500000122e+01,4.992798754191999819e+02,4.434107397199990253e+00
2.774000000000000021e+00,3.016000000000000014e+00,1.013400000000000034e+01,7.118000000000000327e+00,-2.378043872419999616e+01,4.992714142063999816e+02,4.376981192800000642e+00
2.779999999999999805e+00,2.999333333333333851e+00,1.011733333333333462e+01,7.118000000000000327e+00,-2.348162783300000100e+01,4.992587223872000095e+02,4.291291886200020222e+00
2.782999999999999918e+00,2.991000000000000103e+00,1.010899999999999999e+01,7.118000000000000327e+00,-2.334396948379997028e+01,4.992633971759000246e+02,4.240605687100025278e+00
2.790000000000000036e+00,2.969125000000000014e+00,1.008712499999999856e+01,7.118000000000000327e+00,-2.302276666899989976e+01,4.992743050162000031e+02,4.122337889200039740e+00
2.790999999999999925e+00,2.966000000000000192e+00,1.008399999999999963e+01,7.118000000000000327e+00,-2.297607628679991265e+01,4.992758111582999732e+02,4.106042856200039282e+00
2.798999999999999932e+00,2.979000000000000092e+00,1.010899999999999999e+01,7.129999999999999893e+00,-2.260255322919998733e+01,4.992878602951000175e+02,3.975682592200020515e+00
2.799999999999999822e+00,2.979000000000000092e+00,1.011071428571428577e+01,7.131714285714285673e+00,-2.255586284700000022e+01,4.992893664371999876e+02,3.959387559200020057e+00
2.810000000000000053e+00,2.979000000000000092e+00,1.012785714285714178e+01,7.148857142857142577e+00,-2.208231843100000091e+01,4.992758272131999888e+02,3.815539735200020210e+00
2.813000000000000167e+00,2.979000000000000092e+00,1.013299999999999912e+01,7.153999999999999915e+00,-2.193865488219999094e+01,4.992700528236999844e+02,3.772091784300023676e+00
2.819999999999999840e+00,3.000874999999998849e+00,1.018812499999999766e+01,7.187249999999998806e+00,-2.160343993500000082e+01,4.992565792482000120e+02,3.670713232200040199e+00
2.821000000000000174e+00,3.004000000000000004e+00,1.019599999999999973e+01,7.192000000000000171e+00,-2.155659276179997619e+01,4.992570934277999868e+02,3.654621735100035185e+00
2.830000000000000071e+00,3.016000000000000014e+00,1.023300000000000054e+01,7.216999999999999638e+00,-2.113496820299990020e+01,4.992617210441999873e+02,3.509798261200039793e+00
2.838999999999999968e+00,3.004000000000000004e+00,1.024499999999999922e+01,7.240999999999999659e+00,-2.072224864739998651e+01,4.992802221902999804e+02,3.353223783400002489e+00
2.839999999999999858e+00,3.001000000000000334e+00,1.024399999999999977e+01,7.242999999999999439e+00,-2.067639091899999926e+01,4.992822778731999733e+02,3.335826619200000120e+00
2.850000000000000089e+00,2.970999999999999197e+00,1.023399999999999821e+01,7.263000000000000789e+00,-2.019813740300000049e+01,4.992739802041999724e+02,3.181961285199999878e+00
2.851999999999999869e+00,2.964999999999999858e+00,1.023199999999999932e+01,7.267000000000000348e+00,-2.010367971900000938e+01,4.992686545085999796e+02,3.153400901800008427e+00
2.859999999999999876e+00,2.964999999999999858e+00,1.022222222222222321e+01,7.257222222222222463e+00,-1.972584898299999878e+01,4.992473517262000087e+02,3.039159368200030187e+00
2.861000000000000210e+00,2.964999999999999858e+00,1.022100000000000009e+01,7.256000000000000227e+00,-1.967827453779998592e+01,4.992474080323000294e+02,3.023469650900021399e+00
2.869000000000000217e+00,2.939999999999999947e+00,1.020599999999999952e+01,7.266000000000000014e+00,-1.929767897619999673e+01,4.992478584810999678e+02,2.897951912499991955e+00
2.870000000000000107e+00,2.937111111111111228e+00,1.020599999999999952e+01,7.268888888888888289e+00,-1.925010453100000163e+01,4.992479147871999885e+02,2.882262195199989829e+00
2.878000000000000114e+00,2.914000000000000146e+00,1.020599999999999952e+01,7.291999999999999815e+00,-1.888315257259999314e+01,4.992627797960000180e+02,2.747890508799986975e+00
2.879999999999999893e+00,2.908222222222222708e+00,1.019955555555555549e+01,7.291333333333333222e+00,-1.879141458300000167e+01,4.992664960481999969e+02,2.714297587199990147e+00
2.887000000000000011e+00,2.887999999999999901e+00,1.017699999999999960e+01,7.288999999999999702e+00,-1.845489869140000394e+01,4.992670822786000144e+02,2.602369652200011707e+00
2.890000000000000124e+00,2.887999999999999901e+00,1.017725000000000080e+01,7.289250000000000007e+00,-1.831067759500000136e+01,4.992673335201999976e+02,2.554400537200019805e+00
2.899000000000000021e+00,2.887999999999999901e+00,1.017800000000000082e+01,7.290000000000000036e+00,-1.787768508219990693e+01,4.992465251754999827e+02,2.425869437499991399e+00
2.899999999999999911e+00,2.892333333333332757e+00,1.018200000000000038e+01,7.289666666666666295e+00,-1.782957480299990038e+01,4.992442131372000063e+02,2.411588204199989871e+00
2.907999999999999918e+00,2.927000000000000046e+00,1.021400000000000041e+01,7.286999999999999922e+00,-1.743645317099990777e+01,4.992357886428000029e+02,2.293304610600016780e+00
2.910000000000000142e+00,2.929444444444444962e+00,1.021688888888889046e+01,7.287444444444444613e+00,-1.733817276299989985e+01,4.992336825191999878e+02,2.263733712200020065e+00
2.916999999999999815e+00,2.938000000000000167e+00,1.022700000000000031e+01,7.288999999999999702e+00,-1.702214266959997957e+01,4.992492252939999844e+02,2.151748452100008979e+00
2.919999999999999929e+00,2.941000000000000281e+00,1.023300000000000054e+01,7.291999999999999815e+00,-1.688670120100000105e+01,4.992558864832000154e+02,2.103754769200000041e+00
2.930000000000000160e+00,2.951000000000000068e+00,1.025300000000000011e+01,7.301999999999999602e+00,-1.643163401900000054e+01,4.992852893791999804e+02,1.938751195200030031e+00
2.939000000000000057e+00,2.951999999999999957e+00,1.026800000000000068e+01,7.315999999999999837e+00,-1.600467193639999408e+01,4.992911614238000197e+02,1.804724588400028695e+00
2.939999999999999947e+00,2.955249999999999488e+00,1.027087500000000020e+01,7.315624999999999822e+00,-1.595723170499999988e+01,4.992918138731999989e+02,1.789832743200030052e+00
2.947000000000000064e+00,2.978000000000000203e+00,1.029100000000000037e+01,7.312999999999999723e+00,-1.562842667600000190e+01,4.992800851856000008e+02,1.690546622700037638e+00
2.950000000000000178e+00,2.977769230769230724e+00,1.028846153846153832e+01,7.310692307692307601e+00,-1.548751023500000024e+01,4.992750586052000017e+02,1.647995428200039969e+00
2.959999999999999964e+00,2.976999999999999869e+00,1.027999999999999936e+01,7.302999999999999936e+00,-1.501975455100000012e+01,4.992751938981999729e+02,1.499098039200029930e+00
2.968999999999999861e+00,2.927000000000000046e+00,1.024200000000000088e+01,7.315000000000000391e+00,-1.460193053020001486e+01,4.992832294941999862e+02,1.359661731300016774e+00
2.970000000000000195e+00,2.925555555555555021e+00,1.024066666666666769e+01,7.315111111111111342e+00,-1.455550563899999972e+01,4.992841223382000067e+02,1.344168808200010057e+00
2.978000000000000203e+00,2.914000000000000146e+00,1.023000000000000043e+01,7.315999999999999837e+00,-1.416275021499999198e+01,4.992821099781999692e+02,1.232262552200015682e+00
2.979999999999999982e+00,2.911333333333333773e+00,1.023222222222222300e+01,7.320888888888887891e+00,-1.406456135900000071e+01,4.992816068881999740e+02,1.204285988200020086e+00
2.987000000000000099e+00,2.902000000000000135e+00,1.024000000000000021e+01,7.338000000000000078e+00,-1.371886628200000224e+01,4.992687762549999775e+02,1.115507581000013460e+00
2.990000000000000213e+00,2.904538461538461736e+00,1.024600000000000044e+01,7.341461538461538261e+00,-1.357071124900000036e+01,4.992632774122000114e+02,1.077459692200009922e+00
3.000000000000000000e+00,2.912999999999999812e+00,1.026600000000000001e+01,7.352999999999999758e+00,-1.307942831099989967e+01,4.992548246741999947e+02,9.525979922000109568e-01
3.008999999999999897e+00,2.963999999999999968e+00,1.026699999999999946e+01,7.302999999999999936e+00,-1.265416490099998725e+01,4.992588637374000200e+02,8.374775972000215729e-01
3.009999999999999787e+00,2.962375000000000203e+00,1.026362499999999933e+01,7.301250000000000462e+00,-1.260691341100000074e+01,4.992593125221999912e+02,8.246864422000239614e-01
3.016999999999999904e+00,2.951000000000000068e+00,1.024000000000000021e+01,7.288999999999999702e+00,-1.228096552720000290e+01,4.992607819446999997e+02,7.365531949000013734e-01
3.020000000000000018e+00,2.947999999999999954e+00,1.023399999999999999e+01,7.285999999999999588e+00,-1.214127357699999976e+01,4.992614116972000033e+02,6.987818031999909474e-01
3.029999999999999805e+00,2.938000000000000167e+00,1.021400000000000041e+01,7.275999999999999801e+00,-1.165087834700000080e+01,4.992509581442000126e+02,5.889270622000339905e-01
3.039000000000000146e+00,2.924999999999999822e+00,1.022400000000000020e+01,7.299000000000000377e+00,-1.121447760619999379e+01,4.992493897573999675e+02,4.927290511000073647e-01
3.040000000000000036e+00,2.927923076923076628e+00,1.022684615384615370e+01,7.298923076923077069e+00,-1.116598863499999972e+01,4.992492154921999941e+02,4.820403832000059730e-01
3.049999999999999822e+00,2.957153846153845578e+00,1.025530769230769046e+01,7.298153846153846658e+00,-1.068204251899999946e+01,4.992464527532000034e+02,3.851571582000249960e-01
3.052000000000000046e+00,2.963000000000000078e+00,1.026099999999999923e+01,7.298000000000000043e+00,-1.058677654819999070e+01,4.992480189332000009e+02,3.663727032000247408e-01
3.060000000000000053e+00,2.911999999999999922e+00,1.022499999999999964e+01,7.312999999999999723e+00,-1.020571266500000007e+01,4.992542836531999910e+02,2.912348832000319909e-01
3.068999999999999950e+00,2.899999999999999911e+00,1.023799999999999955e+01,7.338000000000000078e+00,-9.761383784599996005e+00,4.992559487567000360e+02,2.166273681000069617e-01
3.069999999999999840e+00,2.901923076923076827e+00,1.024092307692307635e+01,7.339000000000000412e+00,-9.712013908999999501e+00,4.992561337682000158e+02,2.083376442000050011e-01
3.080000000000000071e+00,2.921153846153846434e+00,1.027015384615384619e+01,7.349000000000000199e+00,-9.222368088999960634e+00,4.992587930632000166e+02,1.364367202000029977e-01
3.081999999999999851e+00,2.924999999999999822e+00,1.027599999999999980e+01,7.350999999999999979e+00,-9.123161522999977180e+00,4.992580026617999920e+02,1.240614976000017772e-01
3.089999999999999858e+00,2.959666666666665336e+00,1.033199999999999896e+01,7.372333333333332739e+00,-8.726335259000000732e+00,4.992548410562000072e+02,7.456060719999139941e-02
3.091000000000000192e+00,2.963999999999999968e+00,1.033900000000000041e+01,7.375000000000000000e+00,-8.677219896599984494e+00,4.992542197992000297e+02,6.897368879999135616e-02
3.100000000000000089e+00,2.975999999999999979e+00,1.033900000000000041e+01,7.363000000000000433e+00,-8.235181634999989342e+00,4.992486284862000048e+02,1.869142320000839741e-02
3.109999999999999876e+00,2.956769230769231260e+00,1.032053846153846166e+01,7.363769230769230845e+00,-7.737810884999950289e+00,4.992387820782000176e+02,-3.216352479997920677e-02
3.112999999999999989e+00,2.951000000000000068e+00,1.031499999999999950e+01,7.363999999999999879e+00,-7.588968169199951319e+00,4.992370186233000027e+02,-4.472427369998880492e-02
3.120000000000000107e+00,2.951000000000000068e+00,1.031266666666666687e+01,7.361666666666666359e+00,-7.241668498999960235e+00,4.992329038952000246e+02,-7.403268780001059923e-02
3.121999999999999886e+00,2.951000000000000068e+00,1.031199999999999939e+01,7.360999999999999766e+00,-7.144961292999978397e+00,4.992337843426000177e+02,-8.341434180000344145e-02
3.129999999999999893e+00,2.951000000000000068e+00,1.030000000000000071e+01,7.349000000000000199e+00,-6.758132469000010190e+00,4.992373061321999899e+02,-1.209409577999789875e-01
3.140000000000000124e+00,2.940999999999999837e+00,1.027076923076923087e+01,7.329769230769230148e+00,-6.259224062999949822e+00,4.992356100581999954e+02,-1.578242278000130117e-01
3.142999999999999794e+00,2.938000000000000167e+00,1.026200000000000045e+01,7.323999999999999844e+00,-6.110493764999977984e+00,4.992305507652000074e+02,-1.658733445000087070e-01
3.149999999999999911e+00,2.908444444444445054e+00,1.022388888888888836e+01,7.315444444444444194e+00,-5.763456403000000172e+00,4.992187457481999786e+02,-1.846546168000010035e-01
3.152000000000000135e+00,2.899999999999999911e+00,1.021299999999999919e+01,7.312999999999999723e+00,-5.664148794599989323e+00,4.992161829803999922e+02,-1.900235183999986754e-01
3.160000000000000142e+00,2.899999999999999911e+00,1.024233333333333462e+01,7.342333333333333378e+00,-5.266918360999990334e+00,4.992059319091999896e+02,-2.114991247999870039e-01
3.161000000000000032e+00,2.899999999999999911e+00,1.024600000000000044e+01,7.346000000000000085e+00,-5.219175625999989521e+00,4.992065446630999759e+02,-2.141906833999853710e-01
3.169999999999999929e+00,2.899999999999999911e+00,1.024825000000000053e+01,7.348250000000000171e+00,-4.789491010999939569e+00,4.992120594482000229e+02,-2.384147107999730064e-01
3.173000000000000043e+00,2.899999999999999911e+00,1.024900000000000055e+01,7.349000000000000199e+00,-4.643190330799940924e+00,4.992179773249999926e+02,-2.471031001999722254e-01
3.180000000000000160e+00,2.899999999999999911e+00,1.025740000000000052e+01,7.357400000000000162e+00,-4.301822076999950006e+00,4.992317857041999787e+02,-2.673760087999699775e-01
3.182999999999999829e+00,2.899999999999999911e+00,1.026099999999999923e+01,7.360999999999999766e+00,-4.153870873599968760e+00,4.992351083034999988e+02,-2.718548473999827797e-01
3.189999999999999947e+00,2.888624999999999776e+00,1.023824999999999896e+01,7.349624999999999631e+00,-3.808651398999970183e+00,4.992428610352000078e+02,-2.823054708000140023e-01
3.190999999999999837e+00,2.887000000000000011e+00,1.023499999999999943e+01,7.347999999999999865e+00,-3.758162199999978803e+00,4.992427362111999969e+02,-2.829938032000087200e-01
3.200000000000000178e+00,2.904307692307692257e+00,1.024261538461538557e+01,7.338307692307691532e+00,-3.303759408999990210e+00,4.992416127952000124e+02,-2.891887947999620123e-01
3.204000000000000181e+00,2.911999999999999922e+00,1.024600000000000044e+01,7.333999999999999631e+00,-3.100741536999989556e+00,4.992435808036000253e+02,-2.911505879999828350e-01
3.209999999999999964e+00,2.911999999999999922e+00,1.025533333333333275e+01,7.343333333333332824e+00,-2.796214728999999899e+00,4.992465328161999878e+02,-2.940932778000139858e-01
3.213000000000000078e+00,2.911999999999999922e+00,1.025999999999999979e+01,7.347999999999999865e+00,-2.649744719799994819e+00,4.992494820489999938e+02,-2.952711072000026027e-01
3.220000000000000195e+00,2.890124999999999833e+00,1.026087499999999864e+01,7.370750000000000135e+00,-2.307981364999990070e+00,4.992563635921999889e+02,-2.980193757999760051e-01
3.221000000000000085e+00,2.887000000000000011e+00,1.026099999999999923e+01,7.373999999999999666e+00,-2.257826165599992496e+00,4.992568252757000096e+02,-2.974098432999789376e-01
3.229999999999999982e+00,2.875300000000000189e+00,1.023939999999999984e+01,7.364100000000000534e+00,-1.806429370999969919e+00,4.992609804272000247e+02,-2.919240508000049972e-01
3.230999999999999872e+00,2.874000000000000110e+00,1.023700000000000010e+01,7.363000000000000433e+00,-1.755369824199976669e+00,4.992613918090000311e+02,-2.918141429000016274e-01
3.238999999999999879e+00,2.887000000000000011e+00,1.022300000000000075e+01,7.336000000000000298e+00,-1.346893449799985820e+00,4.992646828633999689e+02,-2.909348796999744469e-01
3.240000000000000213e+00,2.889777777777778667e+00,1.022744444444444589e+01,7.337666666666667226e+00,-1.295833902999969922e+00,4.992650942451999754e+02,-2.908249717999710215e-01
3.248000000000000220e+00,2.911999999999999922e+00,1.026299999999999990e+01,7.350999999999999979e+00,-8.758565509999542975e-01,4.992634328276000133e+02,-2.899256773999902004e-01
3.250000000000000000e+00,2.916333333333332778e+00,1.026699999999999946e+01,7.350666666666667126e+00,-7.708622129999620487e-01,4.992630174732000228e+02,-2.897008537999949951e-01
3.259999999999999787e+00,2.938000000000000167e+00,1.028700000000000081e+01,7.349000000000000199e+00,-2.696798389999710555e-01,4.992565670372000000e+02,-2.915666168000040082e-01
3.270000000000000018e+00,2.911999999999999922e+00,1.024900000000000055e+01,7.336999999999999744e+00,2.216906770000400817e-01,4.992465373951999936e+02,-2.974219607999760151e-01
3.279999999999999805e+00,2.922833333333332728e+00,1.026983333333333270e+01,7.346999999999999531e+00,7.188806650000130194e-01,4.992398413231999825e+02,-3.042877777999820066e-01
3.282000000000000028e+00,2.924999999999999822e+00,1.027399999999999913e+01,7.349000000000000199e+00,8.193167702000213604e-01,4.992385633413999813e+02,-3.044609273999884236e-01
3.290000000000000036e+00,2.924999999999999822e+00,1.026422222222222125e+01,7.339222222222222314e+00,1.221061191000009982e+00,4.992334514141999762e+02,-3.051535258000139805e-01
3.290999999999999925e+00,2.924999999999999822e+00,1.026299999999999990e+01,7.338000000000000078e+00,1.270762868400006518e+00,4.992330848453999579e+02,-3.048411740000098180e-01
3.298999999999999932e+00,2.924999999999999822e+00,1.027100000000000080e+01,7.346000000000000085e+00,1.668376287600023433e+00,4.992301522950000390e+02,-3.023423595999761848e-01
3.299999999999999822e+00,2.923214285714285765e+00,1.026842857142857213e+01,7.345214285714285474e+00,1.718077965000019969e+00,4.992297857262000207e+02,-3.020300077999720223e-01
3.310000000000000053e+00,2.905357142857142971e+00,1.024271428571428544e+01,7.337357142857142911e+00,2.198721990999989995e+00,4.992321931021999717e+02,-2.999315647999620249e-01
3.313000000000000167e+00,2.899999999999999911e+00,1.023499999999999943e+01,7.334999999999999964e+00,2.346226932400016896e+00,4.992328039012999739e+02,-2.993009020999760628e-01
3.319999999999999840e+00,2.879777777777778436e+00,1.020544444444444387e+01,7.325666666666667659e+00,2.690405129000049911e+00,4.992342290991999789e+02,-2.978293558000090213e-01
3.322000000000000064e+00,2.874000000000000110e+00,1.019699999999999918e+01,7.323000000000000398e+00,2.787897592200052621e+00,4.992353872769999725e+02,-2.980117552000042247e-01
3.330000000000000071e+00,2.924999999999999822e+00,1.023499999999999943e+01,7.309999999999999609e+00,3.177867445000019941e+00,4.992400199882000038e+02,-2.987413527999849827e-01
3.339999999999999858e+00,2.934230769230768754e+00,1.023423076923076991e+01,7.299999999999999822e+00,3.683243050999990054e+00,4.992478422831999865e+02,-2.976565188000099837e-01
3.342999999999999972e+00,2.936999999999999833e+00,1.023399999999999999e+01,7.296999999999999709e+00,3.834821267599995309e+00,4.992507922260999749e+02,-2.961331968000108783e-01
3.350000000000000089e+00,2.936999999999999833e+00,1.024333333333333407e+01,7.306333333333333790e+00,4.188503772999999875e+00,4.992576754262000236e+02,-2.925787788000129841e-01
3.351999999999999869e+00,2.936999999999999833e+00,1.024600000000000044e+01,7.309000000000000163e+00,4.289601737799992875e+00,4.992588398324000423e+02,-2.925603968000130006e-01
3.359999999999999876e+00,2.937615384615384517e+00,1.023861538461538423e+01,7.301000000000000156e+00,4.693993597000010176e+00,4.992634974572000033e+02,-2.924868688000130112e-01
3.365000000000000213e+00,2.938000000000000167e+00,1.023399999999999999e+01,7.296000000000000263e+00,4.950517697000016426e+00,4.992616178931999684e+02,-2.919231682999964828e-01
3.370000000000000107e+00,2.937444444444444525e+00,1.023399999999999999e+01,7.296555555555555905e+00,5.207041796999999583e+00,4.992597383291999904e+02,-2.913594677999800098e-01
3.374000000000000110e+00,2.936999999999999833e+00,1.023399999999999999e+01,7.296999999999999709e+00,5.409112411400007758e+00,4.992572451195999861e+02,-2.933057321999784639e-01
3.379999999999999893e+00,2.948999999999999400e+00,1.023492307692307790e+01,7.285923076923077168e+00,5.712218333000009807e+00,4.992535053052000080e+02,-2.962251287999759786e-01
3.387000000000000011e+00,2.963000000000000078e+00,1.023600000000000065e+01,7.272999999999999687e+00,6.075227609000035223e+00,4.992566794762000200e+02,-3.024556138999857646e-01
3.390000000000000124e+00,2.958124999999999893e+00,1.023150000000000048e+01,7.273374999999999702e+00,6.230803013000049795e+00,4.992580398352000088e+02,-3.051258217999899824e-01
3.395000000000000018e+00,2.950000000000000178e+00,1.022400000000000020e+01,7.274000000000000021e+00,6.482465053000039390e+00,4.992623755276999873e+02,-3.095851632999975234e-01
3.399999999999999911e+00,2.950000000000000178e+00,1.021938461538461596e+01,7.269384615384614889e+00,6.734127093000029873e+00,4.992667112202000226e+02,-3.140445048000050088e-01
3.407999999999999918e+00,2.950000000000000178e+00,1.021199999999999974e+01,7.261999999999999567e+00,7.141417165000013334e+00,4.992627115369999729e+02,-3.163398039999937850e-01
3.410000000000000142e+00,2.950000000000000178e+00,1.021488888888888980e+01,7.264888888888888729e+00,7.243239683000020079e+00,4.992617116161999888e+02,-3.169136287999910206e-01
3.416999999999999815e+00,2.950000000000000178e+00,1.022499999999999964e+01,7.275000000000000355e+00,7.597879910199989872e+00,4.992518197642999667e+02,-3.139998185999784974e-01
3.419999999999999929e+00,2.954875000000000362e+00,1.023324999999999996e+01,7.278375000000000483e+00,7.749868578999990376e+00,4.992475803991999896e+02,-3.127510427999730114e-01
3.424999999999999822e+00,2.963000000000000078e+00,1.024699999999999989e+01,7.283999999999999808e+00,7.998662178000009781e+00,4.992407521872000302e+02,-3.121716027999840160e-01
3.430000000000000160e+00,2.975500000000000700e+00,1.024750000000000050e+01,7.271999999999999353e+00,8.247455777000050503e+00,4.992339239752000140e+02,-3.115921627999950205e-01
3.435000000000000053e+00,2.987999999999999989e+00,1.024799999999999933e+01,7.259999999999999787e+00,8.494880737000039872e+00,4.992335246282000298e+02,-3.120357152999829742e-01
3.439999999999999947e+00,2.987999999999999989e+00,1.024723076923076981e+01,7.259230769230769376e+00,8.742305697000029241e+00,4.992331252811999889e+02,-3.124792677999709833e-01
3.447999999999999954e+00,2.987999999999999989e+00,1.024600000000000044e+01,7.258000000000000007e+00,9.127917444200020824e+00,4.992439167292000093e+02,-3.140315685999797712e-01
3.450000000000000178e+00,2.991250000000000409e+00,1.025225000000000186e+01,7.261000000000000121e+00,9.224320381000030267e+00,4.992466145912000002e+02,-3.144196437999819960e-01
3.455999999999999961e+00,3.000999999999999890e+00,1.027100000000000080e+01,7.269999999999999574e+00,9.528674996200036773e+00,4.992525807590000113e+02,-3.119729709999700118e-01
3.459999999999999964e+00,3.006333333333333080e+00,1.027722222222222292e+01,7.270888888888888957e+00,9.731578073000049400e+00,4.992565582042000187e+02,-3.103418557999619853e-01
3.464999999999999858e+00,3.012999999999999901e+00,1.028500000000000014e+01,7.272000000000000242e+00,9.979830302000014086e+00,4.992592127241999833e+02,-3.102959952999619908e-01
3.470000000000000195e+00,3.003384615384614875e+00,1.028423076923076884e+01,7.280846153846153967e+00,1.022808253100000009e+01,4.992618672442000047e+02,-3.102501347999619963e-01
3.478000000000000203e+00,2.987999999999999989e+00,1.028299999999999947e+01,7.294999999999999929e+00,1.062889039180000950e+01,4.992591227354000125e+02,-3.061512627999659064e-01
3.479999999999999982e+00,2.985000000000000320e+00,1.027375000000000149e+01,7.288750000000000284e+00,1.072909235700000075e+01,4.992584366081999860e+02,-3.051265447999669811e-01
3.486000000000000210e+00,2.975999999999999979e+00,1.024600000000000044e+01,7.269999999999999574e+00,1.102719995820000420e+01,4.992580321410000010e+02,-3.038587933999951640e-01
3.490000000000000213e+00,2.975999999999999979e+00,1.024600000000000044e+01,7.269999999999999574e+00,1.122593835900000059e+01,4.992577624961999732e+02,-3.030136258000140081e-01
3.495999999999999996e+00,2.975999999999999979e+00,1.024600000000000044e+01,7.269999999999999574e+00,1.152873595859999512e+01,4.992594223361999752e+02,-3.035521257999996281e-01
3.500000000000000000e+00,2.987692307692307647e+00,1.025061538461538468e+01,7.262923076923076593e+00,1.173060102500000035e+01,4.992605288962000145e+02,-3.039111257999900229e-01
3.508999999999999897e+00,3.013999999999999790e+00,1.026099999999999923e+01,7.246999999999999886e+00,1.219213861280000444e+01,4.992607493314000067e+02,-3.002092070999728413e-01
3.509999999999999787e+00,3.013874999999999638e+00,1.026249999999999929e+01,7.248624999999999652e+00,1.224342056699999937e+01,4.992607738241999868e+02,-2.997978827999709939e-01
3.516999999999999904e+00,3.012999999999999901e+00,1.027299999999999969e+01,7.259999999999999787e+00,1.259163296159999668e+01,4.992652239698999779e+02,-3.011361294999779781e-01
3.520000000000000018e+00,3.009333333333333194e+00,1.026099999999999923e+01,7.251666666666666039e+00,1.274086684499999933e+01,4.992671311752000065e+02,-3.017096637999809872e-01
3.525999999999999801e+00,3.001999999999999780e+00,1.023700000000000010e+01,7.235000000000000320e+00,1.304535932099999407e+01,4.992706843253999978e+02,-3.040544781999929280e-01
3.529999999999999805e+00,3.005692307692307441e+00,1.024469230769230776e+01,7.238999999999999879e+00,1.324835430499999944e+01,4.992730530921999730e+02,-3.056176878000009811e-01
3.539000000000000146e+00,3.013999999999999790e+00,1.026200000000000045e+01,7.248000000000000220e+00,1.369741657520009603e+01,4.992707328760000109e+02,-3.091096274999659554e-01
3.540000000000000036e+00,3.016888888888888509e+00,1.026344444444444548e+01,7.246555555555556083e+00,1.374731238300010006e+01,4.992704750742000215e+02,-3.094976207999620144e-01
3.548000000000000043e+00,3.040000000000000036e+00,1.027500000000000036e+01,7.235000000000000320e+00,1.415590149340003023e+01,4.992577551086000085e+02,-3.061618287999931520e-01
3.549999999999999822e+00,3.043249999999999567e+00,1.027875000000000050e+01,7.235500000000000043e+00,1.425804877100000034e+01,4.992545751171999768e+02,-3.053278808000010058e-01
3.556000000000000050e+00,3.052999999999999936e+00,1.028999999999999915e+01,7.237000000000000099e+00,1.455189520340000442e+01,4.992551229453999895e+02,-3.058644487999865880e-01
3.560000000000000053e+00,3.048692307692307590e+00,1.028938461538461446e+01,7.240692307692307317e+00,1.474779282499999944e+01,4.992554881642000169e+02,-3.062221607999769946e-01
3.568999999999999950e+00,3.039000000000000146e+00,1.028800000000000026e+01,7.248999999999999666e+00,1.519503498920000517e+01,4.992692616336999549e+02,-3.178713378000077028e-01
3.569999999999999840e+00,3.033333333333334103e+00,1.028355555555555689e+01,7.250222222222221902e+00,1.524472856300000068e+01,4.992707920191999733e+02,-3.191656908000110038e-01
3.577999999999999847e+00,2.987999999999999989e+00,1.024799999999999933e+01,7.259999999999999787e+00,1.564601699979998983e+01,4.992736670359999493e+02,-3.198865691999918104e-01
3.580000000000000071e+00,2.990153846153846384e+00,1.024815384615384595e+01,7.258000000000000007e+00,1.574633910899999911e+01,4.992743857901999718e+02,-3.200667887999870120e-01
3.589999999999999858e+00,3.000923076923076582e+00,1.024892307692307725e+01,7.248000000000000220e+00,1.624343980500000129e+01,4.992517046951999760e+02,-3.138761447999580123e-01
3.591000000000000192e+00,3.001999999999999780e+00,1.024900000000000055e+01,7.246999999999999886e+00,1.629400290160001674e+01,4.992502851679999480e+02,-3.136598870999626198e-01
3.600000000000000089e+00,2.992307692307692335e+00,1.024830769230769256e+01,7.256000000000000227e+00,1.674907077099999952e+01,4.992375094231999810e+02,-3.117135678000049759e-01
3.604000000000000092e+00,2.987999999999999989e+00,1.024799999999999933e+01,7.259999999999999787e+00,1.694778655020000357e+01,4.992376363032000199e+02,-3.116698094000046049e-01
3.609999999999999876e+00,3.038666666666665517e+00,1.028133333333333255e+01,7.242666666666666586e+00,1.724586021900000077e+01,4.992378266232000215e+02,-3.116041718000039928e-01
3.612999999999999989e+00,3.064000000000000057e+00,1.029800000000000004e+01,7.233999999999999986e+00,1.739500847220000423e+01,4.992412334973000156e+02,-3.115830122000042834e-01
3.620000000000000107e+00,3.064538461538461434e+00,1.031146153846153979e+01,7.246923076923077467e+00,1.774302106300000048e+01,4.992491828702000021e+02,-3.115336398000049800e-01
3.625999999999999890e+00,3.064999999999999947e+00,1.032300000000000040e+01,7.258000000000000007e+00,1.803662757099999681e+01,4.992539323112000034e+02,-3.096850691999792349e-01
3.629999999999999893e+00,3.071499999999999897e+00,1.033050000000000068e+01,7.259000000000000341e+00,1.823236524300000028e+01,4.992570986051999853e+02,-3.084526887999620159e-01
3.633999999999999897e+00,3.077999999999999847e+00,1.033799999999999919e+01,7.259999999999999787e+00,1.843449313019999636e+01,4.992606198144000018e+02,-3.100201571999695593e-01
3.640000000000000124e+00,3.071999999999999620e+00,1.033246153846153881e+01,7.260461538461538744e+00,1.873768496099999936e+01,4.992659016282000266e+02,-3.123713597999809854e-01
3.646999999999999797e+00,3.064999999999999947e+00,1.032600000000000051e+01,7.261000000000000121e+00,1.909584132599999151e+01,4.992681099944999801e+02,-3.150994942999949533e-01
3.649999999999999911e+00,3.052333333333333343e+00,1.031733333333333391e+01,7.264999999999999680e+00,1.924933691100000033e+01,4.992690564371999926e+02,-3.162686948000010267e-01
3.656000000000000139e+00,3.027000000000000135e+00,1.030000000000000071e+01,7.272999999999999687e+00,1.954958423940000500e+01,4.992627537761999861e+02,-3.179796775999920166e-01
3.660000000000000142e+00,3.027000000000000135e+00,1.029692307692307729e+01,7.269923076923076266e+00,1.974974912500000102e+01,4.992585520022000196e+02,-3.191203327999859729e-01
3.669000000000000039e+00,3.027000000000000135e+00,1.028999999999999915e+01,7.262999999999999901e+00,2.020730841040000669e+01,4.992495084034999877e+02,-3.216866557999743526e-01
3.669999999999999929e+00,3.025555555555555998e+00,1.028988888888888731e+01,7.264333333333333087e+00,2.025814833100000101e+01,4.992485035592000031e+02,-3.219718027999730059e-01
3.677999999999999936e+00,3.013999999999999790e+00,1.028899999999999970e+01,7.275000000000000355e+00,2.065423454219999400e+01,4.992582875855999873e+02,-3.243182243999617187e-01
3.680000000000000160e+00,3.016000000000000014e+00,1.029069230769230714e+01,7.274692307692308013e+00,2.075325609500000112e+01,4.992607335921999834e+02,-3.249048297999589940e-01
3.689999999999999947e+00,3.026000000000000245e+00,1.029915384615384610e+01,7.273153846153846303e+00,2.125931993700000078e+01,4.992915935411999726e+02,-3.349011928000060201e-01
3.690999999999999837e+00,3.027000000000000135e+00,1.030000000000000071e+01,7.272999999999999687e+00,2.130951243139999463e+01,4.992931566597999904e+02,-3.349955425000036846e-01
3.700000000000000178e+00,3.025999999999999801e+00,1.032399999999999984e+01,7.298000000000000043e+00,2.176124488099999965e+01,4.993072247271999800e+02,-3.358446897999829983e-01
3.708000000000000185e+00,3.052000000000000046e+00,1.034800000000000075e+01,7.296000000000000263e+00,2.216401403940000847e+01,4.992981959736000022e+02,-3.277231841999900253e-01
3.709999999999999964e+00,3.051857142857143046e+00,1.034985714285714309e+01,7.298000000000000043e+00,2.226470632899999913e+01,4.992959387852000077e+02,-3.256928077999919902e-01
3.720000000000000195e+00,3.051142857142857157e+00,1.035914285714285832e+01,7.307999999999999829e+00,2.277298843100000170e+01,4.992879364702000089e+02,-3.145514317999669740e-01
3.721999999999999975e+00,3.051000000000000156e+00,1.036100000000000065e+01,7.309999999999999609e+00,2.287340155939999065e+01,4.992870606580000299e+02,-3.139260001999698568e-01
3.729999999999999982e+00,3.012999999999999901e+00,1.033399999999999963e+01,7.320999999999999730e+00,2.327505407299999973e+01,4.992835574092000002e+02,-3.114242737999809996e-01
3.740000000000000213e+00,3.004428571428571448e+00,1.031757142857142817e+01,7.313142857142857167e+00,2.378259764299999901e+01,4.992884950701999855e+02,-3.113287867999819936e-01
3.744000000000000217e+00,3.000999999999999890e+00,1.031099999999999994e+01,7.309999999999999609e+00,2.397725090700000194e+01,4.992896018742000024e+02,-3.084893711999799337e-01
3.750000000000000000e+00,2.991249999999999964e+00,1.029224999999999923e+01,7.301000000000000156e+00,2.426923080299999924e+01,4.992912620801999992e+02,-3.042302477999769827e-01
3.751999999999999780e+00,2.987999999999999989e+00,1.028599999999999959e+01,7.298000000000000043e+00,2.436855449380001204e+01,4.992919245410000144e+02,-3.042104895999767633e-01
3.759999999999999787e+00,2.962000000000000188e+00,1.027299999999999969e+01,7.310999999999999943e+00,2.476584925700009876e+01,4.992945743842000184e+02,-3.041314567999759966e-01
3.770000000000000018e+00,2.962714285714285634e+00,1.027371428571428424e+01,7.310999999999999943e+00,2.525858932099999876e+01,4.992956443162000255e+02,-3.090256497999719909e-01
3.774000000000000021e+00,2.963000000000000078e+00,1.027399999999999913e+01,7.310999999999999943e+00,2.545480657540000280e+01,4.992904116182000394e+02,-3.113635537999836500e-01
3.779999999999999805e+00,2.963000000000000078e+00,1.028149999999999942e+01,7.318499999999999339e+00,2.574913245700000175e+01,4.992825625712000033e+02,-3.148704098000010276e-01
3.782000000000000028e+00,2.963000000000000078e+00,1.028400000000000070e+01,7.320999999999999730e+00,2.584866147380001067e+01,4.992796287904000110e+02,-3.154379219999982609e-01
3.790000000000000036e+00,2.978384615384615408e+00,1.030000000000000071e+01,7.321615384615384414e+00,2.624677754100000016e+01,4.992678936671999850e+02,-3.177079707999870273e-01
3.794999999999999929e+00,2.987999999999999989e+00,1.031000000000000050e+01,7.322000000000000064e+00,2.649548653100000095e+01,4.992625488951999841e+02,-3.211338092999890259e-01
3.799999999999999822e+00,3.009666666666666490e+00,1.031722222222222207e+01,7.307555555555556026e+00,2.674419552100000175e+01,4.992572041231999833e+02,-3.245596477999910245e-01
3.803999999999999826e+00,3.027000000000000135e+00,1.032300000000000040e+01,7.296000000000000263e+00,2.695061356020003629e+01,4.992557575811999868e+02,-3.273086429999929603e-01
3.810000000000000053e+00,3.026538461538461622e+00,1.032253846153846055e+01,7.296000000000000263e+00,2.726024061900010054e+01,4.992535877682000205e+02,-3.314321357999959750e-01
3.817000000000000171e+00,3.025999999999999801e+00,1.032199999999999918e+01,7.296000000000000263e+00,2.761402207920004415e+01,4.992464563866000162e+02,-3.271282466999769212e-01
3.819999999999999840e+00,3.017333333333334089e+00,1.030966666666666676e+01,7.292333333333333556e+00,2.776564270500000120e+01,4.992434000801999900e+02,-3.252837227999689773e-01
3.826000000000000068e+00,3.000000000000000000e+00,1.028500000000000014e+01,7.285000000000000142e+00,2.806924385580000347e+01,4.992415105787999892e+02,-3.228095021999911607e-01
3.830000000000000071e+00,2.992307692307692335e+00,1.027730769230769248e+01,7.285000000000000142e+00,2.827164462300000025e+01,4.992402509112000075e+02,-3.211600218000060236e-01
3.838999999999999968e+00,2.975000000000000089e+00,1.025999999999999979e+01,7.285000000000000142e+00,2.873341546920000411e+01,4.992521781495000255e+02,-3.246994004999718686e-01
3.839999999999999858e+00,2.975125000000000242e+00,1.025975000000000037e+01,7.284625000000000128e+00,2.878472334099999941e+01,4.992535033981999959e+02,-3.250926647999680119e-01
3.846999999999999975e+00,2.975999999999999979e+00,1.025799999999999912e+01,7.282000000000000028e+00,2.913483236179999736e+01,4.992615749386000061e+02,-3.243432524999848021e-01
3.850000000000000089e+00,2.973214285714285587e+00,1.025007142857142739e+01,7.276857142857142691e+00,2.928487908500000003e+01,4.992650341702000105e+02,-3.240220757999919821e-01
3.859999999999999876e+00,2.963928571428571690e+00,1.022364285714285792e+01,7.259714285714286675e+00,2.979789947300000108e+01,4.992793061932000001e+02,-3.219582897999809790e-01
3.861000000000000210e+00,2.963000000000000078e+00,1.022100000000000009e+01,7.258000000000000007e+00,2.984718203120001689e+01,4.992810176863000038e+02,-3.220533653999786972e-01
3.869000000000000217e+00,2.975999999999999979e+00,1.024699999999999989e+01,7.270999999999999908e+00,3.024144249680000485e+01,4.992947096310999768e+02,-3.228139701999603317e-01
3.870000000000000107e+00,2.981555555555555070e+00,1.025077777777777754e+01,7.269222222222222030e+00,3.029072505499999934e+01,4.992964211241999806e+02,-3.229090457999579944e-01
3.878000000000000114e+00,3.025999999999999801e+00,1.028100000000000058e+01,7.254999999999999893e+00,3.069253895580000702e+01,4.993041282618000309e+02,-3.252468657999924573e-01
3.879999999999999893e+00,3.022000000000000242e+00,1.027746153846153909e+01,7.255461538461537963e+00,3.079299243099999828e+01,4.993060550462000151e+02,-3.258313208000009897e-01
3.890000000000000124e+00,3.001999999999999780e+00,1.025976923076922986e+01,7.257769230769230973e+00,3.128667342700000020e+01,4.993081874011999730e+02,-3.287290397999860225e-01
3.891000000000000014e+00,3.000000000000000000e+00,1.025799999999999912e+01,7.258000000000000007e+00,3.133604980779999494e+01,4.993065008599999715e+02,-3.282121020999866912e-01
3.899000000000000021e+00,3.024999999999999911e+00,1.025799999999999912e+01,7.232999999999999652e+00,3.173106085420000610e+01,4.992930085304000158e+02,-3.240766004999913186e-01
3.899999999999999911e+00,3.024071428571428743e+00,1.025621428571428595e+01,7.232142857142856762e+00,3.178043723500000084e+01,4.992913219892000143e+02,-3.235596627999919872e-01
3.910000000000000142e+00,3.014785714285713958e+00,1.023835714285714182e+01,7.223571428571428754e+00,3.227839716100000089e+01,4.992886834441999895e+02,-3.284396107999880132e-01
3.912999999999999812e+00,3.012000000000000011e+00,1.023300000000000054e+01,7.221000000000000085e+00,3.242718624759998391e+01,4.992878555644999778e+02,-3.305036041999887542e-01
3.919999999999999929e+00,3.012000000000000011e+00,1.022162500000000129e+01,7.209624999999999950e+00,3.277436078299999878e+01,4.992859238451999886e+02,-3.353195887999910196e-01
3.920999999999999819e+00,3.012000000000000011e+00,1.022000000000000064e+01,7.208000000000000185e+00,3.282463576699998953e+01,4.992842875446999642e+02,-3.351026303999902756e-01
3.930000000000000160e+00,2.994692307692307764e+00,1.020269230769230795e+01,7.208000000000000185e+00,3.327711062299999867e+01,4.992695608401999721e+02,-3.331500047999830239e-01
3.934000000000000163e+00,2.987000000000000099e+00,1.019500000000000028e+01,7.208000000000000185e+00,3.347839233100000200e+01,4.992598307389999945e+02,-3.294708759999765424e-01
3.939999999999999947e+00,2.979800000000000004e+00,1.018720000000000070e+01,7.207399999999999807e+00,3.378031489300000345e+01,4.992452355871999998e+02,-3.239521827999670145e-01
3.943999999999999950e+00,2.975000000000000089e+00,1.018200000000000038e+01,7.206999999999999851e+00,3.398634364179999778e+01,4.992365707195999676e+02,-3.222757691999822427e-01
3.950000000000000178e+00,2.994000000000000661e+00,1.018200000000000038e+01,7.187999999999998835e+00,3.429538676500000349e+01,4.992235734181999760e+02,-3.197611488000050017e-01
3.955999999999999961e+00,3.012999999999999901e+00,1.018200000000000038e+01,7.168999999999999595e+00,3.460205196820000140e+01,4.992206484050000199e+02,-3.196826088000049859e-01
3.959999999999999964e+00,3.012692307692307558e+00,1.017430769230769272e+01,7.161615384615384272e+00,3.480649543700000237e+01,4.992186983962000113e+02,-3.196302488000050124e-01
3.968999999999999861e+00,3.012000000000000011e+00,1.015700000000000003e+01,7.144999999999999574e+00,3.524908982479998087e+01,4.992349300149999749e+02,-3.258890972000101915e-01
3.970000000000000195e+00,3.013444444444445036e+00,1.015966666666666818e+01,7.146222222222221809e+00,3.529826697899999743e+01,4.992367335281999772e+02,-3.265845248000109891e-01
3.978000000000000203e+00,3.024999999999999911e+00,1.018099999999999916e+01,7.155999999999999694e+00,3.571283870540001004e+01,4.992595810617999632e+02,-3.321729439999687172e-01
3.979999999999999982e+00,3.027999999999999581e+00,1.018374999999999986e+01,7.155750000000000277e+00,3.581648163700000254e+01,4.992652929451999739e+02,-3.335700487999579966e-01
3.986000000000000210e+00,3.036999999999999922e+00,1.019200000000000017e+01,7.155000000000000249e+00,3.612235986820006417e+01,4.992761517607999622e+02,-3.317403025999663968e-01
3.990000000000000213e+00,3.033857142857142808e+00,1.018857142857142861e+01,7.154714285714286248e+00,3.632627868900009815e+01,4.992833909711999922e+02,-3.305204717999720154e-01
4.000000000000000000e+00,3.025999999999999801e+00,1.017999999999999972e+01,7.153999999999999915e+00,3.683570434500000346e+01,4.992904499502000135e+02,-3.274320307999870061e-01
4.009000000000000341e+00,3.024999999999999911e+00,1.017900000000000027e+01,7.153999999999999915e+00,3.728445722760002212e+01,4.992935463228000117e+02,-3.237431026999687544e-01
4.009999999999999787e+00,3.023555555555556218e+00,1.017877777777777837e+01,7.155222222222221262e+00,3.733431865899999735e+01,4.992938903642000241e+02,-3.233332217999669855e-01
4.017999999999999794e+00,3.012000000000000011e+00,1.017699999999999960e+01,7.165000000000000036e+00,3.773569864780000671e+01,4.992951623473999803e+02,-3.256484346000014796e-01
4.019999999999999574e+00,3.012000000000000011e+00,1.017899999999999849e+01,7.166999999999999815e+00,3.783604364499999662e+01,4.992954803431999835e+02,-3.262272378000100059e-01
4.030000000000000249e+00,3.012000000000000011e+00,1.018900000000000006e+01,7.176999999999999602e+00,3.832978119500000247e+01,4.992966213862000018e+02,-3.271214337999859834e-01
4.038999999999999702e+00,2.974000000000000199e+00,1.016499999999999915e+01,7.190999999999999837e+00,3.876092363179998301e+01,4.992923830071999873e+02,-3.288105807999958663e-01
4.040000000000000036e+00,2.971076923076922061e+00,1.016307692307692179e+01,7.192000000000000171e+00,3.880882834700000217e+01,4.992919120761999920e+02,-3.289982637999970261e-01
4.049999999999999822e+00,2.941846153846153111e+00,1.014384615384615351e+01,7.201999999999999957e+00,3.929252649099999672e+01,4.992934603292000020e+02,-3.358961688000010049e-01
4.051999999999999602e+00,2.935999999999999943e+00,1.014000000000000057e+01,7.203999999999999737e+00,3.938694959739999035e+01,4.992922389949999911e+02,-3.362708572000029927e-01
4.059999999999999609e+00,2.958222222222221198e+00,1.018444444444444308e+01,7.226222222222221880e+00,3.976464202300000039e+01,4.992873536582000042e+02,-3.377696108000109998e-01
4.060999999999999943e+00,2.960999999999999854e+00,1.018999999999999950e+01,7.229000000000000092e+00,3.981310554900001364e+01,4.992841122131999896e+02,-3.373473910000089893e-01
4.070000000000000284e+00,2.978307692307692989e+00,1.019969230769230784e+01,7.221384615384614847e+00,4.024927728299999785e+01,4.992549392082000281e+02,-3.335474127999920047e-01
4.073999999999999844e+00,2.986000000000000210e+00,1.020400000000000063e+01,7.217999999999999972e+00,4.044898492459998351e+01,4.992447100942000020e+02,-3.322668891999976948e-01
4.080000000000000071e+00,3.020666666666666611e+00,1.022133333333333383e+01,7.200666666666666771e+00,4.074854638699999754e+01,4.992293664232000197e+02,-3.303461038000060079e-01
4.083000000000000185e+00,3.037999999999999812e+00,1.023000000000000043e+01,7.192000000000000171e+00,4.090034782820000459e+01,4.992284079133000319e+02,-3.330089700999935842e-01
4.089999999999999858e+00,3.030416666666666536e+00,1.023641666666666694e+01,7.206000000000000405e+00,4.125455119099999735e+01,4.992261713902000224e+02,-3.392223247999640035e-01
4.094999999999999751e+00,3.024999999999999911e+00,1.024099999999999966e+01,7.216000000000000192e+00,4.151348595099999983e+01,4.992259283477000054e+02,-3.396638682999805203e-01
4.099999999999999645e+00,3.010555555555556317e+00,1.021377777777777851e+01,7.203222222222223081e+00,4.177242071100000231e+01,4.992256853051999883e+02,-3.401054117999969817e-01
4.104000000000000092e+00,2.999000000000000110e+00,1.019200000000000017e+01,7.192999999999999616e+00,4.196953864780000742e+01,4.992257280427999717e+02,-3.380616989999988831e-01
4.110000000000000320e+00,3.005000000000000338e+00,1.019153846153846210e+01,7.186538461538461320e+00,4.226521555299999733e+01,4.992257921492000037e+02,-3.349961298000019849e-01
4.116999999999999993e+00,3.012000000000000011e+00,1.019100000000000072e+01,7.179000000000000270e+00,4.262177361359999139e+01,4.992314322921000098e+02,-3.328366955999712551e-01
4.120000000000000107e+00,2.999000000000000110e+00,1.018666666666666742e+01,7.187666666666666870e+00,4.277458421099999697e+01,4.992338494961999800e+02,-3.319112237999580217e-01
4.126000000000000334e+00,2.972999999999999865e+00,1.017800000000000082e+01,7.205000000000000071e+00,4.308842115300002007e+01,4.992421514495999872e+02,-3.318706979999579976e-01
4.129999999999999893e+00,2.976999999999999424e+00,1.018569230769230671e+01,7.208692307692307288e+00,4.329764578099999994e+01,4.992476860851999731e+02,-3.318436807999580185e-01
4.139000000000000234e+00,2.986000000000000210e+00,1.020299999999999940e+01,7.216999999999999638e+00,4.375528163300002404e+01,4.992530893360000164e+02,-3.290609212999713873e-01
4.139999999999999680e+00,2.984666666666667467e+00,1.020299999999999940e+01,7.218333333333331936e+00,4.380613006099999751e+01,4.992536896972000022e+02,-3.287517257999730269e-01
4.147999999999999687e+00,2.974000000000000199e+00,1.020299999999999940e+01,7.229000000000000092e+00,4.421180012979997542e+01,4.992640293812000323e+02,-3.286979601999729939e-01
4.150000000000000355e+00,2.975846153846154696e+00,1.020500000000000007e+01,7.229153846153846708e+00,4.431321764700000188e+01,4.992666143022000256e+02,-3.286845187999730133e-01
4.160000000000000142e+00,2.985076923076923627e+00,1.021499999999999986e+01,7.229923076923077119e+00,4.480658606299999747e+01,4.992917661202000090e+02,-3.316635217999590046e-01
4.160999999999999588e+00,2.986000000000000210e+00,1.021599999999999930e+01,7.230000000000000426e+00,4.485722096839997874e+01,4.992943525782999927e+02,-3.327613899999607439e-01
4.168999999999999595e+00,3.049999999999999822e+00,1.027699999999999925e+01,7.227000000000000313e+00,4.526230021160007055e+01,4.993150442431000329e+02,-3.415443355999793207e-01
4.169999999999999929e+00,3.050076923076923130e+00,1.027607692307692133e+01,7.225999999999999979e+00,4.531293511700010157e+01,4.993176307012000166e+02,-3.426422037999820036e-01
4.179999999999999716e+00,3.050846153846153985e+00,1.026684615384615462e+01,7.216000000000001080e+00,4.579734753299999994e+01,4.993242136811999785e+02,-3.535577388000070154e-01
4.182000000000000384e+00,3.051000000000000156e+00,1.026500000000000057e+01,7.214000000000000412e+00,4.589691097060002534e+01,4.993206773516000112e+02,-3.551231240000034539e-01
4.190000000000000391e+00,3.083888888888890900e+00,1.028988888888888908e+01,7.205999999999999517e+00,4.629516472099999902e+01,4.993065320332000283e+02,-3.613846647999869877e-01
4.190999999999999837e+00,3.088000000000000078e+00,1.029299999999999926e+01,7.205000000000000071e+00,4.634646688879997356e+01,4.993044486085000244e+02,-3.625659094999865717e-01
4.200000000000000178e+00,3.061692307692306603e+00,1.029092307692307529e+01,7.229230769230770903e+00,4.680818639900000022e+01,4.992856977861999894e+02,-3.731971117999889898e-01
4.203999999999999737e+00,3.049999999999999822e+00,1.028999999999999915e+01,7.240000000000000213e+00,4.700558993899998228e+01,4.992737217850000206e+02,-3.755109609999776055e-01
4.209999999999999964e+00,3.041333333333333222e+00,1.028200000000000003e+01,7.240666666666666806e+00,4.730169524899999800e+01,4.992557577832000106e+02,-3.789817347999610009e-01
4.213000000000000078e+00,3.036999999999999922e+00,1.027800000000000047e+01,7.240999999999999659e+00,4.745052674480000832e+01,4.992489236541999844e+02,-3.807245262999698343e-01
4.219999999999999751e+00,3.021833333333333371e+00,1.026341666666666796e+01,7.241583333333332817e+00,4.779780023499999686e+01,4.992329773531999990e+02,-3.847910397999900201e-01
4.224999999999999645e+00,3.011000000000000121e+00,1.025300000000000011e+01,7.241999999999999993e+00,4.803893525699997724e+01,4.992287132247000159e+02,-3.852223562999779749e-01
4.230000000000000426e+00,3.024000000000001354e+00,1.025950000000000095e+01,7.235499999999999154e+00,4.828007027900000026e+01,4.992244490961999759e+02,-3.856536727999659853e-01
4.235000000000000320e+00,3.036999999999999922e+00,1.026600000000000001e+01,7.229000000000000092e+00,4.852618459699999676e+01,4.992294643701999917e+02,-3.916166557999659625e-01
4.240000000000000213e+00,3.041999999999999815e+00,1.027984615384615275e+01,7.237846153846153818e+00,4.877229891500000036e+01,4.992344796442000074e+02,-3.975796387999659953e-01
4.248000000000000220e+00,3.049999999999999822e+00,1.030199999999999960e+01,7.251999999999999780e+00,4.917776412940001052e+01,4.992343737674000295e+02,-4.022890971999892873e-01
4.250000000000000000e+00,3.055555555555555358e+00,1.029911111111111133e+01,7.243555555555555969e+00,4.927913043299999885e+01,4.992343472982000208e+02,-4.034664617999950131e-01
4.256999999999999673e+00,3.075000000000000178e+00,1.028899999999999970e+01,7.214000000000000412e+00,4.962706071079998793e+01,4.992191743285000030e+02,-3.977354939000077860e-01
4.259999999999999787e+00,3.075000000000000178e+00,1.028623076923076951e+01,7.211230769230769333e+00,4.977617368699999645e+01,4.992126716271999953e+02,-3.952793648000130222e-01
4.269999999999999574e+00,3.075000000000000178e+00,1.027699999999999925e+01,7.201999999999999957e+00,5.027641424100009715e+01,4.992051728801999957e+02,-3.951416258000129966e-01
4.277999999999999581e+00,3.076000000000000068e+00,1.024200000000000088e+01,7.166000000000000369e+00,5.067240943299999145e+01,4.992165514730000382e+02,-3.982936985999832036e-01
4.280000000000000249e+00,3.073846153846153229e+00,1.023615384615384549e+01,7.162307692307691376e+00,5.077140823100000233e+01,4.992193961212000204e+02,-3.990817167999760051e-01
4.290000000000000036e+00,3.063076923076923030e+00,1.020692307692307921e+01,7.143846153846154401e+00,5.127376445499999846e+01,4.992450221221999982e+02,-4.130604647999859824e-01
4.291000000000000369e+00,3.061999999999999833e+00,1.020400000000000063e+01,7.142000000000000348e+00,5.132658683180001447e+01,4.992461358286000177e+02,-4.127526412999871774e-01
4.299000000000000377e+00,3.088000000000000078e+00,1.021599999999999930e+01,7.128000000000000114e+00,5.174916584620002880e+01,4.992550454798000032e+02,-4.102900532999975147e-01
4.299999999999999822e+00,3.086142857142858187e+00,1.021492857142857069e+01,7.128785714285713837e+00,5.180198822300000217e+01,4.992561591862000228e+02,-4.099822297999989873e-01
4.309999999999999609e+00,3.067571428571429060e+00,1.020421428571428635e+01,7.136642857142857288e+00,5.230610738899999745e+01,4.992508992831999990e+02,-4.058515007999810020e-01
4.312999999999999723e+00,3.061999999999999833e+00,1.020100000000000051e+01,7.139000000000000234e+00,5.245790863039999152e+01,4.992499439485000039e+02,-4.076143724999893303e-01
4.320000000000000284e+00,3.039249999999998231e+00,1.016687499999999744e+01,7.127624999999999211e+00,5.281211152699999900e+01,4.992477148341999964e+02,-4.117277398000089850e-01
4.320999999999999730e+00,3.036000000000000032e+00,1.016200000000000081e+01,7.126000000000000334e+00,5.286078664219997592e+01,4.992477855111999929e+02,-4.128171681000051274e-01
4.330000000000000071e+00,3.036642857142857199e+00,1.014785714285714313e+01,7.111214285714285488e+00,5.329886267900000263e+01,4.992484216042000185e+02,-4.226220227999760159e-01
4.334999999999999964e+00,3.036999999999999922e+00,1.014000000000000057e+01,7.102999999999999758e+00,5.354601677700000550e+01,4.992439949936999710e+02,-4.245514367999859706e-01
4.339999999999999858e+00,3.041615384615384610e+00,1.014846153846153953e+01,7.106846153846153591e+00,5.379317087500000127e+01,4.992395683831999804e+02,-4.264808507999959808e-01
4.347999999999999865e+00,3.048999999999999932e+00,1.016200000000000081e+01,7.113000000000000433e+00,5.418946119660000704e+01,4.992317411784000001e+02,-4.271650827999768363e-01
4.349999999999999645e+00,3.057222222222220953e+00,1.017044444444444373e+01,7.113222222222222335e+00,5.428853377699999783e+01,4.992297843772000192e+02,-4.273361407999720085e-01
4.357000000000000206e+00,3.085999999999999854e+00,1.019999999999999929e+01,7.113999999999999879e+00,5.463019705980000396e+01,4.992261382179000293e+02,-4.314472981999923906e-01
4.360000000000000320e+00,3.079749999999999321e+00,1.019049999999999834e+01,7.110749999999999460e+00,5.477662418100000252e+01,4.992245755782000174e+02,-4.332092228000010148e-01
4.368999999999999773e+00,3.060999999999999943e+00,1.016200000000000081e+01,7.100999999999999979e+00,5.522804720519998511e+01,4.992124836426000343e+02,-4.339661443999793811e-01
4.370000000000000107e+00,3.062000000000000277e+00,1.016300000000000026e+01,7.100999999999999979e+00,5.527820531900000134e+01,4.992111400942000046e+02,-4.340502467999770020e-01
4.379999999999999893e+00,3.072000000000000064e+00,1.017300000000000004e+01,7.100999999999999979e+00,5.576044373500000262e+01,4.991856178621999902e+02,-4.248528657999620095e-01
4.383000000000000007e+00,3.075000000000000178e+00,1.017600000000000016e+01,7.100999999999999979e+00,5.590948818040001100e+01,4.991803153193000071e+02,-4.218009822999648217e-01
4.389999999999999680e+00,3.029500000000002302e+00,1.015325000000000166e+01,7.123749999999998472e+00,5.625725855299999978e+01,4.991679427192000276e+02,-4.146799207999720127e-01
4.391000000000000014e+00,3.023000000000000131e+00,1.015000000000000036e+01,7.126999999999999780e+00,5.630623019940001228e+01,4.991698367862000509e+02,-4.147757096999753479e-01
4.400000000000000355e+00,3.032000000000000473e+00,1.015138461538461456e+01,7.119384615384614534e+00,5.674697501699999691e+01,4.991868833891999770e+02,-4.156378098000049759e-01
4.403999999999999915e+00,3.036000000000000032e+00,1.015199999999999925e+01,7.115999999999999659e+00,5.694529270659997877e+01,4.992010017535999964e+02,-4.180435185999935577e-01
4.410000000000000142e+00,3.036000000000000032e+00,1.014224999999999888e+01,7.106249999999999289e+00,5.724276924099999775e+01,4.992221793002000254e+02,-4.216520817999769855e-01
4.411999999999999922e+00,3.036000000000000032e+00,1.013899999999999935e+01,7.102999999999999758e+00,5.734616070699998858e+01,4.992252775663999955e+02,-4.216400123999767824e-01
4.419999999999999929e+00,3.036615384615384716e+00,1.013838461538461466e+01,7.101769230769230390e+00,5.775972657100000163e+01,4.992376706311999897e+02,-4.215917347999760256e-01
4.424999999999999822e+00,3.036999999999999922e+00,1.013799999999999990e+01,7.100999999999999979e+00,5.801773186300000162e+01,4.992273883981999916e+02,-4.134980107999944865e-01
4.429999999999999716e+00,3.056000000000000050e+00,1.016900000000000048e+01,7.112999999999999545e+00,5.827573715500000162e+01,4.992171061651999935e+02,-4.054042868000130029e-01
4.434999999999999609e+00,3.075000000000000178e+00,1.019999999999999929e+01,7.125000000000000000e+00,5.853659640599997971e+01,4.992094696812000052e+02,-4.033193013000037075e-01
4.440000000000000391e+00,3.075384615384615383e+00,1.019115384615384556e+01,7.115769230769229736e+00,5.879745565700000043e+01,4.992018331972000169e+02,-4.012343157999940235e-01
4.448000000000000398e+00,3.076000000000000068e+00,1.017699999999999960e+01,7.100999999999999979e+00,5.920118632260000879e+01,4.992040378500000202e+02,-4.043523014000101057e-01
4.450000000000000178e+00,3.078499999999999570e+00,1.018874999999999886e+01,7.110249999999998849e+00,5.930211898900000023e+01,4.992045890132000068e+02,-4.051317978000140152e-01
4.456000000000000405e+00,3.085999999999999854e+00,1.022400000000000020e+01,7.137999999999999901e+00,5.959904805100001823e+01,4.992143040650000216e+02,-4.123000656000138653e-01
4.459999999999999964e+00,3.085999999999999854e+00,1.022030769230769209e+01,7.134307692307692683e+00,5.979700075899999945e+01,4.992207807661999936e+02,-4.170789108000130252e-01
4.469000000000000306e+00,3.085999999999999854e+00,1.021199999999999974e+01,7.126000000000000334e+00,6.025638418420002296e+01,4.992271565696000266e+02,-4.223992463999890479e-01
4.469999999999999751e+00,3.086071428571428577e+00,1.020928571428571452e+01,7.123214285714287719e+00,6.030742678699999715e+01,4.992278649922000113e+02,-4.229903947999860137e-01
4.480000000000000426e+00,3.086785714285714466e+00,1.018214285714285516e+01,7.095357142857141142e+00,6.079263406700000161e+01,4.992205202121999719e+02,-4.198565237999999922e-01
4.482999999999999652e+00,3.087000000000000188e+00,1.017399999999999949e+01,7.086999999999999744e+00,6.093734927899996734e+01,4.992173627142999521e+02,-4.201131926999927546e-01
4.490000000000000213e+00,3.074749999999998984e+00,1.017399999999999949e+01,7.099250000000000504e+00,6.127501810700000107e+01,4.992099952191999819e+02,-4.207120867999760150e-01
4.490999999999999659e+00,3.072999999999999954e+00,1.017399999999999949e+01,7.100999999999999979e+00,6.132266893059997415e+01,4.992087081413000078e+02,-4.209969474999745720e-01
4.500000000000000000e+00,3.074384615384615493e+00,1.016430769230769116e+01,7.089923076923076550e+00,6.175152634300000187e+01,4.991971244402000139e+02,-4.235606937999629729e-01
4.503999999999999559e+00,3.075000000000000178e+00,1.016000000000000014e+01,7.084999999999999964e+00,6.194799332299998440e+01,4.991875158574000011e+02,-4.210830725999740176e-01
4.509999999999999787e+00,3.092333333333333378e+00,1.016933333333333245e+01,7.076999999999999957e+00,6.224269379300000082e+01,4.991731029832000104e+02,-4.173666407999899741e-01
4.512999999999999901e+00,3.100999999999999979e+00,1.017399999999999949e+01,7.073000000000000398e+00,6.239226913160000976e+01,4.991690284476999864e+02,-4.155189794999814556e-01
4.519999999999999574e+00,3.092923076923077108e+00,1.016107692307692290e+01,7.068153846153846231e+00,6.274127825499999744e+01,4.991595211982000251e+02,-4.112077697999619863e-01
4.525999999999999801e+00,3.085999999999999854e+00,1.015000000000000036e+01,7.064000000000000057e+00,6.302483747739999131e+01,4.991613037502000338e+02,-4.063509473999735722e-01
4.530000000000000249e+00,3.097555555555556506e+00,1.015577777777777868e+01,7.058222222222221731e+00,6.321387695899999670e+01,4.991624921182000207e+02,-4.031130657999810185e-01
4.535000000000000142e+00,3.112000000000000099e+00,1.016300000000000026e+01,7.051000000000000156e+00,6.346298484499999404e+01,4.991677030852000030e+02,-4.020760277999759769e-01
4.540000000000000036e+00,3.117384615384615199e+00,1.016723076923076974e+01,7.049846153846154095e+00,6.371209273099999848e+01,4.991729140521999852e+02,-4.010389897999709907e-01
4.548000000000000043e+00,3.125999999999999890e+00,1.017399999999999949e+01,7.048000000000000043e+00,6.411627582860000985e+01,4.991671882090000167e+02,-3.881287914000003392e-01
4.549999999999999822e+00,3.125750000000000028e+00,1.017125000000000057e+01,7.045500000000000540e+00,6.421732160300000203e+01,4.991657567482000104e+02,-3.849012418000080094e-01
4.556000000000000050e+00,3.125000000000000000e+00,1.016300000000000026e+01,7.038000000000000256e+00,6.452146753700007764e+01,4.991543210163999902e+02,-3.715931499999778342e-01
4.559999999999999609e+00,3.128692307692307217e+00,1.016669230769230836e+01,7.038000000000000256e+00,6.472423149300010436e+01,4.991466971951999767e+02,-3.627210887999590128e-01
4.568999999999999950e+00,3.137000000000000011e+00,1.017500000000000071e+01,7.038000000000000256e+00,6.519139375859998609e+01,4.991589290528999641e+02,-3.671603487000074661e-01
4.570000000000000284e+00,3.134111111111110404e+00,1.017055555555555557e+01,7.036444444444444279e+00,6.524330067699999347e+01,4.991602881481999816e+02,-3.676535998000129979e-01
4.578000000000000291e+00,3.111000000000000210e+00,1.013499999999999979e+01,7.024000000000000021e+00,6.564659995060000597e+01,4.991840862145999722e+02,-3.756478958000051827e-01
4.580000000000000071e+00,3.111153846153846381e+00,1.013299999999999912e+01,7.021846153846153626e+00,6.574742476900000554e+01,4.991900357311999983e+02,-3.776464698000029929e-01
4.589999999999999858e+00,3.111923076923076792e+00,1.012300000000000111e+01,7.011076923076923428e+00,6.624318958499999610e+01,4.992083023871999785e+02,-3.836006677999759806e-01
4.591000000000000192e+00,3.112000000000000099e+00,1.012199999999999989e+01,7.009999999999999787e+00,6.629388959200001352e+01,4.992079935229999705e+02,-3.830882961999761971e-01
4.599999999999999645e+00,3.112000000000000099e+00,1.010899999999999999e+01,6.996999999999999886e+00,6.675018965499999979e+01,4.992052137452000125e+02,-3.784769517999799771e-01
4.610000000000000320e+00,3.090333333333332710e+00,1.010733333333333306e+01,7.017000000000000348e+00,6.725796166099999596e+01,4.992061508781999919e+02,-3.803673127999899761e-01
4.612000000000000099e+00,3.085999999999999854e+00,1.010699999999999932e+01,7.020999999999999908e+00,6.736103388539999060e+01,4.992078236904000050e+02,-3.817502943999906417e-01
4.620000000000000107e+00,3.096400000000000485e+00,1.010939999999999905e+01,7.012999999999999901e+00,6.777332278299999757e+01,4.992145149392000008e+02,-3.872822207999940258e-01
4.621999999999999886e+00,3.099000000000000199e+00,1.010999999999999943e+01,7.011000000000000121e+00,6.787213869059999638e+01,4.992135451062000016e+02,-3.874568179999894335e-01
4.629999999999999893e+00,3.098384615384615515e+00,1.011615384615384627e+01,7.017769230769230759e+00,6.826740232100000583e+01,4.992096657742000048e+02,-3.881552067999710087e-01
4.634999999999999787e+00,3.097999999999999865e+00,1.011999999999999922e+01,7.022000000000000242e+00,6.851804995099999473e+01,4.992054510082000434e+02,-3.865845682999775046e-01
4.639999999999999680e+00,3.114249999999999741e+00,1.011250000000000071e+01,6.998250000000000526e+00,6.876869758099999785e+01,4.992012362422000251e+02,-3.850139297999840005e-01
4.642999999999999794e+00,3.124000000000000110e+00,1.010800000000000054e+01,6.983999999999999986e+00,6.891375499339999067e+01,4.992026108917000329e+02,-3.837865025999786517e-01
4.650000000000000355e+00,3.124000000000000110e+00,1.010207692307692184e+01,6.978076923076922178e+00,6.925222228900000232e+01,4.992058184072000131e+02,-3.809225057999660047e-01
4.655999999999999694e+00,3.124000000000000110e+00,1.009699999999999953e+01,6.972999999999999865e+00,6.953448113259997854e+01,4.992093253891999893e+02,-3.772720643999831203e-01
4.660000000000000142e+00,3.106666666666665577e+00,1.008588888888888668e+01,6.979222222222222882e+00,6.972265369500000531e+01,4.992116633772000114e+02,-3.748384367999940125e-01
4.665000000000000036e+00,3.084999999999999964e+00,1.007199999999999918e+01,6.987000000000000099e+00,6.996628376399999638e+01,4.992075558582000099e+02,-3.712697247999909855e-01
4.669999999999999929e+00,3.104999999999999538e+00,1.008699999999999974e+01,6.982000000000000206e+00,7.020991383300000166e+01,4.992034483392000084e+02,-3.677010127999880140e-01
4.677999999999999936e+00,3.137000000000000011e+00,1.011100000000000065e+01,6.974000000000000199e+00,7.060453603300001646e+01,4.991827306280000016e+02,-3.611400904000030554e-01
4.679999999999999716e+00,3.130500000000000949e+00,1.010475000000000101e+01,6.974249999999999616e+00,7.070319158300000595e+01,4.991775512002000141e+02,-3.594998598000069823e-01
4.685999999999999943e+00,3.111000000000000210e+00,1.008600000000000030e+01,6.974999999999999645e+00,7.101363808099999630e+01,4.991610260560000256e+02,-3.575724845999818657e-01
4.690000000000000391e+00,3.107857142857142652e+00,1.008257142857142874e+01,6.974714285714285644e+00,7.122060241299999461e+01,4.991500092932000143e+02,-3.562875677999650104e-01
4.700000000000000178e+00,3.100000000000000089e+00,1.007399999999999984e+01,6.974000000000000199e+00,7.172811724100000674e+01,4.991379071151999938e+02,-3.591319888000070182e-01
4.709999999999999964e+00,3.128461538461538183e+00,1.010092307692307578e+01,6.972461538461538488e+00,7.221546600499999613e+01,4.991456876842000270e+02,-3.620510437999929776e-01
4.713000000000000078e+00,3.137000000000000011e+00,1.010899999999999999e+01,6.972000000000000419e+00,7.236768766580000545e+01,4.991531593558000282e+02,-3.668435725999992791e-01
4.719999999999999751e+00,3.136461538461538634e+00,1.011492307692307691e+01,6.978461538461538716e+00,7.272287154100000350e+01,4.991705932561999930e+02,-3.780261398000129835e-01
4.725999999999999979e+00,3.136000000000000121e+00,1.011999999999999922e+01,6.983999999999999986e+00,7.303501440579999837e+01,4.991769891985999834e+02,-3.797792780000045498e-01
4.730000000000000426e+00,3.148000000000001464e+00,1.013876923076923298e+01,6.990769230769231513e+00,7.324310964900000442e+01,4.991812531602000149e+02,-3.809480367999990014e-01
4.738999999999999879e+00,3.174999999999999822e+00,1.018099999999999916e+01,7.006000000000000227e+00,7.370290286039997341e+01,4.991804502396000203e+02,-3.835429365999862839e-01
4.740000000000000213e+00,3.171749999999998959e+00,1.017937499999999851e+01,7.007625000000000881e+00,7.375399099499999522e+01,4.991803610261999893e+02,-3.838312587999849756e-01
4.746999999999999886e+00,3.149000000000000021e+00,1.016799999999999926e+01,7.019000000000000128e+00,7.411813661879999415e+01,4.991759098892999873e+02,-3.837345474999843131e-01
4.750000000000000000e+00,3.157769230769231328e+00,1.017630769230769161e+01,7.018538461538462059e+00,7.427419902900000181e+01,4.991740022591999946e+02,-3.836930997999840054e-01
4.759999999999999787e+00,3.186999999999999833e+00,1.020400000000000063e+01,7.017000000000000348e+00,7.477127235700000085e+01,4.991693452591999858e+02,-3.785660587999900017e-01
4.769000000000000128e+00,3.149000000000000021e+00,1.013199999999999967e+01,6.982999999999999652e+00,7.522041099400003361e+01,4.991814750676999779e+02,-3.758089214000024381e-01
4.769999999999999574e+00,3.150999999999998913e+00,1.013307692307692243e+01,6.982076923076923514e+00,7.527031528700000251e+01,4.991828228242000023e+02,-3.755025728000039864e-01
4.780000000000000249e+00,3.171000000000000263e+00,1.014384615384615529e+01,6.972846153846153250e+00,7.575070395299999859e+01,4.992072477671999877e+02,-3.744818727999699726e-01
4.782000000000000028e+00,3.174999999999999822e+00,1.014600000000000080e+01,6.971000000000000085e+00,7.584746046339999737e+01,4.992107699455999636e+02,-3.740727723999680010e-01
4.790000000000000036e+00,3.185666666666666202e+00,1.015755555555555567e+01,6.971888888888889468e+00,7.623448650500000667e+01,4.992248586591999810e+02,-3.724363707999600037e-01
4.791000000000000369e+00,3.186999999999999833e+00,1.015900000000000070e+01,6.972000000000000419e+00,7.628276772620003499e+01,4.992248105805999785e+02,-3.724254605999601231e-01
4.799999999999999822e+00,3.160692307692309022e+00,1.013269230769230944e+01,6.972000000000000419e+00,7.671729871700010506e+01,4.992243778732000123e+02,-3.723272687999609754e-01
4.804000000000000270e+00,3.149000000000000021e+00,1.012100000000000044e+01,6.972000000000000419e+00,7.691377584500013143e+01,4.992075723532000211e+02,-3.658242279999745494e-01
4.809999999999999609e+00,3.157999999999999030e+00,1.013074999999999903e+01,6.972749999999999559e+00,7.720849153700009992e+01,4.991823640732000058e+02,-3.560696667999970200e-01
4.812000000000000277e+00,3.161000000000000032e+00,1.013400000000000034e+01,6.972999999999999865e+00,7.730953730300009852e+01,4.991739155920000144e+02,-3.544173709999889899e-01
4.820000000000000284e+00,3.168428571428571594e+00,1.014028571428571368e+01,6.971857142857142975e+00,7.771372036699999342e+01,4.991401216671999919e+02,-3.478081877999589788e-01
4.825999999999999623e+00,3.173999999999999932e+00,1.014499999999999957e+01,6.971000000000000085e+00,7.801340286979997529e+01,4.991331857860000127e+02,-3.495170621999846294e-01
4.830000000000000071e+00,3.186500000000001442e+00,1.015099999999999980e+01,6.964499999999999247e+00,7.821319120500000110e+01,4.991285618652000267e+02,-3.506563118000020074e-01
4.833999999999999631e+00,3.198999999999999844e+00,1.015700000000000003e+01,6.958000000000000185e+00,7.841339074180002910e+01,4.991307710348000342e+02,-3.522195801999866704e-01
4.839999999999999858e+00,3.198999999999999844e+00,1.015607692307692211e+01,6.957076923076923158e+00,7.871369004700009953e+01,4.991340847892000170e+02,-3.545644827999639981e-01
4.847000000000000419e+00,3.198999999999999844e+00,1.015499999999999936e+01,6.956000000000000405e+00,7.906927042180006993e+01,4.991445696271999850e+02,-3.545223721999646860e-01
4.849999999999999645e+00,3.195100000000000939e+00,1.014000000000000412e+01,6.944900000000003182e+00,7.922166201100000649e+01,4.991490631291999875e+02,-3.545043247999650204e-01
4.857000000000000206e+00,3.185999999999999943e+00,1.010500000000000043e+01,6.918999999999999595e+00,7.957049300399999936e+01,4.991549582982000288e+02,-3.537475183999818085e-01
4.860000000000000320e+00,3.185999999999999943e+00,1.010474999999999923e+01,6.918749999999999289e+00,7.971999200099999427e+01,4.991574847992000059e+02,-3.534231727999890271e-01
4.868999999999999773e+00,3.185999999999999943e+00,1.010399999999999920e+01,6.918000000000000149e+00,8.018766644939998400e+01,4.991607440456999711e+02,-3.542306392999665099e-01
4.870000000000000107e+00,3.185999999999999943e+00,1.010344444444444356e+01,6.917444444444444507e+00,8.023963027700000339e+01,4.991611061841999799e+02,-3.543203577999640141e-01
4.878000000000000114e+00,3.185999999999999943e+00,1.009900000000000020e+01,6.913000000000000256e+00,8.065335412020000661e+01,4.991566951794000033e+02,-3.502127329999679128e-01
4.879999999999999893e+00,3.188153846153845894e+00,1.009930769230769343e+01,6.911153846153846203e+00,8.075678508100000386e+01,4.991555924282000092e+02,-3.491858267999690124e-01
4.889999999999999680e+00,3.198923076923076536e+00,1.010084615384615425e+01,6.901923076923076827e+00,8.125445690899999818e+01,4.991579951151999808e+02,-3.400835338000119945e-01
4.891000000000000014e+00,3.200000000000000178e+00,1.010100000000000087e+01,6.900999999999999801e+00,8.130557944640001722e+01,4.991608122160000107e+02,-3.404821027000082823e-01
4.900000000000000355e+00,3.212000000000000188e+00,1.009999999999999964e+01,6.887999999999999901e+00,8.176568228300000385e+01,4.991861661231999960e+02,-3.440692227999739838e-01
4.910000000000000142e+00,3.201999999999999957e+00,1.007846153846153747e+01,6.876461538461538403e+00,8.226070479300000216e+01,4.992174327312000059e+02,-3.440694117999740231e-01
4.913000000000000256e+00,3.198999999999999844e+00,1.007199999999999918e+01,6.873000000000000220e+00,8.240909083860000806e+01,4.992183996318000254e+02,-3.419397996999724021e-01
4.919999999999999929e+00,3.219222222222222651e+00,1.006655555555555459e+01,6.847333333333333272e+00,8.275532494499999814e+01,4.992206557331999761e+02,-3.369707047999689897e-01
4.921999999999999709e+00,3.225000000000000089e+00,1.006499999999999950e+01,6.839999999999999858e+00,8.285274811419999708e+01,4.992160090442000069e+02,-3.347326239999757758e-01
4.929999999999999716e+00,3.233666666666666245e+00,1.007499999999999929e+01,6.841333333333333044e+00,8.324244079100000704e+01,4.991974222882000163e+02,-3.257803008000019762e-01
4.934000000000000163e+00,3.237999999999999989e+00,1.008000000000000007e+01,6.841999999999999638e+00,8.344075551660002077e+01,4.991835191406000263e+02,-3.212871039999917744e-01
4.940000000000000391e+00,3.226857142857142868e+00,1.007271428571428551e+01,6.845857142857142641e+00,8.373822760500000584e+01,4.991626644191999844e+02,-3.145473087999769990e-01
4.948000000000000398e+00,3.212000000000000188e+00,1.006300000000000061e+01,6.850999999999999979e+00,8.413554550580001035e+01,4.991508752295999898e+02,-3.192173600000002831e-01
4.950000000000000178e+00,3.208000000000000629e+00,1.006084615384615510e+01,6.852846153846154031e+00,8.423487498100000437e+01,4.991479279321999911e+02,-3.203848728000059931e-01
4.959999999999999964e+00,3.188000000000000611e+00,1.005007692307692224e+01,6.862076923076923407e+00,8.471032629100000122e+01,4.991360232182000232e+02,-3.162370777999869986e-01
4.961000000000000298e+00,3.185999999999999943e+00,1.004899999999999949e+01,6.863000000000000433e+00,8.475806844880001734e+01,4.991366451449000010e+02,-3.163286519999846114e-01
4.969999999999999751e+00,3.168000000000001037e+00,1.003169230769230857e+01,6.863692307692307537e+00,8.518774786900000606e+01,4.991422424851999722e+02,-3.171528197999630150e-01
4.974000000000000199e+00,3.160000000000000142e+00,1.002399999999999913e+01,6.863999999999999879e+00,8.538308610260000364e+01,4.991453873908000105e+02,-3.155204501999781530e-01
4.980000000000000426e+00,3.172000000000000597e+00,1.003553846153846152e+01,6.863538461538461810e+00,8.567609345299999291e+01,4.991501047492000112e+02,-3.130718958000009988e-01
4.987000000000000099e+00,3.185999999999999943e+00,1.004899999999999949e+01,6.863000000000000433e+00,8.601553874519998999e+01,4.991484626303999903e+02,-3.094905670000039355e-01
4.990000000000000213e+00,3.185999999999999943e+00,1.004633333333333312e+01,6.860333333333334060e+00,8.616101529899999889e+01,4.991477588651999895e+02,-3.079557118000050275e-01
4.996000000000000441e+00,3.185999999999999943e+00,1.004100000000000037e+01,6.855000000000000426e+00,8.647151350740001874e+01,4.991408543699999996e+02,-3.054622635999940661e-01
5.000000000000000000e+00,3.201384615384613941e+00,1.006653846153845855e+01,6.865153846153845052e+00,8.667851231299999881e+01,4.991362513732000252e+02,-3.037999647999869990e-01
5.009000000000000341e+00,3.236000000000000210e+00,1.012400000000000055e+01,6.887999999999999901e+00,8.714300260100003470e+01,4.991321235240999954e+02,-3.027820657000076521e-01
5.009999999999999787e+00,3.233222222222223774e+00,1.011888888888889149e+01,6.885666666666668156e+00,8.719461263300000553e+01,4.991316648741999984e+02,-3.026689658000100147e-01
5.017999999999999794e+00,3.210999999999999854e+00,1.007799999999999940e+01,6.866999999999999993e+00,8.760286066020000817e+01,4.991389550453999959e+02,-3.002038521999755294e-01
5.019999999999999574e+00,3.209166666666666945e+00,1.007649999999999935e+01,6.867333333333332845e+00,8.770492266700000528e+01,4.991407775882000237e+02,-2.995875737999669775e-01
5.030000000000000249e+00,3.200000000000000178e+00,1.006900000000000084e+01,6.868999999999999773e+00,8.821309747499999787e+01,4.991697512712000275e+02,-3.105768187999919938e-01
5.040000000000000036e+00,3.208461538461538254e+00,1.006900000000000084e+01,6.860538461538461696e+00,8.871750478100000237e+01,4.991945352381999896e+02,-3.125520618000010020e-01
5.043000000000000149e+00,3.210999999999999854e+00,1.006900000000000084e+01,6.857999999999999652e+00,8.886993076880000331e+01,4.991984265442000037e+02,-3.134318879999968277e-01
5.049999999999999822e+00,3.204538461538461558e+00,1.005553846153846287e+01,6.850999999999999979e+00,8.922559140699999602e+01,4.992075062581999987e+02,-3.154848157999869951e-01
5.056000000000000050e+00,3.198999999999999844e+00,1.004400000000000048e+01,6.844999999999999751e+00,8.953129648780002015e+01,4.992003429853999705e+02,-3.087914935999716004e-01
5.059999999999999609e+00,3.198999999999999844e+00,1.004311111111111110e+01,6.844111111111111256e+00,8.973509987500000307e+01,4.991955674701999897e+02,-3.043292787999620219e-01
5.065000000000000391e+00,3.198999999999999844e+00,1.004199999999999982e+01,6.842999999999999972e+00,8.998295154300002707e+01,4.991876927111999862e+02,-3.012463397999762260e-01
5.070000000000000284e+00,3.189384615384615262e+00,1.002700000000000102e+01,6.837615384615384428e+00,9.023080321099999423e+01,4.991798179521999828e+02,-2.981634007999909852e-01
5.078000000000000291e+00,3.173999999999999932e+00,1.000300000000000011e+01,6.828999999999999737e+00,9.063772867340000516e+01,4.991822050018000141e+02,-3.012813192000070583e-01
5.080000000000000071e+00,3.177428571428571047e+00,1.000657142857142823e+01,6.829142857142857181e+00,9.073946003899999369e+01,4.991828017642000077e+02,-3.020607988000110211e-01
5.089999999999999858e+00,3.194571428571428839e+00,1.002442857142857235e+01,6.829857142857142627e+00,9.122914731700009838e+01,4.991847096512000235e+02,-3.039586077999619773e-01
5.091999999999999638e+00,3.197999999999999954e+00,1.002800000000000047e+01,6.830000000000000071e+00,9.132597756540006628e+01,4.991834310858000094e+02,-3.027325483999681044e-01
5.099999999999999645e+00,3.181333333333333790e+00,1.000999999999999979e+01,6.828666666666666885e+00,9.171329855899999473e+01,4.991783168242000102e+02,-2.978283107999920021e-01
5.104000000000000092e+00,3.173000000000000043e+00,1.000099999999999945e+01,6.828000000000000291e+00,9.190611484699999778e+01,4.991765113774000042e+02,-2.957790343999930904e-01
5.110000000000000320e+00,3.202076923076924597e+00,1.003100000000000058e+01,6.828923076923077318e+00,9.219533927899999526e+01,4.991738032072000237e+02,-2.927051197999949728e-01
5.116999999999999993e+00,3.236000000000000210e+00,1.006600000000000072e+01,6.830000000000000071e+00,9.253564302739998482e+01,4.991694055573000242e+02,-2.891138782999985724e-01
5.120000000000000107e+00,3.233230769230769130e+00,1.006576923076923080e+01,6.832538461538462116e+00,9.268148749099999861e+01,4.991675208501999919e+02,-2.875747747999999882e-01
5.129999999999999893e+00,3.224000000000000199e+00,1.006499999999999950e+01,6.841000000000000192e+00,9.318207092100000466e+01,4.991540177832000040e+02,-2.914158017999620154e-01
5.139999999999999680e+00,3.224769230769231054e+00,1.004730769230769205e+01,6.822538461538462329e+00,9.368005555099999526e+01,4.991333974792000276e+02,-2.832322187999810059e-01
5.142999999999999794e+00,3.225000000000000089e+00,1.004199999999999982e+01,6.817000000000000171e+00,9.382940906359999644e+01,4.991332091701000309e+02,-2.834983313999908661e-01
5.150000000000000355e+00,3.238461538461539835e+00,1.004899999999999949e+01,6.810538461538460986e+00,9.417790059300000394e+01,4.991327697822000005e+02,-2.841192608000139841e-01
5.155999999999999694e+00,3.250000000000000000e+00,1.005499999999999972e+01,6.804999999999999716e+00,9.448636569179997480e+01,4.991509539755999754e+02,-2.919148460000001166e-01
5.160000000000000142e+00,3.245692307692307210e+00,1.005499999999999972e+01,6.809307692307692506e+00,9.469200909100000274e+01,4.991630767711999965e+02,-2.971119027999920004e-01
5.168999999999999595e+00,3.236000000000000210e+00,1.005499999999999972e+01,6.818999999999999950e+00,9.513678590679997171e+01,4.991884507744999837e+02,-3.025025148999666014e-01
5.169999999999999929e+00,3.234153846153845713e+00,1.005484615384615310e+01,6.820692307692308276e+00,9.518620555299999353e+01,4.991912701082000012e+02,-3.031014717999639951e-01
5.179999999999999716e+00,3.215692307692308738e+00,1.005330769230769228e+01,6.837615384615383540e+00,9.569063889500000641e+01,4.991980511482000225e+02,-2.980131477999670153e-01
5.182000000000000384e+00,3.212000000000000188e+00,1.005300000000000082e+01,6.841000000000000192e+00,9.579465739180002970e+01,4.991971836812000447e+02,-2.965869383999658604e-01
5.190000000000000391e+00,3.195999999999999730e+00,1.003823076923077018e+01,6.842230769230769560e+00,9.621073137899999494e+01,4.991937138132000200e+02,-2.908821007999630170e-01
5.195000000000000284e+00,3.185999999999999943e+00,1.002899999999999991e+01,6.842999999999999972e+00,9.646495826000000307e+01,4.991882098117000055e+02,-2.868061012999725268e-01
5.200000000000000178e+00,3.190999999999999837e+00,1.005169230769230637e+01,6.860692307692307423e+00,9.671918514099999697e+01,4.991827058101999910e+02,-2.827301017999819810e-01
5.208000000000000185e+00,3.198999999999999844e+00,1.008799999999999919e+01,6.889000000000000234e+00,9.710189775380000299e+01,4.991741005965999989e+02,-2.842146145999892015e-01
5.209999999999999964e+00,3.198777777777777498e+00,1.008577777777777662e+01,6.887000000000000455e+00,9.719757590700000094e+01,4.991719492931999866e+02,-2.845857427999909928e-01
5.216999999999999638e+00,3.197999999999999954e+00,1.007799999999999940e+01,6.879999999999999893e+00,9.750084060159998955e+01,4.991654271020000238e+02,-2.837952636000078410e-01
5.219999999999999751e+00,3.209769230769230486e+00,1.008630769230769175e+01,6.876538461538461711e+00,9.763081118499999889e+01,4.991626318771999991e+02,-2.834564868000150062e-01
5.230000000000000426e+00,3.249000000000000110e+00,1.011400000000000077e+01,6.865000000000000213e+00,9.800890679100000114e+01,4.991541906282000127e+02,-2.773425557999850133e-01
5.240000000000000213e+00,3.238230769230769468e+00,1.010323076923076968e+01,6.865000000000000213e+00,9.837824546699999928e+01,4.991412358602000268e+02,-2.732146617999660076e-01
5.243000000000000327e+00,3.234999999999999876e+00,1.009999999999999964e+01,6.865000000000000213e+00,9.848049834420000082e+01,4.991344521633000113e+02,-2.734679832999759030e-01
5.250000000000000000e+00,3.246666666666666590e+00,1.009144444444444488e+01,6.844777777777777850e+00,9.871908839099999966e+01,4.991186235371999942e+02,-2.740590667999989738e-01
5.251999999999999780e+00,3.250000000000000000e+00,1.008900000000000041e+01,6.839000000000000412e+00,9.878603595019998806e+01,4.991144348433999767e+02,-2.734293918000018087e-01
5.259999999999999787e+00,3.249384615384615316e+00,1.008961538461538510e+01,6.840230769230769781e+00,9.905382618699999853e+01,4.990976800682000203e+02,-2.709106918000129816e-01
5.264999999999999680e+00,3.249000000000000110e+00,1.008999999999999986e+01,6.841000000000000192e+00,9.920978648499999508e+01,4.990940532286999769e+02,-2.738632207999990298e-01
5.269999999999999574e+00,3.235111111111112159e+00,1.006888888888888900e+01,6.833777777777778617e+00,9.936574678300000585e+01,4.990904263891999904e+02,-2.768157497999850225e-01
5.274000000000000021e+00,3.224000000000000199e+00,1.005199999999999960e+01,6.828000000000000291e+00,9.948683012220000421e+01,4.990889100539999959e+02,-2.811834925999951995e-01
5.280000000000000249e+00,3.229076923076923400e+00,1.006400000000000006e+01,6.834923076923077545e+00,9.966845513100000176e+01,4.990866355512000041e+02,-2.877351068000100209e-01
5.286999999999999922e+00,3.234999999999999876e+00,1.007799999999999940e+01,6.842999999999999972e+00,9.985231561759999863e+01,4.990838009949999901e+02,-2.904842230999826191e-01
5.290000000000000036e+00,3.222666666666666568e+00,1.006499999999999950e+01,6.842333333333333378e+00,9.993111296899999729e+01,4.990825861852000003e+02,-2.916624157999709865e-01
5.296000000000000263e+00,3.197999999999999954e+00,1.003899999999999970e+01,6.841000000000000192e+00,1.000672287026000049e+02,4.990879470154000046e+02,-2.934510607999633036e-01
5.299999999999999822e+00,3.201692307692307171e+00,1.004269230769230781e+01,6.841000000000000192e+00,1.001579725250000052e+02,4.990915209021999885e+02,-2.946434907999579966e-01
5.309000000000000163e+00,3.209999999999999964e+00,1.005100000000000016e+01,6.841000000000000192e+00,1.003565779784000114e+02,4.991181462303999865e+02,-3.054933156999586341e-01
5.309999999999999609e+00,3.211999999999998856e+00,1.005192307692307629e+01,6.839923076923077438e+00,1.003786452509999947e+02,4.991211046001999989e+02,-3.066988517999579833e-01
5.320000000000000284e+00,3.232000000000000650e+00,1.006115384615384656e+01,6.829153846153846352e+00,1.005731903690000024e+02,4.991521837881999772e+02,-3.237653338000119896e-01
5.322000000000000064e+00,3.236000000000000210e+00,1.006300000000000061e+01,6.826999999999999957e+00,1.006050068378000049e+02,4.991528018427999882e+02,-3.227604300000012638e-01
5.330000000000000071e+00,3.236000000000000210e+00,1.004884615384615287e+01,6.812846153846153996e+00,1.007322727130000004e+02,4.991552740611999752e+02,-3.187408147999580277e-01
5.334999999999999964e+00,3.236000000000000210e+00,1.003999999999999915e+01,6.804000000000000270e+00,1.007896494980000028e+02,4.991590700916999594e+02,-3.132414077999750024e-01
5.339999999999999858e+00,3.260230769230768821e+00,1.005384615384615365e+01,6.793615384615384833e+00,1.008470262830000053e+02,4.991628661222000005e+02,-3.077420007999919771e-01
5.347999999999999865e+00,3.298999999999999932e+00,1.007600000000000051e+01,6.777000000000000135e+00,1.009155560798000124e+02,4.991835973678000187e+02,-3.101999127999800487e-01
5.349999999999999645e+00,3.287153846153847425e+00,1.006800000000000139e+01,6.780846153846153079e+00,1.009326885290000035e+02,4.991887801792000232e+02,-3.108143907999770250e-01
5.360000000000000320e+00,3.227923076923073786e+00,1.002799999999999692e+01,6.800076923076924018e+00,1.009933617949999984e+02,4.991962435341999935e+02,-3.128272377999880005e-01
5.360999999999999766e+00,3.221999999999999975e+00,1.002399999999999913e+01,6.801999999999999602e+00,1.009974375363999997e+02,4.991932759919000091e+02,-3.114158522999876388e-01
5.370000000000000107e+00,3.222692307692307523e+00,1.003507692307692345e+01,6.812384615384615927e+00,1.010341192089999964e+02,4.991665681111999788e+02,-2.987133827999770008e-01
5.373999999999999666e+00,3.222999999999999865e+00,1.003999999999999915e+01,6.817000000000000171e+00,1.010410778058000005e+02,4.991569647480000071e+02,-2.942779247999902092e-01
5.379999999999999893e+00,3.209999999999999964e+00,1.001899999999999835e+01,6.809000000000000163e+00,1.010515157009999996e+02,4.991425597031999928e+02,-2.876247378000090227e-01
5.386000000000000121e+00,3.197000000000000064e+00,9.997999999999999332e+00,6.801000000000000156e+00,1.010417265174000079e+02,4.991456002872000113e+02,-2.894376546000007044e-01
5.389999999999999680e+00,3.204428571428570294e+00,1.000542857142857045e+01,6.801000000000000156e+00,1.010352003950000039e+02,4.991476273431999857e+02,-2.906462657999949739e-01
5.400000000000000355e+00,3.222999999999999865e+00,1.002399999999999913e+01,6.801000000000000156e+00,1.010005147050000005e+02,4.991586681612000120e+02,-2.906929347999959723e-01
5.410000000000000142e+00,3.193000000000000504e+00,9.995538461538462371e+00,6.802538461538461867e+00,1.009854204370000019e+02,4.991598840002000088e+02,-2.697004457999809812e-01
5.413000000000000256e+00,3.184000000000000163e+00,9.987000000000000099e+00,6.802999999999999936e+00,1.009895022681999990e+02,4.991673361541000418e+02,-2.676258158999793579e-01
5.419999999999999929e+00,3.211461538461537479e+00,1.000207692307692220e+01,6.790615384615385608e+00,1.009990265410000063e+02,4.991847245132000239e+02,-2.627850127999760144e-01
5.426000000000000156e+00,3.234999999999999876e+00,1.001500000000000057e+01,6.780000000000000249e+00,1.010237105374000066e+02,4.992155389700000114e+02,-2.748883153999995277e-01
5.429999999999999716e+00,3.223615384615385882e+00,1.000269230769230866e+01,6.779076923076923222e+00,1.010401665349999973e+02,4.992360819411999842e+02,-2.829571838000140005e-01
5.439000000000000057e+00,3.197999999999999954e+00,9.974999999999999645e+00,6.777000000000000135e+00,1.010659962703999923e+02,4.992573536734000186e+02,-2.929265503999839981e-01
5.440000000000000391e+00,3.199923076923077314e+00,9.975076923076922952e+00,6.775153846153846082e+00,1.010688662409999949e+02,4.992597171991999971e+02,-2.940342577999809914e-01
5.450000000000000178e+00,3.219153846153846477e+00,9.975846153846154252e+00,6.756692307692307331e+00,1.010732259849999934e+02,4.992359802842000249e+02,-2.789494447999950055e-01
5.451999999999999957e+00,3.222999999999999865e+00,9.976000000000000867e+00,6.753000000000000114e+00,1.010736076537999963e+02,4.992328032568000253e+02,-2.771381393999921561e-01
5.459999999999999964e+00,3.223615384615384549e+00,9.983384615384615302e+00,6.759769230769230752e+00,1.010751343289999937e+02,4.992200951472000270e+02,-2.698929177999799811e-01
5.464999999999999858e+00,3.224000000000000199e+00,9.987999999999999545e+00,6.764000000000000234e+00,1.010774755279999937e+02,4.992317226802000505e+02,-2.769334652999855262e-01
5.469999999999999751e+00,3.209000000000000519e+00,9.972615384615384215e+00,6.763615384615384585e+00,1.010798167269999936e+02,4.992433502132000172e+02,-2.839740127999910158e-01
5.477999999999999758e+00,3.185000000000000053e+00,9.948000000000000398e+00,6.762999999999999901e+00,1.010879448101999998e+02,4.992694104660000107e+02,-2.968642304000045362e-01
5.480000000000000426e+00,3.184857142857143053e+00,9.947857142857143842e+00,6.762999999999999901e+00,1.010899768310000013e+02,4.992759255291999807e+02,-3.000867848000089988e-01
5.490000000000000213e+00,3.184142857142857164e+00,9.947142857142855732e+00,6.762999999999999901e+00,1.010943123149999963e+02,4.992701633172000015e+02,-3.000654908000099930e-01
5.491999999999999993e+00,3.184000000000000163e+00,9.946999999999999176e+00,6.762999999999999901e+00,1.010903408105999972e+02,4.992625316543999929e+02,-2.980394362000007846e-01
5.500000000000000000e+00,3.221000000000000085e+00,9.960000000000000853e+00,6.738999999999999879e+00,1.010744547930000010e+02,4.992320050032000154e+02,-2.899352177999630076e-01
5.509999999999999787e+00,3.250999999999999446e+00,9.979230769230769127e+00,6.728230769230768793e+00,1.010423890130000046e+02,4.991971526451999921e+02,-2.808193308000039856e-01
5.512999999999999901e+00,3.259999999999999787e+00,9.984999999999999432e+00,6.724999999999999645e+00,1.010380842902000040e+02,4.991936036520999664e+02,-2.802077634000012529e-01
5.519999999999999574e+00,3.246538461538461817e+00,9.971000000000000085e+00,6.724461538461538268e+00,1.010280399370000026e+02,4.991853226682000013e+02,-2.787807727999950247e-01
5.525999999999999801e+00,3.234999999999999876e+00,9.958999999999999631e+00,6.724000000000000199e+00,1.010327288697999961e+02,4.991874039098000253e+02,-2.757870529999975062e-01
5.530000000000000249e+00,3.234999999999999876e+00,9.963307692307692420e+00,6.728307692307692989e+00,1.010358548250000013e+02,4.991887914042000034e+02,-2.737912397999989755e-01
5.538999999999999702e+00,3.234999999999999876e+00,9.973000000000000753e+00,6.738000000000000433e+00,1.010450197536000019e+02,4.992019478318999859e+02,-2.702355944999829118e-01
5.540000000000000036e+00,3.232153846153845045e+00,9.972000000000001307e+00,6.739846153846154486e+00,1.010460380789999988e+02,4.992034096571999839e+02,-2.698405227999809974e-01
5.549999999999999822e+00,3.203692307692306951e+00,9.961999999999999744e+00,6.758307692307692349e+00,1.010491193849999974e+02,4.992196150692000174e+02,-2.688970048000050017e-01
5.551999999999999602e+00,3.197999999999999954e+00,9.960000000000000853e+00,6.761999999999999567e+00,1.010488399129999948e+02,4.992210013846000152e+02,-2.689019580000046039e-01
5.559999999999999609e+00,3.184000000000000163e+00,9.964999999999999858e+00,6.780999999999999694e+00,1.010477220249999988e+02,4.992265466462000063e+02,-2.689217708000030127e-01
5.570000000000000284e+00,3.184769230769231019e+00,9.972692307692307523e+00,6.787923076923076948e+00,1.010520000669999945e+02,4.992217898581999975e+02,-2.669040237999950049e-01
5.573000000000000398e+00,3.185000000000000053e+00,9.974999999999999645e+00,6.790000000000000036e+00,1.010577423633999956e+02,4.992212119876999736e+02,-2.681007154000007997e-01
5.580000000000000071e+00,3.166800000000000281e+00,9.972200000000000841e+00,6.805399999999999672e+00,1.010711410549999982e+02,4.992198636232000126e+02,-2.708929958000140248e-01
5.583000000000000185e+00,3.158999999999999808e+00,9.971000000000000085e+00,6.812000000000000277e+00,1.010774576654000043e+02,4.992250171654000042e+02,-2.751098000000001820e-01
5.589999999999999858e+00,3.179461538461537451e+00,9.991999999999999105e+00,6.812538461538461654e+00,1.010921964230000043e+02,4.992370420972000034e+02,-2.849490097999670124e-01
5.596000000000000085e+00,3.197000000000000064e+00,1.000999999999999979e+01,6.812999999999999723e+00,1.010968372669999980e+02,4.992504965974000015e+02,-2.939955043999933348e-01
5.599999999999999645e+00,3.205333333333332924e+00,1.001833333333333265e+01,6.812999999999999723e+00,1.010999311629999937e+02,4.992594662642000003e+02,-3.000265008000099765e-01
5.607999999999999652e+00,3.221999999999999975e+00,1.003500000000000014e+01,6.812999999999999723e+00,1.010890689181999988e+02,4.992532313698000053e+02,-3.016069303999722728e-01
5.610000000000000320e+00,3.223846153846154472e+00,1.003700000000000081e+01,6.813153846153846338e+00,1.010863533569999930e+02,4.992516726462000065e+02,-3.020020377999629857e-01
5.620000000000000107e+00,3.233076923076922959e+00,1.004700000000000060e+01,6.813923076923076749e+00,1.010751394349999970e+02,4.992200140031999922e+02,-2.928927798000049987e-01
5.621000000000000441e+00,3.233999999999999986e+00,1.004800000000000004e+01,6.814000000000000057e+00,1.010739725109999938e+02,4.992176457749000065e+02,-2.922846802000018673e-01
5.629999999999999893e+00,3.250071428571428278e+00,1.006342857142857028e+01,6.813357142857142890e+00,1.010634701949999936e+02,4.991963317202000212e+02,-2.868117837999760167e-01
5.634999999999999787e+00,3.258999999999999897e+00,1.007199999999999918e+01,6.812999999999999723e+00,1.010604180750000012e+02,4.991971590911999783e+02,-2.868153817999760102e-01
5.639999999999999680e+00,3.264769230769230646e+00,1.007738461538461472e+01,6.812615384615384961e+00,1.010573659549999945e+02,4.991979864621999923e+02,-2.868189797999760038e-01
5.647999999999999687e+00,3.274000000000000021e+00,1.008600000000000030e+01,6.812000000000000277e+00,1.010585071918000040e+02,4.992060674269999936e+02,-2.860472309999952389e-01
5.650000000000000355e+00,3.269999999999998685e+00,1.008800000000000097e+01,6.818000000000002281e+00,1.010587925009999992e+02,4.992080876681999939e+02,-2.858542937999999922e-01
5.660000000000000142e+00,3.249999999999999112e+00,1.009800000000000075e+01,6.848000000000001641e+00,1.010546832330000058e+02,4.992098846321999872e+02,-2.778614957999619994e-01
5.660999999999999588e+00,3.248000000000000220e+00,1.009900000000000020e+01,6.850999999999999979e+00,1.010540240478000129e+02,4.992091494032999890e+02,-2.768590419999634178e-01
5.669999999999999929e+00,3.212692307692308624e+00,1.008100000000000129e+01,6.868307692307691781e+00,1.010480913810000061e+02,4.992025323432000050e+02,-2.678369577999710205e-01
5.674000000000000377e+00,3.197000000000000064e+00,1.007300000000000040e+01,6.876000000000000334e+00,1.010476918538000035e+02,4.992025123660000077e+02,-2.670369709999668717e-01
5.679999999999999716e+00,3.220076923076920838e+00,1.009007692307692139e+01,6.870000000000000995e+00,1.010470925630000067e+02,4.992024824001999832e+02,-2.658369907999609816e-01
5.687000000000000277e+00,3.246999999999999886e+00,1.010999999999999943e+01,6.863000000000000433e+00,1.010544220432000060e+02,4.992091937237000252e+02,-2.707590701999645355e-01
5.690000000000000391e+00,3.241461538461538172e+00,1.010330769230769121e+01,6.861846153846154373e+00,1.010575632489999975e+02,4.992120700052000188e+02,-2.728685327999659793e-01
5.700000000000000178e+00,3.222999999999999865e+00,1.008099999999999952e+01,6.857999999999999652e+00,1.010780178969999952e+02,4.992222240721999924e+02,-2.808998588000040098e-01
5.709999999999999964e+00,3.241461538461538172e+00,1.010946153846153805e+01,6.868000000000000327e+00,1.010925965189999971e+02,4.992300358812000241e+02,-2.899242347999619884e-01
5.713000000000000078e+00,3.246999999999999886e+00,1.011800000000000033e+01,6.871000000000000441e+00,1.010918952977999936e+02,4.992317923937999922e+02,-2.917305995999704971e-01
5.719999999999999751e+00,3.247777777777777874e+00,1.014599999999999724e+01,6.898222222222219813e+00,1.010902591149999949e+02,4.992358909231999746e+02,-2.959454507999900175e-01
5.722000000000000419e+00,3.248000000000000220e+00,1.015399999999999991e+01,6.905999999999999694e+00,1.010880970685999927e+02,4.992351636821999818e+02,-2.967433711999944435e-01
5.730000000000000426e+00,3.278153846153846640e+00,1.015646153846153865e+01,6.878307692307691568e+00,1.010794488829999977e+02,4.992322547182000108e+02,-2.999350528000109817e-01
5.735000000000000320e+00,3.297000000000000153e+00,1.015799999999999947e+01,6.860999999999999766e+00,1.010788208849999990e+02,4.992257100911999714e+02,-2.994120992999934616e-01
5.740000000000000213e+00,3.297000000000000153e+00,1.014338461538461544e+01,6.846384615384615735e+00,1.010781928870000002e+02,4.992191654641999889e+02,-2.988891457999759971e-01
5.748000000000000220e+00,3.297000000000000153e+00,1.011999999999999922e+01,6.823000000000000398e+00,1.010803367558000048e+02,4.992096836193999820e+02,-2.956551953999614901e-01
5.750000000000000000e+00,3.295153846153846544e+00,1.011261538461538478e+01,6.817461538461539128e+00,1.010808727229999988e+02,4.992073131582000087e+02,-2.948467077999579744e-01
5.759999999999999787e+00,3.285923076923077168e+00,1.007569230769230728e+01,6.789769230769231889e+00,1.010808725010000018e+02,4.992073166861999880e+02,-2.938467137999820067e-01
5.761000000000000121e+00,3.285000000000000142e+00,1.007199999999999918e+01,6.786999999999999922e+00,1.010798626386000052e+02,4.992074607719999904e+02,-2.934474441999798677e-01
5.769999999999999574e+00,3.267692307692308340e+00,1.005469230769230826e+01,6.786999999999999922e+00,1.010707738769999935e+02,4.992087575442000116e+02,-2.898540177999620049e-01
5.774000000000000021e+00,3.259999999999999787e+00,1.004700000000000060e+01,6.786999999999999922e+00,1.010644745033999925e+02,4.992068108849999817e+02,-2.854485225999753850e-01
5.780000000000000249e+00,3.247999999999999332e+00,1.004792307692307674e+01,6.799923076923077403e+00,1.010550254430000052e+02,4.992038908961999937e+02,-2.788402797999959826e-01
5.786999999999999922e+00,3.233999999999999986e+00,1.004899999999999949e+01,6.815000000000000391e+00,1.010525080427999995e+02,4.991988590525999712e+02,-2.732230507000087405e-01
5.790000000000000036e+00,3.246000000000000441e+00,1.006030769230769195e+01,6.814307692307692399e+00,1.010514291570000012e+02,4.991967025481999940e+02,-2.708156668000140099e-01
5.799999999999999822e+00,3.286000000000000032e+00,1.009800000000000075e+01,6.812000000000000277e+00,1.010593593730000066e+02,4.991981533801999831e+02,-2.718190277999890103e-01
5.809999999999999609e+00,3.294461538461538552e+00,1.010492307692307712e+01,6.810461538461538566e+00,1.010697162849999984e+02,4.992097341932000063e+02,-2.798576337999720276e-01
5.812999999999999723e+00,3.297000000000000153e+00,1.010699999999999932e+01,6.809999999999999609e+00,1.010720103190000003e+02,4.992116595859999961e+02,-2.822639319999833418e-01
5.820000000000000284e+00,3.304000000000000714e+00,1.010107692307692240e+01,6.797076923076921240e+00,1.010773630650000001e+02,4.992161521691999724e+02,-2.878786278000100007e-01
5.825999999999999623e+00,3.310000000000000053e+00,1.009600000000000009e+01,6.785999999999999588e+00,1.010803926522000040e+02,4.992157199118000221e+02,-2.890764365999811125e-01
5.830000000000000071e+00,3.317692307692308162e+00,1.009230769230769198e+01,6.774615384615383817e+00,1.010824123769999972e+02,4.992154317402000174e+02,-2.898749757999620202e-01
5.839000000000000412e+00,3.334999999999999964e+00,1.008399999999999963e+01,6.748999999999999666e+00,1.010824642745999995e+02,4.992145236833999888e+02,-2.925717781000017337e-01
5.839999999999999858e+00,3.336999999999998856e+00,1.008484615384615246e+01,6.747846153846154493e+00,1.010824700409999934e+02,4.992144227882000109e+02,-2.928714228000059983e-01
5.849999999999999645e+00,3.356999999999998874e+00,1.009330769230769143e+01,6.736307692307692996e+00,1.010830714269999930e+02,4.992214366111999766e+02,-3.018960927999629895e-01
5.852000000000000313e+00,3.361000000000000210e+00,1.009500000000000064e+01,6.733999999999999986e+00,1.010838359717999992e+02,4.992220805256000062e+02,-3.020981957999696599e-01
5.860000000000000320e+00,3.349444444444443558e+00,1.007188888888888911e+01,6.722444444444444223e+00,1.010868941509999956e+02,4.992246561832000111e+02,-3.029066077999960083e-01
5.860999999999999766e+00,3.347999999999999865e+00,1.006900000000000084e+01,6.721000000000000085e+00,1.010871336577999955e+02,4.992239697837999870e+02,-3.026041308999975477e-01
5.870000000000000107e+00,3.338999999999999524e+00,1.004338461538461402e+01,6.704384615384614499e+00,1.010892892189999941e+02,4.992177921891999972e+02,-2.998818388000100144e-01
5.873999999999999666e+00,3.334999999999999964e+00,1.003200000000000003e+01,6.697000000000000064e+00,1.010866755437999984e+02,4.992144476927999790e+02,-2.970706024000082657e-01
5.879999999999999893e+00,3.328999999999999737e+00,1.003292307692307794e+01,6.703923076923077318e+00,1.010827550310000049e+02,4.992094309482000085e+02,-2.928537478000050043e-01
5.886999999999999567e+00,3.322000000000000064e+00,1.003400000000000070e+01,6.711999999999999744e+00,1.010745271960000053e+02,4.992061740134000161e+02,-2.879440556000016360e-01
5.889999999999999680e+00,3.319230769230769429e+00,1.003123076923077051e+01,6.711999999999999744e+00,1.010710009809999974e+02,4.992047781841999949e+02,-2.858399018000000180e-01
5.900000000000000355e+00,3.310000000000000053e+00,1.002200000000000024e+01,6.711999999999999744e+00,1.010600747550000023e+02,4.992031704671999819e+02,-2.808366278000040128e-01
5.910000000000000142e+00,3.329999999999999627e+00,1.003584615384615297e+01,6.705846153846153790e+00,1.010600738669999998e+02,4.992031845792000126e+02,-2.768366517999850118e-01
5.913000000000000256e+00,3.335999999999999854e+00,1.003999999999999915e+01,6.703999999999999737e+00,1.010622046512000054e+02,4.992027052563000211e+02,-2.768344866999850051e-01
5.919999999999999929e+00,3.370124999999998483e+00,1.003824999999999967e+01,6.668125000000001634e+00,1.010671764810000042e+02,4.992015868362000219e+02,-2.768294347999850080e-01
5.921000000000000263e+00,3.375000000000000000e+00,1.003800000000000026e+01,6.663000000000000256e+00,1.010677642168000006e+02,4.992018189452000456e+02,-2.773301261999847611e-01
5.929999999999999716e+00,3.366000000000000103e+00,1.002128571428571568e+01,6.655285714285714249e+00,1.010730538389999964e+02,4.992039079261999746e+02,-2.818363487999809847e-01
5.934999999999999609e+00,3.361000000000000210e+00,1.001200000000000045e+01,6.650999999999999801e+00,1.010719991330000056e+02,4.992048387111999546e+02,-2.848398867999947237e-01
5.940000000000000391e+00,3.351384615384614740e+00,1.000238461538461543e+01,6.650999999999999801e+00,1.010709444270000006e+02,4.992057694961999914e+02,-2.878434248000090179e-01
5.948000000000000398e+00,3.335999999999999854e+00,9.987000000000000099e+00,6.650999999999999801e+00,1.010750303629999962e+02,4.992043803466000327e+02,-2.934376511999675086e-01
5.950000000000000178e+00,3.333333333333333481e+00,9.983666666666666245e+00,6.650333333333333208e+00,1.010760518470000022e+02,4.992040330592000146e+02,-2.948362077999570063e-01
5.956999999999999851e+00,3.323999999999999844e+00,9.971999999999999531e+00,6.647999999999999687e+00,1.010901900759999990e+02,4.992020133884000188e+02,-3.011259779999673203e-01
5.959999999999999964e+00,3.323999999999999844e+00,9.975749999999999673e+00,6.651749999999999829e+00,1.010962493170000016e+02,4.992011478151999881e+02,-3.038215937999719785e-01
5.969000000000000306e+00,3.323999999999999844e+00,9.987000000000000099e+00,6.663000000000000256e+00,1.011209221887999945e+02,4.991953128892999985e+02,-3.127955774999653382e-01
5.969999999999999751e+00,3.322923076923077534e+00,9.984000000000001762e+00,6.661076923076924672e+00,1.011236636189999984e+02,4.991946645642000249e+02,-3.137926867999640268e-01
5.980000000000000426e+00,3.312153846153846004e+00,9.954000000000000625e+00,6.641846153846153733e+00,1.011495934889999972e+02,4.991790925871999889e+02,-3.207320247999679852e-01
5.982000000000000206e+00,3.310000000000000053e+00,9.948000000000000398e+00,6.637999999999999901e+00,1.011573235777999997e+02,4.991735220549999781e+02,-3.213106557999765300e-01
5.990000000000000213e+00,3.310000000000000053e+00,9.948000000000000398e+00,6.637999999999999901e+00,1.011882439329999954e+02,4.991512399261999917e+02,-3.236251798000109869e-01
5.996000000000000441e+00,3.310000000000000053e+00,9.948000000000000398e+00,6.637999999999999901e+00,1.012182967918000003e+02,4.991301165901999752e+02,-3.241439733999972317e-01
6.000000000000000000e+00,3.317692307692306830e+00,9.951999999999999957e+00,6.634307692307692683e+00,1.012383320309999988e+02,4.991160343661999832e+02,-3.244898357999880245e-01
6.009000000000000341e+00,3.334999999999999964e+00,9.961000000000000298e+00,6.626000000000000334e+00,1.012978897019999920e+02,4.990833857861999832e+02,-3.216613824000004174e-01
6.009999999999999787e+00,3.336076923076922274e+00,9.961999999999999744e+00,6.625923076923077026e+00,1.013045072209999944e+02,4.990797581662000084e+02,-3.213471098000019732e-01
6.019999999999999574e+00,3.346846153846153360e+00,9.971999999999999531e+00,6.625153846153846615e+00,1.013809807709999973e+02,4.990560858431999804e+02,-3.192465667999920265e-01
6.022000000000000242e+00,3.349000000000000199e+00,9.974000000000000199e+00,6.625000000000000000e+00,1.013996418573999989e+02,4.990555465189999609e+02,-3.198405165999893551e-01
6.030000000000000249e+00,3.356384615384615522e+00,9.981999999999999318e+00,6.625615384615384684e+00,1.014742862030000055e+02,4.990533892221999963e+02,-3.222163157999780037e-01
6.035000000000000142e+00,3.361000000000000210e+00,9.987000000000000099e+00,6.626000000000000334e+00,1.015287256409999941e+02,4.990560035396999865e+02,-3.202134157999679820e-01
6.040000000000000036e+00,3.366833333333333567e+00,1.000116666666666809e+01,6.634333333333333194e+00,1.015831650789999969e+02,4.990586178571999767e+02,-3.182105157999580158e-01
6.046999999999999709e+00,3.375000000000000000e+00,1.002100000000000080e+01,6.645999999999999908e+00,1.016761523537999921e+02,4.990632453632999841e+02,-3.126061197999721597e-01
6.049999999999999822e+00,3.375000000000000000e+00,1.002142857142857224e+01,6.646428571428571352e+00,1.017160040429999981e+02,4.990652285802000279e+02,-3.102042357999780231e-01
6.059999999999999609e+00,3.375000000000000000e+00,1.002285714285714313e+01,6.647857142857142243e+00,1.018836148809999997e+02,4.990768329001999746e+02,-3.012078317999630217e-01
6.060999999999999943e+00,3.375000000000000000e+00,1.002299999999999969e+01,6.647999999999999687e+00,1.019037762028000031e+02,4.990780862336000041e+02,-3.006077646999656405e-01
6.070000000000000284e+00,3.374307692307692452e+00,1.001123076923076916e+01,6.636923076923076259e+00,1.020852280990000054e+02,4.990893662341999857e+02,-2.952071607999909864e-01
6.073999999999999844e+00,3.374000000000000110e+00,1.000600000000000023e+01,6.631999999999999673e+00,1.021775681653999897e+02,4.990930496650000237e+02,-2.911995883999949353e-01
6.080000000000000071e+00,3.386000000000000565e+00,9.988461538461537614e+00,6.602461538461536605e+00,1.023160782650000016e+02,4.990985748112000238e+02,-2.851882298000000260e-01
6.086999999999999744e+00,3.399999999999999911e+00,9.967999999999999972e+00,6.567999999999999616e+00,1.024880366123999949e+02,4.991077158773999827e+02,-2.781821811000071420e-01
6.089999999999999858e+00,3.390999999999999570e+00,9.959461538461537700e+00,6.568461538461538574e+00,1.025617330470000041e+02,4.991116334771999732e+02,-2.751795888000099777e-01
6.099999999999999645e+00,3.361000000000000210e+00,9.930999999999999162e+00,6.570000000000000284e+00,1.028287842969999986e+02,4.991358945211999867e+02,-2.752057758000079901e-01
6.110000000000000320e+00,3.391000000000000014e+00,9.944846153846153669e+00,6.553846153846153655e+00,1.031044484070000067e+02,4.991496471492000069e+02,-2.701929398000130211e-01
6.113000000000000433e+00,3.399999999999999911e+00,9.948999999999999844e+00,6.549000000000000377e+00,1.031992658556000038e+02,4.991520460248000290e+02,-2.728803278000008770e-01
6.120000000000000107e+00,3.413461538461537881e+00,9.972692307692307523e+00,6.559230769230769198e+00,1.034205065689999969e+02,4.991576434012000050e+02,-2.791508997999719854e-01
6.126000000000000334e+00,3.424999999999999822e+00,9.993000000000000327e+00,6.567999999999999616e+00,1.036320643538000041e+02,4.991468740162000017e+02,-2.820658611999691812e-01
6.129999999999999893e+00,3.424692307692307480e+00,9.998538461538460709e+00,6.573846153846153229e+00,1.037731028769999995e+02,4.991396944261999806e+02,-2.840091687999670156e-01
6.139000000000000234e+00,3.423999999999999932e+00,1.001099999999999923e+01,6.586999999999999744e+00,1.040889991708000224e+02,4.991171861345000025e+02,-2.775594429999621027e-01
6.139999999999999680e+00,3.425076923076922242e+00,1.001407692307692088e+01,6.588999999999998636e+00,1.041240987590000060e+02,4.991146852132000049e+02,-2.768428067999619824e-01
6.150000000000000355e+00,3.435846153846154216e+00,1.004484615384615509e+01,6.609000000000000874e+00,1.044817728990000063e+02,4.991130591762000108e+02,-2.797575218000050157e-01
6.152000000000000135e+00,3.438000000000000167e+00,1.005100000000000016e+01,6.613000000000000433e+00,1.045554532553999962e+02,4.991172600575999923e+02,-2.813559624000010473e-01
6.160000000000000142e+00,3.415230769230769070e+00,1.003500000000000014e+01,6.619769230769231072e+00,1.048501746809999986e+02,4.991340635831999748e+02,-2.877497247999860064e-01
6.165000000000000036e+00,3.400999999999999801e+00,1.002500000000000036e+01,6.623999999999999666e+00,1.050458688920000014e+02,4.991362356876999797e+02,-2.837138282999954741e-01
6.169999999999999929e+00,3.390615384615384809e+00,1.001999999999999957e+01,6.629384615384615209e+00,1.052415631030000043e+02,4.991384077921999847e+02,-2.796779318000049974e-01
6.177999999999999936e+00,3.374000000000000110e+00,1.001200000000000045e+01,6.637999999999999901e+00,1.055840650342000089e+02,4.991323486537999656e+02,-2.715803102000112212e-01
6.179999999999999716e+00,3.368428571428572216e+00,1.000314285714285845e+01,6.634714285714285786e+00,1.056696905170000065e+02,4.991308338691999893e+02,-2.695559048000130131e-01
6.190000000000000391e+00,3.340571428571427859e+00,9.958857142857141298e+00,6.618285714285714327e+00,1.061262290530000030e+02,4.991168583901999796e+02,-2.624049918000079806e-01
6.192000000000000171e+00,3.334999999999999964e+00,9.949999999999999289e+00,6.615000000000000213e+00,1.062173484405999915e+02,4.991138529265999750e+02,-2.607741076000007485e-01
6.200000000000000178e+00,3.327666666666666107e+00,9.924666666666665193e+00,6.596999999999999531e+00,1.065818259910000023e+02,4.991018310722000138e+02,-2.542505707999709874e-01
6.203999999999999737e+00,3.323999999999999844e+00,9.912000000000000810e+00,6.588000000000000078e+00,1.067696548613999852e+02,4.990961520402000247e+02,-2.473887063999732072e-01
6.209999999999999964e+00,3.323999999999999844e+00,9.918000000000001037e+00,6.594000000000000306e+00,1.070513981670000021e+02,4.990876334921999842e+02,-2.370959097999749965e-01
6.216999999999999638e+00,3.323999999999999844e+00,9.925000000000000711e+00,6.600999999999999979e+00,1.073830166597999920e+02,4.991002733292000357e+02,-2.321667008999716286e-01
6.219999999999999751e+00,3.329142857142857181e+00,9.935500000000001108e+00,6.606357142857143039e+00,1.075251388709999958e+02,4.991056904022000253e+02,-2.300541827999700029e-01
6.230000000000000426e+00,3.346285714285714974e+00,9.970500000000003027e+00,6.624214285714287165e+00,1.080183663669999987e+02,4.991508559952000041e+02,-2.361038467999979906e-01
6.230999999999999872e+00,3.347999999999999865e+00,9.974000000000000199e+00,6.626000000000000334e+00,1.080672183175999663e+02,4.991548466350000126e+02,-2.362070591999956282e-01
6.240000000000000213e+00,3.338999999999999968e+00,9.975500000000000256e+00,6.636499999999999844e+00,1.085068858730000017e+02,4.991907623931999751e+02,-2.371359707999750044e-01
6.243000000000000327e+00,3.335999999999999854e+00,9.976000000000000867e+00,6.639999999999999680e+00,1.086614767106000130e+02,4.991935774722999781e+02,-2.374115144999849325e-01
6.250000000000000000e+00,3.343538461538461348e+00,9.970076923076923947e+00,6.626538461538461711e+00,1.090221886650000016e+02,4.992001459901999851e+02,-2.380544498000080056e-01
6.256000000000000227e+00,3.350000000000000089e+00,9.964999999999999858e+00,6.615000000000000213e+00,1.093353230286000155e+02,4.991891745629999946e+02,-2.385460861999936233e-01
6.259999999999999787e+00,3.353692307692307306e+00,9.968692307692307963e+00,6.615000000000000213e+00,1.095440792710000011e+02,4.991818602782000198e+02,-2.388738437999839981e-01
6.269000000000000128e+00,3.362000000000000099e+00,9.977000000000000313e+00,6.615000000000000213e+00,1.100037674506000371e+02,4.991513159305999920e+02,-2.377638135000055275e-01
6.269999999999999574e+00,3.362000000000000099e+00,9.975214285714287143e+00,6.613214285714287044e+00,1.100548439150000064e+02,4.991479221142000142e+02,-2.376404768000079937e-01
6.280000000000000249e+00,3.362000000000000099e+00,9.957357142857143018e+00,6.595357142857142918e+00,1.105652977550000031e+02,4.991369751891999726e+02,-2.444883458000129961e-01
6.283000000000000362e+00,3.362000000000000099e+00,9.951999999999999957e+00,6.589999999999999858e+00,1.107114512192000149e+02,4.991402057743000000e+02,-2.459672402000115943e-01
6.290000000000000036e+00,3.354416666666666824e+00,9.938000000000000611e+00,6.583583333333333343e+00,1.110524759689999996e+02,4.991477438062000260e+02,-2.494179938000080088e-01
6.294999999999999929e+00,3.349000000000000199e+00,9.928000000000000824e+00,6.578999999999999737e+00,1.112917578690000084e+02,4.991583946706999768e+02,-2.509023503000009647e-01
6.299999999999999822e+00,3.354000000000000092e+00,9.932615384615385068e+00,6.578615384615384976e+00,1.115310397690000030e+02,4.991690455351999844e+02,-2.523867067999939762e-01
6.307999999999999829e+00,3.362000000000000099e+00,9.939999999999999503e+00,6.578000000000000291e+00,1.119220149514000013e+02,4.991841411823999692e+02,-2.563530155999909077e-01
6.309999999999999609e+00,3.365571428571428214e+00,9.943285714285712729e+00,6.577714285714286291e+00,1.120197587469999974e+02,4.991879150941999796e+02,-2.573445927999900018e-01
6.320000000000000284e+00,3.383428571428571896e+00,9.959714285714285964e+00,6.576285714285713624e+00,1.125039082130000025e+02,4.991815504912000279e+02,-2.432143437999789992e-01
6.322000000000000064e+00,3.387000000000000011e+00,9.962999999999999190e+00,6.575999999999999623e+00,1.126027063065999982e+02,4.991773829480000018e+02,-2.409776475999858003e-01
6.330000000000000071e+00,3.402384615384615341e+00,9.985153846153846047e+00,6.582769230769230262e+00,1.129978986809999952e+02,4.991607127752000110e+02,-2.320308628000120055e-01
6.334999999999999964e+00,3.411999999999999922e+00,9.999000000000000554e+00,6.586999999999999744e+00,1.132562900519999971e+02,4.991524416656999961e+02,-2.279441742999930021e-01
6.339999999999999858e+00,3.411999999999999922e+00,9.994769230769231072e+00,6.582769230769230262e+00,1.135146814229999990e+02,4.991441705561999811e+02,-2.238574857999739987e-01
6.347999999999999865e+00,3.411999999999999922e+00,9.987999999999999545e+00,6.575999999999999623e+00,1.139140283254000110e+02,4.991389444106000042e+02,-2.181501729999698602e-01
6.349999999999999645e+00,3.407833333333333936e+00,9.983666666666666245e+00,6.575833333333332753e+00,1.140138650509999962e+02,4.991376378741999815e+02,-2.167233447999689921e-01
6.360000000000000320e+00,3.387000000000000011e+00,9.961999999999999744e+00,6.575000000000000178e+00,1.145127942069999989e+02,4.991531086471999856e+02,-2.146669227999589979e-01
6.370000000000000107e+00,3.358538461538461917e+00,9.934307692307692506e+00,6.575769230769230589e+00,1.150046523769999993e+02,4.991871711381999717e+02,-2.226777317999990013e-01
6.373000000000000220e+00,3.350000000000000089e+00,9.926000000000000156e+00,6.575999999999999623e+00,1.151558725718000034e+02,4.991963938650999921e+02,-2.259766514999893006e-01
6.379999999999999893e+00,3.363461538461538058e+00,9.945923076923076422e+00,6.582461538461537920e+00,1.155087196930000033e+02,4.992179135612000209e+02,-2.336741307999659900e-01
6.386000000000000121e+00,3.375000000000000000e+00,9.962999999999999190e+00,6.588000000000000078e+00,1.158127842718000124e+02,4.992184352912000236e+02,-2.366083491999625699e-01
6.389999999999999680e+00,3.371000000000000441e+00,9.958692307692308177e+00,6.587692307692307736e+00,1.160154939909999996e+02,4.992187831112000254e+02,-2.385644947999600030e-01
6.399000000000000021e+00,3.362000000000000099e+00,9.948999999999999844e+00,6.586999999999999744e+00,1.164762610689999889e+02,4.992009207986000092e+02,-2.374989676999816335e-01
6.400000000000000355e+00,3.361142857142856766e+00,9.947499999999999787e+00,6.586357142857142577e+00,1.165274574110000003e+02,4.991989360971999758e+02,-2.373805757999840060e-01
6.410000000000000142e+00,3.352571428571428758e+00,9.932500000000000995e+00,6.579928571428571793e+00,1.170508923329999931e+02,4.991886948791999998e+02,-2.542281117999800055e-01
6.413000000000000256e+00,3.350000000000000089e+00,9.928000000000000824e+00,6.578000000000000291e+00,1.172046106764000086e+02,4.991857402778999813e+02,-2.574835131999876903e-01
6.419999999999999929e+00,3.349461538461538712e+00,9.933923076923077744e+00,6.584461538461538588e+00,1.175632868109999976e+02,4.991788462082000137e+02,-2.650794498000049737e-01
6.426000000000000156e+00,3.349000000000000199e+00,9.939000000000000057e+00,6.589999999999999858e+00,1.178562428506000259e+02,4.991739365672000304e+02,-2.649969576000043570e-01
6.429999999999999716e+00,3.356692307692306976e+00,9.954384615384613610e+00,6.597692307692306635e+00,1.180515468770000069e+02,4.991706634732000225e+02,-2.649419628000039828e-01
6.439000000000000057e+00,3.374000000000000110e+00,9.989000000000000767e+00,6.615000000000000213e+00,1.184981956963999892e+02,4.991790357340000241e+02,-2.648721399000039667e-01
6.440000000000000391e+00,3.372999999999999776e+00,9.987999999999999545e+00,6.615000000000000213e+00,1.185478233430000046e+02,4.991799659851999991e+02,-2.648643818000039896e-01
6.450000000000000178e+00,3.362999999999999989e+00,9.978000000000001535e+00,6.615000000000000213e+00,1.190310058409999954e+02,4.991905418861999806e+02,-2.597941738000090206e-01
6.451999999999999957e+00,3.361000000000000210e+00,9.976000000000000867e+00,6.615000000000000213e+00,1.191279672333999855e+02,4.991904748789999644e+02,-2.579723558000061590e-01
6.459999999999999964e+00,3.347285714285714864e+00,9.975428571428571090e+00,6.628142857142856670e+00,1.195158128030000029e+02,4.991902068502000134e+02,-2.506850837999939907e-01
6.466000000000000192e+00,3.337000000000000188e+00,9.974999999999999645e+00,6.637999999999999901e+00,1.198197552758000199e+02,4.991823377247999929e+02,-2.451896711999846656e-01
6.469999999999999751e+00,3.336666666666666892e+00,9.975333333333333385e+00,6.638666666666666494e+00,1.200223835909999934e+02,4.991770916411999792e+02,-2.415260627999790133e-01
6.477999999999999758e+00,3.335999999999999854e+00,9.976000000000000867e+00,6.639999999999999680e+00,1.204264068997999715e+02,4.991601300099999889e+02,-2.309762747999997146e-01
6.480000000000000426e+00,3.332428571428569963e+00,9.970571428571426864e+00,6.638142857142856457e+00,1.205274127269999980e+02,4.991558896021999772e+02,-2.283388278000040017e-01
6.490000000000000213e+00,3.314571428571428058e+00,9.943428571428571061e+00,6.628857142857142115e+00,1.210234890130000025e+02,4.991511544351999987e+02,-2.292117717999790083e-01
6.491999999999999993e+00,3.310999999999999943e+00,9.938000000000000611e+00,6.626999999999999780e+00,1.211240854313999904e+02,4.991540867538000157e+02,-2.309997503999818569e-01
6.500000000000000000e+00,3.310999999999999943e+00,9.939333333333333798e+00,6.628333333333332966e+00,1.215264711049999988e+02,4.991658160282000267e+02,-2.381516647999940006e-01
6.503999999999999559e+00,3.310999999999999943e+00,9.939999999999999503e+00,6.628999999999999559e+00,1.217220953137999828e+02,4.991709705910000139e+02,-2.393263399999878971e-01
6.509999999999999787e+00,3.299000000000000377e+00,9.932615384615385068e+00,6.633615384615384691e+00,1.220155316270000014e+02,4.991787024352000230e+02,-2.410883527999790055e-01
6.517000000000000348e+00,3.285000000000000142e+00,9.923999999999999488e+00,6.639000000000000234e+00,1.223726702522000380e+02,4.991864568237999720e+02,-2.452362895999990189e-01
6.519999999999999574e+00,3.290999999999998593e+00,9.930461538461536009e+00,6.639461538461538304e+00,1.225257296630000070e+02,4.991897801331999744e+02,-2.470139768000070013e-01
6.530000000000000249e+00,3.310999999999999943e+00,9.951999999999999957e+00,6.641000000000000014e+00,1.230374403870000037e+02,4.991919083501999808e+02,-2.589077288000080079e-01
6.540000000000000036e+00,3.320999999999999730e+00,9.961999999999999744e+00,6.641000000000000014e+00,1.235449556589999958e+02,4.991797991162000017e+02,-2.637521378000050043e-01
6.543000000000000149e+00,3.323999999999999844e+00,9.964999999999999858e+00,6.641000000000000014e+00,1.236990073804000048e+02,4.991762678857999731e+02,-2.655054208999964027e-01
6.549999999999999822e+00,3.355999999999997652e+00,9.984999999999999432e+00,6.629000000000000448e+00,1.240584613970000021e+02,4.991680283481999822e+02,-2.695964147999759808e-01
6.557000000000000384e+00,3.387999999999999901e+00,1.000500000000000078e+01,6.616999999999999993e+00,1.244183741068000302e+02,4.991640342035000231e+02,-2.702022619999991382e-01
6.559999999999999609e+00,3.387999999999999901e+00,1.000150000000000183e+01,6.613500000000001044e+00,1.245726224109999976e+02,4.991623224272000243e+02,-2.704619108000089756e-01
6.568999999999999950e+00,3.387999999999999901e+00,9.990999999999999659e+00,6.602999999999999758e+00,1.250181166023999850e+02,4.991751296945000149e+02,-2.722080034999657117e-01
6.570000000000000284e+00,3.385153846153845070e+00,9.989153846153845606e+00,6.604000000000000092e+00,1.250676159570000010e+02,4.991765527242000076e+02,-2.724020137999609847e-01
6.580000000000000071e+00,3.356692307692306976e+00,9.970692307692306855e+00,6.613999999999999879e+00,1.255642061549999937e+02,4.991979032351999876e+02,-2.693668497999749945e-01
6.581999999999999851e+00,3.350999999999999979e+00,9.967000000000000526e+00,6.615999999999999659e+00,1.256612416489999902e+02,4.992000468598000111e+02,-2.667528093999800287e-01
6.589999999999999858e+00,3.357857142857142652e+00,9.965857142857142748e+00,6.608000000000000540e+00,1.260493836250000044e+02,4.992086213581999914e+02,-2.562966477999990000e-01
6.596000000000000085e+00,3.362999999999999989e+00,9.964999999999999858e+00,6.602000000000000313e+00,1.263518202598000215e+02,4.992060750211999789e+02,-2.508203493999902611e-01
6.599999999999999645e+00,3.355000000000000870e+00,9.957615384615385423e+00,6.602615384615384997e+00,1.265534446829999951e+02,4.992043774631999895e+02,-2.471694837999849903e-01
6.608999999999999986e+00,3.337000000000000188e+00,9.941000000000000725e+00,6.604000000000000092e+00,1.270045316525999795e+02,4.991823789621000174e+02,-2.397914764000005083e-01
6.610000000000000320e+00,3.334916666666666085e+00,9.939833333333334409e+00,6.604916666666666991e+00,1.270546524269999935e+02,4.991799346842000205e+02,-2.389716978000019920e-01
6.620000000000000107e+00,3.314083333333333936e+00,9.928166666666665918e+00,6.614083333333333314e+00,1.275439925689999967e+02,4.991528288211999893e+02,-2.257671237999689939e-01
6.621000000000000441e+00,3.311999999999999833e+00,9.926999999999999602e+00,6.615000000000000213e+00,1.275929443528000178e+02,4.991533166506999919e+02,-2.266579609999708200e-01
6.629999999999999893e+00,3.329307692307691635e+00,9.943615384615384301e+00,6.614307692307692221e+00,1.280335104069999943e+02,4.991577071162000152e+02,-2.346754957999840074e-01
6.634000000000000341e+00,3.337000000000000188e+00,9.951000000000000512e+00,6.613999999999999879e+00,1.282314632038000184e+02,4.991641824062000410e+02,-2.398543385999754862e-01
6.639999999999999680e+00,3.337000000000000188e+00,9.946384615384616268e+00,6.609384615384615635e+00,1.285283923990000119e+02,4.991738953412000228e+02,-2.476226027999610113e-01
6.647000000000000242e+00,3.337000000000000188e+00,9.941000000000000725e+00,6.604000000000000092e+00,1.288710940071999858e+02,4.991766236381000112e+02,-2.503560096999750129e-01
6.650000000000000355e+00,3.337000000000000188e+00,9.941000000000000725e+00,6.604000000000000092e+00,1.290179661249999867e+02,4.991777929081999901e+02,-2.515274697999809739e-01
6.660000000000000142e+00,3.337000000000000188e+00,9.941000000000000725e+00,6.604000000000000092e+00,1.295212587990000088e+02,4.991694667901999765e+02,-2.513861327999800110e-01
6.660999999999999588e+00,3.337000000000000188e+00,9.941000000000000725e+00,6.604000000000000092e+00,1.295715880441999843e+02,4.991686345311999844e+02,-2.512719996999824845e-01
6.669999999999999929e+00,3.346692307692307633e+00,9.949307692307691298e+00,6.602615384615384997e+00,1.300245512509999912e+02,4.991611442001999990e+02,-2.502448018000040242e-01
6.674000000000000377e+00,3.350999999999999979e+00,9.952999999999999403e+00,6.602000000000000313e+00,1.302293259382000201e+02,4.991604107989999761e+02,-2.513966681999985631e-01
6.679999999999999716e+00,3.374076923076920753e+00,9.959461538461537700e+00,6.585384615384617391e+00,1.305364879690000066e+02,4.991593106971999987e+02,-2.531244677999899828e-01
6.687000000000000277e+00,3.400999999999999801e+00,9.967000000000000526e+00,6.565999999999999837e+00,1.308982570956000018e+02,4.991596417439999982e+02,-2.502451388999766824e-01
6.690000000000000391e+00,3.394999999999999574e+00,9.967000000000000526e+00,6.572000000000000064e+00,1.310533010069999875e+02,4.991597836212000061e+02,-2.490111407999709980e-01
6.700000000000000178e+00,3.375000000000000000e+00,9.967000000000000526e+00,6.591999999999999638e+00,1.315548512249999931e+02,4.991644286801999897e+02,-2.349158637999599897e-01
6.709999999999999964e+00,3.355769230769231282e+00,9.958538461538461561e+00,6.602769230769230724e+00,1.320438262710000004e+02,4.991963551901999949e+02,-2.339197197999849931e-01
6.713000000000000078e+00,3.350000000000000089e+00,9.955999999999999517e+00,6.605999999999999872e+00,1.321915030848000185e+02,4.992044826567000086e+02,-2.348155479999805562e-01
6.719999999999999751e+00,3.322538461538462773e+00,9.948461538461538467e+00,6.625923076923076138e+00,1.325360823169999946e+02,4.992234467452000217e+02,-2.369058137999699998e-01
6.725999999999999979e+00,3.298999999999999932e+00,9.942000000000000171e+00,6.642999999999999794e+00,1.328289341617999924e+02,4.992203595682000241e+02,-2.296297277999702346e-01
6.730000000000000426e+00,3.314692307692309381e+00,9.953076923076924487e+00,6.638384615384614662e+00,1.330241687250000098e+02,4.992183014501999878e+02,-2.247790037999700119e-01
6.738999999999999879e+00,3.350000000000000089e+00,9.977999999999999758e+00,6.628000000000000114e+00,1.334815951505999863e+02,4.991957889131999764e+02,-2.101977258000038706e-01
6.740000000000000213e+00,3.353923076923078117e+00,9.980846153846155033e+00,6.626923076923076472e+00,1.335324203090000026e+02,4.991932875201999877e+02,-2.085775838000069882e-01
6.750000000000000000e+00,3.393153846153846853e+00,1.000930769230769357e+01,6.616153846153846274e+00,1.340391623129999914e+02,4.991771736791999956e+02,-2.004079517999690085e-01
6.751999999999999780e+00,3.400999999999999801e+00,1.001500000000000057e+01,6.613999999999999879e+00,1.341380526773999691e+02,4.991784088332000238e+02,-2.013903169999679277e-01
6.759999999999999787e+00,3.392384615384615110e+00,1.001623076923076994e+01,6.623846153846153939e+00,1.345336141349999934e+02,4.991833494492000227e+02,-2.053197777999639928e-01
6.764999999999999680e+00,3.387000000000000011e+00,1.001699999999999946e+01,6.629999999999999893e+00,1.347792567660000032e+02,4.991878529156999775e+02,-2.067810307999849995e-01
6.769999999999999574e+00,3.387384615384615216e+00,1.001200000000000045e+01,6.624615384615384350e+00,1.350248993970000129e+02,4.991923563821999892e+02,-2.082422838000060061e-01
6.777999999999999581e+00,3.387999999999999901e+00,1.000399999999999956e+01,6.615999999999999659e+00,1.354099393713999575e+02,4.991991256933999921e+02,-2.049804901999918161e-01
6.780000000000000249e+00,3.384428571428570010e+00,1.000399999999999956e+01,6.619571428571429550e+00,1.355061993649999863e+02,4.992008180212000070e+02,-2.041650417999880118e-01
6.790000000000000036e+00,3.366571428571428104e+00,1.000399999999999956e+01,6.637428571428571900e+00,1.359984253369999863e+02,4.992108909052000172e+02,-2.040910797999880011e-01
6.791999999999999815e+00,3.362999999999999989e+00,1.000399999999999956e+01,6.641000000000000014e+00,1.360999800045999848e+02,4.992110740982000152e+02,-2.056691447999842715e-01
6.799999999999999822e+00,3.346333333333333826e+00,1.001266666666666616e+01,6.666333333333332334e+00,1.365061986750000074e+02,4.992118068702000073e+02,-2.119814047999699913e-01
6.804000000000000270e+00,3.338000000000000078e+00,1.001699999999999946e+01,6.679000000000000270e+00,1.367105383846000279e+02,4.992046552489999840e+02,-2.083106927999862912e-01
6.809999999999999609e+00,3.338000000000000078e+00,1.001146153846153908e+01,6.673461538461539000e+00,1.370170479489999877e+02,4.991939278172000058e+02,-2.028046248000119900e-01
6.817000000000000171e+00,3.338000000000000078e+00,1.000500000000000078e+01,6.666999999999999815e+00,1.373774776312000085e+02,4.991808756893000236e+02,-1.956783496999776051e-01
6.820000000000000284e+00,3.341000000000000192e+00,1.001376923076923120e+01,6.672769230769231008e+00,1.375319474949999972e+02,4.991752819202000069e+02,-1.926242317999629916e-01
6.830000000000000071e+00,3.350999999999999979e+00,1.004299999999999926e+01,6.692000000000000171e+00,1.380416574749999938e+02,4.991773596432000204e+02,-1.865181337999909927e-01
6.839999999999999858e+00,3.350285714285714533e+00,1.004157142857142837e+01,6.691285714285713837e+00,1.385228165229999888e+02,4.992058350571999767e+02,-1.855115527999590119e-01
6.844000000000000306e+00,3.350000000000000089e+00,1.004100000000000037e+01,6.690999999999999837e+00,1.387204943086000242e+02,4.992171250928000177e+02,-1.843074019999644542e-01
6.849999999999999645e+00,3.344000000000000306e+00,1.003550000000000075e+01,6.691499999999999559e+00,1.390170109869999919e+02,4.992340601462000222e+02,-1.825011757999729922e-01
6.855999999999999872e+00,3.338000000000000078e+00,1.002999999999999936e+01,6.692000000000000171e+00,1.393169331729999953e+02,4.992439779470000190e+02,-1.806694345999814710e-01
6.860000000000000320e+00,3.341692307692308184e+00,1.003769230769230880e+01,6.696000000000000618e+00,1.395168812969999976e+02,4.992505898141999978e+02,-1.794482737999870126e-01
6.868999999999999773e+00,3.350000000000000089e+00,1.005499999999999972e+01,6.705000000000000071e+00,1.399632463589999816e+02,4.992481411022999964e+02,-1.757403133999700384e-01
6.870000000000000107e+00,3.350000000000000089e+00,1.005676923076923046e+01,6.706769230769231704e+00,1.400128424769999924e+02,4.992478690231999963e+02,-1.753283177999679920e-01
6.879999999999999893e+00,3.350000000000000089e+00,1.007446153846153791e+01,6.724461538461538268e+00,1.405120287690000112e+02,4.992412940052000181e+02,-1.801941047999640055e-01
6.881999999999999673e+00,3.350000000000000089e+00,1.007799999999999940e+01,6.727999999999999758e+00,1.406127897225999845e+02,4.992378345416000229e+02,-1.793594791999714722e-01
6.889999999999999680e+00,3.334615384615384759e+00,1.006261538461538407e+01,6.727999999999999758e+00,1.410158335369999918e+02,4.992239966871999854e+02,-1.760209768000010055e-01
6.894999999999999574e+00,3.325000000000000178e+00,1.005300000000000082e+01,6.727999999999999758e+00,1.412630160229999774e+02,4.992190726567000070e+02,-1.774486262999933617e-01
6.900000000000000355e+00,3.335000000000000853e+00,1.005876923076923113e+01,6.723769230769230276e+00,1.415101985089999914e+02,4.992141486261999717e+02,-1.788762757999859954e-01
6.908000000000000362e+00,3.350999999999999979e+00,1.006799999999999962e+01,6.716999999999999638e+00,1.419142024098000263e+02,4.992115667574000213e+02,-1.803773029999948263e-01
6.910000000000000142e+00,3.350999999999999979e+00,1.007184615384615256e+01,6.720846153846153470e+00,1.420152033850000066e+02,4.992109212902000195e+02,-1.807525597999969924e-01
6.919999999999999929e+00,3.350999999999999979e+00,1.009107692307692261e+01,6.740076923076922633e+00,1.425097115389999942e+02,4.992161092761999726e+02,-1.826608688000060099e-01
6.921000000000000263e+00,3.350999999999999979e+00,1.009299999999999997e+01,6.741999999999999993e+00,1.425595504154000253e+02,4.992168487839999784e+02,-1.833523953000066598e-01
6.929999999999999716e+00,3.333692307692308621e+00,1.007707692307692326e+01,6.743384615384615088e+00,1.430081003029999920e+02,4.992235043541999744e+02,-1.895761338000100105e-01
6.934000000000000163e+00,3.326000000000000068e+00,1.007000000000000028e+01,6.743999999999999773e+00,1.432084469606000141e+02,4.992161176809999574e+02,-1.879054938000023212e-01
6.940000000000000391e+00,3.320428571428571285e+00,1.005928571428571416e+01,6.738857142857142435e+00,1.435089669470000047e+02,4.992050376711999888e+02,-1.853995337999909954e-01
6.948000000000000398e+00,3.313000000000000167e+00,1.004499999999999993e+01,6.732000000000000206e+00,1.439078551678000224e+02,4.991797727239999745e+02,-1.740215881999827297e-01
6.950000000000000178e+00,3.314999999999999947e+00,1.004315384615384588e+01,6.728153846153846374e+00,1.440075772229999984e+02,4.991734564871999851e+02,-1.711771017999809963e-01
6.959999999999999964e+00,3.324999999999999734e+00,1.003392307692307739e+01,6.708923076923077211e+00,1.445078186650000021e+02,4.991659436282000115e+02,-1.750393387999999995e-01
6.961000000000000298e+00,3.326000000000000068e+00,1.003299999999999947e+01,6.706999999999999851e+00,1.445579627090000088e+02,4.991666011044999891e+02,-1.755305066999997832e-01
6.969999999999999751e+00,3.308692307692308709e+00,1.002261538461538493e+01,6.713923076923076216e+00,1.450092591050000124e+02,4.991725183912000148e+02,-1.799510177999960048e-01
6.974000000000000199e+00,3.301000000000000156e+00,1.001800000000000068e+01,6.716999999999999638e+00,1.452031946298000094e+02,4.991791805555999986e+02,-1.807313850000000222e-01
6.980000000000000426e+00,3.294538461538461416e+00,1.002353846153846106e+01,6.729000000000000092e+00,1.454940979170000048e+02,4.991891738022000027e+02,-1.819019358000059927e-01
6.987000000000000099e+00,3.286999999999999922e+00,1.002999999999999936e+01,6.743000000000000327e+00,1.458451263444000006e+02,4.992057040235999921e+02,-1.832821754999737762e-01
6.990000000000000213e+00,3.290250000000000341e+00,1.003599999999999959e+01,6.745750000000000135e+00,1.459955670989999987e+02,4.992127884042000119e+02,-1.838737067999600128e-01
6.998999999999999666e+00,3.299999999999999822e+00,1.005400000000000027e+01,6.753999999999999559e+00,1.464521272871999713e+02,4.992370354085999793e+02,-1.883577156000048325e-01
7.000000000000000000e+00,3.300071428571428545e+00,1.005335714285714310e+01,6.753285714285713226e+00,1.465028561969999998e+02,4.992397295202000009e+02,-1.888559388000100037e-01
7.009999999999999787e+00,3.300785714285714434e+00,1.004692857142857143e+01,6.746142857142856997e+00,1.470099437830000113e+02,4.992526541252000243e+02,-1.887887318000119885e-01
7.012999999999999901e+00,3.301000000000000156e+00,1.004499999999999993e+01,6.743999999999999773e+00,1.471616082292000272e+02,4.992540948737000122e+02,-1.905600875000031114e-01
7.019999999999999574e+00,3.294000000000000039e+00,1.003746153846153888e+01,6.743461538461538396e+00,1.475154919370000073e+02,4.992574566202000028e+02,-1.946932507999820094e-01
7.025999999999999801e+00,3.287999999999999812e+00,1.003100000000000058e+01,6.743000000000000327e+00,1.478216266465999809e+02,4.992532972491999885e+02,-1.952104777999675855e-01
7.030000000000000249e+00,3.295692307692308365e+00,1.003930769230769293e+01,6.743615384615385011e+00,1.480257164530000011e+02,4.992505243351999979e+02,-1.955552957999580066e-01
7.038999999999999702e+00,3.313000000000000167e+00,1.005799999999999983e+01,6.745000000000000107e+00,1.484758309545999850e+02,4.992455629997000415e+02,-1.981376774999974999e-01
7.040000000000000036e+00,3.313000000000000167e+00,1.005807692307692314e+01,6.745076923076923414e+00,1.485258436770000117e+02,4.992450117402000274e+02,-1.984246088000020114e-01
7.049999999999999822e+00,3.313000000000000167e+00,1.005884615384615266e+01,6.745846153846153825e+00,1.490186988469999960e+02,4.992440672962000008e+02,-2.083117017999930043e-01
7.051999999999999602e+00,3.313000000000000167e+00,1.005899999999999928e+01,6.746000000000000441e+00,1.491156835713999840e+02,4.992435924746000069e+02,-2.088884553999899585e-01
7.059999999999999609e+00,3.313000000000000167e+00,1.005776923076923168e+01,6.744769230769231072e+00,1.495036224689999926e+02,4.992416931881999744e+02,-2.111954697999779973e-01
7.065000000000000391e+00,3.313000000000000167e+00,1.005700000000000038e+01,6.743999999999999773e+00,1.497496641970000155e+02,4.992392063146999703e+02,-2.131319747999881609e-01
7.070000000000000284e+00,3.321928571428571786e+00,1.005735714285714266e+01,6.735428571428570876e+00,1.499957059250000100e+02,4.992367194412000231e+02,-2.150684797999979914e-01
7.078999999999999737e+00,3.338000000000000078e+00,1.005799999999999983e+01,6.719999999999999751e+00,1.504416872305999959e+02,4.992252055413999869e+02,-2.194286746999933313e-01
7.080000000000000071e+00,3.339083333333333847e+00,1.005691666666666606e+01,6.717833333333332213e+00,1.504912407090000102e+02,4.992239262191999956e+02,-2.199131407999929955e-01
7.089999999999999858e+00,3.349916666666666210e+00,1.004608333333333370e+01,6.696166666666667489e+00,1.509804118549999998e+02,4.991997837082000160e+02,-2.157191177999749909e-01
7.091000000000000192e+00,3.350999999999999979e+00,1.004499999999999993e+01,6.693999999999999950e+00,1.510300221760000170e+02,4.991975084876000324e+02,-2.155000530999738040e-01
7.099999999999999645e+00,3.350999999999999979e+00,1.002957142857142969e+01,6.678571428571429713e+00,1.514765150650000010e+02,4.991770315022000091e+02,-2.135284707999640097e-01
7.105000000000000426e+00,3.350999999999999979e+00,1.002100000000000080e+01,6.669999999999999929e+00,1.517287183640000308e+02,4.991718862266999963e+02,-2.169542357999673099e-01
7.110000000000000320e+00,3.351416666666666710e+00,1.003016666666666623e+01,6.678749999999999964e+00,1.519809216630000037e+02,4.991667409511999836e+02,-2.203800007999699995e-01
7.116999999999999993e+00,3.351999999999999869e+00,1.004299999999999926e+01,6.690999999999999837e+00,1.523393962843999816e+02,4.991633732742999996e+02,-2.188883644999630451e-01
7.120000000000000107e+00,3.346428571428571086e+00,1.003807142857142765e+01,6.691642857142857004e+00,1.524930282649999924e+02,4.991619299842000146e+02,-2.182490917999599933e-01
7.129999999999999893e+00,3.327857142857143291e+00,1.002164285714285796e+01,6.693785714285714228e+00,1.529927861330000098e+02,4.991804316921999884e+02,-2.222032177999800073e-01
7.131000000000000227e+00,3.326000000000000068e+00,1.001999999999999957e+01,6.693999999999999950e+00,1.530443964800000174e+02,4.991834766133000016e+02,-2.227024825999795732e-01
7.139999999999999680e+00,3.317000000000000615e+00,1.001099999999999923e+01,6.693999999999999950e+00,1.535088896030000001e+02,4.992108809032000067e+02,-2.271958657999740006e-01
7.144000000000000128e+00,3.313000000000000167e+00,1.000699999999999967e+01,6.693999999999999950e+00,1.537078573446000007e+02,4.992206306592000260e+02,-2.291860145999724818e-01
7.150000000000000355e+00,3.313000000000000167e+00,1.001950000000000074e+01,6.706500000000001016e+00,1.540063089569999875e+02,4.992352552931999981e+02,-2.321712377999700094e-01
7.155999999999999694e+00,3.313000000000000167e+00,1.003200000000000003e+01,6.719000000000000306e+00,1.543128710309999576e+02,4.992341358095999908e+02,-2.296990751999930247e-01
7.160000000000000142e+00,3.324692307692309168e+00,1.003938461538461624e+01,6.714692307692307516e+00,1.545172457470000040e+02,4.992333894871999860e+02,-2.280509668000079981e-01
7.168999999999999595e+00,3.350999999999999979e+00,1.005599999999999916e+01,6.705000000000000071e+00,1.549718525319999856e+02,4.992286909975999833e+02,-2.288332647999863634e-01
7.169999999999999929e+00,3.351923076923077005e+00,1.005607692307692247e+01,6.704153846153846352e+00,1.550223643969999898e+02,4.992281689431999894e+02,-2.289201867999839934e-01
7.179999999999999716e+00,3.361153846153845492e+00,1.005684615384615377e+01,6.695692307692308276e+00,1.555335300669999867e+02,4.992222955532000128e+02,-2.287857517999850043e-01
7.182000000000000384e+00,3.362999999999999989e+00,1.005700000000000038e+01,6.693999999999999950e+00,1.556335328458000049e+02,4.992215902646000245e+02,-2.299610247999909207e-01
7.190000000000000391e+00,3.371615384615384681e+00,1.006561538461538419e+01,6.693999999999999950e+00,1.560335439609999924e+02,4.992187691102000144e+02,-2.346621168000130042e-01
7.195000000000000284e+00,3.376999999999999780e+00,1.007099999999999973e+01,6.693999999999999950e+00,1.562769182050000154e+02,4.992191436632000432e+02,-2.341092942999959958e-01
7.200000000000000178e+00,3.376642857142857057e+00,1.006957142857142884e+01,6.692928571428571338e+00,1.565202924490000100e+02,4.992195182162000151e+02,-2.335564717999789874e-01
7.208999999999999631e+00,3.375999999999999890e+00,1.006700000000000017e+01,6.690999999999999837e+00,1.569514613529999849e+02,4.992306061666999994e+02,-2.352996853999879401e-01
7.209999999999999964e+00,3.372076923076921862e+00,1.006607692307692226e+01,6.694000000000000838e+00,1.569993690089999916e+02,4.992318381612000167e+02,-2.354933757999889965e-01
7.219999999999999751e+00,3.332846153846156234e+00,1.005684615384615377e+01,6.723999999999998423e+00,1.574836665409999910e+02,4.992404319891999762e+02,-2.424160047999930068e-01
7.222000000000000419e+00,3.325000000000000178e+00,1.005499999999999972e+01,6.730000000000000426e+00,1.575791449750000197e+02,4.992382699915999638e+02,-2.425871383999884390e-01
7.230000000000000426e+00,3.325666666666666771e+00,1.004899999999999949e+01,6.723333333333332718e+00,1.579610587109999926e+02,4.992296220012000276e+02,-2.432716727999700013e-01
7.233999999999999986e+00,3.326000000000000068e+00,1.004599999999999937e+01,6.719999999999999751e+00,1.581610291733999816e+02,4.992218075364000356e+02,-2.431996175999704135e-01
7.240000000000000213e+00,3.314857142857142502e+00,1.004514285714285649e+01,6.730285714285714427e+00,1.584609848670000076e+02,4.992100858392000191e+02,-2.430915347999710041e-01
7.248000000000000220e+00,3.299999999999999822e+00,1.004400000000000048e+01,6.743999999999999773e+00,1.588705557806000002e+02,4.991942054055999733e+02,-2.429443947999709863e-01
7.250000000000000000e+00,3.300153846153845993e+00,1.004015384615384754e+01,6.740000000000000213e+00,1.589729485089999912e+02,4.991902352971999903e+02,-2.429076097999710027e-01
7.259999999999999787e+00,3.300923076923076849e+00,1.002092307692307749e+01,6.720000000000000639e+00,1.594794070769999905e+02,4.991790886001999752e+02,-2.417556107999949966e-01
7.261000000000000121e+00,3.301000000000000156e+00,1.001900000000000013e+01,6.717999999999999972e+00,1.595300956844000098e+02,4.991789794095999468e+02,-2.412439461999951185e-01
7.269999999999999574e+00,3.292000000000000259e+00,1.001900000000000013e+01,6.726999999999999424e+00,1.599862931510000124e+02,4.991779966941999760e+02,-2.366389647999979917e-01
7.274000000000000021e+00,3.287999999999999812e+00,1.001900000000000013e+01,6.730999999999999872e+00,1.601895501566000064e+02,4.991827928109999561e+02,-2.358106643999943464e-01
7.280000000000000249e+00,3.317538461538462879e+00,1.005407692307692535e+01,6.736538461538462030e+00,1.604944356649999975e+02,4.991899869861999832e+02,-2.345682137999889894e-01
7.286999999999999922e+00,3.351999999999999869e+00,1.009500000000000064e+01,6.743000000000000327e+00,1.608448034197999732e+02,4.992058056162999833e+02,-2.282460398999793805e-01
7.290000000000000036e+00,3.360538461538461696e+00,1.009753846153846268e+01,6.737000000000000099e+00,1.609949610289999953e+02,4.992125850291999996e+02,-2.255365367999750126e-01
7.299999999999999822e+00,3.388999999999999790e+00,1.010599999999999987e+01,6.716999999999999638e+00,1.614956596069999932e+02,4.992321526882000171e+02,-2.264941948000079863e-01
7.309999999999999609e+00,3.360538461538461696e+00,1.008676923076922982e+01,6.726230769230769013e+00,1.620092506409999942e+02,4.992364304472000072e+02,-2.273950407999849876e-01
7.312999999999999723e+00,3.351999999999999869e+00,1.008099999999999952e+01,6.729000000000000092e+00,1.621599898295999935e+02,4.992330233312999894e+02,-2.255494752999934460e-01
7.320000000000000284e+00,3.365461538461539615e+00,1.007507692307692260e+01,6.709615384615382538e+00,1.625117146030000015e+02,4.992250733942000238e+02,-2.212431558000129972e-01
7.325999999999999623e+00,3.376999999999999780e+00,1.007000000000000028e+01,6.692999999999999616e+00,1.628106610197999657e+02,4.992205036304000032e+02,-2.217605339999985659e-01
7.330000000000000071e+00,3.377307692307692122e+00,1.006907692307692415e+01,6.691769230769230248e+00,1.630099586309999893e+02,4.992174571212000274e+02,-2.221054527999890005e-01
7.339000000000000412e+00,3.378000000000000114e+00,1.006700000000000017e+01,6.689000000000000057e+00,1.634485737174000235e+02,4.992244405821000441e+02,-2.301325699000029701e-01
7.339999999999999858e+00,3.376923076923077804e+00,1.006523076923077120e+01,6.688307692307692953e+00,1.634973087269999894e+02,4.992252165222000144e+02,-2.310244718000039887e-01
7.349999999999999645e+00,3.366153846153846718e+00,1.004753846153846375e+01,6.681384615384615699e+00,1.639874257310000019e+02,4.992371439202000261e+02,-2.389575737999850014e-01
7.352000000000000313e+00,3.363999999999999879e+00,1.004400000000000048e+01,6.679999999999999716e+00,1.640860534078000228e+02,4.992359623082000439e+02,-2.393314669999868916e-01
7.360000000000000320e+00,3.363999999999999879e+00,1.005938461538461581e+01,6.695384615384615046e+00,1.644805641149999929e+02,4.992312358602000018e+02,-2.408270397999940082e-01
7.365000000000000213e+00,3.363999999999999879e+00,1.006900000000000084e+01,6.705000000000000071e+00,1.647283590069999946e+02,4.992243559411999740e+02,-2.387476297999844843e-01
7.370000000000000107e+00,3.358615384615384780e+00,1.006438461538461659e+01,6.705769230769230482e+00,1.649761538989999963e+02,4.992174760222000032e+02,-2.366682197999749881e-01
7.378000000000000114e+00,3.350000000000000089e+00,1.005700000000000038e+01,6.706999999999999851e+00,1.653667612414000132e+02,4.992109411238000121e+02,-2.333582494000053242e-01
7.379999999999999893e+00,3.346153846153846700e+00,1.005315384615384744e+01,6.706999999999999851e+00,1.654644130769999890e+02,4.992093073991999859e+02,-2.325307568000130054e-01
7.389999999999999680e+00,3.326923076923077538e+00,1.003392307692307739e+01,6.706999999999999851e+00,1.659602618149999955e+02,4.992085586481999826e+02,-2.354178287999990071e-01
7.391000000000000014e+00,3.325000000000000178e+00,1.003200000000000003e+01,6.706999999999999851e+00,1.660099462820000156e+02,4.992084933538000087e+02,-2.346065404999948811e-01
7.400000000000000355e+00,3.351307692307693653e+00,1.003269230769230802e+01,6.681384615384613923e+00,1.664571064849999971e+02,4.992079057042000159e+02,-2.273049457999599954e-01
7.403999999999999915e+00,3.362999999999999989e+00,1.003299999999999947e+01,6.669999999999999929e+00,1.666557077353999716e+02,4.992100377873999832e+02,-2.248682717999714031e-01
7.410000000000000142e+00,3.373714285714286110e+00,1.004885714285714293e+01,6.675142857142857267e+00,1.669536096109999903e+02,4.992132359121999912e+02,-2.212132607999879874e-01
7.418000000000000149e+00,3.387999999999999901e+00,1.007000000000000028e+01,6.682000000000000384e+00,1.673632273997999960e+02,4.992246051090000378e+02,-2.203622440000071736e-01
7.419999999999999929e+00,3.382153846153846732e+00,1.006953846153846222e+01,6.687384615384615039e+00,1.674656318469999974e+02,4.992274474082000211e+02,-2.201494898000120048e-01
7.429999999999999716e+00,3.352923076923077783e+00,1.006723076923077009e+01,6.714307692307690978e+00,1.679777689670000029e+02,4.992396480561999965e+02,-2.230786247999989869e-01
7.431000000000000050e+00,3.350000000000000089e+00,1.006700000000000017e+01,6.716999999999999638e+00,1.680294788808000135e+02,4.992391944006000131e+02,-2.231655215999966135e-01
7.440000000000000391e+00,3.351500000000000146e+00,1.004974999999999952e+01,6.698249999999998927e+00,1.684948681049999948e+02,4.992351115001999915e+02,-2.239475927999750038e-01
7.442999999999999616e+00,3.351999999999999869e+00,1.004400000000000048e+01,6.692000000000000171e+00,1.686486370805999684e+02,4.992312689516999740e+02,-2.241998306999848367e-01
7.450000000000000178e+00,3.357923076923076788e+00,1.004400000000000048e+01,6.686076923076923251e+00,1.690074313570000015e+02,4.992223030051999899e+02,-2.247883858000080115e-01
7.456000000000000405e+00,3.362999999999999989e+00,1.004400000000000048e+01,6.681000000000000050e+00,1.693142676874000188e+02,4.992163807711999652e+02,-2.252992371999936183e-01
7.459999999999999964e+00,3.348428571428572198e+00,1.003657142857142937e+01,6.688142857142857167e+00,1.695188252410000018e+02,4.992124326151999867e+02,-2.256398047999839951e-01
7.469999999999999751e+00,3.311999999999999833e+00,1.001800000000000068e+01,6.706000000000000405e+00,1.700147895290000122e+02,4.992096624321999911e+02,-2.355197647999749955e-01
7.480000000000000426e+00,3.322769230769231807e+00,1.000876923076923042e+01,6.685999999999998167e+00,1.705058193890000098e+02,4.992056018302000098e+02,-2.473962827999749980e-01
7.482999999999999652e+00,3.326000000000000068e+00,1.000600000000000023e+01,6.679999999999999716e+00,1.706522634097999571e+02,4.992037428552999927e+02,-2.482571522999708902e-01
7.490000000000000213e+00,3.347583333333334465e+00,1.001883333333333503e+01,6.671249999999999680e+00,1.709939661249999858e+02,4.991994052471999908e+02,-2.502658477999620268e-01
7.495000000000000107e+00,3.362999999999999989e+00,1.002800000000000047e+01,6.665000000000000036e+00,1.712400645179999970e+02,4.991959252977000006e+02,-2.506988267999780140e-01
7.500000000000000000e+00,3.358714285714285985e+00,1.001978571428571563e+01,6.661071428571428754e+00,1.714861629110000081e+02,4.991924453482000104e+02,-2.511318057999940012e-01
7.509000000000000341e+00,3.350999999999999979e+00,1.000500000000000078e+01,6.653999999999999915e+00,1.719302940470000181e+02,4.991817559582000285e+02,-2.473952685999766810e-01
7.509999999999999787e+00,3.350000000000000533e+00,1.000415384615384795e+01,6.654153846153845642e+00,1.719796419509999907e+02,4.991805682482000179e+02,-2.469800977999750125e-01
7.519999999999999574e+00,3.340000000000000746e+00,9.995692307692308987e+00,6.655692307692307352e+00,1.724762283329999946e+02,4.991668936332000044e+02,-2.348213047999750114e-01
7.522000000000000242e+00,3.338000000000000078e+00,9.993999999999999773e+00,6.655999999999999694e+00,1.725758653838000214e+02,4.991655756970000084e+02,-2.333944807999736304e-01
7.530000000000000249e+00,3.363333333333334174e+00,1.002800000000000047e+01,6.664666666666666295e+00,1.729744135869999866e+02,4.991603039522000245e+02,-2.276871847999699938e-01
7.533999999999999808e+00,3.375999999999999890e+00,1.004499999999999993e+01,6.668999999999999595e+00,1.731755021317999876e+02,4.991609754442000053e+02,-2.252448043999818184e-01
7.540000000000000036e+00,3.387142857142857455e+00,1.003942857142857115e+01,6.652285714285713247e+00,1.734771349490000034e+02,4.991619826822000050e+02,-2.215812337999990000e-01
7.548000000000000043e+00,3.402000000000000135e+00,1.003200000000000003e+01,6.629999999999999893e+00,1.738741552337999963e+02,4.991694388038000056e+02,-2.175191930000013318e-01
7.549999999999999822e+00,3.394000000000001016e+00,1.002599999999999980e+01,6.631999999999999673e+00,1.739734103049999874e+02,4.991713028341999916e+02,-2.165036828000020119e-01
7.559999999999999609e+00,3.354000000000001425e+00,9.996000000000002217e+00,6.641999999999999460e+00,1.744752786949999859e+02,4.991879253321999954e+02,-2.194507027999889892e-01
7.560999999999999943e+00,3.350000000000000089e+00,9.993000000000000327e+00,6.642999999999999794e+00,1.745266294728000105e+02,4.991902535904000047e+02,-2.201474981999895775e-01
7.570000000000000284e+00,3.377000000000001112e+00,1.000269230769230866e+01,6.625692307692307104e+00,1.749887864730000047e+02,4.992112079141999743e+02,-2.264186567999930122e-01
7.573999999999999844e+00,3.388999999999999790e+00,1.000699999999999967e+01,6.618000000000000327e+00,1.751911768257999995e+02,4.992171494173999804e+02,-2.275946031999876995e-01
7.580000000000000071e+00,3.382999999999999563e+00,1.000053846153846138e+01,6.617538461538461370e+00,1.754947623550000060e+02,4.992260616721999895e+02,-2.293585227999800080e-01
7.586999999999999744e+00,3.375999999999999890e+00,9.993000000000000327e+00,6.616999999999999993e+00,1.758514415100000008e+02,4.992295830159000047e+02,-2.334916273000001985e-01
7.589999999999999858e+00,3.375999999999999890e+00,9.993923076923076465e+00,6.617923076923077019e+00,1.760043040049999945e+02,4.992310921632000031e+02,-2.352629578000089983e-01
7.599999999999999645e+00,3.375999999999999890e+00,9.996999999999999886e+00,6.621000000000000441e+00,1.765162411670000040e+02,4.992292516041999875e+02,-2.401426118000029863e-01
7.610000000000000320e+00,3.404461538461538428e+00,1.004238461538461458e+01,6.637923076923076593e+00,1.770209305349999909e+02,4.992140044931999796e+02,-2.369765267999610070e-01
7.613000000000000433e+00,3.412999999999999812e+00,1.005599999999999916e+01,6.642999999999999794e+00,1.771711052976000076e+02,4.992099578067000039e+02,-2.369288420999609845e-01
7.620000000000000107e+00,3.434538461538460652e+00,1.007053846153845988e+01,6.636000000000000121e+00,1.775215130770000087e+02,4.992005155382000225e+02,-2.368175777999609877e-01
7.626000000000000334e+00,3.452999999999999847e+00,1.008300000000000018e+01,6.629999999999999893e+00,1.778186963530000355e+02,4.991952483889999712e+02,-2.361328799999753425e-01
7.629999999999999893e+00,3.441000000000001169e+00,1.007130769230769296e+01,6.630307692307692236e+00,1.780168185370000060e+02,4.991917369561999749e+02,-2.356764147999849957e-01
7.639000000000000234e+00,3.414000000000000146e+00,1.004499999999999993e+01,6.631000000000000227e+00,1.784471113378000098e+02,4.991865868492999994e+02,-2.265624639999916645e-01
7.639999999999999680e+00,3.416999999999998483e+00,1.004876923076922779e+01,6.631769230769230639e+00,1.784949216489999912e+02,4.991860146152000084e+02,-2.255498027999930100e-01
7.650000000000000355e+00,3.447000000000000508e+00,1.008646153846153837e+01,6.639461538461538304e+00,1.789864337930000033e+02,4.991910457161999943e+02,-2.234581987999849917e-01
7.652000000000000135e+00,3.452999999999999847e+00,1.009399999999999942e+01,6.641000000000000014e+00,1.790849927614000023e+02,4.991910670849999860e+02,-2.224363423999858869e-01
7.660000000000000142e+00,3.475769230769230944e+00,1.011676923076923096e+01,6.641000000000000014e+00,1.794792286349999983e+02,4.991911525602000097e+02,-2.183489167999889957e-01
7.665000000000000036e+00,3.490000000000000213e+00,1.013100000000000023e+01,6.641000000000000014e+00,1.797266089489999956e+02,4.991827607016999764e+02,-2.122642387999885139e-01
7.669999999999999929e+00,3.465384615384615952e+00,1.010676923076923117e+01,6.641384615384615664e+00,1.799739892629999929e+02,4.991743688431999999e+02,-2.061795607999880042e-01
7.677999999999999936e+00,3.426000000000000156e+00,1.006799999999999962e+01,6.642000000000000348e+00,1.803807073846000151e+02,4.991663498455999957e+02,-2.028607703999735501e-01
7.679999999999999716e+00,3.424153846153846548e+00,1.006200000000000117e+01,6.637846153846154174e+00,1.804823869150000064e+02,4.991643450962000088e+02,-2.020310727999700129e-01
7.690000000000000391e+00,3.414923076923076728e+00,1.003199999999999825e+01,6.617076923076922412e+00,1.809941519729999868e+02,4.991655172811999819e+02,-2.019213617999690014e-01
7.690999999999999837e+00,3.414000000000000146e+00,1.002899999999999991e+01,6.615000000000000213e+00,1.810445953737999503e+02,4.991661943267999959e+02,-2.017125275999681056e-01
7.700000000000000178e+00,3.430071428571428882e+00,1.003800000000000026e+01,6.607928571428571374e+00,1.814985859809999909e+02,4.991722877372000085e+02,-1.998330197999589886e-01
7.705000000000000071e+00,3.439000000000000057e+00,1.004299999999999926e+01,6.604000000000000092e+00,1.817504900509999857e+02,4.991811551691999966e+02,-2.013082762999804931e-01
7.709999999999999964e+00,3.438583333333333325e+00,1.003800000000000026e+01,6.599416666666666487e+00,1.820023941210000089e+02,4.991900226011999848e+02,-2.027835328000019977e-01
7.716999999999999638e+00,3.438000000000000167e+00,1.003100000000000058e+01,6.592999999999999972e+00,1.823561381984000036e+02,4.992081101349999699e+02,-2.041686627000082466e-01
7.719999999999999751e+00,3.443999999999999950e+00,1.003376923076923077e+01,6.589769230769230823e+00,1.825077428030000135e+02,4.992158619351999960e+02,-2.047622898000109881e-01
7.730000000000000426e+00,3.463999999999999968e+00,1.004299999999999926e+01,6.578999999999999737e+00,1.830083861589999970e+02,4.992363997382000207e+02,-2.137234347999699968e-01
7.740000000000000213e+00,3.510428571428572564e+00,1.008014285714285840e+01,6.569714285714285396e+00,1.835141048630000000e+02,4.992382141851999791e+02,-2.176173607999890014e-01
7.743999999999999773e+00,3.528999999999999915e+00,1.009500000000000064e+01,6.565999999999999837e+00,1.837095227077999766e+02,4.992329471776000105e+02,-2.167553007999846737e-01
7.750000000000000000e+00,3.528538461538461402e+00,1.008946153846153848e+01,6.560923076923076636e+00,1.840026494749999983e+02,4.992250466662000008e+02,-2.154622107999779879e-01
7.756999999999999673e+00,3.528000000000000025e+00,1.008300000000000018e+01,6.554999999999999716e+00,1.843537961701999848e+02,4.992149429698000063e+02,-2.160484531000024799e-01
7.759999999999999787e+00,3.522461538461538311e+00,1.007953846153846200e+01,6.557076923076922803e+00,1.845042876109999952e+02,4.992106128141999761e+02,-2.162996998000130122e-01
7.769999999999999574e+00,3.504000000000000004e+00,1.006799999999999962e+01,6.564000000000000057e+00,1.850066967950000105e+02,4.992002188491999846e+02,-2.201512897999740037e-01
7.780000000000000249e+00,3.502333333333333076e+00,1.005633333333333290e+01,6.553999999999999382e+00,1.854994038989999865e+02,4.991843159741999898e+02,-2.089855048000079929e-01
7.782000000000000028e+00,3.501999999999999780e+00,1.005400000000000027e+01,6.551999999999999602e+00,1.855963995345999820e+02,4.991836492406000048e+02,-2.073615646000003254e-01
7.790000000000000036e+00,3.509428571428571342e+00,1.004657142857142915e+01,6.537142857142857366e+00,1.859843820769999923e+02,4.991809823062000078e+02,-2.008658037999689894e-01
7.796000000000000263e+00,3.515000000000000124e+00,1.004100000000000037e+01,6.525999999999999801e+00,1.862789484410000114e+02,4.991899742403999767e+02,-2.044320225999866070e-01
7.799999999999999822e+00,3.495307692307694225e+00,1.001761538461538770e+01,6.522307692307692584e+00,1.864753260169999862e+02,4.991959688631999938e+02,-2.068095017999979912e-01
7.809000000000000163e+00,3.451000000000000068e+00,9.964999999999999858e+00,6.514000000000000234e+00,1.869250291340000274e+02,4.991982116533000067e+02,-2.049173624999889032e-01
7.809999999999999609e+00,3.451999999999999513e+00,9.966999999999998749e+00,6.514999999999999680e+00,1.869749961470000130e+02,4.991984608522000144e+02,-2.047071247999880106e-01
7.820000000000000284e+00,3.462000000000000188e+00,9.987000000000000099e+00,6.525000000000000355e+00,1.874807404430000020e+02,4.991822794281999904e+02,-1.995374957999919985e-01
7.822000000000000064e+00,3.463999999999999968e+00,9.990999999999999659e+00,6.527000000000000135e+00,1.875864366237999832e+02,4.991800976828000103e+02,-2.003062905999959398e-01
7.830000000000000071e+00,3.463384615384615284e+00,9.997769230769231186e+00,6.534384615384615458e+00,1.880092213469999933e+02,4.991713707011999759e+02,-2.033814698000120103e-01
7.834999999999999964e+00,3.463000000000000078e+00,1.000200000000000067e+01,6.538999999999999702e+00,1.882671015120000106e+02,4.991720566796999492e+02,-2.073265483000025222e-01
7.839999999999999858e+00,3.458769230769231040e+00,9.993538461538461704e+00,6.534769230769230219e+00,1.885249816769999995e+02,4.991727426581999794e+02,-2.112716267999930064e-01
7.847999999999999865e+00,3.451999999999999957e+00,9.980000000000000426e+00,6.527999999999999581e+00,1.889349651409999922e+02,4.991777081878000217e+02,-2.143979620000090736e-01
7.849999999999999645e+00,3.463692307692306294e+00,9.989846153846153598e+00,6.526153846153846416e+00,1.890374610069999903e+02,4.991789495702000181e+02,-2.151795458000130001e-01
7.860000000000000320e+00,3.522153846153849521e+00,1.003907692307692656e+01,6.516923076923076152e+00,1.895378759269999875e+02,4.992034879011999919e+02,-2.221548427999600062e-01
7.860999999999999766e+00,3.528000000000000025e+00,1.004400000000000048e+01,6.516000000000000014e+00,1.895869731507999632e+02,4.992066912463999984e+02,-2.222552229999633644e-01
7.870000000000000107e+00,3.545307692307693159e+00,1.006823076923077132e+01,6.522923076923077268e+00,1.900288481649999994e+02,4.992355213531999993e+02,-2.231586447999940048e-01
7.873999999999999666e+00,3.552999999999999936e+00,1.007900000000000063e+01,6.525999999999999801e+00,1.902252602145999845e+02,4.992479297419999966e+02,-2.251587419999914186e-01
7.879999999999999893e+00,3.546999999999999709e+00,1.006284615384615400e+01,6.515846153846153399e+00,1.905198782889999904e+02,4.992665423252000210e+02,-2.281588877999879972e-01
7.886999999999999567e+00,3.540000000000000036e+00,1.004400000000000048e+01,6.503999999999999559e+00,1.908689488290000043e+02,4.992682418790000156e+02,-2.280872301999886942e-01
7.889999999999999680e+00,3.528230769230769504e+00,1.003776923076923033e+01,6.509538461538460830e+00,1.910185504890000061e+02,4.992689702591999890e+02,-2.280565197999890048e-01
7.900000000000000355e+00,3.488999999999999879e+00,1.001699999999999946e+01,6.527999999999999581e+00,1.915077764129999878e+02,4.992438646602000176e+02,-2.138590217999800092e-01
7.910000000000000142e+00,3.499769230769230521e+00,1.004699999999999882e+01,6.547230769230768743e+00,1.919946653769999898e+02,4.992246070471999815e+02,-2.076827278000079879e-01
7.913000000000000256e+00,3.503000000000000114e+00,1.005599999999999916e+01,6.552999999999999936e+00,1.921416742899999974e+02,4.992233802340999773e+02,-2.088457038999966542e-01
7.919999999999999929e+00,3.482000000000000650e+00,1.004092307692307706e+01,6.558923076923076856e+00,1.924846950870000057e+02,4.992205176702000244e+02,-2.115593147999700052e-01
7.926000000000000156e+00,3.463999999999999968e+00,1.002800000000000047e+01,6.564000000000000057e+00,1.927742804838000268e+02,4.992220156770000017e+02,-2.145001985999665794e-01
7.929999999999999716e+00,3.456571428571429738e+00,1.002085714285714424e+01,6.564285714285714057e+00,1.929673374150000029e+02,4.992230143482000244e+02,-2.164607877999639995e-01
7.940000000000000391e+00,3.438000000000000167e+00,1.000300000000000011e+01,6.565000000000000391e+00,1.934655242229999885e+02,4.992163999712000191e+02,-2.163266257999650055e-01
7.950000000000000178e+00,3.469666666666667343e+00,1.003550000000000075e+01,6.565833333333332966e+00,1.939657084449999900e+02,4.992098890081999798e+02,-2.191924038000080122e-01
7.951999999999999957e+00,3.475999999999999979e+00,1.004199999999999982e+01,6.565999999999999837e+00,1.940674453285999732e+02,4.992068802459999688e+02,-2.199591616000001471e-01
7.959999999999999964e+00,3.491999999999999993e+00,1.006353846153846199e+01,6.571538461538461995e+00,1.944743928629999914e+02,4.991948451971999816e+02,-2.230261927999689919e-01
7.964999999999999858e+00,3.501999999999999780e+00,1.007699999999999996e+01,6.575000000000000178e+00,1.947313736130000166e+02,4.991849681052000278e+02,-2.254341942999670001e-01
7.969999999999999751e+00,3.492714285714285882e+00,1.006485714285714295e+01,6.572142857142857508e+00,1.949883543630000133e+02,4.991750910132000172e+02,-2.278421957999650083e-01
7.979000000000000092e+00,3.475999999999999979e+00,1.004299999999999926e+01,6.567000000000000171e+00,1.954613945627999954e+02,4.991633158488000390e+02,-2.330954552999918439e-01
7.980000000000000426e+00,3.479000000000000981e+00,1.004584615384615454e+01,6.566846153846153555e+00,1.955139545849999934e+02,4.991620074972000225e+02,-2.336791507999949891e-01
7.990000000000000213e+00,3.509000000000000785e+00,1.007430769230769307e+01,6.565307692307692733e+00,1.960198436169999923e+02,4.991608374241999968e+02,-2.345624897999699920e-01
7.991999999999999993e+00,3.515000000000000124e+00,1.008000000000000007e+01,6.565000000000000391e+00,1.961197384589999899e+02,4.991655319001999942e+02,-2.365568427999680257e-01
8.000000000000000000e+00,3.530384615384614566e+00,1.008738461538461451e+01,6.557000000000000384e+00,1.965193178270000089e+02,4.991843098041999838e+02,-2.445342547999609928e-01
8.005000000000000782e+00,3.540000000000000036e+00,1.009200000000000053e+01,6.551999999999999602e+00,1.967706816370000524e+02,4.992026423281999996e+02,-2.515430607999677437e-01
8.009999999999999787e+00,3.514166666666668881e+00,1.007241666666666902e+01,6.558249999999999247e+00,1.970220454470000107e+02,4.992209748522000154e+02,-2.585518667999719966e-01
8.016999999999999460e+00,3.478000000000000203e+00,1.004499999999999993e+01,6.567000000000000171e+00,1.973693587097999966e+02,4.992288917345999835e+02,-2.564025216999811230e-01
8.019999999999999574e+00,3.480769230769231282e+00,1.005261538461538429e+01,6.571846153846154337e+00,1.975182072510000069e+02,4.992322846842000104e+02,-2.554813737999849788e-01
8.029999999999999361e+00,3.490000000000000213e+00,1.007799999999999940e+01,6.588000000000000078e+00,1.980260607369999946e+02,4.992142452182000056e+02,-2.433046747999849935e-01
8.039999999999999147e+00,3.489230769230769358e+00,1.008876923076923049e+01,6.599538461538461576e+00,1.985296377349999943e+02,4.992009378441999843e+02,-2.401456807999990117e-01
8.042999999999999261e+00,3.488999999999999879e+00,1.009200000000000053e+01,6.602999999999999758e+00,1.986815752387999794e+02,4.991975948934999678e+02,-2.395000828999963860e-01
8.050000000000000711e+00,3.475538461538458357e+00,1.007207692307691893e+01,6.596538461538460574e+00,1.990360960810000108e+02,4.991897946752000053e+02,-2.379936877999900002e-01
8.055999999999999162e+00,3.463999999999999968e+00,1.005499999999999972e+01,6.591000000000000192e+00,1.993343408769999314e+02,4.991869877743999950e+02,-2.385174415999754827e-01
8.060000000000000497e+00,3.455999999999998185e+00,1.004638461538461236e+01,6.590384615384615508e+00,1.995331707409999922e+02,4.991851165072000072e+02,-2.388666107999659893e-01
8.069000000000000838e+00,3.438000000000000167e+00,1.002699999999999925e+01,6.589000000000000412e+00,1.999784841710000194e+02,4.991852993889999652e+02,-2.387681921999650902e-01
8.070000000000000284e+00,3.442846153846151225e+00,1.003099999999999703e+01,6.588153846153846693e+00,2.000279634409999971e+02,4.991853197091999732e+02,-2.387572567999650119e-01
8.080000000000000071e+00,3.491307692307688892e+00,1.007099999999999795e+01,6.579692307692308617e+00,2.005086384290000012e+02,4.992047316442000238e+02,-2.437188457999620028e-01
8.082000000000000739e+00,3.500999999999999890e+00,1.007900000000000063e+01,6.578000000000000291e+00,2.006074100342000293e+02,4.992115570636000257e+02,-2.481209823999729613e-01
8.089999999999999858e+00,3.501615384615384574e+00,1.006423076923076998e+01,6.562615384615385850e+00,2.010024964549999993e+02,4.992388587411999765e+02,-2.657295288000089961e-01
8.095000000000000639e+00,3.501999999999999780e+00,1.005499999999999972e+01,6.552999999999999936e+00,2.012550145960000521e+02,4.992457438247000141e+02,-2.711976807999939565e-01
8.099999999999999645e+00,3.506642857142856506e+00,1.005142857142857160e+01,6.544785714285715983e+00,2.015075327369999911e+02,4.992526289081999948e+02,-2.766658327999769740e-01
8.108999999999999986e+00,3.515000000000000124e+00,1.004499999999999993e+01,6.530000000000000249e+00,2.019575159772000177e+02,4.992341732328000035e+02,-2.693005702999936579e-01
8.109999999999999432e+00,3.517923076923075598e+00,1.004784615384615165e+01,6.529923076923076941e+00,2.020075141149999922e+02,4.992321226021999792e+02,-2.684822077999959866e-01
8.119999999999999218e+00,3.547153846153844103e+00,1.007630769230769019e+01,6.529153846153846530e+00,2.025160827610000069e+02,4.992191037512000094e+02,-2.643231147999769992e-01
8.121999999999999886e+00,3.552999999999999936e+00,1.008200000000000074e+01,6.528999999999999915e+00,2.026175803862000180e+02,4.992202860177999924e+02,-2.657047159999780250e-01
8.130000000000000782e+00,3.537615384615382830e+00,1.006661538461538363e+01,6.528999999999999915e+00,2.030235708870000053e+02,4.992250150841999812e+02,-2.712311207999810181e-01
8.134999999999999787e+00,3.528000000000000025e+00,1.005700000000000038e+01,6.528999999999999915e+00,2.032795380249999653e+02,4.992241177367000091e+02,-2.671709867999912391e-01
8.140000000000000568e+00,3.503384615384611322e+00,1.002776923076922699e+01,6.524384615384614783e+00,2.035355051630000105e+02,4.992232203891999802e+02,-2.631108528000000168e-01
8.147999999999999687e+00,3.463999999999999968e+00,9.980999999999999872e+00,6.517000000000000348e+00,2.039352159645999620e+02,4.992116188004000037e+02,-2.533809400000001100e-01
8.150000000000000355e+00,3.463999999999999968e+00,9.978999999999999204e+00,6.514999999999999680e+00,2.040351436649999926e+02,4.992087184032000096e+02,-2.509484617999990230e-01
8.160000000000000142e+00,3.463999999999999968e+00,9.968999999999999417e+00,6.504999999999999005e+00,2.045360397169999942e+02,4.992072809751999785e+02,-2.468319357999810004e-01
8.160999999999999588e+00,3.463999999999999968e+00,9.967999999999999972e+00,6.503999999999999559e+00,2.045843036833999804e+02,4.992075348765999934e+02,-2.461220902999808890e-01
8.169999999999999929e+00,3.498615384615386237e+00,1.001092307692307770e+01,6.512307692307692797e+00,2.050186793809999983e+02,4.992098199892000139e+02,-2.397334807999760009e-01
8.173999999999999488e+00,3.513999999999999790e+00,1.002999999999999936e+01,6.516000000000000014e+00,2.052148172905999672e+02,4.992129949708000254e+02,-2.425010679999777541e-01
8.179999999999999716e+00,3.495999999999999108e+00,1.002861538461538338e+01,6.532615384615385601e+00,2.055090241549999917e+02,4.992177574432000142e+02,-2.466524487999809945e-01
8.186999999999999389e+00,3.475000000000000089e+00,1.002699999999999925e+01,6.551999999999999602e+00,2.058689772296000058e+02,4.992130570320999823e+02,-2.493558088999935363e-01
8.189999999999999503e+00,3.478000000000000203e+00,1.002976923076922944e+01,6.551769230769230568e+00,2.060232428330000118e+02,4.992110425701999930e+02,-2.505143917999990144e-01
8.199999999999999289e+00,3.487999999999999989e+00,1.003899999999999970e+01,6.551000000000000156e+00,2.065333223910000129e+02,4.991891024622000259e+02,-2.443234747999709910e-01
8.210000000000000853e+00,3.508000000000003116e+00,1.006823076923077309e+01,6.560230769230770420e+00,2.070486532170000089e+02,4.991804513801999974e+02,-2.471783328000140001e-01
8.212999999999999190e+00,3.513999999999999790e+00,1.007699999999999996e+01,6.562999999999999723e+00,2.071967674037999245e+02,4.991861829288000081e+02,-2.528656418999953859e-01
8.220000000000000639e+00,3.513999999999999790e+00,1.008507692307692416e+01,6.571076923076923926e+00,2.075423671730000024e+02,4.991995565422000141e+02,-2.661360297999619817e-01
8.226000000000000867e+00,3.513999999999999790e+00,1.009200000000000053e+01,6.578000000000000291e+00,2.078392275710000092e+02,4.992104738691999728e+02,-2.721085467999911356e-01
8.230000000000000426e+00,3.525999999999998469e+00,1.009999999999999964e+01,6.574000000000000732e+00,2.080371345030000043e+02,4.992177520871999832e+02,-2.760902248000099979e-01
8.239000000000000767e+00,3.552999999999999936e+00,1.011800000000000033e+01,6.565000000000000391e+00,2.084829354846000342e+02,4.992251840433000325e+02,-2.733172554999711013e-01
8.240000000000000213e+00,3.554999999999998828e+00,1.012199999999999811e+01,6.566999999999999282e+00,2.085324689269999965e+02,4.992260098162000190e+02,-2.730091477999669891e-01
8.250000000000000000e+00,3.574999999999998845e+00,1.016199999999999726e+01,6.586999999999998856e+00,2.090460584070000039e+02,4.992303122711999777e+02,-2.669100357999960038e-01
8.252000000000000668e+00,3.579000000000000181e+00,1.016999999999999993e+01,6.591000000000000192e+00,2.091455473074000508e+02,4.992315893861999712e+02,-2.656924015999895805e-01
8.259999999999999787e+00,3.571000000000000618e+00,1.015514285714285769e+01,6.584142857142857075e+00,2.095435029090000114e+02,4.992366978462000020e+02,-2.608218647999659967e-01
8.266000000000000014e+00,3.564999999999999947e+00,1.014400000000000013e+01,6.578999999999999737e+00,2.098504590810000252e+02,4.992392024531999937e+02,-2.595624083999953369e-01
8.269999999999999574e+00,3.553923076923077851e+00,1.012892307692307803e+01,6.575000000000000178e+00,2.100550965289999965e+02,4.992408721912000260e+02,-2.587227708000149895e-01
8.278999999999999915e+00,3.528999999999999915e+00,1.009500000000000064e+01,6.565999999999999837e+00,2.105150923358000341e+02,4.992365164234000190e+02,-2.496050147999712698e-01
8.279999999999999361e+00,3.529846153846153189e+00,1.009469230769230919e+01,6.564846153846154664e+00,2.105662029810000035e+02,4.992360324492000245e+02,-2.485919307999669980e-01
8.289999999999999147e+00,3.538307692307691710e+00,1.009161538461538399e+01,6.553307692307693166e+00,2.110565134629999875e+02,4.992270182642000123e+02,-2.334509567999799862e-01
8.291999999999999815e+00,3.540000000000000036e+00,1.009099999999999930e+01,6.551000000000000156e+00,2.111537035661999937e+02,4.992299635158000228e+02,-2.332397257999845597e-01
8.300000000000000711e+00,3.548000000000000931e+00,1.009838461538461551e+01,6.550384615384615472e+00,2.115424639789999901e+02,4.992417445222000083e+02,-2.323948018000029925e-01
8.304999999999999716e+00,3.552999999999999936e+00,1.010299999999999976e+01,6.549999999999999822e+00,2.117855977679999455e+02,4.992551051906999646e+02,-2.378878877999860142e-01
8.310000000000000497e+00,3.552615384615384730e+00,1.010223076923076846e+01,6.549615384615384173e+00,2.120287315569999862e+02,4.992684658591999778e+02,-2.433809737999710066e-01
8.317999999999999616e+00,3.552000000000000046e+00,1.010100000000000087e+01,6.549000000000000377e+00,2.124259353009999529e+02,4.992727102687999832e+02,-2.441075921999973364e-01
8.320000000000000284e+00,3.552000000000000046e+00,1.010146153846153894e+01,6.549461538461538446e+00,2.125252362370000014e+02,4.992737713711999845e+02,-2.442892468000039952e-01
8.330000000000000071e+00,3.552000000000000046e+00,1.010376923076923106e+01,6.551769230769230568e+00,2.130118992069999990e+02,4.992584754782000118e+02,-2.471270387999900120e-01
8.330999999999999517e+00,3.552000000000000046e+00,1.010399999999999920e+01,6.551999999999999602e+00,2.130626280459999862e+02,4.992576621380000006e+02,-2.481128906999885975e-01
8.339999999999999858e+00,3.571499999999999897e+00,1.012349999999999994e+01,6.551999999999999602e+00,2.135191875970000126e+02,4.992503420762000133e+02,-2.569855577999810015e-01
8.342999999999999972e+00,3.577999999999999847e+00,1.013000000000000078e+01,6.551999999999999602e+00,2.136677628682000147e+02,4.992479963696000027e+02,-2.599442495999784719e-01
8.349999999999999645e+00,3.584461538461538144e+00,1.013700000000000045e+01,6.552538461538460979e+00,2.140144385010000008e+02,4.992425230541999781e+02,-2.668478637999719960e-01
8.355999999999999872e+00,3.589999999999999858e+00,1.014300000000000068e+01,6.552999999999999936e+00,2.143154217822000192e+02,4.992338563925999892e+02,-2.691503463999835311e-01
8.359999999999999432e+00,3.590615384615384542e+00,1.013530769230769302e+01,6.544692307692308475e+00,2.145160773030000030e+02,4.992280786182000156e+02,-2.706853347999910175e-01
8.368999999999999773e+00,3.592000000000000082e+00,1.011800000000000033e+01,6.525999999999999801e+00,2.149700424420000218e+02,4.992188298231000090e+02,-2.732517333999785469e-01
8.369999999999999218e+00,3.591923076923077218e+00,1.011615384615384805e+01,6.524230769230769944e+00,2.150204830129999891e+02,4.992178021792000209e+02,-2.735368887999770071e-01
8.380000000000000782e+00,3.591153846153846363e+00,1.009769230769230575e+01,6.506538461538459828e+00,2.155172711289999938e+02,4.992181405471999938e+02,-2.674275288000049766e-01
8.381999999999999673e+00,3.591000000000000192e+00,1.009399999999999942e+01,6.503000000000000114e+00,2.156169140169999423e+02,4.992202291675999959e+02,-2.658127207999980701e-01
8.390000000000000568e+00,3.575615384615382641e+00,1.007799999999999763e+01,6.502384615384615429e+00,2.160154855689999920e+02,4.992285836492000044e+02,-2.593534887999660032e-01
8.394999999999999574e+00,3.565999999999999837e+00,1.006799999999999962e+01,6.501999999999999780e+00,2.162634523639999600e+02,4.992362370651999868e+02,-2.573253152999858684e-01
8.400000000000000355e+00,3.560999999999999499e+00,1.006335714285714289e+01,6.502357142857142946e+00,2.165114191590000132e+02,4.992438904812000260e+02,-2.552971418000050119e-01
8.409000000000000696e+00,3.552000000000000046e+00,1.005499999999999972e+01,6.503000000000000114e+00,2.169692580060000182e+02,4.992457345344000146e+02,-2.426017156999943636e-01
8.410000000000000142e+00,3.552923076923076628e+00,1.005761538461538329e+01,6.504692307692306663e+00,2.170201289889999998e+02,4.992459394292000070e+02,-2.411911127999940008e-01
8.419999999999999929e+00,3.562153846153845560e+00,1.008376923076922971e+01,6.521615384615383704e+00,2.175314623229999995e+02,4.992371238552000250e+02,-2.260461628000079992e-01
8.422000000000000597e+00,3.564000000000000057e+00,1.008900000000000041e+01,6.525000000000000355e+00,2.176349048610000239e+02,4.992358186080000451e+02,-2.258185448000013251e-01
8.429999999999999716e+00,3.587384615384612729e+00,1.012715384615384195e+01,6.539769230769229225e+00,2.180486750130000075e+02,4.992305976192000116e+02,-2.249080727999749896e-01
8.435000000000000497e+00,3.601999999999999869e+00,1.015099999999999980e+01,6.549000000000000377e+00,2.182971554560000413e+02,4.992292551392000064e+02,-2.258480662999796662e-01
8.439999999999999503e+00,3.606615384615383668e+00,1.014176923076923309e+01,6.535153846153849422e+00,2.185456358989999899e+02,4.992279126592000011e+02,-2.267880597999840098e-01
8.448000000000000398e+00,3.613999999999999879e+00,1.012700000000000067e+01,6.512999999999999901e+00,2.189403988350000532e+02,4.992328048535999869e+02,-2.315175326000078193e-01
8.449999999999999289e+00,3.606307692307696211e+00,1.012330769230769434e+01,6.516999999999997684e+00,2.190390895689999979e+02,4.992340279022000118e+02,-2.326999008000129876e-01
8.460000000000000853e+00,3.567846153846151669e+00,1.010484615384615203e+01,6.537000000000000810e+00,2.195415034570000046e+02,4.992586449511999831e+02,-2.496750958000089893e-01
8.461000000000000298e+00,3.564000000000000057e+00,1.010299999999999976e+01,6.538999999999999702e+00,2.195902757393999707e+02,4.992605226791999939e+02,-2.511708805000069100e-01
8.470000000000000639e+00,3.573000000000000398e+00,1.011961538461538623e+01,6.546615384615384947e+00,2.200292262810000068e+02,4.992774222311999779e+02,-2.646329427999959960e-01
8.474000000000000199e+00,3.576999999999999957e+00,1.012700000000000067e+01,6.549999999999999822e+00,2.202251243465999835e+02,4.992777803939999899e+02,-2.669906427999841902e-01
8.480000000000000426e+00,3.600538461538462798e+00,1.013484615384615495e+01,6.534307692307691262e+00,2.205189714450000054e+02,4.992783176382000079e+02,-2.705271927999670090e-01
8.487000000000000099e+00,3.628000000000000114e+00,1.014400000000000013e+01,6.516000000000000014e+00,2.208701804891999814e+02,4.992794059275000222e+02,-2.795529619999905790e-01
8.490000000000000213e+00,3.619461538461538286e+00,1.013546153846153786e+01,6.516000000000000014e+00,2.210206986510000036e+02,4.992798723372000040e+02,-2.834211488000010215e-01
8.500000000000000000e+00,3.591000000000000192e+00,1.010699999999999932e+01,6.516000000000000014e+00,2.215402505209999902e+02,4.992674628351999786e+02,-2.842617947999769856e-01
8.509999999999999787e+00,3.581769230769231260e+00,1.010623076923076979e+01,6.524461538461538090e+00,2.220412872709999874e+02,4.992460151601999883e+02,-2.760746137999949834e-01
8.512999999999999901e+00,3.579000000000000181e+00,1.010599999999999987e+01,6.527000000000000135e+00,2.221933872920000113e+02,4.992450885676000212e+02,-2.745374989999966875e-01
8.519999999999999574e+00,3.570923076923077311e+00,1.010492307692307712e+01,6.533999999999999808e+00,2.225482873409999911e+02,4.992429265182000222e+02,-2.709508978000009782e-01
8.525999999999999801e+00,3.564000000000000057e+00,1.010399999999999920e+01,6.540000000000000036e+00,2.228474735741999950e+02,4.992552083196000012e+02,-2.685276567999888564e-01
8.529999999999999361e+00,3.560307692307692840e+00,1.009938461538461496e+01,6.539076923076923009e+00,2.230469310629999882e+02,4.992633961871999873e+02,-2.669121627999809787e-01
8.538999999999999702e+00,3.552000000000000046e+00,1.008900000000000041e+01,6.536999999999999922e+00,2.234859285072000148e+02,4.992794670624000446e+02,-2.605711623999770188e-01
8.539999999999999147e+00,3.552923076923076628e+00,1.008892307692307710e+01,6.536000000000000476e+00,2.235347060009999893e+02,4.992812527152000257e+02,-2.598666067999769735e-01
8.550000000000000711e+00,3.562153846153847336e+00,1.008815384615384581e+01,6.525999999999998913e+00,2.240249920009999869e+02,4.992902167611999857e+02,-2.587891577999990034e-01
8.551999999999999602e+00,3.564000000000000057e+00,1.008799999999999919e+01,6.524000000000000021e+00,2.241231974845999275e+02,4.992894124023999893e+02,-2.589644745999944986e-01
8.560000000000000497e+00,3.563384615384615373e+00,1.011076923076923251e+01,6.547384615384618023e+00,2.245160194190000027e+02,4.992861949672000037e+02,-2.596657417999769790e-01
8.564999999999999503e+00,3.563000000000000167e+00,1.012500000000000000e+01,6.562000000000000277e+00,2.247728575629999455e+02,4.992788155592000408e+02,-2.615825837999856684e-01
8.570000000000000284e+00,3.568357142857143227e+00,1.012928571428571445e+01,6.560928571428571665e+00,2.250296957070000019e+02,4.992714361512000210e+02,-2.634994257999950240e-01
8.579000000000000625e+00,3.577999999999999847e+00,1.013700000000000045e+01,6.559000000000000163e+00,2.254905677790000311e+02,4.992517386738000482e+02,-2.732274708999659074e-01
8.580000000000000071e+00,3.576000000000000956e+00,1.013523076923077149e+01,6.559230769230769198e+00,2.255417757870000059e+02,4.992495500652000260e+02,-2.743083647999620123e-01
8.589999999999999858e+00,3.556000000000001382e+00,1.011753846153846403e+01,6.561538461538461320e+00,2.260553658910000081e+02,4.992187568342000077e+02,-2.790855037999580013e-01
8.592000000000000526e+00,3.552000000000000046e+00,1.011400000000000077e+01,6.562000000000000277e+00,2.261554941542000279e+02,4.992158537248000130e+02,-2.806529973999661309e-01
8.599999999999999645e+00,3.551384615384615362e+00,1.011461538461538545e+01,6.563230769230769646e+00,2.265560072069999933e+02,4.992042412871999773e+02,-2.869229717999959850e-01
8.605000000000000426e+00,3.551000000000000156e+00,1.011500000000000021e+01,6.564000000000000057e+00,2.268050605370000596e+02,4.992104118142000289e+02,-2.968894027999882668e-01
8.609999999999999432e+00,3.546000000000001151e+00,1.011041666666666750e+01,6.564416666666666345e+00,2.270541138670000123e+02,4.992165823412000236e+02,-3.068558337999769958e-01
8.617000000000000881e+00,3.539000000000000146e+00,1.010399999999999920e+01,6.565000000000000391e+00,2.274067804974000921e+02,4.992289819284000032e+02,-3.131211676999889337e-01
8.619999999999999218e+00,3.541785714285713205e+00,1.009585714285714708e+01,6.554071428571434765e+00,2.275579233390000127e+02,4.992342960372000107e+02,-3.158063107999919961e-01
8.630000000000000782e+00,3.551071428571428878e+00,1.006871428571428417e+01,6.517642857142855739e+00,2.280520883949999984e+02,4.992454918711999881e+02,-3.127358598000070100e-01
8.631000000000000227e+00,3.552000000000000046e+00,1.006600000000000072e+01,6.514000000000000234e+00,2.281036129077999703e+02,4.992465311260999670e+02,-3.125280630000062398e-01
8.640000000000000568e+00,3.560307692307692840e+00,1.007500000000000107e+01,6.514692307692307338e+00,2.285673335230000021e+02,4.992558844202000046e+02,-3.106578917999979761e-01
8.644000000000000128e+00,3.564000000000000057e+00,1.007900000000000063e+01,6.514999999999999680e+00,2.287667795149999677e+02,4.992572563521999882e+02,-3.102183609999848435e-01
8.650000000000000355e+00,3.551999999999999602e+00,1.007253846153846055e+01,6.520538461538461839e+00,2.290659485029999871e+02,4.992593142502000205e+02,-3.095590647999649780e-01
8.657000000000000028e+00,3.537999999999999812e+00,1.006499999999999950e+01,6.527000000000000135e+00,2.294177912627999945e+02,4.992492949059000011e+02,-2.975453679999673917e-01
8.660000000000000142e+00,3.529230769230768505e+00,1.005830769230769128e+01,6.529076923076923222e+00,2.295685810170000138e+02,4.992450009012000010e+02,-2.923966407999680217e-01
8.669999999999999929e+00,3.500000000000000000e+00,1.003599999999999959e+01,6.535999999999999588e+00,2.300667653829999892e+02,4.992384253321999950e+02,-2.812625448000010131e-01
8.679999999999999716e+00,3.490000000000000213e+00,1.001753846153846261e+01,6.527538461538461512e+00,2.305751358889999949e+02,4.992464221522000116e+02,-2.791776537999909880e-01
8.682999999999999829e+00,3.487000000000000099e+00,1.001200000000000045e+01,6.525000000000000355e+00,2.307242158111999970e+02,4.992510260095000376e+02,-2.794607343999840898e-01
8.689999999999999503e+00,3.513923076923076039e+00,1.003084615384615397e+01,6.516923076923077041e+00,2.310720689629999924e+02,4.992617683432000035e+02,-2.801212557999679942e-01
8.695999999999999730e+00,3.536999999999999922e+00,1.004700000000000060e+01,6.509999999999999787e+00,2.313707950982000057e+02,4.992715859932000058e+02,-2.872894857999684359e-01
8.699999999999999289e+00,3.533307692307692705e+00,1.004761538461538528e+01,6.514307692307691688e+00,2.315699458549999861e+02,4.992781310931999883e+02,-2.920683057999680088e-01
8.708999999999999631e+00,3.524999999999999911e+00,1.004899999999999949e+01,6.524000000000000021e+00,2.320278403957999558e+02,4.992790067608000300e+02,-2.991695794000022723e-01
8.710000000000000853e+00,3.523153846153843638e+00,1.004723076923076697e+01,6.524076923076923329e+00,2.320787175670000124e+02,4.992791040572000156e+02,-2.999586098000069923e-01
8.720000000000000639e+00,3.504692307692305775e+00,1.002953846153845952e+01,6.524846153846154628e+00,2.325683184389999951e+02,4.992649810571999751e+02,-3.017998797999599803e-01
8.721999999999999531e+00,3.500999999999999890e+00,1.002599999999999980e+01,6.525000000000000355e+00,2.326688688953999531e+02,4.992617006945999947e+02,-3.035659497999618206e-01
8.730000000000000426e+00,3.509000000000000785e+00,1.005000000000000249e+01,6.541000000000002146e+00,2.330710707210000123e+02,4.992485792442000161e+02,-3.106302297999740114e-01
8.734999999999999432e+00,3.513999999999999790e+00,1.006499999999999950e+01,6.551000000000000156e+00,2.333242452269999490e+02,4.992439689837000287e+02,-3.200577052999753480e-01
8.740000000000000213e+00,3.513615384615384585e+00,1.006923076923076898e+01,6.555615384615385288e+00,2.335774197329999993e+02,4.992393587231999845e+02,-3.294851807999800153e-01
8.747999999999999332e+00,3.512999999999999901e+00,1.007600000000000051e+01,6.562999999999999723e+00,2.339894330529999706e+02,4.992228051032000167e+02,-3.325351431999941099e-01
8.750000000000000000e+00,3.515153846153846739e+00,1.007030769230768996e+01,6.555153846153842778e+00,2.340924363830000061e+02,4.992186666982000247e+02,-3.332976337999979943e-01
8.759999999999999787e+00,3.525923076923077826e+00,1.004184615384615142e+01,6.515923076923074042e+00,2.345931311450000010e+02,4.992032092311999918e+02,-3.251316627999599751e-01
8.760999999999999233e+00,3.527000000000000135e+00,1.003899999999999970e+01,6.511999999999999567e+00,2.346418204451999827e+02,4.992047856296999839e+02,-3.255263956999616681e-01
8.769999999999999574e+00,3.525615384615384595e+00,1.003969230769230769e+01,6.514076923076922654e+00,2.350800241469999889e+02,4.992189732162000269e+02,-3.290789917999790148e-01
8.773999999999999133e+00,3.524999999999999911e+00,1.003999999999999915e+01,6.514999999999999680e+00,2.352760822677999784e+02,4.992305629333999946e+02,-3.302762741999732965e-01
8.779999999999999361e+00,3.542076923076921346e+00,1.005476923076922802e+01,6.512692307692307558e+00,2.355701694489999909e+02,4.992479475092000030e+02,-3.320721977999649965e-01
8.787000000000000810e+00,3.561999999999999833e+00,1.007199999999999918e+01,6.509999999999999787e+00,2.359105724924000924e+02,4.992540899097999727e+02,-3.236180884999623752e-01
8.789999999999999147e+00,3.556230769230772193e+00,1.006646153846154057e+01,6.510230769230768821e+00,2.360564595110000141e+02,4.992567223671999841e+02,-3.199948987999640115e-01
8.800000000000000711e+00,3.536999999999999922e+00,1.004800000000000004e+01,6.511000000000000121e+00,2.365611457710000138e+02,4.992415246482000271e+02,-3.028288977999680220e-01
8.810000000000000497e+00,3.527000000000000135e+00,1.005646153846153723e+01,6.529461538461537984e+00,2.370614969910000127e+02,4.992320820851999770e+02,-2.876841787999819822e-01
8.813000000000000611e+00,3.524000000000000021e+00,1.005899999999999928e+01,6.535000000000000142e+00,2.372140599072000100e+02,4.992335751911999751e+02,-2.891555173999808548e-01
8.820000000000000284e+00,3.530999999999999694e+00,1.007892307692307554e+01,6.547923076923076735e+00,2.375700400450000132e+02,4.992370591051999895e+02,-2.925886407999779837e-01
8.826000000000000512e+00,3.536999999999999922e+00,1.009600000000000009e+01,6.559000000000000163e+00,2.378776993030000142e+02,4.992377775644000053e+02,-2.979227691999867256e-01
8.830000000000000071e+00,3.537285714285714366e+00,1.009685714285714297e+01,6.559571428571429053e+00,2.380828054749999865e+02,4.992382565372000158e+02,-3.014788547999919799e-01
8.839999999999999858e+00,3.537999999999999812e+00,1.009900000000000020e+01,6.560999999999999943e+00,2.385762856249999970e+02,4.992263617972000134e+02,-3.023271167999679876e-01
8.849999999999999645e+00,3.537999999999999812e+00,1.007130769230769296e+01,6.533307692307692705e+00,2.390737900109999998e+02,4.992317031402000111e+02,-3.092353327999740054e-01
8.852999999999999758e+00,3.537999999999999812e+00,1.006300000000000061e+01,6.525000000000000355e+00,2.392204158588000098e+02,4.992424516163999897e+02,-3.167406847999846287e-01
8.859999999999999432e+00,3.504076923076924199e+00,1.003715384615384743e+01,6.533076923076922782e+00,2.395625428369999952e+02,4.992675313941999775e+02,-3.342531728000079916e-01
8.865999999999999659e+00,3.475000000000000089e+00,1.001500000000000057e+01,6.540000000000000036e+00,2.398649316494000345e+02,4.992763540821999868e+02,-3.420170815999940550e-01
8.869999999999999218e+00,3.479333333333332945e+00,1.000633333333333574e+01,6.527000000000001911e+00,2.400665241910000134e+02,4.992822358742000119e+02,-3.471930207999839868e-01
8.878000000000000114e+00,3.487999999999999989e+00,9.989000000000000767e+00,6.501000000000000334e+00,2.404633143190000055e+02,4.992656512550000230e+02,-3.398461927999730792e-01
8.880000000000000782e+00,3.489333333333333620e+00,9.988888888888888928e+00,6.499555555555555308e+00,2.405625118510000107e+02,4.992615051001999973e+02,-3.380094857999699776e-01
8.890000000000000568e+00,3.495999999999999996e+00,9.988333333333333286e+00,6.492333333333333734e+00,2.410712506030000100e+02,4.992455052572000227e+02,-3.298398117999880030e-01
8.896000000000000796e+00,3.500000000000000000e+00,9.987999999999999545e+00,6.488000000000000433e+00,2.413734140470000114e+02,4.992477447361999907e+02,-3.261804705999715726e-01
8.900000000000000355e+00,3.503692307692307217e+00,1.000584615384615184e+01,6.502153846153844619e+00,2.415748563429999933e+02,4.992492377222000073e+02,-3.237409097999610075e-01
8.909000000000000696e+00,3.512000000000000011e+00,1.004599999999999937e+01,6.533999999999999808e+00,2.420249159500000360e+02,4.992452320715000269e+02,-3.101265701999710300e-01
8.910000000000000142e+00,3.511000000000000565e+00,1.004499999999999993e+01,6.533999999999999808e+00,2.420749225730000092e+02,4.992447869992000165e+02,-3.086138657999730195e-01
8.919999999999999929e+00,3.501000000000000778e+00,1.003500000000000014e+01,6.533999999999999808e+00,2.425869122930000117e+02,4.992420186321999722e+02,-2.934901047999879942e-01
8.922000000000000597e+00,3.499000000000000110e+00,1.003299999999999947e+01,6.533999999999999808e+00,2.426861328990000573e+02,4.992444859169999631e+02,-2.912767227999821795e-01
8.929999999999999716e+00,3.491000000000000991e+00,1.004099999999999859e+01,6.549999999999998046e+00,2.430830153230000121e+02,4.992543550561999837e+02,-2.824231947999629733e-01
8.935000000000000497e+00,3.486000000000000210e+00,1.004599999999999937e+01,6.559999999999999609e+00,2.433286434930000439e+02,4.992678829182000300e+02,-2.809162702999697392e-01
8.939999999999999503e+00,3.486000000000000210e+00,1.004558333333333309e+01,6.559583333333333321e+00,2.435742716629999904e+02,4.992814107802000194e+02,-2.794093457999770047e-01
8.946999999999999176e+00,3.486000000000000210e+00,1.004499999999999993e+01,6.559000000000000163e+00,2.439170727215999932e+02,4.992946766580000144e+02,-2.779798806999700389e-01
8.949999999999999289e+00,3.491999999999999549e+00,1.005169230769230637e+01,6.559692307692308155e+00,2.440639874610000106e+02,4.993003620342000204e+02,-2.773672527999669901e-01
8.960000000000000853e+00,3.512000000000000011e+00,1.007399999999999984e+01,6.562000000000000277e+00,2.445640576870000018e+02,4.992958478072000048e+02,-2.802401008000099947e-01
8.970000000000000639e+00,3.521285714285714352e+00,1.007471428571428440e+01,6.553428571428571381e+00,2.450650389930000017e+02,4.992753738042000009e+02,-2.790564127999770050e-01
8.974000000000000199e+00,3.524999999999999911e+00,1.007499999999999929e+01,6.549999999999999822e+00,2.452649190578000002e+02,4.992691440273999888e+02,-2.825899919999826926e-01
8.980000000000000426e+00,3.507461538461537742e+00,1.005792307692307652e+01,6.550461538461538780e+00,2.455647391550000123e+02,4.992597993621999990e+02,-2.878903607999919734e-01
8.987000000000000099e+00,3.487000000000000099e+00,1.003800000000000026e+01,6.551000000000000156e+00,2.459211996299999896e+02,4.992548722889999908e+02,-2.982937481999818896e-01
8.990000000000000213e+00,3.480647058823528983e+00,1.002688235294117547e+01,6.546235294117646930e+00,2.460739684049999880e+02,4.992527606862000198e+02,-3.027523427999779804e-01
9.000000000000000000e+00,3.459470588235293409e+00,9.989823529411763658e+00,6.530352941176469805e+00,2.465586337389999869e+02,4.992373649072000035e+02,-3.015902008000019840e-01
9.003999999999999559e+00,3.451000000000000068e+00,9.974999999999999645e+00,6.524000000000000021e+00,2.467547942701999659e+02,4.992401433640000050e+02,-3.035563788000001928e-01
9.009999999999999787e+00,3.456076923076923268e+00,9.974076923076923507e+00,6.517999999999999794e+00,2.470490350670000055e+02,4.992443110492000073e+02,-3.065056457999980055e-01
9.016999999999999460e+00,3.462000000000000188e+00,9.973000000000000753e+00,6.511000000000000121e+00,2.473943938905999858e+02,4.992619025042000089e+02,-3.127909227000076342e-01
9.019999999999999574e+00,3.461785714285714466e+00,9.977500000000000924e+00,6.515714285714286014e+00,2.475424048149999976e+02,4.992694416992000015e+02,-3.154846128000119987e-01
9.029999999999999361e+00,3.461071428571428577e+00,9.992499999999997939e+00,6.531428571428570251e+00,2.480306938450000018e+02,4.992782952751999801e+02,-3.134072118000030271e-01
9.031000000000000583e+00,3.460999999999999854e+00,9.993999999999999773e+00,6.533000000000000362e+00,2.480814448616000618e+02,4.992770924661999743e+02,-3.115916664999977548e-01
9.039999999999999147e+00,3.460249999999999826e+00,1.000449999999999839e+01,6.544249999999999901e+00,2.485382040110000048e+02,4.992662671851999789e+02,-2.952517587999730075e-01
9.042999999999999261e+00,3.459999999999999964e+00,1.000799999999999912e+01,6.548000000000000043e+00,2.486921178715999758e+02,4.992651489723999703e+02,-2.922135546999763411e-01
9.050000000000000711e+00,3.467000000000001414e+00,1.001446153846153919e+01,6.547461538461537778e+00,2.490512502130000030e+02,4.992625398092000069e+02,-2.851244117999829908e-01
9.055999999999999162e+00,3.472999999999999865e+00,1.001999999999999957e+01,6.546999999999999709e+00,2.493624674205999270e+02,4.992640942376000339e+02,-2.814606396000006727e-01
9.060000000000000497e+00,3.469307692307691315e+00,1.001261538461538336e+01,6.543307692307691603e+00,2.495699455589999900e+02,4.992651305232000141e+02,-2.790181248000109804e-01
9.069000000000000838e+00,3.460999999999999854e+00,9.996000000000000441e+00,6.535000000000000142e+00,2.500145117496000182e+02,4.992626077898999597e+02,-2.672102507999797316e-01
9.070000000000000284e+00,3.461076923076922718e+00,9.996230769230770363e+00,6.535153846153845869e+00,2.500639079929999866e+02,4.992623274861999789e+02,-2.658982647999770244e-01
9.080000000000000071e+00,3.461846153846154017e+00,9.998538461538462485e+00,6.536692307692307580e+00,2.505695113689999971e+02,4.992661598372000071e+02,-2.637992967999679972e-01
9.082000000000000739e+00,3.462000000000000188e+00,9.999000000000000554e+00,6.536999999999999922e+00,2.506696967718000337e+02,4.992692732634000095e+02,-2.643879979999768093e-01
9.089999999999999858e+00,3.483714285714284209e+00,1.000585714285714189e+01,6.522142857142857686e+00,2.510704383830000097e+02,4.992817269682000187e+02,-2.667428028000110030e-01
9.096000000000000085e+00,3.500000000000000000e+00,1.001099999999999923e+01,6.511000000000000121e+00,2.513667001562000394e+02,4.992926037454000152e+02,-2.745153215999970309e-01
9.099999999999999645e+00,3.503999999999999559e+00,1.001499999999999879e+01,6.511000000000000121e+00,2.515642080050000118e+02,4.992998549302000129e+02,-2.796970007999869945e-01
9.108999999999999986e+00,3.512999999999999901e+00,1.002399999999999913e+01,6.511000000000000121e+00,2.520173549702000457e+02,4.993049413566999988e+02,-2.940142332000049152e-01
9.109999999999999432e+00,3.509076923076924981e+00,1.002207692307692355e+01,6.512999999999999012e+00,2.520677046330000053e+02,4.993055065152000225e+02,-2.956050368000059936e-01
9.119999999999999218e+00,3.469846153846156689e+00,1.000284615384615527e+01,6.532999999999998586e+00,2.525685171650000029e+02,4.992879923361999772e+02,-3.044318937999639929e-01
9.121999999999999886e+00,3.462000000000000188e+00,9.999000000000000554e+00,6.536999999999999922e+00,2.526705791190000241e+02,4.992827985641999931e+02,-3.051908703999681172e-01
9.130000000000000782e+00,3.437999999999997058e+00,9.991615384615384343e+00,6.553615384615386397e+00,2.530788269349999950e+02,4.992620234761999995e+02,-3.082267767999840036e-01
9.134999999999999787e+00,3.423000000000000043e+00,9.987000000000000099e+00,6.564000000000000057e+00,2.533317289139999389e+02,4.992534124122000208e+02,-3.116401587999854117e-01
9.140000000000000568e+00,3.433000000000001606e+00,9.990846153846154820e+00,6.557846153846153214e+00,2.535846308929999964e+02,4.992448013481999851e+02,-3.150535407999879856e-01
9.147999999999999687e+00,3.448999999999999844e+00,9.996999999999999886e+00,6.548000000000000043e+00,2.539783425457999613e+02,4.992400349458000051e+02,-3.149491399999888031e-01
9.150000000000000355e+00,3.444846153846152337e+00,9.992692307692305320e+00,6.547846153846153427e+00,2.540767704589999880e+02,4.992388433451999958e+02,-3.149230397999889797e-01
9.160000000000000142e+00,3.424076923076921908e+00,9.971153846153844924e+00,6.547076923076923016e+00,2.545593522370000130e+02,4.992423948392000170e+02,-3.038281437999639789e-01
9.160999999999999588e+00,3.422000000000000153e+00,9.968999999999999417e+00,6.546999999999999709e+00,2.546078187967999895e+02,4.992443634187000043e+02,-3.030243020999663361e-01
9.169999999999999929e+00,3.431692307692308042e+00,9.996000000000000441e+00,6.564307692307693287e+00,2.550440178350000053e+02,4.992620806342000037e+02,-2.957897267999829993e-01
9.173999999999999488e+00,3.435999999999999943e+00,1.000799999999999912e+01,6.572000000000000064e+00,2.552456769981999969e+02,4.992667926085999852e+02,-2.929614719999808492e-01
9.179999999999999716e+00,3.447538461538461885e+00,1.002092307692307749e+01,6.573384615384615159e+00,2.555481657429999984e+02,4.992738605701999859e+02,-2.887190897999770134e-01
9.186999999999999389e+00,3.460999999999999854e+00,1.003599999999999959e+01,6.575000000000000178e+00,2.558893257719999781e+02,4.992667419635999977e+02,-2.753179943999745638e-01
9.189999999999999503e+00,3.461230769230769333e+00,1.003323076923076940e+01,6.572000000000000064e+00,2.560355372129999978e+02,4.992636911321999946e+02,-2.695746677999730223e-01
9.199999999999999289e+00,3.462000000000000188e+00,1.002399999999999913e+01,6.562000000000000277e+00,2.565391126569999756e+02,4.992504084541999987e+02,-2.594157157999810170e-01
9.210000000000000853e+00,3.433538461538456765e+00,1.002399999999999913e+01,6.590461538461543256e+00,2.570452877889999854e+02,4.992442289012000174e+02,-2.652813498000100023e-01
9.212999999999999190e+00,3.424999999999999822e+00,1.002399999999999913e+01,6.599000000000000199e+00,2.571954968169999347e+02,4.992395821355000294e+02,-2.655315423000029762e-01
9.220000000000000639e+00,3.444923076923078309e+00,1.003153846153846196e+01,6.586615384615383206e+00,2.575459845490000248e+02,4.992287396822000005e+02,-2.661153247999870075e-01
9.226000000000000867e+00,3.462000000000000188e+00,1.003800000000000026e+01,6.575999999999999623e+00,2.578496555626000486e+02,4.992256288543999858e+02,-2.702368225999902673e-01
9.230000000000000426e+00,3.473142857142856421e+00,1.004857142857142804e+01,6.575428571428570734e+00,2.580521029050000266e+02,4.992235549691999950e+02,-2.729844877999920150e-01
9.240000000000000213e+00,3.500999999999999890e+00,1.007499999999999929e+01,6.573999999999999844e+00,2.585488124269999730e+02,4.992428240721999941e+02,-2.939421098000060129e-01
9.250000000000000000e+00,3.490230769230769248e+00,1.003500000000000014e+01,6.544769230769230894e+00,2.590524529030000167e+02,4.992635011201999760e+02,-3.119031377999790244e-01
9.253000000000000114e+00,3.487000000000000099e+00,1.002299999999999969e+01,6.535999999999999588e+00,2.591998903126000187e+02,4.992652962016999822e+02,-3.151766936999860769e-01
9.259999999999999787e+00,3.456666666666669219e+00,1.000025000000000119e+01,6.543583333333332419e+00,2.595439109349999853e+02,4.992694847252000159e+02,-3.228149908000019774e-01
9.265000000000000568e+00,3.435000000000000053e+00,9.983999999999999986e+00,6.549000000000000377e+00,2.598015485150000359e+02,4.992656477841999845e+02,-3.272441692999817908e-01
9.269999999999999574e+00,3.438611111111110841e+00,9.990388888888887209e+00,6.551777777777777700e+00,2.600591860949999727e+02,4.992618108432000099e+02,-3.316733477999599944e-01
9.279999999999999361e+00,3.445833333333333304e+00,1.000316666666666521e+01,6.557333333333333236e+00,2.605637612450000233e+02,4.992485639962000050e+02,-3.275143387999990274e-01
9.282999999999999474e+00,3.447999999999999954e+00,1.000699999999999967e+01,6.559000000000000163e+00,2.607120362048000288e+02,4.992462138907000053e+02,-3.268730584999959832e-01
9.289999999999999147e+00,3.475999999999999091e+00,1.004092307692307529e+01,6.564923076923077083e+00,2.610580111109999848e+02,4.992407303112000250e+02,-3.253767377999889909e-01
9.295999999999999375e+00,3.500000000000000000e+00,1.007000000000000028e+01,6.570000000000000284e+00,2.613674323109999591e+02,4.992421652069999709e+02,-3.265129745999942878e-01
9.300000000000000711e+00,3.495999999999998664e+00,1.005184615384614766e+01,6.555846153846148994e+00,2.615737131110000178e+02,4.992431218041999728e+02,-3.272704657999980227e-01
9.308999999999999275e+00,3.487000000000000099e+00,1.001099999999999923e+01,6.524000000000000021e+00,2.620183832965999500e+02,4.992387797820999822e+02,-3.217561909999735459e-01
9.310000000000000497e+00,3.489000000000002544e+00,1.001007692307692132e+01,6.521076923076919662e+00,2.620677910950000182e+02,4.992382973352000022e+02,-3.211434937999699812e-01
9.320000000000000284e+00,3.509000000000002117e+00,1.000084615384615283e+01,6.491846153846150713e+00,2.625640920430000165e+02,4.992296216162000064e+02,-3.070023877999589756e-01
9.321999999999999176e+00,3.512999999999999901e+00,9.999000000000000554e+00,6.485999999999999766e+00,2.626600383657999487e+02,4.992332992802000149e+02,-3.061940135999670076e-01
9.330000000000000071e+00,3.497615384615385015e+00,9.999615384615385238e+00,6.501999999999999780e+00,2.630438236570000186e+02,4.992480099361999919e+02,-3.029605167999970261e-01
9.335000000000000853e+00,3.487999999999999989e+00,1.000000000000000000e+01,6.511999999999999567e+00,2.632915356260000408e+02,4.992601295481999841e+02,-3.084482057999815008e-01
9.339999999999999858e+00,3.478000000000001979e+00,9.990769230769233289e+00,6.512769230769230866e+00,2.635392475950000062e+02,4.992722491601999764e+02,-3.139358947999639771e-01
9.348000000000000753e+00,3.462000000000000188e+00,9.976000000000000867e+00,6.514000000000000234e+00,2.639364271022000707e+02,4.992628814554000201e+02,-3.114144731999756721e-01
9.349999999999999645e+00,3.465999999999997971e+00,9.976000000000000867e+00,6.510000000000002451e+00,2.640357219790000158e+02,4.992605395292000026e+02,-3.107841177999789983e-01
9.359999999999999432e+00,3.485999999999997545e+00,9.976000000000000867e+00,6.490000000000002878e+00,2.645402111669999954e+02,4.992312547391999829e+02,-3.085685577999690010e-01
9.361000000000000654e+00,3.487999999999999989e+00,9.976000000000000867e+00,6.488000000000000433e+00,2.645919898114000830e+02,4.992295977499999822e+02,-3.101512035999729466e-01
9.369999999999999218e+00,3.514307692307688136e+00,9.992615384615382013e+00,6.478307692307693877e+00,2.650579976110000189e+02,4.992146848471999760e+02,-3.243950157999889727e-01
9.374000000000000554e+00,3.525999999999999801e+00,1.000000000000000000e+01,6.474000000000000199e+00,2.652545008406000306e+02,4.992114618063999956e+02,-3.295399645999806948e-01
9.380000000000000782e+00,3.525076923076922775e+00,9.999538461538461931e+00,6.474461538461538268e+00,2.655492556849999914e+02,4.992066272452000248e+02,-3.372573877999660019e-01
9.387000000000000455e+00,3.524000000000000021e+00,9.999000000000000554e+00,6.474999999999999645e+00,2.659041184771999724e+02,4.992051220702000478e+02,-3.455731896999664765e-01
9.390000000000000568e+00,3.518461538461538307e+00,9.992538461538462258e+00,6.474076923076922618e+00,2.660562025309999967e+02,4.992044769952000252e+02,-3.491371047999670130e-01
9.400000000000000355e+00,3.500000000000000000e+00,9.971000000000000085e+00,6.471000000000000085e+00,2.665555340029999911e+02,4.992129062721999730e+02,-3.620558477999999969e-01
9.410000000000000142e+00,3.508461538461538520e+00,9.971000000000000085e+00,6.462538461538462009e+00,2.670508699810000053e+02,4.992211393051999835e+02,-3.659747287999620124e-01
9.413000000000000256e+00,3.511000000000000121e+00,9.971000000000000085e+00,6.459999999999999964e+00,2.671988370184000132e+02,4.992241825036999785e+02,-3.647525410999733486e-01
9.419999999999999929e+00,3.524461538461538090e+00,9.978538461538461135e+00,6.454076923076923045e+00,2.675440934389999939e+02,4.992312833002000048e+02,-3.619007698000000217e-01
9.426000000000000156e+00,3.536000000000000032e+00,9.984999999999999432e+00,6.448999999999999844e+00,2.678395305530000314e+02,4.992355469025999923e+02,-3.570500583999763333e-01
9.429999999999999716e+00,3.520923076923078376e+00,9.977307692307693543e+00,6.456384615384614278e+00,2.680364886290000186e+02,4.992383893041999841e+02,-3.538162507999609852e-01
9.439000000000000057e+00,3.487000000000000099e+00,9.960000000000000853e+00,6.472999999999999865e+00,2.684853938078000510e+02,4.992388154847999999e+02,-3.429178213999603542e-01
9.439999999999999503e+00,3.489785714285713158e+00,9.962142857142856300e+00,6.472357142857142698e+00,2.685352721610000231e+02,4.992388628382000206e+02,-3.417068847999609749e-01
9.449999999999999289e+00,3.517642857142856183e+00,9.983571428571428541e+00,6.465928571428571914e+00,2.690346811169999910e+02,4.992283790202000091e+02,-3.225586758000120180e-01
9.452999999999999403e+00,3.525999999999999801e+00,9.990000000000000213e+00,6.464000000000000412e+00,2.691844017401999736e+02,4.992270224700000085e+02,-3.192205617000051787e-01
9.460000000000000853e+00,3.518999999999998352e+00,9.976538461538458691e+00,6.457538461538460339e+00,2.695337498609999898e+02,4.992238571862000072e+02,-3.114316287999879806e-01
9.465999999999999304e+00,3.512999999999999901e+00,9.964999999999999858e+00,6.451999999999999957e+00,2.698323876893999227e+02,4.992246913103999759e+02,-3.083681175999917201e-01
9.470000000000000639e+00,3.501615384615380577e+00,9.957615384615381871e+00,6.456000000000001293e+00,2.700314795749999917e+02,4.992252473931999930e+02,-3.063257767999930103e-01
9.478999999999999204e+00,3.475999999999999979e+00,9.941000000000000725e+00,6.464999999999999858e+00,2.704702980559999332e+02,4.992286653060999697e+02,-3.062402164999930010e-01
9.480000000000000426e+00,3.474999999999998757e+00,9.940923076923077417e+00,6.465923076923077772e+00,2.705190556649999962e+02,4.992290450741999734e+02,-3.062307097999930061e-01
9.490000000000000213e+00,3.465000000000000302e+00,9.940153846153846118e+00,6.475153846153846260e+00,2.710191584070000204e+02,4.992415107101999752e+02,-3.231635477999890149e-01
9.492000000000000881e+00,3.463000000000000078e+00,9.939999999999999503e+00,6.477000000000000313e+00,2.711190136570000391e+02,4.992433905943999548e+02,-3.273479937999932976e-01
9.500000000000000000e+00,3.470384615384614513e+00,9.946153846153844569e+00,6.475769230769230944e+00,2.715184346570000002e+02,4.992509101311999871e+02,-3.440857778000029898e-01
9.505000000000000782e+00,3.475000000000000089e+00,9.949999999999999289e+00,6.474999999999999645e+00,2.717665309080000497e+02,4.992475265397000044e+02,-3.495186847999879332e-01
9.509999999999999787e+00,3.485833333333332451e+00,9.955416666666664582e+00,6.469583333333333464e+00,2.720146271589999856e+02,4.992441429482000217e+02,-3.549515917999709891e-01
9.516999999999999460e+00,3.500999999999999890e+00,9.962999999999999190e+00,6.461999999999999744e+00,2.723682510449999654e+02,4.992397748922000460e+02,-3.597575460999744013e-01
9.519999999999999574e+00,3.506769230769231083e+00,9.968307692307691426e+00,6.461538461538461675e+00,2.725198041389999730e+02,4.992379028682000239e+02,-3.618172407999760143e-01
9.529999999999999361e+00,3.525999999999999801e+00,9.986000000000000654e+00,6.459999999999999964e+00,2.730209880670000189e+02,4.992314277361999757e+02,-3.706829617999909954e-01
9.539999999999999147e+00,3.516000000000000014e+00,9.977538461538461689e+00,6.461538461538461675e+00,2.735338358650000146e+02,4.992136344571999871e+02,-3.695060918000149797e-01
9.542999999999999261e+00,3.512999999999999901e+00,9.974999999999999645e+00,6.461999999999999744e+00,2.736820840372000134e+02,4.992064888447999920e+02,-3.649478732000023262e-01
9.550000000000000711e+00,3.505999999999998451e+00,9.960999999999996746e+00,6.454999999999998295e+00,2.740279964389999918e+02,4.991898157492000223e+02,-3.543120297999710067e-01
9.555999999999999162e+00,3.500000000000000000e+00,9.948999999999999844e+00,6.448999999999999844e+00,2.743292690905998938e+02,4.991866041094000366e+02,-3.482336391999778513e-01
9.560000000000000497e+00,3.508000000000001783e+00,9.941923076923075087e+00,6.433923076923074191e+00,2.745301175249999801e+02,4.991844630162000271e+02,-3.441813787999800089e-01
9.569000000000000838e+00,3.525999999999999801e+00,9.926000000000000156e+00,6.400000000000000355e+00,2.749712192322000419e+02,4.991952548280000315e+02,-3.351212677999875766e-01
9.570000000000000284e+00,3.524142857142857910e+00,9.924214285714286987e+00,6.400071428571428633e+00,2.750202305330000172e+02,4.991964539182000067e+02,-3.341145887999890096e-01
9.580000000000000071e+00,3.505571428571428783e+00,9.906357142857142861e+00,6.400785714285714079e+00,2.754947981729999924e+02,4.992175699872000223e+02,-3.250834577999749953e-01
9.583000000000000185e+00,3.500000000000000000e+00,9.900999999999999801e+00,6.400999999999999801e+00,2.756453240249999794e+02,4.992231631662000382e+02,-3.238696973999860562e-01
9.589999999999999858e+00,3.500538461538461377e+00,9.894538461538461505e+00,6.394000000000000128e+00,2.759965510129999871e+02,4.992362139172000184e+02,-3.210375898000120132e-01
9.596000000000000085e+00,3.500999999999999890e+00,9.888999999999999346e+00,6.387999999999999901e+00,2.762904989762000127e+02,4.992349816174000239e+02,-3.167678236000087688e-01
9.599999999999999645e+00,3.500692307692307548e+00,9.892076923076922768e+00,6.391384615384614776e+00,2.764864642850000109e+02,4.992341600842000275e+02,-3.139213128000070130e-01
9.608999999999999986e+00,3.500000000000000000e+00,9.898999999999999133e+00,6.399000000000000021e+00,2.769485158538000178e+02,4.992253793314000063e+02,-3.146875520999854459e-01
9.609999999999999432e+00,3.499000000000000554e+00,9.899076923076922441e+00,6.400076923076922775e+00,2.769998549169999933e+02,4.992244036921999850e+02,-3.147726897999830187e-01
9.619999999999999218e+00,3.489000000000000767e+00,9.899846153846153740e+00,6.410846153846152973e+00,2.775108515910000051e+02,4.992214936542000032e+02,-3.236488057999989953e-01
9.621999999999999886e+00,3.487000000000000099e+00,9.900000000000000355e+00,6.413000000000000256e+00,2.776134505862000310e+02,4.992209295069999939e+02,-3.268240121999919645e-01
9.630000000000000782e+00,3.495615384615385679e+00,9.900615384615385040e+00,6.404999999999999361e+00,2.780238465670000210e+02,4.992186729182000136e+02,-3.395248377999610101e-01
9.634999999999999787e+00,3.500999999999999890e+00,9.900999999999999801e+00,6.400000000000000355e+00,2.782810989559999939e+02,4.992128107417000251e+02,-3.439469567999672295e-01
9.640000000000000568e+00,3.515230769230771379e+00,9.914846153846156085e+00,6.399615384615384706e+00,2.785383513450000237e+02,4.992069485651999798e+02,-3.483690757999750032e-01
9.647999999999999687e+00,3.537999999999999812e+00,9.936999999999999389e+00,6.399000000000000021e+00,2.789330900441999574e+02,4.991982286452000039e+02,-3.498505085999828457e-01
9.650000000000000355e+00,3.541846153846154976e+00,9.942692307692309939e+00,6.400846153846154074e+00,2.790317747189999977e+02,4.991960486652000100e+02,-3.502208667999849867e-01
9.660000000000000142e+00,3.561076923076924139e+00,9.971153846153848477e+00,6.410076923076923450e+00,2.795379801469999848e+02,4.992068842552000092e+02,-3.601465507999759841e-01
9.660999999999999588e+00,3.563000000000000167e+00,9.974000000000000199e+00,6.410999999999999588e+00,2.795865696097999376e+02,4.992084549538000147e+02,-3.605412857999776843e-01
9.669999999999999929e+00,3.519384615384613557e+00,9.947692307692307168e+00,6.428307692307693166e+00,2.800238747750000243e+02,4.992225912412000071e+02,-3.640939007999949850e-01
9.673999999999999488e+00,3.500000000000000000e+00,9.935999999999999943e+00,6.435999999999999943e+00,2.802213009533999752e+02,4.992242527559999985e+02,-3.624558331999875316e-01
9.679999999999999716e+00,3.493999999999999773e+00,9.918923076923075399e+00,6.424923076923076515e+00,2.805174402210000153e+02,4.992267450282000141e+02,-3.599987317999759906e-01
9.686999999999999389e+00,3.487000000000000099e+00,9.898999999999999133e+00,6.411999999999999922e+00,2.808622153425999954e+02,4.992177120581000054e+02,-3.514901099999754863e-01
9.689999999999999503e+00,3.492769230769231292e+00,9.904999999999999361e+00,6.412230769230768956e+00,2.810099761089999788e+02,4.992138407851999773e+02,-3.478435577999750006e-01
9.699999999999999289e+00,3.512000000000000011e+00,9.925000000000000711e+00,6.413000000000000256e+00,2.815041932369999813e+02,4.991890307652000160e+02,-3.306459727999789822e-01
9.710000000000000853e+00,3.492769230769227740e+00,9.915769230769230447e+00,6.423000000000001819e+00,2.820097652069999867e+02,4.991758656132000169e+02,-3.194869848000119750e-01
9.712999999999999190e+00,3.487000000000000099e+00,9.913000000000000256e+00,6.426000000000000156e+00,2.821594350647998795e+02,4.991753991269999915e+02,-3.185520377999995767e-01
9.720000000000000639e+00,3.481076923076922736e+00,9.914076923076923009e+00,6.433000000000000718e+00,2.825086647329999892e+02,4.991743106591999890e+02,-3.163704947999689820e-01
9.726000000000000867e+00,3.475999999999999979e+00,9.914999999999999147e+00,6.439000000000000057e+00,2.828184790985999939e+02,4.991793844631999946e+02,-3.145194629999779057e-01
9.730000000000000426e+00,3.479142857142857093e+00,9.917857142857142705e+00,6.438714285714286056e+00,2.830250220089999971e+02,4.991827669991999983e+02,-3.132854417999840213e-01
9.740000000000000213e+00,3.487000000000000099e+00,9.925000000000000711e+00,6.437999999999999723e+00,2.835292839129999720e+02,4.991925501992000136e+02,-3.062077347999779819e-01
9.750000000000000000e+00,3.487769230769230955e+00,9.916538461538461746e+00,6.428769230769231235e+00,2.840237662530000193e+02,4.992157375841999851e+02,-3.161796047999699821e-01
9.753000000000000114e+00,3.487999999999999989e+00,9.913999999999999702e+00,6.426000000000000156e+00,2.841767068338000399e+02,4.992211437071999853e+02,-3.218646920999720940e-01
9.759999999999999787e+00,3.481000000000000316e+00,9.905923076923077275e+00,6.424923076923077403e+00,2.845335681889999933e+02,4.992337579942000048e+02,-3.351298957999759853e-01
9.766000000000000014e+00,3.475000000000000089e+00,9.898999999999999133e+00,6.424000000000000377e+00,2.848345172714000455e+02,4.992256903534000116e+02,-3.374344993999869313e-01
9.769999999999999574e+00,3.482692307692306866e+00,9.909769230769228443e+00,6.427076923076922910e+00,2.850351499930000045e+02,4.992203119261999973e+02,-3.389709017999940066e-01
9.778999999999999915e+00,3.500000000000000000e+00,9.933999999999999275e+00,6.434000000000000163e+00,2.854896792124000058e+02,4.992011824630999968e+02,-3.406023093000030699e-01
9.779999999999999361e+00,3.503846153846151612e+00,9.935999999999998167e+00,6.432153846153846999e+00,2.855401824589999933e+02,4.991990569672000220e+02,-3.407835768000039844e-01
9.789999999999999147e+00,3.542307692307689493e+00,9.955999999999999517e+00,6.413692307692309136e+00,2.860457582029999912e+02,4.991858318391999774e+02,-3.466244867999759838e-01
9.791999999999999815e+00,3.549999999999999822e+00,9.960000000000000853e+00,6.410000000000000142e+00,2.861442202705999875e+02,4.991840419234000024e+02,-3.463962667999805345e-01
9.800000000000000711e+00,3.557384615384616033e+00,9.952615384615384642e+00,6.395230769230767720e+00,2.865380685409999728e+02,4.991768822601999887e+02,-3.454833867999990149e-01
9.804999999999999716e+00,3.561999999999999833e+00,9.948000000000000398e+00,6.386000000000000121e+00,2.867837521339999398e+02,4.991718938992000290e+02,-3.409111037999923433e-01
9.810000000000000497e+00,3.546999999999997932e+00,9.922166666666663914e+00,6.375166666666665982e+00,2.870294357270000205e+02,4.991669055382000124e+02,-3.363388207999840063e-01
9.817000000000000171e+00,3.525999999999999801e+00,9.885999999999999233e+00,6.360000000000000320e+00,2.873655450613999847e+02,4.991622882492999906e+02,-3.271477011000003543e-01
9.820000000000000284e+00,3.517166666666666330e+00,9.881499999999999062e+00,6.364333333333333620e+00,2.875095919190000018e+02,4.991603094111999894e+02,-3.232086498000070196e-01
9.830000000000000071e+00,3.487722222222223944e+00,9.866500000000000270e+00,6.378777777777776770e+00,2.879964824790000080e+02,4.991761122042000238e+02,-3.161560448000029777e-01
9.835000000000000853e+00,3.472999999999999865e+00,9.858999999999999986e+00,6.386000000000000121e+00,2.882443350560000681e+02,4.991857658842000092e+02,-3.131349472999879202e-01
9.839999999999999858e+00,3.497615384615379686e+00,9.878999999999996007e+00,6.381384615384615877e+00,2.884921876330000146e+02,4.991954195641999945e+02,-3.101138497999739729e-01
9.848000000000000753e+00,3.536999999999999922e+00,9.910999999999999588e+00,6.373999999999999666e+00,2.888916490810000823e+02,4.992022222562000024e+02,-3.036489449999883461e-01
9.849999999999999645e+00,3.535307692307692928e+00,9.910846153846152973e+00,6.375538461538460488e+00,2.889915144430000282e+02,4.992039229292000186e+02,-3.020327187999929941e-01
9.859999999999999432e+00,3.526846153846154852e+00,9.910076923076923450e+00,6.383230769230768153e+00,2.895061601830000200e+02,4.992072699031999718e+02,-2.999300267999829850e-01
9.861000000000000654e+00,3.525999999999999801e+00,9.910000000000000142e+00,6.384000000000000341e+00,2.895571654242000932e+02,4.992068779490999759e+02,-2.995172947999805713e-01
9.869999999999999218e+00,3.516307692307693689e+00,9.901692307692309569e+00,6.385384615384615437e+00,2.900162125950000132e+02,4.992033503622000126e+02,-2.958027067999640103e-01
9.874000000000000554e+00,3.512000000000000011e+00,9.897999999999999687e+00,6.386000000000000121e+00,2.902215461374000256e+02,4.991998457413999972e+02,-2.965446691999677475e-01
9.880000000000000782e+00,3.523538461538461952e+00,9.892461538461537529e+00,6.368923076923076465e+00,2.905295464509999874e+02,4.991945888102000026e+02,-2.976576127999729926e-01
9.887000000000000455e+00,3.536999999999999922e+00,9.885999999999999233e+00,6.349000000000000199e+00,2.908917566377999719e+02,4.991871978490000288e+02,-3.045510055999665067e-01
9.890000000000000568e+00,3.540000000000000036e+00,9.888538461538461277e+00,6.348538461538462130e+00,2.910469895749999978e+02,4.991840302941999994e+02,-3.075053167999640125e-01
9.900000000000000355e+00,3.549999999999999822e+00,9.897000000000000242e+00,6.347000000000000419e+00,2.915516243870000039e+02,4.991697427432000040e+02,-3.153427008000019849e-01
9.910000000000000142e+00,3.549999999999999822e+00,9.897000000000000242e+00,6.347000000000000419e+00,2.920586273430000119e+02,4.991666082372000233e+02,-3.232189067999849952e-01
9.913000000000000256e+00,3.549999999999999822e+00,9.897000000000000242e+00,6.347000000000000419e+00,2.922020171327999947e+02,4.991708776746000353e+02,-3.262020908999824775e-01
9.919999999999999929e+00,3.556461538461538119e+00,9.909923076923076835e+00,6.353461538461538716e+00,2.925365933090000112e+02,4.991808396952000066e+02,-3.331628537999760109e-01
9.926000000000000156e+00,3.561999999999999833e+00,9.920999999999999375e+00,6.358999999999999986e+00,2.928278049182000018e+02,4.991854332874000306e+02,-3.367143011999924052e-01
9.929999999999999716e+00,3.573692307692306613e+00,9.932692307692306599e+00,6.358999999999999986e+00,2.930219459909999955e+02,4.991884956822000277e+02,-3.390819328000029831e-01
9.939000000000000057e+00,3.600000000000000089e+00,9.958999999999999631e+00,6.358999999999999986e+00,2.934598372704000440e+02,4.991765708936999886e+02,-3.290423841999817189e-01
9.939999999999999503e+00,3.595076923076925723e+00,9.956153846153847908e+00,6.361076923076922185e+00,2.935084918570000241e+02,4.991752459172000158e+02,-3.279268787999800039e-01
9.949999999999999289e+00,3.545846153846157200e+00,9.927692307692309370e+00,6.381846153846152170e+00,2.940052492329999723e+02,4.991585761982000236e+02,-3.157574807999790067e-01
9.951999999999999957e+00,3.536000000000000032e+00,9.922000000000000597e+00,6.386000000000000121e+00,2.941076819086000000e+02,4.991574150368000460e+02,-3.151305931999818788e-01
9.960000000000000853e+00,3.497846153846149608e+00,9.883230769230765489e+00,6.385384615384615437e+00,2.945174126109999975e+02,4.991527703912000220e+02,-3.126230427999939776e-01
9.964999999999999858e+00,3.474000000000000199e+00,9.858999999999999986e+00,6.384999999999999787e+00,2.947669464279999829e+02,4.991505182942000260e+02,-3.045595342999848909e-01
9.970000000000000639e+00,3.478285714285715535e+00,9.868285714285715216e+00,6.390000000000000568e+00,2.950164802450000252e+02,4.991482661971999732e+02,-2.964960257999729731e-01
9.978999999999999204e+00,3.486000000000000210e+00,9.884999999999999787e+00,6.399000000000000021e+00,2.954723184243999299e+02,4.991535763753999504e+02,-2.910133202999998225e-01
9.980000000000000426e+00,3.486750000000001126e+00,9.886375000000001023e+00,6.399625000000000341e+00,2.955229671110000140e+02,4.991541663951999794e+02,-2.904041308000019916e-01
9.990000000000000213e+00,3.494250000000000966e+00,9.900125000000000952e+00,6.405875000000000874e+00,2.960181307629999878e+02,4.991654157002000147e+02,-2.883336527999920129e-01
9.994999999999999218e+00,3.498000000000000220e+00,9.907000000000000028e+00,6.408999999999999808e+00,2.962651852359999793e+02,4.991715057451999655e+02,-2.888001827999804316e-01
1.000000000000000000e+01,3.489071428571428157e+00,9.907000000000000028e+00,6.417928571428571871e+00,2.965122397090000277e+02,4.991775957901999732e+02,-2.892667127999690169e-01
1.000900000000000034e+01,3.472999999999999865e+00,9.907000000000000028e+00,6.434000000000000163e+00,2.969606854017999922e+02,4.991860738244000117e+02,-2.882968574999896783e-01
1.000999999999999979e+01,3.473999999999999311e+00,9.906153846153847198e+00,6.432153846153846999e+00,2.970105127009999819e+02,4.991870158282000034e+02,-2.881890957999920233e-01
1.001999999999999957e+01,3.483999999999999542e+00,9.897692307692308233e+00,6.413692307692309136e+00,2.975038517090000028e+02,4.991951383911999756e+02,-2.911080247999779935e-01
1.002200000000000024e+01,3.486000000000000210e+00,9.896000000000000796e+00,6.410000000000000142e+00,2.976049841390000097e+02,4.991956995429999893e+02,-2.922875145999841995e-01
1.002999999999999936e+01,3.485384615384615525e+00,9.903999999999999915e+00,6.418615384615383945e+00,2.980095138589999806e+02,4.991979441501999872e+02,-2.970054738000070249e-01
1.003500000000000014e+01,3.484999999999999876e+00,9.909000000000000696e+00,6.424000000000000377e+00,2.982554699790000541e+02,4.991969565926999621e+02,-2.984472843000002817e-01
1.003999999999999915e+01,3.494999999999997886e+00,9.913615384615383164e+00,6.418615384615385722e+00,2.985014260990000139e+02,4.991959690351999939e+02,-2.998890947999929835e-01
1.004800000000000004e+01,3.511000000000000121e+00,9.920999999999999375e+00,6.410000000000000142e+00,2.988992682205999927e+02,4.991890317232000029e+02,-3.005761211999745663e-01
1.005000000000000071e+01,3.515000000000001457e+00,9.924692307692309257e+00,6.409692307692307800e+00,2.989987287509999874e+02,4.991872973952000052e+02,-3.007478777999699759e-01
1.006000000000000050e+01,3.535000000000001030e+00,9.943153846153848008e+00,6.408153846153846089e+00,2.995030761310000003e+02,4.991780404922000116e+02,-2.976030027999839733e-01
1.006099999999999994e+01,3.536999999999999922e+00,9.945000000000000284e+00,6.408000000000000362e+00,2.995531398851999825e+02,4.991765949351000131e+02,-2.966867597999829353e-01
1.007000000000000028e+01,3.546000000000000263e+00,9.963000000000000966e+00,6.417000000000000703e+00,3.000037136729999929e+02,4.991635849212000267e+02,-2.884405727999689861e-01
1.007399999999999984e+01,3.549999999999999822e+00,9.971000000000000085e+00,6.421000000000000263e+00,3.002069360273999905e+02,4.991619700944000328e+02,-2.871896591999746895e-01
1.008000000000000007e+01,3.549076923076922796e+00,9.958999999999999631e+00,6.409923076923076835e+00,3.005117695590000153e+02,4.991595478542000137e+02,-2.853132887999830225e-01
1.008699999999999974e+01,3.548000000000000043e+00,9.945000000000000284e+00,6.397000000000000242e+00,3.008614996837999911e+02,4.991619762865000212e+02,-2.880440741999962251e-01
1.008999999999999986e+01,3.537500000000000533e+00,9.934500000000001663e+00,6.397000000000000242e+00,3.010113840230000051e+02,4.991630170432000000e+02,-2.892144108000019864e-01
1.009999999999999964e+01,3.502500000000003944e+00,9.899500000000005073e+00,6.397000000000000242e+00,3.015036355870000193e+02,4.991550940562000278e+02,-2.800768937999870145e-01
1.010100000000000087e+01,3.499000000000000110e+00,9.896000000000000796e+00,6.397000000000000242e+00,3.015536650092000741e+02,4.991542496367000012e+02,-2.785627753999866396e-01
1.010999999999999943e+01,3.470500000000001251e+00,9.885500000000000398e+00,6.414999999999999147e+00,3.020039298089999988e+02,4.991466498611999896e+02,-2.649357098000019728e-01
1.011299999999999955e+01,3.460999999999999854e+00,9.881999999999999673e+00,6.421000000000000263e+00,3.021518285153999841e+02,4.991508900429000164e+02,-2.640177622999887452e-01
1.011999999999999922e+01,3.474461538461537824e+00,9.902999999999998693e+00,6.428538461538461313e+00,3.024969254970000065e+02,4.991607838002000221e+02,-2.618758847999579920e-01
1.012599999999999945e+01,3.486000000000000210e+00,9.920999999999999375e+00,6.434999999999999609e+00,3.028022402345999922e+02,4.991709882276000485e+02,-2.660439941999604985e-01
1.013000000000000078e+01,3.497142857142859995e+00,9.931857142857145604e+00,6.434714285714285609e+00,3.030057833930000015e+02,4.991777911792000282e+02,-2.688227337999630207e-01
1.014000000000000057e+01,3.524999999999999911e+00,9.958999999999999631e+00,6.434000000000000163e+00,3.035198856330000012e+02,4.991731118501999731e+02,-2.616918127999590116e-01
1.015000000000000036e+01,3.513333333333332309e+00,9.937333333333331353e+00,6.423999999999998600e+00,3.040259131430000252e+02,4.991519668102000082e+02,-2.485045567999820126e-01
1.015199999999999925e+01,3.511000000000000121e+00,9.932999999999999829e+00,6.421999999999999709e+00,3.041251055565999764e+02,4.991514198296000018e+02,-2.484805607999818200e-01
1.016000000000000014e+01,3.511000000000000121e+00,9.932999999999999829e+00,6.421999999999999709e+00,3.045218752110000082e+02,4.991492319071999759e+02,-2.483845767999809939e-01
1.016900000000000048e+01,3.511000000000000121e+00,9.932999999999999829e+00,6.421999999999999709e+00,3.049571789094000565e+02,4.991668470203999846e+02,-2.555499339999643404e-01
1.016999999999999993e+01,3.512785714285713290e+00,9.936499999999998778e+00,6.423714285714284600e+00,3.050055459870000050e+02,4.991688042551999729e+02,-2.563460847999620151e-01
1.017999999999999972e+01,3.530642857142856528e+00,9.971499999999998920e+00,6.440857142857142392e+00,3.054969194309999807e+02,4.991938138511999909e+02,-2.673250817999869855e-01
1.018299999999999983e+01,3.536000000000000032e+00,9.981999999999999318e+00,6.445999999999999730e+00,3.056463072089999855e+02,4.991930254628999819e+02,-2.678890715999900363e-01
1.018999999999999950e+01,3.529000000000000803e+00,9.968583333333333130e+00,6.439583333333333215e+00,3.059948786909999967e+02,4.991911858902000176e+02,-2.692050477999969882e-01
1.019500000000000028e+01,3.524000000000000021e+00,9.958999999999999631e+00,6.434999999999999609e+00,3.062448697130000141e+02,4.991809274451999840e+02,-2.666132262999990621e-01
1.019999999999999929e+01,3.519000000000000572e+00,9.958642857142857352e+00,6.439642857142856336e+00,3.064948607349999747e+02,4.991706690002000073e+02,-2.640214048000020242e-01
1.020899999999999963e+01,3.509999999999999787e+00,9.958000000000000185e+00,6.448000000000000398e+00,3.069469769031999249e+02,4.991622256636999850e+02,-2.638910389000020396e-01
1.021000000000000085e+01,3.513000000000003453e+00,9.959923076923079321e+00,6.446923076923075868e+00,3.069972120329999825e+02,4.991612875152000015e+02,-2.638765538000020228e-01
1.022000000000000064e+01,3.543000000000003258e+00,9.979153846153849372e+00,6.436153846153844782e+00,3.074957980489999727e+02,4.991476810341999908e+02,-2.647176407999770054e-01
1.022199999999999953e+01,3.548999999999999932e+00,9.983000000000000540e+00,6.434000000000000163e+00,3.075972264689999065e+02,4.991430570228000079e+02,-2.640787593999803229e-01
1.023000000000000043e+01,3.549615384615384617e+00,9.981153846153846487e+00,6.431538461538461426e+00,3.080029401489999827e+02,4.991245609772000194e+02,-2.615232337999919832e-01
1.023499999999999943e+01,3.549999999999999822e+00,9.980000000000000426e+00,6.429999999999999716e+00,3.082569518339999490e+02,4.991140525122000327e+02,-2.529295967999950490e-01
1.024000000000000021e+01,3.525384615384611120e+00,9.951538461538456559e+00,6.426153846153844995e+00,3.085109635189999722e+02,4.991035440471999891e+02,-2.443359597999950061e-01
1.024799999999999933e+01,3.486000000000000210e+00,9.906000000000000583e+00,6.419999999999999929e+00,3.089026898485999482e+02,4.991195150343999671e+02,-2.395051325999730252e-01
1.025000000000000000e+01,3.491692307692309871e+00,9.910153846153848534e+00,6.418461538461538218e+00,3.090006214310000132e+02,4.991235077811999759e+02,-2.382974257999669887e-01
1.025999999999999979e+01,3.520153846153847965e+00,9.930923076923077630e+00,6.410769230769230553e+00,3.095155858289999742e+02,4.991739102401999730e+02,-2.473607497999809890e-01
1.026099999999999923e+01,3.523000000000000131e+00,9.932999999999999829e+00,6.410000000000000142e+00,3.095639954351999563e+02,4.991768764820999991e+02,-2.467604418999841120e-01
1.026999999999999957e+01,3.558307692307693948e+00,9.984230769230771685e+00,6.425923076923077737e+00,3.099996818910000229e+02,4.992035726592000060e+02,-2.413576708000089999e-01
1.027399999999999913e+01,3.573999999999999844e+00,1.000699999999999967e+01,6.432999999999999829e+00,3.101989549269999884e+02,4.992009537211999941e+02,-2.337040516000076784e-01
1.027999999999999936e+01,3.568000000000000504e+00,9.995923076923077133e+00,6.427923076923077517e+00,3.104978644810000219e+02,4.991970253142000047e+02,-2.222236228000039893e-01
1.028700000000000081e+01,3.560999999999999943e+00,9.983000000000000540e+00,6.421999999999999709e+00,3.108490322280001124e+02,4.991988346874999820e+02,-2.249519042999787166e-01
1.028999999999999915e+01,3.566999999999996618e+00,9.983000000000000540e+00,6.416000000000003034e+00,3.109995326910000131e+02,4.991996101331999967e+02,-2.261211677999669933e-01
1.030000000000000071e+01,3.587000000000000188e+00,9.983000000000000540e+00,6.395999999999999908e+00,3.115113825590000260e+02,4.991817527992000123e+02,-2.269443067999999952e-01
1.031000000000000050e+01,3.616230769230768693e+00,1.000146153846153751e+01,6.385230769230768821e+00,3.120230311369999754e+02,4.991498754262000261e+02,-2.237180008000130005e-01
1.031300000000000061e+01,3.625000000000000000e+00,1.000699999999999967e+01,6.381999999999999673e+00,3.121698167462000129e+02,4.991420325937000371e+02,-2.227576711000000542e-01
1.032000000000000028e+01,3.612499999999999822e+00,9.993999999999999773e+00,6.381499999999999950e+00,3.125123165009999866e+02,4.991237326511999868e+02,-2.205169017999699943e-01
1.032699999999999996e+01,3.600000000000000089e+00,9.980999999999999872e+00,6.381000000000000227e+00,3.128632072887999698e+02,4.991303969836999954e+02,-2.337624417999745463e-01
1.033000000000000007e+01,3.590999999999999748e+00,9.969230769230769340e+00,6.378230769230769148e+00,3.130135890550000113e+02,4.991332531261999748e+02,-2.394391017999769888e-01
1.033999999999999986e+01,3.560999999999999943e+00,9.929999999999999716e+00,6.368999999999999773e+00,3.134984873070000049e+02,4.991488713612000083e+02,-2.523864188000100039e-01
1.034999999999999964e+01,3.570230769230768875e+00,9.940769230769230802e+00,6.370538461538461483e+00,3.139800735970000005e+02,4.991523199921999776e+02,-2.542914657999629791e-01
1.035299999999999976e+01,3.572999999999999954e+00,9.944000000000000838e+00,6.371000000000000441e+00,3.141323370676000195e+02,4.991537949400999992e+02,-2.560628088999717944e-01
1.035999999999999943e+01,3.573583333333333112e+00,9.937000000000001165e+00,6.363416666666667609e+00,3.144876184990000070e+02,4.991572364851999737e+02,-2.601959427999919749e-01
1.036500000000000021e+01,3.573999999999999844e+00,9.932000000000000384e+00,6.357999999999999652e+00,3.147409482060000414e+02,4.991586766841999747e+02,-2.606446717999795770e-01
1.036999999999999922e+01,3.569000000000000838e+00,9.926615384615384841e+00,6.357615384615384890e+00,3.149942779130000190e+02,4.991601168831999757e+02,-2.610934007999670126e-01
1.037800000000000011e+01,3.560999999999999943e+00,9.917999999999999261e+00,6.357000000000000206e+00,3.154006317802000012e+02,4.991584789736000403e+02,-2.601972199999862401e-01
1.038000000000000078e+01,3.557285714285713052e+00,9.914571428571425926e+00,6.357285714285714207e+00,3.155022202470000252e+02,4.991580694962000280e+02,-2.599731747999909914e-01
1.039000000000000057e+01,3.538714285714283925e+00,9.897428571428569910e+00,6.358714285714285985e+00,3.160122728810000012e+02,4.991541464271999757e+02,-2.568458488000049944e-01
1.039199999999999946e+01,3.535000000000000142e+00,9.894000000000000128e+00,6.358999999999999986e+00,3.161134844421999333e+02,4.991533204477999561e+02,-2.550204076000031628e-01
1.040000000000000036e+01,3.543615384615385722e+00,9.902000000000001023e+00,6.358384615384615302e+00,3.165183306870000024e+02,4.991500165301999914e+02,-2.477186427999910068e-01
1.040499999999999936e+01,3.548999999999999932e+00,9.907000000000000028e+00,6.357999999999999652e+00,3.167713023699999439e+02,4.991489534776999903e+02,-2.421585807999799833e-01
1.041000000000000014e+01,3.556352941176470939e+00,9.917882352941177260e+00,6.361529411764705877e+00,3.170242740529999992e+02,4.991478904251999893e+02,-2.365985187999669892e-01
1.041999999999999993e+01,3.571058823529410731e+00,9.939647058823528170e+00,6.368588235294117439e+00,3.175184386650000192e+02,4.991590933151999820e+02,-2.315280797999710038e-01
1.042200000000000060e+01,3.573999999999999844e+00,9.944000000000000838e+00,6.370000000000000107e+00,3.176166500302000486e+02,4.991616948074000106e+02,-2.317154113999776721e-01
1.042999999999999972e+01,3.581384615384614278e+00,9.958769230769229708e+00,6.377384615384614541e+00,3.180094954909999956e+02,4.991721007762000113e+02,-2.324647378000040121e-01
1.043500000000000050e+01,3.585999999999999854e+00,9.967999999999999972e+00,6.381999999999999673e+00,3.182586609300000191e+02,4.991763045552000335e+02,-2.339241497999972608e-01
1.043999999999999950e+01,3.585999999999999854e+00,9.972615384615384215e+00,6.386615384615383917e+00,3.185078263689999858e+02,4.991805083341999989e+02,-2.353835617999900098e-01
1.044800000000000040e+01,3.585999999999999854e+00,9.980000000000000426e+00,6.394000000000000128e+00,3.189005567514000745e+02,4.991788939325999763e+02,-2.344904946000090917e-01
1.044999999999999929e+01,3.582153846153848242e+00,9.978000000000001535e+00,6.395846153846153292e+00,3.189987393470000256e+02,4.991784903321999991e+02,-2.342672278000139940e-01
1.046000000000000085e+01,3.562923076923075971e+00,9.967999999999999972e+00,6.405076923076923556e+00,3.194946470809999823e+02,4.991767114612000000e+02,-2.461507107999580113e-01
1.046100000000000030e+01,3.560999999999999943e+00,9.967000000000000526e+00,6.405999999999999694e+00,3.195443603577999738e+02,4.991761420436000094e+02,-2.467376465999605029e-01
1.047000000000000064e+01,3.543692307692306809e+00,9.964923076923076550e+00,6.421230769230770186e+00,3.199917798490000109e+02,4.991710172851999801e+02,-2.520200687999860079e-01
1.047400000000000020e+01,3.536000000000000032e+00,9.964000000000000412e+00,6.427999999999999936e+00,3.201936331521999932e+02,4.991653121431999693e+02,-2.523550391999763720e-01
1.048000000000000043e+01,3.530461538461538318e+00,9.953384615384615941e+00,6.422923076923076735e+00,3.204964131070000235e+02,4.991567544302000101e+02,-2.528574947999620015e-01
1.048700000000000010e+01,3.524000000000000021e+00,9.941000000000000725e+00,6.416999999999999815e+00,3.208538099705999684e+02,4.991477037459000030e+02,-2.548460708999920610e-01
1.049000000000000021e+01,3.524000000000000021e+00,9.935461538461538566e+00,6.411461538461537657e+00,3.210069800549999854e+02,4.991438248811999756e+02,-2.556983178000050150e-01
1.050000000000000000e+01,3.524000000000000021e+00,9.916999999999999815e+00,6.392999999999999794e+00,3.215135532850000004e+02,4.991306708641999990e+02,-2.575392307999579966e-01
1.050999999999999979e+01,3.542461538461538328e+00,9.926230769230770079e+00,6.383769230769231307e+00,3.220156759249999823e+02,4.991252934351999784e+02,-2.544085377999720232e-01
1.051299999999999990e+01,3.548000000000000043e+00,9.929000000000000270e+00,6.381000000000000227e+00,3.221640709928000206e+02,4.991313659370999858e+02,-2.531969424999833684e-01
1.051999999999999957e+01,3.534538461538462073e+00,9.908538461538462627e+00,6.374000000000000554e+00,3.225103261510000152e+02,4.991455351082000220e+02,-2.503698868000099886e-01
1.052599999999999980e+01,3.523000000000000131e+00,9.891000000000000014e+00,6.368000000000000327e+00,3.228048409630000037e+02,4.991659553377999714e+02,-2.503764136000100060e-01
1.052999999999999936e+01,3.519000000000000572e+00,9.886692307692309001e+00,6.367692307692307985e+00,3.230011841709999771e+02,4.991795688241999756e+02,-2.503807648000099806e-01
1.053899999999999970e+01,3.509999999999999787e+00,9.877000000000000668e+00,6.366999999999999993e+00,3.234606429639999874e+02,4.992004105283000399e+02,-2.449520502999844862e-01
1.053999999999999915e+01,3.513571428571426125e+00,9.880642857142856172e+00,6.367071428571428271e+00,3.235116939409999759e+02,4.992027262732000281e+02,-2.443488597999819989e-01
1.055000000000000071e+01,3.549285714285714821e+00,9.917071428571428982e+00,6.367785714285714604e+00,3.240076524570000061e+02,4.992000478182000052e+02,-2.282289757999619861e-01
1.055300000000000082e+01,3.560000000000000053e+00,9.928000000000000824e+00,6.368000000000000327e+00,3.241590419016000055e+02,4.991957774288999872e+02,-2.260802179999774619e-01
1.056000000000000050e+01,3.580588235294117183e+00,9.942823529411764838e+00,6.362235294117647655e+00,3.245122839389999854e+02,4.991858131871999831e+02,-2.210664498000139977e-01
1.057000000000000028e+01,3.609999999999999876e+00,9.964000000000000412e+00,6.354000000000000092e+00,3.250210814650000088e+02,4.991687867521999920e+02,-2.208931928000139877e-01
1.058000000000000007e+01,3.590769230769231157e+00,9.944769230769230361e+00,6.354000000000000092e+00,3.255170130149999750e+02,4.991490402342000152e+02,-2.157131687999609970e-01
1.058300000000000018e+01,3.584999999999999964e+00,9.939000000000000057e+00,6.354000000000000092e+00,3.256658529335999788e+02,4.991473212321000119e+02,-2.156739932999610088e-01
1.058999999999999986e+01,3.578538461538461668e+00,9.932538461538461760e+00,6.354000000000000092e+00,3.260131460769999876e+02,4.991433102272000042e+02,-2.155825837999610084e-01
1.059600000000000009e+01,3.572999999999999954e+00,9.926999999999999602e+00,6.354000000000000092e+00,3.263082776662000128e+02,4.991529290312000171e+02,-2.209509001999703237e-01
1.059999999999999964e+01,3.572692307692307612e+00,9.922692307692308589e+00,6.350000000000000533e+00,3.265050320589999728e+02,4.991593415671999878e+02,-2.245297777999759881e-01
1.060899999999999999e+01,3.572000000000000064e+00,9.913000000000000256e+00,6.341000000000000192e+00,3.269528134726000417e+02,4.991794592293999813e+02,-2.353012117999766228e-01
1.060999999999999943e+01,3.568230769230771315e+00,9.908384615384617788e+00,6.340153846153846473e+00,3.270025669629999925e+02,4.991816945251999869e+02,-2.364980377999759964e-01
1.061999999999999922e+01,3.530538461538464290e+00,9.862230769230771799e+00,6.331692307692308397e+00,3.274975602869999989e+02,4.991959283502000062e+02,-2.374381468000099915e-01
1.062199999999999989e+01,3.523000000000000131e+00,9.852999999999999758e+00,6.330000000000000071e+00,3.275947327094000343e+02,4.991956737748000137e+02,-2.354156188000000316e-01
1.063000000000000078e+01,3.538384615384617238e+00,9.868384615384616865e+00,6.330000000000000071e+00,3.279834223990000055e+02,4.991946554731999868e+02,-2.273255067999619961e-01
1.063499999999999979e+01,3.548000000000000043e+00,9.878000000000000114e+00,6.330000000000000071e+00,3.282333013329999858e+02,4.992039063272000021e+02,-2.293025697999711565e-01
1.064000000000000057e+01,3.548000000000000043e+00,9.881846153846154834e+00,6.333846153846154792e+00,3.284831802670000229e+02,4.992131571812000175e+02,-2.312796327999810109e-01
1.064799999999999969e+01,3.548000000000000043e+00,9.887999999999999901e+00,6.339999999999999858e+00,3.288857916237999461e+02,4.992209296748000042e+02,-2.280174695999661050e-01
1.065000000000000036e+01,3.545846153846153204e+00,9.888307692307693131e+00,6.342461538461539483e+00,3.289864444629999980e+02,4.992228727982000009e+02,-2.272019287999620107e-01
1.066000000000000014e+01,3.535076923076922117e+00,9.889846153846153953e+00,6.354769230769231392e+00,3.294951558469999782e+02,4.992248970502000134e+02,-2.200958578000140053e-01
1.066099999999999959e+01,3.533999999999999808e+00,9.890000000000000568e+00,6.355999999999999872e+00,3.295466658639999764e+02,4.992244355228000359e+02,-2.191827648000130024e-01
1.066999999999999993e+01,3.525692307692307015e+00,9.889307692307692577e+00,6.363615384615385118e+00,3.300102560170000174e+02,4.992202817762000109e+02,-2.109649277999990080e-01
1.067399999999999949e+01,3.521999999999999797e+00,9.888999999999999346e+00,6.366999999999999993e+00,3.302076368633999550e+02,4.992227377518000253e+02,-2.105296809999858410e-01
1.067999999999999972e+01,3.515538461538461057e+00,9.888076923076923208e+00,6.372538461538461263e+00,3.305037081329999751e+02,4.992264217151999901e+02,-2.098768107999660071e-01
1.068699999999999939e+01,3.508000000000000007e+00,9.887000000000000455e+00,6.378999999999999559e+00,3.308492048775999592e+02,4.992293145484999854e+02,-2.112101672999729673e-01
1.068999999999999950e+01,3.517000000000000348e+00,9.892538461538462613e+00,6.375538461538461377e+00,3.309972749109999768e+02,4.992305543342000078e+02,-2.117816057999760138e-01
1.069999999999999929e+01,3.547000000000000153e+00,9.910999999999999588e+00,6.363999999999999879e+00,3.314879040089999762e+02,4.992335105322000004e+02,-2.156829167999949892e-01
1.071000000000000085e+01,3.575461538461543132e+00,9.940230769230772978e+00,6.364769230769231179e+00,3.319874875109999834e+02,4.992199751622000008e+02,-2.125240068000089910e-01
1.071299999999999919e+01,3.584000000000000075e+00,9.948999999999999844e+00,6.365000000000000213e+00,3.321403235513998879e+02,4.992166835106000349e+02,-2.118783900000066334e-01
1.072000000000000064e+01,3.583461538461538698e+00,9.949538461538461220e+00,6.366076923076922967e+00,3.324969409789999872e+02,4.992090029902000197e+02,-2.103719508000000127e-01
1.072600000000000087e+01,3.583000000000000185e+00,9.949999999999999289e+00,6.366999999999999993e+00,3.327967928774000370e+02,4.991990974066000035e+02,-2.048702633999906764e-01
1.073000000000000043e+01,3.579615384615385310e+00,9.937384615384615927e+00,6.357769230769231505e+00,3.329966941430000134e+02,4.991924936841999738e+02,-2.012024717999849888e-01
1.073900000000000077e+01,3.572000000000000064e+00,9.909000000000000696e+00,6.336999999999999744e+00,3.334496064512000544e+02,4.991858955339999966e+02,-2.019784445999634470e-01
1.074000000000000021e+01,3.570923076923077755e+00,9.908153846153847866e+00,6.337230769230768779e+00,3.334999300410000274e+02,4.991851624061999928e+02,-2.020646637999609918e-01
1.075000000000000000e+01,3.560153846153846668e+00,9.899692307692308901e+00,6.339538461538460901e+00,3.340133772269999781e+02,4.991744147022000107e+02,-2.009125177999850076e-01
1.075200000000000067e+01,3.557999999999999829e+00,9.897999999999999687e+00,6.339999999999999858e+00,3.341136362789999907e+02,4.991727287958000261e+02,-2.002842623999873950e-01
1.075999999999999979e+01,3.552666666666666639e+00,9.897111111111112081e+00,6.344444444444444109e+00,3.345146724869999844e+02,4.991659851701999742e+02,-1.977712407999979993e-01
1.076999999999999957e+01,3.545999999999999819e+00,9.896000000000000796e+00,6.349999999999999645e+00,3.350190499409999916e+02,4.991737469381999972e+02,-1.976864217999990125e-01
1.077999999999999936e+01,3.536000000000000032e+00,9.859846153846154593e+00,6.323846153846154117e+00,3.355117047510000248e+02,4.991938534451999772e+02,-1.996477768000080033e-01
1.078299999999999947e+01,3.532999999999999918e+00,9.849000000000000199e+00,6.315999999999999837e+00,3.356595009942000161e+02,4.991998885725000150e+02,-1.993361886999980848e-01
1.078999999999999915e+01,3.541166666666665908e+00,9.869999999999997442e+00,6.328833333333331979e+00,3.360043588949999958e+02,4.992139705362000086e+02,-1.986091497999749877e-01
1.079499999999999993e+01,3.547000000000000153e+00,9.884999999999999787e+00,6.338000000000000078e+00,3.362552078150000057e+02,4.992237758091999922e+02,-2.010879562999725034e-01
1.080000000000000071e+01,3.550928571428572322e+00,9.885357142857142065e+00,6.334428571428571075e+00,3.365060567350000156e+02,4.992335810821999758e+02,-2.035667627999699913e-01
1.080899999999999928e+01,3.557999999999999829e+00,9.885999999999999233e+00,6.328000000000000291e+00,3.369567609849999030e+02,4.992340781089999950e+02,-2.016682415999612454e-01
1.081000000000000050e+01,3.558764705882353496e+00,9.886647058823529122e+00,6.327882352941176514e+00,3.370068392349999726e+02,4.992341333342000098e+02,-2.014572947999599961e-01
1.082000000000000028e+01,3.566411764705882614e+00,9.893117647058822683e+00,6.326705882352941401e+00,3.375073068930000204e+02,4.992226552271999935e+02,-1.973054397999980114e-01
1.082600000000000051e+01,3.571000000000000174e+00,9.897000000000000242e+00,6.325999999999999623e+00,3.378098124582000423e+02,4.992189023813999711e+02,-1.942248850000008187e-01
1.083000000000000007e+01,3.566692307692308272e+00,9.900692307692308347e+00,6.333999999999998742e+00,3.380114828349999812e+02,4.992164004841999940e+02,-1.921711818000030048e-01
1.083900000000000041e+01,3.556999999999999940e+00,9.909000000000000696e+00,6.352000000000000313e+00,3.384642921472000126e+02,4.992116057467999894e+02,-1.911535283999723500e-01
1.083999999999999986e+01,3.560076923076921140e+00,9.908923076923077389e+00,6.348846153846156248e+00,3.385146042929999908e+02,4.992110729981999953e+02,-1.910404557999690056e-01
1.084999999999999964e+01,3.590846153846151800e+00,9.908153846153846089e+00,6.317307692307694289e+00,3.390189527829999747e+02,4.992017984551999916e+02,-1.928955507999789987e-01
1.085200000000000031e+01,3.596999999999999975e+00,9.907999999999999474e+00,6.310999999999999943e+00,3.391182246385999974e+02,4.991998594041999695e+02,-1.912666153999822150e-01
1.085999999999999943e+01,3.582714285714286628e+00,9.894285714285715017e+00,6.311571428571428832e+00,3.395153120609999746e+02,4.991921032001999947e+02,-1.847508737999979944e-01
1.086599999999999966e+01,3.572000000000000064e+00,9.884000000000000341e+00,6.312000000000000277e+00,3.398077209198000332e+02,4.991967778920000001e+02,-1.847023175999980005e-01
1.086999999999999922e+01,3.567384615384615820e+00,9.883692307692307111e+00,6.316307692307692179e+00,3.400026601590000155e+02,4.991998943532000226e+02,-1.846699467999980138e-01
1.087899999999999956e+01,3.556999999999999940e+00,9.882999999999999119e+00,6.325999999999999623e+00,3.404501844821999725e+02,4.992245141970000191e+02,-1.927573045000105512e-01
1.088000000000000078e+01,3.556235294117646273e+00,9.882117647058821674e+00,6.325882352941175846e+00,3.404999094070000183e+02,4.992272497352000187e+02,-1.936558998000129928e-01
1.089000000000000057e+01,3.548588235294117599e+00,9.873294117647057888e+00,6.324705882352940733e+00,3.409896844230000283e+02,4.992451673411999877e+02,-2.016102117999939991e-01
1.089600000000000080e+01,3.544000000000000039e+00,9.868000000000000327e+00,6.323999999999999844e+00,3.412906848162000415e+02,4.992467266997999786e+02,-2.015487531999939907e-01
1.090000000000000036e+01,3.536307692307693262e+00,9.860923076923077346e+00,6.324615384615384528e+00,3.414913517449999745e+02,4.992477662722000105e+02,-2.015077807999940129e-01
1.090900000000000070e+01,3.519000000000000128e+00,9.845000000000000639e+00,6.325999999999999623e+00,3.419509910618000390e+02,4.992496589451999967e+02,-2.041122250999815591e-01
1.091000000000000014e+01,3.519923076923076710e+00,9.845692307692308631e+00,6.325769230769230589e+00,3.420020620970000209e+02,4.992498692422000204e+02,-2.044016077999800118e-01
1.091999999999999993e+01,3.529153846153845642e+00,9.852615384615383221e+00,6.323461538461538467e+00,3.425172789270000067e+02,4.992432148962000156e+02,-2.072635357999660088e-01
1.092200000000000060e+01,3.531000000000000139e+00,9.853999999999999204e+00,6.323000000000000398e+00,3.426216341158000205e+02,4.992399592177999921e+02,-2.068288321999754431e-01
1.092999999999999972e+01,3.531000000000000139e+00,9.855333333333332391e+00,6.324333333333333584e+00,3.430390548710000189e+02,4.992269365042000118e+02,-2.050900178000140128e-01
1.093399999999999928e+01,3.531000000000000139e+00,9.855999999999999872e+00,6.325000000000000178e+00,3.432435311094000099e+02,4.992173930334000147e+02,-2.002108290000136348e-01
1.093999999999999950e+01,3.531428571428571583e+00,9.860714285714285765e+00,6.329285714285714626e+00,3.435502454670000247e+02,4.992030778271999907e+02,-1.928920458000120131e-01
1.094800000000000040e+01,3.532000000000000028e+00,9.867000000000000881e+00,6.334999999999999964e+00,3.439504382654000665e+02,4.991970731847999900e+02,-1.943818449999754061e-01
1.094999999999999929e+01,3.535692307692305913e+00,9.872999999999997556e+00,6.337307692307691198e+00,3.440504864650000059e+02,4.991955720241999757e+02,-1.947542947999660046e-01
1.096000000000000085e+01,3.554153846153847329e+00,9.903000000000002245e+00,6.348846153846154472e+00,3.445458794410000110e+02,4.992028066891999742e+02,-1.986696407999850034e-01
1.096100000000000030e+01,3.556000000000000050e+00,9.906000000000000583e+00,6.349999999999999645e+00,3.445932765103999600e+02,4.992042098577999809e+02,-1.988640486999858070e-01
1.097000000000000064e+01,3.538692307692306915e+00,9.887307692307691909e+00,6.348615384615384549e+00,3.450198501350000129e+02,4.992168383751999841e+02,-2.006137197999940114e-01
1.097400000000000020e+01,3.531000000000000139e+00,9.878999999999999559e+00,6.347999999999999865e+00,3.452211789677999718e+02,4.992203196300000059e+02,-2.005812145999944229e-01
1.098000000000000043e+01,3.519461538461537753e+00,9.856846153846152703e+00,6.337384615384614506e+00,3.455231722170000239e+02,4.992255415121999818e+02,-2.005324567999950125e-01
1.098700000000000010e+01,3.505999999999999783e+00,9.830999999999999517e+00,6.325000000000000178e+00,3.458659932101999743e+02,4.992261781754999674e+02,-2.018584486000012668e-01
1.099000000000000021e+01,3.511357142857143288e+00,9.835714285714285410e+00,6.324357142857143010e+00,3.460129164929999774e+02,4.992264510311999857e+02,-2.024267308000040066e-01
1.100000000000000000e+01,3.529214285714286525e+00,9.851428571428572312e+00,6.322214285714285786e+00,3.465157798849999722e+02,4.992080983462000177e+02,-1.982500887999850137e-01
1.100099999999999945e+01,3.531000000000000139e+00,9.852999999999999758e+00,6.322000000000000064e+00,3.465671247589999666e+02,4.992070211062000453e+02,-1.988348699999875069e-01
1.100999999999999979e+01,3.558749999999999858e+00,9.900999999999999801e+00,6.342249999999999943e+00,3.470292286249999734e+02,4.991973259462000101e+02,-2.040979008000129991e-01
1.101299999999999990e+01,3.568000000000000060e+00,9.916999999999999815e+00,6.349000000000000199e+00,3.471827832523999859e+02,4.991919740380000121e+02,-2.028448515000072228e-01
1.101999999999999957e+01,3.552764705882353269e+00,9.906705882352941472e+00,6.353941176470588204e+00,3.475410773830000153e+02,4.991794862521999789e+02,-1.999210697999939945e-01
1.102999999999999936e+01,3.531000000000000139e+00,9.891999999999999460e+00,6.360999999999999766e+00,3.480564066549999893e+02,4.991708598661999758e+02,-1.957759697999749970e-01
1.103999999999999915e+01,3.521714285714286685e+00,9.899857142857142023e+00,6.378142857142854893e+00,3.485492894569999862e+02,4.991869729012000221e+02,-1.977231847999839920e-01
1.104400000000000048e+01,3.517999999999999794e+00,9.903000000000000469e+00,6.384999999999999787e+00,3.487462272370000278e+02,4.992042091772000276e+02,-2.025402163999856509e-01
1.105000000000000071e+01,3.511999999999999567e+00,9.913153846153846871e+00,6.401153846153846416e+00,3.490416339070000049e+02,4.992300635912000075e+02,-2.097657637999859881e-01
1.105700000000000038e+01,3.504999999999999893e+00,9.925000000000000711e+00,6.419999999999999929e+00,3.493921054634000143e+02,4.992563506534000339e+02,-2.188806002999689471e-01
1.106000000000000050e+01,3.509411764705882675e+00,9.925352941176470267e+00,6.415941176470587592e+00,3.495423075589999939e+02,4.992676165372000128e+02,-2.227869587999619927e-01
1.107000000000000028e+01,3.524117647058823799e+00,9.926529411764706268e+00,6.402411764705882469e+00,3.500383825129999877e+02,4.992629025382000236e+02,-2.176599387999660074e-01
1.107399999999999984e+01,3.529999999999999805e+00,9.926999999999999602e+00,6.397000000000000242e+00,3.502368581817999598e+02,4.992602168330000154e+02,-2.160063003999813380e-01
1.108000000000000007e+01,3.524461538461538090e+00,9.932076923076923691e+00,6.407615384615385601e+00,3.505345716850000031e+02,4.992561882751999747e+02,-2.135258428000040010e-01
1.108699999999999974e+01,3.517999999999999794e+00,9.938000000000000611e+00,6.419999999999999929e+00,3.508863591182000050e+02,4.992594253845999788e+02,-2.190590417999912498e-01
1.108999999999999986e+01,3.526769230769231100e+00,9.943769230769230916e+00,6.416999999999999815e+00,3.510371251610000058e+02,4.992608127171999968e+02,-2.214304127999859872e-01
1.109999999999999964e+01,3.556000000000000050e+00,9.962999999999999190e+00,6.407000000000000028e+00,3.515403040609999721e+02,4.992544798072000276e+02,-2.222961397999609900e-01
1.110999999999999943e+01,3.570117647058822286e+00,9.984764705882350100e+00,6.414647058823528702e+00,3.520442791570000054e+02,4.992341979692000109e+02,-2.151124248000129968e-01
1.111700000000000088e+01,3.580000000000000071e+00,1.000000000000000000e+01,6.419999999999999929e+00,3.523968622312000889e+02,4.992234949705999725e+02,-2.100961968000083502e-01
1.111999999999999922e+01,3.563928571428579772e+00,9.986714285714292316e+00,6.422785714285712544e+00,3.525479692630000272e+02,4.992189079711999966e+02,-2.079463848000079884e-01
1.113000000000000078e+01,3.510357142857139845e+00,9.942428571428569839e+00,6.432071428571428662e+00,3.530526893709999854e+02,4.992206689472000107e+02,-2.108403377999940043e-01
1.113100000000000023e+01,3.504999999999999893e+00,9.938000000000000611e+00,6.432999999999999829e+00,3.531036549133999642e+02,4.992209726754999792e+02,-2.113300748999933365e-01
1.114000000000000057e+01,3.514000000000000234e+00,9.928307692307692278e+00,6.414307692307691156e+00,3.535623447950000013e+02,4.992237062301999799e+02,-2.157377087999899912e-01
1.114400000000000013e+01,3.517999999999999794e+00,9.923999999999999488e+00,6.405999999999999694e+00,3.537618693325999857e+02,4.992166831833999936e+02,-2.112685163999803994e-01
1.115000000000000036e+01,3.528615384615385153e+00,9.946153846153846345e+00,6.417538461538462080e+00,3.540611561389999906e+02,4.992061486132000141e+02,-2.045647277999650127e-01
1.115700000000000003e+01,3.540999999999999925e+00,9.971999999999999531e+00,6.431000000000000050e+00,3.544096875669999918e+02,4.992050103676999697e+02,-2.051831826999887809e-01
1.116000000000000014e+01,3.535692307692307246e+00,9.963923076923075328e+00,6.428230769230768971e+00,3.545590581789999760e+02,4.992045225481999751e+02,-2.054482347999989911e-01
1.116999999999999993e+01,3.517999999999999794e+00,9.936999999999999389e+00,6.418999999999999595e+00,3.550693715429999884e+02,4.992135823422000271e+02,-2.173667528000000071e-01
1.117999999999999972e+01,3.487230769230769578e+00,9.927769230769230902e+00,6.440538461538460879e+00,3.555603991830000155e+02,4.992095570202000090e+02,-2.192433308000089898e-01
1.118299999999999983e+01,3.478000000000000203e+00,9.925000000000000711e+00,6.447000000000000064e+00,3.557136204324000346e+02,4.992047817411000210e+02,-2.194923998000018195e-01
1.118999999999999950e+01,3.492777777777776649e+00,9.933555555555555472e+00,6.440777777777777935e+00,3.560711366809999845e+02,4.991936394232000112e+02,-2.200735607999849963e-01
1.119999999999999929e+01,3.513888888888886619e+00,9.945777777777776052e+00,6.431888888888890321e+00,3.565812476450000190e+02,4.991886968182000146e+02,-2.229426637999719907e-01
1.120100000000000051e+01,3.516000000000000014e+00,9.946999999999999176e+00,6.431000000000000050e+00,3.566305329622000500e+02,4.991886055489999876e+02,-2.230313784999753968e-01
1.121000000000000085e+01,3.525000000000000355e+00,9.940769230769230802e+00,6.415769230769229559e+00,3.570741008169999873e+02,4.991877841261999720e+02,-2.238298108000049969e-01
1.121400000000000041e+01,3.528999999999999915e+00,9.938000000000000611e+00,6.408999999999999808e+00,3.572709462290000033e+02,4.991926020957999981e+02,-2.266030372000067683e-01
1.122000000000000064e+01,3.541500000000000092e+00,9.955000000000000071e+00,6.413499999999999979e+00,3.575662143470000274e+02,4.991998290501999804e+02,-2.307628768000100083e-01
1.122600000000000087e+01,3.553999999999999826e+00,9.971999999999999531e+00,6.418000000000000149e+00,3.578622856166000474e+02,4.992035130136000021e+02,-2.301100065999901745e-01
1.123000000000000043e+01,3.553999999999999826e+00,9.975999999999999091e+00,6.421999999999999709e+00,3.580596664629999850e+02,4.992059689892000165e+02,-2.296747597999770074e-01
1.123900000000000077e+01,3.553999999999999826e+00,9.984999999999999432e+00,6.431000000000000050e+00,3.585163019812000016e+02,4.992131053025000256e+02,-2.304983606000067520e-01
1.124000000000000021e+01,3.555923076923075854e+00,9.988923076923073907e+00,6.432999999999998941e+00,3.585670392609999908e+02,4.992138982262000013e+02,-2.305898718000100045e-01
1.125000000000000000e+01,3.575153846153845016e+00,1.002815384615384353e+01,6.452999999999998515e+00,3.590738681149999820e+02,4.992138082161999932e+02,-2.244767667999809924e-01
1.125200000000000067e+01,3.579000000000000181e+00,1.003599999999999959e+01,6.456999999999999851e+00,3.591712516562000133e+02,4.992133646614000213e+02,-2.226535263999773473e-01
1.125999999999999979e+01,3.571571428571429063e+00,1.004171428571428493e+01,6.470142857142856307e+00,3.595607858210000245e+02,4.992115904422000199e+02,-2.153605647999659867e-01
1.126600000000000001e+01,3.565999999999999837e+00,1.004599999999999937e+01,6.480000000000000426e+00,3.598651419014000226e+02,4.992175333252000087e+02,-2.195138523999698443e-01
1.126999999999999957e+01,3.558615384615385402e+00,1.003030769230769259e+01,6.471692307692308965e+00,3.600680459550000023e+02,4.992214952471999823e+02,-2.222827107999719998e-01
1.127899999999999991e+01,3.541999999999999815e+00,9.994999999999999218e+00,6.453000000000000291e+00,3.605252970516000346e+02,4.992178491861000111e+02,-2.230681336000017445e-01
1.127999999999999936e+01,3.541000000000000369e+00,9.992153846153847496e+00,6.451153846153847127e+00,3.605761027290000129e+02,4.992174440681999954e+02,-2.231554028000050094e-01
1.128999999999999915e+01,3.531000000000000583e+00,9.963692307692308958e+00,6.432692307692309264e+00,3.610791360050000094e+02,4.991961139192000019e+02,-2.139681857999899961e-01
1.129199999999999982e+01,3.528999999999999915e+00,9.958000000000000185e+00,6.429000000000000270e+00,3.611813349846000278e+02,4.991955375563999837e+02,-2.141434185999852302e-01
1.130000000000000071e+01,3.540294117647060368e+00,9.958000000000000185e+00,6.417705882352939817e+00,3.615901309029999879e+02,4.991932321052000248e+02,-2.148443497999660001e-01
1.130899999999999928e+01,3.552999999999999936e+00,9.958000000000000185e+00,6.405000000000000249e+00,3.620340853113999628e+02,4.992014314175000322e+02,-2.201745511999913529e-01
1.131000000000000050e+01,3.549153846153841219e+00,9.955923076923074433e+00,6.406769230769232770e+00,3.620834135790000232e+02,4.992023424522000141e+02,-2.207667957999950026e-01
1.132000000000000028e+01,3.510692307692303782e+00,9.935153846153843560e+00,6.424461538461540222e+00,3.625782374629999936e+02,4.992195466851999868e+02,-2.287174677999770089e-01
1.132199999999999918e+01,3.503000000000000114e+00,9.930999999999999162e+00,6.427999999999999936e+00,3.626771163833999481e+02,4.992209822183999677e+02,-2.295005411999802014e-01
1.133000000000000007e+01,3.479615384615384777e+00,9.923615384615384727e+00,6.443999999999999950e+00,3.630726320649999934e+02,4.992267243512000050e+02,-2.326328347999949975e-01
1.133500000000000085e+01,3.464999999999999858e+00,9.919000000000000483e+00,6.453999999999999737e+00,3.633177034740000408e+02,4.992236883507000016e+02,-2.325676052999954835e-01
1.133999999999999986e+01,3.475882352941174425e+00,9.933999999999997499e+00,6.458117647058823074e+00,3.635627748829999746e+02,4.992206523501999982e+02,-2.325023757999959972e-01
1.134999999999999964e+01,3.497647058823527555e+00,9.963999999999998636e+00,6.466352941176469749e+00,3.640689484609999909e+02,4.992144974931999855e+02,-2.313680517999620045e-01
1.135200000000000031e+01,3.501999999999999780e+00,9.970000000000000639e+00,6.467999999999999972e+00,3.641679637326000147e+02,4.992135439991999988e+02,-2.301426531999671843e-01
1.135999999999999943e+01,3.487714285714286433e+00,9.968857142857142861e+00,6.481142857142856428e+00,3.645640248189999966e+02,4.992097300231999952e+02,-2.252410587999900127e-01
1.136599999999999966e+01,3.476999999999999869e+00,9.967999999999999972e+00,6.490999999999999659e+00,3.648663254578000306e+02,4.992095670685999949e+02,-2.233732227999988829e-01
1.136999999999999922e+01,3.485333333333331840e+00,9.972333333333333272e+00,6.487000000000000099e+00,3.650678592169999774e+02,4.992094584321999946e+02,-2.221279988000049999e-01
1.137800000000000011e+01,3.501999999999999780e+00,9.980999999999999872e+00,6.479000000000000092e+00,3.654732328793999727e+02,4.992109555889999797e+02,-2.252431227999744656e-01
1.138000000000000078e+01,3.508000000000001783e+00,9.986846153846155261e+00,6.478846153846153477e+00,3.655745762949999857e+02,4.992113298781999902e+02,-2.260219037999670055e-01
1.139000000000000057e+01,3.538000000000001588e+00,1.001607692307692510e+01,6.478076923076923066e+00,3.660682822169999895e+02,4.991954769462000172e+02,-2.168560858000090075e-01
1.139100000000000001e+01,3.540999999999999925e+00,1.001900000000000013e+01,6.477999999999999758e+00,3.661175415721999684e+02,4.991940856267000299e+02,-2.159402131000081049e-01
1.140000000000000036e+01,3.532642857142856307e+00,1.001128571428571412e+01,6.478642857142856926e+00,3.665608757690000061e+02,4.991815637511999739e+02,-2.076973587999950133e-01
1.140499999999999936e+01,3.528000000000000025e+00,1.000699999999999967e+01,6.479000000000000092e+00,3.668081011249999506e+02,4.991846604561999925e+02,-2.076532867999955068e-01
1.141000000000000014e+01,3.522999999999999243e+00,1.000238461538461365e+01,6.479384615384615742e+00,3.670553264810000087e+02,4.991877571612000111e+02,-2.076092147999960003e-01
1.141799999999999926e+01,3.515000000000000124e+00,9.994999999999999218e+00,6.480000000000000426e+00,3.674510023065999462e+02,4.992047294372000010e+02,-2.099810883999838063e-01
1.141999999999999993e+01,3.512999999999999456e+00,9.992999999999998550e+00,6.480000000000000426e+00,3.675499212629999874e+02,4.992089725061999843e+02,-2.105740567999810076e-01
1.142999999999999972e+01,3.502999999999999226e+00,9.982999999999998764e+00,6.480000000000000426e+00,3.680482236629999875e+02,4.992354217992000258e+02,-2.095565138000050065e-01
1.143099999999999916e+01,3.501999999999999780e+00,9.981999999999999318e+00,6.480000000000000426e+00,3.680983390525999539e+02,4.992365809291000005e+02,-2.093494534000041041e-01
1.143999999999999950e+01,3.475529411764706644e+00,9.969294117647059750e+00,6.493764705882353105e+00,3.685493775589999927e+02,4.992470130982000001e+02,-2.074859097999950108e-01
1.144800000000000040e+01,3.451999999999999957e+00,9.958000000000000185e+00,6.506000000000000227e+00,3.689582183654000573e+02,4.992439202421999767e+02,-2.049840322000058557e-01
1.144999999999999929e+01,3.453846153846152678e+00,9.959384615384614392e+00,6.505538461538462158e+00,3.690604285669999740e+02,4.992431470281999850e+02,-2.043585628000089971e-01
1.146000000000000085e+01,3.463076923076923386e+00,9.966307692307692534e+00,6.503230769230769148e+00,3.695790956150000284e+02,4.992286908472000277e+02,-2.031921717999760069e-01
1.146100000000000030e+01,3.463999999999999968e+00,9.967000000000000526e+00,6.503000000000000114e+00,3.696297926145999782e+02,4.992266801159000238e+02,-2.023737945999783405e-01
1.147000000000000064e+01,3.454999999999999627e+00,9.958692307692308177e+00,6.503692307692307217e+00,3.700860656109999809e+02,4.992085835341999882e+02,-1.950083997999950136e-01
1.147400000000000020e+01,3.451000000000000068e+00,9.955000000000000071e+00,6.503999999999999559e+00,3.702862073421999867e+02,4.992047867521999933e+02,-1.945504785999818409e-01
1.148000000000000043e+01,3.451461538461538581e+00,9.948999999999999844e+00,6.497538461538461263e+00,3.705864199389999953e+02,4.991990915792000010e+02,-1.938635967999620124e-01
1.148700000000000010e+01,3.451999999999999957e+00,9.942000000000000171e+00,6.490000000000000213e+00,3.709410034410000208e+02,4.992024784074000081e+02,-2.021967201999610997e-01
1.149000000000000021e+01,3.451785714285714235e+00,9.944571428571428839e+00,6.492785714285714604e+00,3.710929677990000073e+02,4.992039299052000274e+02,-2.057680587999609900e-01
1.150000000000000000e+01,3.451071428571428790e+00,9.953142857142857736e+00,6.502071428571428946e+00,3.715818840289999798e+02,4.992017979052000101e+02,-2.046517667999850076e-01
1.150099999999999945e+01,3.451000000000000068e+00,9.954000000000000625e+00,6.503000000000000114e+00,3.716305360785999596e+02,4.992022721630000319e+02,-2.045426162999874620e-01
1.150999999999999979e+01,3.471647058823528642e+00,9.960882352941176521e+00,6.489235294117647435e+00,3.720684045250000054e+02,4.992065404832000013e+02,-2.035602618000089958e-01
1.151800000000000068e+01,3.490000000000000213e+00,9.967000000000000526e+00,6.477000000000000313e+00,3.724604065762000573e+02,4.992176854351999964e+02,-2.083124089999864315e-01
1.151999999999999957e+01,3.487846153846155151e+00,9.970692307692306855e+00,6.482846153846151260e+00,3.725584070890000135e+02,4.992204716731999952e+02,-2.095004457999800063e-01
1.152999999999999936e+01,3.477076923076924508e+00,9.989153846153843830e+00,6.512076923076919321e+00,3.730438726570000085e+02,4.992261485642000025e+02,-2.104124848000140102e-01
1.153100000000000058e+01,3.475999999999999979e+00,9.990999999999999659e+00,6.514999999999999680e+00,3.730943560008000759e+02,4.992261260465999726e+02,-2.104011749000140041e-01
1.153999999999999915e+01,3.467000000000001414e+00,9.982692307692309086e+00,6.515692307692307672e+00,3.735487060950000000e+02,4.992259233881999876e+02,-2.102993858000140048e-01
1.154400000000000048e+01,3.463000000000000078e+00,9.978999999999999204e+00,6.516000000000000014e+00,3.737515746094000519e+02,4.992234884786000180e+02,-2.086456550000061194e-01
1.155000000000000071e+01,3.476764705882354090e+00,9.987470588235293434e+00,6.510705882352940677e+00,3.740558773810000162e+02,4.992198361142000067e+02,-2.061650587999949991e-01
1.156000000000000050e+01,3.499705882352942332e+00,1.000158823529411833e+01,6.501882352941176002e+00,3.745601109869999732e+02,4.992125724192000007e+02,-2.040272477999849898e-01
1.156099999999999994e+01,3.501999999999999780e+00,1.000300000000000011e+01,6.501000000000000334e+00,3.746110392121999553e+02,4.992117750652000154e+02,-2.037131032999866531e-01
1.157000000000000028e+01,3.493692307692307431e+00,1.000300000000000011e+01,6.509307692307692683e+00,3.750693932390000214e+02,4.992045988791999775e+02,-2.008858028000000129e-01
1.157399999999999984e+01,3.490000000000000213e+00,1.000300000000000011e+01,6.512999999999999901e+00,3.752685638478000101e+02,4.991967571608000185e+02,-1.956137955999864841e-01
1.158000000000000007e+01,3.466461538461537373e+00,9.979923076923075342e+00,6.513461538461538858e+00,3.755673197610000216e+02,4.991849945832000230e+02,-1.877057847999649975e-01
1.158699999999999974e+01,3.439000000000000057e+00,9.952999999999999403e+00,6.514000000000000234e+00,3.759151922258000127e+02,4.991831175808000012e+02,-1.883217798999887727e-01
1.158999999999999986e+01,3.432117647058823273e+00,9.946294117647058286e+00,6.514176470588235013e+00,3.760642804249999926e+02,4.991823131511999918e+02,-1.885857777999989937e-01
1.159999999999999964e+01,3.409176470588234587e+00,9.923941176470586711e+00,6.514764705882353013e+00,3.765691452689999892e+02,4.991990854782000042e+02,-1.975326988000130068e-01
1.160399999999999920e+01,3.399999999999999911e+00,9.914999999999999147e+00,6.514999999999999680e+00,3.767616200129999697e+02,4.992032631833999972e+02,-1.975046204000130146e-01
1.160999999999999943e+01,3.423538461538459199e+00,9.931615384615382069e+00,6.508076923076923315e+00,3.770503321290000258e+02,4.992095297412000150e+02,-1.974625028000130122e-01
1.161700000000000088e+01,3.451000000000000068e+00,9.951000000000000512e+00,6.500000000000000000e+00,3.773978057632000969e+02,4.992146388451999997e+02,-1.988032386999797063e-01
1.161999999999999922e+01,3.445428571428574394e+00,9.951000000000000512e+00,6.505571428571426118e+00,3.775467230350000136e+02,4.992168284612000093e+02,-1.993778397999650120e-01
1.163000000000000078e+01,3.426857142857141714e+00,9.951000000000000512e+00,6.524142857142857466e+00,3.780384642810000173e+02,4.992178484501999947e+02,-2.022720658000090044e-01
1.163100000000000023e+01,3.424999999999999822e+00,9.951000000000000512e+00,6.525999999999999801e+00,3.780889048298000148e+02,4.992168211590999931e+02,-2.024572218000041113e-01
1.164000000000000057e+01,3.418647058823528706e+00,9.944117647058822840e+00,6.525470588235294578e+00,3.785428697689999922e+02,4.992075755391999792e+02,-2.041236257999609893e-01
1.164799999999999969e+01,3.412999999999999812e+00,9.938000000000000611e+00,6.525000000000000355e+00,3.789577129209999384e+02,4.991975966936000191e+02,-2.063961497999960149e-01
1.165000000000000036e+01,3.414846153846154309e+00,9.941692307692308717e+00,6.526846153846154408e+00,3.790614237089999961e+02,4.991951019822000148e+02,-2.069642808000050072e-01
1.166000000000000014e+01,3.424076923076923240e+00,9.960153846153847468e+00,6.536076923076923784e+00,3.795702199030000088e+02,4.991780967152000130e+02,-2.007910597999749969e-01
1.166099999999999959e+01,3.424999999999999822e+00,9.961999999999999744e+00,6.536999999999999922e+00,3.796211139959999628e+02,4.991778973236000070e+02,-2.007790344999750010e-01
1.166999999999999993e+01,3.424999999999999822e+00,9.971000000000000085e+00,6.546000000000000263e+00,3.800791608330000031e+02,4.991761027992000095e+02,-2.006708067999750100e-01
1.167399999999999949e+01,3.424999999999999822e+00,9.974999999999999645e+00,6.549999999999999822e+00,3.802805122873999721e+02,4.991791875292000213e+02,-1.998368923999718771e-01
1.167999999999999972e+01,3.424999999999999822e+00,9.978882352941177203e+00,6.553882352941176492e+00,3.805825394689999825e+02,4.991838146242000107e+02,-1.985860207999670113e-01
1.168999999999999950e+01,3.424999999999999822e+00,9.985352941176470765e+00,6.560352941176470054e+00,3.810674335030000179e+02,4.991994998911999915e+02,-1.925334517999940098e-01
1.169100000000000072e+01,3.424999999999999822e+00,9.986000000000000654e+00,6.560999999999999943e+00,3.811172866310000700e+02,4.992017440620999764e+02,-1.928302810999930894e-01
1.169999999999999929e+01,3.424999999999999822e+00,9.978285714285714647e+00,6.553285714285715713e+00,3.815659647830000267e+02,4.992219416002000116e+02,-1.955017447999810032e-01
1.170500000000000007e+01,3.424999999999999822e+00,9.974000000000000199e+00,6.549000000000000377e+00,3.818151871090000213e+02,4.992251487752000116e+02,-1.964576247999855196e-01
1.171000000000000085e+01,3.415384615384613465e+00,9.969769230769230717e+00,6.554384615384616808e+00,3.820644094350000159e+02,4.992283559502000116e+02,-1.974135047999900083e-01
1.171799999999999997e+01,3.399999999999999911e+00,9.962999999999999190e+00,6.562999999999999723e+00,3.824576403341999935e+02,4.992179728446000126e+02,-1.916893583999865203e-01
1.172000000000000064e+01,3.398470588235293466e+00,9.961352941176469855e+00,6.562882352941175945e+00,3.825559480590000021e+02,4.992153770681999845e+02,-1.902583217999850029e-01
1.173000000000000043e+01,3.390823529411763904e+00,9.953117647058823181e+00,6.562294117647058833e+00,3.830533642629999918e+02,4.992047157481999875e+02,-1.891100468000070089e-01
1.173499999999999943e+01,3.387000000000000011e+00,9.948999999999999844e+00,6.562000000000000277e+00,3.833035134829999606e+02,4.992004601346999948e+02,-1.910393977999886583e-01
1.174000000000000021e+01,3.362769230769226958e+00,9.925153846153841997e+00,6.562384615384615927e+00,3.835536627029999863e+02,4.991962045212000021e+02,-1.929687487999710016e-01
1.174799999999999933e+01,3.323999999999999844e+00,9.887000000000000455e+00,6.562999999999999723e+00,3.839563424405999399e+02,4.991887449323999704e+02,-1.928528511999702266e-01
1.175000000000000000e+01,3.329846153846155676e+00,9.892538461538464389e+00,6.562692307692307381e+00,3.840570123749999993e+02,4.991868800351999766e+02,-1.928238767999700121e-01
1.175999999999999979e+01,3.359076923076924626e+00,9.920230769230771628e+00,6.561153846153845670e+00,3.845603618249999727e+02,4.991775590771999873e+02,-1.916790107999939985e-01
1.176099999999999923e+01,3.362000000000000099e+00,9.923000000000000043e+00,6.560999999999999943e+00,3.846104571299999293e+02,4.991773154975999773e+02,-1.912670046999923323e-01
1.176999999999999957e+01,3.385785714285713510e+00,9.930714285714286049e+00,6.544928571428571651e+00,3.850613148749999937e+02,4.991751232812000012e+02,-1.875589497999750055e-01
1.177500000000000036e+01,3.399000000000000021e+00,9.935000000000000497e+00,6.535999999999999588e+00,3.853110085550000576e+02,4.991788475557000311e+02,-1.915165687999947075e-01
1.177999999999999936e+01,3.399000000000000021e+00,9.934705882352941941e+00,6.535705882352941032e+00,3.855607022350000079e+02,4.991825718302000041e+02,-1.954741878000129940e-01
1.178999999999999915e+01,3.399000000000000021e+00,9.934117647058823053e+00,6.535117647058823920e+00,3.860574927929999944e+02,4.991828713901999777e+02,-2.003647618000090058e-01
1.179199999999999982e+01,3.399000000000000021e+00,9.933999999999999275e+00,6.535000000000000142e+00,3.861556978770000228e+02,4.991820733817999667e+02,-1.987400894000009022e-01
1.180000000000000071e+01,3.392882352941175572e+00,9.917058823529409040e+00,6.524176470588233911e+00,3.865485182130000226e+02,4.991788813481999796e+02,-1.922413997999699864e-01
1.180899999999999928e+01,3.386000000000000121e+00,9.897999999999999687e+00,6.511999999999999567e+00,3.870039488039999469e+02,4.991913353231999508e+02,-1.993840707000041068e-01
1.181000000000000050e+01,3.387000000000001343e+00,9.899846153846155516e+00,6.512846153846154174e+00,3.870545522030000143e+02,4.991927190981999729e+02,-2.001777008000089897e-01
1.182000000000000028e+01,3.397000000000001130e+00,9.918307692307694268e+00,6.521307692307693138e+00,3.875677458050000155e+02,4.992039607372000205e+02,-2.081032497999900088e-01
1.182199999999999918e+01,3.399000000000000021e+00,9.922000000000000597e+00,6.522999999999999687e+00,3.876686266361999742e+02,4.992019103886000266e+02,-2.072735689999868625e-01
1.183000000000000007e+01,3.383000000000000451e+00,9.929999999999999716e+00,6.546999999999999709e+00,3.880721499609999796e+02,4.991937089941999943e+02,-2.039548457999720010e-01
1.183500000000000085e+01,3.373000000000000220e+00,9.935000000000000497e+00,6.562000000000000277e+00,3.883275753750000376e+02,4.991847571197000093e+02,-2.028664347999667994e-01
1.183999999999999986e+01,3.373277777777778041e+00,9.934722222222221788e+00,6.561444444444444635e+00,3.885830007889999820e+02,4.991758052452000243e+02,-2.017780237999619863e-01
1.184999999999999964e+01,3.373833333333333240e+00,9.934166666666666146e+00,6.560333333333333350e+00,3.890856377430000066e+02,4.991614213362000214e+02,-2.046154798000039965e-01
1.185299999999999976e+01,3.374000000000000110e+00,9.933999999999999275e+00,6.559999999999999609e+00,3.892322015262000150e+02,4.991574647301000027e+02,-2.057689239999926645e-01
1.185999999999999943e+01,3.358833333333334448e+00,9.933999999999999275e+00,6.575166666666665272e+00,3.895741836870000157e+02,4.991482326491999970e+02,-2.084602937999660011e-01
1.186500000000000021e+01,3.347999999999999865e+00,9.933999999999999275e+00,6.586000000000000298e+00,3.898228064030000724e+02,4.991443977771999698e+02,-2.083914557999659856e-01
1.186999999999999922e+01,3.347999999999999865e+00,9.938230769230768757e+00,6.590230769230768892e+00,3.900714291190000154e+02,4.991405629051999995e+02,-2.083226177999659978e-01
1.187800000000000011e+01,3.347999999999999865e+00,9.945000000000000284e+00,6.597000000000000419e+00,3.904664184485999954e+02,4.991414870291999932e+02,-2.058379937999773313e-01
1.188000000000000078e+01,3.347999999999999865e+00,9.943153846153846231e+00,6.595153846153845478e+00,3.905651657810000188e+02,4.991417180601999917e+02,-2.052168377999800120e-01
1.189000000000000057e+01,3.347999999999999865e+00,9.933923076923075968e+00,6.585923076923076103e+00,3.910589340710000101e+02,4.991598671901999751e+02,-2.121710717999860107e-01
1.189100000000000001e+01,3.347999999999999865e+00,9.932999999999999829e+00,6.584999999999999964e+00,3.911083449433999704e+02,4.991610855519999745e+02,-2.121643783999859201e-01
1.190000000000000036e+01,3.317000000000000171e+00,9.903000000000000469e+00,6.586000000000000298e+00,3.915530427950000103e+02,4.991720508082000265e+02,-2.121041377999849931e-01
1.190900000000000070e+01,3.286000000000000032e+00,9.872999999999999332e+00,6.586999999999999744e+00,3.919890610718000516e+02,4.991771436381999933e+02,-2.030250511999934504e-01
1.191000000000000014e+01,3.290769230769228226e+00,9.878538461538457938e+00,6.587769230769230155e+00,3.920375075470000183e+02,4.991777095081999960e+02,-2.020162637999949884e-01
1.191999999999999993e+01,3.338461538461535039e+00,9.933923076923072415e+00,6.595461538461537820e+00,3.925428263769999830e+02,4.991865266432000112e+02,-2.019349587999950124e-01
1.192200000000000060e+01,3.347999999999999865e+00,9.945000000000000284e+00,6.597000000000000419e+00,3.926450026905999948e+02,4.991863475108000330e+02,-2.027116019999988805e-01
1.192999999999999972e+01,3.363384615384613863e+00,9.967153846153843588e+00,6.603769230769230170e+00,3.930537079449999851e+02,4.991856309812000063e+02,-2.058181748000129929e-01
1.193500000000000050e+01,3.373000000000000220e+00,9.980999999999999872e+00,6.607999999999999652e+00,3.933059958530000131e+02,4.991790022656999781e+02,-2.052386612999964055e-01
1.193999999999999950e+01,3.358769230769233616e+00,9.962153846153849912e+00,6.603384615384616296e+00,3.935582837609999842e+02,4.991723735502000068e+02,-2.046591477999800124e-01
1.194800000000000040e+01,3.335999999999999854e+00,9.932000000000000384e+00,6.596000000000000085e+00,3.939650499674000343e+02,4.991635163445999979e+02,-2.125374621999738534e-01
1.194999999999999929e+01,3.338823529411762969e+00,9.935999999999998167e+00,6.597176470588234309e+00,3.940667415190000042e+02,4.991613020432000098e+02,-2.145070407999709883e-01
1.196000000000000085e+01,3.352941176470589202e+00,9.956000000000001293e+00,6.603058823529412535e+00,3.945653288670000052e+02,4.991476743942000098e+02,-2.213480917999769981e-01
1.196499999999999986e+01,3.359999999999999876e+00,9.965999999999999304e+00,6.605999999999999872e+00,3.948114566469999431e+02,4.991436811487000114e+02,-2.257792792999832043e-01
1.197000000000000064e+01,3.355357142857141817e+00,9.957785714285712686e+00,6.602428571428570869e+00,3.950575844269999948e+02,4.991396879032000129e+02,-2.302104667999909926e-01
1.197899999999999920e+01,3.346999999999999975e+00,9.942999999999999616e+00,6.596000000000000085e+00,3.955008983881999711e+02,4.991433178588000033e+02,-2.427247363999982810e-01
1.198000000000000043e+01,3.345999999999998753e+00,9.941999999999998394e+00,6.596000000000000085e+00,3.955501554950000127e+02,4.991437211872000148e+02,-2.441152108000010090e-01
1.199000000000000021e+01,3.335999999999999410e+00,9.931999999999998607e+00,6.596000000000000085e+00,3.960395016730000179e+02,4.991516051702000141e+02,-2.500342057999729861e-01
1.199099999999999966e+01,3.334999999999999964e+00,9.930999999999999162e+00,6.596000000000000085e+00,3.960892007911999713e+02,4.991530381885000338e+02,-2.506282094999755516e-01
1.200000000000000000e+01,3.334999999999999964e+00,9.925000000000000711e+00,6.589999999999999858e+00,3.965364928550000059e+02,4.991659353531999841e+02,-2.559742428000020276e-01
1.200900000000000034e+01,3.334999999999999964e+00,9.919000000000000483e+00,6.583999999999999631e+00,3.969805989601999840e+02,4.991714739990999874e+02,-2.513949591000053663e-01
1.200999999999999979e+01,3.336923076923075993e+00,9.918000000000001037e+00,6.581076923076924601e+00,3.970299440829999753e+02,4.991720894041999941e+02,-2.508861498000060086e-01
1.201999999999999957e+01,3.356153846153844711e+00,9.908000000000001251e+00,6.551846153846155651e+00,3.975176876149999998e+02,4.991729484292000052e+02,-2.347805737999870135e-01
1.202200000000000024e+01,3.359999999999999876e+00,9.906000000000000583e+00,6.546000000000000263e+00,3.976185969050000608e+02,4.991739081123999995e+02,-2.329614997999833736e-01
1.202999999999999936e+01,3.359999999999999876e+00,9.906000000000000583e+00,6.546000000000000263e+00,3.980222340650000206e+02,4.991777468451999766e+02,-2.256852037999720062e-01
1.203500000000000014e+01,3.359999999999999876e+00,9.906000000000000583e+00,6.546000000000000263e+00,3.982766759200000593e+02,4.991772508351999704e+02,-2.251268477999834039e-01
1.203999999999999915e+01,3.355882352941176983e+00,9.894235294117649460e+00,6.538352941176471589e+00,3.985311177749999842e+02,4.991767548252000211e+02,-2.245684917999949959e-01
1.205000000000000071e+01,3.347647058823528532e+00,9.870705882352938332e+00,6.523058823529409800e+00,3.990469019210000283e+02,4.991601591351999900e+02,-2.153951417999810103e-01
1.205199999999999960e+01,3.346000000000000085e+00,9.865999999999999659e+00,6.519999999999999574e+00,3.991499616273999891e+02,4.991550322406000078e+02,-2.133541141999837076e-01
1.206000000000000050e+01,3.339846153846153243e+00,9.857999999999998764e+00,6.518153846153846409e+00,3.995622004530000027e+02,4.991345246622000218e+02,-2.051900037999890014e-01
1.206499999999999950e+01,3.335999999999999854e+00,9.852999999999999758e+00,6.517000000000000348e+00,3.998108801669999366e+02,4.991296914222000396e+02,-2.051176307999890147e-01
1.207000000000000028e+01,3.342666666666667119e+00,9.870222222222224673e+00,6.527555555555556666e+00,4.000595598809999842e+02,4.991248581822000006e+02,-2.050452577999890003e-01
1.208000000000000007e+01,3.355999999999999872e+00,9.904666666666665620e+00,6.548666666666666636e+00,4.005473401469999999e+02,4.991426300382000250e+02,-2.219995577999860081e-01
1.208300000000000018e+01,3.359999999999999876e+00,9.914999999999999147e+00,6.554999999999999716e+00,4.006954712333999851e+02,4.991480652516000305e+02,-2.267858117999919931e-01
1.208999999999999986e+01,3.386923076923075815e+00,9.929538461538459870e+00,6.542615384615385388e+00,4.010411104350000073e+02,4.991607474162000244e+02,-2.379537378000050052e-01
1.209600000000000009e+01,3.410000000000000142e+00,9.942000000000000171e+00,6.532000000000000028e+00,4.013409133122000298e+02,4.991622299087999863e+02,-2.402922899999829220e-01
1.209999999999999964e+01,3.406000000000000583e+00,9.938000000000000611e+00,6.532000000000000028e+00,4.015407818969999880e+02,4.991632182371999988e+02,-2.418513247999679872e-01
1.210899999999999999e+01,3.396999999999999797e+00,9.929000000000000270e+00,6.532000000000000028e+00,4.019908967982000263e+02,4.991582505513000001e+02,-2.462336956999637561e-01
1.210999999999999943e+01,3.397923076923076380e+00,9.929692307692308262e+00,6.531769230769230994e+00,4.020409095649999927e+02,4.991576985862000129e+02,-2.467206257999630115e-01
1.211999999999999922e+01,3.407153846153845311e+00,9.936615384615384627e+00,6.529461538461538872e+00,4.025441463509999949e+02,4.991503531962000011e+02,-2.515827937999580155e-01
1.212199999999999989e+01,3.408999999999999808e+00,9.938000000000000611e+00,6.528999999999999915e+00,4.026426195962000065e+02,4.991483671348000257e+02,-2.503538727999634061e-01
1.213000000000000078e+01,3.409615384615384492e+00,9.924461538461537558e+00,6.514846153846152177e+00,4.030365125769999963e+02,4.991404228892000106e+02,-2.454381887999859957e-01
1.213499999999999979e+01,3.410000000000000142e+00,9.916000000000000369e+00,6.506000000000000227e+00,4.032852199019999375e+02,4.991351045772000248e+02,-2.413640722999967347e-01
1.214000000000000057e+01,3.410000000000000142e+00,9.909333333333332661e+00,6.499333333333332519e+00,4.035339272269999924e+02,4.991297862651999822e+02,-2.372899558000060027e-01
1.215000000000000036e+01,3.410000000000000142e+00,9.895999999999999019e+00,6.486000000000000654e+00,4.040475442970000017e+02,4.991160610971999745e+02,-2.311272347999769883e-01
1.215300000000000047e+01,3.410000000000000142e+00,9.891999999999999460e+00,6.482000000000000206e+00,4.042003627052000070e+02,4.991130774231999681e+02,-2.280826928999798164e-01
1.216000000000000014e+01,3.422384615384614914e+00,9.903846153846153300e+00,6.481461538461538829e+00,4.045569389909999813e+02,4.991061155172000099e+02,-2.209787617999869891e-01
1.216600000000000037e+01,3.432999999999999829e+00,9.913999999999999702e+00,6.480999999999999872e+00,4.048522394430000304e+02,4.991127730860000042e+02,-2.167365307999831459e-01
1.216999999999999993e+01,3.424294117647059377e+00,9.908352941176470807e+00,6.484058823529410986e+00,4.050491064110000252e+02,4.991172114652000005e+02,-2.139083767999810093e-01
1.217999999999999972e+01,3.402529411764706246e+00,9.894235294117647683e+00,6.491705882352940549e+00,4.055390246090000232e+02,4.991501651181999932e+02,-2.209156987999859878e-01
1.218299999999999983e+01,3.395999999999999908e+00,9.890000000000000568e+00,6.493999999999999773e+00,4.056863168798000174e+02,4.991597656281999775e+02,-2.239168231999831837e-01
1.218999999999999950e+01,3.416461538461537550e+00,9.921769230769228898e+00,6.505307692307691347e+00,4.060299988450000228e+02,4.991821668182000167e+02,-2.309194467999760025e-01
1.219599999999999973e+01,3.434000000000000163e+00,9.948999999999999844e+00,6.514999999999999680e+00,4.063339260958000523e+02,4.991850930986000208e+02,-2.314621635999964400e-01
1.219999999999999929e+01,3.426000000000001044e+00,9.941307692307692179e+00,6.515307692307692022e+00,4.065365442629999961e+02,4.991870439521999856e+02,-2.318239748000099909e-01
1.220899999999999963e+01,3.407999999999999918e+00,9.923999999999999488e+00,6.516000000000000014e+00,4.069933575077999421e+02,4.991752756871999850e+02,-2.280808099999933336e-01
1.221000000000000085e+01,3.405058823529408141e+00,9.920411764705876934e+00,6.515352941176470125e+00,4.070441145350000056e+02,4.991739681021999786e+02,-2.276649027999909924e-01
1.222000000000000064e+01,3.375647058823529001e+00,9.884529411764704676e+00,6.508882352941176563e+00,4.075542254989999833e+02,4.991690254971999821e+02,-2.305340057999769876e-01
1.222600000000000087e+01,3.358000000000000096e+00,9.862999999999999545e+00,6.504999999999999893e+00,4.078578287810000234e+02,4.991671021269999642e+02,-2.376597275999774161e-01
1.223000000000000043e+01,3.373692307692305992e+00,9.892846153846150514e+00,6.519153846153844967e+00,4.080602309689999743e+02,4.991658198801999902e+02,-2.424102087999769894e-01
1.223900000000000077e+01,3.408999999999999808e+00,9.960000000000000853e+00,6.551000000000000156e+00,4.085005867976000218e+02,4.991423072586999865e+02,-2.350292466999945595e-01
1.224000000000000021e+01,3.408999999999999808e+00,9.959230769230769553e+00,6.550230769230769745e+00,4.085495152230000144e+02,4.991396947452000177e+02,-2.342091397999969959e-01
1.225000000000000000e+01,3.408999999999999808e+00,9.951538461538461888e+00,6.542538461538462080e+00,4.090375733330000116e+02,4.991175025552000193e+02,-2.270222257999910120e-01
1.225200000000000067e+01,3.408999999999999808e+00,9.949999999999999289e+00,6.541000000000000369e+00,4.091381410706000565e+02,4.991174283700000274e+02,-2.287996035999946554e-01
1.225999999999999979e+01,3.369615384615388898e+00,9.934000000000001052e+00,6.564384615384613042e+00,4.095404120210000087e+02,4.991171316292000029e+02,-2.359091148000060090e-01
1.226500000000000057e+01,3.345000000000000195e+00,9.923999999999999488e+00,6.578999999999999737e+00,4.097856125740000266e+02,4.991206064642000229e+02,-2.378668402999868647e-01
1.226999999999999957e+01,3.351944444444443505e+00,9.923722222222222555e+00,6.571777777777778162e+00,4.100308131269999876e+02,4.991240812991999860e+02,-2.398245657999669989e-01
1.227999999999999936e+01,3.365833333333333233e+00,9.923166666666666913e+00,6.557333333333333236e+00,4.105322526790000097e+02,4.991306701742000200e+02,-2.407362688000010131e-01
1.228299999999999947e+01,3.370000000000000107e+00,9.923000000000000043e+00,6.552999999999999936e+00,4.106821194526000340e+02,4.991320178500999987e+02,-2.398076784999880473e-01
1.228999999999999915e+01,3.350615384615385661e+00,9.903076923076923777e+00,6.552461538461538559e+00,4.110318085910000150e+02,4.991351624271999867e+02,-2.376409677999579972e-01
1.229599999999999937e+01,3.334000000000000075e+00,9.885999999999999233e+00,6.551999999999999602e+00,4.113267162769999459e+02,4.991381747373999929e+02,-2.381859945999777461e-01
1.230000000000000071e+01,3.329692307692306397e+00,9.878615384615381245e+00,6.548923076923075293e+00,4.115233214009999756e+02,4.991401829441999780e+02,-2.385493457999910139e-01
1.230899999999999928e+01,3.319999999999999840e+00,9.862000000000000099e+00,6.541999999999999815e+00,4.119830635139999231e+02,4.991402753795999843e+02,-2.420474217000076200e-01
1.231000000000000050e+01,3.321000000000001062e+00,9.861923076923076792e+00,6.540923076923075286e+00,4.120341459709999867e+02,4.991402856501999850e+02,-2.424360968000099925e-01
1.232000000000000028e+01,3.331000000000001293e+00,9.861153846153847269e+00,6.530153846153844199e+00,4.125434847770000033e+02,4.991313207982000222e+02,-2.372911287999580066e-01
1.232199999999999918e+01,3.333000000000000185e+00,9.861000000000000654e+00,6.527999999999999581e+00,4.126453296945999227e+02,4.991299278806000075e+02,-2.360635503999642670e-01
1.233000000000000007e+01,3.348999999999999755e+00,9.875769230769231299e+00,6.526769230769230212e+00,4.130527093649999983e+02,4.991243562102000055e+02,-2.311532367999860060e-01
1.233500000000000085e+01,3.358999999999999986e+00,9.884999999999999787e+00,6.525999999999999801e+00,4.133072652160000189e+02,4.991218634641999756e+02,-2.305878107999984050e-01
1.233999999999999986e+01,3.351058823529413200e+00,9.884999999999999787e+00,6.533941176470587031e+00,4.135618210669999826e+02,4.991193707182000026e+02,-2.300223848000109983e-01
1.234999999999999964e+01,3.335176470588236519e+00,9.884999999999999787e+00,6.549823529411763268e+00,4.140529607049999754e+02,4.991133804122000015e+02,-2.228919468000049864e-01
1.235200000000000031e+01,3.331999999999999851e+00,9.884999999999999787e+00,6.552999999999999936e+00,4.141502305166000042e+02,4.991149293597999872e+02,-2.222757691999963647e-01
1.235999999999999943e+01,3.331999999999999851e+00,9.883769230769230418e+00,6.551769230769230568e+00,4.145393097630000057e+02,4.991211251501999868e+02,-2.198110587999629884e-01
1.236500000000000021e+01,3.331999999999999851e+00,9.882999999999999119e+00,6.551000000000000156e+00,4.147853948050000668e+02,4.991266519562000212e+02,-2.222758302999604252e-01
1.236999999999999922e+01,3.325333333333333918e+00,9.879111111111111398e+00,6.553777777777777480e+00,4.150314798470000142e+02,4.991321787621999988e+02,-2.247406017999570016e-01
1.238000000000000078e+01,3.311999999999998057e+00,9.871333333333332405e+00,6.559333333333333904e+00,4.155270438169999920e+02,4.991364183232000187e+02,-2.286453427999760035e-01
1.238299999999999912e+01,3.307999999999999829e+00,9.868999999999999773e+00,6.560999999999999943e+00,4.156767991717999280e+02,4.991344542850000039e+02,-2.277050932999810096e-01
1.239000000000000057e+01,3.313923076923077193e+00,9.878153846153846729e+00,6.564230769230769980e+00,4.160262283330000059e+02,4.991298715291999883e+02,-2.255111777999909972e-01
1.239600000000000080e+01,3.318999999999999950e+00,9.885999999999999233e+00,6.567000000000000171e+00,4.163282377366000446e+02,4.991242831879999926e+02,-2.236242653999993002e-01
1.240000000000000036e+01,3.324882352941175956e+00,9.888352941176469457e+00,6.563470588235294834e+00,4.165295773390000136e+02,4.991205576272000144e+02,-2.223663238000050113e-01
1.241000000000000014e+01,3.339588235294117080e+00,9.894235294117647683e+00,6.554647058823529271e+00,4.170362376410000138e+02,4.991234239131999857e+02,-2.272637578000009928e-01
1.241300000000000026e+01,3.343999999999999861e+00,9.896000000000000796e+00,6.551999999999999602e+00,4.171891343348000305e+02,4.991243340396999884e+02,-2.290329672999923960e-01
1.241999999999999993e+01,3.338000000000000078e+00,9.877000000000000668e+00,6.538999999999999702e+00,4.175458932870000126e+02,4.991264576681999756e+02,-2.331611227999720037e-01
1.242699999999999960e+01,3.331999999999999851e+00,9.858000000000000540e+00,6.525999999999999801e+00,4.179075614092000137e+02,4.991162758300999940e+02,-2.274447078999854432e-01
1.242999999999999972e+01,3.328999999999999737e+00,9.857769230769230617e+00,6.528769230769230880e+00,4.180625620330000061e+02,4.991119121852000262e+02,-2.249948157999910048e-01
1.243999999999999950e+01,3.318999999999999950e+00,9.856999999999999318e+00,6.538000000000000256e+00,4.185720146130000217e+02,4.991009541252000190e+02,-2.188427837999619985e-01
1.244999999999999929e+01,3.318999999999999950e+00,9.848538461538462130e+00,6.529538461538462180e+00,4.190714583050000215e+02,4.991074148902000047e+02,-2.237545047999580095e-01
1.245299999999999940e+01,3.318999999999999950e+00,9.846000000000000085e+00,6.527000000000000135e+00,4.192192291591999833e+02,4.991086322841999845e+02,-2.258259405999589742e-01
1.246000000000000085e+01,3.318999999999999950e+00,9.841058823529410304e+00,6.522058823529411242e+00,4.195640278189999890e+02,4.991114728701999752e+02,-2.306592907999620023e-01
1.247000000000000064e+01,3.318999999999999950e+00,9.833999999999999631e+00,6.514999999999999680e+00,4.200457833269999810e+02,4.991119546212000273e+02,-2.245537807999919977e-01
1.248000000000000043e+01,3.338230769230768669e+00,9.850923076923075783e+00,6.512692307692307558e+00,4.205303642950000267e+02,4.991155813052000099e+02,-2.244587767999909889e-01
1.248300000000000054e+01,3.343999999999999861e+00,9.855999999999999872e+00,6.511999999999999567e+00,4.206812931880000406e+02,4.991193797038999946e+02,-2.274386218999881748e-01
1.249000000000000021e+01,3.303076923076924576e+00,9.823153846153847013e+00,6.520076923076922881e+00,4.210334606050000161e+02,4.991282426341999781e+02,-2.343915937999810073e-01
1.249600000000000044e+01,3.267999999999999794e+00,9.794999999999999929e+00,6.527000000000000135e+00,4.213332294166000338e+02,4.991303220307999595e+02,-2.373322633999793707e-01
1.250000000000000000e+01,3.277176470588234469e+00,9.801117647058822158e+00,6.523941176470589021e+00,4.215330752909999887e+02,4.991317082951999851e+02,-2.392927097999779928e-01
1.250999999999999979e+01,3.300117647058823156e+00,9.816411764705881282e+00,6.516294117647059458e+00,4.220353112610000039e+02,4.991243447141999923e+02,-2.331549648000059982e-01
1.251299999999999990e+01,3.306999999999999940e+00,9.820999999999999730e+00,6.514000000000000234e+00,4.221865641768000046e+02,4.991224661745000049e+02,-2.322146837999927438e-01
1.251999999999999957e+01,3.340384615384614175e+00,9.846307692307691539e+00,6.505923076923076920e+00,4.225394876469999872e+02,4.991180829151999774e+02,-2.300206947999620111e-01
1.252599999999999980e+01,3.369000000000000217e+00,9.868000000000000327e+00,6.498999999999999666e+00,4.228423531114000298e+02,4.991185531808000064e+02,-2.281549671999708873e-01
1.252999999999999936e+01,3.345615384615387100e+00,9.841538461538464233e+00,6.495923076923077133e+00,4.230442634209999824e+02,4.991188666912000258e+02,-2.269111487999770083e-01
1.253899999999999970e+01,3.293000000000000149e+00,9.782000000000000028e+00,6.488999999999999879e+00,4.235058517076000157e+02,4.991181981208000025e+02,-2.205060647999712298e-01
1.253999999999999915e+01,3.295999999999998487e+00,9.783999999999998920e+00,6.488000000000000433e+00,4.235571392950000131e+02,4.991181238351999809e+02,-2.197943887999710133e-01
1.255000000000000071e+01,3.326000000000003176e+00,9.804000000000002046e+00,6.477999999999998870e+00,4.240668488310000157e+02,4.991202086142000098e+02,-2.116883027999910127e-01
1.255199999999999960e+01,3.331999999999999851e+00,9.807999999999999829e+00,6.475999999999999979e+00,4.241658361849999324e+02,4.991232536416000016e+02,-2.122770291999876990e-01
1.256000000000000050e+01,3.343111111111111811e+00,9.829333333333334366e+00,6.486222222222222555e+00,4.245617856009999969e+02,4.991354337512000257e+02,-2.146319347999759986e-01
1.257000000000000028e+01,3.357000000000000206e+00,9.855999999999999872e+00,6.498999999999999666e+00,4.250658230650000178e+02,4.991491539752000222e+02,-2.235682717999910030e-01
1.258000000000000007e+01,3.308538461538462094e+00,9.808307692307693060e+00,6.499769230769230965e+00,4.255527988790000222e+02,4.991459201932000269e+02,-2.194485047999719940e-01
1.258300000000000018e+01,3.294000000000000039e+00,9.794000000000000483e+00,6.500000000000000000e+00,4.256992254008000032e+02,4.991443670790999931e+02,-2.185104455999761497e-01
1.258999999999999986e+01,3.293588235294117705e+00,9.789470588235294812e+00,6.495882352941176663e+00,4.260408872849999966e+02,4.991407431462000091e+02,-2.163216407999860036e-01
1.259999999999999964e+01,3.293000000000000149e+00,9.782999999999999474e+00,6.490000000000000213e+00,4.265465503230000195e+02,4.991435347931999900e+02,-2.262190657999759991e-01
1.260999999999999943e+01,3.283769230769231218e+00,9.782230769230769951e+00,6.498461538461538289e+00,4.270477329189999978e+02,4.991370808291999879e+02,-2.290848227999630060e-01
1.261299999999999955e+01,3.281000000000000139e+00,9.782000000000000028e+00,6.501000000000000334e+00,4.271989255144000026e+02,4.991309952194000061e+02,-2.272297064999712901e-01
1.261999999999999922e+01,3.266222222222223692e+00,9.782000000000000028e+00,6.515777777777776336e+00,4.275517082370000139e+02,4.991167954631999919e+02,-2.229011017999910083e-01
1.263000000000000078e+01,3.245111111111109725e+00,9.782000000000000028e+00,6.536888888888889859e+00,4.280565102690000003e+02,4.990995727842000065e+02,-2.137279827999770121e-01
1.263100000000000023e+01,3.242999999999999883e+00,9.782000000000000028e+00,6.538999999999999702e+00,4.281058611581999571e+02,4.991000872940999784e+02,-2.135188181999761181e-01
1.264000000000000057e+01,3.268615384615385810e+00,9.814538461538463210e+00,6.545923076923077844e+00,4.285500191610000229e+02,4.991047178832000100e+02,-2.116363367999669898e-01
1.264400000000000013e+01,3.279999999999999805e+00,9.829000000000000625e+00,6.549000000000000377e+00,4.287507663394000019e+02,4.991113697047999835e+02,-2.120151495999797742e-01
1.265000000000000036e+01,3.271176470588234686e+00,9.816294117647057504e+00,6.545117647058823707e+00,4.290518871070000273e+02,4.991213474371999723e+02,-2.125833687999990063e-01
1.266000000000000014e+01,3.256470588235293118e+00,9.795117647058821930e+00,6.538647058823529257e+00,4.295562618970000131e+02,4.991291515411999740e+02,-2.004986217999999987e-01
1.266099999999999959e+01,3.254999999999999893e+00,9.792999999999999261e+00,6.538000000000000256e+00,4.296058008615999597e+02,4.991298802996999484e+02,-1.993901653999980983e-01
1.266999999999999993e+01,3.264000000000000234e+00,9.801999999999999602e+00,6.538000000000000256e+00,4.300516515429999913e+02,4.991364391262000026e+02,-1.894140577999749997e-01
1.267399999999999949e+01,3.267999999999999794e+00,9.805999999999999162e+00,6.538000000000000256e+00,4.302492039245999536e+02,4.991429085510000050e+02,-1.897929377999881817e-01
1.267999999999999972e+01,3.284666666666666401e+00,9.825999999999998735e+00,6.541333333333333222e+00,4.305455324970000106e+02,4.991526126882000085e+02,-1.903612578000080102e-01
1.268999999999999950e+01,3.312444444444442748e+00,9.859333333333330174e+00,6.546888888888888758e+00,4.310328801509999721e+02,4.991604108971999949e+02,-1.882803427999980017e-01
1.269200000000000017e+01,3.318000000000000060e+00,9.865999999999999659e+00,6.548000000000000043e+00,4.311300641505999920e+02,4.991599538258000166e+02,-1.870571029999921753e-01
1.269999999999999929e+01,3.279846153846157630e+00,9.835846153846157236e+00,6.555999999999999162e+00,4.315188001490000147e+02,4.991581255401999897e+02,-1.821641437999710067e-01
1.270500000000000007e+01,3.255999999999999783e+00,9.817000000000000171e+00,6.560999999999999943e+00,4.317699476320000258e+02,4.991539286897000238e+02,-1.835934767999919948e-01
1.271000000000000085e+01,3.270705882352944016e+00,9.835529411764710517e+00,6.564823529411765612e+00,4.320210951149999801e+02,4.991497318392000011e+02,-1.850228098000130106e-01
1.272000000000000064e+01,3.300117647058826709e+00,9.872588235294122327e+00,6.572470588235295175e+00,4.325312648529999819e+02,4.991437626421999880e+02,-1.958883297999799988e-01
1.272199999999999953e+01,3.306000000000000050e+00,9.880000000000000782e+00,6.573999999999999844e+00,4.326323798685999122e+02,4.991411197333999894e+02,-1.964565153999768832e-01
1.273000000000000043e+01,3.312769230769231577e+00,9.901538461538464730e+00,6.588769230769232266e+00,4.330368399309999745e+02,4.991305480981999949e+02,-1.987292577999660026e-01
1.273499999999999943e+01,3.317000000000000171e+00,9.914999999999999147e+00,6.597999999999999865e+00,4.332852193959999454e+02,4.991222008907000145e+02,-1.961445377999689599e-01
1.274000000000000021e+01,3.298764705882351489e+00,9.893823529411761797e+00,6.595058823529411640e+00,4.335335988609999731e+02,4.991138536831999772e+02,-1.935598177999710012e-01
1.275000000000000000e+01,3.262294117647060787e+00,9.851470588235295978e+00,6.589176470588236079e+00,4.340275067389999890e+02,4.991120102062000115e+02,-1.914434267999620132e-01
1.275200000000000067e+01,3.254999999999999893e+00,9.842999999999999972e+00,6.588000000000000078e+00,4.341258266710000271e+02,4.991162190758000179e+02,-1.920364077999706098e-01
1.275999999999999979e+01,3.270999999999998575e+00,9.862692307692306315e+00,6.591692307692307295e+00,4.345191063990000089e+02,4.991330545541999868e+02,-1.944083318000039973e-01
1.276500000000000057e+01,3.281000000000000139e+00,9.875000000000000000e+00,6.594000000000000306e+00,4.347689558350000425e+02,4.991428204682000001e+02,-1.918871893000060613e-01
1.276999999999999957e+01,3.276000000000000689e+00,9.862142857142858432e+00,6.586142857142858631e+00,4.350188052710000193e+02,4.991525863822000133e+02,-1.893660468000090136e-01
1.277899999999999991e+01,3.266999999999999904e+00,9.839000000000000412e+00,6.572000000000000064e+00,4.354694830916000114e+02,4.991693336713000235e+02,-1.803248168999652679e-01
1.277999999999999936e+01,3.265529411764706680e+00,9.837588235294118633e+00,6.572058823529411953e+00,4.355195584049999979e+02,4.991711944812000183e+02,-1.793202357999610086e-01
1.278999999999999915e+01,3.250823529411765112e+00,9.823470588235293732e+00,6.572647058823529953e+00,4.360166606970000203e+02,4.991835737921999794e+02,-1.722532808000120097e-01
1.279599999999999937e+01,3.241999999999999993e+00,9.814999999999999503e+00,6.573000000000000398e+00,4.363177634201999808e+02,4.991833403219999923e+02,-1.709854664000067526e-01
1.280000000000000071e+01,3.261384615384621988e+00,9.845461538461547590e+00,6.584076923076927379e+00,4.365184985689999735e+02,4.991831846751999819e+02,-1.701402568000029980e-01
1.280899999999999928e+01,3.305000000000000160e+00,9.913999999999999702e+00,6.608999999999999986e+00,4.369728720955998824e+02,4.991667793825000103e+02,-1.636812573999993914e-01
1.281000000000000050e+01,3.302764705882350604e+00,9.911176470588232590e+00,6.608411764705881986e+00,4.370233580429999733e+02,4.991649565722000261e+02,-1.629635907999980038e-01
1.282000000000000028e+01,3.280411764705881694e+00,9.882941176470588118e+00,6.602529411764705536e+00,4.375236248549999800e+02,4.991394513701999927e+02,-1.567622787999700118e-01
1.282600000000000051e+01,3.266999999999999904e+00,9.865999999999999659e+00,6.599000000000000199e+00,4.378310615418000111e+02,4.991335421676000124e+02,-1.632730815999847984e-01
1.283000000000000007e+01,3.290384615384613021e+00,9.881384615384613213e+00,6.591000000000001080e+00,4.380360193330000129e+02,4.991296026992000066e+02,-1.676136167999940085e-01
1.283900000000000041e+01,3.342999999999999972e+00,9.916000000000000369e+00,6.573000000000000398e+00,4.384931704306000029e+02,4.991277124228999469e+02,-1.801053324000037315e-01
1.283999999999999986e+01,3.343857142857142417e+00,9.916928571428570649e+00,6.573071428571428676e+00,4.385439649969999891e+02,4.991275023921999718e+02,-1.814933008000040038e-01
1.284999999999999964e+01,3.352428571428571313e+00,9.926214285714285879e+00,6.573785714285714121e+00,4.390361620049999942e+02,4.991205389652000122e+02,-1.833592528000139998e-01
1.285299999999999976e+01,3.354999999999999982e+00,9.929000000000000270e+00,6.573999999999999844e+00,4.391849165598000013e+02,4.991203153983000220e+02,-1.839253761999999348e-01
1.285999999999999943e+01,3.324117647058824065e+00,9.882882352941177118e+00,6.558764705882352608e+00,4.395320105210000179e+02,4.991197937421999882e+02,-1.852463307999669961e-01
1.286999999999999922e+01,3.279999999999999805e+00,9.817000000000000171e+00,6.536999999999999922e+00,4.400210712649999891e+02,4.991326766212000052e+02,-1.891830127999840072e-01
1.288000000000000078e+01,3.308461538461543228e+00,9.853923076923083002e+00,6.545461538461539774e+00,4.405167223070000091e+02,4.991529364851999730e+02,-1.961442747999899983e-01
1.288299999999999912e+01,3.317000000000000171e+00,9.865000000000000213e+00,6.548000000000000043e+00,4.406710648639999022e+02,4.991548369917999821e+02,-1.961166450999900224e-01
1.289000000000000057e+01,3.322055555555556428e+00,9.860333333333333172e+00,6.538277777777776301e+00,4.410311974969999937e+02,4.991592715072000033e+02,-1.960521757999900139e-01
1.290000000000000036e+01,3.329277777777778446e+00,9.853666666666665463e+00,6.524388888888887905e+00,4.415337741230000006e+02,4.991459388861999855e+02,-1.838932567999889967e-01
1.290099999999999980e+01,3.330000000000000071e+00,9.852999999999999758e+00,6.522999999999999687e+00,4.415839920201999576e+02,4.991453023648999761e+02,-1.832798357999865235e-01
1.291000000000000014e+01,3.282750000000000057e+00,9.798249999999999460e+00,6.515499999999999403e+00,4.420359530950000249e+02,4.991395736732000046e+02,-1.777590467999609902e-01
1.291300000000000026e+01,3.266999999999999904e+00,9.779999999999999361e+00,6.512999999999999901e+00,4.421868214012000067e+02,4.991391692354000043e+02,-1.786240637999736425e-01
1.291999999999999993e+01,3.282235294117646696e+00,9.789470588235294812e+00,6.507235294117647229e+00,4.425388474490000021e+02,4.991382255472000224e+02,-1.806424368000029979e-01
1.292999999999999972e+01,3.303999999999999826e+00,9.803000000000000824e+00,6.498999999999999666e+00,4.430349224029999959e+02,4.991335115481999765e+02,-1.755154168000080117e-01
1.293999999999999950e+01,3.286857142857144254e+00,9.767285714285717901e+00,6.480428571428572759e+00,4.435429224009999984e+02,4.991304552092000222e+02,-1.773916377999600058e-01
1.294400000000000084e+01,3.279999999999999805e+00,9.753000000000000114e+00,6.472999999999999865e+00,4.437468077250000533e+02,4.991312651304000383e+02,-1.809491625999672670e-01
1.294999999999999929e+01,3.274000000000001354e+00,9.753461538461538183e+00,6.479461538461536385e+00,4.440526357109999935e+02,4.991324800122000056e+02,-1.862854497999749948e-01
1.295700000000000074e+01,3.266999999999999904e+00,9.753999999999999559e+00,6.487000000000000099e+00,4.443932013014000404e+02,4.991357800600000019e+02,-1.911213626999794524e-01
1.296000000000000085e+01,3.280235294117647804e+00,9.769000000000000128e+00,6.488764705882353212e+00,4.445391579829999955e+02,4.991371943661999921e+02,-1.931938967999810020e-01
1.297000000000000064e+01,3.324352941176472065e+00,9.819000000000002615e+00,6.494647058823529662e+00,4.450316700550000064e+02,4.991422577701999899e+02,-1.981022297999759929e-01
1.297400000000000020e+01,3.342000000000000082e+00,9.839000000000000412e+00,6.496999999999999886e+00,4.452263467397999648e+02,4.991429553486000259e+02,-1.980613833999763929e-01
1.298000000000000043e+01,3.330461538461538140e+00,9.821923076923075868e+00,6.491461538461538616e+00,4.455183617669999876e+02,4.991440017162000231e+02,-1.980001137999770067e-01
1.298700000000000010e+01,3.317000000000000171e+00,9.801999999999999602e+00,6.485000000000000320e+00,4.458652160257999526e+02,4.991476781448999986e+02,-1.979359237999763210e-01
1.299000000000000021e+01,3.318999999999999950e+00,9.806166666666666032e+00,6.487166666666666970e+00,4.460138678509999863e+02,4.991492537571999719e+02,-1.979084137999760074e-01
1.300000000000000000e+01,3.325666666666666327e+00,9.820055555555555316e+00,6.494388888888888545e+00,4.465236354950000077e+02,4.991503225281999789e+02,-1.947987627999910043e-01
1.300500000000000078e+01,3.329000000000000181e+00,9.826999999999999957e+00,6.498000000000000220e+00,4.467778340990000743e+02,4.991453141826999627e+02,-1.917245247999759539e-01
1.300999999999999979e+01,3.355249999999997623e+00,9.846999999999997755e+00,6.491750000000000576e+00,4.470320327030000271e+02,4.991403058372000032e+02,-1.886502867999620137e-01
1.301699999999999946e+01,3.391999999999999904e+00,9.875000000000000000e+00,6.482999999999999652e+00,4.473855534090000106e+02,4.991254594706999796e+02,-1.808192138999845933e-01
1.301999999999999957e+01,3.373166666666666647e+00,9.860500000000000043e+00,6.487333333333332952e+00,4.475370622830000116e+02,4.991190967421999858e+02,-1.774630397999940046e-01
1.302999999999999936e+01,3.310388888888892378e+00,9.812166666666669812e+00,6.501777777777776990e+00,4.480417512070000043e+02,4.991038566871999933e+02,-1.722969667999990073e-01
1.303500000000000014e+01,3.278999999999999915e+00,9.788000000000000256e+00,6.509000000000000341e+00,4.482925847570000428e+02,4.991051579167000227e+02,-1.717457542999824005e-01
1.303999999999999915e+01,3.298230769230765524e+00,9.807615384615381515e+00,6.509384615384615103e+00,4.485434183070000245e+02,4.991064591461999953e+02,-1.711945417999659880e-01
1.304800000000000004e+01,3.329000000000000181e+00,9.839000000000000412e+00,6.509999999999999787e+00,4.489415823149999483e+02,4.991219567189999680e+02,-1.775606849999961101e-01
1.305000000000000071e+01,3.332846153846155346e+00,9.842384615384617064e+00,6.509538461538460830e+00,4.490411233169999718e+02,4.991258311121999895e+02,-1.791522208000040084e-01
1.306000000000000050e+01,3.352076923076924064e+00,9.859307692307693216e+00,6.507230769230768708e+00,4.495452752209999971e+02,4.991375475442000038e+02,-1.900814757999700066e-01
1.306099999999999994e+01,3.354000000000000092e+00,9.861000000000000654e+00,6.506999999999999673e+00,4.495956248171999619e+02,4.991381137610999872e+02,-1.913722811999728213e-01
1.307000000000000028e+01,3.321176470588232732e+00,9.848823529411763644e+00,6.527647058823530912e+00,4.500487711829999853e+02,4.991432097132000081e+02,-2.029895298000050086e-01
1.307799999999999940e+01,3.291999999999999815e+00,9.837999999999999190e+00,6.546000000000000263e+00,4.504472755637999626e+02,4.991387084387999948e+02,-2.052850137999936153e-01
1.308000000000000007e+01,3.297428571428572486e+00,9.842999999999999972e+00,6.545571428571428818e+00,4.505469016590000138e+02,4.991375831202000199e+02,-2.058588847999910099e-01
1.308999999999999986e+01,3.324571428571427401e+00,9.867999999999998550e+00,6.543428571428571594e+00,4.510378734110000210e+02,4.991345385262000036e+02,-2.127389677999959872e-01
1.309200000000000053e+01,3.330000000000000071e+00,9.872999999999999332e+00,6.543000000000000149e+00,4.511374539522000759e+02,4.991342111964000310e+02,-2.135156655999884689e-01
1.309999999999999964e+01,3.311647058823530720e+00,9.855117647058824204e+00,6.543470588235294372e+00,4.515357761170000117e+02,4.991329018772000268e+02,-2.166224567999570083e-01
1.310899999999999999e+01,3.290999999999999925e+00,9.835000000000000853e+00,6.543999999999999595e+00,4.519794966676000172e+02,4.991294039119999866e+02,-2.120113769999621145e-01
1.310999999999999943e+01,3.290076923076923343e+00,9.833230769230770107e+00,6.543153846153845876e+00,4.520287989509999989e+02,4.991290152491999947e+02,-2.114990347999629872e-01
1.311999999999999922e+01,3.280846153846154412e+00,9.815538461538462656e+00,6.534692307692308688e+00,4.525330312250000020e+02,4.991217727221999780e+02,-2.033612597999809868e-01
1.312199999999999989e+01,3.278999999999999915e+00,9.811999999999999389e+00,6.533000000000000362e+00,4.526333873110000354e+02,4.991218959835999840e+02,-2.025393643999768567e-01
1.313000000000000078e+01,3.347923076923084995e+00,9.879076923076929972e+00,6.531153846153846310e+00,4.530348116549999986e+02,4.991223890292000078e+02,-1.992517827999610025e-01
1.313499999999999979e+01,3.391000000000000014e+00,9.920999999999999375e+00,6.530000000000000249e+00,4.532803244759999757e+02,4.991203922441999907e+02,-1.956900987999881381e-01
1.314000000000000057e+01,3.370166666666664312e+00,9.900722222222219315e+00,6.530555555555555891e+00,4.535258372970000096e+02,4.991183954591999736e+02,-1.921284148000139969e-01
1.315000000000000036e+01,3.328500000000000014e+00,9.860166666666668078e+00,6.531666666666666288e+00,4.540267333489999828e+02,4.991169580311999994e+02,-1.880118887999950028e-01
1.315300000000000047e+01,3.315999999999999837e+00,9.848000000000000753e+00,6.532000000000000028e+00,4.541784142952000138e+02,4.991181087949000243e+02,-1.870822001999988549e-01
1.316000000000000014e+01,3.323583333333334000e+00,9.855000000000000426e+00,6.531416666666666870e+00,4.545323365030000105e+02,4.991207939102000068e+02,-1.849129268000080095e-01
1.316499999999999915e+01,3.329000000000000181e+00,9.859999999999999432e+00,6.530999999999999694e+00,4.547782222739999725e+02,4.991298114761999614e+02,-1.883900648000103872e-01
1.316999999999999993e+01,3.362461538461539501e+00,9.888846153846154508e+00,6.526384615384615451e+00,4.550241080449999913e+02,4.991388290421999727e+02,-1.918672028000139862e-01
1.317800000000000082e+01,3.415999999999999925e+00,9.935000000000000497e+00,6.519000000000000128e+00,4.554255136914000559e+02,4.991536905606000118e+02,-2.038304172000043879e-01
1.317999999999999972e+01,3.409111111111114312e+00,9.926888888888893092e+00,6.517777777777778780e+00,4.555258651030000010e+02,4.991574059402000216e+02,-2.068212208000000107e-01
1.318999999999999950e+01,3.374666666666668924e+00,9.886333333333336526e+00,6.511666666666666714e+00,4.560255374530000267e+02,4.991598626492000221e+02,-2.147187837999819937e-01
1.319599999999999973e+01,3.354000000000000092e+00,9.862000000000000099e+00,6.508000000000000007e+00,4.563230970490000686e+02,4.991480041543999846e+02,-2.146107513999813976e-01
1.319999999999999929e+01,3.354307692307692434e+00,9.861384615384615415e+00,6.507076923076922981e+00,4.565214701130000208e+02,4.991400984911999785e+02,-2.145387297999810094e-01
1.320899999999999963e+01,3.354999999999999982e+00,9.859999999999999432e+00,6.504999999999999893e+00,4.569783368537999309e+02,4.991273967678000076e+02,-2.206923240999856817e-01
1.321000000000000085e+01,3.358388888888892865e+00,9.863444444444448678e+00,6.505055555555555813e+00,4.570290998250000030e+02,4.991259854652000172e+02,-2.213760567999870088e-01
1.322000000000000064e+01,3.392277777777779946e+00,9.897888888888891401e+00,6.505611111111111455e+00,4.575342189190000113e+02,4.991207578652000052e+02,-2.242452647999730042e-01
1.322700000000000031e+01,3.415999999999999925e+00,9.922000000000000597e+00,6.506000000000000227e+00,4.578875627377999535e+02,4.991212941603999980e+02,-2.255685615999785676e-01
1.323000000000000043e+01,3.400500000000000078e+00,9.900000000000000355e+00,6.499500000000000277e+00,4.580389958029999775e+02,4.991215240011999867e+02,-2.261356887999809995e-01
1.323900000000000077e+01,3.354000000000000092e+00,9.833999999999999631e+00,6.480000000000000426e+00,4.585036387868000247e+02,4.991147196097000460e+02,-2.197082775999770199e-01
1.324000000000000021e+01,3.354647058823529093e+00,9.837647058823527857e+00,6.482999999999998764e+00,4.585552657850000173e+02,4.991139635662000273e+02,-2.189941207999769879e-01
1.325000000000000000e+01,3.361117647058823543e+00,9.874117647058822556e+00,6.512999999999999012e+00,4.590475166830000262e+02,4.991060511631999930e+02,-2.068566217999769918e-01
1.325600000000000023e+01,3.365000000000000213e+00,9.896000000000000796e+00,6.530999999999999694e+00,4.593428519998000183e+02,4.991120991271999969e+02,-2.056122517999709187e-01
1.325999999999999979e+01,3.365000000000000213e+00,9.891692307692308006e+00,6.526692307692307793e+00,4.595397422109999752e+02,4.991161311032000185e+02,-2.047826717999670088e-01
1.326900000000000013e+01,3.365000000000000213e+00,9.881999999999999673e+00,6.517000000000000348e+00,4.599895757902000355e+02,4.991318809339999802e+02,-2.092381982999627632e-01
1.326999999999999957e+01,3.361789473684212659e+00,9.879947368421053255e+00,6.518157894736841484e+00,4.600395572990000232e+02,4.991336309152000013e+02,-2.097332567999619923e-01
1.327999999999999936e+01,3.329684210526318466e+00,9.859421052631580196e+00,6.529736842105261729e+00,4.605240794929999879e+02,4.991382841912000004e+02,-2.016418357999799904e-01
1.328800000000000026e+01,3.303999999999999826e+00,9.842999999999999972e+00,6.538999999999999702e+00,4.609226980642000626e+02,4.991458173991999843e+02,-2.015797373999807796e-01
1.328999999999999915e+01,3.322666666666655555e+00,9.864333333333320297e+00,6.541666666666665186e+00,4.610223527069999818e+02,4.991477007011999945e+02,-2.015642127999809907e-01
1.330000000000000071e+01,3.415999999999999925e+00,9.971000000000000085e+00,6.554999999999999716e+00,4.615265609429999927e+02,4.991584293491999915e+02,-2.094899507999619936e-01
1.331000000000000050e+01,3.394235294117646795e+00,9.948058823529411399e+00,6.553823529411764603e+00,4.620298549490000255e+02,4.991500820631999886e+02,-2.153485777999920026e-01
1.331700000000000017e+01,3.379000000000000004e+00,9.932000000000000384e+00,6.552999999999999936e+00,4.623864117370000031e+02,4.991311823914999763e+02,-2.131025655000018670e-01
1.332000000000000028e+01,3.355692307692306642e+00,9.911923076923075726e+00,6.556230769230769084e+00,4.625392217890000097e+02,4.991230825321999873e+02,-2.121399888000060074e-01
1.333000000000000007e+01,3.278000000000000025e+00,9.845000000000000639e+00,6.567000000000000171e+00,4.630470204970000054e+02,4.991060061541999744e+02,-2.099667647999949871e-01
1.333999999999999986e+01,3.340222222222218651e+00,9.913333333333330444e+00,6.573111111111111349e+00,4.635482894990000204e+02,4.991155830771999717e+02,-2.128890607999819884e-01
1.334800000000000075e+01,3.390000000000000124e+00,9.967999999999999972e+00,6.578000000000000291e+00,4.639530253166000762e+02,4.991282534883999915e+02,-2.184437623999867517e-01
1.334999999999999964e+01,3.380615384615389907e+00,9.956615384615391307e+00,6.576000000000001400e+00,4.640542092709999906e+02,4.991314210912000249e+02,-2.198324377999870127e-01
1.335999999999999943e+01,3.333692307692313506e+00,9.899692307692314230e+00,6.566000000000001613e+00,4.645581581089999759e+02,4.991291457081999852e+02,-2.187122958000090045e-01
1.336100000000000065e+01,3.329000000000000181e+00,9.894000000000000128e+00,6.565000000000000391e+00,4.646069611610000152e+02,4.991287292514999763e+02,-2.179999653000077309e-01
1.336999999999999922e+01,3.316000000000001169e+00,9.881500000000000838e+00,6.565500000000000114e+00,4.650461886290000280e+02,4.991249811412000099e+02,-2.115889908000050113e-01
1.337899999999999956e+01,3.302999999999999936e+00,9.868999999999999773e+00,6.565999999999999837e+00,4.654827483529999199e+02,4.991363832366999986e+02,-2.115321018000059228e-01
1.338000000000000078e+01,3.314538461538475644e+00,9.880230769230783139e+00,6.565692307692307494e+00,4.655312549889999900e+02,4.991376501362000226e+02,-2.115257808000060025e-01
1.339000000000000057e+01,3.429923076923089287e+00,9.992538461538474692e+00,6.562615384615384073e+00,4.660185202750000144e+02,4.991644390562000240e+02,-2.195119497999870051e-01
1.339199999999999946e+01,3.452999999999999847e+00,1.001500000000000057e+01,6.562000000000000277e+00,4.661179751097999429e+02,4.991663130752000370e+02,-2.188964329999899261e-01
1.340000000000000036e+01,3.405941176470586473e+00,9.975941176470586313e+00,6.570000000000000284e+00,4.665157944489999977e+02,4.991738091511999755e+02,-2.164343658000000004e-01
1.340900000000000070e+01,3.353000000000000203e+00,9.932000000000000384e+00,6.578999999999999737e+00,4.669652637081999842e+02,4.991643546637999975e+02,-2.046009452999695832e-01
1.341000000000000014e+01,3.353857142857142648e+00,9.933642857142856997e+00,6.579785714285713460e+00,4.670152047369999764e+02,4.991633041651999747e+02,-2.032861207999669961e-01
1.341999999999999993e+01,3.362428571428571544e+00,9.950071428571428456e+00,6.587642857142856911e+00,4.675274262230000204e+02,4.991564823502000081e+02,-2.051481177999759931e-01
1.342300000000000004e+01,3.365000000000000213e+00,9.955000000000000071e+00,6.589999999999999858e+00,4.676778153338000266e+02,4.991539450234000128e+02,-2.066057202999748710e-01
1.342999999999999972e+01,3.392562499999998593e+00,9.981249999999999289e+00,6.588687499999999808e+00,4.680287232590000031e+02,4.991480245942000238e+02,-2.100067927999720030e-01
1.343900000000000006e+01,3.427999999999999936e+00,1.001500000000000057e+01,6.586999999999999744e+00,4.684834047745999897e+02,4.991262249391000410e+02,-2.044286989999959669e-01
1.343999999999999950e+01,3.420307692307696268e+00,1.000653846153846693e+01,6.586230769230769333e+00,4.685339249429999882e+02,4.991238027552000176e+02,-2.038089107999989935e-01
1.344999999999999929e+01,3.343384615384620506e+00,9.921923076923082618e+00,6.578538461538461668e+00,4.690376157150000154e+02,4.991085021732000087e+02,-1.996428527999810076e-01
1.345199999999999996e+01,3.327999999999999847e+00,9.904999999999999361e+00,6.576999999999999957e+00,4.691374245230000497e+02,4.991111941582000213e+02,-2.000301495999830814e-01
1.346000000000000085e+01,3.361333333333335727e+00,9.937888888888890548e+00,6.576555555555555266e+00,4.695366597550000165e+02,4.991219620982000151e+02,-2.015793367999909880e-01
1.347000000000000064e+01,3.403000000000000025e+00,9.978999999999999204e+00,6.575999999999999623e+00,4.700350218169999721e+02,4.991473706872000093e+02,-2.125581867999579988e-01
1.348000000000000043e+01,3.411461538461538545e+00,1.000592307692307514e+01,6.594461538461537486e+00,4.705430525549999743e+02,4.991613224352000202e+02,-2.204944457999959972e-01
1.348300000000000054e+01,3.414000000000000146e+00,1.001399999999999935e+01,6.599999999999999645e+00,4.706910616686000139e+02,4.991583646764000264e+02,-2.174510651999985167e-01
1.349000000000000021e+01,3.383529411764706563e+00,9.979411764705881538e+00,6.595882352941176308e+00,4.710364162669999928e+02,4.991514632391999839e+02,-2.103498438000049875e-01
1.350000000000000000e+01,3.339999999999999858e+00,9.929999999999999716e+00,6.589999999999999858e+00,4.715333190449999847e+02,4.991497942871999953e+02,-2.072333957999620002e-01
1.350999999999999979e+01,3.396923076923076046e+00,1.000307692307692164e+01,6.606153846153845599e+00,4.720445154550000098e+02,4.991609289841999839e+02,-2.131589987999900071e-01
1.351299999999999990e+01,3.414000000000000146e+00,1.002500000000000036e+01,6.610999999999999766e+00,4.721934835587999828e+02,4.991622274778000019e+02,-2.116304309999914035e-01
1.351999999999999957e+01,3.404666666666667396e+00,1.001177777777777855e+01,6.607111111111111157e+00,4.725410758009999768e+02,4.991652572962000249e+02,-2.080637727999949949e-01
1.352999999999999936e+01,3.391333333333335087e+00,9.992888888888890264e+00,6.601555555555556509e+00,4.730492454609999982e+02,4.991592270212000244e+02,-2.039294247999769993e-01
1.353100000000000058e+01,3.390000000000000124e+00,9.990999999999999659e+00,6.600999999999999979e+00,4.731004334996000580e+02,4.991591424493000204e+02,-2.045177430999804424e-01
1.353999999999999915e+01,3.329076923076932371e+00,9.905846153846166402e+00,6.576769230769234476e+00,4.735611258470000280e+02,4.991583813021999845e+02,-2.098126078000039918e-01
1.354400000000000048e+01,3.302000000000000046e+00,9.868000000000000327e+00,6.565999999999999837e+00,4.737577420958000403e+02,4.991531770485999573e+02,-2.105505129999857283e-01
1.355000000000000071e+01,3.328470588235295846e+00,9.893764705882354349e+00,6.565294117647058947e+00,4.740526664689999734e+02,4.991453706681999734e+02,-2.116573707999580001e-01
1.356000000000000050e+01,3.372588235294119663e+00,9.936705882352944386e+00,6.564117647058823835e+00,4.745436070370000152e+02,4.991253250432000073e+02,-2.104774277999809928e-01
1.356099999999999994e+01,3.376999999999999780e+00,9.941000000000000725e+00,6.564000000000000057e+00,4.745931717373999845e+02,4.991238488697999856e+02,-2.101611916999825691e-01
1.357000000000000028e+01,3.359692307692306645e+00,9.914692307692307693e+00,6.554999999999999716e+00,4.750392540409999924e+02,4.991105633092000176e+02,-2.073150667999950070e-01
1.357399999999999984e+01,3.351999999999999869e+00,9.903000000000000469e+00,6.551000000000000156e+00,4.752340112417999762e+02,4.991168689031999861e+02,-2.088939983999800742e-01
1.358000000000000007e+01,3.352333333333333165e+00,9.899333333333332874e+00,6.546999999999999709e+00,4.755261470429999804e+02,4.991263272941999958e+02,-2.112623957999580082e-01
1.358999999999999986e+01,3.352888888888888808e+00,9.893222222222222584e+00,6.540333333333333776e+00,4.760299874770000201e+02,4.991610455492000256e+02,-2.272729047999769991e-01
1.359200000000000053e+01,3.353000000000000203e+00,9.891999999999999460e+00,6.538999999999999702e+00,4.761318158766000579e+02,4.991634514794000097e+02,-2.278587443999746109e-01
1.359999999999999964e+01,3.383153846153843070e+00,9.912923076923075172e+00,6.529769230769231214e+00,4.765391294749999815e+02,4.991730752002000031e+02,-2.302021027999640035e-01
1.360500000000000043e+01,3.402000000000000135e+00,9.926000000000000156e+00,6.524000000000000021e+00,4.767850403940000206e+02,4.991641039511999907e+02,-2.226156977999686482e-01
1.360999999999999943e+01,3.390823529411766568e+00,9.908058823529415804e+00,6.517235294117647904e+00,4.770309513130000028e+02,4.991551327021999782e+02,-2.150292927999760129e-01
1.361999999999999922e+01,3.368470588235295438e+00,9.872176470588238217e+00,6.503705882352942780e+00,4.775375225450000016e+02,4.991420104371999855e+02,-2.078702597999720070e-01
1.362199999999999989e+01,3.363999999999999879e+00,9.865000000000000213e+00,6.501000000000000334e+00,4.776386548418000189e+02,4.991425737057999754e+02,-2.084497531999693065e-01
1.363000000000000078e+01,3.356615384615383668e+00,9.873000000000001108e+00,6.516384615384617440e+00,4.780431840289999741e+02,4.991448267801999918e+02,-2.107677267999580051e-01
1.363499999999999979e+01,3.351999999999999869e+00,9.878000000000000114e+00,6.525999999999999801e+00,4.782984533749999514e+02,4.991473811091999551e+02,-2.107199517999580052e-01
1.364000000000000057e+01,3.390461538461544855e+00,9.902230769230772722e+00,6.511769230769227867e+00,4.785537227209999855e+02,4.991499354381999751e+02,-2.106721767999580053e-01
1.364799999999999969e+01,3.451999999999999957e+00,9.941000000000000725e+00,6.488999999999999879e+00,4.789653233465999733e+02,4.991406067590000362e+02,-2.033476535999922397e-01
1.365000000000000036e+01,3.443777777777775384e+00,9.931333333333331126e+00,6.487555555555554854e+00,4.790682235030000129e+02,4.991382745892000230e+02,-2.015165227999999864e-01
1.366000000000000014e+01,3.402666666666666728e+00,9.882999999999999119e+00,6.480333333333333279e+00,4.795773910930000170e+02,4.991323083692000182e+02,-1.953821657999720018e-01
1.366600000000000037e+01,3.378000000000000114e+00,9.853999999999999204e+00,6.475999999999999979e+00,4.798750899070000173e+02,4.991390667499999836e+02,-2.013398231999663501e-01
1.366999999999999993e+01,3.385692307692306890e+00,9.853999999999999204e+00,6.468307692307693202e+00,4.800735557830000175e+02,4.991435723371999984e+02,-2.053115947999619995e-01
1.367900000000000027e+01,3.403000000000000025e+00,9.853999999999999204e+00,6.450999999999999623e+00,4.805241592348000381e+02,4.991458378496000137e+02,-2.115193879999677784e-01
1.367999999999999972e+01,3.406769230769228773e+00,9.855769230769229949e+00,6.449000000000000732e+00,4.805742262850000088e+02,4.991460895732000154e+02,-2.122091427999679980e-01
1.368999999999999950e+01,3.444461538461535799e+00,9.873461538461537401e+00,6.429000000000001158e+00,4.810694179710000071e+02,4.991393041992000121e+02,-2.120750437999679994e-01
1.369200000000000017e+01,3.451999999999999957e+00,9.877000000000000668e+00,6.424999999999999822e+00,4.811693066206000253e+02,4.991405977634000237e+02,-2.126573903999766091e-01
1.369999999999999929e+01,3.430222222222225614e+00,9.860555555555558627e+00,6.430333333333332568e+00,4.815688612189999844e+02,4.991457720202000132e+02,-2.149867768000099932e-01
1.371000000000000085e+01,3.403000000000000025e+00,9.839999999999999858e+00,6.437000000000000277e+00,4.820746115509999754e+02,4.991645804422000197e+02,-2.289407167999640003e-01
1.372000000000000064e+01,3.402230769230769170e+00,9.829230769230770548e+00,6.427000000000000490e+00,4.825788770070000169e+02,4.991743071942000256e+02,-2.378629137999770105e-01
1.372300000000000075e+01,3.402000000000000135e+00,9.826000000000000512e+00,6.424000000000000377e+00,4.827270572478000190e+02,4.991683522146000200e+02,-2.354089245999828606e-01
1.373000000000000043e+01,3.435923076923075747e+00,9.846999999999999531e+00,6.411076923076923784e+00,4.830728111430000240e+02,4.991544572622000260e+02,-2.296829497999970104e-01
1.373600000000000065e+01,3.464999999999999858e+00,9.865000000000000213e+00,6.400000000000000355e+00,4.833722005458000126e+02,4.991421256296000024e+02,-2.229727981999822251e-01
1.374000000000000021e+01,3.455750000000000988e+00,9.850000000000001421e+00,6.394250000000000433e+00,4.835717934809999861e+02,4.991339045412000246e+02,-2.184993637999730065e-01
1.375000000000000000e+01,3.432625000000001592e+00,9.812500000000001776e+00,6.379875000000001073e+00,4.840804503090000139e+02,4.991368883531999927e+02,-2.223967617999919877e-01
1.375200000000000067e+01,3.427999999999999936e+00,9.804999999999999716e+00,6.376999999999999780e+00,4.841816796398000520e+02,4.991392607895999731e+02,-2.227826151999939275e-01
1.375999999999999979e+01,3.438666666666665872e+00,9.815222222222221404e+00,6.376555555555555976e+00,4.845865969629999768e+02,4.991487505352000085e+02,-2.243260288000009928e-01
1.376999999999999957e+01,3.451999999999999957e+00,9.827999999999999403e+00,6.376000000000000334e+00,4.850876059010000176e+02,4.991453340112000205e+02,-2.152024627999860051e-01
1.377999999999999936e+01,3.442769230769231026e+00,9.800307692307692164e+00,6.357538461538462471e+00,4.855835673029999953e+02,4.991426096921999829e+02,-2.120825007999999900e-01
1.378299999999999947e+01,3.439999999999999947e+00,9.791999999999999815e+00,6.352000000000000313e+00,4.857310725774000275e+02,4.991432151992999593e+02,-2.129518290999961316e-01
1.378999999999999915e+01,3.439999999999999947e+00,9.786235294117647143e+00,6.346235294117647641e+00,4.860752515510000080e+02,4.991446280491999801e+02,-2.149802617999869991e-01
1.380000000000000071e+01,3.439999999999999947e+00,9.778000000000000469e+00,6.338000000000000078e+00,4.865669932409999774e+02,4.991456409822000069e+02,-2.198744757999820110e-01
1.381000000000000050e+01,3.478461538461538272e+00,9.826461538461536804e+00,6.347999999999999865e+00,4.870707719729999781e+02,4.991463465911999720e+02,-2.227649147999679891e-01
1.381300000000000061e+01,3.490000000000000213e+00,9.840999999999999304e+00,6.350999999999999979e+00,4.872212378375999720e+02,4.991477274080999678e+02,-2.221363100999649565e-01
1.382000000000000028e+01,3.485333333333333616e+00,9.831277777777778226e+00,6.345944444444444166e+00,4.875723248549999767e+02,4.991509493141999769e+02,-2.206695657999580007e-01
1.383000000000000007e+01,3.478666666666666352e+00,9.817388888888888943e+00,6.338722222222221703e+00,4.880694863649999888e+02,4.991622949772000197e+02,-2.235990158000009942e-01
1.383099999999999952e+01,3.478000000000000203e+00,9.816000000000000725e+00,6.338000000000000078e+00,4.881207116763999920e+02,4.991633121931999995e+02,-2.247912169000004512e-01
1.383999999999999986e+01,3.451692307692306727e+00,9.807692307692308376e+00,6.356000000000000760e+00,4.885817394790000208e+02,4.991724671371999875e+02,-2.355210268000020035e-01
1.384399999999999942e+01,3.439999999999999947e+00,9.804000000000000270e+00,6.363999999999999879e+00,4.887825993046000121e+02,4.991631093500000134e+02,-2.330433131999906371e-01
1.384999999999999964e+01,3.448823529411764177e+00,9.820941176470588729e+00,6.372117647058822776e+00,4.890838890429999992e+02,4.991490726691999953e+02,-2.293267427999730046e-01
1.385999999999999943e+01,3.463529411764703969e+00,9.849176470588233201e+00,6.385647058823527011e+00,4.895894316050000157e+02,4.991188782621999849e+02,-2.181076808000050049e-01
1.386100000000000065e+01,3.464999999999999858e+00,9.852000000000000313e+00,6.386999999999999567e+00,4.896414184094001030e+02,4.991188382310999714e+02,-2.189959805000020188e-01
1.386999999999999922e+01,3.464999999999999858e+00,9.844384615384615955e+00,6.379384615384616986e+00,4.901092996489999791e+02,4.991184779512000205e+02,-2.269906777999640135e-01
1.387400000000000055e+01,3.464999999999999858e+00,9.840999999999999304e+00,6.376000000000000334e+00,4.903121128610000028e+02,4.991240316171999893e+02,-2.313651825999739897e-01
1.388000000000000078e+01,3.456333333333332369e+00,9.833333333333332149e+00,6.376999999999999780e+00,4.906163326789999815e+02,4.991323621161999995e+02,-2.379269397999869973e-01
1.389000000000000057e+01,3.441888888888887443e+00,9.820555555555554150e+00,6.378666666666666707e+00,4.911089001949999897e+02,4.991364518482000108e+02,-2.358317797999779919e-01
1.389199999999999946e+01,3.439000000000000057e+00,9.817999999999999616e+00,6.378999999999999559e+00,4.912091995049999582e+02,4.991375699495999925e+02,-2.360134133999843009e-01
1.390000000000000036e+01,3.463000000000003187e+00,9.824153846153846459e+00,6.361153846153843716e+00,4.916103967450000027e+02,4.991420423551999761e+02,-2.367399478000100088e-01
1.390499999999999936e+01,3.478000000000000203e+00,9.827999999999999403e+00,6.349999999999999645e+00,4.918565954499999862e+02,4.991455777171999557e+02,-2.376976582999868193e-01
1.391000000000000014e+01,3.474176470588234977e+00,9.824176470588234622e+00,6.349999999999999645e+00,4.921027941550000264e+02,4.991491130791999922e+02,-2.386553687999639906e-01
1.391999999999999993e+01,3.466529411764706303e+00,9.816529411764705060e+00,6.349999999999999645e+00,4.925874327870000116e+02,4.991517308112000251e+02,-2.415568118000059883e-01
1.392200000000000060e+01,3.464999999999999858e+00,9.814999999999999503e+00,6.349999999999999645e+00,4.926880456346000301e+02,4.991508656932000463e+02,-2.411313748000040447e-01
1.392999999999999972e+01,3.449615384615386304e+00,9.807615384615385068e+00,6.357999999999999652e+00,4.930904970249999906e+02,4.991474052212000174e+02,-2.394296267999969918e-01
1.393500000000000050e+01,3.439999999999999947e+00,9.803000000000000824e+00,6.363000000000000433e+00,4.933379497070000639e+02,4.991465190381999832e+02,-2.363714327999819342e-01
1.393999999999999950e+01,3.453611111111109189e+00,9.816333333333332689e+00,6.362722222222222612e+00,4.935854023890000235e+02,4.991456328552000059e+02,-2.333132387999679869e-01
1.394999999999999929e+01,3.480833333333332558e+00,9.842999999999999972e+00,6.362166666666666970e+00,4.940856714629999829e+02,4.991551774751999915e+02,-2.292355978000059913e-01
1.395299999999999940e+01,3.488999999999999879e+00,9.851000000000000867e+00,6.362000000000000099e+00,4.942386967415999948e+02,4.991590987469999732e+02,-2.313154042000072630e-01
1.396000000000000085e+01,3.462076923076917279e+00,9.831076923076919272e+00,6.369000000000001549e+00,4.945957557250000036e+02,4.991682483811999873e+02,-2.361682858000110075e-01
1.396599999999999930e+01,3.439000000000000057e+00,9.814000000000000057e+00,6.375000000000000000e+00,4.948969610445999479e+02,4.991662178486000130e+02,-2.348941084000052970e-01
1.397000000000000064e+01,3.454692307692313058e+00,9.822000000000002728e+00,6.367307692307689670e+00,4.950977645909999865e+02,4.991648641602000112e+02,-2.340446568000009997e-01
1.397899999999999920e+01,3.490000000000000213e+00,9.839999999999999858e+00,6.349999999999999645e+00,4.955459505581999338e+02,4.991463090618000251e+02,-2.257794374999895493e-01
1.398000000000000043e+01,3.494411764705887435e+00,9.843705882352946190e+00,6.349294117647057867e+00,4.955957489990000226e+02,4.991442473842000140e+02,-2.248610797999870126e-01
1.399000000000000021e+01,3.538529411764706811e+00,9.880764705882354448e+00,6.342235294117647193e+00,4.961089123049999898e+02,4.991384738802000243e+02,-2.287265788000059918e-01
1.399600000000000044e+01,3.564999999999999947e+00,9.903000000000000469e+00,6.338000000000000078e+00,4.964096066406000318e+02,4.991453969076000021e+02,-2.364841623999932585e-01
1.400000000000000000e+01,3.548111111111111882e+00,9.883666666666668377e+00,6.335555555555555607e+00,4.966100695310000219e+02,4.991500122592000253e+02,-2.416558847999840109e-01
1.400999999999999979e+01,3.505888888888887944e+00,9.835333333333332817e+00,6.329444444444444429e+00,4.971065176569999835e+02,4.991563090831999716e+02,-2.445676807999679903e-01
1.401399999999999935e+01,3.488999999999999879e+00,9.816000000000000725e+00,6.326999999999999957e+00,4.973078692001999457e+02,4.991593924019999804e+02,-2.441337639999780207e-01
1.401999999999999957e+01,3.495461538461538620e+00,9.828000000000001180e+00,6.332538461538462116e+00,4.976098965150000026e+02,4.991640173801999936e+02,-2.434828887999929969e-01
1.402699999999999925e+01,3.503000000000000114e+00,9.842000000000000526e+00,6.339000000000000412e+00,4.979569325077999906e+02,4.991767941609999752e+02,-2.504508105999858070e-01
1.402999999999999936e+01,3.509750000000000369e+00,9.850625000000000853e+00,6.340875000000000483e+00,4.981056622190000098e+02,4.991822699241999999e+02,-2.534370627999830150e-01
1.403999999999999915e+01,3.532249999999999890e+00,9.879374999999999574e+00,6.347125000000000128e+00,4.986011119710000230e+02,4.991885097492000227e+02,-2.563488797999690094e-01
1.404299999999999926e+01,3.539000000000000146e+00,9.887999999999999901e+00,6.349000000000000199e+00,4.987530833406000284e+02,4.991845730697000363e+02,-2.542011698999677716e-01
1.405000000000000071e+01,3.520499999999997520e+00,9.851999999999994984e+00,6.331499999999998352e+00,4.991076832030000219e+02,4.991753874841999732e+02,-2.491898467999640043e-01
1.405700000000000038e+01,3.501999999999999780e+00,9.816000000000000725e+00,6.314000000000000057e+00,4.994623623964000103e+02,4.991648115922999978e+02,-2.420735872999711935e-01
1.406000000000000050e+01,3.501999999999999780e+00,9.813882352941176279e+00,6.311882352941176499e+00,4.996143677649999972e+02,4.991602790672000083e+02,-2.390237617999740050e-01
1.407000000000000028e+01,3.501999999999999780e+00,9.806823529411765605e+00,6.304823529411764049e+00,5.001174304489999827e+02,4.991559781732000260e+02,-2.298966187999580135e-01
1.407399999999999984e+01,3.501999999999999780e+00,9.804000000000000270e+00,6.301999999999999602e+00,5.003206879873999355e+02,4.991607658227999877e+02,-2.314683039999658742e-01
1.408000000000000007e+01,3.502333333333333076e+00,9.811666666666667425e+00,6.309333333333333016e+00,5.006255742949999785e+02,4.991679472971999871e+02,-2.338258317999780123e-01
1.408999999999999986e+01,3.502888888888888719e+00,9.824444444444443647e+00,6.321555555555554484e+00,5.011369412550000106e+02,4.991760939462000124e+02,-2.377408417999959944e-01
1.409200000000000053e+01,3.503000000000000114e+00,9.826999999999999957e+00,6.323999999999999844e+00,5.012365038490000302e+02,4.991725710229999891e+02,-2.355062497999906024e-01
1.409999999999999964e+01,3.508176470588234785e+00,9.833117647058822186e+00,6.324941176470588289e+00,5.016347542249999947e+02,4.991584793302000094e+02,-2.265678817999730033e-01
1.410899999999999999e+01,3.513999999999999790e+00,9.839999999999999858e+00,6.325999999999999623e+00,5.020849188260000346e+02,4.991526385147000155e+02,-2.237471143999854306e-01
1.410999999999999943e+01,3.515923076923075818e+00,9.841999999999998749e+00,6.326076923076922931e+00,5.021349371150000138e+02,4.991519895352000162e+02,-2.234336957999870088e-01
1.411999999999999922e+01,3.535153846153844981e+00,9.861999999999998323e+00,6.326846153846153342e+00,5.026345270969999888e+02,4.991734369551999748e+02,-2.413983427999590037e-01
1.412199999999999989e+01,3.539000000000000146e+00,9.865999999999999659e+00,6.326999999999999957e+00,5.027333264421999957e+02,4.991762666756000044e+02,-2.431863591999621210e-01
1.413000000000000078e+01,3.515470588235290794e+00,9.835882352941171192e+00,6.320411764705880842e+00,5.031285238230000232e+02,4.991875855572000091e+02,-2.503384247999729806e-01
1.413899999999999935e+01,3.488999999999999879e+00,9.801999999999999602e+00,6.312999999999999723e+00,5.035686516257999301e+02,4.991838601691999884e+02,-2.520273827999826577e-01
1.414000000000000057e+01,3.490444444444446237e+00,9.802777777777778923e+00,6.312333333333332241e+00,5.036175547149999829e+02,4.991834462371999734e+02,-2.522150447999840228e-01
1.415000000000000036e+01,3.504888888888889831e+00,9.810555555555556140e+00,6.305666666666666309e+00,5.041247845529999836e+02,4.991763358992000121e+02,-2.550771407999700147e-01
1.415700000000000003e+01,3.515000000000000124e+00,9.816000000000000725e+00,6.301000000000000156e+00,5.044742936668000084e+02,4.991703529586000059e+02,-2.535782720999623652e-01
1.416000000000000014e+01,3.529538461538462180e+00,9.829846153846155232e+00,6.300307692307692164e+00,5.046240832870000190e+02,4.991677888411999788e+02,-2.529358997999590075e-01
1.416999999999999993e+01,3.577999999999999847e+00,9.875999999999999446e+00,6.298000000000000043e+00,5.051253783249999856e+02,4.991593628371999785e+02,-2.487946287999980022e-01
1.417999999999999972e+01,3.542444444444446283e+00,9.834888888888890790e+00,6.292444444444444507e+00,5.056314363530000264e+02,4.991552294122000148e+02,-2.406674167999600100e-01
1.418800000000000061e+01,3.513999999999999790e+00,9.801999999999999602e+00,6.288000000000000256e+00,5.060255797866000762e+02,4.991569320330000323e+02,-2.309856807999570993e-01
1.418999999999999950e+01,3.512000000000000455e+00,9.798000000000001819e+00,6.286000000000001364e+00,5.061241156450000176e+02,4.991573576882000225e+02,-2.285652467999579884e-01
1.419999999999999929e+01,3.501999999999999780e+00,9.778000000000000469e+00,6.275999999999999801e+00,5.066169977810000091e+02,4.991734813072000065e+02,-2.275124797999829862e-01
1.421000000000000085e+01,3.529777777777781012e+00,9.791888888888891529e+00,6.262111111111109629e+00,5.071268540510000093e+02,4.991905456851999929e+02,-2.344593077999869990e-01
1.421799999999999997e+01,3.552000000000000046e+00,9.803000000000000824e+00,6.251000000000000334e+00,5.075260652238000034e+02,4.991876986883999621e+02,-2.335604502000054594e-01
1.422000000000000064e+01,3.545666666666664746e+00,9.794499999999997542e+00,6.248833333333332796e+00,5.076258680170000162e+02,4.991869869391999828e+02,-2.333357358000099913e-01
1.423000000000000043e+01,3.513999999999999790e+00,9.752000000000000668e+00,6.238000000000000433e+00,5.081271637209999881e+02,4.991785503511999877e+02,-2.321944467999779993e-01
1.424000000000000021e+01,3.500842105263158199e+00,9.733052631578948066e+00,6.232210526315790311e+00,5.086380201410000268e+02,4.991956435042000066e+02,-2.471412057999639866e-01
1.424900000000000055e+01,3.488999999999999879e+00,9.715999999999999304e+00,6.227000000000000313e+00,5.090851605080000581e+02,4.992112013353000179e+02,-2.623967241999612954e-01
1.425000000000000000e+01,3.489999999999999325e+00,9.718999999999997641e+00,6.228999999999999204e+00,5.091348427710000237e+02,4.992129299832000129e+02,-2.640917817999600126e-01
1.425999999999999979e+01,3.500000000000000444e+00,9.749000000000002331e+00,6.249000000000001442e+00,5.096340275090000205e+02,4.992063796612000033e+02,-2.619576108000070125e-01
1.426099999999999923e+01,3.500999999999999890e+00,9.752000000000000668e+00,6.251000000000000334e+00,5.096856888613999672e+02,4.992050221273000261e+02,-2.619413288000070339e-01
1.426999999999999957e+01,3.488999999999999879e+00,9.745499999999999829e+00,6.256499999999999950e+00,5.101506410329999994e+02,4.991928043222000042e+02,-2.617947908000070045e-01
1.427899999999999991e+01,3.476999999999999869e+00,9.739000000000000767e+00,6.261999999999999567e+00,5.106017568674000131e+02,4.991860940482000046e+02,-2.652707851999729916e-01
1.427999999999999936e+01,3.481846153846150926e+00,9.743923076923074689e+00,6.262076923076922874e+00,5.106518808490000083e+02,4.991853484622000110e+02,-2.656570067999690088e-01
1.428999999999999915e+01,3.530307692307689038e+00,9.793153846153844100e+00,6.262846153846153285e+00,5.111455876590000003e+02,4.991694814182000073e+02,-2.604911647999739732e-01
1.429199999999999982e+01,3.540000000000000036e+00,9.803000000000000824e+00,6.262999999999999901e+00,5.112468904170000314e+02,4.991670580499999801e+02,-2.586600675999706778e-01
1.430000000000000071e+01,3.557411764705884938e+00,9.831705882352945736e+00,6.274294117647060354e+00,5.116521014489999857e+02,4.991573645771999850e+02,-2.513356787999589947e-01
1.430899999999999928e+01,3.576999999999999957e+00,9.864000000000000767e+00,6.286999999999999922e+00,5.120966169408000042e+02,4.991557308495000029e+02,-2.422309700999692450e-01
1.431000000000000050e+01,3.571444444444437760e+00,9.859222222222216558e+00,6.287777777777778354e+00,5.121460075510000252e+02,4.991555493242000239e+02,-2.412193357999689869e-01
1.432000000000000028e+01,3.515888888888885511e+00,9.811444444444441970e+00,6.295555555555556460e+00,5.126392294549999633e+02,4.991657180152000137e+02,-2.301454188000019996e-01
1.432699999999999996e+01,3.476999999999999869e+00,9.778000000000000469e+00,6.301000000000000156e+00,5.129923948325999845e+02,4.991816616680999914e+02,-2.336231272999991226e-01
1.433000000000000007e+01,3.485538461538461696e+00,9.789076923076924786e+00,6.303538461538462201e+00,5.131437514230000261e+02,4.991884946622000143e+02,-2.351135737999980047e-01
1.433999999999999986e+01,3.513999999999999790e+00,9.826000000000000512e+00,6.312000000000000277e+00,5.136389727389999962e+02,4.991987350151999863e+02,-2.360395427999739948e-01
1.434999999999999964e+01,3.513999999999999790e+00,9.832470588235294073e+00,6.318470588235294727e+00,5.141306251370000382e+02,4.991837629252000283e+02,-2.278772957999919968e-01
1.435699999999999932e+01,3.513999999999999790e+00,9.836999999999999744e+00,6.323000000000000398e+00,5.144875837375999481e+02,4.991823897960999830e+02,-2.326930745999953587e-01
1.435999999999999943e+01,3.507470588235294340e+00,9.832588235294117851e+00,6.325117647058823955e+00,5.146405659949999745e+02,4.991818013121999797e+02,-2.347569797999969898e-01
1.436999999999999922e+01,3.485705882352943430e+00,9.817882352941177615e+00,6.332176470588234629e+00,5.151475442470000417e+02,4.991966485652000074e+02,-2.556967168000119917e-01
1.437400000000000055e+01,3.476999999999999869e+00,9.811999999999999389e+00,6.334999999999999964e+00,5.153518974958001309e+02,4.991962804219999725e+02,-2.600499863999991557e-01
1.438000000000000078e+01,3.500538461538462709e+00,9.829076923076923933e+00,6.328538461538460780e+00,5.156584273690000373e+02,4.991957282071999771e+02,-2.665798907999780143e-01
1.438700000000000045e+01,3.528000000000000025e+00,9.849000000000000199e+00,6.320999999999999730e+00,5.160173017534000337e+02,4.991853596062999827e+02,-2.685634884999688610e-01
1.439000000000000057e+01,3.521499999999999186e+00,9.840833333333332433e+00,6.319333333333332803e+00,5.161711050610000484e+02,4.991809159201999933e+02,-2.694136017999649857e-01
1.440000000000000036e+01,3.499833333333331797e+00,9.813611111111109508e+00,6.313777777777777267e+00,5.166789919509999436e+02,4.991798422051999751e+02,-2.752968687999939879e-01
1.440499999999999936e+01,3.488999999999999879e+00,9.800000000000000711e+00,6.310999999999999943e+00,5.169278574739998930e+02,4.991805267246999733e+02,-2.757439247999824428e-01
1.441000000000000014e+01,3.492823529411764660e+00,9.804117647058824048e+00,6.311294117647058499e+00,5.171767229969999562e+02,4.991812112441999716e+02,-2.761909807999710087e-01
1.441999999999999993e+01,3.500470588235293334e+00,9.812352941176470722e+00,6.311882352941176499e+00,5.176799001209999460e+02,4.991749065582000071e+02,-2.690567557999640202e-01
1.442200000000000060e+01,3.501999999999999780e+00,9.814000000000000057e+00,6.312000000000000277e+00,5.177803129830000444e+02,4.991740349795999805e+02,-2.672313313999719608e-01
1.442999999999999972e+01,3.507647058823528674e+00,9.820588235294117396e+00,6.312941176470588722e+00,5.181819644309999831e+02,4.991705486651999877e+02,-2.599296338000069984e-01
1.443900000000000006e+01,3.513999999999999790e+00,9.827999999999999403e+00,6.314000000000000057e+00,5.186243229630000542e+02,4.991751147585000012e+02,-2.472472549999963354e-01
1.443999999999999950e+01,3.512000000000000899e+00,9.829769230769230148e+00,6.317769230769228805e+00,5.186734739109999737e+02,4.991756221022000091e+02,-2.458381017999959894e-01
1.444999999999999929e+01,3.492000000000001325e+00,9.847461538461537600e+00,6.355461538461535831e+00,5.191609075269999494e+02,4.991994582542000103e+02,-2.418137377999780013e-01
1.445199999999999996e+01,3.487999999999999989e+00,9.851000000000000867e+00,6.363000000000000433e+00,5.192595246117999750e+02,4.992054806354000220e+02,-2.442130625999784366e-01
1.446000000000000085e+01,3.516444444444446482e+00,9.884333333333335858e+00,6.367888888888889376e+00,5.196539929509999638e+02,4.992295701602000122e+02,-2.538103617999780126e-01
1.447000000000000064e+01,3.552000000000000046e+00,9.926000000000000156e+00,6.373999999999999666e+00,5.201513519349999797e+02,4.992199107362000063e+02,-2.516656277999679836e-01
1.448000000000000043e+01,3.544352941176470484e+00,9.911294117647058144e+00,6.366941176470588104e+00,5.206421471009999777e+02,4.991848643441999798e+02,-2.414327347999790097e-01
1.448700000000000010e+01,3.539000000000000146e+00,9.900999999999999801e+00,6.362000000000000099e+00,5.209965906323999434e+02,4.991784223275000159e+02,-2.511312214999857351e-01
1.449000000000000021e+01,3.536833333333333496e+00,9.894833333333332703e+00,6.358000000000000540e+00,5.211484950029999936e+02,4.991756614632000151e+02,-2.552877157999889901e-01
1.450000000000000000e+01,3.529611111111111477e+00,9.874277777777779264e+00,6.344666666666667787e+00,5.216509934790000216e+02,4.991812525212000082e+02,-2.721957667999839736e-01
1.450500000000000078e+01,3.525999999999999801e+00,9.864000000000000767e+00,6.338000000000000078e+00,5.218996446940000169e+02,4.991769184652000035e+02,-2.721251612999844860e-01
1.450999999999999979e+01,3.511769230769233197e+00,9.854769230769232280e+00,6.342999999999999083e+00,5.221482959090000122e+02,4.991725844091999988e+02,-2.720545557999849984e-01
1.451800000000000068e+01,3.488999999999999879e+00,9.839999999999999858e+00,6.350999999999999979e+00,5.225572289778000368e+02,4.991678772300000446e+02,-2.743469933999732602e-01
1.451999999999999957e+01,3.490647058823528326e+00,9.842823529411763417e+00,6.352176470588234203e+00,5.226594622449999861e+02,4.991667004352000276e+02,-2.749201027999699787e-01
1.452999999999999936e+01,3.498882352941175888e+00,9.856941176470586541e+00,6.358058823529410652e+00,5.231725108890000229e+02,4.991629342511999994e+02,-2.757926898000029881e-01
1.453500000000000014e+01,3.503000000000000114e+00,9.864000000000000767e+00,6.360999999999999766e+00,5.234225732800000515e+02,4.991601973576999853e+02,-2.717273792999832516e-01
1.453999999999999915e+01,3.487761904761907061e+00,9.849238095238098012e+00,6.361476190476190062e+00,5.236726356709999664e+02,4.991574604642000281e+02,-2.676620687999650139e-01
1.455000000000000071e+01,3.457285714285710299e+00,9.819714285714281843e+00,6.362428571428571544e+00,5.241820049950000566e+02,4.991655072272000098e+02,-2.675771447999660269e-01
1.455599999999999916e+01,3.439000000000000057e+00,9.801999999999999602e+00,6.363000000000000433e+00,5.244831936273999418e+02,4.991742953851999687e+02,-2.657411363999742648e-01
1.456000000000000050e+01,3.431615384615382958e+00,9.786615384615380719e+00,6.354999999999998650e+00,5.246839860490000547e+02,4.991801541571999792e+02,-2.645171307999790167e-01
1.456900000000000084e+01,3.415000000000000036e+00,9.752000000000000668e+00,6.336999999999999744e+00,5.251203383824000639e+02,4.991951853046999759e+02,-2.545730272000081285e-01
1.457000000000000028e+01,3.417176470588234150e+00,9.755647058823528894e+00,6.338470588235293413e+00,5.251688219750000144e+02,4.991968554321999818e+02,-2.534681268000120169e-01
1.458000000000000007e+01,3.438941176470587280e+00,9.792117647058821817e+00,6.353176470588234537e+00,5.256691224549999788e+02,4.992233975551999947e+02,-2.584505058000080013e-01
1.458600000000000030e+01,3.451999999999999957e+00,9.814000000000000057e+00,6.362000000000000099e+00,5.259718182573999457e+02,4.992268417568000132e+02,-2.625953472000106537e-01
1.458999999999999986e+01,3.452222222222222303e+00,9.819333333333332803e+00,6.367111111111110944e+00,5.261736154589999614e+02,4.992291378912000255e+02,-2.653585748000120148e-01
1.459999999999999964e+01,3.452777777777777501e+00,9.832666666666666444e+00,6.379888888888888943e+00,5.266692889429999695e+02,4.991963661742000227e+02,-2.571326347999740025e-01
1.460399999999999920e+01,3.452999999999999847e+00,9.837999999999999190e+00,6.384999999999999787e+00,5.268670457901999953e+02,4.991852187229999913e+02,-2.574493155999871830e-01
1.460999999999999943e+01,3.440538461538462656e+00,9.820461538461540130e+00,6.379923076923077474e+00,5.271636810610000339e+02,4.991684975462000011e+02,-2.579243368000069814e-01
1.461700000000000088e+01,3.426000000000000156e+00,9.800000000000000711e+00,6.373999999999999666e+00,5.275086005044000785e+02,4.991692242722000401e+02,-2.676502340999770135e-01
1.461999999999999922e+01,3.434999999999995612e+00,9.808647058823526166e+00,6.373647058823529221e+00,5.276564231229999677e+02,4.991695357262000243e+02,-2.718184757999609902e-01
1.463000000000000078e+01,3.465000000000000746e+00,9.837470588235294855e+00,6.372470588235294109e+00,5.281441152070000271e+02,4.991713049191999971e+02,-2.807162847999750133e-01
1.463400000000000034e+01,3.476999999999999869e+00,9.849000000000000199e+00,6.371999999999999886e+00,5.283436174782000307e+02,4.991646727524000084e+02,-2.786484919999768217e-01
1.464000000000000057e+01,3.472764705882352310e+00,9.854647058823530870e+00,6.381882352941176784e+00,5.286428708849999794e+02,4.991547245021999970e+02,-2.755468027999790070e-01
1.465000000000000036e+01,3.465705882352940748e+00,9.864058823529411768e+00,6.398352941176471909e+00,5.291502706070000386e+02,4.991446367002000102e+02,-2.733983237999699778e-01
1.465099999999999980e+01,3.464999999999999858e+00,9.865000000000000213e+00,6.400000000000000355e+00,5.292001321049999660e+02,4.991449796832000061e+02,-2.732884410999724123e-01
1.466000000000000014e+01,3.473357142857143476e+00,9.856642857142857039e+00,6.383285714285713119e+00,5.296488855869999952e+02,4.991480665302000261e+02,-2.722994967999939897e-01
1.466499999999999915e+01,3.478000000000000203e+00,9.852000000000000313e+00,6.373999999999999666e+00,5.298993771489999745e+02,4.991553579677000130e+02,-2.717694942999770991e-01
1.466999999999999993e+01,3.470352941176470196e+00,9.844352941176470750e+00,6.373999999999999666e+00,5.301498687109999537e+02,4.991626494051999998e+02,-2.712394917999599864e-01
1.467999999999999972e+01,3.455058823529412404e+00,9.829058823529413402e+00,6.373999999999999666e+00,5.306573844690000215e+02,4.991856182171999876e+02,-2.702076197999839779e-01
1.468200000000000038e+01,3.451999999999999957e+00,9.826000000000000512e+00,6.373999999999999666e+00,5.307559490970000979e+02,4.991890489649999836e+02,-2.681977841999850787e-01
1.468999999999999950e+01,3.421230769230772406e+00,9.803846153846155431e+00,6.382615384615383469e+00,5.311502076089999491e+02,4.992027719562000243e+02,-2.601584417999929788e-01
1.469500000000000028e+01,3.402000000000000135e+00,9.789999999999999147e+00,6.387999999999999901e+00,5.314001707080000187e+02,4.992105464262000396e+02,-2.561302383000017557e-01
1.469999999999999929e+01,3.412277777777776411e+00,9.799999999999998934e+00,6.387722222222222079e+00,5.316501338069999747e+02,4.992183208961999981e+02,-2.521020348000119760e-01
1.471000000000000085e+01,3.432833333333336512e+00,9.820000000000003837e+00,6.387166666666666437e+00,5.321587648209999770e+02,4.992393041071999846e+02,-2.640629938000120247e-01
1.471299999999999919e+01,3.439000000000000057e+00,9.826000000000000512e+00,6.386999999999999567e+00,5.323116358593998712e+02,4.992354007339999953e+02,-2.670152344000077393e-01
1.472000000000000064e+01,3.465923076923079105e+00,9.846461538461539931e+00,6.380538461538461270e+00,5.326683349490000410e+02,4.992262928632000012e+02,-2.739037958000030137e-01
1.472600000000000087e+01,3.488999999999999879e+00,9.864000000000000767e+00,6.375000000000000000e+00,5.329692470102000925e+02,4.991978176348000034e+02,-2.683363573999936746e-01
1.473000000000000043e+01,3.471352941176471862e+00,9.855058823529413203e+00,6.383705882352940897e+00,5.331698550510000132e+02,4.991788341491999859e+02,-2.646247317999880222e-01
1.474000000000000021e+01,3.427235294117648046e+00,9.832705882352941629e+00,6.405470588235293583e+00,5.336720070569999734e+02,4.991554008731999943e+02,-2.694303817999830208e-01
1.474300000000000033e+01,3.414000000000000146e+00,9.826000000000000512e+00,6.411999999999999922e+00,5.338199755596000387e+02,4.991584207869000238e+02,-2.748081544999926296e-01
1.475000000000000000e+01,3.394076923076923880e+00,9.813615384615385295e+00,6.419538461538460972e+00,5.341652353990000393e+02,4.991654672522000169e+02,-2.873562908000140137e-01
1.475600000000000023e+01,3.376999999999999780e+00,9.803000000000000824e+00,6.426000000000000156e+00,5.344619062258000213e+02,4.991691769477999969e+02,-2.891033936000051430e-01
1.475999999999999979e+01,3.393666666666665499e+00,9.819444444444444642e+00,6.425777777777778255e+00,5.346596867770000472e+02,4.991716500782000026e+02,-2.902681287999990256e-01
1.476999999999999957e+01,3.435333333333334238e+00,9.860555555555556850e+00,6.425222222222221724e+00,5.351592424670000128e+02,4.991761458592000054e+02,-2.861728337999799865e-01
1.477399999999999913e+01,3.451999999999999957e+00,9.877000000000000668e+00,6.424999999999999822e+00,5.353608794525999883e+02,4.991812473023999814e+02,-2.861459761999800011e-01
1.477999999999999936e+01,3.457999999999999297e+00,9.883000000000000895e+00,6.424999999999999822e+00,5.356633349310000085e+02,4.991888994671999740e+02,-2.861056897999800230e-01
1.478700000000000081e+01,3.464999999999999858e+00,9.890000000000000568e+00,6.424999999999999822e+00,5.360114266974001112e+02,4.991954610033000108e+02,-2.832513851999660659e-01
1.478999999999999915e+01,3.456000000000004402e+00,9.883117647058828226e+00,6.427117647058822492e+00,5.361606088830000090e+02,4.991982730902000185e+02,-2.820281117999610121e-01
1.480000000000000071e+01,3.425999999999999268e+00,9.860176470588235986e+00,6.434176470588235830e+00,5.366560566370000060e+02,4.992045446672000253e+02,-2.759399827999899912e-01
1.480400000000000027e+01,3.414000000000000146e+00,9.851000000000000867e+00,6.437000000000000277e+00,5.368611389441999791e+02,4.992054399216000320e+02,-2.746975111999956920e-01
1.481000000000000050e+01,3.443538461538463213e+00,9.874076923076923862e+00,6.430538461538461092e+00,5.371687624050000522e+02,4.992067828031999852e+02,-2.728338038000039933e-01
1.481700000000000017e+01,3.478000000000000203e+00,9.900999999999999801e+00,6.423000000000000043e+00,5.375204864013999213e+02,4.991988452141000039e+02,-2.650275052999874204e-01
1.482000000000000028e+01,3.465500000000000025e+00,9.891333333333333755e+00,6.425833333333333286e+00,5.376712252569999464e+02,4.991954433902000119e+02,-2.616819487999800242e-01
1.483000000000000007e+01,3.423833333333335727e+00,9.859111111111113601e+00,6.435277777777777430e+00,5.381638499929999853e+02,4.991985312261999752e+02,-2.605832478000030261e-01
1.483500000000000085e+01,3.403000000000000025e+00,9.842999999999999972e+00,6.440000000000000391e+00,5.384133171240000593e+02,4.992062260407000167e+02,-2.710549677999838925e-01
1.483999999999999986e+01,3.407615384615383824e+00,9.842999999999999972e+00,6.435384615384616147e+00,5.386627842550000196e+02,4.992139208552000014e+02,-2.815266877999609840e-01
1.484800000000000075e+01,3.415000000000000036e+00,9.842999999999999972e+00,6.427999999999999936e+00,5.390651679414000910e+02,4.991976130943999692e+02,-2.861796701999848036e-01
1.484999999999999964e+01,3.420882352941173377e+00,9.847235294117645310e+00,6.426352941176471489e+00,5.391657638630000520e+02,4.991935361541999896e+02,-2.873429157999899952e-01
1.485999999999999943e+01,3.450294117647056069e+00,9.868411764705880884e+00,6.418117647058823927e+00,5.396662849250000136e+02,4.991460310251999886e+02,-2.750638907999899962e-01
1.486500000000000021e+01,3.464999999999999858e+00,9.878999999999999559e+00,6.413999999999999702e+00,5.399182887310000751e+02,4.991443800376999889e+02,-2.785020282999925989e-01
1.486999999999999922e+01,3.436538461538467093e+00,9.842076923076929162e+00,6.405538461538463402e+00,5.401702925370000230e+02,4.991427290501999892e+02,-2.819401657999939803e-01
1.487800000000000011e+01,3.391000000000000014e+00,9.782999999999999474e+00,6.392000000000000348e+00,5.405655150425999409e+02,4.991676459341999816e+02,-2.963402473999717790e-01
1.488000000000000078e+01,3.389555555555554989e+00,9.785666666666667624e+00,6.396111111111112635e+00,5.406643206689999488e+02,4.991738751551999940e+02,-2.999402677999670197e-01
1.489000000000000057e+01,3.382333333333333414e+00,9.798999999999999488e+00,6.416666666666666963e+00,5.411517560610000146e+02,4.991976830831999905e+02,-3.039158557999859789e-01
1.489600000000000080e+01,3.378000000000000114e+00,9.807000000000000384e+00,6.429000000000000270e+00,5.414508903174000807e+02,4.992003484691999802e+02,-3.008586949999881854e-01
1.490000000000000036e+01,3.399749999999997829e+00,9.822499999999998010e+00,6.422750000000000625e+00,5.416503131550000489e+02,4.992021253931999922e+02,-2.988205877999899895e-01
1.491000000000000014e+01,3.454124999999996337e+00,9.861249999999996518e+00,6.407125000000000625e+00,5.421484411889999819e+02,4.991965376082000034e+02,-2.906900088000100024e-01
1.491200000000000081e+01,3.464999999999999858e+00,9.868999999999999773e+00,6.403999999999999915e+00,5.422452599490000011e+02,4.991954601276000290e+02,-2.890646588000014283e-01
1.491999999999999993e+01,3.415666666666668849e+00,9.808555555555559025e+00,6.392888888888888843e+00,5.426325349889999643e+02,4.991911502052000174e+02,-2.825632587999700185e-01
1.492999999999999972e+01,3.354000000000000092e+00,9.733000000000000540e+00,6.378999999999999559e+00,5.431338035469999568e+02,4.992007341841999732e+02,-2.834855668000039741e-01
1.493999999999999950e+01,3.375764705882353223e+00,9.761823529411765676e+00,6.386058823529412010e+00,5.436417454370000542e+02,4.991986938531999840e+02,-2.803653527999609985e-01
1.494699999999999918e+01,3.391000000000000014e+00,9.782000000000000028e+00,6.391000000000000014e+00,5.439901350295999691e+02,4.991877563979999763e+02,-2.739492213999905612e-01
1.494999999999999929e+01,3.390833333333333144e+00,9.781833333333333158e+00,6.391000000000000014e+00,5.441394448549999652e+02,4.991830689171999893e+02,-2.711994508000030168e-01
1.496000000000000085e+01,3.390277777777777946e+00,9.781277777777777516e+00,6.391000000000000014e+00,5.446473882989999993e+02,4.991810038901999746e+02,-2.750791947999650100e-01
1.496499999999999986e+01,3.390000000000000124e+00,9.781000000000000583e+00,6.391000000000000014e+00,5.449016612689999874e+02,4.991834694681999736e+02,-2.840313867999779140e-01
1.497000000000000064e+01,3.390000000000000124e+00,9.781384615384615344e+00,6.391384615384615664e+00,5.451559342389999756e+02,4.991859350461999725e+02,-2.929835787999939822e-01
1.497799999999999976e+01,3.390000000000000124e+00,9.782000000000000028e+00,6.392000000000000348e+00,5.455584543653999390e+02,4.991672368469999697e+02,-2.960280868000089161e-01
1.498000000000000043e+01,3.388666666666666494e+00,9.782111111111111867e+00,6.393444444444445374e+00,5.456590843970000151e+02,4.991625622971999974e+02,-2.967892138000129965e-01
1.499000000000000021e+01,3.382000000000000117e+00,9.782666666666665733e+00,6.400666666666666949e+00,5.461551873849999765e+02,4.991398136192000266e+02,-2.935985727999709805e-01
1.499600000000000044e+01,3.378000000000000114e+00,9.782999999999999474e+00,6.405000000000000249e+00,5.464540497826000092e+02,4.991472436532000074e+02,-2.983583331999934973e-01
1.500000000000000000e+01,3.375176470588235667e+00,9.777823529411763914e+00,6.402647058823530024e+00,5.466532913810000309e+02,4.991521970091999947e+02,-3.015315068000080090e-01
1.500999999999999979e+01,3.368117647058823660e+00,9.764882352941176791e+00,6.396764705882352686e+00,5.471396725109999579e+02,4.991769286662000127e+02,-3.105106207999669965e-01
1.501299999999999990e+01,3.366000000000000103e+00,9.760999999999999233e+00,6.394999999999999574e+00,5.472885719508000193e+02,4.991794294350000314e+02,-3.077863021999797111e-01
1.501999999999999957e+01,3.375722222222221625e+00,9.769944444444442766e+00,6.394222222222222030e+00,5.476360039769999730e+02,4.991852645622000182e+02,-3.014295588000099890e-01
1.502999999999999936e+01,3.389611111111109576e+00,9.782722222222220765e+00,6.393111111111110745e+00,5.481278552229999832e+02,4.991843513192000046e+02,-2.863168227999670079e-01
1.503100000000000058e+01,3.391000000000000014e+00,9.784000000000000696e+00,6.392999999999999794e+00,5.481761305224000580e+02,4.991844066053999995e+02,-2.853062720999665625e-01
1.503999999999999915e+01,3.404235294117645250e+00,9.796705882352940264e+00,6.392470588235294571e+00,5.486106082170000491e+02,4.991849041812000110e+02,-2.762113157999749880e-01
1.504800000000000004e+01,3.415999999999999925e+00,9.807999999999999829e+00,6.392000000000000348e+00,5.490023115530000268e+02,4.991872432971999842e+02,-2.737324149999862954e-01
1.505000000000000071e+01,3.408307692307689596e+00,9.800461538461535227e+00,6.392153846153846075e+00,5.491002373869999929e+02,4.991878280761999918e+02,-2.731126897999889835e-01
1.506000000000000050e+01,3.369846153846151715e+00,9.762769230769228201e+00,6.392923076923076486e+00,5.495963706710000451e+02,4.991820945412000015e+02,-2.739820987999649904e-01
1.506099999999999994e+01,3.366000000000000103e+00,9.759000000000000341e+00,6.392999999999999794e+00,5.496474842528000408e+02,4.991798049823000269e+02,-2.737626490999698348e-01
1.507000000000000028e+01,3.359647058823528987e+00,9.740470588235293548e+00,6.380823529411763673e+00,5.501075064890000021e+02,4.991591989521999722e+02,-2.717876018000119909e-01
1.507799999999999940e+01,3.354000000000000092e+00,9.724000000000000199e+00,6.370000000000000107e+00,5.505135183513999664e+02,4.991495172098000239e+02,-2.740631386000013658e-01
1.508000000000000007e+01,3.361692307692310422e+00,9.736923076923082121e+00,6.375230769230770811e+00,5.506150213170000143e+02,4.991470967742000084e+02,-2.746320227999989871e-01
1.508999999999999986e+01,3.400153846153848303e+00,9.801538461538465086e+00,6.401384615384616339e+00,5.511160649910000302e+02,4.991606248332000177e+02,-2.895683867999859773e-01
1.509099999999999930e+01,3.403999999999999915e+00,9.807999999999999829e+00,6.403999999999999915e+00,5.511663635331999558e+02,4.991620857005000289e+02,-2.919623670999846876e-01
1.509999999999999964e+01,3.379000000000000004e+00,9.778500000000001080e+00,6.399499999999999744e+00,5.516190504129999681e+02,4.991752335062000157e+02,-3.135081897999860145e-01
1.510899999999999999e+01,3.354000000000000092e+00,9.749000000000000554e+00,6.394999999999999574e+00,5.520823093065999956e+02,4.991610969893000060e+02,-3.187552941999610701e-01
1.510999999999999943e+01,3.350294117647060865e+00,9.746058823529413218e+00,6.395764705882352352e+00,5.521337825169999860e+02,4.991595262651999860e+02,-3.193383057999579777e-01
1.511999999999999922e+01,3.313235294117648611e+00,9.716647058823530969e+00,6.403411764705881914e+00,5.526347050489999901e+02,4.991400788541999987e+02,-3.101582008000010049e-01
1.512599999999999945e+01,3.290999999999999925e+00,9.698999999999999844e+00,6.408000000000000362e+00,5.529347310301999414e+02,4.991481805413999950e+02,-3.137200641999831618e-01
1.513000000000000078e+01,3.326076923076934921e+00,9.725769230769239826e+00,6.399692307692305349e+00,5.531347483509999847e+02,4.991535816662000116e+02,-3.160946397999719881e-01
1.513899999999999935e+01,3.404999999999999805e+00,9.785999999999999588e+00,6.381000000000000227e+00,5.535775735995998730e+02,4.991815581904999704e+02,-3.187948503999590288e-01
1.514000000000000057e+01,3.404999999999999805e+00,9.787333333333334551e+00,6.382333333333335190e+00,5.536267764049999869e+02,4.991846666931999721e+02,-3.190948737999579898e-01
1.515000000000000036e+01,3.404999999999999805e+00,9.800666666666668192e+00,6.395666666666667943e+00,5.541159473709999475e+02,4.991956128122000109e+02,-3.060245877999799857e-01
1.515700000000000003e+01,3.404999999999999805e+00,9.810000000000000497e+00,6.405000000000000249e+00,5.544613403140000401e+02,4.991880372133999799e+02,-2.919209338999936287e-01
1.516000000000000014e+01,3.392249999999999766e+00,9.801249999999999574e+00,6.409000000000000696e+00,5.546093658610000148e+02,4.991847905281999829e+02,-2.858765107999989841e-01
1.516900000000000048e+01,3.354000000000000092e+00,9.775000000000000355e+00,6.421000000000000263e+00,5.550543939352000962e+02,4.991741778388999933e+02,-2.749399978999983452e-01
1.516999999999999993e+01,3.356833333333332003e+00,9.776277777777776734e+00,6.419444444444445175e+00,5.551038414990000547e+02,4.991729986511999755e+02,-2.737248297999990143e-01
1.517999999999999972e+01,3.385166666666666213e+00,9.789055555555554733e+00,6.403888888888888964e+00,5.555950388009999870e+02,4.991659993932000248e+02,-2.695908387999800260e-01
1.518699999999999939e+01,3.404999999999999805e+00,9.798000000000000043e+00,6.392999999999999794e+00,5.559420721226000524e+02,4.991542585857999939e+02,-2.701722203000030964e-01
1.518999999999999950e+01,3.398749999999999716e+00,9.791999999999999815e+00,6.393250000000000099e+00,5.560908006890000479e+02,4.991492268111999806e+02,-2.704213838000130155e-01
1.519899999999999984e+01,3.379999999999999893e+00,9.773999999999999133e+00,6.394000000000000128e+00,5.565508746230000270e+02,4.991277158995000036e+02,-2.702431442000121087e-01
1.519999999999999929e+01,3.381499999999999062e+00,9.776055555555553056e+00,6.394555555555555770e+00,5.566019939489999615e+02,4.991253257981999809e+02,-2.702233398000120079e-01
1.521000000000000085e+01,3.396500000000000963e+00,9.796611111111111825e+00,6.400111111111111306e+00,5.570974706250000281e+02,4.991135485841999753e+02,-2.700715658000120145e-01
1.521700000000000053e+01,3.407000000000000028e+00,9.810999999999999943e+00,6.403999999999999915e+00,5.574466833111999904e+02,4.991250424085000077e+02,-2.784344861000132010e-01
1.522000000000000064e+01,3.406666666666666732e+00,9.811333333333333684e+00,6.404666666666666508e+00,5.575963458910000554e+02,4.991299683331999972e+02,-2.820185948000140108e-01
1.523000000000000043e+01,3.405555555555555447e+00,9.812444444444444969e+00,6.406888888888889078e+00,5.581046371370000543e+02,4.991569064721999780e+02,-3.040007038000049899e-01
1.523499999999999943e+01,3.404999999999999805e+00,9.813000000000000611e+00,6.408000000000000362e+00,5.583575255429999515e+02,4.991573056917000031e+02,-3.084458842999827088e-01
1.524000000000000021e+01,3.401470588235293580e+00,9.787999999999998479e+00,6.386529411764704456e+00,5.586104139489999625e+02,4.991577049112000282e+02,-3.128910647999619821e-01
1.525000000000000000e+01,3.394411764705882462e+00,9.738000000000003098e+00,6.343588235294119748e+00,5.591072859869999547e+02,4.991390278722000176e+02,-3.037145788000040203e-01
1.525200000000000067e+01,3.392999999999999794e+00,9.727999999999999758e+00,6.334999999999999964e+00,5.592077735722000398e+02,4.991403570470000091e+02,-3.038969151999995066e-01
1.525999999999999979e+01,3.370230769230771362e+00,9.728615384615384443e+00,6.358384615384613525e+00,5.596097239130000389e+02,4.991456737461999751e+02,-3.046262607999810079e-01
1.526500000000000057e+01,3.355999999999999872e+00,9.728999999999999204e+00,6.373000000000000220e+00,5.598554381350000995e+02,4.991576952362000270e+02,-3.056140187999856761e-01
1.526999999999999957e+01,3.363058823529410546e+00,9.746941176470583557e+00,6.383882352941174787e+00,5.601011523570000463e+02,4.991697167262000221e+02,-3.066017767999900112e-01
1.527999999999999936e+01,3.377176470588234114e+00,9.782823529411761143e+00,6.405647058823528361e+00,5.605963144549999697e+02,4.991809907272000260e+02,-2.975313407999770066e-01
1.528200000000000003e+01,3.379999999999999893e+00,9.789999999999999147e+00,6.410000000000000142e+00,5.606968924822000417e+02,4.991807345084000076e+02,-2.943080415999830834e-01
1.528999999999999915e+01,3.386117647058823010e+00,9.790470588235294258e+00,6.404352941176471248e+00,5.610992045909999888e+02,4.991797096331999910e+02,-2.814148448000129976e-01
1.529899999999999949e+01,3.392999999999999794e+00,9.791000000000000369e+00,6.397999999999999687e+00,5.615419234091999670e+02,4.991779669568999793e+02,-2.741101630999796535e-01
1.530000000000000071e+01,3.390076923076919435e+00,9.788153846153843318e+00,6.398076923076922995e+00,5.615911143890000403e+02,4.991777733261999970e+02,-2.732985317999749864e-01
1.531000000000000050e+01,3.360846153846150486e+00,9.759692307692304780e+00,6.398846153846154294e+00,5.620844228790000443e+02,4.991688842742000247e+02,-2.711574167999660223e-01
1.531199999999999939e+01,3.354999999999999982e+00,9.753999999999999559e+00,6.399000000000000021e+00,5.621856174253999825e+02,4.991648478838000074e+02,-2.705206605999691538e-01
1.532000000000000028e+01,3.366555555555556190e+00,9.776222222222223479e+00,6.409666666666667290e+00,5.625903956109999626e+02,4.991487023221999948e+02,-2.679736357999800145e-01
1.533000000000000007e+01,3.380999999999999783e+00,9.804000000000000270e+00,6.423000000000000043e+00,5.631005334989999938e+02,4.991257426782000266e+02,-2.677791477999790226e-01
1.533999999999999986e+01,3.423222222222219724e+00,9.838444444444442993e+00,6.415222222222222825e+00,5.635970085489999519e+02,4.991140224632000013e+02,-2.676273527999790125e-01
1.534800000000000075e+01,3.456999999999999851e+00,9.865999999999999659e+00,6.408999999999999808e+00,5.639904717361999928e+02,4.991276462295999750e+02,-2.747879359999919613e-01
1.534999999999999964e+01,3.451000000000003176e+00,9.861529411764708541e+00,6.410529411764704477e+00,5.640888375329999462e+02,4.991310521711999968e+02,-2.765780817999939911e-01
1.535999999999999943e+01,3.421000000000002927e+00,9.839176470588236967e+00,6.418176470588234039e+00,5.645776455809999561e+02,4.991659102812000128e+02,-2.935924347999899764e-01
1.536500000000000021e+01,3.406000000000000139e+00,9.827999999999999403e+00,6.421999999999999709e+00,5.648317751680000356e+02,4.991708858912000437e+02,-2.985534882999858475e-01
1.536999999999999922e+01,3.401000000000001133e+00,9.823769230769231697e+00,6.422769230769231008e+00,5.650859047550000014e+02,4.991758615012000178e+02,-3.035145417999799977e-01
1.537800000000000011e+01,3.392999999999999794e+00,9.817000000000000171e+00,6.424000000000000377e+00,5.654898828205999735e+02,4.991596929195999905e+02,-2.945675722000067887e-01
1.538000000000000078e+01,3.395941176470589351e+00,9.816764705882352615e+00,6.420823529411763708e+00,5.655908773370000517e+02,4.991556507742000122e+02,-2.923308298000130145e-01
1.539000000000000057e+01,3.410647058823530475e+00,9.815588235294116615e+00,6.404941176470587472e+00,5.660821868589999895e+02,4.991466830041999856e+02,-2.801898168000129807e-01
1.539499999999999957e+01,3.418000000000000149e+00,9.814999999999999503e+00,6.397000000000000242e+00,5.663306251189999330e+02,4.991548517556999514e+02,-2.816633793000052344e-01
1.540000000000000036e+01,3.400499999999997858e+00,9.798333333333332007e+00,6.397833333333333705e+00,5.665790633789999902e+02,4.991630205071999740e+02,-2.831369417999979876e-01
1.541000000000000014e+01,3.365499999999999936e+00,9.765000000000000568e+00,6.399500000000000632e+00,5.670805585970000493e+02,4.991686321821999854e+02,-2.780451458000040010e-01
1.541300000000000026e+01,3.354999999999999982e+00,9.755000000000000782e+00,6.400000000000000355e+00,5.672330168396000545e+02,4.991614296303999936e+02,-2.725857838999946603e-01
1.541999999999999993e+01,3.386294117647058233e+00,9.775176470588235134e+00,6.388882352941177345e+00,5.675887527390000287e+02,4.991446236762000126e+02,-2.598472727999739940e-01
1.542999999999999972e+01,3.431000000000000050e+00,9.804000000000000270e+00,6.373000000000000220e+00,5.680957231789999469e+02,4.991245093072000145e+02,-2.536634888000020016e-01
1.543999999999999950e+01,3.382111111111114177e+00,9.770111111111113189e+00,6.387999999999999012e+00,5.685957936270000346e+02,4.991199915522000197e+02,-2.575363307999650186e-01
1.544800000000000040e+01,3.342999999999999972e+00,9.743000000000000327e+00,6.400000000000000355e+00,5.689874978510000574e+02,4.991223165562000190e+02,-2.590574059999724010e-01
1.544999999999999929e+01,3.337307692307695195e+00,9.739000000000002544e+00,6.401692307692306905e+00,5.690854239069999494e+02,4.991228978071999904e+02,-2.594376747999739830e-01
1.546000000000000085e+01,3.308846153846152216e+00,9.718999999999999417e+00,6.410153846153845869e+00,5.695848114890000033e+02,4.991303428282000141e+02,-2.683529067999900208e-01
1.546100000000000030e+01,3.306000000000000050e+00,9.717000000000000526e+00,6.410999999999999588e+00,5.696351609075999249e+02,4.991309118675000036e+02,-2.688437169999891574e-01
1.547000000000000064e+01,3.378529411764711110e+00,9.783176470588239582e+00,6.404647058823528916e+00,5.700883056750000151e+02,4.991360332212000230e+02,-2.732610087999839954e-01
1.547799999999999976e+01,3.443000000000000060e+00,9.842000000000000526e+00,6.399000000000000021e+00,5.704812417997999319e+02,4.991448502684000346e+02,-2.716046935999777423e-01
1.548000000000000043e+01,3.437235294117645168e+00,9.839176470588235190e+00,6.401941176470589134e+00,5.705794758309999679e+02,4.991470545302000232e+02,-2.711906147999760264e-01
1.549000000000000021e+01,3.408411764705880032e+00,9.825058823529410290e+00,6.416647058823531147e+00,5.710769535150000138e+02,4.991704093842000134e+02,-2.821624157999990112e-01
1.549499999999999922e+01,3.394000000000000128e+00,9.817999999999999616e+00,6.424000000000000377e+00,5.713316106769999578e+02,4.991749160736999897e+02,-2.866216943000057249e-01
1.550000000000000000e+01,3.383999999999998565e+00,9.812999999999998835e+00,6.429000000000001158e+00,5.715862678390000156e+02,4.991794227632000229e+02,-2.910809728000139929e-01
1.550799999999999912e+01,3.367999999999999883e+00,9.804999999999999716e+00,6.437000000000000277e+00,5.719837651141999686e+02,4.991644867768000040e+02,-2.821397935999956363e-01
1.550999999999999979e+01,3.379222222222225458e+00,9.812111111111113004e+00,6.432888888888887990e+00,5.720831394330000421e+02,4.991607527802000277e+02,-2.799044987999900203e-01
1.551999999999999957e+01,3.435333333333333350e+00,9.847666666666667012e+00,6.412333333333333663e+00,5.725731916270000283e+02,4.991387169242000255e+02,-2.607176147999830107e-01
1.552599999999999980e+01,3.468999999999999861e+00,9.868999999999999773e+00,6.400000000000000355e+00,5.728723264162000532e+02,4.991413738429999967e+02,-2.600604395999979723e-01
1.552999999999999936e+01,3.460294117647059409e+00,9.862882352941177544e+00,6.402588235294117247e+00,5.730717496089999941e+02,4.991431451221999964e+02,-2.596223228000080208e-01
1.553999999999999915e+01,3.438529411764706278e+00,9.847588235294118419e+00,6.409058823529411697e+00,5.735695367649999525e+02,4.991435299052000119e+02,-2.565129237999649869e-01
1.554299999999999926e+01,3.431999999999999940e+00,9.842999999999999972e+00,6.410999999999999588e+00,5.737185641109999779e+02,4.991385268727000266e+02,-2.534621007999683373e-01
1.555000000000000071e+01,3.438461538461540012e+00,9.843538461538461348e+00,6.405076923076921780e+00,5.740662945850000369e+02,4.991268531302000042e+02,-2.463435137999749891e-01
1.555599999999999916e+01,3.443999999999999950e+00,9.843999999999999417e+00,6.400000000000000355e+00,5.743634093301999428e+02,4.991227861394000342e+02,-2.450630615999686845e-01
1.556000000000000050e+01,3.441555555555554591e+00,9.846444444444445665e+00,6.404888888888890186e+00,5.745614858269999559e+02,4.991200748122000164e+02,-2.442094267999639912e-01
1.557000000000000028e+01,3.435444444444443857e+00,9.852555555555555955e+00,6.417111111111111654e+00,5.750553950370000393e+02,4.991182101672000044e+02,-2.480929997999840042e-01
1.557399999999999984e+01,3.432999999999999829e+00,9.855000000000000426e+00,6.421999999999999709e+00,5.752529810762000579e+02,4.991170720179999876e+02,-2.476450269999936338e-01
1.558000000000000007e+01,3.408999999999998920e+00,9.832846153846153570e+00,6.423846153846153761e+00,5.755493601350000290e+02,4.991153647941999907e+02,-2.469730678000079949e-01
1.558699999999999974e+01,3.380999999999999783e+00,9.807000000000000384e+00,6.426000000000000156e+00,5.759044819719999850e+02,4.991216017696999643e+02,-2.511160996999882711e-01
1.558999999999999986e+01,3.385764705882353010e+00,9.813352941176471944e+00,6.427588235294117602e+00,5.760566770450000149e+02,4.991242747591999773e+02,-2.528916847999799766e-01
1.559999999999999964e+01,3.401647058823529690e+00,9.834529411764705742e+00,6.432882352941176052e+00,5.765581484470000078e+02,4.991478540812000233e+02,-2.648633957999799726e-01
1.560399999999999920e+01,3.407999999999999918e+00,9.842999999999999972e+00,6.434999999999999609e+00,5.767579832853999733e+02,4.991564513948000013e+02,-2.668492857999777979e-01
1.560999999999999943e+01,3.407666666666666622e+00,9.839666666666666117e+00,6.431999999999999496e+00,5.770577355430000352e+02,4.991693473651999966e+02,-2.698281207999749798e-01
1.561999999999999922e+01,3.407111111111110979e+00,9.834111111111111470e+00,6.427000000000000490e+00,5.775617712309999661e+02,4.991830958131999978e+02,-2.707645058000089922e-01
1.562199999999999989e+01,3.407000000000000028e+00,9.833000000000000185e+00,6.426000000000000156e+00,5.776641469529999995e+02,4.991829323142000021e+02,-2.703411520000066903e-01
1.563000000000000078e+01,3.407470588235294251e+00,9.815117647058821504e+00,6.407647058823526365e+00,5.780736498410000195e+02,4.991822783182000194e+02,-2.686477367999979826e-01
1.563899999999999935e+01,3.407999999999999918e+00,9.794999999999999929e+00,6.386999999999999567e+00,5.785323114571999668e+02,4.991697141202000125e+02,-2.649013526999822732e-01
1.564000000000000057e+01,3.406923076923075389e+00,9.796076923076924459e+00,6.389153846153848626e+00,5.785832738589999735e+02,4.991683180982000181e+02,-2.644850877999799788e-01
1.565000000000000036e+01,3.396153846153845191e+00,9.806846153846153769e+00,6.410692307692309910e+00,5.790881894430000330e+02,4.991491057392000243e+02,-2.533049108000119953e-01
1.565199999999999925e+01,3.394000000000000128e+00,9.808999999999999275e+00,6.415000000000000036e+00,5.791873753977999968e+02,4.991451620804000413e+02,-2.506689156000068142e-01
1.566000000000000014e+01,3.405555555555556335e+00,9.819222222222222740e+00,6.413666666666666849e+00,5.795841192169999658e+02,4.991293874451999955e+02,-2.401249347999790118e-01
1.566999999999999993e+01,3.419999999999999929e+00,9.832000000000000739e+00,6.411999999999999922e+00,5.800724915030000375e+02,4.991192361981999852e+02,-2.319804257999980024e-01
1.567999999999999972e+01,3.428461538461538449e+00,9.813538461538461988e+00,6.385076923076923094e+00,5.805678838129999804e+02,4.991264814471999784e+02,-2.328957897999739957e-01
1.568299999999999983e+01,3.431000000000000050e+00,9.807999999999999829e+00,6.376999999999999780e+00,5.807134896175999756e+02,4.991287782432999620e+02,-2.346715134999824981e-01
1.568999999999999950e+01,3.410000000000001030e+00,9.787000000000000810e+00,6.376999999999999780e+00,5.810532364949999646e+02,4.991341374341999995e+02,-2.388148688000019948e-01
1.569899999999999984e+01,3.383000000000000007e+00,9.759999999999999787e+00,6.376999999999999780e+00,5.814882295692000298e+02,4.991256115955999917e+02,-2.404880327000120110e-01
1.569999999999999929e+01,3.381923076923077698e+00,9.758000000000000895e+00,6.376076923076923642e+00,5.815365621329999612e+02,4.991246642802000224e+02,-2.406739398000130037e-01
1.571000000000000085e+01,3.371153846153845279e+00,9.737999999999997769e+00,6.366846153846153378e+00,5.820339790030000131e+02,4.991139923761999739e+02,-2.425256467999649945e-01
1.571199999999999974e+01,3.369000000000000217e+00,9.733999999999999986e+00,6.365000000000000213e+00,5.821336909102000163e+02,4.991148730765999630e+02,-2.437065799999701687e-01
1.572000000000000064e+01,3.413888888888892303e+00,9.772666666666669499e+00,6.358777777777777196e+00,5.825325385390000292e+02,4.991183958781999763e+02,-2.484303127999940020e-01
1.573000000000000043e+01,3.470000000000000195e+00,9.820999999999999730e+00,6.350999999999999979e+00,5.830361787929999764e+02,4.991390764541999943e+02,-2.653913467999889919e-01
1.574000000000000021e+01,3.470000000000000195e+00,9.803307692307692278e+00,6.333307692307692527e+00,5.835413851810000097e+02,4.991498656292000078e+02,-2.723170697999929835e-01
1.574300000000000033e+01,3.470000000000000195e+00,9.798000000000000043e+00,6.328000000000000291e+00,5.836921235038000759e+02,4.991464722724999774e+02,-2.665715276999911509e-01
1.575000000000000000e+01,3.454764705882353404e+00,9.777000000000001023e+00,6.322235294117647619e+00,5.840438462570000411e+02,4.991385544401999823e+02,-2.531652627999880223e-01
1.575999999999999979e+01,3.432999999999999829e+00,9.746999999999999886e+00,6.314000000000000057e+00,5.845492768630000455e+02,4.991454101191999939e+02,-2.430769477999979999e-01
1.576999999999999957e+01,3.452999999999998515e+00,9.767555555555555102e+00,6.314555555555555699e+00,5.850677769549999994e+02,4.991689706401999729e+02,-2.520447848000130220e-01
1.577800000000000047e+01,3.468999999999999861e+00,9.784000000000000696e+00,6.315000000000000391e+00,5.854747464173999560e+02,4.991705843970000274e+02,-2.479599183999700585e-01
1.577999999999999936e+01,3.463307692307695085e+00,9.778307692307695476e+00,6.315000000000000391e+00,5.855764887829999452e+02,4.991709878362000268e+02,-2.469387017999599976e-01
1.578999999999999915e+01,3.434846153846157435e+00,9.749846153846156938e+00,6.315000000000000391e+00,5.860688786030000301e+02,4.991430934101999810e+02,-2.227305957999589914e-01
1.579100000000000037e+01,3.431999999999999940e+00,9.746999999999999886e+00,6.315000000000000391e+00,5.861191363988000376e+02,4.991417580312999576e+02,-2.221147002999612485e-01
1.580000000000000071e+01,3.459000000000001851e+00,9.759176470588235119e+00,6.300176470588234601e+00,5.865714565609999909e+02,4.991297396211999740e+02,-2.165716407999880022e-01
1.580799999999999983e+01,3.483000000000000096e+00,9.769999999999999574e+00,6.286999999999999922e+00,5.869677718297999718e+02,4.991355132411999875e+02,-2.237038935999985656e-01
1.581000000000000050e+01,3.484333333333333727e+00,9.772999999999999687e+00,6.288666666666666849e+00,5.870668506470000239e+02,4.991369566462000193e+02,-2.254869568000019975e-01
1.582000000000000028e+01,3.491000000000000103e+00,9.788000000000000256e+00,6.296999999999999709e+00,5.875473815650000233e+02,4.991413466462000201e+02,-2.273955598000119982e-01
1.582600000000000051e+01,3.495000000000000107e+00,9.797000000000000597e+00,6.301999999999999602e+00,5.878428890746000661e+02,4.991443804550000323e+02,-2.315405523999810589e-01
1.583000000000000007e+01,3.456538461538465778e+00,9.765923076923080259e+00,6.309384615384614037e+00,5.880398940810000568e+02,4.991464029942000025e+02,-2.343038807999600071e-01
1.583900000000000041e+01,3.370000000000000107e+00,9.695999999999999730e+00,6.325999999999999623e+00,5.884940918790000524e+02,4.991488705277999998e+02,-2.414115929999955112e-01
1.583999999999999986e+01,3.372176470588234221e+00,9.696823529411764397e+00,6.324647058823529733e+00,5.885445583010000519e+02,4.991491446982000184e+02,-2.422013387999989997e-01
1.584999999999999964e+01,3.393941176470587351e+00,9.705058823529411072e+00,6.311117647058823721e+00,5.890305372950000447e+02,4.991458292212000174e+02,-2.450815507999830056e-01
1.585599999999999987e+01,3.407000000000000028e+00,9.710000000000000853e+00,6.302999999999999936e+00,5.893271068574000537e+02,4.991513148111999953e+02,-2.528349805999696720e-01
1.585999999999999943e+01,3.418692307692306365e+00,9.725692307692305860e+00,6.306999999999999496e+00,5.895248198990000219e+02,4.991549718712000185e+02,-2.580039337999600058e-01
1.586899999999999977e+01,3.444999999999999840e+00,9.760999999999999233e+00,6.315999999999999837e+00,5.899788642020000680e+02,4.991601286480000113e+02,-2.669211797000037301e-01
1.586999999999999922e+01,3.443611111111111622e+00,9.759666666666666046e+00,6.316055555555555756e+00,5.900293135690000099e+02,4.991607016231999978e+02,-2.679119848000079962e-01
1.588000000000000078e+01,3.429722222222221450e+00,9.746333333333332405e+00,6.316611111111111398e+00,5.905302922109999599e+02,4.991402699561999725e+02,-2.547283687999740143e-01
1.588700000000000045e+01,3.419999999999999929e+00,9.737000000000000099e+00,6.317000000000000171e+00,5.908855502595999951e+02,4.991318354755999849e+02,-2.462195264999749167e-01
1.589000000000000057e+01,3.426882352941176713e+00,9.741058823529412436e+00,6.314176470588234835e+00,5.910378037089999452e+02,4.991282206981999821e+02,-2.425728797999749942e-01
1.590000000000000036e+01,3.449823529411765399e+00,9.754588235294118448e+00,6.304764705882353049e+00,5.915518238030000475e+02,4.991425285522000195e+02,-2.465090367999930032e-01
1.590399999999999991e+01,3.459000000000000075e+00,9.759999999999999787e+00,6.301000000000000156e+00,5.917504710069999874e+02,4.991438562961999992e+02,-2.456695251999890806e-01
1.591000000000000014e+01,3.470076923076923503e+00,9.777538461538462400e+00,6.307461538461539341e+00,5.920484418129999540e+02,4.991458479121999972e+02,-2.444102577999829884e-01
1.591699999999999982e+01,3.483000000000000096e+00,9.798000000000000043e+00,6.315000000000000391e+00,5.924047969324000178e+02,4.991304771028999880e+02,-2.323766767999861094e-01
1.591999999999999993e+01,3.483000000000000096e+00,9.800000000000000711e+00,6.317000000000000171e+00,5.925575205549999964e+02,4.991238896131999923e+02,-2.272194277999869949e-01
1.592999999999999972e+01,3.483000000000000096e+00,9.806666666666666643e+00,6.323666666666666103e+00,5.930597554150000406e+02,4.991165436722000095e+02,-2.160817127999629939e-01
1.593500000000000050e+01,3.483000000000000096e+00,9.810000000000000497e+00,6.326999999999999957e+00,5.933052267190000748e+02,4.991240475347000256e+02,-2.160535797999629803e-01
1.593999999999999950e+01,3.483000000000000096e+00,9.814117647058823835e+00,6.331117647058823295e+00,5.935506980229999954e+02,4.991315513971999849e+02,-2.160254467999629946e-01
1.594999999999999929e+01,3.483000000000000096e+00,9.822352941176470509e+00,6.339352941176469969e+00,5.940406743290000122e+02,4.991634890422000126e+02,-2.280292037999629984e-01
1.595199999999999996e+01,3.483000000000000096e+00,9.823999999999999844e+00,6.341000000000000192e+00,5.941408258882000837e+02,4.991671958443999984e+02,-2.302200163999683913e-01
1.596000000000000085e+01,3.436846153846148333e+00,9.792615384615380947e+00,6.355769230769232614e+00,5.945414321250000285e+02,4.991820230531999982e+02,-2.389832667999879923e-01
1.596499999999999986e+01,3.407999999999999918e+00,9.772999999999999687e+00,6.365000000000000213e+00,5.947892561820000310e+02,4.991746333661999984e+02,-2.399020712999923310e-01
1.597000000000000064e+01,3.419176470588237482e+00,9.776529411764705912e+00,6.357352941176469763e+00,5.950370802390000335e+02,4.991672436791999985e+02,-2.408208757999970029e-01
1.598000000000000043e+01,3.441529411764708168e+00,9.783588235294118363e+00,6.342058823529410638e+00,5.955282490209999651e+02,4.991432010542000057e+02,-2.406267867999989929e-01
1.598199999999999932e+01,3.446000000000000174e+00,9.785000000000000142e+00,6.339000000000000412e+00,5.956280636577998848e+02,4.991422825754000314e+02,-2.424013534000006576e-01
1.599000000000000021e+01,3.434235294117646387e+00,9.773705882352940577e+00,6.339470588235294635e+00,5.960273222050000186e+02,4.991386086602000205e+02,-2.494996198000120069e-01
1.599900000000000055e+01,3.420999999999999819e+00,9.760999999999999233e+00,6.339999999999999858e+00,5.964762321790000215e+02,4.991389586359999839e+02,-2.602010608000135394e-01
1.600000000000000000e+01,3.420315789473684198e+00,9.761052631578946759e+00,6.340736842105262561e+00,5.965261110650000091e+02,4.991389975221999862e+02,-2.613901098000129819e-01
1.601000000000000156e+01,3.413473684210525771e+00,9.761578947368420245e+00,6.348105263157895806e+00,5.970338527750000139e+02,4.991229195121999851e+02,-2.592204208000030152e-01
1.601800000000000068e+01,3.407999999999999918e+00,9.762000000000000455e+00,6.354000000000000092e+00,5.974405691206000029e+02,4.991149287385999855e+02,-2.479016783999939966e-01
1.601999999999999957e+01,3.407999999999999918e+00,9.764999999999998792e+00,6.356999999999998430e+00,5.975422482069999432e+02,4.991129310452000141e+02,-2.450719927999930048e-01
1.603000000000000114e+01,3.407999999999999918e+00,9.780000000000002913e+00,6.372000000000002551e+00,5.980382383510000182e+02,4.991272465651999823e+02,-2.390121227999650044e-01
1.603399999999999892e+01,3.407999999999999918e+00,9.785999999999999588e+00,6.378000000000000114e+00,5.982377877469999703e+02,4.991338257543999930e+02,-2.405909535999720406e-01
1.603999999999999915e+01,3.367384615384618751e+00,9.740307692307695220e+00,6.372923076923077801e+00,5.985371118409999553e+02,4.991436945382000090e+02,-2.429591997999840103e-01
1.604700000000000060e+01,3.319999999999999840e+00,9.686999999999999389e+00,6.366999999999999993e+00,5.988927506503999894e+02,4.991408735305000164e+02,-2.393701093999866247e-01
1.605000000000000071e+01,3.336666666666666448e+00,9.707833333333333314e+00,6.371166666666666423e+00,5.990451672829999552e+02,4.991396645272000114e+02,-2.378319277999879910e-01
1.605999999999999872e+01,3.392222222222208927e+00,9.777277777777760193e+00,6.385055555555552154e+00,5.995473698490000061e+02,4.991153351951999753e+02,-2.136342167999880082e-01
1.606500000000000128e+01,3.419999999999999929e+00,9.811999999999999389e+00,6.392000000000000348e+00,5.997910148440000739e+02,4.991197387757000001e+02,-2.110955357999891036e-01
1.607000000000000028e+01,3.442352941176466619e+00,9.829941176470583741e+00,6.387588235294118455e+00,6.000346598390000281e+02,4.991241423562000250e+02,-2.085568547999920030e-01
1.607999999999999829e+01,3.487058823529400442e+00,9.865823529411754222e+00,6.378764705882354669e+00,6.005228972410000097e+02,4.991689947301999837e+02,-2.226065758000030093e-01
1.608200000000000074e+01,3.495999999999999996e+00,9.872999999999999332e+00,6.376999999999999780e+00,6.006197397854001565e+02,4.991745193996000012e+02,-2.238045315999984963e-01
1.608999999999999986e+01,3.442461538461536463e+00,9.812692307692305604e+00,6.370230769230769141e+00,6.010071099629999480e+02,4.991966180772000143e+02,-2.285963547999740053e-01
1.609499999999999886e+01,3.408999999999999808e+00,9.775000000000000355e+00,6.365999999999999659e+00,6.012534065169999167e+02,4.991896650077000004e+02,-2.230169972999919703e-01
1.610000000000000142e+01,3.419277777777782745e+00,9.785000000000005471e+00,6.365722222222221838e+00,6.014997030709999990e+02,4.991827119381999864e+02,-2.174376398000059940e-01
1.610999999999999943e+01,3.439833333333333520e+00,9.804999999999999716e+00,6.365166666666667084e+00,6.020065606250000201e+02,4.991645766652000020e+02,-2.162608957999730130e-01
1.611299999999999955e+01,3.446000000000000174e+00,9.810999999999999943e+00,6.365000000000000213e+00,6.021598767931999419e+02,4.991634030849999704e+02,-2.192226682999699472e-01
1.612000000000000099e+01,3.456294117647061626e+00,9.811823529411764611e+00,6.355529411764703873e+00,6.025176145189999488e+02,4.991606647311999723e+02,-2.261334707999639870e-01
1.612999999999999901e+01,3.471000000000000085e+00,9.813000000000000611e+00,6.341999999999999638e+00,6.030220758949999436e+02,4.991494110922000118e+02,-2.229815257999779865e-01
1.614000000000000057e+01,3.441588235294112064e+00,9.791235294117642596e+00,6.349647058823530976e+00,6.035385756450000372e+02,4.991378289612000003e+02,-2.238257698000110096e-01
1.614699999999999847e+01,3.420999999999999819e+00,9.775999999999999801e+00,6.355000000000000426e+00,6.038985274763999769e+02,4.991331483069000114e+02,-2.209291634999986931e-01
1.614999999999999858e+01,3.425333333333333119e+00,9.773833333333332263e+00,6.348500000000000476e+00,6.040527925469999673e+02,4.991311423121999837e+02,-2.196877607999929982e-01
1.616000000000000014e+01,3.439777777777779377e+00,9.766611111111110688e+00,6.326833333333330422e+00,6.045476970229999552e+02,4.991293840582000030e+02,-2.095713968000010030e-01
1.616499999999999915e+01,3.447000000000000064e+00,9.762999999999999901e+00,6.315999999999999837e+00,6.047983179509999445e+02,4.991431828031999771e+02,-2.120643432999986255e-01
1.617000000000000171e+01,3.432384615384609816e+00,9.753384615384611322e+00,6.321000000000001506e+00,6.050489388790000476e+02,4.991569815482000081e+02,-2.145572897999979967e-01
1.617800000000000082e+01,3.408999999999999808e+00,9.737999999999999545e+00,6.328999999999999737e+00,6.054541542069999878e+02,4.991752884194000330e+02,-2.201317706000016916e-01
1.617999999999999972e+01,3.408999999999999808e+00,9.742235294117644884e+00,6.333235294117645076e+00,6.055554580389999728e+02,4.991798651372000108e+02,-2.215253908000019978e-01
1.619000000000000128e+01,3.408999999999999808e+00,9.763411764705884011e+00,6.354411764705884202e+00,6.060485378710000077e+02,4.991749801412000238e+02,-2.163984338000060070e-01
1.619500000000000028e+01,3.408999999999999808e+00,9.773999999999999133e+00,6.365000000000000213e+00,6.062926669050000328e+02,4.991709046496999918e+02,-2.118297172999989986e-01
1.619999999999999929e+01,3.409357142857142531e+00,9.778999999999998138e+00,6.369642857142856940e+00,6.065367959389999442e+02,4.991668291582000165e+02,-2.072610007999919901e-01
1.620899999999999963e+01,3.410000000000000142e+00,9.788000000000000256e+00,6.378000000000000114e+00,6.069828031124000063e+02,4.991706511135000142e+02,-2.089752785000007773e-01
1.621000000000000085e+01,3.410705882352942364e+00,9.788705882352942922e+00,6.378000000000000114e+00,6.070323594650000132e+02,4.991710757751999950e+02,-2.091657538000019911e-01
1.621999999999999886e+01,3.417764705882352594e+00,9.795764705882353596e+00,6.378000000000000114e+00,6.075147417289999794e+02,4.991605790062000096e+02,-2.020213647999969941e-01
1.622599999999999909e+01,3.422000000000000153e+00,9.800000000000000711e+00,6.378000000000000114e+00,6.078065678509999543e+02,4.991544071583999767e+02,-2.007346629999911536e-01
1.623000000000000043e+01,3.413294117647055703e+00,9.797882352941176265e+00,6.384588235294120118e+00,6.080011185990000513e+02,4.991502925931999926e+02,-1.998768617999870101e-01
1.623999999999999844e+01,3.391529411764706126e+00,9.792588235294118704e+00,6.401058823529410802e+00,6.085058402610000030e+02,4.991520288731999813e+02,-2.097707727999779947e-01
1.624299999999999855e+01,3.384999999999999787e+00,9.791000000000000369e+00,6.405999999999999694e+00,6.086566312805999814e+02,4.991477147589000083e+02,-2.103220113999806351e-01
1.625000000000000000e+01,3.371999999999999886e+00,9.766500000000000625e+00,6.394499999999999851e+00,6.090084769930000448e+02,4.991376484922000145e+02,-2.116082347999869995e-01
1.625700000000000145e+01,3.358999999999999986e+00,9.742000000000000881e+00,6.383000000000000007e+00,6.093627769796000848e+02,4.991214344313999618e+02,-2.065721813999839285e-01
1.626000000000000156e+01,3.378941176470589447e+00,9.757000000000001450e+00,6.378058823529411114e+00,6.095146198310000045e+02,4.991144855481999798e+02,-2.044138727999829930e-01
1.626999999999999957e+01,3.445411764705872404e+00,9.806999999999993278e+00,6.361588235294120430e+00,6.100273273750000271e+02,4.991166954601999919e+02,-2.093076457999779871e-01
1.627400000000000091e+01,3.471999999999999975e+00,9.826999999999999957e+00,6.355000000000000426e+00,6.102316468774000668e+02,4.991239363021999793e+02,-2.140877705999792435e-01
1.628000000000000114e+01,3.481176470588235983e+00,9.840058823529412635e+00,6.358882352941177096e+00,6.105381261310000127e+02,4.991347975652000173e+02,-2.212579577999790048e-01
1.628999999999999915e+01,3.496470588235292443e+00,9.861823529411763545e+00,6.365352941176469770e+00,6.110437858389999519e+02,4.991376421322000283e+02,-2.161554727999820125e-01
1.629100000000000037e+01,3.498000000000000220e+00,9.864000000000000767e+00,6.365999999999999659e+00,6.110948736405999853e+02,4.991375582108000231e+02,-2.149438039999808092e-01
1.630000000000000071e+01,3.441428571428566840e+00,9.817071428571425784e+00,6.375642857142858055e+00,6.115546638549999443e+02,4.991368029181999759e+02,-2.040387847999829973e-01
1.630499999999999972e+01,3.410000000000000142e+00,9.791000000000000369e+00,6.381000000000000227e+00,6.118090346950000367e+02,4.991463226157000008e+02,-2.025157742999895150e-01
1.630999999999999872e+01,3.424705882352938602e+00,9.805411764705880273e+00,6.380705882352941671e+00,6.120634055350000153e+02,4.991558423132000257e+02,-2.009927637999960048e-01
1.632000000000000028e+01,3.454117647058826623e+00,9.834235294117650739e+00,6.380117647058823671e+00,6.125558900170000243e+02,4.991789333401999897e+02,-2.059647057999909880e-01
1.632199999999999918e+01,3.459999999999999964e+00,9.839999999999999858e+00,6.379999999999999893e+00,6.126543464778000043e+02,4.991807503601999656e+02,-2.053492099999942033e-01
1.632999999999999829e+01,3.485499999999994269e+00,9.858499999999995822e+00,6.373000000000001108e+00,6.130481723210000382e+02,4.991880184401999827e+02,-2.028872268000060097e-01
1.633800000000000097e+01,3.511000000000000121e+00,9.877000000000000668e+00,6.365999999999999659e+00,6.134360387194001305e+02,4.991733480697999994e+02,-1.899491011999885071e-01
1.633999999999999986e+01,3.502555555555560751e+00,9.870333333333338288e+00,6.367777777777776649e+00,6.135330053190000399e+02,4.991696804772000178e+02,-1.867145697999869902e-01
1.635000000000000142e+01,3.460333333333333261e+00,9.836999999999999744e+00,6.376666666666666039e+00,6.140258831950000058e+02,4.991507860262000236e+02,-1.745381857999870057e-01
1.635600000000000165e+01,3.435000000000000053e+00,9.817000000000000171e+00,6.381999999999999673e+00,6.143260471702000132e+02,4.991564725790000239e+02,-1.834915327999801227e-01
1.635999999999999943e+01,3.435307692307692395e+00,9.824999999999997513e+00,6.389692307692304674e+00,6.145261564869999802e+02,4.991602636142000051e+02,-1.894604307999719905e-01
1.636899999999999977e+01,3.435999999999999943e+00,9.842999999999999972e+00,6.407000000000000028e+00,6.149721654585998749e+02,4.991640569927000115e+02,-1.992746598999933227e-01
1.637000000000000099e+01,3.435999999999999943e+00,9.843058823529410972e+00,6.407058823529411917e+00,6.150217220109999516e+02,4.991644784791999996e+02,-2.003651297999969882e-01
1.637999999999999901e+01,3.435999999999999943e+00,9.843647058823529861e+00,6.407647058823529918e+00,6.155139454989999876e+02,4.991395050692000268e+02,-1.971675028000109964e-01
1.638599999999999923e+01,3.435999999999999943e+00,9.843999999999999417e+00,6.408000000000000362e+00,6.158153722989999324e+02,4.991230680716000165e+02,-1.946424411999999049e-01
1.639000000000000057e+01,3.433111111111110336e+00,9.846666666666667567e+00,6.413555555555557675e+00,6.160163234990000092e+02,4.991121100731999718e+02,-1.929590667999920017e-01
1.639999999999999858e+01,3.425888888888889650e+00,9.853333333333331723e+00,6.427444444444442517e+00,6.165264342409999472e+02,4.991071709962000114e+02,-1.948281758000010022e-01
1.640399999999999991e+01,3.423000000000000043e+00,9.855999999999999872e+00,6.432999999999999829e+00,6.167260521233999953e+02,4.991125507326000275e+02,-1.968027621999997590e-01
1.641000000000000014e+01,3.446538461538459330e+00,9.879999999999997229e+00,6.433461538461538787e+00,6.170254789470000105e+02,4.991206203372000232e+02,-1.997646417999970059e-01
1.641700000000000159e+01,3.474000000000000199e+00,9.907999999999999474e+00,6.434000000000000163e+00,6.173815993662000210e+02,4.991339281569000264e+02,-2.032323934999936688e-01
1.642000000000000171e+01,3.467294117647058638e+00,9.903235294117646248e+00,6.435941176470588942e+00,6.175342224029999443e+02,4.991396315082000115e+02,-2.047185727999920046e-01
1.642999999999999972e+01,3.444941176470591504e+00,9.887352941176473564e+00,6.442411764705881616e+00,6.180369435430000067e+02,4.991413137662000281e+02,-1.976126277999870062e-01
1.643400000000000105e+01,3.435999999999999943e+00,9.881000000000000227e+00,6.445000000000000284e+00,6.182321999286000391e+02,4.991388718242000095e+02,-1.883605161999753475e-01
1.644000000000000128e+01,3.415000000000000036e+00,9.864000000000000767e+00,6.448999999999999844e+00,6.185250845069999741e+02,4.991352089111999817e+02,-1.744823487999619949e-01
1.644999999999999929e+01,3.380000000000008331e+00,9.835666666666673663e+00,6.455666666666664888e+00,6.190262119230000053e+02,4.991648101932000259e+02,-1.774753238000049971e-01
1.645200000000000173e+01,3.373000000000000220e+00,9.830000000000000071e+00,6.456999999999999851e+00,6.191276243662001662e+02,4.991709935828000084e+02,-1.794745922000053340e-01
1.646000000000000085e+01,3.403769230769231768e+00,9.869384615384616311e+00,6.465615384615384542e+00,6.195332741390000137e+02,4.991957271411999955e+02,-1.874716657999959957e-01
1.646499999999999986e+01,3.423000000000000043e+00,9.894000000000000128e+00,6.471000000000000085e+00,6.197793998100000863e+02,4.991917674116999706e+02,-1.824029103000004981e-01
1.646999999999999886e+01,3.441529411764702839e+00,9.919294117647055486e+00,6.477764705882352203e+00,6.200255254810000451e+02,4.991878076822000025e+02,-1.773341548000050005e-01
1.648000000000000043e+01,3.478588235294121755e+00,9.969882352941182191e+00,6.491294117647059991e+00,6.205191735170000129e+02,4.991729672302000154e+02,-1.641718957999709905e-01
1.648199999999999932e+01,3.486000000000000210e+00,9.980000000000000426e+00,6.493999999999999773e+00,6.206202374605999239e+02,4.991747278348000236e+02,-1.649556299999745124e-01
1.648999999999999844e+01,3.480666666666667464e+00,9.986222222222220779e+00,6.505555555555553759e+00,6.210244932350000227e+02,4.991817702531999998e+02,-1.680905667999899877e-01
1.650000000000000000e+01,3.474000000000000199e+00,9.993999999999999773e+00,6.519999999999999574e+00,6.215240504790000386e+02,4.991862413381999772e+02,-1.709952297999760007e-01
1.651000000000000156e+01,3.422823529411755050e+00,9.952823529411755743e+00,6.530000000000002025e+00,6.220177000690000568e+02,4.991713761902000215e+02,-1.648329288000039972e-01
1.651699999999999946e+01,3.387000000000000011e+00,9.923999999999999488e+00,6.536999999999999922e+00,6.223774538060000623e+02,4.991701675975000398e+02,-1.682486572000001512e-01
1.651999999999999957e+01,3.392769230769230315e+00,9.926076923076921688e+00,6.533307692307692705e+00,6.225316339790000484e+02,4.991696496292000234e+02,-1.697125407999990065e-01
1.653000000000000114e+01,3.411999999999999922e+00,9.932999999999999829e+00,6.520999999999999908e+00,6.230389775910000481e+02,4.991605460832000176e+02,-1.715675728000090050e-01
1.653999999999999915e+01,3.440333333333332355e+00,9.954666666666666330e+00,6.514333333333333975e+00,6.235309147570000050e+02,4.991405856811999797e+02,-1.623876567999950060e-01
1.654799999999999827e+01,3.463000000000000078e+00,9.971999999999999531e+00,6.509000000000000341e+00,6.239225728497999626e+02,4.991437178468000297e+02,-1.615115743999688269e-01
1.655000000000000071e+01,3.453111111111099696e+00,9.964999999999990976e+00,6.511888888888893057e+00,6.240204873730000372e+02,4.991445008882000138e+02,-1.612925537999619907e-01
1.655999999999999872e+01,3.403666666666666618e+00,9.929999999999999716e+00,6.526333333333333542e+00,6.245190772050000305e+02,4.991659195331999967e+02,-1.712572698000099924e-01
1.656599999999999895e+01,3.374000000000000110e+00,9.909000000000000696e+00,6.535000000000000142e+00,6.248140869545999294e+02,4.991671432481999773e+02,-1.693959479999838091e-01
1.657000000000000028e+01,3.382222222222224683e+00,9.917222222222225270e+00,6.535000000000000142e+00,6.250107601209999757e+02,4.991679590581999832e+02,-1.681550667999660020e-01
1.657999999999999829e+01,3.402777777777775459e+00,9.937777777777775157e+00,6.535000000000000142e+00,6.255046087810000017e+02,4.991671492291999925e+02,-1.560422707999659930e-01
1.658399999999999963e+01,3.411000000000000032e+00,9.945999999999999730e+00,6.535000000000000142e+00,6.257066902706000064e+02,4.991714818336000121e+02,-1.540125887999672372e-01
1.658999999999999986e+01,3.400428571428571356e+00,9.942285714285713283e+00,6.541857142857143259e+00,6.260098125050000135e+02,4.991779807401999847e+02,-1.509680657999699915e-01
1.660000000000000142e+01,3.382809523809521934e+00,9.936095238095237647e+00,6.553285714285715713e+00,6.265119661070000348e+02,4.991896078702000068e+02,-1.548974047999900072e-01
1.660500000000000043e+01,3.374000000000000110e+00,9.932999999999999829e+00,6.559000000000000163e+00,6.267643831590000900e+02,4.991894899902000020e+02,-1.563408462999830162e-01
1.660999999999999943e+01,3.359769230769231729e+00,9.919538461538461860e+00,6.559769230769230575e+00,6.270168002110000316e+02,4.991893721101999972e+02,-1.577842877999759974e-01
1.661799999999999855e+01,3.337000000000000188e+00,9.897999999999999687e+00,6.560999999999999943e+00,6.274221941693998588e+02,4.991764753925999685e+02,-1.528485725999997047e-01
1.662000000000000099e+01,3.350294117647072856e+00,9.911058823529424799e+00,6.560764705882352388e+00,6.275235426589999861e+02,4.991732512131999897e+02,-1.516146438000040009e-01
1.662999999999999901e+01,3.416764705882342046e+00,9.976352941176459765e+00,6.559588235294118164e+00,6.280284589090000509e+02,4.991540282702000013e+02,-1.434344487999660023e-01
1.663500000000000156e+01,3.450000000000000178e+00,1.000900000000000034e+01,6.559000000000000163e+00,6.282812614850000728e+02,4.991559303337000415e+02,-1.463849407999815444e-01
1.664000000000000057e+01,3.420294117647063814e+00,9.986941176470592652e+00,6.566647058823527949e+00,6.285340640609999809e+02,4.991578323972000248e+02,-1.493354327999950049e-01
1.664999999999999858e+01,3.360882352941191531e+00,9.942823529411775496e+00,6.581941176470584409e+00,6.290422664589999613e+02,4.991687784572000055e+02,-1.602610687999619921e-01
1.665200000000000102e+01,3.349000000000000199e+00,9.933999999999999275e+00,6.584999999999999964e+00,6.291426796762000322e+02,4.991679012338000234e+02,-1.600356347999665474e-01
1.666000000000000014e+01,3.349000000000000199e+00,9.950000000000001066e+00,6.600999999999999979e+00,6.295443325449999747e+02,4.991643923401999814e+02,-1.591338987999859900e-01
1.666499999999999915e+01,3.349000000000000199e+00,9.960000000000000853e+00,6.610999999999999766e+00,6.297910433439999451e+02,4.991589565021999988e+02,-1.560598183000005967e-01
1.667000000000000171e+01,3.373722222222234279e+00,9.984166666666679291e+00,6.610444444444444123e+00,6.300377541430000292e+02,4.991535206642000162e+02,-1.529857378000130108e-01
1.667999999999999972e+01,3.423166666666666913e+00,1.003250000000000064e+01,6.609333333333333727e+00,6.305334884410000313e+02,4.991547757051999952e+02,-1.538798917999900095e-01
1.668299999999999983e+01,3.438000000000000167e+00,1.004700000000000060e+01,6.608999999999999986e+00,6.306812071977999494e+02,4.991569043311999962e+02,-1.523545306999916915e-01
1.669000000000000128e+01,3.432647058823528052e+00,1.003135294117646659e+01,6.598705882352938978e+00,6.310258842969999478e+02,4.991618711251999798e+02,-1.487953547999950055e-01
1.669999999999999929e+01,3.424999999999999822e+00,1.000900000000000034e+01,6.583999999999999631e+00,6.315279234590000215e+02,4.991755020471999842e+02,-1.507317758000039920e-01
1.671000000000000085e+01,3.404444444444441942e+00,9.975666666666663573e+00,6.571222222222220744e+00,6.320342974390000563e+02,4.991833813412000040e+02,-1.496469207999709949e-01
1.671799999999999997e+01,3.387999999999999901e+00,9.948999999999999844e+00,6.560999999999999943e+00,6.324263632534000408e+02,4.991793675932000269e+02,-1.367454584000002693e-01
1.671999999999999886e+01,3.384941176470589674e+00,9.938529411764710275e+00,6.553588235294121489e+00,6.325243797069999800e+02,4.991783641562000184e+02,-1.335200928000090104e-01
1.673000000000000043e+01,3.369647058823528329e+00,9.886176470588230458e+00,6.516529411764702573e+00,6.330086754630000314e+02,4.991869862081999827e+02,-1.324427697999749909e-01
1.673499999999999943e+01,3.362000000000000099e+00,9.859999999999999432e+00,6.498000000000000220e+00,6.332589976960000513e+02,4.991972462896999900e+02,-1.394233272999804985e-01
1.673999999999999844e+01,3.381615384615378250e+00,9.866153846153842721e+00,6.484538461538465803e+00,6.335093199289999575e+02,4.992075063711999974e+02,-1.464038847999860060e-01
1.674800000000000111e+01,3.412999999999999812e+00,9.875999999999999446e+00,6.463000000000000078e+00,6.339109747513999764e+02,4.992039664312000014e+02,-1.543020959999802100e-01
1.675000000000000000e+01,3.417222222222220385e+00,9.878777777777775881e+00,6.461555555555555941e+00,6.340113884569999527e+02,4.992030814461999739e+02,-1.562766487999769915e-01
1.676000000000000156e+01,3.438333333333338349e+00,9.892666666666670494e+00,6.454333333333331701e+00,6.345119968129999961e+02,4.991715930921999984e+02,-1.480541387999939895e-01
1.676599999999999824e+01,3.451000000000000068e+00,9.900999999999999801e+00,6.450000000000000178e+00,6.348142118089998576e+02,4.991624042757999860e+02,-1.479544895999940213e-01
1.676999999999999957e+01,3.433352941176468054e+00,9.883352941176468676e+00,6.450000000000000178e+00,6.350156884729999547e+02,4.991562783982000155e+02,-1.478880567999940054e-01
1.678000000000000114e+01,3.389235294117645125e+00,9.839235294117646191e+00,6.450000000000000178e+00,6.355206374609999784e+02,4.991540317902000083e+02,-1.547678457999989987e-01
1.678300000000000125e+01,3.375999999999999890e+00,9.826000000000000512e+00,6.450000000000000178e+00,6.356688782219999894e+02,4.991522807055000044e+02,-1.541286864999961426e-01
1.678999999999999915e+01,3.395444444444441601e+00,9.840777777777775626e+00,6.445333333333334025e+00,6.360147733310000149e+02,4.991481948411999952e+02,-1.526373147999899871e-01
1.680000000000000071e+01,3.423222222222228606e+00,9.861888888888893590e+00,6.438666666666664540e+00,6.365194359969999596e+02,4.991509612411999797e+02,-1.535348147999660018e-01
1.680099999999999838e+01,3.426000000000000156e+00,9.864000000000000767e+00,6.437999999999999723e+00,6.365705727151998872e+02,4.991517755532999558e+02,-1.540263151999644586e-01
1.680999999999999872e+01,3.399692307692310234e+00,9.846692307692309853e+00,6.446999999999999176e+00,6.370308031790000314e+02,4.991591043622000257e+02,-1.584498187999610064e-01
1.681400000000000006e+01,3.387999999999999901e+00,9.839000000000000412e+00,6.450999999999999623e+00,6.372307390070000110e+02,4.991589129946000298e+02,-1.548046427999775487e-01
1.682000000000000028e+01,3.379176470588234782e+00,9.830529411764706182e+00,6.451352941176470068e+00,6.375306427489999805e+02,4.991586259431999792e+02,-1.493368788000040137e-01
1.682999999999999829e+01,3.364470588235295878e+00,9.816411764705883058e+00,6.451941176470588069e+00,6.380268604410000535e+02,4.991689550471999723e+02,-1.412628807999649905e-01
1.683099999999999952e+01,3.362999999999999989e+00,9.814999999999999503e+00,6.451999999999999957e+00,6.380774838580000505e+02,4.991717425900999956e+02,-1.419614583999663504e-01
1.683999999999999986e+01,3.413499999999999979e+00,9.871500000000001052e+00,6.458000000000000185e+00,6.385330946110000241e+02,4.991968304761999775e+02,-1.482486567999710125e-01
1.684900000000000020e+01,3.463999999999999968e+00,9.928000000000000824e+00,6.464000000000000412e+00,6.389888315925999223e+02,4.992039154903999929e+02,-1.490722765000006000e-01
1.685000000000000142e+01,3.456307692307681645e+00,9.920230769230759194e+00,6.463923076923077105e+00,6.390394690350000246e+02,4.992047027141999820e+02,-1.491637898000039986e-01
1.685999999999999943e+01,3.379384615384608992e+00,9.842538461538454797e+00,6.463153846153845805e+00,6.395400493570000435e+02,4.991912490391999881e+02,-1.390049008000129871e-01
1.686199999999999832e+01,3.363999999999999879e+00,9.826999999999999957e+00,6.463000000000000078e+00,6.396413180938000096e+02,4.991894218694000074e+02,-1.379759198000033160e-01
1.687000000000000099e+01,3.351764705882350981e+00,9.827470588235293292e+00,6.475705882352943199e+00,6.400463930409999875e+02,4.991821131902000275e+02,-1.338599957999609957e-01
1.687900000000000134e+01,3.338000000000000078e+00,9.827999999999999403e+00,6.490000000000000213e+00,6.404972527840000112e+02,4.991798892218000105e+02,-1.391518868999883640e-01
1.687999999999999901e+01,3.343611111111099099e+00,9.832888888888877688e+00,6.489277777777779477e+00,6.405473483109999506e+02,4.991796421142000213e+02,-1.397398747999900048e-01
1.689000000000000057e+01,3.399722222222227863e+00,9.881777777777783101e+00,6.482055555555555237e+00,6.410328439109999863e+02,4.991672525742000062e+02,-1.515882387999900049e-01
1.689699999999999847e+01,3.439000000000000057e+00,9.916000000000000369e+00,6.477000000000000313e+00,6.413802755969999225e+02,4.991485330691999707e+02,-1.493448921000007368e-01
1.689999999999999858e+01,3.427461538461539448e+00,9.913000000000000256e+00,6.485538461538460808e+00,6.415291748910000251e+02,4.991405104241999879e+02,-1.483834578000050031e-01
1.691000000000000014e+01,3.388999999999999790e+00,9.903000000000000469e+00,6.514000000000000234e+00,6.420286132129999714e+02,4.991119707592000054e+02,-1.371715917999800083e-01
1.692000000000000171e+01,3.388999999999999790e+00,9.887999999999996348e+00,6.498999999999996113e+00,6.425244040649999988e+02,4.991122344881999879e+02,-1.360622228000039902e-01
1.692599999999999838e+01,3.388999999999999790e+00,9.878999999999999559e+00,6.490000000000000213e+00,6.428207859461998623e+02,4.991315338727999915e+02,-1.432644266000020483e-01
1.692999999999999972e+01,3.377888888888885610e+00,9.870999999999996888e+00,6.493111111111112166e+00,6.430183738670000366e+02,4.991444001291999939e+02,-1.480658958000050096e-01
1.694000000000000128e+01,3.350111111111104378e+00,9.850999999999995538e+00,6.500888888888890271e+00,6.435166203789999599e+02,4.991718301501999804e+02,-1.520518577999659948e-01
1.694399999999999906e+01,3.338999999999999968e+00,9.842999999999999972e+00,6.503999999999999559e+00,6.437175038197998447e+02,4.991760943557999894e+02,-1.500222009999687134e-01
1.694999999999999929e+01,3.356647058823530649e+00,9.869117647058825327e+00,6.512470588235294677e+00,6.440188289809999560e+02,4.991824906641999746e+02,-1.469777157999709871e-01
1.696000000000000085e+01,3.386058823529418227e+00,9.912647058823539581e+00,6.526588235294120466e+00,6.445216645609999659e+02,4.991821691302000090e+02,-1.418646887999749917e-01
1.696099999999999852e+01,3.388999999999999790e+00,9.916999999999999815e+00,6.527999999999999581e+00,6.445728466999999000e+02,4.991821875703000160e+02,-1.415533659999770599e-01
1.696999999999999886e+01,3.376500000000000057e+00,9.910999999999999588e+00,6.534499999999999531e+00,6.450334859509999887e+02,4.991823535312000217e+02,-1.387514607999890126e-01
1.697899999999999920e+01,3.363999999999999879e+00,9.904999999999999361e+00,6.541000000000000369e+00,6.454892734315999405e+02,4.991885527150000144e+02,-1.359719206000019331e-01
1.698000000000000043e+01,3.359588235294112213e+00,9.900470588235288361e+00,6.540882352941176592e+00,6.455399164850000489e+02,4.991892415131999883e+02,-1.356630828000029987e-01
1.698999999999999844e+01,3.315470588235295946e+00,9.855176470588236981e+00,6.539705882352941479e+00,6.460443522690000009e+02,4.991959837452000102e+02,-1.415746927999750049e-01
1.699599999999999866e+01,3.289000000000000146e+00,9.827999999999999403e+00,6.538999999999999702e+00,6.463478180897999437e+02,4.991964670422000268e+02,-1.457089165999781166e-01
1.700000000000000000e+01,3.303588235294120157e+00,9.836235294117647854e+00,6.532647058823528141e+00,6.465501286369999434e+02,4.991967892402000189e+02,-1.484650657999810053e-01
1.701000000000000156e+01,3.340058823529413523e+00,9.856823529411764540e+00,6.516764705882351905e+00,6.470437203410000393e+02,4.991829365721999920e+02,-1.383063237999890005e-01
1.701300000000000168e+01,3.350999999999999979e+00,9.862999999999999545e+00,6.511999999999999567e+00,6.471903609446001155e+02,4.991828970514000048e+02,-1.376735589999861509e-01
1.701999999999999957e+01,3.326888888888892115e+00,9.845111111111114255e+00,6.518222222222220807e+00,6.475325223529999903e+02,4.991828048361999777e+02,-1.361971077999800106e-01
1.703000000000000114e+01,3.292444444444436957e+00,9.819555555555549375e+00,6.527111111111112862e+00,6.480267484030000560e+02,4.991929387981999753e+02,-1.511230137999660106e-01
1.703099999999999881e+01,3.289000000000000146e+00,9.817000000000000171e+00,6.527999999999999581e+00,6.480769552557999305e+02,4.991924963056999900e+02,-1.521102901999688006e-01
1.703999999999999915e+01,3.328705882352943846e+00,9.856705882352944315e+00,6.527999999999999581e+00,6.485288169310000512e+02,4.991885138732000087e+02,-1.609957778000150053e-01
1.704799999999999827e+01,3.363999999999999879e+00,9.891999999999999460e+00,6.527999999999999581e+00,6.489315164317998779e+02,4.991666688771999816e+02,-1.504290553999906022e-01
1.705000000000000071e+01,3.365444444444446237e+00,9.893666666666668164e+00,6.528222222222222371e+00,6.490321913069999482e+02,4.991612076281999748e+02,-1.477873747999809972e-01
1.705999999999999872e+01,3.372666666666666480e+00,9.901999999999999247e+00,6.529333333333333655e+00,6.495308888770000522e+02,4.991456432191999966e+02,-1.376214577999899935e-01
1.706599999999999895e+01,3.376999999999999780e+00,9.907000000000000028e+00,6.530000000000000249e+00,6.498273204454000052e+02,4.991535439435999706e+02,-1.399834040000005331e-01
1.707000000000000028e+01,3.365615384615382233e+00,9.899307692307690587e+00,6.533692307692308354e+00,6.500249414910000496e+02,4.991588110931999722e+02,-1.415580348000080035e-01
1.707900000000000063e+01,3.339999999999999858e+00,9.881999999999999673e+00,6.541999999999999815e+00,6.504618869694000978e+02,4.991792466246000117e+02,-1.424329364999883940e-01
1.707999999999999829e+01,3.340705882352939415e+00,9.883470588235290677e+00,6.542764705882350817e+00,6.505104364669999768e+02,4.991815172391999909e+02,-1.425301477999859900e-01
1.708999999999999986e+01,3.347764705882352310e+00,9.898176470588234466e+00,6.550411764705882156e+00,6.509990401170000496e+02,4.992024047021999991e+02,-1.414951398000089955e-01
1.709600000000000009e+01,3.351999999999999869e+00,9.907000000000000028e+00,6.554999999999999716e+00,6.513064933829999745e+02,4.992067299869999601e+02,-1.432420158000003996e-01
1.710000000000000142e+01,3.366222222222226446e+00,9.915666666666668405e+00,6.549444444444442404e+00,6.515114622270000382e+02,4.992096135101999721e+02,-1.444065997999950113e-01
1.710999999999999943e+01,3.401777777777773348e+00,9.937333333333331353e+00,6.535555555555557561e+00,6.520228554450000047e+02,4.991997537042000204e+02,-1.422580367999849993e-01
1.711400000000000077e+01,3.415999999999999925e+00,9.945999999999999730e+00,6.530000000000000249e+00,6.522255753122000215e+02,4.991929045870000436e+02,-1.401887627999866270e-01
1.712000000000000099e+01,3.411411764705881922e+00,9.949882352941177288e+00,6.538470588235295367e+00,6.525296551129999898e+02,4.991826309112000217e+02,-1.370848517999899985e-01
1.712999999999999901e+01,3.403764705882354136e+00,9.956352941176470850e+00,6.552588235294115826e+00,6.530417641569999887e+02,4.991777811361999966e+02,-1.459538768000049891e-01
1.713100000000000023e+01,3.403000000000000025e+00,9.957000000000000739e+00,6.554000000000000270e+00,6.530927868084000920e+02,4.991770847325000204e+02,-1.469400759000050460e-01
1.714000000000000057e+01,3.352000000000000313e+00,9.919499999999999318e+00,6.567500000000000782e+00,6.535519906709999987e+02,4.991708170992000078e+02,-1.558158677999950115e-01
1.714900000000000091e+01,3.301000000000000156e+00,9.881999999999999673e+00,6.581000000000000405e+00,6.540088554138001200e+02,4.991581471278000208e+02,-1.529695161000069192e-01
1.714999999999999858e+01,3.301823529411763047e+00,9.881999999999999673e+00,6.580176470588237514e+00,6.540596181629999819e+02,4.991567393532000096e+02,-1.526532548000089917e-01
1.716000000000000014e+01,3.310058823529411498e+00,9.881999999999999673e+00,6.571941176470589063e+00,6.545626819569999952e+02,4.991524208192000174e+02,-1.485260817999899952e-01
1.716600000000000037e+01,3.314999999999999947e+00,9.881999999999999673e+00,6.567000000000000171e+00,6.548614410921999252e+02,4.991616584995999801e+02,-1.502922231999813951e-01
1.717000000000000171e+01,3.323222222222224520e+00,9.889777777777780443e+00,6.566555555555555479e+00,6.550606138489999921e+02,4.991678169531999743e+02,-1.514696507999760133e-01
1.717999999999999972e+01,3.343777777777775295e+00,9.909222222222219045e+00,6.565444444444445082e+00,6.555486771070000032e+02,4.991806287211999802e+02,-1.594063298000150120e-01
1.718400000000000105e+01,3.351999999999999869e+00,9.916999999999999815e+00,6.565000000000000391e+00,6.557473119262000409e+02,4.991751546415999883e+02,-1.557428054000079554e-01
1.719000000000000128e+01,3.322923076923071761e+00,9.884692307692301227e+00,6.561769230769230354e+00,6.560452641550000408e+02,4.991669435221999720e+02,-1.502475187999990081e-01
1.719699999999999918e+01,3.289000000000000146e+00,9.846999999999999531e+00,6.557999999999999829e+00,6.563888011473999313e+02,4.991550353230999804e+02,-1.417290284000005673e-01
1.719999999999999929e+01,3.293588235294118149e+00,9.851058823529411868e+00,6.557470588235293718e+00,6.565360312870000143e+02,4.991499318091999839e+02,-1.380782467999999985e-01
1.721000000000000085e+01,3.308882352941179494e+00,9.864588235294119656e+00,6.555705882352940606e+00,6.570308800970000220e+02,4.991491507552000257e+02,-1.339653817999809926e-01
1.721399999999999864e+01,3.314999999999999947e+00,9.869999999999999218e+00,6.554999999999999716e+00,6.572286956545999601e+02,4.991580291843999930e+02,-1.371527205999718557e-01
1.721999999999999886e+01,3.319588235294117062e+00,9.874588235294115890e+00,6.554999999999999716e+00,6.575254189910000377e+02,4.991713468282000008e+02,-1.419337287999609953e-01
1.723000000000000043e+01,3.327235294117646180e+00,9.882235294117645452e+00,6.554999999999999716e+00,6.580261758990000089e+02,4.991898949512000172e+02,-1.488878157999669882e-01
1.723100000000000165e+01,3.327999999999999847e+00,9.882999999999999119e+00,6.554999999999999716e+00,6.580763198764001345e+02,4.991905534859000113e+02,-1.490789854999682584e-01
1.723999999999999844e+01,3.327999999999999847e+00,9.882999999999999119e+00,6.554999999999999716e+00,6.585276156730000139e+02,4.991964802982000151e+02,-1.507995127999769980e-01
1.724800000000000111e+01,3.327999999999999847e+00,9.882999999999999119e+00,6.554999999999999716e+00,6.589328733690000490e+02,4.991859711966000077e+02,-1.482722671999869568e-01
1.725000000000000000e+01,3.329999999999998739e+00,9.885159999999997282e+00,6.555159999999999876e+00,6.590341877930000010e+02,4.991833439211999917e+02,-1.476404557999899947e-01
1.726000000000000156e+01,3.340000000000001190e+00,9.895960000000000534e+00,6.555959999999999788e+00,6.595464099450000504e+02,4.991765115221999736e+02,-1.525024347999849872e-01
1.726999999999999957e+01,3.350000000000000089e+00,9.906760000000000232e+00,6.556760000000000588e+00,6.600512438270000075e+02,4.991762792902000001e+02,-1.543893237999940105e-01
1.727299999999999969e+01,3.353000000000000203e+00,9.910000000000000142e+00,6.557000000000000384e+00,6.602008285207999734e+02,4.991773050639999951e+02,-1.549596702999972431e-01
1.728000000000000114e+01,3.347944444444443501e+00,9.899888888888886740e+00,6.551944444444443683e+00,6.605498594729999695e+02,4.991796985362000214e+02,-1.562904788000049894e-01
1.728999999999999915e+01,3.340722222222222815e+00,9.885444444444447143e+00,6.544722222222222996e+00,6.610474758569999949e+02,4.991830748951999794e+02,-1.541916787999950134e-01
1.729100000000000037e+01,3.339999999999999858e+00,9.884000000000000341e+00,6.543999999999999595e+00,6.610966781698000432e+02,4.991826826492999771e+02,-1.530793422999914277e-01
1.730000000000000071e+01,3.326764705882351958e+00,9.884529411764706452e+00,6.557764705882354050e+00,6.615394989850000229e+02,4.991791524362000132e+02,-1.430683137999710086e-01
1.730799999999999983e+01,3.314999999999999947e+00,9.884999999999999787e+00,6.570000000000000284e+00,6.619328438969999979e+02,4.991808066354000175e+02,-1.341865897999966195e-01
1.730999999999999872e+01,3.322111111111107018e+00,9.890777777777774560e+00,6.568666666666667986e+00,6.620311801249999917e+02,4.991812201852000044e+02,-1.319661588000040076e-01
1.732000000000000028e+01,3.357666666666666799e+00,9.919666666666666188e+00,6.562000000000000277e+00,6.625322215789999518e+02,4.991947835241999769e+02,-1.369025828000000056e-01
1.732600000000000051e+01,3.379000000000000004e+00,9.936999999999999389e+00,6.557999999999999829e+00,6.628293557005999901e+02,4.992009065679999935e+02,-1.434581281999817437e-01
1.732999999999999829e+01,3.381823529411763118e+00,9.945705882352935845e+00,6.563882352941173615e+00,6.630274451149999777e+02,4.992049885971999856e+02,-1.478284917999669879e-01
1.733999999999999986e+01,3.388882352941176457e+00,9.967470588235293860e+00,6.578588235294117403e+00,6.635199818910000431e+02,4.991920702421999749e+02,-1.396732937999849988e-01
1.734299999999999997e+01,3.391000000000000014e+00,9.974000000000000199e+00,6.583000000000000185e+00,6.636670586021999725e+02,4.991896549131000143e+02,-1.381320440999863897e-01
1.735000000000000142e+01,3.381666666666665044e+00,9.969333333333333158e+00,6.587666666666667226e+00,6.640102375950000351e+02,4.991840191452000113e+02,-1.345357947999890058e-01
1.735999999999999943e+01,3.368333333333334956e+00,9.962666666666667226e+00,6.594333333333332270e+00,6.645119367669999519e+02,4.992036085231999891e+02,-1.454933718000140097e-01
1.736100000000000065e+01,3.366999999999999993e+00,9.961999999999999744e+00,6.594999999999999751e+00,6.645621780669999907e+02,4.992060716392999780e+02,-1.467908937000130809e-01
1.737000000000000099e+01,3.326764705882350182e+00,9.922294117647055600e+00,6.595529411764705863e+00,6.650143497669999988e+02,4.992282396841999912e+02,-1.584685907999910104e-01
1.737800000000000011e+01,3.290999999999999925e+00,9.887000000000000455e+00,6.596000000000000085e+00,6.654158198869999978e+02,4.992279312129999767e+02,-1.559781764000019721e-01
1.737999999999999901e+01,3.300692307692303817e+00,9.896538461538458620e+00,6.595846153846154358e+00,6.655161874169999692e+02,4.992278540951999730e+02,-1.553555728000050040e-01
1.739000000000000057e+01,3.349153846153857028e+00,9.944230769230779643e+00,6.595076923076923059e+00,6.660270393550000563e+02,4.992099327061999929e+02,-1.581787207999910128e-01
1.739099999999999824e+01,3.354000000000000092e+00,9.948999999999999844e+00,6.594999999999999751e+00,6.660779590949999829e+02,4.992075297938999938e+02,-1.585589181999920994e-01
1.739999999999999858e+01,3.347999999999999865e+00,9.948999999999999844e+00,6.600999999999999979e+00,6.665362367550000045e+02,4.991859035832000018e+02,-1.619806948000100111e-01
1.740899999999999892e+01,3.342000000000000082e+00,9.948999999999999844e+00,6.607000000000000206e+00,6.669892227947999572e+02,4.991622201435000079e+02,-1.518963027999886972e-01
1.741000000000000014e+01,3.337529411764700527e+00,9.947529411764703511e+00,6.610000000000003872e+00,6.670395545769999899e+02,4.991595886502000212e+02,-1.507758147999850029e-01
1.742000000000000171e+01,3.292823529411750716e+00,9.932823529411759722e+00,6.640000000000009450e+00,6.675334052350000320e+02,4.991587470691999897e+02,-1.476629647999989914e-01
1.742599999999999838e+01,3.266000000000000014e+00,9.923999999999999488e+00,6.658000000000000362e+00,6.678308297925999568e+02,4.991703082004000294e+02,-1.506376081999949434e-01
1.742999999999999972e+01,3.282666666666671507e+00,9.932666666666667865e+00,6.649999999999997691e+00,6.680291128310000204e+02,4.991780156212000179e+02,-1.526207037999940119e-01
1.744000000000000128e+01,3.324333333333343354e+00,9.954333333333337919e+00,6.629999999999995453e+00,6.685294395690000329e+02,4.991865512891999970e+02,-1.515395097999610030e-01
1.744399999999999906e+01,3.341000000000000192e+00,9.962999999999999190e+00,6.621999999999999886e+00,6.687294887713999287e+02,4.991843730639999990e+02,-1.450872805999788850e-01
1.744999999999999929e+01,3.318764705882351507e+00,9.945705882352939398e+00,6.626941176470588779e+00,6.690295625749999999e+02,4.991811057261999736e+02,-1.354089367999999904e-01
1.746000000000000085e+01,3.281705882352932591e+00,9.916882352941168932e+00,6.635176470588237230e+00,6.695260668109999642e+02,4.991864182941999957e+02,-1.343172217999659968e-01
1.746099999999999852e+01,3.278000000000000025e+00,9.913999999999999702e+00,6.636000000000000121e+00,6.695756433591998302e+02,4.991882439013999715e+02,-1.352126397999654783e-01
1.746999999999999886e+01,3.338352941176462085e+00,9.946823529411760845e+00,6.608470588235297427e+00,6.700218322929999886e+02,4.992046743661999813e+02,-1.432714017999799916e-01
1.747800000000000153e+01,3.391999999999999904e+00,9.976000000000000867e+00,6.583999999999999631e+00,6.704157502210000530e+02,4.992103309454000168e+02,-1.448037385999882687e-01
1.748000000000000043e+01,3.392111111111110855e+00,9.978777777777777303e+00,6.586666666666665115e+00,6.705142297029999554e+02,4.992117450901999973e+02,-1.451868227999900118e-01
1.748999999999999844e+01,3.392666666666666497e+00,9.992666666666664810e+00,6.599999999999997868e+00,6.710113030310000113e+02,4.992070880901999885e+02,-1.400597817999950090e-01
1.749599999999999866e+01,3.392999999999999794e+00,1.000099999999999945e+01,6.607999999999999652e+00,6.713154695401999561e+02,4.992058233417999986e+02,-1.399876551999944263e-01
1.750000000000000000e+01,3.389705882352940680e+00,9.997705882352940776e+00,6.607999999999999652e+00,6.715182472129999951e+02,4.992049801762000243e+02,-1.399395707999940008e-01
1.751000000000000156e+01,3.381470588235293562e+00,9.989470588235294102e+00,6.607999999999999652e+00,6.720276183129999481e+02,4.992129987152000012e+02,-1.478545987999760059e-01
1.751300000000000168e+01,3.379000000000000004e+00,9.987000000000000099e+00,6.607999999999999652e+00,6.721768012311999883e+02,4.992157991596999977e+02,-1.499313055999776934e-01
1.751999999999999957e+01,3.363764705882357209e+00,9.977529411764708200e+00,6.613764705882351436e+00,6.725248947070000440e+02,4.992223335301999896e+02,-1.547769547999799933e-01
1.753000000000000114e+01,3.342000000000000082e+00,9.964000000000000412e+00,6.621999999999999886e+00,6.730249083789999531e+02,4.992188106152000273e+02,-1.596533257999769861e-01
1.753999999999999915e+01,3.326705882352943622e+00,9.949294117647061952e+00,6.622588235294117887e+00,6.735328213049999704e+02,4.991997339732000114e+02,-1.584730258000000003e-01
1.754700000000000060e+01,3.315999999999999837e+00,9.939000000000000057e+00,6.623000000000000220e+00,6.738867237041999942e+02,4.991904862619999790e+02,-1.597616796000070616e-01
1.755000000000000071e+01,3.339166666666666394e+00,9.955166666666666941e+00,6.616000000000000547e+00,6.740383961610000370e+02,4.991865229571999976e+02,-1.603139598000100086e-01
1.755999999999999872e+01,3.416388888888870490e+00,1.000905555555554294e+01,6.592666666666672448e+00,6.745405190230000017e+02,4.991811420001999977e+02,-1.581832608000000029e-01
1.756500000000000128e+01,3.455000000000000071e+00,1.003599999999999959e+01,6.581000000000000405e+00,6.747854189940001106e+02,4.991811081596999884e+02,-1.561286482999897640e-01
1.757000000000000028e+01,3.432941176470591937e+00,1.001511764705882612e+01,6.582176470588235517e+00,6.750303189649999922e+02,4.991810743191999791e+02,-1.540740357999809962e-01
1.757999999999999829e+01,3.388823529411775670e+00,9.973352941176480968e+00,6.584529411764705742e+00,6.755184641470000315e+02,4.991749024321999855e+02,-1.499436427999620014e-01
1.758200000000000074e+01,3.379999999999999893e+00,9.964999999999999858e+00,6.584999999999999964e+00,6.756160818282000946e+02,4.991738670227999819e+02,-1.493182699999641427e-01
1.758999999999999986e+01,3.379999999999999893e+00,9.954333333333334366e+00,6.574333333333334473e+00,6.760065525530000059e+02,4.991697253852000244e+02,-1.468167787999760110e-01
1.760000000000000142e+01,3.379999999999999893e+00,9.941000000000000725e+00,6.560999999999999943e+00,6.764960096190000058e+02,4.991756620241999940e+02,-1.387287877999950070e-01
1.760999999999999943e+01,3.418461538461536442e+00,9.970230769230767010e+00,6.551769230769231456e+00,6.769910904590000200e+02,4.992059090962000028e+02,-1.447254057999670107e-01
1.761299999999999955e+01,3.430000000000000160e+00,9.978999999999999204e+00,6.549000000000000377e+00,6.771388360700000248e+02,4.992128321706999827e+02,-1.474169811999708757e-01
1.762000000000000099e+01,3.440705882352943945e+00,9.967882352941172641e+00,6.527176470588230472e+00,6.774835758289999603e+02,4.992289860111999928e+02,-1.536973237999809949e-01
1.762999999999999901e+01,3.455999999999999961e+00,9.951999999999999957e+00,6.496000000000000441e+00,6.779925169809999943e+02,4.992269885672000100e+02,-1.545770648000140135e-01
1.764000000000000057e+01,3.435444444444442080e+00,9.930888888888885546e+00,6.495444444444444798e+00,6.785045926210000289e+02,4.992051730411999984e+02,-1.453861237999999889e-01
1.764799999999999969e+01,3.419000000000000039e+00,9.913999999999999702e+00,6.495000000000000107e+00,6.789121555730000637e+02,4.991963924812000073e+02,-1.444644741999735194e-01
1.764999999999999858e+01,3.419000000000000039e+00,9.912470588235294144e+00,6.493470588235295438e+00,6.790140463110000155e+02,4.991941973411999811e+02,-1.442340617999670060e-01
1.766000000000000014e+01,3.419000000000000039e+00,9.904823529411764582e+00,6.485823529411764099e+00,6.795271274709999716e+02,4.992074110202000270e+02,-1.591666388000100019e-01
1.766499999999999915e+01,3.419000000000000039e+00,9.900999999999999801e+00,6.482000000000000206e+00,6.797778185259999191e+02,4.992112081697000008e+02,-1.586242637999931981e-01
1.767000000000000171e+01,3.429000000000004711e+00,9.911833333333337492e+00,6.482833333333333670e+00,6.800285095809999802e+02,4.992150053191999746e+02,-1.580818887999760058e-01
1.767999999999999972e+01,3.448999999999999844e+00,9.933499999999998664e+00,6.484500000000000597e+00,6.805178804629999831e+02,4.992049075432000222e+02,-1.509373527999710030e-01
1.768299999999999983e+01,3.455000000000000071e+00,9.939999999999999503e+00,6.485000000000000320e+00,6.806684401681999361e+02,4.991993814628000337e+02,-1.505843610999782478e-01
1.769000000000000128e+01,3.450058823529410734e+00,9.934647058823527388e+00,6.484588235294117986e+00,6.810197461469999780e+02,4.991864872752000224e+02,-1.497607137999950044e-01
1.769999999999999929e+01,3.443000000000000060e+00,9.926999999999999602e+00,6.483999999999999986e+00,6.815175041170000441e+02,4.991698392751999904e+02,-1.475912347999860097e-01
1.771000000000000085e+01,3.465352941176474744e+00,9.943470588235296503e+00,6.478117647058822648e+00,6.820126368070000353e+02,4.991640840211999830e+02,-1.384607247999710133e-01
1.771699999999999875e+01,3.480999999999999872e+00,9.955000000000000071e+00,6.474000000000000199e+00,6.823500472412000590e+02,4.991735240685999884e+02,-1.405189838000008851e-01
1.771999999999999886e+01,3.485166666666666302e+00,9.958666666666665890e+00,6.473500000000000476e+00,6.824946517130000530e+02,4.991775698032000150e+02,-1.414010948000140044e-01
1.773000000000000043e+01,3.499055555555556918e+00,9.970888888888890023e+00,6.471833333333333549e+00,6.829835993489999737e+02,4.991924353062000250e+02,-1.493448227999950029e-01
1.773499999999999943e+01,3.505999999999999783e+00,9.977000000000000313e+00,6.471000000000000085e+00,6.832304111260000354e+02,4.991940041957000176e+02,-1.497954557999829905e-01
1.773999999999999844e+01,3.491294117647061324e+00,9.952294117647063842e+00,6.461000000000002075e+00,6.834772229029999835e+02,4.991955730852000102e+02,-1.502460887999710060e-01
1.775000000000000000e+01,3.461882352941173302e+00,9.902882352941171362e+00,6.440999999999998060e+00,6.839715277689999766e+02,4.991867727842000022e+02,-1.391050068000050099e-01
1.775199999999999889e+01,3.455999999999999961e+00,9.893000000000000682e+00,6.437000000000000277e+00,6.840717702585999405e+02,4.991888864311999896e+02,-1.400901706000033109e-01
1.776000000000000156e+01,3.484000000000008423e+00,9.908555555555560446e+00,6.424555555555551578e+00,6.844727402170000232e+02,4.991973410191999960e+02,-1.440308258000000119e-01
1.776999999999999957e+01,3.519000000000000128e+00,9.928000000000000824e+00,6.408999999999999808e+00,6.849786608770000385e+02,4.992131649212000184e+02,-1.549741787999679987e-01
1.778000000000000114e+01,3.556058823529418600e+00,9.950941176470593064e+00,6.394882352941174020e+00,6.854891129410000303e+02,4.992022462201999815e+02,-1.538220957999900107e-01
1.778699999999999903e+01,3.581999999999999851e+00,9.967000000000000526e+00,6.384999999999999787e+00,6.858461676992000093e+02,4.991869029622000085e+02,-1.452884790999908748e-01
1.778999999999999915e+01,3.586333333333333151e+00,9.971333333333333826e+00,6.384999999999999787e+00,6.859991911670000491e+02,4.991803272802000038e+02,-1.416312147999899962e-01
1.780000000000000071e+01,3.600777777777779409e+00,9.985777777777780528e+00,6.384999999999999787e+00,6.865157782109999971e+02,4.991847619242000178e+02,-1.465319737999850047e-01
1.780499999999999972e+01,3.608000000000000096e+00,9.993000000000000327e+00,6.384999999999999787e+00,6.867674834540000575e+02,4.991971130601999675e+02,-1.510195847999925012e-01
1.780999999999999872e+01,3.560500000000014875e+00,9.950187500000012619e+00,6.389687499999998188e+00,6.870191886970000041e+02,4.992094641961999741e+02,-1.555071957999999976e-01
1.782000000000000028e+01,3.465500000000010683e+00,9.864562500000008782e+00,6.399062499999999432e+00,6.875121848290000344e+02,4.992235910791999913e+02,-1.544473587999679876e-01
1.782100000000000151e+01,3.455999999999999961e+00,9.855999999999999872e+00,6.400000000000000355e+00,6.875623800158001586e+02,4.992233524938999949e+02,-1.542353493999722991e-01
1.782999999999999829e+01,3.481999999999994877e+00,9.881499999999995509e+00,6.399500000000000632e+00,6.880141366970000263e+02,4.992212052262000270e+02,-1.523272648000139895e-01
1.783899999999999864e+01,3.508000000000000007e+00,9.907000000000000028e+00,6.399000000000000021e+00,6.884743635265999728e+02,4.991970145969000328e+02,-1.476395076999686695e-01
1.783999999999999986e+01,3.510176470588237674e+00,9.909117647058826250e+00,6.398941176470588132e+00,6.885254998410000553e+02,4.991943267492000018e+02,-1.471186457999630048e-01
1.785000000000000142e+01,3.531941176470589916e+00,9.930294117647060048e+00,6.398352941176470132e+00,6.890244841769999766e+02,4.991737422762000165e+02,-1.449350058000090091e-01
1.785600000000000165e+01,3.544999999999999929e+00,9.942999999999999616e+00,6.397999999999999687e+00,6.893165674686000557e+02,4.991735927189999984e+02,-1.442694977999890438e-01
1.785999999999999943e+01,3.528333333333339983e+00,9.926555555555561128e+00,6.398222222222221589e+00,6.895112896629999568e+02,4.991734930142000053e+02,-1.438258257999759926e-01
1.787000000000000099e+01,3.486666666666660142e+00,9.885444444444438261e+00,6.398777777777778120e+00,6.899909649449999733e+02,4.991928691182000080e+02,-1.427874718000000098e-01
1.787399999999999878e+01,3.470000000000000195e+00,9.868999999999999773e+00,6.399000000000000021e+00,6.901876273417999528e+02,4.992008917438000140e+02,-1.427720269999996072e-01
1.787999999999999901e+01,3.483058823529412873e+00,9.890176470588237123e+00,6.407117647058823806e+00,6.904826209369999788e+02,4.992129256822000229e+02,-1.427488597999989894e-01
1.789000000000000057e+01,3.504823529411770000e+00,9.925470588235302927e+00,6.420647058823532483e+00,6.909767864369999870e+02,4.992241144601999849e+02,-1.416783967999669935e-01
1.789099999999999824e+01,3.507000000000000117e+00,9.929000000000000270e+00,6.421999999999999709e+00,6.910262825843998371e+02,4.992238387979999743e+02,-1.406664068999700645e-01
1.789999999999999858e+01,3.480000000000003979e+00,9.903058823529416799e+00,6.423058823529411931e+00,6.914717479109999658e+02,4.992213578381999923e+02,-1.315584977999759986e-01
1.790800000000000125e+01,3.455999999999999961e+00,9.880000000000000782e+00,6.424000000000000377e+00,6.918715297910000572e+02,4.992225499126000159e+02,-1.306737633999950354e-01
1.791000000000000014e+01,3.464444444444441107e+00,9.889666666666663275e+00,6.425222222222221724e+00,6.919714752610000232e+02,4.992228479312000218e+02,-1.304525797999999959e-01
1.792000000000000171e+01,3.506666666666676591e+00,9.938000000000011269e+00,6.431333333333334679e+00,6.924734859029999825e+02,4.992194354861999841e+02,-1.363289027999710079e-01
1.792599999999999838e+01,3.532000000000000028e+00,9.967000000000000526e+00,6.434999999999999609e+00,6.927815896121999231e+02,4.992123687917999746e+02,-1.410354617999915183e-01
1.792999999999999972e+01,3.538117647058824478e+00,9.976176470588237422e+00,6.438058823529411612e+00,6.929869920849999971e+02,4.992076576622000061e+02,-1.441731678000079953e-01
1.794000000000000128e+01,3.553411764705882714e+00,9.999117647058824332e+00,6.445705882352942062e+00,6.935103361610000547e+02,4.991814561172000140e+02,-1.409642847999670046e-01
1.794300000000000139e+01,3.557999999999999829e+00,1.000600000000000023e+01,6.448000000000000398e+00,6.936623761946000286e+02,4.991763171625000268e+02,-1.400123256999706856e-01
1.794999999999999929e+01,3.567722222222220907e+00,1.001105555555555426e+01,6.443333333333334245e+00,6.940171362730000055e+02,4.991643262682000000e+02,-1.377910877999800054e-01
1.796000000000000085e+01,3.581611111111114187e+00,1.001827777777777939e+01,6.436666666666664760e+00,6.945135287330000438e+02,4.991716002922000257e+02,-1.467063827999960102e-01
1.796099999999999852e+01,3.583000000000000185e+00,1.001900000000000013e+01,6.435999999999999943e+00,6.945631279249998897e+02,4.991730290218000050e+02,-1.469003909999964941e-01
1.796999999999999886e+01,3.549647058823534262e+00,9.992529411764708769e+00,6.442882352941175839e+00,6.950095206529999814e+02,4.991858875881999893e+02,-1.486464648000050126e-01
1.797800000000000153e+01,3.520000000000000018e+00,9.968999999999999417e+00,6.448999999999999844e+00,6.954061066706000247e+02,4.991869142001999649e+02,-1.429618263999999916e-01
1.798000000000000043e+01,3.511058823529416451e+00,9.958529411764711625e+00,6.447470588235295175e+00,6.955052531750000071e+02,4.991871708531999730e+02,-1.415406667999999923e-01
1.798999999999999844e+01,3.466352941176482627e+00,9.906176470588249572e+00,6.439823529411766501e+00,6.960052089609999939e+02,4.991846604181999965e+02,-1.424205967999760125e-01
1.799500000000000099e+01,3.443999999999999950e+00,9.880000000000000782e+00,6.435999999999999943e+00,6.962562707250000358e+02,4.991819646476999992e+02,-1.428552382999926651e-01
1.800000000000000000e+01,3.479277777777769476e+00,9.914999999999992042e+00,6.435722222222222122e+00,6.965073324889999640e+02,4.991792688772000020e+02,-1.432898798000090124e-01
1.801000000000000156e+01,3.549833333333333396e+00,9.984999999999999432e+00,6.435166666666666480e+00,6.970024649570000292e+02,4.991735171511999738e+02,-1.331593757999610106e-01
1.801300000000000168e+01,3.571000000000000174e+00,1.000600000000000023e+01,6.434999999999999609e+00,6.971480354971999986e+02,4.991764299024999900e+02,-1.301372492999629815e-01
1.801999999999999957e+01,3.560294117647061718e+00,9.990764705882357433e+00,6.430470588235294827e+00,6.974877000909999651e+02,4.991832263222000279e+02,-1.230856207999699997e-01
1.803000000000000114e+01,3.544999999999999929e+00,9.968999999999999417e+00,6.424000000000000377e+00,6.979801266870000518e+02,4.992073298291999777e+02,-1.240611218000030047e-01
1.803999999999999915e+01,3.515588235294122565e+00,9.923705882352948038e+00,6.408117647058826805e+00,6.984835937269999704e+02,4.992310407891999944e+02,-1.310328208000079986e-01
1.804700000000000060e+01,3.495000000000000107e+00,9.891999999999999460e+00,6.397000000000000242e+00,6.988341006460000244e+02,4.992321410408000020e+02,-1.253586928999818051e-01
1.805000000000000071e+01,3.507666666666666710e+00,9.900999999999999801e+00,6.393333333333333535e+00,6.989843178969999826e+02,4.992326125771999727e+02,-1.229269237999709996e-01
1.805999999999999872e+01,3.549888888888879102e+00,9.930999999999992056e+00,6.381111111111113843e+00,6.994797362430000476e+02,4.992218548992000251e+02,-1.167787207999990001e-01
1.806500000000000128e+01,3.571000000000000174e+00,9.945999999999999730e+00,6.375000000000000000e+00,6.997317688810001073e+02,4.992196994357000221e+02,-1.217150817999962525e-01
1.807000000000000028e+01,3.578352941176469404e+00,9.952470588235293292e+00,6.374117647058823444e+00,6.999838015190000533e+02,4.992175439722000192e+02,-1.266514427999899939e-01
1.807999999999999829e+01,3.593058823529408308e+00,9.965411764705878639e+00,6.372352941176471219e+00,7.004859842649999564e+02,4.992111187831999928e+02,-1.375171308000129877e-01
1.808200000000000074e+01,3.596000000000000085e+00,9.967999999999999972e+00,6.371999999999999886e+00,7.005874695498000619e+02,4.992054985205999742e+02,-1.362747180000060676e-01
1.808999999999999986e+01,3.596000000000000085e+00,9.962222222222223422e+00,6.366222222222223337e+00,7.009934106890000294e+02,4.991830174702000136e+02,-1.313050667999849930e-01
1.810000000000000142e+01,3.596000000000000085e+00,9.955000000000000071e+00,6.358999999999999986e+00,7.014979865049999717e+02,4.991697600392000140e+02,-1.301460398000089946e-01
1.810999999999999943e+01,3.551294117647066262e+00,9.918529411764712478e+00,6.367235294117645772e+00,7.020052461950000406e+02,4.991796719001999918e+02,-1.350681978000040084e-01
1.811700000000000088e+01,3.520000000000000018e+00,9.893000000000000682e+00,6.373000000000000220e+00,7.023508833764000201e+02,4.991923861696000131e+02,-1.371361783999943129e-01
1.812000000000000099e+01,3.524166666666666892e+00,9.894999999999999574e+00,6.370833333333333570e+00,7.024990135970000438e+02,4.991978351422000060e+02,-1.380224557999900070e-01
1.812999999999999901e+01,3.538055555555552179e+00,9.901666666666665506e+00,6.363611111111112884e+00,7.029891274929999554e+02,4.992098119322000116e+02,-1.319556417999619979e-01
1.813500000000000156e+01,3.544999999999999929e+00,9.904999999999999361e+00,6.360000000000000320e+00,7.032368235370000775e+02,4.992134363206999979e+02,-1.319133267999614834e-01
1.814000000000000057e+01,3.541176470588236036e+00,9.908823529411764142e+00,6.367647058823528106e+00,7.034845195809999723e+02,4.992170607091999841e+02,-1.318710117999609965e-01
1.814999999999999858e+01,3.533529411764707806e+00,9.916470588235291928e+00,6.382941176470584566e+00,7.039854156330000023e+02,4.992156232812000098e+02,-1.277544858000000116e-01
1.815200000000000102e+01,3.532000000000000028e+00,9.917999999999999261e+00,6.386000000000000121e+00,7.040849501318001558e+02,4.992161017018000280e+02,-1.265340235999927176e-01
1.816000000000000014e+01,3.532000000000000028e+00,9.928222222222220950e+00,6.396222222222220921e+00,7.044830881269999736e+02,4.992180153841999868e+02,-1.216521747999699948e-01
1.817000000000000171e+01,3.532000000000000028e+00,9.941000000000000725e+00,6.408999999999999808e+00,7.049832999809999592e+02,4.992285619002000203e+02,-1.165780747999760059e-01
1.817999999999999972e+01,3.591411764705872312e+00,9.993941176470579890e+00,6.402529411764707135e+00,7.054810041030000320e+02,4.992479479781999885e+02,-1.205357777999949975e-01
1.818700000000000117e+01,3.633000000000000007e+00,1.003100000000000058e+01,6.397999999999999687e+00,7.058280584764000878e+02,4.992481202404999863e+02,-1.232591985000077439e-01
1.819000000000000128e+01,3.624176470588234888e+00,1.002447058823529424e+01,6.400294117647058911e+00,7.059767960650000305e+02,4.992481940672000178e+02,-1.244263788000130044e-01
1.819999999999999929e+01,3.594764705882357525e+00,1.000270588235294511e+01,6.407941176470586697e+00,7.064745538130000568e+02,4.992315495952000219e+02,-1.212569057999700051e-01
1.820400000000000063e+01,3.583000000000000185e+00,9.993999999999999773e+00,6.410999999999999588e+00,7.066797839514000543e+02,4.992228377172000364e+02,-1.199805065999757780e-01
1.821000000000000085e+01,3.565352941176469503e+00,9.980941176470587095e+00,6.415588235294117148e+00,7.069876291589999937e+02,4.992097699002000013e+02,-1.180659077999850065e-01
1.821999999999999886e+01,3.535941176470592140e+00,9.959176470588236185e+00,6.423235294117645822e+00,7.074980264450000504e+02,4.991998142872000130e+02,-1.269172997999999941e-01
1.823000000000000043e+01,3.506529411764704562e+00,9.937411764705879946e+00,6.430882352941176272e+00,7.080032608669999945e+02,4.991925687831999880e+02,-1.357794018000139935e-01
1.823999999999999844e+01,3.477117647058827199e+00,9.915647058823529036e+00,6.438529411764704058e+00,7.085126023369999757e+02,4.991835615951999898e+02,-1.426343617999620006e-01
1.825000000000000000e+01,3.447705882352939177e+00,9.893882352941172798e+00,6.446176470588235397e+00,7.090144673549999652e+02,4.991651519111999846e+02,-1.384577408000000065e-01
1.826000000000000156e+01,3.418294117647051600e+00,9.872117647058814782e+00,6.453823529411765847e+00,7.095076616269999477e+02,4.991582631232000153e+02,-1.353237018000129910e-01
1.826999999999999957e+01,3.388882352941174236e+00,9.850352941176465649e+00,6.461470588235294521e+00,7.099979218129999481e+02,4.991852265681999938e+02,-1.423098137999619928e-01
1.828000000000000114e+01,3.359470588235286659e+00,9.828588235294107633e+00,6.469117647058824971e+00,7.104909475749999501e+02,4.992163791781999862e+02,-1.423100447999620100e-01
1.828999999999999915e+01,3.330058823529409295e+00,9.806823529411758500e+00,6.476764705882352757e+00,7.109829437790000384e+02,4.992304737581999916e+02,-1.342502707999810030e-01
1.830000000000000071e+01,3.300647058823521274e+00,9.785058823529400485e+00,6.484411764705884096e+00,7.114880615409999791e+02,4.992252673262000258e+02,-1.311195147999940080e-01
1.830999999999999872e+01,3.271235294117643910e+00,9.763294117647049575e+00,6.492058823529411882e+00,7.119873598310000489e+02,4.992167273242000078e+02,-1.269782857999759984e-01
1.832000000000000028e+01,3.241823529411756333e+00,9.741529411764693336e+00,6.499705882352942332e+00,7.124925330370000438e+02,4.992105472201999987e+02,-1.168440367999839941e-01
1.832999999999999829e+01,3.212411764705878969e+00,9.719764705882342426e+00,6.507352941176471006e+00,7.129857001630000468e+02,4.992216789991999804e+02,-1.157735948000079979e-01
1.833999999999999986e+01,3.182999999999990948e+00,9.697999999999986187e+00,6.515000000000001457e+00,7.134875705509999761e+02,4.992382697452000002e+02,-1.277205608000079873e-01
1.835000000000000142e+01,3.153588235294103370e+00,9.676235294117628172e+00,6.522647058823531907e+00,7.140050441930000034e+02,4.992447228441999982e+02,-1.426283087999959953e-01
1.835999999999999943e+01,3.124176470588226007e+00,9.654470588235279038e+00,6.530294117647060581e+00,7.145134131029999480e+02,4.992176592582000012e+02,-1.414197287999620078e-01
1.837000000000000099e+01,3.094764705882338429e+00,9.632705882352921023e+00,6.537941176470591031e+00,7.150086341549999815e+02,4.991928180372000270e+02,-1.492219727999989920e-01
1.837999999999999901e+01,3.065352941176461066e+00,9.610941176470571889e+00,6.545588235294118817e+00,7.155137563570000339e+02,4.991875410452000210e+02,-1.660910967999960075e-01
1.839000000000000057e+01,3.035941176470573044e+00,9.589176470588213874e+00,6.553235294117650156e+00,7.160055563769999480e+02,4.991875344421999898e+02,-1.769817397999630115e-01
1.839999999999999858e+01,3.006529411764695681e+00,9.567411764705862964e+00,6.560882352941177942e+00,7.165002034530000401e+02,4.991727404051999883e+02,-1.668194417999719903e-01
1.841000000000000014e+01,2.977117647058808103e+00,9.545647058823506725e+00,6.568529411764709280e+00,7.169897754029999533e+02,4.991766661962000171e+02,-1.627243568000099894e-01
1.842000000000000171e+01,2.947705882352920526e+00,9.523882352941148710e+00,6.576176470588239731e+00,7.174854248909999797e+02,4.991969507562000103e+02,-1.626856608000100124e-01
1.842999999999999972e+01,2.918294117647042718e+00,9.502117647058799577e+00,6.583823529411767517e+00,7.179806740609999451e+02,4.992242450602000190e+02,-1.566717457999809993e-01
1.844000000000000128e+01,2.888882352941155141e+00,9.480352941176441561e+00,6.591470588235298855e+00,7.184796575509999457e+02,4.992387598011999899e+02,-1.426118607999720123e-01
1.844999999999999929e+01,2.859470588235277777e+00,9.458588235294092428e+00,6.599117647058826641e+00,7.189785299310000255e+02,4.992552254142000265e+02,-1.415589677999949947e-01
1.846000000000000085e+01,2.830058823529390200e+00,9.436823529411734413e+00,6.606764705882357092e+00,7.194942317090000188e+02,4.992576204352000104e+02,-1.424527017999709932e-01
1.846999999999999886e+01,2.800647058823512836e+00,9.415058823529385279e+00,6.614411764705885766e+00,7.200004618409999466e+02,4.992504742662000012e+02,-1.393148547999850106e-01
1.848000000000000043e+01,2.771235294117624814e+00,9.393294117647027264e+00,6.622058823529416216e+00,7.205129672069999742e+02,4.992386782511999854e+02,-1.361592067999999878e-01
1.848999999999999844e+01,2.741823529411747451e+00,9.371529411764676354e+00,6.629705882352944002e+00,7.210196286189999455e+02,4.992415268972000035e+02,-1.460566107999899943e-01
1.850000000000000000e+01,2.712411764705859873e+00,9.349764705882320115e+00,6.637352941176475341e+00,7.215189300170000024e+02,4.992329375031999916e+02,-1.559152977999820056e-01
1.851000000000000156e+01,2.682999999999972296e+00,9.327999999999962100e+00,6.645000000000005791e+00,7.220099282490000405e+02,4.992118829262000190e+02,-1.577318017999909949e-01
1.851999999999999957e+01,2.653588235294094488e+00,9.306235294117612966e+00,6.652647058823534465e+00,7.225120784790000243e+02,4.991884778741999753e+02,-1.545374998000050015e-01
1.853000000000000114e+01,2.624176470588206911e+00,9.284470588235254951e+00,6.660294117647064915e+00,7.230101521789999879e+02,4.991838461212000198e+02,-1.584103837999679965e-01
1.853999999999999915e+01,2.594764705882329547e+00,9.262705882352905817e+00,6.667941176470592701e+00,7.235064867529999901e+02,4.991921326251999744e+02,-1.633292377999630007e-01
1.855000000000000071e+01,2.565352941176441970e+00,9.240941176470547802e+00,6.675588235294124040e+00,7.240057594510000172e+02,4.992015884941999957e+02,-1.682515637999580094e-01
1.855999999999999872e+01,2.535941176470564606e+00,9.219176470588196892e+00,6.683235294117651826e+00,7.245051136289999931e+02,4.991920677641999760e+02,-1.591068297999999881e-01
1.857000000000000028e+01,2.506529411764677029e+00,9.197411764705840653e+00,6.690882352941182276e+00,7.250021865129999696e+02,4.991874178201999825e+02,-1.519798007999960121e-01
1.857999999999999829e+01,2.477117647058799221e+00,9.175647058823489743e+00,6.698529411764710950e+00,7.255059374329999855e+02,4.992061545802000069e+02,-1.539338548000059870e-01
1.858999999999999986e+01,2.447705882352911644e+00,9.153882352941133504e+00,6.706176470588241401e+00,7.260061241390000077e+02,4.992346899112000074e+02,-1.599232977999779926e-01
1.860000000000000142e+01,2.418294117647024066e+00,9.132117647058775489e+00,6.713823529411771851e+00,7.265056223870000167e+02,4.992401911161999806e+02,-1.538315498000049908e-01
1.860999999999999943e+01,2.388882352941146259e+00,9.110352941176426356e+00,6.721470588235300525e+00,7.270080867929999613e+02,4.992288270071999818e+02,-1.496796527999859905e-01
1.862000000000000099e+01,2.359470588235258681e+00,9.088588235294068340e+00,6.729117647058830975e+00,7.275235886130000154e+02,4.992171808211999746e+02,-1.525239057999719927e-01
1.862999999999999901e+01,2.330058823529381762e+00,9.066823529411717431e+00,6.736764705882358761e+00,7.280398619249999683e+02,4.992095674661999851e+02,-1.603822478000110074e-01
1.864000000000000057e+01,2.300647058823493740e+00,9.045058823529361192e+00,6.744411764705890100e+00,7.285442099709999866e+02,4.992002999791999969e+02,-1.602373548000100012e-01
1.864999999999999858e+01,2.271235294117616377e+00,9.023294117647010282e+00,6.752058823529417886e+00,7.290299607509999760e+02,4.992009815022000225e+02,-1.621317127999629959e-01
1.866000000000000014e+01,2.241823529411728799e+00,9.001529411764654043e+00,6.759705882352949224e+00,7.295302901530000099e+02,4.992094748342000230e+02,-1.730504467999869900e-01
1.867000000000000171e+01,2.212411764705840778e+00,8.979764705882296028e+00,6.767352941176479675e+00,7.300316435209999781e+02,4.992000292942000215e+02,-1.749056047999970054e-01
1.867999999999999972e+01,2.182999999999963414e+00,8.957999999999946894e+00,6.775000000000007461e+00,7.305298552550000295e+02,4.991754296301999716e+02,-1.627079057999969991e-01
1.869000000000000128e+01,2.153588235294075837e+00,8.936235294117588879e+00,6.782647058823538799e+00,7.310206542370000307e+02,4.991754083641999955e+02,-1.615986417999629998e-01
1.869999999999999929e+01,2.124176470588198029e+00,8.914470588235239745e+00,6.790294117647066585e+00,7.315120844570000145e+02,4.991994231201999810e+02,-1.715741098000110043e-01
1.871000000000000085e+01,2.094764705882310452e+00,8.892705882352881730e+00,6.797941176470597036e+00,7.320083050350000349e+02,4.992097063602000162e+02,-1.765000338000060065e-01
1.871999999999999886e+01,2.065352941176433532e+00,8.870941176470530820e+00,6.805588235294125710e+00,7.325057760170000165e+02,4.991980819522000274e+02,-1.653482837999820099e-01
1.873000000000000043e+01,2.035941176470545511e+00,8.849176470588174581e+00,6.813235294117656160e+00,7.329995690109999487e+02,4.991982493232000024e+02,-1.592389868000090025e-01
1.873999999999999844e+01,2.006529411764668147e+00,8.827411764705823671e+00,6.820882352941183946e+00,7.335018092410000463e+02,4.992259038121999879e+02,-1.642248588000060072e-01
1.875000000000000000e+01,1.977117647058780348e+00,8.805647058823467432e+00,6.828529411764715285e+00,7.339995694729999514e+02,4.992443056341999750e+02,-1.641790508000049997e-01
1.876000000000000156e+01,1.947705882352892548e+00,8.783882352941109417e+00,6.836176470588245735e+00,7.345116760749999685e+02,4.992394946672000060e+02,-1.620481417999969920e-01
1.876999999999999957e+01,1.918294117647015185e+00,8.762117647058760284e+00,6.843823529411773521e+00,7.350375599550000061e+02,4.992214404791999982e+02,-1.618674577999960063e-01
1.878000000000000114e+01,1.888882352941127385e+00,8.740352941176402268e+00,6.851470588235304859e+00,7.355485831089999920e+02,4.992005204582000033e+02,-1.656799947999569866e-01
1.878999999999999915e+01,1.859470588235250021e+00,8.718588235294053135e+00,6.859117647058832645e+00,7.360523889869999721e+02,4.991832055002000175e+02,-1.665068367999910093e-01
1.880000000000000071e+01,1.830058823529362444e+00,8.696823529411695120e+00,6.866764705882363984e+00,7.365514603950000492e+02,4.991786413301999801e+02,-1.673797177999679919e-01
1.880999999999999872e+01,1.800647058823485080e+00,8.675058823529344210e+00,6.874411764705891770e+00,7.370459115510000174e+02,4.991848276842000018e+02,-1.692915617999780076e-01
1.882000000000000028e+01,1.771235294117597281e+00,8.653294117646987971e+00,6.882058823529422220e+00,7.375501193430000058e+02,4.991955633882000143e+02,-1.752173118000059926e-01
1.882999999999999829e+01,1.741823529411719917e+00,8.631529411764637061e+00,6.889705882352950894e+00,7.380400909449999745e+02,4.991924900192000223e+02,-1.740974637999730124e-01
1.883999999999999986e+01,1.712411764705832118e+00,8.609764705882280822e+00,6.897352941176481345e+00,7.385275218550000318e+02,4.991812834052000198e+02,-1.659494407999919929e-01
1.885000000000000142e+01,1.682999999999944318e+00,8.587999999999922807e+00,6.905000000000011795e+00,7.390231984890000376e+02,4.991835473982000053e+02,-1.638471477999819959e-01
1.885999999999999943e+01,1.653588235294066955e+00,8.566235294117573673e+00,6.912647058823540469e+00,7.395260084770000049e+02,4.992012217352000221e+02,-1.677976758000009894e-01
1.887000000000000099e+01,1.624176470588179377e+00,8.544470588235215658e+00,6.920294117647070919e+00,7.400300450529999807e+02,4.992149560711999925e+02,-1.727340367999959936e-01
1.887999999999999901e+01,1.594764705882302014e+00,8.522705882352866524e+00,6.927941176470598705e+00,7.405347068309999941e+02,4.992177365832000078e+02,-1.696315608000099895e-01
1.889000000000000057e+01,1.565352941176413992e+00,8.500941176470508509e+00,6.935588235294130044e+00,7.410239634949999754e+02,4.992096390712000016e+02,-1.614941007999720068e-01
1.889999999999999858e+01,1.535941176470536629e+00,8.479176470588157599e+00,6.943235294117657830e+00,7.415159883989999798e+02,4.992056883881999738e+02,-1.583706877999870033e-01
1.891000000000000014e+01,1.506529411764649051e+00,8.457411764705801360e+00,6.950882352941189168e+00,7.420169434470000169e+02,4.992032208402000037e+02,-1.632505727999810086e-01
1.892000000000000171e+01,1.477117647058761030e+00,8.435647058823443345e+00,6.958529411764719619e+00,7.425161842950000164e+02,4.991956862622000131e+02,-1.571128908000110069e-01
1.892999999999999972e+01,1.447705882352884110e+00,8.413882352941094211e+00,6.966176470588247405e+00,7.430174799989999883e+02,4.991872496742000180e+02,-1.559716017999769888e-01
1.894000000000000128e+01,1.418294117646996089e+00,8.392117647058736196e+00,6.973823529411778743e+00,7.435315853470000320e+02,4.991825209532000258e+02,-1.628405967999810022e-01
1.894999999999999929e+01,1.388882352941118725e+00,8.370352941176385286e+00,6.981470588235306529e+00,7.440462021229999436e+02,4.991688316162000092e+02,-1.626778187999819991e-01
1.896000000000000085e+01,1.359470588235231148e+00,8.348588235294029047e+00,6.989117647058836980e+00,7.445518310910000537e+02,4.991546680961999982e+02,-1.515152957999580108e-01
1.896999999999999886e+01,1.330058823529353784e+00,8.326823529411679914e+00,6.996764705882365654e+00,7.450479935609999984e+02,4.991659673441999985e+02,-1.514447847999579877e-01
1.898000000000000043e+01,1.300647058823465763e+00,8.305058823529321899e+00,7.004411764705896104e+00,7.455507786230000420e+02,4.992016269682000029e+02,-1.674588497999769943e-01
1.898999999999999844e+01,1.271235294117588399e+00,8.283294117646970989e+00,7.012058823529423890e+00,7.460547023130000071e+02,4.992173404001999870e+02,-1.774022507999679921e-01
1.900000000000000000e+01,1.241823529411700822e+00,8.261529411764614750e+00,7.019705882352955228e+00,7.465574501549999695e+02,4.992010091472000113e+02,-1.662327208000000112e-01
1.901000000000000156e+01,1.212411764705813244e+00,8.239764705882256735e+00,7.027352941176485679e+00,7.470465360470000178e+02,4.991959032112000045e+02,-1.591058597999960023e-01
1.901999999999999957e+01,1.182999999999935881e+00,8.217999999999907601e+00,7.035000000000014353e+00,7.475359129649999659e+02,4.992207952812000258e+02,-1.710848927999960023e-01
1.903000000000000114e+01,1.153588235294047859e+00,8.196235294117549586e+00,7.042647058823544803e+00,7.480210376549999864e+02,4.992324447401999805e+02,-1.770181117999690135e-01
1.903999999999999915e+01,1.124176470588170496e+00,8.174470588235198676e+00,7.050294117647072589e+00,7.485142566309999665e+02,4.992075741932000028e+02,-1.608205418000049902e-01
1.905000000000000071e+01,1.094764705882282918e+00,8.152705882352842437e+00,7.057941176470603040e+00,7.490095295749999877e+02,4.991818157481999947e+02,-1.456193887999630010e-01
1.905999999999999872e+01,1.065352941176405555e+00,8.130941176470493303e+00,7.065588235294131714e+00,7.495171880289999535e+02,4.991847425611999824e+02,-1.495168077999809997e-01
1.907000000000000028e+01,1.035941176470517533e+00,8.109176470588135288e+00,7.073235294117662164e+00,7.500132950549999578e+02,4.991970154812000260e+02,-1.564497897999859999e-01
1.907999999999999829e+01,1.006529411764640169e+00,8.087411764705784378e+00,7.080882352941190838e+00,7.505133635050000294e+02,4.991925294782000151e+02,-1.513226857999910024e-01
1.908999999999999986e+01,9.771176470587525920e-01,8.065647058823428139e+00,7.088529411764721289e+00,7.510267534710000064e+02,4.991827836702000241e+02,-1.491740807999820118e-01
1.910000000000000142e+01,9.477058823528650144e-01,8.043882352941070124e+00,7.096176470588251739e+00,7.515496734130000505e+02,4.991815595162000250e+02,-1.570534857999630052e-01
1.910999999999999943e+01,9.182941176469876510e-01,8.022117647058720991e+00,7.103823529411780413e+00,7.520577308529999527e+02,4.991774977531999866e+02,-1.609261597999810112e-01
1.912000000000000099e+01,8.888823529410996294e-01,8.000352941176362975e+00,7.111470588235310863e+00,7.525657295190000013e+02,4.991744625822000216e+02,-1.568024167999630125e-01
1.912999999999999901e+01,8.594705882352222659e-01,7.978588235294012954e+00,7.119117647058838649e+00,7.530638887369999566e+02,4.991858758281999826e+02,-1.567318637999620123e-01
1.914000000000000057e+01,8.300588235293346884e-01,7.956823529411655826e+00,7.126764705882369988e+00,7.535664137349999692e+02,4.992085420052000018e+02,-1.607000667999819998e-01
1.914999999999999858e+01,8.006470588234573249e-01,7.935058823529305805e+00,7.134411764705897774e+00,7.540672841949999565e+02,4.992251004482000099e+02,-1.656470957999769955e-01
1.916000000000000014e+01,7.712352941175693033e-01,7.913294117646948678e+00,7.142058823529428224e+00,7.545590797749999865e+02,4.992251644052000188e+02,-1.565378587999629867e-01
1.917000000000000171e+01,7.418235294116817258e-01,7.891529411764590662e+00,7.149705882352959563e+00,7.550440566209999815e+02,4.992218519052000261e+02,-1.424181938000100012e-01
1.917999999999999972e+01,7.124117647058043623e-01,7.869764705882241529e+00,7.157352941176487349e+00,7.555455531710000514e+02,4.992274424121999914e+02,-1.433263617999860073e-01
1.919000000000000128e+01,6.829999999999167848e-01,7.847999999999883514e+00,7.165000000000018687e+00,7.560423430629999757e+02,4.992277525562000164e+02,-1.452169537999959958e-01
1.919999999999999929e+01,6.535882352940394213e-01,7.826235294117533492e+00,7.172647058823546473e+00,7.565481454670000403e+02,4.992105551242000274e+02,-1.450437597999950090e-01
1.921000000000000085e+01,6.241764705881513997e-01,7.804470588235176365e+00,7.180294117647076924e+00,7.570401409629999989e+02,4.991895751861999884e+02,-1.418602728000090130e-01
1.921999999999999886e+01,5.947647058822740362e-01,7.782705882352826343e+00,7.187941176470605598e+00,7.575324519670000427e+02,4.991806150232000050e+02,-1.437191547999630004e-01
1.923000000000000043e+01,5.653529411763864587e-01,7.760941176470469216e+00,7.195588235294136048e+00,7.580206294429999616e+02,4.991914265272000080e+02,-1.526487577999759981e-01
1.923999999999999844e+01,5.359411764705090953e-01,7.739176470588119194e+00,7.203235294117663834e+00,7.585290578350000033e+02,4.991984108671999820e+02,-1.545603077999860020e-01
1.925000000000000000e+01,5.065294117646210736e-01,7.717411764705762067e+00,7.210882352941195172e+00,7.590311228110000457e+02,4.991940423902000248e+02,-1.484331677999579935e-01
1.926000000000000156e+01,4.771176470587334961e-01,7.695647058823404052e+00,7.218529411764725623e+00,7.595412333309999440e+02,4.991891068411999868e+02,-1.493022827999909985e-01
1.926999999999999957e+01,4.477058823528561327e-01,7.673882352941054030e+00,7.226176470588253409e+00,7.600582198050000216e+02,4.991865458532000162e+02,-1.561782847999959867e-01
1.928000000000000114e+01,4.182941176469685551e-01,7.652117647058696903e+00,7.233823529411784747e+00,7.605684429890000047e+02,4.991796347362000006e+02,-1.510403658000009919e-01
1.928999999999999915e+01,3.888823529410911917e-01,7.630352941176346881e+00,7.241470588235312533e+00,7.610674854750000122e+02,4.991931193571999756e+02,-1.459768918000040050e-01
1.930000000000000071e+01,3.594705882352031701e-01,7.608588235293989754e+00,7.249117647058843872e+00,7.615640500810000049e+02,4.992324657391999949e+02,-1.520052827999779921e-01
1.930999999999999872e+01,3.300588235293258066e-01,7.586823529411639733e+00,7.256764705882371658e+00,7.620553970449999497e+02,4.992754853182000261e+02,-1.680478587999970075e-01
1.932000000000000028e+01,3.006470588234382291e-01,7.565058823529282606e+00,7.264411764705902108e+00,7.625594024370000170e+02,4.992722186231999899e+02,-1.649241938000099994e-01
1.932999999999999829e+01,2.712352941175608656e-01,7.543294117646932584e+00,7.272058823529430782e+00,7.630506509230000347e+02,4.992292276232000177e+02,-1.426630927999620047e-01
1.933999999999999986e+01,2.418235294116732881e-01,7.521529411764575457e+00,7.279705882352961233e+00,7.635384253749999743e+02,4.992120061051999755e+02,-1.414938177999859881e-01
1.935000000000000142e+01,2.124117647057852665e-01,7.499764705882217442e+00,7.287352941176491683e+00,7.640305970130000333e+02,4.992230350212000189e+02,-1.534233187999869963e-01
1.935999999999999943e+01,1.829999999999079030e-01,7.477999999999867420e+00,7.295000000000020357e+00,7.645147491430000173e+02,4.992166280821999749e+02,-1.512929977999770137e-01
1.937000000000000099e+01,1.535882352940203255e-01,7.456235294117510293e+00,7.302647058823550807e+00,7.650191207829999485e+02,4.991893964761999882e+02,-1.330846038000050024e-01
1.937999999999999901e+01,1.241764705881429620e-01,7.434470588235160271e+00,7.310294117647078593e+00,7.655204728190000196e+02,4.991799721041999760e+02,-1.289397977999849898e-01
1.939000000000000057e+01,9.476470588225494041e-02,7.412705882352803144e+00,7.317941176470609932e+00,7.660283904489999713e+02,4.991959064761999798e+02,-1.408831027999860042e-01
1.939999999999999858e+01,6.535294117637757694e-02,7.390941176470453122e+00,7.325588235294137718e+00,7.665318271930000265e+02,4.992026022932000160e+02,-1.437947517999720037e-01
1.941000000000000014e+01,3.594117647048999942e-02,7.369176470588095995e+00,7.333235294117669056e+00,7.670364007890000266e+02,4.991893801421999797e+02,-1.326357848000050133e-01
1.942000000000000171e+01,6.529411764601977808e-03,7.347411764705737980e+00,7.340882352941199507e+00,7.675449442870000212e+02,4.991943501061999768e+02,-1.395402348000089887e-01
1.942999999999999972e+01,-2.288235294127494157e-02,7.325647058823388846e+00,7.348529411764727293e+00,7.680636745909999945e+02,4.992138818752000020e+02,-1.584938717999579971e-01
1.944000000000000128e+01,-5.229411764716296318e-02,7.303882352941030831e+00,7.356176470588257743e+00,7.685653434670000479e+02,4.992164561101999993e+02,-1.653913987999630075e-01
1.944999999999999929e+01,-8.170588235304032665e-02,7.282117647058680809e+00,7.363823529411786417e+00,7.690716862629999468e+02,4.992073343732000126e+02,-1.562465178000050081e-01
1.946000000000000085e+01,-1.111176470589279042e-01,7.260352941176323682e+00,7.371470588235316868e+00,7.695630271909999465e+02,4.992153641062000133e+02,-1.531655247999620106e-01
1.946999999999999886e+01,-1.405294117648052676e-01,7.238588235293973661e+00,7.379117647058845542e+00,7.700585070170000108e+02,4.992386226021999960e+02,-1.591373977999920031e-01
1.948000000000000043e+01,-1.699411764706932892e-01,7.216823529411616533e+00,7.386764705882375992e+00,7.705530147270000043e+02,4.992438176442000213e+02,-1.590457187999919919e-01
1.948999999999999844e+01,-1.993529411765706527e-01,7.195058823529266512e+00,7.394411764705903778e+00,7.710536197530000209e+02,4.992123822102000190e+02,-1.358232987999669905e-01
1.950000000000000000e+01,-2.287647058824582302e-01,7.173294117646909385e+00,7.402058823529435116e+00,7.715474383389999957e+02,4.991945537102000117e+02,-1.206504467999799934e-01
1.951000000000000156e+01,-2.581764705883458078e-01,7.151529411764551369e+00,7.409705882352965567e+00,7.720424329950000129e+02,4.992087663671999849e+02,-1.275905197999860075e-01
1.951999999999999957e+01,-2.875882352942231712e-01,7.129764705882201348e+00,7.417352941176494241e+00,7.725274434670000119e+02,4.992224160901999994e+02,-1.325308147999809949e-01
1.953000000000000114e+01,-3.170000000001111928e-01,7.107999999999844221e+00,7.425000000000024691e+00,7.730281956710000486e+02,4.992059531991999961e+02,-1.263612968000089876e-01
1.953999999999999915e+01,-3.464117647059885563e-01,7.086235294117494199e+00,7.432647058823552477e+00,7.735305730049999511e+02,4.991785687871999926e+02,-1.191528788000039973e-01
1.955000000000000071e+01,-3.758235294118765779e-01,7.064470588235137072e+00,7.440294117647082928e+00,7.740418542249999518e+02,4.991706739652000238e+02,-1.260113318000100069e-01
1.955999999999999872e+01,-4.052352941177534973e-01,7.042705882352787050e+00,7.447941176470611602e+00,7.745477189969999472e+02,4.991874785951999911e+02,-1.419581897999719899e-01
1.957000000000000028e+01,-4.346470588236410748e-01,7.020941176470429923e+00,7.455588235294142052e+00,7.750562046090000194e+02,4.991934610391999740e+02,-1.448661987999579903e-01
1.957999999999999829e+01,-4.640588235295188824e-01,6.999176470588079901e+00,7.463235294117669838e+00,7.755579839289999882e+02,4.991940949862000139e+02,-1.357567517999999918e-01
1.958999999999999986e+01,-4.934705882354064599e-01,6.977411764705722774e+00,7.470882352941201177e+00,7.760587406150000334e+02,4.992126466372000095e+02,-1.417108447999730070e-01
1.960000000000000142e+01,-5.228823529412940374e-01,6.955647058823364759e+00,7.478529411764731627e+00,7.765590987589999941e+02,4.992381798082000159e+02,-1.496896708000099996e-01
1.960999999999999943e+01,-5.522941176471718450e-01,6.933882352941014737e+00,7.486176470588260301e+00,7.770571132410000246e+02,4.992345817031999786e+02,-1.435661497999810021e-01
1.962000000000000099e+01,-5.817058823530594225e-01,6.912117647058657610e+00,7.493823529411790751e+00,7.775591465889999654e+02,4.992132192511999733e+02,-1.273789957999620082e-01
1.962999999999999901e+01,-6.111176470589363419e-01,6.890352941176307588e+00,7.501470588235318537e+00,7.780482322589999740e+02,4.992081168432000027e+02,-1.192521407999800054e-01
1.964000000000000057e+01,-6.405294117648248076e-01,6.868588235293950461e+00,7.509117647058849876e+00,7.785428867030000220e+02,4.992282914841999855e+02,-1.342133757999670052e-01
1.964999999999999858e+01,-6.699411764707017269e-01,6.846823529411600440e+00,7.516764705882377662e+00,7.790446702409999489e+02,4.992288583992000213e+02,-1.441038147999580132e-01
1.966000000000000014e+01,-6.993529411765893045e-01,6.825058823529243313e+00,7.524411764705908112e+00,7.795456758069999523e+02,4.991904096932000243e+02,-1.278566077999959971e-01
1.967000000000000171e+01,-7.287647058824777702e-01,6.803294117646885297e+00,7.532058823529439451e+00,7.800368439229999922e+02,4.991663776522000262e+02,-1.246625368000089940e-01
1.967999999999999972e+01,-7.581764705883546895e-01,6.781529411764536164e+00,7.539705882352967237e+00,7.805437072910000325e+02,4.991832357531999946e+02,-1.416093678000049927e-01
1.969000000000000128e+01,-7.875882352942422671e-01,6.759764705882178148e+00,7.547352941176498575e+00,7.810389878250000493e+02,4.991924424581999915e+02,-1.525317417999730030e-01
1.969999999999999929e+01,-8.170000000001200746e-01,6.737999999999828127e+00,7.555000000000026361e+00,7.815424764189999678e+02,4.991631359492000115e+02,-1.403162627999730017e-01
1.971000000000000085e+01,-8.464117647060076521e-01,6.716235294117471000e+00,7.562647058823556812e+00,7.820437398289999464e+02,4.991377159702000199e+02,-1.261149777999620025e-01
1.971999999999999886e+01,-8.758235294118845715e-01,6.694470588235120978e+00,7.570294117647085486e+00,7.825574186009999949e+02,4.991580034482000201e+02,-1.330723267999670001e-01
1.973000000000000043e+01,-9.052352941177730372e-01,6.672705882352763851e+00,7.577941176470615936e+00,7.830559240669999781e+02,4.991984445562000019e+02,-1.441041807999919877e-01
1.973999999999999844e+01,-9.346470588236499566e-01,6.650941176470413829e+00,7.585588235294143722e+00,7.835569056369999998e+02,4.992130521272000010e+02,-1.360442178000099978e-01
1.975000000000000000e+01,-9.640588235295375341e-01,6.629176470588056702e+00,7.593235294117675060e+00,7.840534650949999786e+02,4.992173945512000159e+02,-1.269490157999960123e-01
1.976000000000000156e+01,-9.934705882354251116e-01,6.607411764705698687e+00,7.600882352941205511e+00,7.845656598790000089e+02,4.992285862471999849e+02,-1.328745977999669925e-01
1.976999999999999957e+01,-1.022882352941302919e+00,6.585647058823348665e+00,7.608529411764733297e+00,7.850773129389999667e+02,4.992317234161999977e+02,-1.417719027999810033e-01
1.978000000000000114e+01,-1.052294117647190497e+00,6.563882352940991538e+00,7.616176470588264635e+00,7.855832858930000384e+02,4.992115379361999885e+02,-1.395881157999709909e-01
1.978999999999999915e+01,-1.081705882353068304e+00,6.542117647058641516e+00,7.623823529411792421e+00,7.860691758169999730e+02,4.991922339082000235e+02,-1.304118608000139901e-01
1.980000000000000071e+01,-1.111117647058955882e+00,6.520352941176284389e+00,7.631470588235323760e+00,7.865535862350000116e+02,4.991988486402000262e+02,-1.323274497999669952e-01
1.980999999999999872e+01,-1.140529411764832801e+00,6.498588235293934368e+00,7.639117647058851546e+00,7.870521771769999759e+02,4.992202496451999991e+02,-1.472921358000109926e-01
1.982000000000000028e+01,-1.169941176470721267e+00,6.476823529411577240e+00,7.646764705882381996e+00,7.875554698509999980e+02,4.992119235271999855e+02,-1.471507988000100020e-01
1.982999999999999829e+01,-1.199352941176598186e+00,6.455058823529227219e+00,7.654411764705910670e+00,7.880597847149999780e+02,4.991856867611999746e+02,-1.299459338000140129e-01
1.983999999999999986e+01,-1.228764705882485764e+00,6.433294117646870092e+00,7.662058823529441121e+00,7.885489282710000225e+02,4.991795718732000182e+02,-1.258155197999950015e-01
1.985000000000000142e+01,-1.258176470588373341e+00,6.411529411764512076e+00,7.669705882352971571e+00,7.890442646929999455e+02,4.991877978502000133e+02,-1.317343887999659902e-01
1.985999999999999943e+01,-1.287588235294251149e+00,6.389764705882162055e+00,7.677352941176499357e+00,7.895373454130000255e+02,4.991828987421999955e+02,-1.306074077999899996e-01
1.987000000000000099e+01,-1.317000000000138726e+00,6.367999999999804928e+00,7.685000000000030695e+00,7.900533007750000252e+02,4.991633044202000065e+02,-1.224234468000089948e-01
1.987999999999999901e+01,-1.346411764706016534e+00,6.346235294117454906e+00,7.692647058823558481e+00,7.905495478330000196e+02,4.991555776771999717e+02,-1.222857918000089944e-01
1.989000000000000057e+01,-1.375823529411904111e+00,6.324470588235097779e+00,7.700294117647089820e+00,7.910532439749999867e+02,4.991752775251999878e+02,-1.342433208000100020e-01
1.989999999999999858e+01,-1.405235294117781031e+00,6.302705882352747757e+00,7.707941176470617606e+00,7.915516058150000163e+02,4.992006896422000182e+02,-1.442221767999999904e-01
1.991000000000000014e+01,-1.434647058823669497e+00,6.280941176470390630e+00,7.715588235294148944e+00,7.920609179189999622e+02,4.992097383011999909e+02,-1.431407937999669977e-01
1.992000000000000171e+01,-1.464058823529557074e+00,6.259176470588032615e+00,7.723235294117679395e+00,7.925592474649999986e+02,4.992181670272000247e+02,-1.400596537999810043e-01
1.992999999999999972e+01,-1.493470588235433993e+00,6.237411764705683481e+00,7.730882352941207181e+00,7.930612309609999784e+02,4.992327751491999948e+02,-1.479995737999630079e-01
1.994000000000000128e+01,-1.522882352941321571e+00,6.215647058823325466e+00,7.738529411764737631e+00,7.935680638110000018e+02,4.992326216352000188e+02,-1.598863607999639891e-01
1.994999999999999929e+01,-1.552294117647199378e+00,6.193882352940975444e+00,7.746176470588266305e+00,7.940801674849999472e+02,4.991927714302000254e+02,-1.526317987999590009e-01
1.996000000000000085e+01,-1.581705882353086956e+00,6.172117647058618317e+00,7.753823529411796756e+00,7.945694768869999507e+02,4.991486574801999723e+02,-1.333671868000100014e-01
1.996999999999999886e+01,-1.611117647058964764e+00,6.150352941176268295e+00,7.761470588235324541e+00,7.950379128770000534e+02,4.991543672842000205e+02,-1.332831238000090068e-01
1.998000000000000043e+01,-1.640529411764852341e+00,6.128588235293911168e+00,7.769117647058855880e+00,7.955126855810000279e+02,4.991894434161999925e+02,-1.453013358000110056e-01
1.998999999999999844e+01,-1.669941176470729260e+00,6.106823529411561147e+00,7.776764705882383666e+00,7.960094752510000262e+02,4.991897570881999968e+02,-1.461919337999859902e-01
2.000000000000000000e+01,-1.699352941176617726e+00,6.085058823529204020e+00,7.784411764705915004e+00,7.965273961770000142e+02,4.991532757332000187e+02,-1.299479047999670123e-01
2.001000000000000156e+01,-1.728764705882505304e+00,6.063294117646846004e+00,7.792058823529445455e+00,7.970153400689999899e+02,4.991330838072000233e+02,-1.217680667999850030e-01
2.001999999999999957e+01,-1.758176470588382223e+00,6.041529411764495983e+00,7.799705882352973241e+00,7.975121050349999905e+02,4.991513792381999792e+02,-1.357221957999960038e-01
2.003000000000000114e+01,-1.787588235294269801e+00,6.019764705882138855e+00,7.807352941176504579e+00,7.980158011769999575e+02,4.991710790861999953e+02,-1.476797247999959983e-01
2.003999999999999915e+01,-1.817000000000147608e+00,5.997999999999788834e+00,7.815000000000032365e+00,7.985404566930000101e+02,4.991569931231999817e+02,-1.385132557999819991e-01
2.005000000000000071e+01,-1.846411764706035186e+00,5.976235294117431707e+00,7.822647058823562816e+00,7.990522774170000275e+02,4.991571881081999891e+02,-1.324000458000089975e-01
2.005999999999999872e+01,-1.875823529411912993e+00,5.954470588235081685e+00,7.830294117647091490e+00,7.995589994209999531e+02,4.991940670402000251e+02,-1.504175497999820088e-01
2.007000000000000028e+01,-1.905235294117800571e+00,5.932705882352723670e+00,7.837941176470621940e+00,8.000513710169999513e+02,4.992191371632000028e+02,-1.603965317999719864e-01
2.007999999999999829e+01,-1.934647058823677490e+00,5.910941176470374536e+00,7.845588235294149726e+00,8.005502391369999486e+02,4.992005847062000043e+02,-1.482200217999720127e-01
2.008999999999999986e+01,-1.964058823529565068e+00,5.889176470588016521e+00,7.853235294117681065e+00,8.010489934830000038e+02,4.991840254571999935e+02,-1.370505758000039875e-01
2.010000000000000142e+01,-1.993470588235453533e+00,5.867411764705659394e+00,7.860882352941211515e+00,8.015417651750000232e+02,4.992020893641999919e+02,-1.520047827999919943e-01
2.010999999999999943e+01,-2.022882352941330453e+00,5.845647058823309372e+00,7.868529411764740189e+00,8.020341082510000206e+02,4.992101161201999844e+02,-1.659236668000020065e-01
2.012000000000000099e+01,-2.052294117647218030e+00,5.823882352940952245e+00,7.876176470588270639e+00,8.025268433889999642e+02,4.991761785662000079e+02,-1.566942607999869952e-01
2.012999999999999901e+01,-2.081705882353095838e+00,5.802117647058602223e+00,7.883823529411798425e+00,8.030306724170000052e+02,4.991409065451999822e+02,-1.374576137999810044e-01
2.014000000000000057e+01,-2.111117647058983415e+00,5.780352941176245096e+00,7.891470588235329764e+00,8.035225568450000537e+02,4.991569625811999913e+02,-1.394048497999909875e-01
2.014999999999999858e+01,-2.140529411764861223e+00,5.758588235293895075e+00,7.899117647058857550e+00,8.040160147750000306e+02,4.991980958941999802e+02,-1.564403077999869940e-01
2.016000000000000014e+01,-2.169941176470748800e+00,5.736823529411537059e+00,7.906764705882388000e+00,8.045045890169999439e+02,4.992019541021999771e+02,-1.553452258000110053e-01
2.017000000000000171e+01,-2.199352941176636378e+00,5.715058823529179932e+00,7.914411764705919339e+00,8.050246767969999837e+02,4.991626057532000118e+02,-1.350905737999729961e-01
2.017999999999999972e+01,-2.228764705882513297e+00,5.693294117646829910e+00,7.922058823529447125e+00,8.055326453889999812e+02,4.991425519111999733e+02,-1.279067747999680094e-01
2.019000000000000128e+01,-2.258176470588401763e+00,5.671529411764472783e+00,7.929705882352978463e+00,8.060369992490000186e+02,4.991682777981999948e+02,-1.458854567999960106e-01
2.019999999999999929e+01,-2.287588235294278682e+00,5.649764705882122762e+00,7.937352941176506249e+00,8.065302558890000455e+02,4.991953910721999819e+02,-1.588714697999719927e-01
2.021000000000000085e+01,-2.317000000000166260e+00,5.627999999999765635e+00,7.945000000000036700e+00,8.070353155430000243e+02,4.991912006481999811e+02,-1.507442787999909994e-01
2.021999999999999886e+01,-2.346411764706044067e+00,5.606235294117415613e+00,7.952647058823565374e+00,8.075465375449999783e+02,4.991843394741999873e+02,-1.476063268000049888e-01
2.023000000000000043e+01,-2.375823529411931645e+00,5.584470588235058486e+00,7.960294117647095824e+00,8.080466389550000486e+02,4.991968262781999783e+02,-1.585392007999719965e-01
2.023999999999999844e+01,-2.405235294117809453e+00,5.562705882352708464e+00,7.967941176470623610e+00,8.085385814909999453e+02,4.992118663062000223e+02,-1.654828717999770049e-01
2.025000000000000000e+01,-2.434647058823697030e+00,5.540941176470350449e+00,7.975588235294154060e+00,8.090233895630000234e+02,4.992115136301999883e+02,-1.613737517999589977e-01
2.026000000000000156e+01,-2.464058823529584608e+00,5.519176470587993322e+00,7.983235294117685399e+00,8.095223135710000406e+02,4.991919804451999880e+02,-1.441937367999620023e-01
2.026999999999999957e+01,-2.493470588235461527e+00,5.497411764705643300e+00,7.990882352941213185e+00,8.100070648670000537e+02,4.991926226091999865e+02,-1.410881457999760002e-01
2.028000000000000114e+01,-2.522882352941349993e+00,5.475647058823286173e+00,7.998529411764744523e+00,8.105140404549999857e+02,4.992075121981999928e+02,-1.500279547999920082e-01
2.028999999999999915e+01,-2.552294117647226912e+00,5.453882352940936151e+00,8.006176470588272309e+00,8.110176183410000021e+02,4.991941907121999975e+02,-1.508689367999669906e-01
2.030000000000000071e+01,-2.581705882353114490e+00,5.432117647058579024e+00,8.013823529411803648e+00,8.115282916950000072e+02,4.991442992771999911e+02,-1.275791628000000066e-01
2.030999999999999872e+01,-2.611117647058992297e+00,5.410352941176229002e+00,8.021470588235331434e+00,8.120219965070000399e+02,4.991284639852000282e+02,-1.134133747999910014e-01
2.032000000000000028e+01,-2.640529411764879875e+00,5.388588235293870987e+00,8.029117647058860996e+00,8.125236117570000260e+02,4.991670687701999896e+02,-1.274380777999999936e-01
2.032999999999999829e+01,-2.669941176470757682e+00,5.366823529411521854e+00,8.036764705882390558e+00,8.130210636269999895e+02,4.992084230231999982e+02,-1.464734398000049898e-01
2.033999999999999986e+01,-2.699352941176645260e+00,5.345058823529163838e+00,8.044411764705920120e+00,8.135355661849999933e+02,4.991967339501999845e+02,-1.453177377999730069e-01
2.035000000000000142e+01,-2.728764705882532837e+00,5.323294117646806711e+00,8.052058823529451459e+00,8.140415070669999977e+02,4.991595615511999995e+02,-1.310739487999620090e-01
2.035999999999999943e+01,-2.758176470588409757e+00,5.301529411764456690e+00,8.059705882352979245e+00,8.145366989750000357e+02,4.991527726492000170e+02,-1.319398437999949880e-01
2.037000000000000099e+01,-2.787588235294298222e+00,5.279764705882099562e+00,8.067352941176510583e+00,8.150310120970000298e+02,4.991789269142000194e+02,-1.499222707999680049e-01
2.037999999999999901e+01,-2.817000000000175142e+00,5.257999999999749541e+00,8.075000000000038369e+00,8.155204713829999719e+02,4.991848282732000257e+02,-1.518342197999779930e-01
2.039000000000000057e+01,-2.846411764706062719e+00,5.236235294117392414e+00,8.082647058823569708e+00,8.160213914729999942e+02,4.991654196701999808e+02,-1.316541807999949965e-01
2.039999999999999858e+01,-2.875823529411940527e+00,5.214470588235042392e+00,8.090294117647097494e+00,8.165139583229999971e+02,4.991695199861999868e+02,-1.265590387999999955e-01
2.041000000000000014e+01,-2.905235294117828104e+00,5.192705882352684377e+00,8.097941176470628832e+00,8.170262989530000368e+02,4.991957053932000008e+02,-1.435375587999959957e-01
2.042000000000000171e+01,-2.934647058823715682e+00,5.170941176470327250e+00,8.105588235294158395e+00,8.175222044670000514e+02,4.991939618022000218e+02,-1.454211018000060029e-01
2.042999999999999972e+01,-2.964058823529593489e+00,5.149176470587977228e+00,8.113235294117686180e+00,8.180188164410000127e+02,4.991622913162000259e+02,-1.241987537999909991e-01
2.044000000000000128e+01,-2.993470588235481067e+00,5.127411764705620101e+00,8.120882352941217519e+00,8.185087297129999797e+02,4.991602374831999782e+02,-1.170824767999849997e-01
2.044999999999999929e+01,-3.022882352941357986e+00,5.105647058823270079e+00,8.128529411764745305e+00,8.190206724670000540e+02,4.991933938262000083e+02,-1.390857117999770021e-01
2.046000000000000085e+01,-3.052294117647246452e+00,5.083882352940912952e+00,8.136176470588276644e+00,8.195399714190000395e+02,4.992029630832000180e+02,-1.520040348000100128e-01
2.046999999999999886e+01,-3.081705882353123371e+00,5.062117647058562930e+00,8.143823529411804429e+00,8.200432019469999432e+02,4.991606313752000119e+02,-1.367426397999680077e-01
2.048000000000000043e+01,-3.111117647059010949e+00,5.040352941176205803e+00,8.151470588235335768e+00,8.205341095549999864e+02,4.991236129431999871e+02,-1.195027187999710000e-01
2.048999999999999844e+01,-3.140529411764888756e+00,5.018588235293855782e+00,8.159117647058863554e+00,8.210100208869999960e+02,4.991387428831999955e+02,-1.254502667999989884e-01
2.050000000000000000e+01,-3.169941176470776334e+00,4.996823529411497766e+00,8.166764705882394892e+00,8.215119779030000018e+02,4.991713609881999787e+02,-1.384537657999770077e-01
2.051000000000000156e+01,-3.199352941176663911e+00,4.975058823529140639e+00,8.174411764705926231e+00,8.220144717169999922e+02,4.991770261341999912e+02,-1.343619427999580007e-01
2.051999999999999957e+01,-3.228764705882541719e+00,4.953294117646790617e+00,8.182058823529454017e+00,8.225293697089999796e+02,4.991584049332000177e+02,-1.171815917999610018e-01
2.053000000000000114e+01,-3.258176470588429297e+00,4.931529411764433490e+00,8.189705882352983579e+00,8.230178301769999507e+02,4.991642563492000022e+02,-1.170935737999610066e-01
2.053999999999999915e+01,-3.287588235294306216e+00,4.909764705882083469e+00,8.197352941176511365e+00,8.235104297650000262e+02,4.991853330001999893e+02,-1.270584158000090114e-01
2.055000000000000071e+01,-3.317000000000194682e+00,4.887999999999726342e+00,8.205000000000042704e+00,8.239977778630000103e+02,4.991931241532000172e+02,-1.269774888000090030e-01
2.055999999999999872e+01,-3.346411764706071601e+00,4.866235294117376320e+00,8.212647058823570489e+00,8.245039514410000265e+02,4.991869692962000045e+02,-1.258431647999760095e-01
2.057000000000000028e+01,-3.375823529411959179e+00,4.844470588235018305e+00,8.220294117647101828e+00,8.250131210289999899e+02,4.991809713242000157e+02,-1.287087537999629938e-01
2.057999999999999829e+01,-3.405235294117836986e+00,4.822705882352669171e+00,8.227941176470629614e+00,8.255116816749999771e+02,4.991853571862000081e+02,-1.396133897999869977e-01
2.058999999999999986e+01,-3.434647058823724564e+00,4.800941176470311156e+00,8.235588235294160953e+00,8.260147474670000065e+02,4.991810069001999750e+02,-1.444861627999809994e-01
2.060000000000000142e+01,-3.464058823529612141e+00,4.779176470587954029e+00,8.243235294117692291e+00,8.265056882569999743e+02,4.991609577471999728e+02,-1.443062137999820138e-01
2.060999999999999943e+01,-3.493470588235489949e+00,4.757411764705604007e+00,8.250882352941220077e+00,8.270039004349999914e+02,4.991363510272000212e+02,-1.341085027999920076e-01
2.062000000000000099e+01,-3.522882352941377526e+00,4.735647058823246880e+00,8.258529411764751416e+00,8.274955259089999799e+02,4.991393959761999781e+02,-1.290098467999959975e-01
2.062999999999999901e+01,-3.552294117647254446e+00,4.713882352940896858e+00,8.266176470588279201e+00,8.280133685050000167e+02,4.991569269301999725e+02,-1.329565247999580091e-01
2.064000000000000057e+01,-3.581705882353142911e+00,4.692117647058539731e+00,8.273823529411808764e+00,8.285250767869999891e+02,4.991590939551999782e+02,-1.338503427999910012e-01
2.064999999999999858e+01,-3.611117647059019831e+00,4.670352941176189709e+00,8.281470588235336550e+00,8.290324455469999521e+02,4.991320015942000055e+02,-1.246418317999759967e-01
2.066000000000000014e+01,-3.640529411764907408e+00,4.648588235293831694e+00,8.289117647058867888e+00,8.295184479130000454e+02,4.991107255261999853e+02,-1.084585488000130021e-01
2.067000000000000171e+01,-3.669941176470795874e+00,4.626823529411474567e+00,8.296764705882399227e+00,8.300082220409999536e+02,4.991286572441999851e+02,-1.124128847999760067e-01
2.067999999999999972e+01,-3.699352941176672793e+00,4.605058823529124545e+00,8.304411764705927013e+00,8.305172823369999833e+02,4.991596670221999830e+02,-1.284091487999959869e-01
2.069000000000000128e+01,-3.728764705882560371e+00,4.583294117646767418e+00,8.312058823529458351e+00,8.310307039309999482e+02,4.991669151891999832e+02,-1.363205577999770102e-01
2.069999999999999929e+01,-3.758176470588438178e+00,4.561529411764417397e+00,8.319705882352986137e+00,8.315406122729999652e+02,4.991479737131999741e+02,-1.291402517999719890e-01
2.071000000000000085e+01,-3.787588235294325756e+00,4.539764705882060269e+00,8.327352941176517476e+00,8.320197718670000313e+02,4.991412923632000229e+02,-1.240100537999759972e-01
2.071999999999999886e+01,-3.817000000000202675e+00,4.517999999999710248e+00,8.335000000000045262e+00,8.325164796130000013e+02,4.991605896902000268e+02,-1.369677238000089892e-01
2.073000000000000043e+01,-3.846411764706091141e+00,4.496235294117353121e+00,8.342647058823574824e+00,8.330097055129999717e+02,4.991706948771999919e+02,-1.438936987999590023e-01
2.073999999999999844e+01,-3.875823529411968060e+00,4.474470588235003099e+00,8.350294117647104386e+00,8.335173882269999694e+02,4.991556469871999866e+02,-1.327275987999909923e-01
2.075000000000000000e+01,-3.905235294117855638e+00,4.452705882352645084e+00,8.357941176470633948e+00,8.340188527049999720e+02,4.991442505751999761e+02,-1.215757647999669983e-01
2.076000000000000156e+01,-3.934647058823743215e+00,4.430941176470287957e+00,8.365588235294165287e+00,8.345190106689999539e+02,4.991557460672000275e+02,-1.305051157999820022e-01
2.076999999999999957e+01,-3.964058823529621023e+00,4.409176470587937935e+00,8.373235294117693073e+00,8.350195097329999498e+02,4.991612654631999817e+02,-1.354132807999769983e-01
2.078000000000000114e+01,-3.993470588235508600e+00,4.387411764705580808e+00,8.380882352941224411e+00,8.355035734589999947e+02,4.991388593891999790e+02,-1.242264748000110053e-01
2.078999999999999915e+01,-4.022882352941386408e+00,4.365647058823230786e+00,8.388529411764752197e+00,8.359974492650000002e+02,4.991200289931999805e+02,-1.100500818000000047e-01
2.080000000000000071e+01,-4.052294117647273985e+00,4.343882352940873659e+00,8.396176470588283536e+00,8.364964939709999499e+02,4.991334783341999923e+02,-1.149865477999949953e-01
2.080999999999999872e+01,-4.081705882353150905e+00,4.322117647058523637e+00,8.403823529411811322e+00,8.370188760050000383e+02,4.991592247791999739e+02,-1.349613047999770055e-01
2.082000000000000028e+01,-4.111117647059039371e+00,4.300352941176165622e+00,8.411470588235342660e+00,8.375372591730000522e+02,4.991497427982000090e+02,-1.388125587999969879e-01
2.082999999999999829e+01,-4.140529411764916290e+00,4.278588235293816489e+00,8.419117647058870446e+00,8.380475357609999492e+02,4.991068046592000087e+02,-1.255474697999630074e-01
2.083999999999999986e+01,-4.169941176470803867e+00,4.256823529411458473e+00,8.426764705882401785e+00,8.385389601670000275e+02,4.990958260411999845e+02,-1.173993627999810052e-01
2.085000000000000142e+01,-4.199352941176691445e+00,4.235058823529101346e+00,8.434411764705931347e+00,8.390335300230000257e+02,4.991350266732000023e+02,-1.324277417999669970e-01
2.085999999999999943e+01,-4.228764705882569253e+00,4.213294117646751324e+00,8.442058823529459133e+00,8.395349731689999544e+02,4.991766442022000092e+02,-1.414630797999829881e-01
2.087000000000000099e+01,-4.258176470588456830e+00,4.191529411764394197e+00,8.449705882352990471e+00,8.400366393809999863e+02,4.991792607731999851e+02,-1.363606787999860070e-01
2.087999999999999901e+01,-4.287588235294334638e+00,4.169764705882044176e+00,8.457352941176518257e+00,8.405404430390000243e+02,4.991619810952000194e+02,-1.271875807999719998e-01
2.089000000000000057e+01,-4.317000000000222215e+00,4.147999999999687049e+00,8.465000000000049596e+00,8.410217142650000142e+02,4.991534028951999744e+02,-1.260502467999959908e-01
2.089999999999999858e+01,-4.346411764706099135e+00,4.126235294117337027e+00,8.472647058823577382e+00,8.415052414150000004e+02,4.991579462522000199e+02,-1.329587567999999942e-01
2.091000000000000014e+01,-4.375823529411987600e+00,4.104470588234979012e+00,8.480294117647108720e+00,8.419902783669999735e+02,4.991535859922000213e+02,-1.328354728000009921e-01
2.092000000000000171e+01,-4.405235294117875178e+00,4.082705882352621884e+00,8.487941176470638283e+00,8.425010149769999543e+02,4.991376825071999974e+02,-1.296657267999579977e-01
2.092999999999999972e+01,-4.434647058823752097e+00,4.060941176470271863e+00,8.495588235294167845e+00,8.430173439550000012e+02,4.991290919521999854e+02,-1.315205697999680123e-01
2.094000000000000128e+01,-4.464058823529639675e+00,4.039176470587914736e+00,8.503235294117697407e+00,8.435291105669999752e+02,4.991302394411999899e+02,-1.384108167999719974e-01
2.094999999999999929e+01,-4.493470588235516594e+00,4.017411764705564714e+00,8.510882352941225193e+00,8.440289528009999458e+02,4.991297186862000217e+02,-1.412978047999579878e-01
2.096000000000000085e+01,-4.522882352941405948e+00,3.995647058823207587e+00,8.518529411764756532e+00,8.445214334669999516e+02,4.991177845871999921e+02,-1.371461177999959979e-01
2.096999999999999886e+01,-4.552294117647282867e+00,3.973882352940857565e+00,8.526176470588284317e+00,8.450287746369999695e+02,4.991087198491999857e+02,-1.280012157999809996e-01
2.098000000000000043e+01,-4.581705882353170445e+00,3.952117647058500438e+00,8.533823529411815656e+00,8.455397403910000094e+02,4.991238903542000003e+02,-1.219410308000089954e-01
2.098999999999999844e+01,-4.611117647059047364e+00,3.930352941176150416e+00,8.541470588235343442e+00,8.460578984950000176e+02,4.991534410831999935e+02,-1.309300777999659882e-01
2.100000000000000000e+01,-4.640529411764934942e+00,3.908588235293792401e+00,8.549117647058874780e+00,8.465713200889999825e+02,4.991606892501999937e+02,-1.388414868000049929e-01
2.101000000000000156e+01,-4.669941176470822519e+00,3.886823529411435274e+00,8.556764705882404343e+00,8.470760366030000341e+02,4.991274215721999781e+02,-1.336118048000100034e-01
2.101999999999999957e+01,-4.699352941176701215e+00,3.865058823529085252e+00,8.564411764705933905e+00,8.475669453210000484e+02,4.990903855002000000e+02,-1.213718538000090053e-01
2.103000000000000114e+01,-4.728764705882588792e+00,3.843294117646728125e+00,8.572058823529463467e+00,8.480498450490000550e+02,4.991059179612000207e+02,-1.263192608000059947e-01
2.103999999999999915e+01,-4.758176470588465712e+00,3.821529411764378104e+00,8.579705882352993029e+00,8.485467278270000406e+02,4.991572417822000034e+02,-1.493899487999719999e-01
2.105000000000000071e+01,-4.787588235294353289e+00,3.799764705882020976e+00,8.587352941176522592e+00,8.490432641349999585e+02,4.991795412692000014e+02,-1.603582357999970009e-01
2.105999999999999872e+01,-4.817000000000230209e+00,3.777999999999670955e+00,8.595000000000050377e+00,8.495515179389999503e+02,4.991544920591999812e+02,-1.541567557999679872e-01
2.107000000000000028e+01,-4.846411764706117786e+00,3.756235294117312939e+00,8.602647058823581716e+00,8.500390906569999743e+02,4.991232575582000095e+02,-1.469380477999640000e-01
2.107999999999999829e+01,-4.875823529411996482e+00,3.734470588234963806e+00,8.610294117647109502e+00,8.505251845349999940e+02,4.991179312332000109e+02,-1.538111657999680082e-01
2.108999999999999986e+01,-4.905235294117884060e+00,3.712705882352605791e+00,8.617941176470640841e+00,8.510216901029999690e+02,4.991232226331999868e+02,-1.587194147999639871e-01
2.110000000000000142e+01,-4.934647058823771637e+00,3.690941176470248664e+00,8.625588235294170403e+00,8.515349645190000274e+02,4.991154982571999881e+02,-1.495779218000060085e-01
2.110999999999999943e+01,-4.964058823529648556e+00,3.669176470587898642e+00,8.633235294117699965e+00,8.520529442609999933e+02,4.991130754121999757e+02,-1.334540407999869893e-01
2.112000000000000099e+01,-4.993470588235536134e+00,3.647411764705541515e+00,8.640882352941229527e+00,8.525611749570000484e+02,4.991410683671999777e+02,-1.394397807999580019e-01
2.112999999999999901e+01,-5.022882352941413053e+00,3.625647058823191493e+00,8.648529411764759089e+00,8.530669248450000168e+02,4.991598838451999995e+02,-1.513937327999589910e-01
2.114000000000000057e+01,-5.052294117647302407e+00,3.603882352940834366e+00,8.656176470588288652e+00,8.535602602589999606e+02,4.991329777541999988e+02,-1.461890267999630122e-01
2.114999999999999858e+01,-5.081705882353179327e+00,3.582117647058484344e+00,8.663823529411818214e+00,8.540715922189999674e+02,4.990890982462000238e+02,-1.329203817999869974e-01
2.116000000000000014e+01,-5.111117647059066904e+00,3.560352941176126329e+00,8.671470588235347776e+00,8.545752567329999465e+02,4.990918041191999919e+02,-1.348178967999970057e-01
2.117000000000000171e+01,-5.140529411764954482e+00,3.538588235293769202e+00,8.679117647058879115e+00,8.550817518549999932e+02,4.991326588832000084e+02,-1.578495107999640101e-01
2.117999999999999972e+01,-5.169941176470831401e+00,3.516823529411419180e+00,8.686764705882406901e+00,8.555845633970000108e+02,4.991503085241999997e+02,-1.687999967999880002e-01
2.119000000000000128e+01,-5.199352941176718979e+00,3.495058823529062053e+00,8.694411764705938239e+00,8.560770124350000287e+02,4.991213804501999789e+02,-1.545882957999779872e-01
2.119999999999999929e+01,-5.228764705882597674e+00,3.473294117646712031e+00,8.702058823529466025e+00,8.565580812609999839e+02,4.990987998511999990e+02,-1.444015467999870128e-01
2.121000000000000085e+01,-5.258176470588485252e+00,3.451529411764354904e+00,8.709705882352995587e+00,8.570358181249999916e+02,4.991170424211999830e+02,-1.493596637999820009e-01
2.121999999999999886e+01,-5.287588235294362171e+00,3.429764705882004883e+00,8.717352941176525150e+00,8.575256227710000303e+02,4.991519857541999841e+02,-1.583740437999970052e-01
2.123000000000000043e+01,-5.317000000000249749e+00,3.407999999999647756e+00,8.725000000000054712e+00,8.580319388650000292e+02,4.991608775281999897e+02,-1.532927478000019883e-01
2.123999999999999844e+01,-5.346411764706126668e+00,3.386235294117297734e+00,8.732647058823584274e+00,8.585474959069999841e+02,4.991482611981999753e+02,-1.481335138000069995e-01
2.125000000000000000e+01,-5.375823529412014246e+00,3.364470588234939719e+00,8.740294117647113836e+00,8.590519583929999499e+02,4.991369899192000048e+02,-1.499815387999590133e-01
2.126000000000000156e+01,-5.405235294117901823e+00,3.342705882352582591e+00,8.747941176470645175e+00,8.595350567049999881e+02,4.991314996532000237e+02,-1.548547318000099982e-01
2.126999999999999957e+01,-5.434647058823780519e+00,3.320941176470232570e+00,8.755588235294172961e+00,8.600304761610000241e+02,4.991207243352000091e+02,-1.537064987999779975e-01
2.128000000000000114e+01,-5.464058823529668096e+00,3.299176470587875443e+00,8.763235294117704299e+00,8.605415850550000414e+02,4.991158457852000083e+02,-1.545755928000110135e-01
2.128999999999999915e+01,-5.493470588235545016e+00,3.277411764705525421e+00,8.770882352941232085e+00,8.610700397010000415e+02,4.991229435132000276e+02,-1.644831398000010103e-01
2.130000000000000071e+01,-5.522882352941432593e+00,3.255647058823168294e+00,8.778529411764763424e+00,8.615784698689999459e+02,4.991298996291999970e+02,-1.743946417999920062e-01
2.130999999999999872e+01,-5.552294117647309513e+00,3.233882352940818272e+00,8.786176470588291210e+00,8.620768274490000067e+02,4.991202936761999922e+02,-1.732498807999590107e-01
2.132000000000000028e+01,-5.581705882353198866e+00,3.212117647058460257e+00,8.793823529411820772e+00,8.625765245029999733e+02,4.991047686261999843e+02,-1.680839127999640137e-01
2.132999999999999829e+01,-5.611117647059075786e+00,3.190352941176111123e+00,8.801470588235350334e+00,8.630786475869999776e+02,4.990993841412000052e+02,-1.669532077999870134e-01
2.133999999999999986e+01,-5.640529411764963363e+00,3.168588235293753108e+00,8.809117647058879896e+00,8.635827966049999986e+02,4.991111464371999773e+02,-1.648825407999789938e-01
2.135000000000000142e+01,-5.669941176470850941e+00,3.146823529411395981e+00,8.816764705882411235e+00,8.640723966309999469e+02,4.991321226512000067e+02,-1.548475657999870136e-01
2.135999999999999943e+01,-5.699352941176727860e+00,3.125058823529045959e+00,8.824411764705939021e+00,8.645688158350000094e+02,4.991564682662000223e+02,-1.518230068000019917e-01
2.137000000000000099e+01,-5.728764705882615438e+00,3.103294117646688832e+00,8.832058823529470359e+00,8.650660922289999917e+02,4.991658030812000106e+02,-1.587453628000060069e-01
2.137999999999999901e+01,-5.758176470588494134e+00,3.081529411764338811e+00,8.839705882352998145e+00,8.655562630809999973e+02,4.991416964012000221e+02,-1.605512827999600045e-01
2.139000000000000057e+01,-5.787588235294381711e+00,3.059764705881981683e+00,8.847352941176529484e+00,8.660442917829999487e+02,4.991024749562000125e+02,-1.533042948000120087e-01
2.139999999999999858e+01,-5.817000000000258630e+00,3.037999999999631662e+00,8.855000000000057270e+00,8.665263342790000252e+02,4.990979331152000213e+02,-1.561810557999969984e-01
2.141000000000000014e+01,-5.846411764706146208e+00,3.016235294117273646e+00,8.862647058823586832e+00,8.670374494310000273e+02,4.991280408832000148e+02,-1.771737128000110129e-01
2.142000000000000171e+01,-5.875823529412033785e+00,2.994470588234916519e+00,8.870294117647118171e+00,8.675449121870000226e+02,4.991519445591999897e+02,-1.941452678000079868e-01
2.142999999999999972e+01,-5.905235294117910705e+00,2.972705882352566498e+00,8.877941176470645956e+00,8.680606972210000549e+02,4.991353347571999848e+02,-1.889718938000120030e-01
2.144000000000000128e+01,-5.934647058823798282e+00,2.950941176470209371e+00,8.885588235294177295e+00,8.685540313029999879e+02,4.991084498341999733e+02,-1.777672237999879945e-01
2.144999999999999929e+01,-5.964058823529676978e+00,2.929176470587859349e+00,8.893235294117705081e+00,8.690580936930000462e+02,4.991041847711999822e+02,-1.746400238000030136e-01
2.146000000000000085e+01,-5.993470588235564556e+00,2.907411764705502222e+00,8.900882352941236419e+00,8.695749379149999641e+02,4.991216587261999962e+02,-1.785867227999639872e-01
2.146999999999999886e+01,-6.022882352941441475e+00,2.885647058823152200e+00,8.908529411764764205e+00,8.700863017670000090e+02,4.991298547672000154e+02,-1.685018167999750016e-01
2.148000000000000043e+01,-6.052294117647329053e+00,2.863882352940795073e+00,8.916176470588295544e+00,8.705990629789999957e+02,4.991311192311999889e+02,-1.583921447999830090e-01
2.148999999999999844e+01,-6.081705882353205972e+00,2.842117647058445051e+00,8.923823529411823330e+00,8.710917433810000148e+02,4.991332298671999865e+02,-1.512899447999780100e-01
2.150000000000000000e+01,-6.111117647059095326e+00,2.820352941176087036e+00,8.931470588235354668e+00,8.715903610249999929e+02,4.991366173612000239e+02,-1.621910458000019872e-01
2.151000000000000156e+01,-6.140529411764982903e+00,2.798588235293729909e+00,8.939117647058886007e+00,8.720822447450000254e+02,4.991175988791999885e+02,-1.690145688000070090e-01
2.151999999999999957e+01,-6.169941176470859823e+00,2.776823529411379887e+00,8.946764705882412017e+00,8.725669370030000209e+02,4.990841860612000005e+02,-1.647888357999869879e-01
2.153000000000000114e+01,-6.199352941176747400e+00,2.755058823529022760e+00,8.954411764705943355e+00,8.730529729950000046e+02,4.990798722161999876e+02,-1.676655127999739925e-01
2.153999999999999915e+01,-6.228764705882624320e+00,2.733294117646672738e+00,8.962058823529471141e+00,8.735467724689999613e+02,4.991150223771999777e+02,-1.826797727999610044e-01
2.155000000000000071e+01,-6.258176470588511897e+00,2.711529411764315611e+00,8.969705882353002480e+00,8.740447366549999515e+02,4.991474019021999879e+02,-1.986833377999799866e-01
2.155999999999999872e+01,-6.287588235294390593e+00,2.689764705881965590e+00,8.977352941176530265e+00,8.745358210709999867e+02,4.991423817401999941e+02,-1.995563868000140018e-01
2.157000000000000028e+01,-6.317000000000278170e+00,2.667999999999607574e+00,8.985000000000061604e+00,8.750265026849999686e+02,4.991093250281999758e+02,-1.913305517999749905e-01
2.157999999999999829e+01,-6.346411764706155090e+00,2.646235294117258441e+00,8.992647058823589390e+00,8.755257697910000161e+02,4.990837839952000081e+02,-1.791292967999739971e-01
2.158999999999999986e+01,-6.375823529412042667e+00,2.624470588234900426e+00,9.000294117647120729e+00,8.760368502070000432e+02,4.990969471802000044e+02,-1.760620237999880044e-01
2.160000000000000142e+01,-6.405235294117930245e+00,2.602705882352543298e+00,9.007941176470652067e+00,8.765635933590000377e+02,4.991340206442000067e+02,-1.790756627999740003e-01
2.160999999999999943e+01,-6.434647058823807164e+00,2.580941176470193277e+00,9.015588235294179853e+00,8.770690555930000301e+02,4.991578702982000095e+02,-1.790473617999739919e-01
2.162000000000000099e+01,-6.464058823529694742e+00,2.559176470587836150e+00,9.023235294117711192e+00,8.775702359690000094e+02,4.991514516142000275e+02,-1.719131787999690075e-01
2.162999999999999901e+01,-6.493470588235573437e+00,2.537411764705486128e+00,9.030882352941237201e+00,8.780712172749999809e+02,4.991309776112000236e+02,-1.707294907999930000e-01
2.164000000000000057e+01,-6.522882352941461015e+00,2.515647058823129001e+00,9.038529411764768540e+00,8.785712010949999922e+02,4.991104324972000086e+02,-1.735457997999790003e-01
2.164999999999999858e+01,-6.552294117647337934e+00,2.493882352940778979e+00,9.046176470588296326e+00,8.790747237589999941e+02,4.990980811552000205e+02,-1.823902687999930106e-01
2.166000000000000014e+01,-6.581705882353225512e+00,2.472117647058420964e+00,9.053823529411827664e+00,8.795648111330000347e+02,4.990929828262000001e+02,-1.892633027999980067e-01
2.167000000000000171e+01,-6.611117647059113089e+00,2.450352941176063837e+00,9.061470588235359003e+00,8.800621705610000163e+02,4.990833163461999789e+02,-1.891185567999980055e-01
2.167999999999999972e+01,-6.640529411764990009e+00,2.428588235293713815e+00,9.069117647058886789e+00,8.805431559090000064e+02,4.990797440982000239e+02,-1.839989218000029902e-01
2.169000000000000128e+01,-6.669941176470879363e+00,2.406823529411356688e+00,9.076764705882418127e+00,8.810384340010000415e+02,4.990889896112000201e+02,-1.839213618000019868e-01
2.169999999999999929e+01,-6.699352941176756282e+00,2.385058823529006666e+00,9.084411764705945913e+00,8.815304324249999581e+02,4.991030489112000055e+02,-1.858615278000129989e-01
2.171000000000000085e+01,-6.728764705882643860e+00,2.363294117646649539e+00,9.092058823529477252e+00,8.820283894650000320e+02,4.991004562301999954e+02,-1.777415537999749995e-01
2.171999999999999886e+01,-6.758176470588520779e+00,2.341529411764299518e+00,9.099705882353005038e+00,8.825313377090000131e+02,4.990981591281999954e+02,-1.666214928000079865e-01
2.173000000000000043e+01,-6.787588235294408356e+00,2.319764705881942390e+00,9.107352941176534600e+00,8.830342020309999498e+02,4.991148774331999789e+02,-1.585685577999690066e-01
2.173999999999999844e+01,-6.817000000000287052e+00,2.297999999999592369e+00,9.115000000000062386e+00,8.835387549609999951e+02,4.991546586392000222e+02,-1.705967447999690023e-01
2.175000000000000000e+01,-6.846411764706174630e+00,2.276235294117234353e+00,9.122647058823593724e+00,8.840487261150000222e+02,4.991697121692000110e+02,-1.815364787999929896e-01
2.176000000000000156e+01,-6.875823529412062207e+00,2.254470588234877226e+00,9.130294117647125063e+00,8.845562102029999778e+02,4.991406019042000253e+02,-1.783208618000070023e-01
2.176999999999999957e+01,-6.905235294117939127e+00,2.232705882352527205e+00,9.137941176470652849e+00,8.850622659690000091e+02,4.991014186571999858e+02,-1.680699787999599959e-01
2.178000000000000114e+01,-6.934647058823826704e+00,2.210941176470170078e+00,9.145588235294184187e+00,8.855566612369999575e+02,4.991085857392000094e+02,-1.749853277999640078e-01
2.178999999999999915e+01,-6.964058823529703623e+00,2.189176470587820056e+00,9.153235294117711973e+00,8.860566232810000429e+02,4.991410616222000272e+02,-1.959888207999790077e-01
2.180000000000000071e+01,-6.993470588235591201e+00,2.167411764705462929e+00,9.160882352941243312e+00,8.865481365350000260e+02,4.991460750832000031e+02,-1.988971867999660137e-01
2.180999999999999872e+01,-7.022882352941469897e+00,2.145647058823112907e+00,9.168529411764771098e+00,8.870427537589999929e+02,4.991142588472000057e+02,-1.866748267999639999e-01
2.182000000000000028e+01,-7.052294117647357474e+00,2.123882352940754892e+00,9.176176470588302436e+00,8.875331501609999805e+02,4.990861975032000259e+02,-1.774666728000079963e-01
2.182999999999999829e+01,-7.081705882353234394e+00,2.102117647058405758e+00,9.183823529411828446e+00,8.880221808310000142e+02,4.990820617112000264e+02,-1.783432987999840069e-01
2.183999999999999986e+01,-7.111117647059121971e+00,2.080352941176047743e+00,9.191470588235359784e+00,8.885325498610000068e+02,4.990901443051999991e+02,-1.842583178000120059e-01
2.185000000000000142e+01,-7.140529411765009549e+00,2.058588235293690616e+00,9.199117647058891123e+00,8.890316188269999884e+02,4.990856189432000178e+02,-1.741312647999639918e-01
2.185999999999999943e+01,-7.169941176470886468e+00,2.036823529411340594e+00,9.206764705882418909e+00,8.895356228870000450e+02,4.990823734162000278e+02,-1.650076358000059917e-01
2.187000000000000099e+01,-7.199352941176775822e+00,2.015058823528983467e+00,9.214411764705950247e+00,8.900305031030000009e+02,4.990985898651999833e+02,-1.699547908000030028e-01
2.187999999999999901e+01,-7.228764705882652741e+00,1.993294117646634334e+00,9.222058823529478033e+00,8.905351976189999732e+02,4.991183467121999797e+02,-1.819122988000030083e-01
2.189000000000000057e+01,-7.258176470588540319e+00,1.971529411764276318e+00,9.229705882353009372e+00,8.910429705130000002e+02,4.991192697331999852e+02,-1.878026357999739993e-01
2.189999999999999858e+01,-7.287588235294417238e+00,1.949764705881925408e+00,9.237352941176537158e+00,8.915434953909999649e+02,4.991067897301999778e+02,-1.846472397999890103e-01
2.191000000000000014e+01,-7.317000000000304816e+00,1.927999999999569170e+00,9.245000000000068496e+00,8.920430526349999809e+02,4.991112608152000121e+02,-1.875519027999749955e-01
2.192000000000000171e+01,-7.346411764706192393e+00,1.906235294117211154e+00,9.252647058823598059e+00,8.925397013849999439e+02,4.991315882622000117e+02,-1.915131617999930036e-01
2.192999999999999972e+01,-7.375823529412071089e+00,1.884470588234862021e+00,9.260294117647127621e+00,8.930395721390000290e+02,4.991481108741999719e+02,-1.904602477999599863e-01
2.194000000000000128e+01,-7.405235294117958667e+00,1.862705882352504005e+00,9.267941176470657183e+00,8.935414095669999597e+02,4.991477288131999899e+02,-1.863472357999980122e-01
2.194999999999999929e+01,-7.434647058823835586e+00,1.840941176470154872e+00,9.275588235294184969e+00,8.940350021589999869e+02,4.991338620331999891e+02,-1.801884697999689977e-01
2.196000000000000085e+01,-7.464058823529723163e+00,1.819176470587796857e+00,9.283235294117716307e+00,8.945390914729999849e+02,4.991115799312000263e+02,-1.739976787999980012e-01
2.196999999999999886e+01,-7.493470588235600083e+00,1.797411764705445947e+00,9.290882352941244093e+00,8.950408409410000559e+02,4.990951916792000134e+02,-1.628281697999729993e-01
2.198000000000000043e+01,-7.522882352941487660e+00,1.775647058823089708e+00,9.298529411764775432e+00,8.955402260810000143e+02,4.991026755081999795e+02,-1.607434677999650119e-01
2.198999999999999844e+01,-7.552294117647366356e+00,1.753882352940738798e+00,9.306176470588303218e+00,8.960348219730000210e+02,4.991238732131999996e+02,-1.687082798000029971e-01
2.200000000000000000e+01,-7.581705882353253934e+00,1.732117647058382559e+00,9.313823529411834556e+00,8.965245103610000115e+02,4.991257634602000053e+02,-1.756060588000069866e-01
2.201000000000000156e+01,-7.611117647059141511e+00,1.710352941176024544e+00,9.321470588235364119e+00,8.970399251090000234e+02,4.990980969711999933e+02,-1.753937908000069990e-01
2.201999999999999957e+01,-7.640529411765018430e+00,1.688588235293675410e+00,9.329117647058893681e+00,8.975476358570000457e+02,4.990650144022000063e+02,-1.661640697999930139e-01
2.203000000000000114e+01,-7.669941176470906008e+00,1.666823529411317395e+00,9.336764705882423243e+00,8.980499608970000054e+02,4.990736393721999775e+02,-1.720827917999649959e-01
2.203999999999999915e+01,-7.699352941176782927e+00,1.645058823528968261e+00,9.344411764705952805e+00,8.985439315869999746e+02,4.991057909012000096e+02,-1.880864407999839893e-01
2.205000000000000071e+01,-7.728764705882672281e+00,1.623294117646610246e+00,9.352058823529482368e+00,8.990410924310000382e+02,4.991171471481999902e+02,-1.880159087999850043e-01
2.205999999999999872e+01,-7.758176470588549201e+00,1.601529411764259336e+00,9.359705882353010153e+00,8.995544236230000479e+02,4.991084279322000157e+02,-1.778708867999939935e-01
2.207000000000000028e+01,-7.787588235294436778e+00,1.579764705881903097e+00,9.367352941176541492e+00,9.000500991469999690e+02,4.991107095652000112e+02,-1.707686237999880008e-01
2.207999999999999829e+01,-7.817000000000313698e+00,1.557999999999552188e+00,9.375000000000069278e+00,9.005385910210000020e+02,4.991335584842000230e+02,-1.797406258000019963e-01
2.208999999999999986e+01,-7.846411764706201275e+00,1.536235294117195949e+00,9.382647058823600617e+00,9.010309329870000283e+02,4.991416028802000255e+02,-1.886595397999600021e-01
2.210000000000000142e+01,-7.875823529412088853e+00,1.514470588234837933e+00,9.390294117647130179e+00,9.015342503650000481e+02,4.991152950032000035e+02,-1.754546717999830030e-01
2.210999999999999943e+01,-7.905235294117967548e+00,1.492705882352488800e+00,9.397941176470659741e+00,9.020410482570000568e+02,4.990982004342000096e+02,-1.622815348000070101e-01
2.212000000000000099e+01,-7.934647058823855126e+00,1.470941176470130785e+00,9.405588235294189303e+00,9.025263159070000256e+02,4.991248894682000241e+02,-1.662677697999689896e-01
2.212999999999999901e+01,-7.964058823529732045e+00,1.449176470587781651e+00,9.413235294117718865e+00,9.030187189089999720e+02,4.991669570941999723e+02,-1.853067717999750119e-01
2.214000000000000057e+01,-7.993470588235619623e+00,1.427411764705423636e+00,9.420882352941248428e+00,9.035216141509999943e+02,4.991655948562000162e+02,-1.921901377999790106e-01
2.214999999999999858e+01,-8.022882352941497430e+00,1.405647058823072726e+00,9.428529411764776214e+00,9.040353427329999931e+02,4.991148266582000019e+02,-1.828966817999649885e-01
2.216000000000000014e+01,-8.052294117647385008e+00,1.383882352940716487e+00,9.436176470588307552e+00,9.045376347709999436e+02,4.990713937191999889e+02,-1.806316948000120104e-01
2.217000000000000171e+01,-8.081705882353272585e+00,1.362117647058358472e+00,9.443823529411838891e+00,9.050157971009999756e+02,4.990646377301999905e+02,-1.805014878000129885e-01
2.217999999999999972e+01,-8.111117647059149505e+00,1.340352941176009338e+00,9.451470588235366677e+00,9.055092245130000492e+02,4.990887594281999782e+02,-1.924769018000120069e-01
2.219000000000000128e+01,-8.140529411765037082e+00,1.318588235293651323e+00,9.459117647058896239e+00,9.060204191469999842e+02,4.990999223492000283e+02,-1.904025528000020118e-01
2.219999999999999929e+01,-8.169941176470914002e+00,1.296823529411302189e+00,9.466764705882425801e+00,9.065283015969999951e+02,4.990989191941999934e+02,-1.762859397999929911e-01
2.221000000000000085e+01,-8.199352941176801579e+00,1.275058823528944174e+00,9.474411764705955363e+00,9.070327356049999707e+02,4.991056896502000200e+02,-1.741975977999840053e-01
2.221999999999999886e+01,-8.228764705882678498e+00,1.253294117646593264e+00,9.482058823529484926e+00,9.075318368649999456e+02,4.991181476791999785e+02,-1.771305407999700099e-01
2.223000000000000043e+01,-8.258176470588569629e+00,1.231529411764237025e+00,9.489705882353014488e+00,9.080518175729999939e+02,4.991157718001999797e+02,-1.800065038000120132e-01
2.223999999999999844e+01,-8.287588235294446548e+00,1.209764705881886115e+00,9.497352941176544050e+00,9.085591600750000225e+02,4.991066858941999840e+02,-1.768615657999690061e-01
2.225000000000000000e+01,-8.317000000000334126e+00,1.187999999999529877e+00,9.505000000000073612e+00,9.090545528290000448e+02,4.991139240872000187e+02,-1.797769178000130086e-01
2.226000000000000156e+01,-8.346411764706221703e+00,1.166235294117171861e+00,9.512647058823604951e+00,9.095341735550000521e+02,4.991342597511999770e+02,-1.897420328000030132e-01
2.226999999999999957e+01,-8.375823529412098623e+00,1.144470588234822728e+00,9.520294117647132737e+00,9.100197528969999894e+02,4.991379434341999968e+02,-1.896470078000040138e-01
2.228000000000000114e+01,-8.405235294117986200e+00,1.122705882352464712e+00,9.527941176470664075e+00,9.105268121850000398e+02,4.991338211441999988e+02,-1.945196967999980042e-01
2.228999999999999915e+01,-8.434647058823863119e+00,1.100941176470115579e+00,9.535588235294191861e+00,9.110141878729999689e+02,4.991235846742000035e+02,-1.943751607999980036e-01
2.230000000000000071e+01,-8.464058823529750697e+00,1.079176470587757564e+00,9.543235294117721423e+00,9.114946884949999912e+02,4.991109595312000238e+02,-1.922237137999890100e-01
2.230999999999999872e+01,-8.493470588235627616e+00,1.057411764705406654e+00,9.550882352941250986e+00,9.119949849370000265e+02,4.991024800562000223e+02,-1.870824697999939890e-01
2.232000000000000028e+01,-8.522882352941515194e+00,1.035647058823050415e+00,9.558529411764780548e+00,9.125075758210000458e+02,4.991067290401999799e+02,-1.799833847999889880e-01
2.232999999999999829e+01,-8.552294117647392113e+00,1.013882352940699505e+00,9.566176470588310110e+00,9.130233644490000415e+02,4.991251478922000047e+02,-1.829336457999750087e-01
2.233999999999999986e+01,-8.581705882353279691e+00,9.921176470583432661e-01,9.573823529411839672e+00,9.135212976730000491e+02,4.991405228581999722e+02,-1.918771787999890011e-01
2.235000000000000142e+01,-8.611117647059167268e+00,9.703529411759852508e-01,9.581470588235371011e+00,9.140221079850000478e+02,4.991230439592000039e+02,-1.907040958000119912e-01
2.235999999999999943e+01,-8.640529411765047740e+00,9.485882352936361173e-01,9.589117647058898797e+00,9.145424257549999538e+02,4.990796703862000072e+02,-1.794352497999880114e-01
2.237000000000000099e+01,-8.669941176470935318e+00,9.268235294112781020e-01,9.596764705882430135e+00,9.150541587410000375e+02,4.990638556522000044e+02,-1.672655367999880127e-01
2.237999999999999901e+01,-8.699352941176812237e+00,9.050588235289289685e-01,9.604411764705957921e+00,9.155554326689999698e+02,4.991084400611999854e+02,-1.843114317999839935e-01
2.239000000000000057e+01,-8.728764705882699815e+00,8.832941176465709532e-01,9.612058823529489260e+00,9.160417868749999570e+02,4.991511887571999750e+02,-1.963541367999840082e-01
2.239999999999999858e+01,-8.758176470588576734e+00,8.615294117642200433e-01,9.619705882353017046e+00,9.165389174230000435e+02,4.991455298611999751e+02,-1.922235547999660010e-01
2.241000000000000014e+01,-8.787588235294464312e+00,8.397647058818638044e-01,9.627352941176546608e+00,9.170480248650000021e+02,4.991055262991999939e+02,-1.799690857999660110e-01
2.242000000000000171e+01,-8.817000000000351889e+00,8.179999999995057891e-01,9.635000000000077947e+00,9.175290378030000511e+02,4.990839264282000158e+02,-1.747858417999700043e-01
2.242999999999999972e+01,-8.846411764706228809e+00,7.962352941171566556e-01,9.642647058823605732e+00,9.180057221810000101e+02,4.991030645032000166e+02,-1.927474367999980065e-01
2.244000000000000128e+01,-8.875823529412116386e+00,7.744705882347986403e-01,9.650294117647137071e+00,9.184898487189999514e+02,4.991146534352000117e+02,-1.996806708000030128e-01
2.244999999999999929e+01,-8.905235294117993305e+00,7.527058823524495068e-01,9.657941176470664857e+00,9.189965902789999745e+02,4.990985466501999781e+02,-1.895110508000119875e-01
2.246000000000000085e+01,-8.934647058823880883e+00,7.309411764700914915e-01,9.665588235294196195e+00,9.195117474469999479e+02,4.990929330082000206e+02,-1.803765857999979905e-01
2.246999999999999886e+01,-8.964058823529761355e+00,7.091764705877405817e-01,9.673235294117723981e+00,9.199988419610000392e+02,4.991227135042000214e+02,-1.893733538000119954e-01
2.248000000000000043e+01,-8.993470588235648933e+00,6.874117647053843427e-01,9.680882352941255320e+00,9.204966925950000132e+02,4.991570827091999831e+02,-2.073839767999859918e-01
2.248999999999999844e+01,-9.022882352941525852e+00,6.656470588230334329e-01,9.688529411764783106e+00,9.210133628950000002e+02,4.991425125302000083e+02,-2.062176278000089902e-01
2.250000000000000000e+01,-9.052294117647413429e+00,6.438823529406771939e-01,9.696176470588314444e+00,9.215405537330000243e+02,4.991015593821999801e+02,-1.879557467999790066e-01
2.251000000000000156e+01,-9.081705882353301007e+00,6.221176470583191787e-01,9.703823529411844007e+00,9.220524895629999946e+02,4.990997399912000105e+02,-1.868354368000030019e-01
2.251999999999999957e+01,-9.111117647059177926e+00,6.003529411759700452e-01,9.711470588235371793e+00,9.225354182549999678e+02,4.991323087632000011e+02,-1.898429297999900123e-01
2.253000000000000114e+01,-9.140529411765065504e+00,5.785882352936120299e-01,9.719117647058903131e+00,9.230263916029999791e+02,4.991643245751999984e+02,-1.958467017999609983e-01
2.253999999999999915e+01,-9.169941176470942423e+00,5.568235294112628964e-01,9.726764705882430917e+00,9.235358441829999947e+02,4.991533665151999912e+02,-1.896946697999900011e-01
2.255000000000000071e+01,-9.199352941176830001e+00,5.350588235289048811e-01,9.734411764705962256e+00,9.240327438110000458e+02,4.991166618532000143e+02,-1.804545747999750094e-01
2.255999999999999872e+01,-9.228764705882706920e+00,5.132941176465539712e-01,9.742058823529490041e+00,9.245230284369999936e+02,4.990905619651999814e+02,-1.812534308000079974e-01
2.257000000000000028e+01,-9.258176470588594498e+00,4.915294117641977323e-01,9.749705882353021380e+00,9.250054694750000408e+02,4.990790386041999795e+02,-1.821054587999849927e-01
2.257999999999999829e+01,-9.287588235294471417e+00,4.697647058818468224e-01,9.757352941176549166e+00,9.255079080670000167e+02,4.990856738941999993e+02,-1.860171228000019883e-01
2.258999999999999986e+01,-9.317000000000358995e+00,4.479999999994905835e-01,9.765000000000080504e+00,9.260105483930000219e+02,4.991063221672000054e+02,-1.959782197999939968e-01
2.260000000000000142e+01,-9.346411764706250125e+00,4.262352941171325682e-01,9.772647058823611843e+00,9.265042029090000142e+02,4.991264645051999764e+02,-2.039395177999759889e-01
2.260999999999999943e+01,-9.375823529412127044e+00,4.044705882347834347e-01,9.780294117647137853e+00,9.270055293530000426e+02,4.991350360042000034e+02,-2.088582667999719922e-01
2.262000000000000099e+01,-9.405235294118014622e+00,3.827058823524254194e-01,9.787941176470669191e+00,9.275101603909999994e+02,4.991208084291999967e+02,-1.996957528000130044e-01
2.262999999999999901e+01,-9.434647058823891541e+00,3.609411764700762859e-01,9.795588235294196977e+00,9.280214393909999444e+02,4.991129488871999911e+02,-1.965542657999700127e-01
2.264000000000000057e+01,-9.464058823529779119e+00,3.391764705877182706e-01,9.803235294117728316e+00,9.285184866829999919e+02,4.991262948141999800e+02,-1.984907917999799987e-01
2.264999999999999858e+01,-9.493470588235656038e+00,3.174117647053673608e-01,9.810882352941256102e+00,9.289993878870000117e+02,4.991417415011999879e+02,-1.954382887999950025e-01
2.266000000000000014e+01,-9.522882352941543616e+00,2.956470588230111218e-01,9.818529411764787440e+00,9.295009973229999787e+02,4.991453529121999964e+02,-1.913394167999759865e-01
2.267000000000000171e+01,-9.552294117647431193e+00,2.738823529406531065e-01,9.826176470588318779e+00,9.300070560169999681e+02,4.991412089031999813e+02,-1.862121867999800007e-01
2.267999999999999972e+01,-9.581705882353308112e+00,2.521176470583039730e-01,9.833823529411846565e+00,9.305104940930000339e+02,4.991478835522000281e+02,-1.951237997999940021e-01
2.269000000000000128e+01,-9.611117647059195690e+00,2.303529411759459578e-01,9.841470588235377903e+00,9.310062317209999492e+02,4.991490856731999770e+02,-2.110178638000130003e-01
2.269999999999999929e+01,-9.640529411765072609e+00,2.085882352935968242e-01,9.849117647058905689e+00,9.315020781969999462e+02,4.991132871002000115e+02,-2.117812647999899878e-01
2.271000000000000085e+01,-9.669941176470960187e+00,1.868235294112388090e-01,9.856764705882437028e+00,9.320174617610000496e+02,4.990686195801999929e+02,-2.035089708000079878e-01
2.271999999999999886e+01,-9.699352941176840659e+00,1.650588235288878991e-01,9.864411764705963037e+00,9.325218086969999831e+02,4.990593697332000147e+02,-1.983641078000120128e-01
2.273000000000000043e+01,-9.728764705882728236e+00,1.432941176465316602e-01,9.872058823529494376e+00,9.330124972769999658e+02,4.990963738571999784e+02,-2.053855487999609875e-01
2.273999999999999844e+01,-9.758176470588605156e+00,1.215294117641807503e-01,9.879705882353022162e+00,9.335000769609999907e+02,4.991352001921999886e+02,-2.134141167999989985e-01
2.275000000000000000e+01,-9.787588235294492733e+00,9.976470588182451138e-02,9.887352941176553500e+00,9.340007715010000311e+02,4.991197462531999918e+02,-2.042481517999850116e-01
2.276000000000000156e+01,-9.817000000000380311e+00,7.799999999946649609e-02,9.895000000000084839e+00,9.345063979850000351e+02,4.990705364391999979e+02,-1.899619637999749866e-01
2.276999999999999957e+01,-9.846411764706257230e+00,5.623529411711736259e-02,9.902647058823612625e+00,9.350021280229999547e+02,4.990367734101999986e+02,-1.797325007999840130e-01
2.278000000000000114e+01,-9.875823529412144808e+00,3.447058823475934730e-02,9.910294117647143963e+00,9.354789228450000564e+02,4.990539711971999850e+02,-1.816871217999929955e-01
2.278999999999999915e+01,-9.905235294118021727e+00,1.270588235241021380e-02,9.917941176470671749e+00,9.359821935209999992e+02,4.990986696041999835e+02,-1.987329747999899976e-01
2.280000000000000071e+01,-9.934647058823909305e+00,-9.058823529947801489e-03,9.925588235294203088e+00,9.364905952110000271e+02,4.991236674552000068e+02,-2.047081097999610133e-01
2.280999999999999872e+01,-9.964058823529786224e+00,-3.082352941229871135e-02,9.933235294117730874e+00,9.370055836049999698e+02,4.991210136372000079e+02,-2.055841897999939882e-01
2.282000000000000028e+01,-9.993470588235673802e+00,-5.258823529465495028e-02,9.940882352941262212e+00,9.375108725830000367e+02,4.991128085732000272e+02,-2.034428227999849903e-01
2.282999999999999829e+01,-1.002288235294155427e+01,-7.435294117700586014e-02,9.948529411764788222e+00,9.380016717869999638e+02,4.991127837792000150e+02,-2.033335527999849957e-01
2.283999999999999986e+01,-1.005229411764744185e+01,-9.611764705936209907e-02,9.956176470588319560e+00,9.385066510709999648e+02,4.991275523141999884e+02,-2.142733918000090110e-01
2.285000000000000142e+01,-1.008170588235332943e+01,-1.178823529417201144e-01,9.963823529411850899e+00,9.390073767950000274e+02,4.991290994061999982e+02,-2.131674527999760094e-01
2.285999999999999943e+01,-1.011111764705920635e+01,-1.396470588240692479e-01,9.971470588235378685e+00,9.395055618269999513e+02,4.991225132531999975e+02,-2.050333387999939971e-01
2.287000000000000099e+01,-1.014052941176509393e+01,-1.614117647064272631e-01,9.979117647058910023e+00,9.400042903590000378e+02,4.991239534032000051e+02,-2.019274538000100094e-01
2.287999999999999901e+01,-1.016994117647097085e+01,-1.831764705887763967e-01,9.986764705882437809e+00,9.404878152889999683e+02,4.991285320402000139e+02,-1.988360237999660107e-01
2.289000000000000057e+01,-1.019935294117685842e+01,-2.049411764711344119e-01,9.994411764705969148e+00,9.409814401749999888e+02,4.991316486512000097e+02,-2.057372537999709872e-01
2.289999999999999858e+01,-1.022876470588273534e+01,-2.267058823534853218e-01,1.000205882352949693e+01,9.414790857030000097e+02,4.991169726911999760e+02,-2.105748027999659877e-01
2.291000000000000014e+01,-1.025817647058862292e+01,-2.484705882358415607e-01,1.000970588235302827e+01,9.419838019950000216e+02,4.990837085411999965e+02,-2.043451267999950027e-01
2.292000000000000171e+01,-1.028758823529451050e+01,-2.702352941181995760e-01,1.001735294117655783e+01,9.424936542269999791e+02,4.990657513212000254e+02,-2.011683318000090093e-01
2.292999999999999972e+01,-1.031700000000038742e+01,-2.920000000005487095e-01,1.002500000000008562e+01,9.429946950150000475e+02,4.990793252441999925e+02,-2.031047737999620018e-01
2.294000000000000128e+01,-1.034641176470627499e+01,-3.137647058829067248e-01,1.003264705882361696e+01,9.434945408429999816e+02,4.991138331431999973e+02,-2.141153967999850083e-01
2.294999999999999929e+01,-1.037582352941215191e+01,-3.355294117652558583e-01,1.004029411764714474e+01,9.440006318309999642e+02,4.991266725251999787e+02,-2.220481627999670027e-01
2.296000000000000085e+01,-1.040523529411804304e+01,-3.572941176476138736e-01,1.004794117647067608e+01,9.445098265670000046e+02,4.991026857382000230e+02,-2.138502087999850088e-01
2.296999999999999886e+01,-1.043464705882391996e+01,-3.790588235299647835e-01,1.005558823529420387e+01,9.450253544229999534e+02,4.990730366252000181e+02,-2.096308947999659944e-01
2.298000000000000043e+01,-1.046405882352980754e+01,-4.008235294123210224e-01,1.006323529411773521e+01,9.455285900989999845e+02,4.990657088752000163e+02,-2.094930927999670012e-01
2.298999999999999844e+01,-1.049347058823568446e+01,-4.225882352946719323e-01,1.007088235294126299e+01,9.460203611970000566e+02,4.990837510631999976e+02,-2.144473807999620063e-01
2.300000000000000000e+01,-1.052288235294157204e+01,-4.443529411770281712e-01,1.007852941176479433e+01,9.465135590630000024e+02,4.991118909292000012e+02,-2.194369768000140053e-01
2.301000000000000156e+01,-1.055229411764745961e+01,-4.661176470593861865e-01,1.008617647058832389e+01,9.469956855230000201e+02,4.991234187832000089e+02,-2.113703427999759910e-01
2.301999999999999957e+01,-1.058170588235333653e+01,-4.878823529417353200e-01,1.009382352941185346e+01,9.474883102589999453e+02,4.991265066191999722e+02,-2.102716417999989929e-01
2.303000000000000114e+01,-1.061111764705922411e+01,-5.096470588240933353e-01,1.010147058823538302e+01,9.479842157729999599e+02,4.991247630281999932e+02,-2.121551848000090001e-01
2.303999999999999915e+01,-1.064052941176510103e+01,-5.314117647064424688e-01,1.010911764705891080e+01,9.484787504070000068e+02,4.991119410311999900e+02,-2.089999147999659912e-01
2.305000000000000071e+01,-1.066994117647098861e+01,-5.531764705888004841e-01,1.011676470588244214e+01,9.489759397289999470e+02,4.991052555431999735e+02,-2.128657497999859871e-01
2.305999999999999872e+01,-1.069935294117686553e+01,-5.749411764711513939e-01,1.012441176470596993e+01,9.494771788790000073e+02,4.990978102671999750e+02,-2.137279837999619958e-01
2.307000000000000028e+01,-1.072876470588275311e+01,-5.967058823535076328e-01,1.013205882352950127e+01,9.499833529009999893e+02,4.990916483542000037e+02,-2.145936477999950132e-01
2.307999999999999829e+01,-1.075817647058863358e+01,-6.184705882358585427e-01,1.013970588235302905e+01,9.505042740970000068e+02,4.990903419542000279e+02,-2.134731487999619870e-01
2.308999999999999986e+01,-1.078758823529452116e+01,-6.402352941182147816e-01,1.014735294117656039e+01,9.510117593369999440e+02,4.990962991512000144e+02,-2.073812327999899896e-01
2.310000000000000142e+01,-1.081700000000040873e+01,-6.620000000005727969e-01,1.015500000000008995e+01,9.515206174549999787e+02,4.991133030021999843e+02,-2.153280757999710138e-01
2.310999999999999943e+01,-1.084641176470628565e+01,-6.837647058829219304e-01,1.016264705882361952e+01,9.520283331289999751e+02,4.991152279191999810e+02,-2.202219537999660082e-01
2.312000000000000099e+01,-1.087582352941217323e+01,-7.055294117652799457e-01,1.017029411764714908e+01,9.525305969109999751e+02,4.990898331871999858e+02,-2.150205937999719874e-01
2.312999999999999901e+01,-1.090523529411805015e+01,-7.272941176476290792e-01,1.017794117647067864e+01,9.530379656710000518e+02,4.990627408262000131e+02,-2.058120828000140068e-01
2.314000000000000057e+01,-1.093464705882393773e+01,-7.490588235299870945e-01,1.018558823529420820e+01,9.535216622609999604e+02,4.990643137751999916e+02,-2.057100298000129890e-01
2.314999999999999858e+01,-1.096405882352981465e+01,-7.708235294123380044e-01,1.019323529411773599e+01,9.540086427789999561e+02,4.990960910072000161e+02,-2.147138677999720080e-01
2.316000000000000014e+01,-1.099347058823570222e+01,-7.925882352946942433e-01,1.020088235294126733e+01,9.545075173789999781e+02,4.991125213401999758e+02,-2.236609147999860103e-01
2.317000000000000171e+01,-1.102288235294158980e+01,-8.143529411770522586e-01,1.020852941176479867e+01,9.550136041069999919e+02,4.990903426521999791e+02,-2.204700638000000046e-01
2.317999999999999972e+01,-1.105229411764746672e+01,-8.361176470594013921e-01,1.021617647058832645e+01,9.555192619969999441e+02,4.990581303412000125e+02,-2.152438958000039981e-01
2.319000000000000128e+01,-1.108170588235335430e+01,-8.578823529417594074e-01,1.022382352941185601e+01,9.560085195489999705e+02,4.990500187171999755e+02,-2.111064117999849887e-01
2.319999999999999929e+01,-1.111111764705923477e+01,-8.796470588241085409e-01,1.023147058823538558e+01,9.565018303010000409e+02,4.990761794872000223e+02,-2.110889677999850111e-01
2.321000000000000085e+01,-1.114052941176512235e+01,-9.014117647064665562e-01,1.023911764705891514e+01,9.570141415650000454e+02,4.991204207412000073e+02,-2.201311447999990123e-01
2.321999999999999886e+01,-1.116994117647099927e+01,-9.231764705888174660e-01,1.024676470588244470e+01,9.575196614630000340e+02,4.991432614432000037e+02,-2.230992907999859998e-01
2.323000000000000043e+01,-1.119935294117688684e+01,-9.449411764711737050e-01,1.025441176470597426e+01,9.580197308010000370e+02,4.991387613282000189e+02,-2.219721628000100033e-01
2.323999999999999844e+01,-1.122876470588276376e+01,-9.667058823535246148e-01,1.026205882352950383e+01,9.585207109970000374e+02,4.991183049652000250e+02,-2.157885047999809902e-01
2.325000000000000000e+01,-1.125817647058865134e+01,-9.884705882358808537e-01,1.026970588235303339e+01,9.590188100670000040e+02,4.990956808692000095e+02,-2.095978398000100107e-01
2.326000000000000156e+01,-1.128758823529453892e+01,-1.010235294118238869e+00,1.027735294117656473e+01,9.595317458250000300e+02,4.990938937811999949e+02,-2.154774667999820037e-01
2.326999999999999957e+01,-1.131700000000041584e+01,-1.032000000000588003e+00,1.028500000000009251e+01,9.600332428189999519e+02,4.990994772322000017e+02,-2.183856227999670108e-01
2.328000000000000114e+01,-1.134641176470630342e+01,-1.053764705882946018e+00,1.029264705882362385e+01,9.605211591209999824e+02,4.990973129291999726e+02,-2.102693937999849938e-01
2.328999999999999915e+01,-1.137582352941218033e+01,-1.075529411765295151e+00,1.030029411764715164e+01,9.610282157450000113e+02,4.990932329752000101e+02,-2.031421547999799904e-01
2.330000000000000071e+01,-1.140523529411806791e+01,-1.097294117647653167e+00,1.030794117647068120e+01,9.615317651530000376e+02,4.990979532242000118e+02,-2.000467697999950001e-01
2.330999999999999872e+01,-1.143464705882394483e+01,-1.119058823530004076e+00,1.031558823529421076e+01,9.620316949030000160e+02,4.991134457161999762e+02,-2.079902667999760091e-01
2.332000000000000028e+01,-1.146405882352983596e+01,-1.140823529412360315e+00,1.032323529411774032e+01,9.625234370370000079e+02,4.991144515931999877e+02,-2.148844687999809933e-01
2.332999999999999829e+01,-1.149347058823571288e+01,-1.162588235294711225e+00,1.033088235294126989e+01,9.630182259209999529e+02,4.990796296692000169e+02,-2.056514857999670043e-01
2.333999999999999986e+01,-1.152288235294160046e+01,-1.184352941177067464e+00,1.033852941176479945e+01,9.635376896090000400e+02,4.990512175041999967e+02,-1.984356407999610106e-01
2.335000000000000142e+01,-1.155229411764748804e+01,-1.206117647059425479e+00,1.034617647058833079e+01,9.640394132630000286e+02,4.990528286512000022e+02,-1.953296927999750021e-01
2.335999999999999943e+01,-1.158170588235336496e+01,-1.227882352941774613e+00,1.035382352941185857e+01,9.645241681530000051e+02,4.990884994691999736e+02,-2.003477367999700054e-01
2.337000000000000099e+01,-1.161111764705925253e+01,-1.249647058824132628e+00,1.036147058823538991e+01,9.650088103790000105e+02,4.991261458551999795e+02,-2.113728147999950069e-01
2.337999999999999901e+01,-1.164052941176512945e+01,-1.271411764706481762e+00,1.036911764705891770e+01,9.655199744950000422e+02,4.991202971612000283e+02,-2.042384217999909934e-01
2.339000000000000057e+01,-1.166994117647101703e+01,-1.293176470588839777e+00,1.037676470588244726e+01,9.660392110789999833e+02,4.990958643562000248e+02,-2.010366928000039966e-01
2.339999999999999858e+01,-1.169935294117689395e+01,-1.314941176471190687e+00,1.038441176470597682e+01,9.665525460449999855e+02,4.990870851642000048e+02,-2.078915688000090023e-01
2.341000000000000014e+01,-1.172876470588278153e+01,-1.336705882353546926e+00,1.039205882352950638e+01,9.670438885270000355e+02,4.990950902011999801e+02,-2.118105337999720006e-01
2.342000000000000171e+01,-1.175817647058866910e+01,-1.358470588235904941e+00,1.039970588235303772e+01,9.675433614050000415e+02,4.991185837492000132e+02,-2.157823347999900110e-01
2.342999999999999972e+01,-1.178758823529454602e+01,-1.380235294118254075e+00,1.040735294117656551e+01,9.680549850989999641e+02,4.991397767651999970e+02,-2.167432967999670113e-01
2.344000000000000128e+01,-1.181700000000043360e+01,-1.402000000000612090e+00,1.041500000000009685e+01,9.685538009250000187e+02,4.991572336901999734e+02,-2.176939268000009919e-01
2.344999999999999929e+01,-1.184641176470631407e+01,-1.423764705882961223e+00,1.042264705882362463e+01,9.690544700950000561e+02,4.991597720941999796e+02,-2.185915107999759910e-01
2.346000000000000085e+01,-1.187582352941220165e+01,-1.445529411765319239e+00,1.043029411764715597e+01,9.695437536829999772e+02,4.991336575432000018e+02,-2.073904598000080035e-01
2.346999999999999886e+01,-1.190523529411807857e+01,-1.467294117647670149e+00,1.043794117647068376e+01,9.700423639589999993e+02,4.991020763591999980e+02,-1.931680277999990036e-01
2.348000000000000043e+01,-1.193464705882396615e+01,-1.489058823530026388e+00,1.044558823529421332e+01,9.705406077650000043e+02,4.990944636141999808e+02,-1.930303307999980122e-01
2.348999999999999844e+01,-1.196405882352984307e+01,-1.510823529412377297e+00,1.045323529411774288e+01,9.710254162810000480e+02,4.990941038821999882e+02,-1.909211987999900051e-01
2.350000000000000000e+01,-1.199347058823573065e+01,-1.532588235294733536e+00,1.046088235294127244e+01,9.715240893689999666e+02,4.990965177041999823e+02,-1.948188068000089868e-01
2.351000000000000156e+01,-1.202288235294161822e+01,-1.554352941177091552e+00,1.046852941176480556e+01,9.720434689129999697e+02,4.990871244741999817e+02,-1.896700938000130121e-01
2.351999999999999957e+01,-1.205229411764749514e+01,-1.576117647059440685e+00,1.047617647058833157e+01,9.725511262569999644e+02,4.990900689271999795e+02,-1.885675427999800036e-01
2.353000000000000114e+01,-1.208170588235338272e+01,-1.597882352941798700e+00,1.048382352941186291e+01,9.730574207549999528e+02,4.991168930681999996e+02,-2.105496937999719875e-01
2.353999999999999915e+01,-1.211111764705925964e+01,-1.619647058824147834e+00,1.049147058823539069e+01,9.735582061410000279e+02,4.991173994562000189e+02,-2.214401477999949908e-01
2.355000000000000071e+01,-1.214052941176514722e+01,-1.641411764706505849e+00,1.049911764705892203e+01,9.740792377389999501e+02,4.990790676661999896e+02,-2.121889437999819883e-01
2.355999999999999872e+01,-1.216994117647102769e+01,-1.663176470588856759e+00,1.050676470588244982e+01,9.746078557890000411e+02,4.990482051402000252e+02,-1.959623587999609895e-01
2.357000000000000028e+01,-1.219935294117691527e+01,-1.684941176471212998e+00,1.051441176470598116e+01,9.751083245989999568e+02,4.990717944951999812e+02,-1.889342048000129948e-01
2.357999999999999829e+01,-1.222876470588279219e+01,-1.706705882353563908e+00,1.052205882352950894e+01,9.755913141050000377e+02,4.991383900252000103e+02,-2.010617918000139892e-01
2.358999999999999986e+01,-1.225817647058867976e+01,-1.728470588235920147e+00,1.052970588235303850e+01,9.760814580750000005e+02,4.991673854861999757e+02,-1.980550337999699984e-01
2.360000000000000142e+01,-1.228758823529456734e+01,-1.750235294118278162e+00,1.053735294117657162e+01,9.765777293930000269e+02,4.991416840402000048e+02,-1.828538597999850024e-01
2.360999999999999943e+01,-1.231700000000044426e+01,-1.772000000000627296e+00,1.054500000000009763e+01,9.770763418889999912e+02,4.991100675761999810e+02,-1.786313677999649963e-01
2.362000000000000099e+01,-1.234641176470633184e+01,-1.793764705882985311e+00,1.055264705882363074e+01,9.775637200190000158e+02,4.990997922981999864e+02,-1.894867657999889932e-01
2.362999999999999901e+01,-1.237582352941220876e+01,-1.815529411765334444e+00,1.056029411764715675e+01,9.780425394009999991e+02,4.990990729321999879e+02,-1.923777297999759994e-01
2.364000000000000057e+01,-1.240523529411809633e+01,-1.837294117647692460e+00,1.056794117647068809e+01,9.785418684310000117e+02,4.991075410171999920e+02,-1.942965387999850135e-01
2.364999999999999858e+01,-1.243464705882397681e+01,-1.859058823530043369e+00,1.057558823529421588e+01,9.790568305670000200e+02,4.991228936542000270e+02,-2.012361917999899996e-01
2.366000000000000014e+01,-1.246405882352986438e+01,-1.880823529412399608e+00,1.058323529411774722e+01,9.795540495190000456e+02,4.991332338931999857e+02,-2.061620947999850129e-01
2.367000000000000171e+01,-1.249347058823575196e+01,-1.902588235294757624e+00,1.059088235294127855e+01,9.800613352450000093e+02,4.991251428272000226e+02,-2.040206857999760093e-01
2.367999999999999972e+01,-1.252288235294162888e+01,-1.924352941177106757e+00,1.059852941176480634e+01,9.805753497470000184e+02,4.991044537792000142e+02,-1.908332617999989878e-01
2.369000000000000128e+01,-1.255229411764751646e+01,-1.946117647059464772e+00,1.060617647058833768e+01,9.810970978789999890e+02,4.991062065382000128e+02,-1.877233588000140063e-01
2.369999999999999929e+01,-1.258170588235339338e+01,-1.967882352941813906e+00,1.061382352941186369e+01,9.816138289929999701e+02,4.991256631172000198e+02,-1.956771037999940066e-01
2.371000000000000085e+01,-1.261111764705928096e+01,-1.989647058824171921e+00,1.062147058823539680e+01,9.821103325630000427e+02,4.991309862691999797e+02,-1.915854067999759880e-01
2.371999999999999886e+01,-1.264052941176515787e+01,-2.011411764706522831e+00,1.062911764705892281e+01,9.826154496589999781e+02,4.991257904212000085e+02,-1.854546688000039967e-01
2.373000000000000043e+01,-1.266994117647104545e+01,-2.033176470588879070e+00,1.063676470588245415e+01,9.831266144410000152e+02,4.991199311432000059e+02,-1.813202577999840082e-01
2.373999999999999844e+01,-1.269935294117692237e+01,-2.054941176471229980e+00,1.064441176470598194e+01,9.836107407570000305e+02,4.991315236031999802e+02,-1.872534978000139905e-01
2.375000000000000000e+01,-1.272876470588280995e+01,-2.076705882353586219e+00,1.065205882352951328e+01,9.840947544089999610e+02,4.991450916311999890e+02,-1.991937718000139912e-01
2.376000000000000156e+01,-1.275817647058869753e+01,-2.098470588235944234e+00,1.065970588235304461e+01,9.845688922809999895e+02,4.991211030872000265e+02,-1.920036168000089916e-01
2.376999999999999957e+01,-1.278758823529457445e+01,-2.120235294118293368e+00,1.066735294117657240e+01,9.850686162590000094e+02,4.990875609981999901e+02,-1.837740577999709968e-01
2.378000000000000114e+01,-1.281700000000046558e+01,-2.142000000000651383e+00,1.067500000000010374e+01,9.855738489049999771e+02,4.990803437182000266e+02,-1.846362078000040041e-01
2.378999999999999915e+01,-1.284641176470634250e+01,-2.163764705883000516e+00,1.068264705882363153e+01,9.860651061329999720e+02,4.991073853301999748e+02,-1.856223347999799989e-01
2.380000000000000071e+01,-1.287582352941223007e+01,-2.185529411765358532e+00,1.069029411764716286e+01,9.865542259149999609e+02,4.991543231911999783e+02,-1.906791587999759896e-01
2.380999999999999872e+01,-1.290523529411810699e+01,-2.207294117647709442e+00,1.069794117647068887e+01,9.870552965550000408e+02,4.991849193131999982e+02,-1.946756627999949862e-01
2.382000000000000028e+01,-1.293464705882399457e+01,-2.229058823530065681e+00,1.070558823529422199e+01,9.875676304830000163e+02,4.991761254581999765e+02,-1.895306317999999879e-01
2.382999999999999829e+01,-1.296405882352987149e+01,-2.250823529412416590e+00,1.071323529411774800e+01,9.880846432150000282e+02,4.991555580151999720e+02,-1.903430607999750113e-01
2.383999999999999986e+01,-1.299347058823575907e+01,-2.272588235294772829e+00,1.072088235294127934e+01,9.885979469970000082e+02,4.991297777922000023e+02,-1.891379108000000031e-01
2.385000000000000142e+01,-1.302288235294164664e+01,-2.294352941177130845e+00,1.072852941176481067e+01,9.890953616470000043e+02,4.991191411681999739e+02,-1.809896777999600026e-01
2.385999999999999943e+01,-1.305229411764752356e+01,-2.316117647059479978e+00,1.073617647058833846e+01,9.896048173770000176e+02,4.991432188182000118e+02,-1.809612927999600107e-01
2.387000000000000099e+01,-1.308170588235341114e+01,-2.337882352941837993e+00,1.074382352941186980e+01,9.901037198310000349e+02,4.991767031022000083e+02,-1.829684557999700090e-01
2.387999999999999901e+01,-1.311111764705928806e+01,-2.359647058824187127e+00,1.075147058823539759e+01,9.905995977549999907e+02,4.991929871341999956e+02,-1.849156077999810077e-01
2.389000000000000057e+01,-1.314052941176517564e+01,-2.381411764706545142e+00,1.075911764705892892e+01,9.910965846770000098e+02,4.991722992471999873e+02,-1.797320277999850113e-01
2.389999999999999858e+01,-1.316994117647105611e+01,-2.403176470588896052e+00,1.076676470588245671e+01,9.915906022909999820e+02,4.991334409642000196e+02,-1.664849498000079975e-01
2.391000000000000014e+01,-1.319935294117694369e+01,-2.424941176471252291e+00,1.077441176470598805e+01,9.920763797729999851e+02,4.991161089761999961e+02,-1.643157227999990089e-01
2.392000000000000171e+01,-1.322876470588283127e+01,-2.446705882353610306e+00,1.078205882352951761e+01,9.925620751090000340e+02,4.991177641712000081e+02,-1.732135738000120107e-01
2.392999999999999972e+01,-1.325817647058870818e+01,-2.468470588235959440e+00,1.078970588235304717e+01,9.930501074049999488e+02,4.991135713802000282e+02,-1.740902207999900086e-01
2.394000000000000128e+01,-1.328758823529459576e+01,-2.490235294118317455e+00,1.079735294117657673e+01,9.935516295469999477e+02,4.991011660162000112e+02,-1.659348338000080081e-01
2.394999999999999929e+01,-1.331700000000047268e+01,-2.512000000000666589e+00,1.080500000000010452e+01,9.940687277969999514e+02,4.990966435721999801e+02,-1.628038257999639971e-01
2.396000000000000085e+01,-1.334641176470636026e+01,-2.533764705883024604e+00,1.081264705882363586e+01,9.945664880289999701e+02,4.991150453942000240e+02,-1.627580177999649880e-01
2.396999999999999886e+01,-1.337582352941223718e+01,-2.555529411765375514e+00,1.082029411764716365e+01,9.950654485909999494e+02,4.991475136701999986e+02,-1.697616157999700115e-01
2.398000000000000043e+01,-1.340523529411812476e+01,-2.577294117647731753e+00,1.082794117647069498e+01,9.955758171769999763e+02,4.991556033201999867e+02,-1.736766467999890096e-01
2.398999999999999844e+01,-1.343464705882400168e+01,-2.599058823530082663e+00,1.083558823529422277e+01,9.960930563470000152e+02,4.991310671012000171e+02,-1.674749777999610112e-01
2.400000000000000000e+01,-1.346405882352988925e+01,-2.620823529412438901e+00,1.084323529411775411e+01,9.966077866750000567e+02,4.991153880841999921e+02,-1.653051418000079931e-01
2.401000000000000156e+01,-1.349347058823577683e+01,-2.642588235294796917e+00,1.085088235294128367e+01,9.971059458930000119e+02,4.991268013302000099e+02,-1.652345888000069929e-01
2.401999999999999957e+01,-1.352288235294165730e+01,-2.664352941177146050e+00,1.085852941176481323e+01,9.975774360430000343e+02,4.991667371131999857e+02,-1.662706047999850112e-01
2.403000000000000114e+01,-1.355229411764754488e+01,-2.686117647059504066e+00,1.086617647058834280e+01,9.980634168550000140e+02,4.991984785142000192e+02,-1.692744997999700018e-01
2.403999999999999915e+01,-1.358170588235342180e+01,-2.707882352941853199e+00,1.087382352941187236e+01,9.985634857490000513e+02,4.991939854551999929e+02,-1.661473837999850045e-01
2.405000000000000071e+01,-1.361111764705930938e+01,-2.729647058824211214e+00,1.088147058823540192e+01,9.990639235549999739e+02,4.991654851491999807e+02,-1.599354668000119994e-01
2.405999999999999872e+01,-1.364052941176518630e+01,-2.751411764706562124e+00,1.088911764705892971e+01,9.995654189529999485e+02,4.991360081941999738e+02,-1.637199337999749871e-01
2.407000000000000028e+01,-1.366994117647107387e+01,-2.773176470588918363e+00,1.089676470588246104e+01,1.000054647097000043e+03,4.991108673151999824e+02,-1.595223758000129943e-01
2.407999999999999829e+01,-1.369935294117695079e+01,-2.794941176471269273e+00,1.090441176470598883e+01,1.000549924744999998e+03,4.991201198841999940e+02,-1.574448278000019907e-01
2.408999999999999986e+01,-1.372876470588283837e+01,-2.816705882353625512e+00,1.091205882352952017e+01,1.001053934618999961e+03,4.991518677312000136e+02,-1.664447737999600052e-01
2.410000000000000142e+01,-1.375817647058872595e+01,-2.838470588235983527e+00,1.091970588235304973e+01,1.001551183645000037e+03,4.991792266411999890e+02,-1.744307327999979895e-01
2.410999999999999943e+01,-1.378758823529460287e+01,-2.860235294118332661e+00,1.092735294117657929e+01,1.002057129896999982e+03,4.991770546721999722e+02,-1.763105308000079974e-01
2.412000000000000099e+01,-1.381700000000049045e+01,-2.882000000000690676e+00,1.093500000000010886e+01,1.002571828597000035e+03,4.991443816802000129e+02,-1.640806808000080108e-01
2.412999999999999901e+01,-1.384641176470636736e+01,-2.903764705883039809e+00,1.094264705882363842e+01,1.003078855813000018e+03,4.991232724711999822e+02,-1.568933678000040133e-01
2.414000000000000057e+01,-1.387582352941225849e+01,-2.925529411765397825e+00,1.095029411764716798e+01,1.003582892611000034e+03,4.991370032791999733e+02,-1.628297227999740138e-01
2.414999999999999858e+01,-1.390523529411813541e+01,-2.947294117647748735e+00,1.095794117647069577e+01,1.004084932216999960e+03,4.991506271452000192e+02,-1.667661317999939996e-01
2.416000000000000014e+01,-1.393464705882402299e+01,-2.969058823530104974e+00,1.096558823529422710e+01,1.004585170106999954e+03,4.991431707341999982e+02,-1.546284647999930095e-01
2.417000000000000171e+01,-1.396405882352991057e+01,-2.990823529412462989e+00,1.097323529411775667e+01,1.005088859103000004e+03,4.991278983761999939e+02,-1.424624547999930047e-01
2.417999999999999972e+01,-1.399347058823578749e+01,-3.012588235294812122e+00,1.098088235294128623e+01,1.005586363044999985e+03,4.991332467752000071e+02,-1.473706827999879954e-01
2.419000000000000128e+01,-1.402288235294167507e+01,-3.034352941177170138e+00,1.098852941176481579e+01,1.006056997739000053e+03,4.991530800322000232e+02,-1.543360047999929874e-01
2.419999999999999929e+01,-1.405229411764755199e+01,-3.056117647059519271e+00,1.099617647058834535e+01,1.006541636370999981e+03,4.991556977641999993e+02,-1.572374477999790021e-01
2.421000000000000085e+01,-1.408170588235343956e+01,-3.077882352941877286e+00,1.100382352941187492e+01,1.007039280566999992e+03,4.991410429722000117e+02,-1.560750328000030107e-01
2.421999999999999886e+01,-1.411111764705931648e+01,-3.099647058824228196e+00,1.101147058823540448e+01,1.007545512475000010e+03,4.991338685791999978e+02,-1.609371377999979924e-01
2.423000000000000043e+01,-1.414052941176520406e+01,-3.121411764706584435e+00,1.101911764705893404e+01,1.008051288398999986e+03,4.991346811302000219e+02,-1.658275227999929935e-01
2.423999999999999844e+01,-1.416994117647108098e+01,-3.143176470588935345e+00,1.102676470588246360e+01,1.008549845049000055e+03,4.991391304961999822e+02,-1.587322667999880033e-01
2.425000000000000000e+01,-1.419935294117696856e+01,-3.164941176471291584e+00,1.103441176470599316e+01,1.009042838072999984e+03,4.991533067711999934e+02,-1.436725138000020108e-01
2.426000000000000156e+01,-1.422876470588285613e+01,-3.186705882353649599e+00,1.104205882352952273e+01,1.009548501152999961e+03,4.991911835202000134e+02,-1.456936698000109998e-01
2.426999999999999957e+01,-1.425817647058873661e+01,-3.208470588235998733e+00,1.104970588235305229e+01,1.010051854640999977e+03,4.992168841601999816e+02,-1.546724267999700086e-01
2.428000000000000114e+01,-1.428758823529462418e+01,-3.230235294118356748e+00,1.105735294117658185e+01,1.010550781756999982e+03,4.991973015831999874e+02,-1.514923277999830065e-01
2.428999999999999915e+01,-1.431700000000050110e+01,-3.252000000000705882e+00,1.106500000000011141e+01,1.011065623153000047e+03,4.991445865922000280e+02,-1.441917687999789977e-01
2.430000000000000071e+01,-1.434641176470638868e+01,-3.273764705883063897e+00,1.107264705882364098e+01,1.011570112562999952e+03,4.991152982741999722e+02,-1.429762028000020058e-01
2.430999999999999872e+01,-1.437582352941226560e+01,-3.295529411765414807e+00,1.108029411764717054e+01,1.012052899849000028e+03,4.991328027751999912e+02,-1.549306378000019913e-01
2.432000000000000028e+01,-1.440523529411815318e+01,-3.317294117647771046e+00,1.108794117647070010e+01,1.012541992220999987e+03,4.991626796291999995e+02,-1.689273338000140123e-01
2.432999999999999829e+01,-1.443464705882403010e+01,-3.339058823530121956e+00,1.109558823529422966e+01,1.013041890565000017e+03,4.991611746181999933e+02,-1.678108107999800036e-01
2.433999999999999986e+01,-1.446405882352991767e+01,-3.360823529412478194e+00,1.110323529411775922e+01,1.013553195157000005e+03,4.991353192052000054e+02,-1.556057687999800043e-01
2.435000000000000142e+01,-1.449347058823580525e+01,-3.382588235294836210e+00,1.111088235294129056e+01,1.014064702815000032e+03,4.991234556072000146e+02,-1.554501237999789953e-01
2.435999999999999943e+01,-1.452288235294168217e+01,-3.404352941177185343e+00,1.111852941176481835e+01,1.014545403617000034e+03,4.991248681431999898e+02,-1.523481517999940027e-01
2.437000000000000099e+01,-1.455229411764756975e+01,-3.426117647059543359e+00,1.112617647058834791e+01,1.015029269646999978e+03,4.991234706842000151e+02,-1.452355357999889907e-01
2.437999999999999901e+01,-1.458170588235345022e+01,-3.447882352941892492e+00,1.113382352941187747e+01,1.015540491427000006e+03,4.991166130382000006e+02,-1.410975897999700024e-01
2.439000000000000057e+01,-1.461111764705933780e+01,-3.469647058824250507e+00,1.114147058823540704e+01,1.016051656875000049e+03,4.991107431762000033e+02,-1.399631607999919924e-01
2.439999999999999858e+01,-1.464052941176521472e+01,-3.491411764706601417e+00,1.114911764705893660e+01,1.016552926986999978e+03,4.991203024591999906e+02,-1.478854267999739902e-01
2.441000000000000014e+01,-1.466994117647110230e+01,-3.513176470588957656e+00,1.115676470588246616e+01,1.017055366244999959e+03,4.991269271652000157e+02,-1.547970727999800067e-01
2.442000000000000171e+01,-1.469935294117698987e+01,-3.534941176471315671e+00,1.116441176470599750e+01,1.017541058250999981e+03,4.991286352802000010e+02,-1.486950138000059929e-01
2.442999999999999972e+01,-1.472876470588286679e+01,-3.556705882353664805e+00,1.117205882352952528e+01,1.018041985708999960e+03,4.991441953551999973e+02,-1.536385078000019888e-01
2.444000000000000128e+01,-1.475817647058875437e+01,-3.578470588236022820e+00,1.117970588235305662e+01,1.018543514774999949e+03,4.991667657251999799e+02,-1.686066657999890084e-01
2.444999999999999929e+01,-1.478758823529463129e+01,-3.600235294118371954e+00,1.118735294117658441e+01,1.019037822083000037e+03,4.991579266161999726e+02,-1.684655177999900000e-01
2.446000000000000085e+01,-1.481700000000051887e+01,-3.622000000000729969e+00,1.119500000000011575e+01,1.019541651555000044e+03,4.991226475391999884e+02,-1.512288587999930101e-01
2.446999999999999886e+01,-1.484641176470639579e+01,-3.643764705883080879e+00,1.120264705882364353e+01,1.020043343136999965e+03,4.991072717672000181e+02,-1.360629088000069875e-01
2.448000000000000043e+01,-1.487582352941228336e+01,-3.665529411765437118e+00,1.121029411764717310e+01,1.020518226950999974e+03,4.991403970271999810e+02,-1.350741287999729923e-01
2.448999999999999844e+01,-1.490523529411816028e+01,-3.687294117647788028e+00,1.121794117647070266e+01,1.020993483715000025e+03,4.991845366381999725e+02,-1.411241708000030015e-01
2.450000000000000000e+01,-1.493464705882405141e+01,-3.709058823530144267e+00,1.122558823529423222e+01,1.021492268801000023e+03,4.991849854761999836e+02,-1.360147628000069886e-01
2.451000000000000156e+01,-1.496405882352993899e+01,-3.730823529412502282e+00,1.123323529411776356e+01,1.022001975186999971e+03,4.991520345452000242e+02,-1.217850297999970022e-01
2.451999999999999957e+01,-1.499347058823581591e+01,-3.752588235294851415e+00,1.124088235294129134e+01,1.022522155589000022e+03,4.991286182992000136e+02,-1.295867487999790013e-01
2.453000000000000114e+01,-1.502288235294170349e+01,-3.774352941177209431e+00,1.124852941176482268e+01,1.023017406714999993e+03,4.991207957491999991e+02,-1.404490488000030013e-01
2.453999999999999915e+01,-1.505229411764758041e+01,-3.796117647059558564e+00,1.125617647058835047e+01,1.023501387851000004e+03,4.991173839141999906e+02,-1.383293327999929878e-01
2.455000000000000071e+01,-1.508170588235346798e+01,-3.817882352941916579e+00,1.126382352941188181e+01,1.024005821414999900e+03,4.991241614261999757e+02,-1.342410027999740019e-01
2.455999999999999872e+01,-1.511111764705934490e+01,-3.839647058824267489e+00,1.127147058823540959e+01,1.024521211723000079e+03,4.991495582701999751e+02,-1.402159908000019939e-01
2.457000000000000028e+01,-1.514052941176523248e+01,-3.861411764706623728e+00,1.127911764705894093e+01,1.025027674772999944e+03,4.991734261152000158e+02,-1.511876027999700112e-01
2.457999999999999829e+01,-1.516994117647110940e+01,-3.883176470588974638e+00,1.128676470588246872e+01,1.025541292953000038e+03,4.991596833071999981e+02,-1.500248517999940023e-01
2.458999999999999986e+01,-1.519935294117699698e+01,-3.904941176471330877e+00,1.129441176470599828e+01,1.026041413918999979e+03,4.991191843941999764e+02,-1.327706017999980004e-01
2.460000000000000142e+01,-1.522876470588288456e+01,-3.926705882353688892e+00,1.130205882352953140e+01,1.026534291573000019e+03,4.991002934712000183e+02,-1.195942237999639973e-01
2.460999999999999943e+01,-1.525817647058876148e+01,-3.948470588236038026e+00,1.130970588235305740e+01,1.027021443528999953e+03,4.991290685431999918e+02,-1.305874447999869903e-01
2.462000000000000099e+01,-1.528758823529464905e+01,-3.970235294118396041e+00,1.131735294117658874e+01,1.027516753470999902e+03,4.991553045032000000e+02,-1.415698928000120038e-01
2.462999999999999901e+01,-1.531700000000052952e+01,-3.992000000000745175e+00,1.132500000000011653e+01,1.028013510624999981e+03,4.991386383121999870e+02,-1.284005007999780013e-01
2.464000000000000057e+01,-1.534641176470641710e+01,-4.013764705883103190e+00,1.133264705882364787e+01,1.028516543456999898e+03,4.991173152192000089e+02,-1.172132958000109970e-01
2.464999999999999858e+01,-1.537582352941229402e+01,-4.035529411765454100e+00,1.134029411764717565e+01,1.029007545726999979e+03,4.991312822401999938e+02,-1.291534228000109918e-01
2.466000000000000014e+01,-1.540523529411818160e+01,-4.057294117647810339e+00,1.134794117647070699e+01,1.029478066203000026e+03,4.991531157612000129e+02,-1.351258207999830041e-01
2.467000000000000171e+01,-1.543464705882406918e+01,-4.079058823530168354e+00,1.135558823529423833e+01,1.029981673052999895e+03,4.991568305861999875e+02,-1.340268888000079872e-01
2.467999999999999972e+01,-1.546405882352994610e+01,-4.100823529412517487e+00,1.136323529411776612e+01,1.030501053485000057e+03,4.991474232442000130e+02,-1.328781517999740036e-01
2.469000000000000128e+01,-1.549347058823583367e+01,-4.122588235294875503e+00,1.137088235294129746e+01,1.031021148411000013e+03,4.991430471012000112e+02,-1.367470387999930037e-01
2.469999999999999929e+01,-1.552288235294171059e+01,-4.144352941177224636e+00,1.137852941176482346e+01,1.031528636981000091e+03,4.991489513782000245e+02,-1.456550328000079941e-01
2.471000000000000085e+01,-1.555229411764759817e+01,-4.166117647059582652e+00,1.138617647058835658e+01,1.032023485124999979e+03,4.991481809082000041e+02,-1.385421858000029927e-01
2.471999999999999886e+01,-1.558170588235347509e+01,-4.187882352941933561e+00,1.139382352941188259e+01,1.032510002291000092e+03,4.991529764062000254e+02,-1.224507707999829970e-01
2.473000000000000043e+01,-1.561111764705936267e+01,-4.209647058824289800e+00,1.140147058823541393e+01,1.033014067830999920e+03,4.991837470532000225e+02,-1.254472177999690075e-01
2.473999999999999844e+01,-1.564052941176524314e+01,-4.231411764706640710e+00,1.140911764705894171e+01,1.033521529477000058e+03,4.992076683692000074e+02,-1.374188027999689865e-01
2.475000000000000000e+01,-1.566994117647113072e+01,-4.253176470588996949e+00,1.141676470588247305e+01,1.034023964031000105e+03,4.991792820612000128e+02,-1.312068437999980020e-01
2.476000000000000156e+01,-1.569935294117701829e+01,-4.274941176471354964e+00,1.142441176470600439e+01,1.034530331267000065e+03,4.991170969912000146e+02,-1.158747068000099967e-01
2.476999999999999957e+01,-1.572876470588289521e+01,-4.296705882353704098e+00,1.143205882352953218e+01,1.035021297870999888e+03,4.990790484391999939e+02,-1.076311967999730029e-01
2.478000000000000114e+01,-1.575817647058878279e+01,-4.318470588236062113e+00,1.143970588235306352e+01,1.035493044934999944e+03,4.990969419592000236e+02,-1.145894277999779942e-01
2.478999999999999915e+01,-1.578758823529465971e+01,-4.340235294118411247e+00,1.144735294117658952e+01,1.035979741129000104e+03,4.991337004471999990e+02,-1.266109227999779874e-01
2.480000000000000071e+01,-1.581700000000054729e+01,-4.362000000000769262e+00,1.145500000000012264e+01,1.036488169520999918e+03,4.991406847871999730e+02,-1.285224727999879912e-01
2.480999999999999872e+01,-1.584641176470642421e+01,-4.383764705883120172e+00,1.146264705882364865e+01,1.037001072319000059e+03,4.991219248922000133e+02,-1.183421217999959946e-01
2.482000000000000028e+01,-1.587582352941231179e+01,-4.405529411765476411e+00,1.147029411764718176e+01,1.037519114609000098e+03,4.991184154791999958e+02,-1.272145558000110088e-01
2.482999999999999829e+01,-1.590523529411818870e+01,-4.427294117647827321e+00,1.147794117647070777e+01,1.038006863025000030e+03,4.991191968882000083e+02,-1.331088477999829989e-01
2.483999999999999986e+01,-1.593464705882407628e+01,-4.449058823530183560e+00,1.148558823529423911e+01,1.038489130404999969e+03,4.991107109672000206e+02,-1.219715527999589988e-01
2.485000000000000142e+01,-1.596405882352996386e+01,-4.470823529412541575e+00,1.149323529411777045e+01,1.038997014187000104e+03,4.991096866441999964e+02,-1.138549037999779939e-01
2.485999999999999943e+01,-1.599347058823584078e+01,-4.492588235294890708e+00,1.150088235294129824e+01,1.039520961245000080e+03,4.991255593281999836e+02,-1.187943797999729961e-01
2.487000000000000099e+01,-1.602288235294173191e+01,-4.514352941177248724e+00,1.150852941176482958e+01,1.040026108637000107e+03,4.991373786231999929e+02,-1.167236917999640022e-01
2.487999999999999901e+01,-1.605229411764760883e+01,-4.536117647059597857e+00,1.151617647058835736e+01,1.040519074028999967e+03,4.991344974191999881e+02,-1.096038167999589946e-01
2.489000000000000057e+01,-1.608170588235349641e+01,-4.557882352941955872e+00,1.152382352941188870e+01,1.041002283451000039e+03,4.991270562811999980e+02,-1.014700177999769970e-01
2.489999999999999858e+01,-1.611111764705937333e+01,-4.579647058824306782e+00,1.153147058823541471e+01,1.041481643446999897e+03,4.991344090822000226e+02,-9.638928879998150123e-02
2.491000000000000014e+01,-1.614052941176526090e+01,-4.601411764706663021e+00,1.153911764705894782e+01,1.041982944521000036e+03,4.991609729241999958e+02,-1.113715867999680031e-01
2.492000000000000171e+01,-1.616994117647114848e+01,-4.623176470589021037e+00,1.154676470588247739e+01,1.042488980731000083e+03,4.991747753942000259e+02,-1.293078277999969994e-01
2.492999999999999972e+01,-1.619935294117702540e+01,-4.644941176471370170e+00,1.155441176470600517e+01,1.042999346167000112e+03,4.991478293342000256e+02,-1.270992117999880100e-01
2.494000000000000128e+01,-1.622876470588291298e+01,-4.666705882353728185e+00,1.156205882352953651e+01,1.043502350922999995e+03,4.991094558181999901e+02,-1.218518967999920044e-01
2.494999999999999929e+01,-1.625817647058878990e+01,-4.688470588236077319e+00,1.156970588235306430e+01,1.043991609362999952e+03,4.991013300821999792e+02,-1.217143887999919960e-01
2.496000000000000085e+01,-1.628758823529467747e+01,-4.710235294118435334e+00,1.157735294117659564e+01,1.044472824964999973e+03,4.991288141841999959e+02,-1.187042848000059991e-01
2.496999999999999886e+01,-1.631700000000055439e+01,-4.732000000000786244e+00,1.158500000000012342e+01,1.044972610908999968e+03,4.991643663152000272e+02,-1.167185207999970054e-01
2.498000000000000043e+01,-1.634641176470644197e+01,-4.753764705883142483e+00,1.159264705882365476e+01,1.045491678539000077e+03,4.991779819642000007e+02,-1.146510737999869994e-01
2.498999999999999844e+01,-1.637582352941232244e+01,-4.775529411765493393e+00,1.160029411764718255e+01,1.046002469926999993e+03,4.991611153911999850e+02,-1.014778528000109953e-01
2.500000000000000000e+01,-1.640523529411821002e+01,-4.797294117647849632e+00,1.160794117647071388e+01,1.046504904702999966e+03,4.991327255552000111e+02,-9.626588779995780276e-02
2.501000000000000156e+01,-1.643464705882409760e+01,-4.819058823530207647e+00,1.161558823529424345e+01,1.046992965033000019e+03,4.991104980851999926e+02,-9.907891380000140302e-02
2.501999999999999957e+01,-1.646405882352997452e+01,-4.840823529412556780e+00,1.162323529411777301e+01,1.047478627853000035e+03,4.990951734171999874e+02,-9.391677480000580613e-02
2.503000000000000114e+01,-1.649347058823586210e+01,-4.862588235294914796e+00,1.163088235294130257e+01,1.047978840595000065e+03,4.991057058211999902e+02,-9.284265079997240655e-02
2.503999999999999915e+01,-1.652288235294173901e+01,-4.884352941177263929e+00,1.163852941176483036e+01,1.048486559862999911e+03,4.991426593922000166e+02,-1.058601638000049999e-01
2.505000000000000071e+01,-1.655229411764762659e+01,-4.906117647059621945e+00,1.164617647058836170e+01,1.048987860714999897e+03,4.991692267622000259e+02,-1.198424677999589960e-01
2.505999999999999872e+01,-1.658170588235350351e+01,-4.927882352941972854e+00,1.165382352941188948e+01,1.049489897170999939e+03,4.991478149182000266e+02,-1.176552298000070051e-01
2.507000000000000028e+01,-1.661111764705939109e+01,-4.949647058824329093e+00,1.166147058823542082e+01,1.049983087182999952e+03,4.991059080602000222e+02,-1.033975737999960065e-01
2.507999999999999829e+01,-1.664052941176526801e+01,-4.971411764706680003e+00,1.166911764705894861e+01,1.050465810547000046e+03,4.990894351951999965e+02,-9.223199879997269479e-02
2.508999999999999986e+01,-1.666994117647115559e+01,-4.993176470589036242e+00,1.167676470588247994e+01,1.050959121521000043e+03,4.991155924372000072e+02,-9.321454880000600018e-02
2.510000000000000142e+01,-1.669935294117704316e+01,-5.014941176471394257e+00,1.168441176470600951e+01,1.051475054218999958e+03,4.991490332242000250e+02,-9.921779579997759557e-02
2.510999999999999943e+01,-1.672876470588292364e+01,-5.036705882353743391e+00,1.169205882352953907e+01,1.051993578127000092e+03,4.991546260982000263e+02,-9.112212579999630357e-02
2.512000000000000099e+01,-1.675817647058881121e+01,-5.058470588236101406e+00,1.169970588235306863e+01,1.052487112833000083e+03,4.991417717982000113e+02,-8.096691880000510266e-02
2.512999999999999901e+01,-1.678758823529468813e+01,-5.080235294118450540e+00,1.170735294117659819e+01,1.052970811199000082e+03,4.991433165231999851e+02,-8.886481779998710306e-02
2.514000000000000057e+01,-1.681700000000057571e+01,-5.102000000000808555e+00,1.171500000000012776e+01,1.053445010995000075e+03,4.991533370971999943e+02,-9.579472679999119500e-02
2.514999999999999858e+01,-1.684641176470645263e+01,-5.123764705883159465e+00,1.172264705882365554e+01,1.053947391922999941e+03,4.991609813392000206e+02,-9.670994379996830648e-02
2.516000000000000014e+01,-1.687582352941234021e+01,-5.145529411765515704e+00,1.173029411764718688e+01,1.054473678160999953e+03,4.991709707571999957e+02,-1.036281557999730041e-01
2.517000000000000171e+01,-1.690523529411822778e+01,-5.167294117647873719e+00,1.173794117647071644e+01,1.054980282352999893e+03,4.991748212992000049e+02,-1.125291007999879994e-01
2.517999999999999972e+01,-1.693464705882410470e+01,-5.189058823530222853e+00,1.174558823529424600e+01,1.055476214346999996e+03,4.991550677252000128e+02,-1.093490648000010057e-01
2.519000000000000128e+01,-1.696405882352999228e+01,-5.210823529412580868e+00,1.175323529411777557e+01,1.055970831349000036e+03,4.991232550171999947e+02,-9.612671079996749912e-02
2.519999999999999929e+01,-1.699347058823586920e+01,-5.232588235294930001e+00,1.176088235294130513e+01,1.056461426376999952e+03,4.991092560481999953e+02,-7.896807379997179688e-02
2.521000000000000085e+01,-1.702288235294175678e+01,-5.254352941177288017e+00,1.176852941176483469e+01,1.056954564803000039e+03,4.991384330902000102e+02,-7.296127080000069931e-02
2.521999999999999886e+01,-1.705229411764763370e+01,-5.276117647059638927e+00,1.177617647058836425e+01,1.057460543834999953e+03,4.991883225582000136e+02,-8.202478379995750690e-02
2.523000000000000043e+01,-1.708170588235352483e+01,-5.297882352941995165e+00,1.178382352941189382e+01,1.057973850989000084e+03,4.991975745171999961e+02,-8.794327479998620412e-02
2.523999999999999844e+01,-1.711111764705940175e+01,-5.319647058824346075e+00,1.179147058823542338e+01,1.058491515847000073e+03,4.991480362112000080e+02,-7.765327579999610486e-02
2.525000000000000000e+01,-1.714052941176528932e+01,-5.341411764706702314e+00,1.179911764705895294e+01,1.058994149872999969e+03,4.990986130641999807e+02,-7.536707879998519322e-02
2.526000000000000156e+01,-1.716994117647117690e+01,-5.363176470589060330e+00,1.180676470588248250e+01,1.059476592908999919e+03,4.990870579511999949e+02,-8.521905279997679661e-02
2.526999999999999957e+01,-1.719935294117705382e+01,-5.384941176471409463e+00,1.181441176470601206e+01,1.059964712498999916e+03,4.990988819351999837e+02,-9.015221479997230503e-02
2.528000000000000114e+01,-1.722876470588294140e+01,-5.406705882353767478e+00,1.182205882352954163e+01,1.060483210814999893e+03,4.991224706802000242e+02,-9.112009980000590481e-02
2.528999999999999915e+01,-1.725817647058881832e+01,-5.428470588236116612e+00,1.182970588235307119e+01,1.061001481582999986e+03,4.991500458411999830e+02,-9.410211279999189382e-02
2.530000000000000071e+01,-1.728758823529470590e+01,-5.450235294118474627e+00,1.183735294117660075e+01,1.061498641982999970e+03,4.991614091441999790e+02,-9.203159279998129882e-02
2.530999999999999872e+01,-1.731700000000058282e+01,-5.472000000000825537e+00,1.184500000000013031e+01,1.061982250169000054e+03,4.991469829581999988e+02,-8.287305479996699697e-02
2.532000000000000028e+01,-1.734641176470647039e+01,-5.493764705883181776e+00,1.185264705882365988e+01,1.062467710367000109e+03,4.991176594191999811e+02,-6.766150679998149398e-02
2.532999999999999829e+01,-1.737582352941234731e+01,-5.515529411765532686e+00,1.186029411764718944e+01,1.062966464490999897e+03,4.991011036982000064e+02,-5.549206679998099773e-02
2.533999999999999986e+01,-1.740523529411823489e+01,-5.537294117647888925e+00,1.186794117647071900e+01,1.063468048112999895e+03,4.991227145081999765e+02,-5.945675579999940008e-02
2.535000000000000142e+01,-1.743464705882412247e+01,-5.559058823530246940e+00,1.187558823529425034e+01,1.063972659372999942e+03,4.991614761782000187e+02,-7.748137179997270640e-02
2.535999999999999943e+01,-1.746405882353000294e+01,-5.580823529412596073e+00,1.188323529411777812e+01,1.064476153780999994e+03,4.991671630431999915e+02,-8.338946780000089376e-02
2.537000000000000099e+01,-1.749347058823589052e+01,-5.602588235294954089e+00,1.189088235294130769e+01,1.064972769084999982e+03,4.991354396372000224e+02,-7.716702979997229483e-02
2.537999999999999901e+01,-1.752288235294176744e+01,-5.624352941177303222e+00,1.189852941176483725e+01,1.065461087036999970e+03,4.991262444221999885e+02,-8.102598379999050027e-02
2.539000000000000057e+01,-1.755229411764765501e+01,-5.646117647059661238e+00,1.190617647058836681e+01,1.065950862496999889e+03,4.991441549721999991e+02,-9.098028379998250592e-02
2.539999999999999858e+01,-1.758170588235353193e+01,-5.667882352942012147e+00,1.191382352941189637e+01,1.066460318227000016e+03,4.991682326221999801e+02,-9.095189879998200055e-02
2.541000000000000014e+01,-1.761111764705941951e+01,-5.689647058824368386e+00,1.192147058823542594e+01,1.066990481744999897e+03,4.991804820521999773e+02,-8.787715679999590079e-02
2.542000000000000171e+01,-1.764052941176530709e+01,-5.711411764706726402e+00,1.192911764705895727e+01,1.067497425260999989e+03,4.991783847222000077e+02,-8.475696380001029873e-02
2.542999999999999972e+01,-1.766994117647118401e+01,-5.733176470589075535e+00,1.193676470588248506e+01,1.067989419646999977e+03,4.991574224241999786e+02,-7.657350679997219911e-02
2.544000000000000128e+01,-1.769935294117707159e+01,-5.754941176471433550e+00,1.194441176470601640e+01,1.068478590348999887e+03,4.991332869692000145e+02,-7.037949579999970562e-02
2.544999999999999929e+01,-1.772876470588294850e+01,-5.776705882353782684e+00,1.195205882352954418e+01,1.068982165792999922e+03,4.991200042912000185e+02,-6.022054380000919915e-02
2.546000000000000085e+01,-1.775817647058883608e+01,-5.798470588236140699e+00,1.195970588235307552e+01,1.069481808110999964e+03,4.991405274311999847e+02,-5.718178179996710048e-02
2.546999999999999886e+01,-1.778758823529471655e+01,-5.820235294118491609e+00,1.196735294117660331e+01,1.069984735910999916e+03,4.991912301582000282e+02,-7.024886880000050238e-02
2.548000000000000043e+01,-1.781700000000060413e+01,-5.842000000000847848e+00,1.197500000000013287e+01,1.070485096274999933e+03,4.992167280492000145e+02,-8.822763479997239311e-02
2.548999999999999844e+01,-1.784641176470648105e+01,-5.863764705883198758e+00,1.198264705882366243e+01,1.070987557975000072e+03,4.991703211742000121e+02,-7.995207879999169376e-02
2.550000000000000000e+01,-1.787582352941236863e+01,-5.885529411765554997e+00,1.199029411764719200e+01,1.071483886026999926e+03,4.991085397862000264e+02,-7.162364480000979472e-02
2.551000000000000156e+01,-1.790523529411825621e+01,-5.907294117647913012e+00,1.199794117647072333e+01,1.071977053332999958e+03,4.990845829351999896e+02,-7.942946579999060619e-02
2.551999999999999957e+01,-1.793464705882413313e+01,-5.929058823530262146e+00,1.200558823529425112e+01,1.072467168783000034e+03,4.990965350292000267e+02,-8.036260979996659448e-02
2.553000000000000114e+01,-1.796405882353002070e+01,-5.950823529412620161e+00,1.201323529411778246e+01,1.072983554135000077e+03,4.991220417921999797e+02,-7.133766680000939997e-02
2.553999999999999915e+01,-1.799347058823589762e+01,-5.972588235294969294e+00,1.202088235294131024e+01,1.073502195632999928e+03,4.991606665841999870e+02,-7.135856180000940685e-02
2.555000000000000071e+01,-1.802288235294178520e+01,-5.994352941177327310e+00,1.202852941176484158e+01,1.074004720408999901e+03,4.991833362891999855e+02,-7.432677079999550074e-02
2.555999999999999872e+01,-1.805229411764766212e+01,-6.016117647059678220e+00,1.203617647058836937e+01,1.074499084493000055e+03,4.991735023402000024e+02,-7.318209379996250263e-02
2.557000000000000028e+01,-1.808170588235354970e+01,-6.037882352942036235e+00,1.204382352941189893e+01,1.074997753098999965e+03,4.991409016201999975e+02,-6.495609079998039548e-02
2.557999999999999829e+01,-1.811111764705942662e+01,-6.059647058824383592e+00,1.205147058823542849e+01,1.075505437811000093e+03,4.991258219782000083e+02,-6.278993679997159350e-02
2.558999999999999986e+01,-1.814052941176531419e+01,-6.081411764706741607e+00,1.205911764705895806e+01,1.076012898569000072e+03,4.991497574062000240e+02,-7.076154580000949823e-02
2.560000000000000142e+01,-1.816994117647120532e+01,-6.103176470589099623e+00,1.206676470588249117e+01,1.076513887506999936e+03,4.991993336552000073e+02,-8.782511580000580687e-02
2.560999999999999943e+01,-1.819935294117708224e+01,-6.124941176471450532e+00,1.207441176470601718e+01,1.077013218535000078e+03,4.992077699882000275e+02,-9.874387079997329342e-02
2.562000000000000099e+01,-1.822876470588296982e+01,-6.146705882353808548e+00,1.208205882352954852e+01,1.077501529785000002e+03,4.991635955112000147e+02,-8.047927380000040321e-02
2.562999999999999901e+01,-1.825817647058884674e+01,-6.168470588236155905e+00,1.208970588235307630e+01,1.077984167186999912e+03,4.991310847031999742e+02,-7.125714779998619519e-02
2.564000000000000057e+01,-1.828758823529473432e+01,-6.190235294118513920e+00,1.209735294117660764e+01,1.078469178991000035e+03,4.991447132581999995e+02,-8.219740680000979516e-02
2.564999999999999858e+01,-1.831700000000061124e+01,-6.212000000000864830e+00,1.210500000000013543e+01,1.078964057208999975e+03,4.991609614591999957e+02,-7.814461579999190666e-02
2.566000000000000014e+01,-1.834641176470649881e+01,-6.233764705883222845e+00,1.211264705882366677e+01,1.079473253541000076e+03,4.991720350781999969e+02,-6.907035079997729532e-02
2.567000000000000171e+01,-1.837582352941238639e+01,-6.255529411765580861e+00,1.212029411764719811e+01,1.079984620057000029e+03,4.991801887831999807e+02,-7.098537279998609617e-02
2.567999999999999972e+01,-1.840523529411826331e+01,-6.277294117647928218e+00,1.212794117647072412e+01,1.080485746543000005e+03,4.991747190752000165e+02,-7.785464079999070142e-02
2.569000000000000128e+01,-1.843464705882415089e+01,-6.299058823530286233e+00,1.213558823529425723e+01,1.080990236618999916e+03,4.991454201732000229e+02,-7.963905680000009368e-02
2.569999999999999929e+01,-1.846405882353002781e+01,-6.320823529412637143e+00,1.214323529411778324e+01,1.081503995497000005e+03,4.991116671181999891e+02,-7.440565080000439979e-02
2.571000000000000085e+01,-1.849347058823591539e+01,-6.342588235294995158e+00,1.215088235294131458e+01,1.082015387827000040e+03,4.991018214242000113e+02,-6.825711179997659417e-02
2.571999999999999886e+01,-1.852288235294179586e+01,-6.364352941177342515e+00,1.215852941176484237e+01,1.082524874518999923e+03,4.991429036331999782e+02,-7.528875879998220277e-02
2.573000000000000043e+01,-1.855229411764768344e+01,-6.386117647059700531e+00,1.216617647058837370e+01,1.083032622972999889e+03,4.991968899871999952e+02,-8.736635179998139544e-02
2.573999999999999844e+01,-1.858170588235356036e+01,-6.407882352942051440e+00,1.217382352941190149e+01,1.083536058829000012e+03,4.992035999162000053e+02,-8.627802480000550112e-02
2.575000000000000000e+01,-1.861111764705944793e+01,-6.429647058824409456e+00,1.218147058823543283e+01,1.084031643687000042e+03,4.991548325922000231e+02,-6.799560579997709908e-02
2.576000000000000156e+01,-1.864052941176533551e+01,-6.451411764706767471e+00,1.218911764705896417e+01,1.084520727094999984e+03,4.991146803621999766e+02,-5.774507979998520085e-02
2.576999999999999957e+01,-1.866994117647121243e+01,-6.473176470589114828e+00,1.219676470588249195e+01,1.085010044087000097e+03,4.991055315621999853e+02,-6.460399479999100192e-02
2.578000000000000114e+01,-1.869935294117710001e+01,-6.494941176471472843e+00,1.220441176470602329e+01,1.085500672296999937e+03,4.991085018722000086e+02,-6.450532979999069882e-02
2.578999999999999915e+01,-1.872876470588297693e+01,-6.516705882353823753e+00,1.221205882352954930e+01,1.085991841787000112e+03,4.991195337652000035e+02,-5.943495379999590156e-02
2.580000000000000071e+01,-1.875817647058886450e+01,-6.538470588236181769e+00,1.221970588235308242e+01,1.086488491202999967e+03,4.991398506282000085e+02,-6.639619479999979423e-02
2.580999999999999872e+01,-1.878758823529474142e+01,-6.560235294118529126e+00,1.222735294117660843e+01,1.086976725011000099e+03,4.991496743481999943e+02,-7.232228079997170267e-02
2.582000000000000028e+01,-1.881700000000062900e+01,-6.582000000000887141e+00,1.223500000000013976e+01,1.087483954405000077e+03,4.991425710661999915e+02,-7.318438880000459335e-02
2.582999999999999829e+01,-1.884641176470650947e+01,-6.603764705883238051e+00,1.224264705882366755e+01,1.088002564011000004e+03,4.991291203092000046e+02,-7.002154479996300362e-02
2.583999999999999986e+01,-1.887582352941239705e+01,-6.625529411765596066e+00,1.225029411764719889e+01,1.088522542942999962e+03,4.991267726542000105e+02,-6.489755579996689394e-02
2.585000000000000142e+01,-1.890523529411828463e+01,-6.647294117647954081e+00,1.225794117647073023e+01,1.089029831374999958e+03,4.991537243541999942e+02,-6.687980579997669650e-02
2.585999999999999943e+01,-1.893464705882416155e+01,-6.669058823530301439e+00,1.226558823529425801e+01,1.089538603573000046e+03,4.991897753641999884e+02,-6.889382879998649789e-02
2.587000000000000099e+01,-1.896405882353004912e+01,-6.690823529412659454e+00,1.227323529411778935e+01,1.090046918191000032e+03,4.991987529122000069e+02,-7.181244279997270330e-02
2.587999999999999901e+01,-1.899347058823592604e+01,-6.712588235295010364e+00,1.228088235294131714e+01,1.090548069825000084e+03,4.991752943892000189e+02,-6.761816780000959315e-02
2.589000000000000057e+01,-1.902288235294181362e+01,-6.734352941177368379e+00,1.228852941176484848e+01,1.091032363540999995e+03,4.991488630911999849e+02,-6.541716779999970366e-02
2.589999999999999858e+01,-1.905229411764769054e+01,-6.756117647059715736e+00,1.229617647058837449e+01,1.091518913402999942e+03,4.991355498222000051e+02,-7.226200580000589901e-02
2.591000000000000014e+01,-1.908170588235357812e+01,-6.777882352942073751e+00,1.230382352941190760e+01,1.092005833772999949e+03,4.991332897121999963e+02,-7.514573179999109453e-02
2.592000000000000171e+01,-1.911111764705946570e+01,-6.799647058824431767e+00,1.231147058823543716e+01,1.092497004151000056e+03,4.991443074932000172e+02,-7.407533179995849648e-02
2.592999999999999972e+01,-1.914052941176534262e+01,-6.821411764706782677e+00,1.231911764705896495e+01,1.092990771996999911e+03,4.991624636792000160e+02,-7.902957780001010346e-02
2.594000000000000128e+01,-1.916994117647123019e+01,-6.843176470589140692e+00,1.232676470588249629e+01,1.093484396660999892e+03,4.991655838181999911e+02,-8.493081379998160263e-02
2.594999999999999929e+01,-1.919935294117710711e+01,-6.864941176471488049e+00,1.233441176470602407e+01,1.093989769116999923e+03,4.991383704031999855e+02,-7.772233279997629862e-02
2.596000000000000085e+01,-1.922876470588299824e+01,-6.886705882353846064e+00,1.234205882352955541e+01,1.094503697435000049e+03,4.991016469401999984e+02,-6.547836379997669376e-02
2.596999999999999886e+01,-1.925817647058887516e+01,-6.908470588236196974e+00,1.234970588235308320e+01,1.095013749403000020e+03,4.990977344551999977e+02,-5.935105580000520076e-02
2.598000000000000043e+01,-1.928758823529476274e+01,-6.930235294118554989e+00,1.235735294117661454e+01,1.095507545547000063e+03,4.991329375362000178e+02,-5.936540580000530115e-02
2.598999999999999844e+01,-1.931700000000063966e+01,-6.952000000000902347e+00,1.236500000000014055e+01,1.096010042067000086e+03,4.991736454481999772e+02,-5.939724180000439946e-02
2.600000000000000000e+01,-1.934641176470652724e+01,-6.973764705883260362e+00,1.237264705882367366e+01,1.096528996811000070e+03,4.991892401932000212e+02,-6.233683479998999855e-02
2.601000000000000156e+01,-1.937582352941241481e+01,-6.995529411765618377e+00,1.238029411764720322e+01,1.097045182607000015e+03,4.991656135911999854e+02,-6.513866779997630474e-02
2.601999999999999957e+01,-1.940523529411829173e+01,-7.017294117647969287e+00,1.238794117647073278e+01,1.097539317547000110e+03,4.991247056522000207e+02,-6.688442979998579507e-02
2.603000000000000114e+01,-1.943464705882417931e+01,-7.039058823530327302e+00,1.239558823529426235e+01,1.098032113013000071e+03,4.990897168102000023e+02,-7.265139879995710648e-02
2.603999999999999915e+01,-1.946405882353005623e+01,-7.060823529412674660e+00,1.240323529411779013e+01,1.098527819012999998e+03,4.990739249562000168e+02,-7.848544879998639590e-02
2.605000000000000071e+01,-1.949347058823594381e+01,-7.082588235295032675e+00,1.241088235294132147e+01,1.099020101982999904e+03,4.990829994722000151e+02,-7.840795179998720499e-02
2.605999999999999872e+01,-1.952288235294182073e+01,-7.104352941177383585e+00,1.241852941176484926e+01,1.099501974859000029e+03,4.991165166691999957e+02,-7.941901279996299579e-02
2.607000000000000028e+01,-1.955229411764770830e+01,-7.126117647059741600e+00,1.242617647058838060e+01,1.099987727234999966e+03,4.991522585981999782e+02,-8.043705979999550559e-02
2.607999999999999829e+01,-1.958170588235358878e+01,-7.147882352942088957e+00,1.243382352941190838e+01,1.100485171958999899e+03,4.991586406452000233e+02,-7.534888280000019700e-02
2.608999999999999986e+01,-1.961111764705947635e+01,-7.169647058824446972e+00,1.244147058823543972e+01,1.100997246710999889e+03,4.991368392311999855e+02,-6.215796579996690080e-02
2.610000000000000142e+01,-1.964052941176536393e+01,-7.191411764706804988e+00,1.244911764705896928e+01,1.101509693968999954e+03,4.991260592241999916e+02,-5.400588279998559671e-02
2.610999999999999943e+01,-1.966994117647124085e+01,-7.213176470589155898e+00,1.245676470588249884e+01,1.102016611004999959e+03,4.991419718771999783e+02,-5.594926879999539970e-02
2.612000000000000099e+01,-1.969935294117712843e+01,-7.234941176471513913e+00,1.246441176470602841e+01,1.102521788471000036e+03,4.991708098432000043e+02,-5.693863679997179794e-02
2.612999999999999901e+01,-1.972876470588300535e+01,-7.256705882353861270e+00,1.247205882352955797e+01,1.103030304600999898e+03,4.991938039021999884e+02,-6.490668980000899313e-02
2.614000000000000057e+01,-1.975817647058889293e+01,-7.278470588236219285e+00,1.247970588235308753e+01,1.103536967344999994e+03,4.991966313802000172e+02,-8.080405779997250348e-02
2.614999999999999858e+01,-1.978758823529476985e+01,-7.300235294118570195e+00,1.248735294117661532e+01,1.104026766800999894e+03,4.991614856531999749e+02,-8.257111379998140210e-02
2.616000000000000014e+01,-1.981700000000065742e+01,-7.322000000000928210e+00,1.249500000000014666e+01,1.104514853166999956e+03,4.991212552562000155e+02,-7.832057279996319787e-02
2.617000000000000171e+01,-1.984641176470654500e+01,-7.343764705883286226e+00,1.250264705882367622e+01,1.105010558501000105e+03,4.991054739862000247e+02,-8.115464080000479863e-02
2.617999999999999972e+01,-1.987582352941242192e+01,-7.365529411765633583e+00,1.251029411764720578e+01,1.105501785210999969e+03,4.991155039832000284e+02,-7.708072379998730239e-02
2.619000000000000128e+01,-1.990523529411830950e+01,-7.387294117647991598e+00,1.251794117647073534e+01,1.105991985735000071e+03,4.991435081321999974e+02,-7.207044279999190450e-02
2.619999999999999929e+01,-1.993464705882418997e+01,-7.409058823530342508e+00,1.252558823529426490e+01,1.106490743230999897e+03,4.991619845931999748e+02,-6.702464379999549526e-02
2.621000000000000085e+01,-1.996405882353007755e+01,-7.430823529412700523e+00,1.253323529411779447e+01,1.106992265373000009e+03,4.991495792292000147e+02,-5.886925680001380001e-02
2.621999999999999886e+01,-1.999347058823595447e+01,-7.452588235295047880e+00,1.254088235294132403e+01,1.107497694382999953e+03,4.991213745022000126e+02,-4.965725279999969738e-02
2.623000000000000043e+01,-2.002288235294184204e+01,-7.474352941177405896e+00,1.254852941176485359e+01,1.107993741039000042e+03,4.990996136082000021e+02,-4.947012879999899970e-02
2.623999999999999844e+01,-2.005229411764771896e+01,-7.496117647059756806e+00,1.255617647058838138e+01,1.108500201160999950e+03,4.990884422152000184e+02,-5.531808779997129943e-02
2.625000000000000000e+01,-2.008170588235360654e+01,-7.517882352942114821e+00,1.256382352941191272e+01,1.109004863161000003e+03,4.990912191991999975e+02,-5.321560579996219981e-02
2.626000000000000156e+01,-2.011111764705949412e+01,-7.539647058824472836e+00,1.257147058823544228e+01,1.109513093857000058e+03,4.991192121541999995e+02,-5.920134579999029867e-02
2.626999999999999957e+01,-2.014052941176537104e+01,-7.561411764706820193e+00,1.257911764705897184e+01,1.110022868425000070e+03,4.991552566592000062e+02,-7.921523979997209530e-02
2.628000000000000114e+01,-2.016994117647125861e+01,-7.583176470589178209e+00,1.258676470588250140e+01,1.110522113046999948e+03,4.991476621052000269e+02,-9.007745579999590357e-02
2.628999999999999915e+01,-2.019935294117713553e+01,-7.604941176471529118e+00,1.259441176470603097e+01,1.111019866534999892e+03,4.990959995631999959e+02,-7.578436579998619471e-02
2.630000000000000071e+01,-2.022876470588302311e+01,-7.626705882353887134e+00,1.260205882352956053e+01,1.111517050931000085e+03,4.990543065891999959e+02,-6.552660179999600376e-02
2.630999999999999872e+01,-2.025817647058890003e+01,-7.648470588236234491e+00,1.260970588235309009e+01,1.112010674040999902e+03,4.990574514241999964e+02,-6.442787979996270065e-02
2.632000000000000028e+01,-2.028758823529479116e+01,-7.670235294118592506e+00,1.261735294117661965e+01,1.112496539302999963e+03,4.990912142572000221e+02,-6.043888679999989688e-02
2.632999999999999829e+01,-2.031700000000066808e+01,-7.692000000000943416e+00,1.262500000000014921e+01,1.112992158758999949e+03,4.991295652481999809e+02,-4.946386579997660154e-02
2.633999999999999986e+01,-2.034641176470655566e+01,-7.713764705883301431e+00,1.263264705882367878e+01,1.113491684638999914e+03,4.991521239322000270e+02,-3.543223979996559803e-02
2.635000000000000142e+01,-2.037582352941244324e+01,-7.735529411765659447e+00,1.264029411764720834e+01,1.113987359496999943e+03,4.991544161492000171e+02,-2.532999479997519870e-02
2.635999999999999943e+01,-2.040523529411832016e+01,-7.757294117648006804e+00,1.264794117647073790e+01,1.114482777399000042e+03,4.991436655272000280e+02,-1.718180379999309851e-02
2.637000000000000099e+01,-2.043464705882420773e+01,-7.779058823530364819e+00,1.265558823529426746e+01,1.114987863310999956e+03,4.991214686481999934e+02,-2.991039799983200367e-03
2.637999999999999901e+01,-2.046405882353008465e+01,-7.800823529412715729e+00,1.266323529411779703e+01,1.115491436756999974e+03,4.991082177221999814e+02,1.616785820002199919e-02
2.639000000000000057e+01,-2.049347058823597223e+01,-7.822588235295073744e+00,1.267088235294132659e+01,1.115991473842999994e+03,4.991218193181999823e+02,3.823125120001270166e-02
2.639999999999999858e+01,-2.052288235294184915e+01,-7.844352941177421101e+00,1.267852941176485615e+01,1.116482553638999889e+03,4.991519583461999900e+02,6.623434520003269876e-02
2.641000000000000014e+01,-2.055229411764773673e+01,-7.866117647059779117e+00,1.268617647058838571e+01,1.116975371672999927e+03,4.991691932292000047e+02,9.928338519999120593e-02
2.642000000000000171e+01,-2.058170588235362430e+01,-7.887882352942137132e+00,1.269382352941191705e+01,1.117467242961000011e+03,4.991503723152000020e+02,1.484595262000270033e-01
2.642999999999999972e+01,-2.061111764705950122e+01,-7.909647058824488042e+00,1.270147058823544484e+01,1.117952319774999978e+03,4.991102002412000047e+02,2.177096141999869949e-01
2.644000000000000128e+01,-2.064052941176538880e+01,-7.931411764706846057e+00,1.270911764705897617e+01,1.118438854097000103e+03,4.990971339321999949e+02,2.808643562000309735e-01
2.644999999999999929e+01,-2.066994117647126927e+01,-7.953176470589193414e+00,1.271676470588250396e+01,1.118925846665000108e+03,4.991111305012000230e+02,3.419237072000099742e-01
2.646000000000000085e+01,-2.069935294117715685e+01,-7.974941176471551429e+00,1.272441176470603352e+01,1.119407330829000102e+03,4.991338838351999811e+02,4.189510422000090051e-01
2.646999999999999886e+01,-2.072876470588303377e+01,-7.996705882353902339e+00,1.273205882352956309e+01,1.119890583082999910e+03,4.991607552231999989e+02,4.989642611999919874e-01
2.648000000000000043e+01,-2.075817647058892135e+01,-8.018470588236260355e+00,1.273970588235309265e+01,1.120371238979000054e+03,4.991804705661999719e+02,5.800021562000100550e-01
2.648999999999999844e+01,-2.078758823529479827e+01,-8.040235294118607712e+00,1.274735294117662221e+01,1.120859366400999988e+03,4.991745809192000252e+02,6.641320692000139969e-01
2.650000000000000000e+01,-2.081700000000068584e+01,-8.062000000000965727e+00,1.275500000000015177e+01,1.121350856303000000e+03,4.991448797182000021e+02,7.583468042000079956e-01
2.651000000000000156e+01,-2.084641176470657342e+01,-8.083764705883323742e+00,1.276264705882368311e+01,1.121835525472999961e+03,4.991118338122000182e+02,8.665719132000110347e-01
2.651999999999999957e+01,-2.087582352941245034e+01,-8.105529411765674652e+00,1.277029411764721090e+01,1.122308272304999946e+03,4.991121730122000031e+02,9.776766042000010204e-01
2.653000000000000114e+01,-2.090523529411833792e+01,-8.127294117648032667e+00,1.277794117647074223e+01,1.122779964250999910e+03,4.991485316271999864e+02,1.094654020200019895e+00
2.653999999999999915e+01,-2.093464705882421484e+01,-8.149058823530380025e+00,1.278558823529427002e+01,1.123256389821000084e+03,4.992072386681999774e+02,1.223553720200039940e+00
2.655000000000000071e+01,-2.096405882353010242e+01,-8.170823529412738040e+00,1.279323529411780136e+01,1.123723544146999984e+03,4.992704386702000079e+02,1.356435532200020111e+00
2.655999999999999872e+01,-2.099347058823598289e+01,-8.192588235295088950e+00,1.280088235294132915e+01,1.124188129483000012e+03,4.993084585322000066e+02,1.491405623200009911e+00
2.657000000000000028e+01,-2.102288235294187047e+01,-8.214352941177446965e+00,1.280852941176485871e+01,1.124662981064999940e+03,4.993070102501999941e+02,1.629517264199989990e+00
2.657999999999999829e+01,-2.105229411764774738e+01,-8.236117647059794322e+00,1.281617647058838827e+01,1.125143078323000054e+03,4.992838540921999879e+02,1.775706711200000010e+00
2.658999999999999986e+01,-2.108170588235363496e+01,-8.257882352942152338e+00,1.282382352941191783e+01,1.125620722849000003e+03,4.992685708802000022e+02,1.921867836200020108e+00
2.660000000000000142e+01,-2.111111764705952254e+01,-8.279647058824510353e+00,1.283147058823544917e+01,1.126083736015000113e+03,4.992814922971999749e+02,2.065926185200019916e+00
2.660999999999999943e+01,-2.114052941176539946e+01,-8.301411764706861263e+00,1.283911764705897696e+01,1.126550887190999902e+03,4.993096565892000172e+02,2.204931644200029961e+00
2.662000000000000099e+01,-2.116994117647128704e+01,-8.323176470589219278e+00,1.284676470588250830e+01,1.127026050062999957e+03,4.993202951142000074e+02,2.357000802200019951e+00
2.662999999999999901e+01,-2.119935294117716396e+01,-8.344941176471566635e+00,1.285441176470603608e+01,1.127497900973000014e+03,4.993187640351999903e+02,2.520112230200029835e+00
2.664000000000000057e+01,-2.122876470588305153e+01,-8.366705882353924650e+00,1.286205882352956742e+01,1.127965020298999889e+03,4.993299378802000206e+02,2.670177697200009970e+00
2.664999999999999858e+01,-2.125817647058892845e+01,-8.388470588236275560e+00,1.286970588235309521e+01,1.128434477694999941e+03,4.993352460991999919e+02,2.823264398200029834e+00
2.666000000000000014e+01,-2.128758823529481603e+01,-8.410235294118633576e+00,1.287735294117662654e+01,1.128913571694999973e+03,4.993121105582000041e+02,2.991453692200039871e+00
2.667000000000000171e+01,-2.131700000000070361e+01,-8.432000000000991591e+00,1.288500000000015788e+01,1.129396998737000104e+03,4.992832516131999796e+02,3.170664214200010100e+00
2.667999999999999972e+01,-2.134641176470658053e+01,-8.453764705883338948e+00,1.289264705882368389e+01,1.129881770844999892e+03,4.992834704731999977e+02,3.336772362200009834e+00
2.669000000000000128e+01,-2.137582352941247166e+01,-8.475529411765696963e+00,1.290029411764721701e+01,1.130355250257000080e+03,4.993060500551999894e+02,3.493799049199989959e+00
